cycle,phase,agent_type,episode,reward,steps,eval_reward,prey_population,predator_population,avg_prey_energy,avg_predator_energy,predation_events,eval_predation_events
1,A,PREY,1,66.94000000000001,6,6340.871999999987,30,10,98.838,87.56799999999998,3,350.3
1,A,PREY,2,132.10000000000034,40,6340.871999999987,55,11,95.43472727272729,73.72,7,350.3
1,A,PREY,3,2621.539999999993,96,6340.871999999987,336,12,93.41672619047615,68.51333333333335,31,350.3
1,A,PREY,4,11515.769999999924,423,6340.871999999987,309,104,90.38576051779931,60.817932692307764,856,350.3
1,A,PREY,5,5127.729999999967,227,6340.871999999987,334,23,97.58766467065864,62.08434782608705,211,350.3
1,A,PREY,6,6231.369999999969,313,6340.871999999987,329,68,93.04276595744676,59.9738602941177,622,350.3
1,A,PREY,7,3305.709999999978,179,6340.871999999987,331,48,96.75679758308155,59.86312500000008,341,350.3
1,A,PREY,8,5165.309999999968,219,6340.871999999987,335,19,93.0003283582088,64.92065789473695,135,350.3
1,A,PREY,9,-12.55,5,6340.871999999987,33,11,99.03363636363635,77.80545454545452,1,350.3
1,A,PREY,10,3032.289999999992,121,6340.871999999987,337,15,98.18142433234416,67.56750000000004,82,350.3
1,A,PREY,11,6026.019999999973,198,6340.871999999987,336,11,96.72047619047612,72.39340909090907,135,350.3
1,A,PREY,12,3552.539999999984,146,6340.871999999987,336,16,98.55666666666664,63.671250000000015,95,350.3
1,A,PREY,13,26.930000000000014,7,6340.871999999987,33,11,99.95181818181818,79.12022727272726,2,350.3
1,A,PREY,14,1044.9900000000002,51,6340.871999999987,51,14,91.75666666666665,74.14660714285712,36,350.3
1,A,PREY,15,4303.34999999998,165,6340.871999999987,337,45,93.49991097922842,60.53433333333339,249,350.3
1,A,PREY,16,5442.919999999973,208,6340.871999999987,336,24,98.45026785714283,59.783437500000026,150,350.3
1,A,PREY,17,26.920000000000016,8,6340.871999999987,34,11,99.92941176470586,78.46181818181817,2,350.3
1,A,PREY,18,5657.789999999969,221,6340.871999999987,305,149,88.88140983606554,62.60761744966452,1030,350.3
1,A,PREY,19,9180.959999999943,354,6340.871999999987,254,129,82.59417322834639,60.52759689922489,1026,350.3
1,A,PREY,20,6807.169999999963,283,6340.871999999987,325,108,91.7071692307692,58.92043981481488,744,350.3
1,A,PREY,21,9502.849999999946,315,6340.871999999987,337,12,91.09275964391662,37.49770833333368,83,350.3
1,A,PREY,22,14529.999999999905,500,6340.871999999987,338,38,94.53920118343174,14.510263157894935,657,350.3
1,A,PREY,23,8460.619999999955,288,6340.871999999987,256,146,89.81183593749998,64.0350856164384,1781,350.3
1,A,PREY,24,261.2300000000002,27,6340.871999999987,37,12,97.44054054054054,74.93479166666665,8,350.3
1,A,PREY,25,4506.489999999983,151,6340.871999999987,333,47,87.41612612612599,57.654468085106465,217,350.3
1,A,PREY,26,3745.1999999999866,130,6340.871999999987,333,21,96.05483483483482,77.58535714285715,120,350.3
1,A,PREY,27,1594.2600000000014,224,6340.871999999987,334,57,96.51257485029939,57.768552631579,469,350.3
1,A,PREY,28,65.91,9,6340.871999999987,33,11,97.31212121212121,80.96840909090908,4,350.3
1,A,PREY,29,7113.639999999957,286,6340.871999999987,329,49,89.36085106382973,60.79010204081641,435,350.3
1,A,PREY,30,5995.459999999973,204,6340.871999999987,333,19,97.8694294294294,64.8675000000001,146,350.3
1,A,PREY,31,4994.339999999976,216,6340.871999999987,329,95,92.82100303951363,54.49513157894748,567,350.3
1,A,PREY,32,8632.189999999944,331,6340.871999999987,300,151,91.69003333333332,65.16256622516562,1237,350.3
1,A,PREY,33,1540.9800000000002,52,6340.871999999987,120,11,90.64516666666667,76.79295454545446,14,350.3
1,A,PREY,34,94.01000000000005,49,6340.871999999987,124,13,95.10249999999999,78.08653846153847,27,350.3
1,A,PREY,35,5905.509999999972,199,6340.871999999987,337,78,95.10795252225515,51.662948717948844,496,350.3
1,A,PREY,36,4531.999999999972,200,6340.871999999987,271,117,86.85619926199259,63.31506410256415,744,350.3
1,A,PREY,37,346.3000000000001,20,6340.871999999987,45,12,97.696,73.89166666666665,5,350.3
1,A,PREY,38,67.45,5,6340.871999999987,33,11,99.66060606060607,80.81863636363636,3,350.3
1,A,PREY,39,7538.599999999947,340,6340.871999999987,321,35,90.96598130841117,71.45028571428578,556,350.3
1,A,PREY,40,306.26000000000005,24,6340.871999999987,52,11,99.3426923076923,75.0,5,350.3
1,A,PREY,41,4586.839999999981,166,6340.871999999987,332,33,97.98731927710841,64.20053030303029,222,350.3
1,A,PREY,42,1384.9800000000002,52,6340.871999999987,171,13,93.14719298245613,78.58749999999996,25,350.3
1,A,PREY,43,820.1200000000002,38,6340.871999999987,43,11,97.41581395348838,76.32363636363633,7,350.3
1,A,PREY,44,1505.4300000000003,57,6340.871999999987,151,13,92.94774834437086,62.75865384615386,10,350.3
1,A,PREY,45,2566.7999999999893,120,6340.871999999987,336,29,95.31645833333327,62.3658620689656,139,350.3
1,A,PREY,46,5898.3499999999685,215,6340.871999999987,314,160,87.57149681528658,59.795281250000095,1197,350.3
1,A,PREY,47,4863.379999999979,162,6340.871999999987,331,47,94.51268882175219,63.52898936170219,266,350.3
1,A,PREY,48,9664.95999999995,304,6340.871999999987,275,98,87.92290909090906,64.69900510204087,733,350.3
1,A,PREY,49,5662.739999999976,176,6340.871999999987,337,17,96.69029673590492,44.65852941176489,44,350.3
1,A,PREY,50,345.8100000000001,19,6340.871999999987,50,11,91.5468,75.70590909090907,4,350.3
1,A,PREY,51,4943.899999999979,160,6340.871999999987,337,21,98.16445103857562,52.34678571428586,80,350.3
1,A,PREY,52,4785.979999999982,152,6340.871999999987,336,14,98.90017857142854,61.78053571428577,116,350.3
1,A,PREY,53,9076.42999999995,307,6340.871999999987,310,155,84.46103225806444,55.187080645161394,1126,350.3
1,A,PREY,54,7128.1999999999425,330,6340.871999999987,330,19,95.3386363636363,70.25644736842109,329,350.3
1,A,PREY,55,4909.319999999977,168,6340.871999999987,336,30,98.40791666666662,56.03191666666677,142,350.3
1,A,PREY,56,1784.8300000000004,67,6340.871999999987,335,11,94.52134328358207,76.36545454545453,28,350.3
1,A,PREY,57,2930.709999999993,129,6340.871999999987,337,13,97.28940652818982,60.720384615384624,39,350.3
1,A,PREY,58,4541.169999999976,183,6340.871999999987,318,84,90.39550314465406,61.529226190476244,520,350.3
1,A,PREY,59,15765.499999999905,500,6340.871999999987,189,121,87.31566137566135,69.51407024793393,1330,350.3
1,A,PREY,60,-13.059999999999999,6,6340.871999999987,35,11,99.02714285714285,77.39045454545453,1,350.3
1,A,PREY,61,907.1600000000002,34,6340.871999999987,59,13,93.26898305084745,65.71365384615385,7,350.3
1,A,PREY,62,4029.9899999999807,201,6340.871999999987,330,40,97.51854545454545,61.87706250000008,302,350.3
1,A,PREY,63,1600.8200000000013,168,6340.871999999987,335,44,98.66602985074626,55.654090909090954,223,350.3
1,A,PREY,64,299.09000000000003,41,6340.871999999987,160,11,95.425625,72.4363636363636,5,350.3
1,A,PREY,65,1947.1800000000005,82,6340.871999999987,240,14,87.93879166666666,65.74500000000002,37,350.3
1,A,PREY,66,341.75000000000017,25,6340.871999999987,57,11,92.23754385964912,74.6679545454545,4,350.3
1,A,PREY,67,603.7200000000006,78,6340.871999999987,333,26,96.99372372372369,63.69211538461541,86,350.3
1,A,PREY,68,222.5500000000002,45,6340.871999999987,83,13,93.46421686746987,65.59249999999999,7,350.3
1,A,PREY,69,5700.629999999974,187,6340.871999999987,336,47,94.84098214285702,55.045372340425644,264,350.3
1,A,PREY,70,4052.4799999999805,152,6340.871999999987,325,50,88.8677846153845,66.12535000000001,322,350.3
1,A,PREY,71,7662.079999999961,242,6340.871999999987,333,48,96.83948948948948,64.00625000000007,365,350.3
1,A,PREY,72,385.8100000000001,19,6340.871999999987,47,10,95.531914893617,82.89999999999998,4,350.3
1,A,PREY,73,4355.469999999982,153,6340.871999999987,336,24,95.40833333333323,62.334062500000016,201,350.3
1,A,PREY,74,1707.4200000000003,58,6340.871999999987,190,12,90.76721052631578,75.94791666666659,19,350.3
1,A,PREY,75,13720.499999999905,500,6340.871999999987,338,22,99.23156804733725,18.226590909091104,286,350.3
1,A,PREY,76,427.3200000000001,18,6340.871999999987,40,13,93.869,69.39076923076922,5,350.3
1,A,PREY,77,2744.629999999994,137,6340.871999999987,327,33,91.80134556574917,68.51257575757582,207,350.3
1,A,PREY,78,26.430000000000007,7,6340.871999999987,31,10,98.42,84.06399999999998,1,350.3
1,A,PREY,79,2105.759999999998,74,6340.871999999987,337,18,99.20661721068247,64.40138888888885,43,350.3
1,A,PREY,80,9055.07999999994,342,6340.871999999987,328,42,96.4130182926829,70.72958333333338,501,350.3
1,A,PREY,81,1181.5300000000007,97,6340.871999999987,326,32,93.31693251533738,75.03257812500001,198,350.3
1,A,PREY,82,2892.1699999999882,183,6340.871999999987,334,12,97.41649700598794,61.8895833333335,109,350.3
1,A,PREY,83,103.85999999999996,14,6340.871999999987,37,12,97.94378378378379,75.37375,5,350.3
1,A,PREY,84,3060.78999999999,121,6340.871999999987,337,15,98.3929376854599,62.01866666666669,43,350.3
1,A,PREY,85,8271.03999999995,296,6340.871999999987,318,159,79.279716981132,58.68485849056609,1967,350.3
1,A,PREY,86,2907.3499999999785,165,6340.871999999987,336,13,92.68901785714267,61.283846153846234,88,350.3
1,A,PREY,87,3432.4599999999905,104,6340.871999999987,337,14,98.89332344213649,62.24142857142858,32,350.3
1,A,PREY,88,3105.999999999992,100,6340.871999999987,336,22,95.0044345238095,71.45920454545461,94,350.3
1,A,PREY,89,6922.799999999955,270,6340.871999999987,279,94,80.90279569892459,56.85470744680863,613,350.3
1,A,PREY,90,983.6100000000002,39,6340.871999999987,66,12,93.45166666666665,75.07187499999998,14,350.3
1,A,PREY,91,1439.9300000000007,107,6340.871999999987,337,17,98.62916913946584,67.11602941176474,84,350.3
1,A,PREY,92,5133.38999999997,211,6340.871999999987,334,30,92.5972455089819,65.64800000000002,171,350.3
1,A,PREY,93,105.90999999999997,9,6340.871999999987,36,12,94.72694444444443,71.25083333333333,1,350.3
1,A,PREY,94,27.440000000000012,6,6340.871999999987,32,10,99.56343749999999,87.69399999999999,3,350.3
1,A,PREY,95,482.67000000000013,33,6340.871999999987,66,13,94.85515151515152,63.30519230769234,5,350.3
1,A,PREY,96,1387.3800000000003,62,6340.871999999987,112,12,91.75660714285713,72.22208333333332,14,350.3
1,A,PREY,97,7343.489999999963,251,6340.871999999987,328,166,89.27225609756091,50.87685240963866,1155,350.3
1,A,PREY,98,895.4900000000004,51,6340.871999999987,140,13,94.20535714285714,70.38538461538465,21,350.3
1,A,PREY,99,5745.649999999973,185,6340.871999999987,325,41,94.3572307692307,57.86097560975618,271,350.3
1,A,PREY,100,3491.85999999999,164,6340.871999999987,327,42,96.96571865443423,66.05690476190485,313,350.3
1,A,PREY,101,7367.809999999956,269,6340.871999999987,236,79,78.7600423728813,65.4748101265823,609,350.3
1,A,PREY,102,166.02000000000012,48,6340.871999999987,69,12,97.60492753623187,73.19791666666669,26,350.3
1,A,PREY,103,8372.579999999953,292,6340.871999999987,322,55,94.38034161490681,55.034045454545556,487,350.3
1,A,PREY,104,1305.9300000000003,57,6340.871999999987,190,13,94.70652631578946,58.35692307692308,7,350.3
1,A,PREY,105,26.130000000000074,37,6340.871999999987,86,11,92.2429069767442,75.44613636363627,7,350.3
1,A,PREY,106,15191.24999999991,475,6340.871999999987,325,165,92.17692307692306,56.992666666666736,1364,350.3
1,A,PREY,107,2184.1699999999983,83,6340.871999999987,336,13,98.84300595238093,61.62653846153843,43,350.3
1,A,PREY,108,9952.959999999941,404,6340.871999999987,321,57,91.04875389408095,64.69346491228077,568,350.3
1,A,PREY,109,3183.22999999999,227,6340.871999999987,327,121,93.16840978593267,52.20479338842985,710,350.3
1,A,PREY,110,7072.759999999965,224,6340.871999999987,329,31,96.15650455927049,73.61919354838712,199,350.3
1,A,PREY,111,1636.3100000000004,69,6340.871999999987,256,11,88.9528125,69.29045454545454,21,350.3
1,A,PREY,112,15981.649999999907,485,6340.871999999987,3,81,100.0,24.403024691358247,1251,350.3
1,A,PREY,113,6783.899999999969,210,6340.871999999987,336,30,91.23196428571403,53.21791666666683,167,350.3
1,A,PREY,114,3899.779999999969,222,6340.871999999987,322,136,93.33304347826083,61.04159926470593,940,350.3
1,A,PREY,115,5185.889999999978,261,6340.871999999987,335,33,93.21934328358202,47.43356060606074,308,350.3
1,A,PREY,116,2306.7299999999977,77,6340.871999999987,335,13,94.55388059701491,60.52403846153845,12,350.3
1,A,PREY,117,1175.8600000000004,64,6340.871999999987,336,11,98.1516369047619,73.86499999999998,18,350.3
1,A,PREY,118,7704.119999999963,238,6340.871999999987,293,128,92.1146075085324,61.55052734375004,834,350.3
1,A,PREY,119,786.6400000000002,36,6340.871999999987,52,12,95.06230769230768,70.02833333333335,19,350.3
1,A,PREY,120,67.4,10,6340.871999999987,35,11,97.11685714285714,76.65136363636361,1,350.3
1,A,PREY,121,3725.589999999986,141,6340.871999999987,337,14,98.52255192878332,61.144285714285736,42,350.3
1,A,PREY,122,4621.879999999979,162,6340.871999999987,331,34,96.8123867069486,58.702720588235415,190,350.3
1,A,PREY,123,173.5800000000001,42,6340.871999999987,49,12,93.69938775510205,69.78166666666665,16,350.3
1,A,PREY,124,66.42,8,6340.871999999987,32,11,99.95406249999999,80.44159090909089,3,350.3
1,A,PREY,125,2540.499999999994,100,6340.871999999987,337,11,98.97394658753706,70.68977272727274,23,350.3
1,A,PREY,126,6548.849999999966,215,6340.871999999987,277,128,86.8413718411552,64.17890625000003,881,350.3
1,A,PREY,127,2276.599999999993,90,6340.871999999987,329,23,94.10045592705164,75.27804347826086,138,350.3
1,A,PREY,128,5422.759999999977,174,6340.871999999987,337,14,97.04715133531147,58.400714285714365,42,350.3
1,A,PREY,129,77.80999999999999,19,6340.871999999987,57,11,93.23333333333333,76.61636363636362,5,350.3
1,A,PREY,130,3786.369999999989,113,6340.871999999987,331,25,96.28308157099694,69.83810000000004,175,350.3
1,A,PREY,131,6019.01999999997,198,6340.871999999987,329,51,94.08261398176288,68.61421568627455,388,350.3
1,A,PREY,132,27.960000000000008,4,6340.871999999987,33,11,96.83030303030301,78.05636363636363,1,350.3
1,A,PREY,133,2745.1399999999944,86,6340.871999999987,336,15,98.48604166666667,61.54750000000004,43,350.3
1,A,PREY,134,707.7200000000001,28,6340.871999999987,62,11,94.90725806451613,77.07568181818179,5,350.3
1,A,PREY,135,5078.4899999999725,201,6340.871999999987,307,78,92.20508143322473,63.97955128205129,564,350.3
1,A,PREY,136,1691.6400000000006,136,6340.871999999987,279,106,88.54996415770607,62.83702830188683,689,350.3
1,A,PREY,137,11436.66999999994,333,6340.871999999987,324,82,92.48632716049379,59.66972560975619,716,350.3
1,A,PREY,138,10624.299999999945,320,6340.871999999987,294,147,91.65149659863944,62.127448979591904,1228,350.3
1,A,PREY,139,64.89000000000001,11,6340.871999999987,35,11,94.12342857142858,82.35818181818182,5,350.3
1,A,PREY,140,-14.079999999999998,8,6340.871999999987,33,11,98.00999999999999,78.16363636363636,2,350.3
1,A,PREY,141,7628.399999999957,260,6340.871999999987,336,27,98.02276785714282,58.57111111111127,219,350.3
1,A,PREY,142,3986.7899999999872,121,6340.871999999987,317,30,90.77069400630911,60.32408333333348,144,350.3
1,A,PREY,143,2141.7899999999972,121,6340.871999999987,333,39,94.50621621621615,59.70262820512827,173,350.3
1,A,PREY,144,15198.999999999915,500,6340.871999999987,337,24,99.14940652818989,31.27031250000023,420,350.3
1,A,PREY,145,1346.0600000000002,44,6340.871999999987,56,11,90.20392857142856,73.70068181818175,7,350.3
1,A,PREY,146,6425.99999999997,200,6340.871999999987,336,45,96.59839285714278,59.42194444444454,310,350.3
1,A,PREY,147,12358.64999999993,385,6340.871999999987,328,106,94.10728658536573,38.354245283019054,865,350.3
1,A,PREY,148,4837.8799999999765,212,6340.871999999987,327,35,90.6995718654433,66.66607142857146,239,350.3
1,A,PREY,149,5189.51999999998,198,6340.871999999987,319,52,92.35780564263318,70.56375000000006,384,350.3
1,A,PREY,150,1867.0300000000007,97,6340.871999999987,336,14,95.68999999999997,65.73696428571428,30,350.3
1,A,PREY,151,7760.029999999962,247,6340.871999999987,293,157,88.61167235494875,65.2104140127389,1647,350.3
1,A,PREY,152,11275.019999999939,348,6340.871999999987,319,48,93.43877742946704,65.47666666666673,453,350.3
1,A,PREY,153,13262.459999999914,454,6340.871999999987,337,12,94.20189910979207,32.62166666666671,267,350.3
1,A,PREY,154,1322.3800000000008,112,6340.871999999987,337,13,96.19810089020766,76.32480769230769,42,350.3
1,A,PREY,155,7857.459999999957,254,6340.871999999987,334,24,96.38643712574844,64.37281250000008,202,350.3
1,A,PREY,156,6377.709999999963,279,6340.871999999987,319,112,91.38623824451405,56.02537946428585,817,350.3
1,A,PREY,157,9330.849999999937,365,6340.871999999987,274,104,91.12142335766421,64.78079326923081,805,350.3
1,A,PREY,158,12022.59999999994,340,6340.871999999987,307,101,90.27941368078172,64.87230198019807,835,350.3
1,A,PREY,159,3299.699999999984,130,6340.871999999987,323,40,91.82018575851389,69.04731250000005,303,350.3
1,A,PREY,160,664.2600000000004,74,6340.871999999987,262,21,90.89083969465648,72.57297619047615,80,350.3
1,A,PREY,161,16309.499999999905,500,6340.871999999987,338,8,91.97940828402335,31.00687500000028,105,350.3
1,A,PREY,162,144.58000000000007,42,6340.871999999987,124,11,92.86927419354838,70.54272727272723,4,350.3
1,A,PREY,163,823.5800000000003,42,6340.871999999987,96,12,92.66895833333335,67.48833333333336,10,350.3
1,A,PREY,164,1692.2500000000005,75,6340.871999999987,331,13,96.43972809667672,76.92461538461531,25,350.3
1,A,PREY,165,11257.039999999939,346,6340.871999999987,330,133,93.43869696969682,34.34851503759414,802,350.3
1,A,PREY,166,1337.2400000000005,76,6340.871999999987,20,11,100.0,74.70909090909086,16,350.3
1,A,PREY,167,7108.019999999948,298,6340.871999999987,312,151,90.27814102564098,51.55970198675508,965,350.3
1,A,PREY,168,16.700000000000017,30,6340.871999999987,58,11,98.00827586206896,80.02545454545451,8,350.3
1,A,PREY,169,28.470000000000006,3,6340.871999999987,32,11,96.43375,81.18363636363637,3,350.3
1,A,PREY,170,4808.959999999975,254,6340.871999999987,280,127,83.42896428571423,60.739350393700846,769,350.3
1,A,PREY,171,602.7800000000001,22,6340.871999999987,52,12,98.25519230769231,67.6079166666667,2,350.3
1,A,PREY,172,6945.189999999963,231,6340.871999999987,56,101,89.53160714285711,66.89086633663374,968,350.3
1,A,PREY,173,17834.99999999998,500,6340.871999999987,338,20,98.08559171597626,19.86012500000021,237,350.3
1,A,PREY,174,3803.1899999999855,131,6340.871999999987,336,19,97.14645833333331,75.00657894736844,129,350.3
1,A,PREY,175,988.1900000000002,31,6340.871999999987,44,11,99.92636363636365,77.7972727272727,8,350.3
1,A,PREY,176,148.65999999999997,34,6340.871999999987,58,11,95.42586206896551,73.92181818181818,10,350.3
1,A,PREY,177,2926.2899999999872,121,6340.871999999987,336,15,97.5858333333333,63.862833333333384,74,350.3
1,A,PREY,178,2067.5699999999997,93,6340.871999999987,330,30,96.93330303030301,73.27075000000008,133,350.3
1,A,PREY,179,12997.789999999932,371,6340.871999999987,110,142,79.02845454545451,63.413556338028236,1193,350.3
1,A,PREY,180,8436.079999999949,292,6340.871999999987,319,52,93.97075235109715,67.36875000000009,576,350.3
1,A,PREY,181,196.7600000000002,24,6340.871999999987,44,11,97.13340909090908,76.25636363636362,5,350.3
1,A,PREY,182,625.1200000000002,38,6340.871999999987,69,11,97.6563768115942,78.40931818181815,10,350.3
1,A,PREY,183,827.5400000000002,46,6340.871999999987,85,12,93.59764705882353,69.59666666666664,10,350.3
1,A,PREY,184,5023.229999999981,177,6340.871999999987,337,12,95.33910979228472,60.01708333333338,56,350.3
1,A,PREY,185,3824.349999999989,115,6340.871999999987,317,45,95.02952681388011,68.61094444444448,243,350.3
1,A,PREY,186,6825.559999999971,194,6340.871999999987,336,13,97.22607142857134,62.33403846153855,80,350.3
1,A,PREY,187,677.7000000000002,30,6340.871999999987,46,12,96.69478260869565,76.06499999999998,8,350.3
1,A,PREY,188,5392.449999999972,205,6340.871999999987,334,24,97.50401197604785,65.95000000000009,173,350.3
1,A,PREY,189,2131.309999999997,69,6340.871999999987,294,16,90.0279931972789,68.36874999999998,48,350.3
1,A,PREY,190,5672.939999999968,206,6340.871999999987,333,22,96.60420420420418,64.54897727272731,100,350.3
1,A,PREY,191,106.92999999999999,7,6340.871999999987,32,10,99.474375,83.85399999999997,1,350.3
1,A,PREY,192,2300.929999999995,107,6340.871999999987,336,13,98.81523809523807,62.65384615384618,24,350.3
1,A,PREY,193,17438.49999999996,500,6340.871999999987,338,60,96.94005917159753,16.923083333333587,467,350.3
1,A,PREY,194,4940.879999999977,162,6340.871999999987,328,49,93.88783536585363,68.28428571428574,367,350.3
1,A,PREY,195,2329.879999999989,112,6340.871999999987,325,63,94.55359999999999,68.01289682539684,360,350.3
1,A,PREY,196,8809.059999999956,294,6340.871999999987,243,142,82.40876543209873,67.31176056338033,1656,350.3
1,A,PREY,197,9705.04999999995,295,6340.871999999987,332,72,96.74626506024094,45.91847222222238,585,350.3
1,A,PREY,198,5367.459999999979,204,6340.871999999987,327,68,92.27226299694185,64.41305147058829,540,350.3
1,A,PREY,199,2264.1799999999967,82,6340.871999999987,335,13,98.40328358208953,70.94038461538464,50,350.3
1,A,PREY,200,18194.99999999999,500,6340.871999999987,336,54,95.45738095238082,31.580231481481775,482,350.3
1,A,PREY,201,25.91000000000001,9,6340.871999999987,29,11,99.72344827586205,79.83318181818181,3,350.3
1,A,PREY,202,7824.229999999964,227,6340.871999999987,321,50,90.31538940809963,68.80760000000001,367,350.3
1,A,PREY,203,27.440000000000012,6,6340.871999999987,32,11,98.995,78.08386363636363,1,350.3
1,A,PREY,204,11299.389999999934,361,6340.871999999987,308,115,93.17594155844154,63.590978260869626,807,350.3
1,A,PREY,205,4830.329999999977,167,6340.871999999987,321,112,93.98024922118378,61.44901785714291,621,350.3
1,A,PREY,206,8745.98999999996,251,6340.871999999987,260,138,79.52869230769225,56.245054347826176,938,350.3
1,A,PREY,207,7585.339999999966,216,6340.871999999987,272,140,90.71231617647057,64.00571428571436,980,350.3
1,A,PREY,208,106.43000000000002,7,6340.871999999987,34,10,99.95764705882353,83.85399999999997,1,350.3
1,A,PREY,209,3585.4299999999894,107,6340.871999999987,335,27,96.70408955223878,69.96435185185186,151,350.3
1,A,PREY,210,8374.509999999958,249,6340.871999999987,321,92,92.2193457943925,64.38008152173917,626,350.3
1,A,PREY,211,1762.0200000000011,148,6340.871999999987,334,24,95.56796407185621,59.15020833333343,174,350.3
1,A,PREY,212,747.89,61,6340.871999999987,297,13,94.06676767676768,65.45711538461538,13,350.3
1,A,PREY,213,183.32000000000014,18,6340.871999999987,42,12,93.91357142857143,71.255,3,350.3
1,A,PREY,214,9773.249999999953,275,6340.871999999987,242,130,85.94305785123964,67.26234615384621,1083,350.3
1,A,PREY,215,8248.669999999956,283,6340.871999999987,278,155,80.14248201438839,53.121096774193646,1843,350.3
1,A,PREY,216,105.74999999999997,25,6340.871999999987,42,11,95.09666666666665,70.37636363636365,2,350.3
1,A,PREY,217,4942.899999999972,210,6340.871999999987,332,43,85.95168674698773,57.28424418604661,314,350.3
1,A,PREY,218,62.04999999999999,45,6340.871999999987,188,12,91.21515957446809,62.79916666666667,3,350.3
1,A,PREY,219,90.28000000000004,22,6340.871999999987,40,11,97.17825,76.5606818181818,4,350.3
1,A,PREY,220,1232.3500000000001,65,6340.871999999987,335,15,97.19614925373132,64.28383333333339,34,350.3
1,A,PREY,221,3132.479999999991,102,6340.871999999987,328,36,87.7686890243902,72.12520833333339,233,350.3
1,A,PREY,222,1663.9700000000003,53,6340.871999999987,189,17,89.06984126984128,74.28073529411768,47,350.3
1,A,PREY,223,2831.999999999992,100,6340.871999999987,334,18,98.37185628742512,67.22722222222222,77,350.3
1,A,PREY,224,106.34999999999998,15,6340.871999999987,43,11,99.81790697674418,76.05022727272726,2,350.3
1,A,PREY,225,2940.079999999995,142,6340.871999999987,336,13,96.32440476190466,54.571730769230825,43,350.3
1,A,PREY,226,9191.609999999939,339,6340.871999999987,336,64,91.65056547619038,53.1956640625001,481,350.3
1,A,PREY,227,3415.8199999999897,118,6340.871999999987,336,20,97.76779761904758,73.63162499999997,102,350.3
1,A,PREY,228,3614.219999999986,128,6340.871999999987,337,15,98.15664688427297,66.22383333333342,88,350.3
1,A,PREY,229,17794.999999999978,500,6340.871999999987,338,2,97.38733727810641,43.71999999999972,60,350.3
1,A,PREY,230,1297.64,36,6340.871999999987,106,11,94.19981132075473,72.69999999999996,9,350.3
1,A,PREY,231,908.2500000000001,25,6340.871999999987,63,11,96.3152380952381,75.81636363636362,6,350.3
1,A,PREY,232,10373.999999999947,300,6340.871999999987,332,51,93.44009036144571,57.830882352941295,450,350.3
1,A,PREY,233,18158.500000000007,500,6340.871999999987,338,4,99.15911242603548,75.44499999999991,225,350.3
1,A,PREY,234,17499.65999999997,484,6340.871999999987,317,157,90.26583596214508,47.090398089172105,2857,350.3
1,A,PREY,235,7703.769999999965,223,6340.871999999987,331,94,88.64558912386697,48.77045212765971,679,350.3
1,A,PREY,236,4561.519999999981,148,6340.871999999987,330,42,96.45487878787874,61.44851190476191,241,350.3
1,A,PREY,237,18188.499999999993,500,6340.871999999987,1,55,100.0,27.2213181818185,981,350.3
1,A,PREY,238,11576.18999999994,331,6340.871999999987,324,162,89.15290123456782,48.426574074074125,1920,350.3
1,A,PREY,239,780.6300000000002,37,6340.871999999987,102,14,94.18245098039215,63.335714285714346,9,350.3
1,A,PREY,240,2542.9099999999944,109,6340.871999999987,335,24,94.4091940298507,70.61927083333332,112,350.3
1,A,PREY,241,944.0500000000003,45,6340.871999999987,108,10,92.18777777777778,77.6499999999999,7,350.3
1,A,PREY,242,5024.87999999997,262,6340.871999999987,308,126,87.72912337662332,52.64234126984138,837,350.3
1,A,PREY,243,2680.489999999991,101,6340.871999999987,336,14,97.0902678571428,80.27124999999994,79,350.3
1,A,PREY,244,27.390000000000022,11,6340.871999999987,33,11,99.23121212121212,78.85818181818182,4,350.3
1,A,PREY,245,334.95000000000005,55,6340.871999999987,219,13,92.69917808219178,81.80615384615379,28,350.3
1,A,PREY,246,16544.99999999992,500,6340.871999999987,338,8,98.35683431952657,13.711562500000241,121,350.3
1,A,PREY,247,1227.0900000000001,41,6340.871999999987,38,13,95.98473684210526,65.23500000000001,7,350.3
1,A,PREY,248,4007.759999999985,124,6340.871999999987,336,31,96.97339285714284,64.94822580645167,163,350.3
1,A,PREY,249,942.1000000000003,40,6340.871999999987,87,12,94.78080459770115,71.68687499999997,14,350.3
1,A,PREY,250,5053.679999999974,182,6340.871999999987,323,52,93.50671826625383,63.08807692307699,328,350.3
1,A,PREY,251,7598.189999999962,281,6340.871999999987,306,96,90.26990196078428,62.59432291666672,699,350.3
1,A,PREY,252,585.2800000000001,22,6340.871999999987,44,12,97.86340909090909,74.19166666666666,6,350.3
1,A,PREY,253,1508.0800000000002,42,6340.871999999987,65,11,93.1246153846154,77.76159090909086,13,350.3
1,A,PREY,254,7595.819999999965,218,6340.871999999987,311,155,89.76482315112538,59.03340322580651,1260,350.3
1,A,PREY,255,3262.2199999999857,128,6340.871999999987,334,25,98.15799401197602,67.91859999999998,104,350.3
1,A,PREY,256,9960.219999999952,278,6340.871999999987,325,164,90.20959999999992,43.930121951219604,1520,350.3
1,A,PREY,257,5659.779999999975,172,6340.871999999987,337,27,96.73044510385749,60.69657407407422,177,350.3
1,A,PREY,258,267.42,8,6340.871999999987,31,10,98.91903225806452,85.23399999999998,4,350.3
1,A,PREY,259,3861.259999999988,124,6340.871999999987,337,15,98.64973293768546,83.11866666666657,94,350.3
1,A,PREY,260,14574.879999999923,412,6340.871999999987,337,122,94.26584569732924,35.3692418032788,1383,350.3
1,A,PREY,261,2201.3599999999983,64,6340.871999999987,154,16,90.4801948051948,70.23968750000003,40,350.3
1,A,PREY,262,2478.8599999999906,114,6340.871999999987,337,32,96.44596439169135,62.29773437500007,134,350.3
1,A,PREY,263,3088.9999999999936,150,6340.871999999987,248,120,89.33318548387096,68.26812500000003,796,350.3
1,A,PREY,264,7348.97999999996,252,6340.871999999987,314,161,89.33385350318467,58.801894409937965,1142,350.3
1,A,PREY,265,8906.149999999961,235,6340.871999999987,333,46,94.92057057057049,54.370978260869705,302,350.3
1,A,PREY,266,11590.529999999937,347,6340.871999999987,320,57,87.9446249999998,54.71521929824574,467,350.3
1,A,PREY,267,426.8500000000001,15,6340.871999999987,37,10,97.46729729729729,84.65199999999997,3,350.3
1,A,PREY,268,505.2800000000001,22,6340.871999999987,51,12,99.24941176470587,67.17187500000001,2,350.3
1,A,PREY,269,2508.8599999999974,64,6340.871999999987,223,17,91.54183856502243,68.82588235294115,33,350.3
1,A,PREY,270,6253.419999999972,208,6340.871999999987,337,15,94.33545994065265,65.8668333333332,142,350.3
1,A,PREY,271,6615.209999999973,179,6340.871999999987,322,80,93.35732919254656,61.3370625000001,415,350.3
1,A,PREY,272,28.460000000000008,4,6340.871999999987,33,10,99.22454545454545,84.98799999999999,1,350.3
1,A,PREY,273,1923.0000000000002,50,6340.871999999987,159,11,92.67905660377359,77.12363636363631,14,350.3
1,A,PREY,274,4159.639999999982,136,6340.871999999987,337,20,98.21080118694358,56.437000000000104,104,350.3
1,A,PREY,275,1146.65,35,6340.871999999987,64,12,92.01859375000001,70.85312500000003,9,350.3
1,A,PREY,276,2584.7099999999955,79,6340.871999999987,336,13,99.07124999999999,69.07365384615383,29,350.3
1,A,PREY,277,1677.9700000000003,53,6340.871999999987,204,11,87.71960784313724,72.65090909090908,10,350.3
1,A,PREY,278,507.32000000000005,18,6340.871999999987,38,13,94.92026315789475,71.12615384615384,6,350.3
1,A,PREY,279,4084.7099999999755,179,6340.871999999987,331,34,97.3780362537764,65.30536764705886,297,350.3
1,A,PREY,280,732.9500000000003,55,6340.871999999987,148,15,94.7622972972973,68.7578333333333,24,350.3
1,A,PREY,281,3464.019999999991,98,6340.871999999987,82,14,89.67146341463415,67.78571428571429,27,350.3
1,A,PREY,282,667.2800000000001,22,6340.871999999987,38,13,99.38131578947367,71.85076923076926,8,350.3
1,A,PREY,283,6600.719999999974,178,6340.871999999987,337,61,97.34053412462906,55.54360655737713,359,350.3
1,A,PREY,284,1611.9300000000003,57,6340.871999999987,205,15,90.85024390243902,76.1565,51,350.3
1,A,PREY,285,2585.6399999999953,86,6340.871999999987,333,11,96.75159159159159,77.30909090909078,36,350.3
1,A,PREY,286,6915.309999999966,219,6340.871999999987,327,62,88.219602446483,54.03020161290336,390,350.3
1,A,PREY,287,129.83,67,6340.871999999987,335,13,97.0047462686567,78.11365384615382,36,350.3
1,A,PREY,288,18595.00000000001,500,6340.871999999987,338,5,96.82239644970403,15.959999999999846,63,350.3
1,A,PREY,289,67.44999999999999,5,6340.871999999987,32,11,99.9409375,77.75090909090908,1,350.3
1,A,PREY,290,4092.749999999985,125,6340.871999999987,332,27,96.2592771084337,71.99175925925931,136,350.3
1,A,PREY,291,546.7900000000001,21,6340.871999999987,40,12,99.09375,75.89979166666666,6,350.3
1,A,PREY,292,1986.8700000000003,63,6340.871999999987,84,19,91.06642857142857,65.03236842105267,39,350.3
1,A,PREY,293,548.33,17,6340.871999999987,44,10,91.32249999999999,82.22799999999998,3,350.3
1,A,PREY,294,9481.519999999955,298,6340.871999999987,335,19,97.64898507462681,58.626315789473914,175,350.3
1,A,PREY,295,802.7300000000001,27,6340.871999999987,38,12,96.14894736842105,70.56333333333332,7,350.3
1,A,PREY,296,6145.339999999976,166,6340.871999999987,335,44,96.76964179104473,64.72784090909096,289,350.3
1,A,PREY,297,4323.779999999986,122,6340.871999999987,337,15,97.88350148367945,53.743666666666726,36,350.3
1,A,PREY,298,1187.67,33,6340.871999999987,35,10,97.84171428571429,78.30499999999994,4,350.3
1,A,PREY,299,11433.799999999943,320,6340.871999999987,315,64,94.98279365079364,68.57031250000007,507,350.3
1,A,PREY,300,17678.499999999967,500,6340.871999999987,338,3,94.44325443786961,45.506666666666966,89,350.3
1,A,PREY,301,3186.5999999999926,90,6340.871999999987,239,11,90.66,73.33340909090902,31,350.3
1,A,PREY,302,176.19000000000005,31,6340.871999999987,44,11,99.985,72.6381818181818,5,350.3
1,A,PREY,303,1663.3600000000004,64,6340.871999999987,322,13,95.20304347826087,76.28711538461533,33,350.3
1,A,PREY,304,499.27000000000015,23,6340.871999999987,35,11,99.90742857142857,78.28454545454544,6,350.3
1,A,PREY,305,10503.369999999944,313,6340.871999999987,333,27,97.89897897897895,67.88425925925932,296,350.3
1,A,PREY,306,144.35999999999999,14,6340.871999999987,34,10,99.8570588235294,83.48199999999999,3,350.3
1,A,PREY,307,1027.9800000000005,102,6340.871999999987,337,11,97.35774480712156,61.09818181818175,15,350.3
1,A,PREY,308,265.8400000000001,16,6340.871999999987,44,10,97.64136363636364,85.77899999999997,5,350.3
1,A,PREY,309,6539.989999999971,201,6340.871999999987,233,131,82.38579399141628,68.87467557251914,1247,350.3
1,A,PREY,310,1573.3700000000003,63,6340.871999999987,332,19,96.38683734939757,70.47513157894737,43,350.3
1,A,PREY,311,1238.2600000000004,74,6340.871999999987,334,16,98.72191616766466,77.8375,59,350.3
1,A,PREY,312,-12.04,4,6340.871999999987,35,10,99.96142857142857,85.04799999999997,1,350.3
1,A,PREY,313,106.42999999999998,7,6340.871999999987,32,11,97.9625,80.65090909090908,4,350.3
1,A,PREY,314,5705.4399999999805,156,6340.871999999987,335,28,97.62244776119398,56.030625000000086,176,350.3
1,A,PREY,315,602.82,18,6340.871999999987,36,10,95.56055555555557,86.80649999999997,5,350.3
1,A,PREY,316,6176.179999999973,182,6340.871999999987,330,29,94.93830303030296,66.19767241379313,264,350.3
1,A,PREY,317,477.26000000000016,24,6340.871999999987,48,11,99.71041666666667,74.26545454545455,4,350.3
1,A,PREY,318,66.82000000000001,18,6340.871999999987,53,10,91.6677358490566,83.49899999999997,3,350.3
1,A,PREY,319,267.6300000000001,37,6340.871999999987,42,11,95.33238095238096,73.96636363636358,6,350.3
1,A,PREY,320,5717.819999999977,168,6340.871999999987,288,119,86.89520833333329,63.56132352941179,716,350.3
1,A,PREY,321,16621.499999999916,500,6340.871999999987,336,59,96.88220238095231,36.52605932203404,691,350.3
1,A,PREY,322,3764.0499999999843,145,6340.871999999987,337,14,96.89833827893163,52.292857142857244,32,350.3
1,A,PREY,323,2233.809999999997,69,6340.871999999987,260,15,89.0078076923077,74.487,41,350.3
1,A,PREY,324,1587.5300000000002,47,6340.871999999987,134,12,94.47492537313434,71.81333333333335,17,350.3
1,A,PREY,325,5825.949999999978,155,6340.871999999987,336,60,95.7898511904761,54.239333333333406,296,350.3
1,A,PREY,326,6341.679999999974,182,6340.871999999987,336,85,94.53244047619042,55.854558823529466,499,350.3
1,A,PREY,327,2745.6999999999953,80,6340.871999999987,337,14,98.25264094955487,75.96053571428565,42,350.3
1,A,PREY,328,3503.95999999999,104,6340.871999999987,335,17,95.21456716417906,67.89411764705886,70,350.3
1,A,PREY,329,11977.18999999994,331,6340.871999999987,327,70,94.26345565749233,61.59571428571435,652,350.3
1,A,PREY,330,18675.000000000015,500,6340.871999999987,337,72,96.4367062314539,31.756493055555737,585,350.3
1,A,PREY,331,11902.66999999993,383,6340.871999999987,328,148,94.8157926829268,34.723091216216396,1634,350.3
1,A,PREY,332,5384.79999999998,170,6340.871999999987,334,25,95.31032934131728,63.719500000000046,158,350.3
1,A,PREY,333,77.85999999999999,14,6340.871999999987,44,10,99.1025,81.20799999999998,2,350.3
1,A,PREY,334,4585.709999999985,129,6340.871999999987,336,29,97.62333333333329,65.50387931034487,148,350.3
1,A,PREY,335,181.79000000000016,21,6340.871999999987,41,11,99.39560975609757,76.3690909090909,6,350.3
1,A,PREY,336,102.82999999999993,17,6340.871999999987,39,11,96.11615384615384,73.51272727272726,1,350.3
1,A,PREY,337,10344.399999999952,310,6340.871999999987,337,61,88.63762611275932,37.419139344262454,344,350.3
1,A,PREY,338,12127.369999999933,363,6340.871999999987,337,10,98.7002670623145,20.918250000000207,242,350.3
1,A,PREY,339,13837.769999999933,373,6340.871999999987,267,149,82.48397003745313,52.68151006711419,2040,350.3
1,A,PREY,340,1927.4300000000003,57,6340.871999999987,293,11,95.73767918088737,76.71568181818185,28,350.3
1,A,PREY,341,3139.9699999999925,103,6340.871999999987,283,33,91.69749116607773,74.72946969696973,162,350.3
1,A,PREY,342,2934.0399999999927,96,6340.871999999987,336,16,99.1045238095238,61.79125000000007,57,350.3
1,A,PREY,343,10516.939999999946,306,6340.871999999987,333,125,91.74630630630625,54.366820000000075,870,350.3
1,A,PREY,344,7080.589999999971,191,6340.871999999987,336,34,98.57139880952379,60.863382352941244,299,350.3
1,A,PREY,345,223.33000000000013,17,6340.871999999987,39,11,96.0776923076923,77.86999999999999,4,350.3
1,A,PREY,346,4146.889999999988,111,6340.871999999987,333,25,96.38906906906904,65.83229999999999,103,350.3
1,A,PREY,347,11249.939999999946,306,6340.871999999987,334,43,93.01017964071843,52.4877325581397,360,350.3
1,A,PREY,348,17594.999999999964,500,6340.871999999987,336,69,96.2260714285714,53.40286231884066,670,350.3
1,A,PREY,349,3141.0199999999904,98,6340.871999999987,337,10,99.14142433234419,80.5019999999999,36,350.3
1,A,PREY,350,3811.2799999999847,122,6340.871999999987,332,17,98.60903614457828,64.00911764705889,85,350.3
1,B,PREDATOR,1,285.7275000000015,324,493.1500000000021,240,118,87.80679166666665,54.34466101694926,1641,1458.8
1,B,PREDATOR,2,133.08250000000268,500,493.1500000000021,3,48,100.0,24.709843749999816,922,1458.8
1,B,PREDATOR,3,1356.0350000000028,500,493.1500000000021,0,59,0.0,37.13822033898263,1366,1458.8
1,B,PREDATOR,4,-12.409999999999993,241,493.1500000000021,282,70,83.38606382978719,62.565178571428596,707,1458.8
1,B,PREDATOR,5,117.43750000000107,375,493.1500000000021,152,130,85.35809210526314,60.89821153846163,1557,1458.8
1,B,PREDATOR,6,-12.639999999999988,264,493.1500000000021,325,72,93.10344615384612,55.23930555555566,497,1458.8
1,B,PREDATOR,7,-13.05999999999998,306,493.1500000000021,337,15,89.47682492581569,51.39250000000011,128,1458.8
1,B,PREDATOR,8,29.570000000000434,243,493.1500000000021,333,65,89.22054054054027,40.61857692307711,438,1458.8
1,B,PREDATOR,9,-12.939999999999982,294,493.1500000000021,257,124,88.11595330739299,55.38415322580657,1492,1458.8
1,B,PREDATOR,10,75.25749999999816,500,493.1500000000021,11,96,99.85272727272726,65.02252604166658,1968,1458.8
1,B,PREDATOR,11,322.67750000000285,500,493.1500000000021,0,44,0.0,18.94795454545425,1129,1458.8
1,B,PREDATOR,12,29.355000000000345,245,493.1500000000021,336,16,92.87660714285693,54.18687500000024,136,1458.8
1,B,PREDATOR,13,-12.289999999999996,229,493.1500000000021,337,18,90.53216617210653,51.16013888888897,175,1458.8
1,B,PREDATOR,14,-11.670000000000002,167,493.1500000000021,334,32,95.66029940119752,57.49554687500007,369,1458.8
1,B,PREDATOR,15,40.35500000000034,351,493.1500000000021,337,4,91.80362017804124,9.392500000000368,23,1458.8
1,B,PREDATOR,16,221.55000000000217,500,493.1500000000021,275,138,86.75578181818177,58.27369565217395,2425,1458.8
1,B,PREDATOR,17,-12.289999999999996,229,493.1500000000021,309,56,92.02071197411,74.12214285714289,585,1458.8
1,B,PREDATOR,18,1846.8450000000007,500,493.1500000000021,142,65,89.25507042253523,41.40907692307679,2900,1458.8
1,B,PREDATOR,19,48.61250000000054,282,493.1500000000021,337,10,91.03008902077121,43.22199999999989,131,1458.8
1,B,PREDATOR,20,13.689999999999637,304,493.1500000000021,335,40,92.66146268656694,24.950312500000184,280,1458.8
1,B,PREDATOR,21,523.0525000000014,500,493.1500000000021,13,130,90.76769230769231,53.025365384615476,2344,1458.8
1,B,PREDATOR,22,856.9775000000028,500,493.1500000000021,318,93,87.56839622641509,35.69250000000005,1687,1458.8
1,B,PREDATOR,23,26.770000000000273,270,493.1500000000021,1,100,100.0,55.95004999999996,1174,1458.8
1,B,PREDATOR,24,2.800000000000047,220,493.1500000000021,334,13,97.1435928143712,52.06269230769245,192,1458.8
1,B,PREDATOR,25,13.569999999999494,343,493.1500000000021,24,121,83.33624999999996,61.60729338842981,1639,1458.8
1,B,PREDATOR,26,875.6500000000028,446,493.1500000000021,0,69,0.0,62.87242753623163,2905,1458.8
1,B,PREDATOR,27,67.16249999999874,270,493.1500000000021,104,90,80.20163461538456,63.40588888888897,1226,1458.8
1,B,PREDATOR,28,-12.289999999999996,229,493.1500000000021,334,29,89.83113772455067,48.47258620689672,203,1458.8
1,B,PREDATOR,29,927.0100000000034,500,493.1500000000021,0,62,0.0,26.602620967741785,1387,1458.8
1,B,PREDATOR,30,122.567500000002,388,493.1500000000021,253,135,82.52023715415017,47.14440740740747,2466,1458.8
1,B,PREDATOR,31,74.05999999999976,336,493.1500000000021,0,52,0.0,54.58341346153822,1049,1458.8
1,B,PREDATOR,32,-11.950000000000001,195,493.1500000000021,300,59,85.94903333333329,68.76101694915253,532,1458.8
1,B,PREDATOR,33,-12.329999999999995,233,493.1500000000021,2,85,100.0,65.45617647058816,925,1458.8
1,B,PREDATOR,34,-12.819999999999984,282,493.1500000000021,1,90,100.0,44.10469444444452,1314,1458.8
1,B,PREDATOR,35,475.2525000000026,386,493.1500000000021,0,90,0.0,26.17113888888906,1439,1458.8
1,B,PREDATOR,36,566.9125000000034,470,493.1500000000021,284,148,78.83447183098583,58.214831081081094,3920,1458.8
1,B,PREDATOR,37,252.04250000000204,500,493.1500000000021,0,77,0.0,36.115357142857206,1030,1458.8
1,B,PREDATOR,38,-12.209999999999997,221,493.1500000000021,148,128,81.79601351351347,62.14517578125009,1292,1458.8
1,B,PREDATOR,39,-11.680000000000001,168,493.1500000000021,337,12,96.00789317507407,58.47354166666676,59,1458.8
1,B,PREDATOR,40,125.99749999999922,500,493.1500000000021,1,72,100.0,26.765486111111013,1375,1458.8
1,B,PREDATOR,41,20.902500000000117,326,493.1500000000021,334,10,94.02565868263457,55.006750000000025,250,1458.8
1,B,PREDATOR,42,92.49249999999913,490,493.1500000000021,337,22,91.03332344213605,14.822500000000185,394,1458.8
1,B,PREDATOR,43,39.86250000000003,380,493.1500000000021,337,8,90.47284866468806,20.946562499999963,53,1458.8
1,B,PREDATOR,44,777.5225000000031,442,493.1500000000021,0,69,0.0,38.65467391304354,1131,1458.8
1,B,PREDATOR,45,90.10999999999889,436,493.1500000000021,261,137,82.54773946360147,52.47821167883218,1757,1458.8
1,B,PREDATOR,46,29.94500000000032,192,493.1500000000021,337,43,95.92670623145385,36.993023255814116,199,1458.8
1,B,PREDATOR,47,29.230000000000395,277,493.1500000000021,333,166,88.39276276276266,35.28147590361459,1352,1458.8
1,B,PREDATOR,48,12.194999999999352,413,493.1500000000021,4,9,100.0,12.438611111111427,27,1458.8
1,B,PREDATOR,49,364.1950000000029,392,493.1500000000021,0,64,0.0,31.39382812499983,1320,1458.8
1,B,PREDATOR,50,92.50249999999848,408,493.1500000000021,59,106,84.15152542372877,58.529198113207585,1773,1458.8
1,B,PREDATOR,51,55.35749999999886,344,493.1500000000021,0,67,0.0,54.319776119402725,973,1458.8
1,B,PREDATOR,52,96.7374999999985,500,493.1500000000021,0,5,0.0,15.144000000000577,33,1458.8
1,B,PREDATOR,53,40.242500000000376,342,493.1500000000021,335,9,93.86952238805954,60.632500000000036,239,1458.8
1,B,PREDATOR,54,-12.759999999999986,276,493.1500000000021,97,102,84.77144329896905,72.1846323529412,1108,1458.8
1,B,PREDATOR,55,225.6500000000036,448,493.1500000000021,0,55,0.0,18.508818181818274,1120,1458.8
1,B,PREDATOR,56,39.28250000000041,384,493.1500000000021,0,116,0.0,48.850797413793174,1575,1458.8
1,B,PREDATOR,57,145.31500000000193,276,493.1500000000021,1,116,100.0,50.17607758620692,1707,1458.8
1,B,PREDATOR,58,64.9574999999984,476,493.1500000000021,0,101,0.0,47.25113861386147,1655,1458.8
1,B,PREDATOR,59,-12.859999999999983,286,493.1500000000021,3,10,100.0,51.97499999999981,30,1458.8
1,B,PREDATOR,60,55.44749999999892,281,493.1500000000021,2,90,100.0,49.86841666666665,1460,1458.8
1,B,PREDATOR,61,39.24750000000047,347,493.1500000000021,10,10,100.0,21.054750000000354,20,1458.8
1,B,PREDATOR,62,-12.799999999999985,280,493.1500000000021,170,112,82.00923529411759,57.38564732142864,1188,1458.8
1,B,PREDATOR,63,68.49499999999888,237,493.1500000000021,2,102,100.0,66.38710784313724,1060,1458.8
1,B,PREDATOR,64,55.30249999999885,282,493.1500000000021,248,121,82.38693548387093,57.86950413223141,1979,1458.8
1,B,PREDATOR,65,654.6450000000012,500,493.1500000000021,150,121,82.62266666666663,46.843925619834835,2626,1458.8
1,B,PREDATOR,66,13.984999999999621,288,493.1500000000021,337,10,96.13943620178028,37.3387500000002,112,1458.8
1,B,PREDATOR,67,52.9249999999988,448,493.1500000000021,57,100,91.60947368421053,64.79244999999996,2187,1458.8
1,B,PREDATOR,68,2.5800000000000516,242,493.1500000000021,337,23,94.1815133531155,36.78076086956532,149,1458.8
1,B,PREDATOR,69,323.812500000002,500,493.1500000000021,118,119,82.87355932203388,46.6014705882353,3753,1458.8
1,B,PREDATOR,70,39.157500000000695,410,493.1500000000021,3,80,100.0,33.483593749999955,1568,1458.8
1,B,PREDATOR,71,3.3000000000000345,170,493.1500000000021,326,51,93.69533742331286,61.4307352941177,452,1458.8
1,B,PREDATOR,72,69.4499999999987,420,493.1500000000021,0,58,0.0,23.746465517241493,989,1458.8
1,B,PREDATOR,73,2.220000000000052,278,493.1500000000021,330,86,94.03487878787877,57.045523255814025,882,1458.8
1,B,PREDATOR,74,83.68249999999905,198,493.1500000000021,292,70,89.50243150684926,61.17557142857151,618,1458.8
1,B,PREDATOR,75,516.5925000000025,500,493.1500000000021,38,96,90.34736842105262,61.828359375000026,3685,1458.8
1,B,PREDATOR,76,-12.020000000000001,202,493.1500000000021,53,61,91.3856603773585,73.09827868852446,717,1458.8
1,B,PREDATOR,77,-12.299999999999995,230,493.1500000000021,336,12,92.76235119047597,41.08437500000017,125,1458.8
1,B,PREDATOR,78,452.83500000000186,389,493.1500000000021,0,97,0.0,41.91755154639165,2011,1458.8
1,B,PREDATOR,79,39.11750000000044,414,493.1500000000021,33,114,87.88151515151513,60.093114035087794,1323,1458.8
1,B,PREDATOR,80,54.789999999999715,313,493.1500000000021,0,93,0.0,59.24647849462371,1477,1458.8
1,B,PREDATOR,81,-11.780000000000001,178,493.1500000000021,332,42,95.24921686746983,67.29690476190478,383,1458.8
1,B,PREDATOR,82,428.9900000000001,500,493.1500000000021,0,92,0.0,35.70641304347817,2167,1458.8
1,B,PREDATOR,83,957.6300000000025,500,493.1500000000021,0,79,0.0,54.25639240506324,2319,1458.8
1,B,PREDATOR,84,906.9075000000037,500,493.1500000000021,0,4,0.0,3.5049999999998023,1009,1458.8
1,B,PREDATOR,85,-13.609999999999967,361,493.1500000000021,336,41,92.83360119047596,29.016707317073337,394,1458.8
1,B,PREDATOR,86,604.3000000000033,451,493.1500000000021,337,8,94.44246290801166,26.62250000000015,224,1458.8
1,B,PREDATOR,87,14.004999999999667,286,493.1500000000021,333,17,94.71672672672659,44.448382352941294,304,1458.8
1,B,PREDATOR,88,720.3800000000022,325,493.1500000000021,21,119,85.81095238095237,57.81844537815129,2682,1458.8
1,B,PREDATOR,89,48.29750000000043,273,493.1500000000021,198,109,89.34742424242422,67.8827981651376,1995,1458.8
1,B,PREDATOR,90,507.2875000000038,500,493.1500000000021,282,140,88.46822695035456,54.25621428571436,4234,1458.8
1,B,PREDATOR,91,198.13000000000238,500,493.1500000000021,1,44,100.0,55.97414772727233,2401,1458.8
1,B,PREDATOR,92,39.05000000000047,441,493.1500000000021,286,104,84.79552447552445,58.16240384615389,1149,1458.8
1,B,PREDATOR,93,701.4625000000024,500,493.1500000000021,335,21,96.40847761194023,25.005238095238248,971,1458.8
1,B,PREDATOR,94,256.815000000002,253,493.1500000000021,4,101,100.0,49.94819306930698,1142,1458.8
1,B,PREDATOR,95,13.959999999999576,304,493.1500000000021,7,12,100.0,27.0164583333334,31,1458.8
1,B,PREDATOR,96,-12.249999999999996,225,493.1500000000021,194,144,79.86061855670098,51.44003472222235,1588,1458.8
1,B,PREDATOR,97,53.42249999999899,335,493.1500000000021,336,43,88.78619047619011,33.7485465116281,369,1458.8
1,B,PREDATOR,98,39.02500000000067,457,493.1500000000021,0,62,0.0,66.49629032258045,2292,1458.8
1,B,PREDATOR,99,128.41750000000144,500,493.1500000000021,0,69,0.0,27.366304347826144,1692,1458.8
1,B,PREDATOR,100,184.91250000000284,472,493.1500000000021,0,10,0.0,28.850999999999885,937,1458.8
1,B,PREDATOR,101,-11.840000000000002,184,493.1500000000021,7,12,100.0,55.73770833333332,26,1458.8
1,B,PREDATOR,102,-12.239999999999997,224,493.1500000000021,336,13,95.64931547619037,48.91423076923076,109,1458.8
1,B,PREDATOR,103,705.8200000000028,439,493.1500000000021,309,150,89.26087378640773,43.36875000000005,2782,1458.8
1,B,PREDATOR,104,41.09500000000075,500,493.1500000000021,2,110,96.27999999999986,39.98779545454546,2987,1458.8
1,B,PREDATOR,105,378.2425000000022,363,493.1500000000021,0,84,0.0,35.48580357142863,1275,1458.8
1,B,PREDATOR,106,12.864999999999435,400,493.1500000000021,11,5,100.0,18.918000000000067,25,1458.8
1,B,PREDATOR,107,13.247499999999759,355,493.1500000000021,158,86,87.44284810126581,74.29587209302332,1082,1458.8
1,B,PREDATOR,108,251.9150000000036,479,493.1500000000021,0,94,0.0,42.64930851063821,1148,1458.8
1,B,PREDATOR,109,-11.930000000000001,193,493.1500000000021,9,13,100.0,62.264038461538426,52,1458.8
1,B,PREDATOR,110,613.4475000000037,500,493.1500000000021,0,60,0.0,24.09187499999978,1305,1458.8
1,B,PREDATOR,111,863.7850000000024,500,493.1500000000021,334,67,91.13377245508954,14.165858208955372,1102,1458.8
1,B,PREDATOR,112,12.854999999999412,401,493.1500000000021,293,147,81.12576791808868,62.938639455782344,1703,1458.8
1,B,PREDATOR,113,-12.030000000000001,203,493.1500000000021,334,82,94.54023952095805,55.531554878048844,643,1458.8
1,B,PREDATOR,114,14.164999999999646,270,493.1500000000021,237,127,80.7803375527426,62.93316929133867,1290,1458.8
1,B,PREDATOR,115,1416.4300000000007,500,493.1500000000021,0,59,0.0,57.3211016949149,1861,1458.8
1,B,PREDATOR,116,902.9325000000039,500,493.1500000000021,0,2,0.0,21.755000000000052,559,1458.8
1,B,PREDATOR,117,664.4100000000038,500,493.1500000000021,0,19,0.0,8.42210526315804,442,1458.8
1,B,PREDATOR,118,-13.02999999999998,303,493.1500000000021,335,16,96.63835820895514,46.932187500000175,303,1458.8
1,B,PREDATOR,119,58.61499999999916,448,493.1500000000021,0,5,0.0,25.627000000000226,31,1458.8
1,B,PREDATOR,120,6.9199999999995985,258,493.1500000000021,337,14,95.93771513353103,37.25839285714302,111,1458.8
1,B,PREDATOR,121,983.6925000000023,487,493.1500000000021,1,137,100.0,43.927700729927,2749,1458.8
1,B,PREDATOR,122,505.8150000000007,500,493.1500000000021,0,119,0.0,52.48829831932767,4513,1458.8
1,B,PREDATOR,123,857.120000000004,500,493.1500000000021,104,89,89.6543269230769,67.60730337078645,1815,1458.8
1,B,PREDATOR,124,28.740000000000634,326,493.1500000000021,280,115,87.36846428571427,54.21956521739127,1481,1458.8
1,B,PREDATOR,125,13.554999999999678,331,493.1500000000021,1,76,100.0,58.57016447368409,1225,1458.8
1,B,PREDATOR,126,38.41250000000056,417,493.1500000000021,0,108,0.0,40.70576388888894,1836,1458.8
1,B,PREDATOR,127,561.1000000000034,500,493.1500000000021,1,43,100.0,18.092558139534642,994,1458.8
1,B,PREDATOR,128,40.0075000000006,379,493.1500000000021,5,5,100.0,19.517000000000216,39,1458.8
1,B,PREDATOR,129,-12.359999999999994,236,493.1500000000021,337,10,97.49035608308597,38.15575000000012,107,1458.8
1,B,PREDATOR,130,109.41999999999919,500,493.1500000000021,88,101,82.93034090909089,51.571757425742504,3017,1458.8
1,B,PREDATOR,131,13.602499999999532,306,493.1500000000021,337,12,97.59732937685452,27.646041666667017,202,1458.8
1,B,PREDATOR,132,40.13000000000042,360,493.1500000000021,0,81,0.0,54.51768518518498,1377,1458.8
1,B,PREDATOR,133,360.88250000000164,297,493.1500000000021,0,95,0.0,45.35007894736843,1452,1458.8
1,B,PREDATOR,134,140.83500000000208,500,493.1500000000021,124,127,83.673064516129,46.731220472441066,3591,1458.8
1,B,PREDATOR,135,-13.219999999999976,322,493.1500000000021,333,41,85.9392792792791,64.5773780487805,501,1458.8
1,B,PREDATOR,136,1857.0375000000033,500,493.1500000000021,328,166,87.95689024390235,56.93414156626495,3168,1458.8
1,B,PREDATOR,137,397.61750000000376,500,493.1500000000021,293,152,85.56815699658699,42.39680921052645,2657,1458.8
1,B,PREDATOR,138,54.6724999999987,372,493.1500000000021,1,70,100.0,53.33992857142816,1018,1458.8
1,B,PREDATOR,139,55.04999999999908,395,493.1500000000021,0,46,0.0,20.68461956521752,1359,1458.8
1,B,PREDATOR,140,833.3050000000031,500,493.1500000000021,13,102,94.43769230769227,44.178651960784386,2643,1458.8
1,B,PREDATOR,141,970.0275000000005,500,493.1500000000021,10,110,91.169,48.3190227272727,3449,1458.8
1,B,PREDATOR,142,1938.9300000000017,500,493.1500000000021,0,86,0.0,61.81642441860458,3784,1458.8
1,B,PREDATOR,143,13.1924999999995,320,493.1500000000021,336,33,85.02877976190423,31.664924242424362,283,1458.8
1,B,PREDATOR,144,646.6975000000011,500,493.1500000000021,0,60,0.0,51.1924166666664,1922,1458.8
1,B,PREDATOR,145,63.557499999998676,314,493.1500000000021,1,47,100.0,43.95601063829774,655,1458.8
1,B,PREDATOR,146,13.84499999999955,302,493.1500000000021,337,32,93.60163204747751,25.651171875000134,220,1458.8
1,B,PREDATOR,147,-12.819999999999984,282,493.1500000000021,4,82,100.0,69.90826219512199,983,1458.8
1,B,PREDATOR,148,39.462500000000574,417,493.1500000000021,109,101,91.24,49.755643564356525,1667,1458.8
1,B,PREDATOR,149,2.8700000000000454,213,493.1500000000021,268,130,89.57600746268655,61.002019230769264,988,1458.8
1,B,PREDATOR,150,93.57749999999815,395,493.1500000000021,3,84,100.0,43.2594940476191,1224,1458.8
1,B,PREDATOR,151,362.9125000000002,500,493.1500000000021,0,82,0.0,51.48987804878022,1746,1458.8
1,B,PREDATOR,152,156.05500000000296,500,493.1500000000021,0,6,0.0,9.615833333333649,1161,1458.8
1,B,PREDATOR,153,426.48500000000246,357,493.1500000000021,0,95,0.0,38.45013157894747,1473,1458.8
1,B,PREDATOR,154,38.91500000000028,459,493.1500000000021,2,72,100.0,22.953715277777803,1034,1458.8
1,B,PREDATOR,155,37.79499999999988,382,493.1500000000021,270,131,84.17288888888886,59.533511450381674,1709,1458.8
1,B,PREDATOR,156,-12.709999999999987,271,493.1500000000021,300,146,87.35983333333327,52.3804109589042,2144,1458.8
1,B,PREDATOR,157,-12.509999999999991,251,493.1500000000021,332,31,97.06388554216865,62.29056451612909,268,1458.8
1,B,PREDATOR,158,140.44500000000318,500,493.1500000000021,0,93,0.0,41.01325268817208,1762,1458.8
1,B,PREDATOR,159,1048.2775000000033,500,493.1500000000021,90,110,83.23166666666664,52.72061363636371,2718,1458.8
1,B,PREDATOR,160,39.012500000000564,411,493.1500000000021,203,96,82.33034482758617,59.78953125000009,1155,1458.8
1,B,PREDATOR,161,114.79249999999833,354,493.1500000000021,4,10,100.0,25.52099999999992,71,1458.8
1,B,PREDATOR,162,3.2500000000000373,175,493.1500000000021,250,127,82.77279999999996,61.45509842519692,1033,1458.8
1,B,PREDATOR,163,111.82999999999853,339,493.1500000000021,329,66,95.00711246200603,38.02000000000013,632,1458.8
1,B,PREDATOR,164,-11.81,181,493.1500000000021,6,12,99.59999999999998,54.75541666666675,29,1458.8
1,B,PREDATOR,165,-13.659999999999966,366,493.1500000000021,308,70,81.22597402597387,51.077607142857254,812,1458.8
1,B,PREDATOR,166,599.1550000000037,491,493.1500000000021,0,3,0.0,6.054166666667096,1358,1458.8
1,B,PREDATOR,167,158.5150000000008,482,493.1500000000021,0,42,0.0,25.873869047619245,1227,1458.8
1,B,PREDATOR,168,-12.419999999999993,242,493.1500000000021,325,40,92.44858461538453,58.00250000000011,491,1458.8
1,B,PREDATOR,169,275.1050000000031,410,493.1500000000021,3,73,100.0,55.86308219178045,1322,1458.8
1,B,PREDATOR,170,52.81999999999878,429,493.1500000000021,0,83,0.0,53.52153614457821,2329,1458.8
1,B,PREDATOR,171,-12.939999999999982,294,493.1500000000021,331,168,91.79456193353464,33.66568452380969,1353,1458.8
1,B,PREDATOR,172,13.989999999999716,301,493.1500000000021,0,77,0.0,58.2792532467531,1011,1458.8
1,B,PREDATOR,173,27.952500000000732,398,493.1500000000021,309,151,87.40537216828467,47.42293046357627,1527,1458.8
1,B,PREDATOR,174,46.800000000000296,281,493.1500000000021,1,145,100.0,50.99551724137939,2226,1458.8
1,B,PREDATOR,175,13.199999999999472,353,493.1500000000021,64,77,88.14671874999996,68.54600649350651,1044,1458.8
1,B,PREDATOR,176,-11.760000000000002,176,493.1500000000021,337,55,97.13397626112754,46.16795454545465,318,1458.8
1,B,PREDATOR,177,954.4675000000028,500,493.1500000000021,3,57,100.0,29.642368421052396,1381,1458.8
1,B,PREDATOR,178,1998.1500000000017,500,493.1500000000021,1,52,100.0,41.01442307692297,1279,1458.8
1,B,PREDATOR,179,14.587499999999656,221,493.1500000000021,336,41,96.93223214285705,48.48493902439036,346,1458.8
1,B,PREDATOR,180,95.81499999999888,252,493.1500000000021,336,15,91.6394345238093,42.938333333333404,214,1458.8
1,B,PREDATOR,181,40.20000000000034,353,493.1500000000021,1,7,100.0,28.136071428571523,33,1458.8
1,B,PREDATOR,182,13.042499999999437,389,493.1500000000021,337,4,93.46086053412438,40.92999999999993,173,1458.8
1,B,PREDATOR,183,128.6825000000019,419,493.1500000000021,0,87,0.0,25.60261494252892,1551,1458.8
1,B,PREDATOR,184,128.14750000000004,500,493.1500000000021,337,4,93.93866468842714,52.63687500000016,452,1458.8
1,B,PREDATOR,185,75.66249999999934,500,493.1500000000021,0,86,0.0,30.694796511628013,2063,1458.8
1,B,PREDATOR,186,1299.1950000000024,452,493.1500000000021,226,121,84.70831858407077,58.23262396694214,3269,1458.8
1,B,PREDATOR,187,291.2750000000027,462,493.1500000000021,0,90,0.0,48.3768055555556,1319,1458.8
1,B,PREDATOR,188,87.8174999999982,444,493.1500000000021,337,4,95.61750741839747,7.621250000000253,21,1458.8
1,B,PREDATOR,189,2.6400000000000503,236,493.1500000000021,239,103,90.9497071129707,62.808956310679655,921,1458.8
1,B,PREDATOR,190,29.202500000000434,273,493.1500000000021,6,13,100.0,39.59961538461568,53,1458.8
1,B,PREDATOR,191,28.93750000000034,207,493.1500000000021,337,13,88.35305637982174,44.55038461538475,97,1458.8
1,B,PREDATOR,192,13.622499999999489,331,493.1500000000021,337,10,92.79489614243299,23.028250000000224,192,1458.8
1,B,PREDATOR,193,14.627499999999662,217,493.1500000000021,320,54,91.83281249999997,66.50430555555559,524,1458.8
1,B,PREDATOR,194,163.9550000000025,500,493.1500000000021,335,15,95.80116417910436,44.16450000000015,405,1458.8
1,B,PREDATOR,195,1306.425000000003,500,493.1500000000021,0,78,0.0,31.468750000000053,2378,1458.8
1,B,PREDATOR,196,197.55250000000277,500,493.1500000000021,1,45,100.0,36.04399999999967,938,1458.8
1,B,PREDATOR,197,73.43499999999821,500,493.1500000000021,2,2,100.0,8.10499999999996,34,1458.8
1,B,PREDATOR,198,101.51499999999803,500,493.1500000000021,0,112,0.0,55.324419642857116,1377,1458.8
1,B,PREDATOR,199,-13.239999999999975,324,493.1500000000021,0,109,0.0,55.95536697247711,1309,1458.8
1,B,PREDATOR,200,115.04499999999831,449,493.1500000000021,335,4,89.08558208955192,54.63500000000034,344,1458.8
1,B,PREDATOR,201,48.73000000000084,500,493.1500000000021,0,86,0.0,41.0149418604651,1575,1458.8
1,B,PREDATOR,202,-12.359999999999994,236,493.1500000000021,333,11,93.14066066066042,50.76431818181839,50,1458.8
1,B,PREDATOR,203,494.08250000000334,489,493.1500000000021,0,33,0.0,10.605303030303176,1462,1458.8
1,B,PREDATOR,204,14.209999999999601,276,493.1500000000021,240,74,80.7385416666665,61.47236486486493,717,1458.8
1,B,PREDATOR,205,66.25249999999974,441,493.1500000000021,6,6,99.955,11.993750000000338,28,1458.8
1,B,PREDATOR,206,190.17750000000382,500,493.1500000000021,1,28,100.0,18.868392857142933,1437,1458.8
1,B,PREDATOR,207,584.1400000000027,387,493.1500000000021,89,131,89.2111235955056,60.47206106870234,2908,1458.8
1,B,PREDATOR,208,2.570000000000052,243,493.1500000000021,330,58,94.15399999999995,57.08168103448282,574,1458.8
1,B,PREDATOR,209,463.10000000000315,500,493.1500000000021,0,3,0.0,13.979999999999718,1344,1458.8
1,B,PREDATOR,210,28.83250000000058,310,493.1500000000021,1,128,100.0,45.627597656250096,1410,1458.8
1,B,PREDATOR,211,579.3575000000034,462,493.1500000000021,0,54,0.0,20.079212962963176,1038,1458.8
1,B,PREDATOR,212,162.15500000000267,461,493.1500000000021,0,59,0.0,57.74508474576209,1825,1458.8
1,B,PREDATOR,213,28.412500000000648,352,493.1500000000021,0,97,0.0,51.1090979381442,1344,1458.8
1,B,PREDATOR,214,49.00000000000061,500,493.1500000000021,250,147,79.25499999999994,40.32632653061238,3326,1458.8
1,B,PREDATOR,215,198.0325000000024,500,493.1500000000021,1,41,100.0,55.0215853658532,1109,1458.8
1,B,PREDATOR,216,-13.689999999999966,369,493.1500000000021,1,59,100.0,29.601186440678124,1229,1458.8
1,B,PREDATOR,217,40.07750000000041,372,493.1500000000021,284,157,76.66457746478868,41.51020700636962,1728,1458.8
1,B,PREDATOR,218,1417.8000000000018,500,493.1500000000021,0,112,0.0,51.63825892857152,2283,1458.8
1,B,PREDATOR,219,526.5675000000034,500,493.1500000000021,3,78,100.0,27.032147435897514,1877,1458.8
1,B,PREDATOR,220,108.05999999999831,444,493.1500000000021,0,96,0.0,57.29479166666655,1310,1458.8
1,B,PREDATOR,221,656.7175000000032,485,493.1500000000021,16,97,86.979375,36.06234536082479,3274,1458.8
1,B,PREDATOR,222,137.50749999999852,500,493.1500000000021,21,132,96.34666666666665,50.367424242424356,3182,1458.8
1,B,PREDATOR,223,201.66750000000107,500,493.1500000000021,0,44,0.0,16.18079545454558,1196,1458.8
1,B,PREDATOR,224,53.44749999999969,427,493.1500000000021,336,8,94.85794642857128,41.996249999999904,282,1458.8
1,B,PREDATOR,225,476.7450000000027,500,493.1500000000021,1,38,100.0,13.359605263157967,1685,1458.8
1,B,PREDATOR,226,-13.089999999999979,309,493.1500000000021,334,66,86.37694610778414,37.65155303030316,580,1458.8
1,B,PREDATOR,227,310.64000000000334,434,493.1500000000021,37,92,93.44702702702702,61.583206521739086,1418,1458.8
1,B,PREDATOR,228,1725.512500000003,500,493.1500000000021,0,53,0.0,26.777264150943505,898,1458.8
1,B,PREDATOR,229,2.7700000000000458,223,493.1500000000021,10,11,100.0,43.83977272727279,22,1458.8
1,B,PREDATOR,230,143.60750000000178,500,493.1500000000021,228,135,86.2946929824561,51.338574074074174,2726,1458.8
1,B,PREDATOR,231,683.7950000000033,500,493.1500000000021,161,126,85.58161490683226,54.72486111111111,2829,1458.8
1,B,PREDATOR,232,740.260000000001,500,493.1500000000021,1,105,100.0,33.963261904762014,1666,1458.8
1,B,PREDATOR,233,1115.055000000003,500,493.1500000000021,0,43,0.0,11.87250000000014,1349,1458.8
1,B,PREDATOR,234,136.97750000000164,251,493.1500000000021,48,78,83.56312499999991,69.42429487179493,907,1458.8
1,B,PREDATOR,235,24.702500000000768,397,493.1500000000021,337,11,92.88525222551907,36.130909090909114,196,1458.8
1,B,PREDATOR,236,1.9700000000000646,303,493.1500000000021,336,79,94.35898809523793,27.904525316455885,585,1458.8
1,B,PREDATOR,237,312.4400000000036,500,493.1500000000021,337,8,91.8470326409493,18.629062500000227,308,1458.8
1,B,PREDATOR,238,75.42999999999806,500,493.1500000000021,337,4,87.55086053412415,19.323750000000057,25,1458.8
1,B,PREDATOR,239,409.36500000000217,500,493.1500000000021,1,78,100.0,40.18903846153858,1941,1458.8
1,B,PREDATOR,240,500.9375000000028,500,493.1500000000021,4,118,77.89249999999996,53.15394067796606,3785,1458.8
1,B,PREDATOR,241,-13.889999999999961,389,493.1500000000021,3,7,100.0,30.426428571428964,35,1458.8
1,B,PREDATOR,242,29.48250000000025,245,493.1500000000021,328,41,95.55353658536578,54.7883536585367,444,1458.8
1,B,PREDATOR,243,180.40000000000356,500,493.1500000000021,0,40,0.0,8.327875000000143,1260,1458.8
1,B,PREDATOR,244,350.69750000000175,363,493.1500000000021,3,121,100.0,49.278595041322376,1398,1458.8
1,B,PREDATOR,245,2561.11999999995,500,493.1500000000021,336,7,91.52014880952348,30.135000000000215,232,1458.8
1,B,PREDATOR,246,75.66999999999821,500,493.1500000000021,0,17,0.0,11.157500000000098,292,1458.8
1,B,PREDATOR,247,630.7850000000026,357,493.1500000000021,1,105,100.0,45.63111904761915,1653,1458.8
1,B,PREDATOR,248,-12.819999999999984,282,493.1500000000021,337,35,94.42848664688408,27.200857142857267,303,1458.8
1,B,PREDATOR,249,407.5850000000021,500,493.1500000000021,1,137,98.52999999999994,42.167901459854086,2442,1458.8
1,B,PREDATOR,250,38.54250000000065,458,493.1500000000021,0,67,0.0,34.80768656716425,1124,1458.8
1,B,PREDATOR,251,65.04249999999809,427,493.1500000000021,1,51,100.0,32.47999999999975,1174,1458.8
1,B,PREDATOR,252,1613.6775000000027,500,493.1500000000021,296,154,85.46652027027021,53.56488636363634,2865,1458.8
1,B,PREDATOR,253,670.4225000000035,500,493.1500000000021,0,45,0.0,21.378666666666305,1222,1458.8
1,B,PREDATOR,254,139.5575000000027,378,493.1500000000021,0,85,0.0,53.35170588235285,1279,1458.8
1,B,PREDATOR,255,885.2575000000031,500,493.1500000000021,0,58,0.0,35.88452586206883,2156,1458.8
1,B,PREDATOR,256,54.20749999999837,414,493.1500000000021,312,156,84.02714743589739,40.302259615384706,3312,1458.8
1,B,PREDATOR,257,12.33999999999939,385,493.1500000000021,7,71,100.0,51.442429577464445,1429,1458.8
1,B,PREDATOR,258,202.77250000000257,454,493.1500000000021,0,43,0.0,12.322151162790853,1035,1458.8
1,B,PREDATOR,259,295.7600000000015,500,493.1500000000021,5,119,98.91999999999996,51.22861344537816,3891,1458.8
1,B,PREDATOR,260,412.12000000000353,500,493.1500000000021,317,135,89.52731861198734,40.698981481481546,3066,1458.8
1,B,PREDATOR,261,39.07250000000065,432,493.1500000000021,335,166,94.36074626865663,30.84457831325319,1611,1458.8
1,B,PREDATOR,262,13.454999999999488,341,493.1500000000021,0,122,0.0,63.83008196721314,1635,1458.8
1,B,PREDATOR,263,276.8900000000022,500,493.1500000000021,0,51,0.0,36.33671568627427,1111,1458.8
1,B,PREDATOR,264,141.77500000000293,500,493.1500000000021,1,40,100.0,15.306000000000102,661,1458.8
1,B,PREDATOR,265,96.81249999999959,500,493.1500000000021,166,151,82.15361445783125,36.96284768211933,2382,1458.8
1,B,PREDATOR,266,29.252500000000246,268,493.1500000000021,336,14,92.9992857142855,42.71178571428572,73,1458.8
1,B,PREDATOR,267,66.02749999999868,423,493.1500000000021,337,16,94.78534124629064,21.868281250000138,447,1458.8
1,B,PREDATOR,268,572.7400000000025,500,493.1500000000021,2,67,100.0,20.556977611940418,1240,1458.8
1,B,PREDATOR,269,137.09499999999917,500,493.1500000000021,0,103,0.0,45.898155339805854,1627,1458.8
1,B,PREDATOR,270,269.8450000000027,382,493.1500000000021,0,72,0.0,26.729062500000246,1235,1458.8
1,B,PREDATOR,271,879.197500000003,500,493.1500000000021,0,63,0.0,34.50928571428551,1567,1458.8
1,B,PREDATOR,272,6.907499999999407,383,493.1500000000021,337,54,91.4872106824923,29.18958333333353,629,1458.8
1,B,PREDATOR,273,38.72750000000075,480,493.1500000000021,9,3,100.0,10.73333333333312,30,1458.8
1,B,PREDATOR,274,13.667499999999558,313,493.1500000000021,3,112,100.0,52.40444196428575,1402,1458.8
1,B,PREDATOR,275,793.1275000000021,500,493.1500000000021,337,5,88.81427299703212,43.19750000000017,168,1458.8
1,B,PREDATOR,276,1192.712500000003,500,493.1500000000021,0,43,0.0,7.667790697674551,1124,1458.8
1,B,PREDATOR,277,13.272499999999456,366,493.1500000000021,0,62,0.0,54.514395161290224,1251,1458.8
1,B,PREDATOR,278,1813.6300000000017,500,493.1500000000021,337,4,91.39445103857534,34.15812499999992,90,1458.8
1,B,PREDATOR,279,106.00999999999773,483,493.1500000000021,0,74,0.0,15.704898648648685,1222,1458.8
1,B,PREDATOR,280,3155.492499999983,500,493.1500000000021,336,5,93.41726190476167,45.4514999999998,288,1458.8
1,B,PREDATOR,281,102.33249999999863,500,493.1500000000021,3,4,100.0,29.40812500000022,31,1458.8
1,B,PREDATOR,282,267.32000000000255,368,493.1500000000021,0,94,0.0,41.17835106382982,1412,1458.8
1,B,PREDATOR,283,115.27999999999895,413,493.1500000000021,0,73,0.0,44.66003424657539,2556,1458.8
1,B,PREDATOR,284,159.3925000000035,447,493.1500000000021,0,89,0.0,41.15862359550565,1613,1458.8
1,B,PREDATOR,285,816.8925000000039,500,493.1500000000021,0,32,0.0,17.312499999999936,979,1458.8
1,B,PREDATOR,286,494.0975000000033,500,493.1500000000021,46,95,83.35717391304347,49.75626315789473,3783,1458.8
1,B,PREDATOR,287,2.2200000000000593,278,493.1500000000021,0,87,0.0,56.99459770114936,1259,1458.8
1,B,PREDATOR,288,98.31999999999793,456,493.1500000000021,336,4,91.43607142857114,35.88812499999976,206,1458.8
1,B,PREDATOR,289,38.38500000000071,494,493.1500000000021,1,53,100.0,32.968820754716724,1657,1458.8
1,B,PREDATOR,290,-12.389999999999993,239,493.1500000000021,12,11,99.92750000000001,34.73068181818185,30,1458.8
1,B,PREDATOR,291,508.7300000000025,363,493.1500000000021,0,83,0.0,56.1881927710842,2108,1458.8
1,B,PREDATOR,292,40.75750000000057,304,493.1500000000021,4,13,100.0,28.426538461538538,56,1458.8
1,B,PREDATOR,293,14.172499999999639,276,493.1500000000021,0,82,0.0,40.086219512195186,964,1458.8
1,B,PREDATOR,294,-13.00999999999998,301,493.1500000000021,4,12,100.0,26.34583333333372,27,1458.8
1,B,PREDATOR,295,-11.81,181,493.1500000000021,337,13,98.28014836795246,54.755576923076966,148,1458.8
1,B,PREDATOR,296,54.084999999997855,478,493.1500000000021,2,88,100.0,46.75872159090897,1815,1458.8
1,B,PREDATOR,297,12.194999999999302,455,493.1500000000021,229,131,82.16366812227069,51.18477099236649,2367,1458.8
1,B,PREDATOR,298,2877.2199999999566,500,493.1500000000021,5,116,100.0,58.29219827586212,2201,1458.8
1,B,PREDATOR,299,308.72250000000344,500,493.1500000000021,0,42,0.0,15.29934523809542,1447,1458.8
1,B,PREDATOR,300,40.35000000000011,359,493.1500000000021,1,91,100.0,31.038956043956194,1354,1458.8
1,B,PREDATOR,301,99.92999999999803,500,493.1500000000021,0,51,0.0,16.8110784313723,1513,1458.8
1,B,PREDATOR,302,48.25750000000059,500,493.1500000000021,0,3,0.0,12.39916666666636,1010,1458.8
1,B,PREDATOR,303,277.7049999999988,500,493.1500000000021,337,18,94.19166172106803,28.168055555555718,416,1458.8
1,B,PREDATOR,304,925.7700000000016,500,493.1500000000021,0,66,0.0,25.45651515151526,1401,1458.8
1,B,PREDATOR,305,167.86750000000328,500,493.1500000000021,1,42,100.0,62.353214285713854,1014,1458.8
1,B,PREDATOR,306,27.31000000000087,469,493.1500000000021,2,43,100.0,47.556744186046025,1305,1458.8
1,B,PREDATOR,307,1151.7524999999994,500,493.1500000000021,327,166,86.41749235473993,41.403825301204975,1851,1458.8
1,B,PREDATOR,308,12.394999999999383,420,493.1500000000021,8,4,100.0,17.502500000000545,29,1458.8
1,B,PREDATOR,309,39.19249999999977,447,493.1500000000021,0,39,0.0,22.75858974358968,1404,1458.8
1,B,PREDATOR,310,102.23499999999817,500,493.1500000000021,0,70,0.0,32.135928571428444,1188,1458.8
1,B,PREDATOR,311,12.429999999999373,403,493.1500000000021,92,136,88.10228260869565,62.14273897058835,1893,1458.8
1,B,PREDATOR,312,692.2075000000027,500,493.1500000000021,0,69,0.0,52.96242753623142,1621,1458.8
1,B,PREDATOR,313,355.0175000000039,500,493.1500000000021,1,63,100.0,52.82630952380943,1485,1458.8
1,B,PREDATOR,314,863.7250000000017,500,493.1500000000021,0,64,0.0,48.23964843749978,2224,1458.8
1,B,PREDATOR,315,1624.597500000002,500,493.1500000000021,1,110,100.0,34.73059090909105,2528,1458.8
1,B,PREDATOR,316,13.114999999999467,375,493.1500000000021,2,7,100.0,22.716428571428793,28,1458.8
1,B,PREDATOR,317,45.97000000000065,418,493.1500000000021,1,77,100.0,63.975032467532344,1763,1458.8
1,B,PREDATOR,318,146.88250000000224,500,493.1500000000021,334,4,95.25733532934115,62.57499999999957,301,1458.8
1,B,PREDATOR,319,153.322500000001,500,493.1500000000021,337,24,90.45614243323406,17.621666666666915,813,1458.8
1,B,PREDATOR,320,48.729999999999585,500,493.1500000000021,0,96,0.0,53.06479166666662,3414,1458.8
1,B,PREDATOR,321,210.6050000000034,500,493.1500000000021,245,145,80.5256326530612,39.449017241379444,3570,1458.8
1,B,PREDATOR,322,1197.1650000000027,500,493.1500000000021,0,72,0.0,46.78038194444413,1695,1458.8
1,B,PREDATOR,323,213.6100000000025,470,493.1500000000021,0,15,0.0,12.569166666666558,1130,1458.8
1,B,PREDATOR,324,77.44999999999763,472,493.1500000000021,1,69,100.0,61.188985507246116,1313,1458.8
1,B,PREDATOR,325,633.8025000000036,500,493.1500000000021,1,43,100.0,9.954011627906924,1386,1458.8
1,B,PREDATOR,326,73.9749999999979,500,493.1500000000021,0,62,0.0,25.739919354838836,1331,1458.8
1,B,PREDATOR,327,476.5475000000005,500,493.1500000000021,288,141,90.01249999999999,50.72950354609931,2687,1458.8
1,B,PREDATOR,328,12.279999999999314,469,493.1500000000021,5,3,100.0,23.431666666666555,31,1458.8
1,B,PREDATOR,329,39.35500000000065,397,493.1500000000021,331,42,93.5907854984894,58.89226190476194,525,1458.8
1,B,PREDATOR,330,604.8975000000036,500,493.1500000000021,0,89,0.0,51.14362359550559,1737,1458.8
1,B,PREDATOR,331,39.08750000000046,471,493.1500000000021,141,87,83.6342553191489,47.18741379310346,2287,1458.8
1,B,PREDATOR,332,75.52749999999789,500,493.1500000000021,0,70,0.0,53.18478571428542,1468,1458.8
1,B,PREDATOR,333,29.615000000000357,225,493.1500000000021,316,57,89.62082278481009,70.91052631578948,616,1458.8
1,B,PREDATOR,334,38.06750000000073,492,493.1500000000021,2,27,100.0,43.28407407407354,835,1458.8
1,B,PREDATOR,335,20.712500000000006,291,493.1500000000021,302,149,86.60711920529799,61.95911073825506,1441,1458.8
1,B,PREDATOR,336,-13.339999999999973,334,493.1500000000021,0,62,0.0,62.45169354838678,1233,1458.8
1,B,PREDATOR,337,907.6050000000032,500,493.1500000000021,258,125,87.69081395348836,40.13038000000014,3828,1458.8
1,B,PREDATOR,338,838.6025000000018,500,493.1500000000021,334,78,88.26443113772423,17.97775641025655,1134,1458.8
1,B,PREDATOR,339,262.2700000000016,500,493.1500000000021,105,116,82.40485714285711,51.45681034482769,3656,1458.8
1,B,PREDATOR,340,891.1800000000021,500,493.1500000000021,1,12,100.0,12.192083333333471,1482,1458.8
1,B,PREDATOR,341,342.3850000000025,500,493.1500000000021,2,31,100.0,20.257419354838785,1092,1458.8
1,B,PREDATOR,342,371.1075000000031,500,493.1500000000021,0,5,0.0,9.159999999999888,1229,1458.8
1,B,PREDATOR,343,1037.5825000000034,500,493.1500000000021,0,62,0.0,61.22778225806414,1981,1458.8
1,B,PREDATOR,344,2.3400000000000514,266,493.1500000000021,142,100,78.79802816901406,67.84542500000006,966,1458.8
1,B,PREDATOR,345,-13.559999999999969,356,493.1500000000021,0,103,0.0,56.16199029126208,2151,1458.8
1,B,PREDATOR,346,-13.209999999999976,321,493.1500000000021,112,120,85.21321428571426,66.40233333333339,1449,1458.8
1,B,PREDATOR,347,54.879999999998354,358,493.1500000000021,9,54,100.0,48.336388888888536,805,1458.8
1,B,PREDATOR,348,261.7250000000029,500,493.1500000000021,0,52,0.0,21.049182692307543,1182,1458.8
1,B,PREDATOR,349,89.64999999999792,500,493.1500000000021,0,50,0.0,33.595349999999854,1817,1458.8
1,B,PREDATOR,350,75.66249999999857,500,493.1500000000021,0,45,0.0,25.313277777778037,1274,1458.8
2,A,PREY,1,225.3600000000001,14,6069.980999999974,35,10,100.0,85.56999999999996,3,317.4
2,A,PREY,2,11982.57999999994,342,6069.980999999974,335,28,93.92008955223862,57.36187499999999,191,317.4
2,A,PREY,3,102.85999999999997,14,6069.980999999974,39,14,99.0025641025641,66.93964285714284,5,317.4
2,A,PREY,4,64.36000000000003,14,6069.980999999974,37,10,99.57135135135135,85.05999999999997,3,317.4
2,A,PREY,5,2908.8999999999787,160,6069.980999999974,331,67,95.22694864048337,65.71787313432836,379,317.4
2,A,PREY,6,144.3500000000001,15,6069.980999999974,43,11,99.69558139534884,78.3563636363636,3,317.4
2,A,PREY,7,15914.99999999992,500,6069.980999999974,338,112,98.14881656804732,43.60198660714277,1404,317.4
2,A,PREY,8,1424.5200000000002,48,6069.980999999974,76,12,98.70197368421051,72.36145833333327,13,317.4
2,A,PREY,9,4623.119999999983,138,6069.980999999974,337,26,98.78373887240353,59.0357692307692,92,317.4
2,A,PREY,10,1304.5100000000002,49,6069.980999999974,73,11,96.7458904109589,78.25863636363628,7,317.4
2,A,PREY,11,62.85,15,6069.980999999974,36,10,98.19555555555554,88.70799999999997,6,317.4
2,A,PREY,12,691.8700000000005,63,6069.980999999974,318,17,95.51833333333335,78.07941176470582,56,317.4
2,A,PREY,13,12901.699999999935,380,6069.980999999974,334,38,97.26514970059878,62.69361842105262,288,317.4
2,A,PREY,14,17410.07999999997,492,6069.980999999974,297,148,82.06696969696966,61.779763513513544,1177,317.4
2,A,PREY,15,106.94,6,6069.980999999974,34,10,98.90352941176471,84.232,1,317.4
2,A,PREY,16,15954.729999999909,477,6069.980999999974,337,20,97.9256676557863,62.147624999999984,207,317.4
2,A,PREY,17,12462.929999999937,357,6069.980999999974,224,125,82.05790178571424,70.19427999999998,1241,317.4
2,A,PREY,18,8868.499999999958,250,6069.980999999974,213,145,86.15990610328637,71.1917931034483,1056,317.4
2,A,PREY,19,9441.02999999995,297,6069.980999999974,334,48,95.9400898203592,61.87427083333326,347,317.4
2,A,PREY,20,6575.149999999969,335,6069.980999999974,322,52,94.08282608695644,57.17870192307691,343,317.4
2,A,PREY,21,6662.289999999973,271,6069.980999999974,337,25,99.37667655786349,60.91569999999987,118,317.4
2,A,PREY,22,12833.889999999923,411,6069.980999999974,336,56,98.40535714285713,54.59808035714287,425,317.4
2,A,PREY,23,8865.579999999962,242,6069.980999999974,337,12,99.34356083086051,52.89958333333323,23,317.4
2,A,PREY,24,226.3700000000001,13,6069.980999999974,32,12,99.9915625,71.8895833333333,4,317.4
2,A,PREY,25,9557.929999999926,407,6069.980999999974,333,21,97.08339339339332,55.240119047618975,167,317.4
2,A,PREY,26,462.8500000000001,15,6069.980999999974,41,12,99.9670731707317,75.66833333333331,6,317.4
2,A,PREY,27,7886.179999999964,232,6069.980999999974,337,20,96.21525222551917,71.2497499999999,170,317.4
2,A,PREY,28,5326.059999999972,194,6069.980999999974,328,53,95.22682926829268,71.03311320754716,280,317.4
2,A,PREY,29,17211.499999999945,500,6069.980999999974,338,7,96.78215976331347,59.19714285714207,39,317.4
2,A,PREY,30,18550.500000000015,500,6069.980999999974,334,168,91.12110778443103,51.7033928571428,1942,317.4
2,A,PREY,31,16441.999999999938,500,6069.980999999974,338,10,97.24781065088747,48.1809999999998,86,317.4
2,A,PREY,32,17594.999999999967,500,6069.980999999974,237,146,80.78054852320669,67.55561643835605,1514,317.4
2,A,PREY,33,18353.0,500,6069.980999999974,4,87,100.0,60.76456896551678,1078,317.4
2,A,PREY,34,1945.2400000000005,76,6069.980999999974,219,16,87.73173515981735,64.80624999999996,32,317.4
2,A,PREY,35,2308.2899999999977,71,6069.980999999974,310,14,92.3464193548387,68.90178571428565,43,317.4
2,A,PREY,36,3489.649999999983,135,6069.980999999974,325,68,94.99747692307687,63.463860294117616,304,317.4
2,A,PREY,37,10299.249999999942,325,6069.980999999974,311,127,91.14006430868166,62.124212598425224,786,317.4
2,A,PREY,38,4929.4399999999805,156,6069.980999999974,333,23,96.59834834834832,81.09478260869557,183,317.4
2,A,PREY,39,2371.4699999999975,103,6069.980999999974,336,13,97.35598214285713,72.92461538461525,58,317.4
2,A,PREY,40,15169.999999999913,500,6069.980999999974,304,149,81.01470394736837,56.56065436241617,1119,317.4
2,A,PREY,41,27.420000000000016,8,6069.980999999974,29,10,99.99068965517242,88.22799999999998,4,317.4
2,A,PREY,42,15359.999999999915,500,6069.980999999974,338,27,98.96023668639053,62.288333333333135,224,317.4
2,A,PREY,43,9785.419999999956,258,6069.980999999974,334,90,92.07104790419154,57.77644444444446,397,317.4
2,A,PREY,44,8963.009999999958,249,6069.980999999974,303,153,87.85379537953793,68.48506535947718,1336,317.4
2,A,PREY,45,7143.919999999967,208,6069.980999999974,328,164,84.72734756097559,59.76689024390241,1003,317.4
2,A,PREY,46,4547.249999999985,125,6069.980999999974,337,12,98.11225519287832,70.6189583333332,66,317.4
2,A,PREY,47,17710.999999999996,500,6069.980999999974,263,154,75.51353612167294,48.934301948051946,1516,317.4
2,A,PREY,48,15224.289999999924,421,6069.980999999974,292,124,90.40832191780821,56.6525403225807,930,317.4
2,A,PREY,49,4827.09999999996,240,6069.980999999974,289,142,85.795294117647,58.11443661971836,900,317.4
2,A,PREY,50,13156.369999999933,363,6069.980999999974,292,146,86.88928082191778,65.31510273972606,833,317.4
2,A,PREY,51,1425.5000000000002,50,6069.980999999974,247,11,91.3548987854251,81.71227272727266,16,317.4
2,A,PREY,52,17128.999999999945,500,6069.980999999974,336,14,99.32017857142857,42.51089285714295,260,317.4
2,A,PREY,53,3345.429999999986,157,6069.980999999974,317,55,94.62015772870659,69.56922727272722,353,317.4
2,A,PREY,54,-12.55,5,6069.980999999974,34,11,98.67852941176471,77.82727272727271,1,317.4
2,A,PREY,55,2667.6999999999957,80,6069.980999999974,336,18,98.99869047619048,72.48958333333326,50,317.4
2,A,PREY,56,1705.4900000000002,51,6069.980999999974,126,13,90.11325396825397,72.50269230769229,18,317.4
2,A,PREY,57,12783.019999999939,348,6069.980999999974,336,62,97.01318452380941,44.08403225806459,510,317.4
2,A,PREY,58,10353.949999999935,355,6069.980999999974,336,10,99.32160714285712,57.13299999999971,87,317.4
2,A,PREY,59,774.0900000000009,141,6069.980999999974,330,48,94.92596969696967,68.53171874999998,309,317.4
2,A,PREY,60,14580.459999999926,404,6069.980999999974,336,167,91.21550595238088,66.95191616766455,2068,317.4
2,A,PREY,61,102.86,14,6069.980999999974,39,13,99.28153846153846,73.80749999999998,7,317.4
2,A,PREY,62,6466.2499999999745,175,6069.980999999974,336,77,93.38249999999988,50.72551948051951,326,317.4
2,A,PREY,63,319.35000000000053,65,6069.980999999974,144,14,92.54319444444445,62.642499999999984,19,317.4
2,A,PREY,64,26.430000000000007,7,6069.980999999974,33,11,98.66848484848485,77.22181818181815,1,317.4
2,A,PREY,65,6826.6099999999715,189,6069.980999999974,335,10,98.40758208955219,65.9049999999996,38,317.4
2,A,PREY,66,12951.549999999905,495,6069.980999999974,328,47,97.1444207317073,68.3652127659574,390,317.4
2,A,PREY,67,3505.499999999991,100,6069.980999999974,337,13,91.2515133531157,67.65269230769212,18,317.4
2,A,PREY,68,12311.689999999931,381,6069.980999999974,295,112,88.08847457627117,63.7345535714286,830,317.4
2,A,PREY,69,5943.849999999977,215,6069.980999999974,335,25,93.08110447761176,64.20760000000003,152,317.4
2,A,PREY,70,790.5200000000003,48,6069.980999999974,118,11,93.62838983050847,79.61999999999995,28,317.4
2,A,PREY,71,3985.769999999988,173,6069.980999999974,321,77,93.9566043613707,62.78889610389608,386,317.4
2,A,PREY,72,1160.6100000000001,39,6069.980999999974,69,12,97.36260869565218,71.39208333333328,8,317.4
2,A,PREY,73,1382.4600000000003,54,6069.980999999974,223,13,89.67044843049328,67.83884615384612,12,317.4
2,A,PREY,74,18995.00000000003,500,6069.980999999974,337,5,90.42842729970285,44.11299999999958,91,317.4
2,A,PREY,75,8027.869999999955,263,6069.980999999974,335,20,98.22382089552235,58.73737499999997,121,317.4
2,A,PREY,76,636.0700000000007,93,6069.980999999974,337,11,95.18934718100888,85.25249999999983,33,317.4
2,A,PREY,77,25.410000000000018,9,6069.980999999974,35,10,95.69114285714286,85.26399999999998,2,317.4
2,A,PREY,78,68.47,3,6069.980999999974,32,10,98.31343749999999,88.534,3,317.4
2,A,PREY,79,16083.499999999918,500,6069.980999999974,338,14,99.38449704142009,67.5926785714283,123,317.4
2,A,PREY,80,103.32999999999998,17,6069.980999999974,36,11,95.77666666666666,82.01636363636362,6,317.4
2,A,PREY,81,4186.849999999987,115,6069.980999999974,16,11,99.9325,76.29068181818153,27,317.4
2,A,PREY,82,14703.089999999927,391,6069.980999999974,337,63,92.73934718100867,42.87559523809524,409,317.4
2,A,PREY,83,16110.499999999905,500,6069.980999999974,338,16,92.2810946745559,38.95625000000001,75,317.4
2,A,PREY,84,12868.039999999906,496,6069.980999999974,336,34,99.2434226190476,59.70749999999992,248,317.4
2,A,PREY,85,7963.999999999947,300,6069.980999999974,312,129,88.79519230769226,54.73110465116284,693,317.4
2,A,PREY,86,8425.579999999964,242,6069.980999999974,295,144,85.69230508474573,67.0482986111111,1518,317.4
2,A,PREY,87,9853.09999999995,290,6069.980999999974,334,59,96.81751497005985,55.82322033898304,467,317.4
2,A,PREY,88,12702.549999999937,345,6069.980999999974,334,67,97.45389221556884,56.426865671641835,345,317.4
2,A,PREY,89,4866.139999999983,136,6069.980999999974,337,12,99.68433234421363,67.26374999999979,24,317.4
2,A,PREY,90,424.76000000000016,24,6069.980999999974,42,11,99.5052380952381,86.59795454545451,10,317.4
2,A,PREY,91,15377.309999999912,469,6069.980999999974,321,152,87.06956386292832,49.743519736842195,951,317.4
2,A,PREY,92,19195.000000000036,500,6069.980999999974,2,120,100.0,62.57220833333297,1618,317.4
2,A,PREY,93,12588.499999999909,500,6069.980999999974,321,160,91.8639875389408,63.20718750000001,1159,317.4
2,A,PREY,94,3743.8299999999886,117,6069.980999999974,330,20,98.14166666666662,64.13849999999996,52,317.4
2,A,PREY,95,106.37999999999997,12,6069.980999999974,31,11,99.99129032258064,81.47659090909089,6,317.4
2,A,PREY,96,2547.779999999997,72,6069.980999999974,305,12,89.94881967213115,73.38041666666659,33,317.4
2,A,PREY,97,304.8000000000001,20,6069.980999999974,30,11,97.01866666666666,86.64522727272725,11,317.4
2,A,PREY,98,17412.999999999964,500,6069.980999999974,335,35,95.39698507462678,63.41299999999988,378,317.4
2,A,PREY,99,14308.069999999907,493,6069.980999999974,332,37,90.12451807228895,65.93209459459452,217,317.4
2,A,PREY,100,14223.789999999926,421,6069.980999999974,283,149,87.43929328621905,71.22219798657719,1491,317.4
2,A,PREY,101,103.34999999999994,15,6069.980999999974,35,12,99.91514285714285,74.82979166666667,4,317.4
2,A,PREY,102,6453.489999999968,201,6069.980999999974,318,159,93.78437106918238,57.93685534591199,846,317.4
2,A,PREY,103,3786.99999999999,100,6069.980999999974,337,12,94.33400593471805,67.74874999999983,9,317.4
2,A,PREY,104,16911.499999999978,500,6069.980999999974,331,50,97.46993957703926,62.85185000000001,427,317.4
2,A,PREY,105,8145.669999999964,233,6069.980999999974,10,99,93.429,65.51095959595952,1048,317.4
2,A,PREY,106,28.470000000000006,3,6069.980999999974,36,10,99.9925,85.456,1,317.4
2,A,PREY,107,4190.269999999974,173,6069.980999999974,295,76,89.21572881355927,74.8573355263158,450,317.4
2,A,PREY,108,4585.639999999984,136,6069.980999999974,337,16,95.53632047477734,65.26109374999984,42,317.4
2,A,PREY,109,13304.22999999991,477,6069.980999999974,325,63,96.38003076923076,61.70178571428569,421,317.4
2,A,PREY,110,66.35000000000002,15,6069.980999999974,33,10,95.67363636363635,84.95199999999997,3,317.4
2,A,PREY,111,18755.000000000015,500,6069.980999999974,338,9,99.25742603550292,56.03972222222201,56,317.4
2,A,PREY,112,17679.499999999985,500,6069.980999999974,338,20,99.51727810650887,61.34149999999987,257,317.4
2,A,PREY,113,9543.859999999955,364,6069.980999999974,314,70,91.26662420382164,70.28374999999998,496,317.4
2,A,PREY,114,18755.000000000025,500,6069.980999999974,338,6,92.54991124260327,49.40666666666619,101,317.4
2,A,PREY,115,63.829999999999934,17,6069.980999999974,44,10,94.11977272727272,87.02474999999995,5,317.4
2,A,PREY,116,1503.4800000000002,52,6069.980999999974,49,12,99.92836734693877,78.91208333333323,13,317.4
2,A,PREY,117,4465.539999999982,146,6069.980999999974,337,20,97.76483679525218,71.61749999999988,89,317.4
2,A,PREY,118,25.340000000000032,16,6069.980999999974,36,11,100.0,80.68636363636361,4,317.4
2,A,PREY,119,6026.4299999999785,157,6069.980999999974,337,68,96.97970326409491,59.73007352941176,388,317.4
2,A,PREY,120,7161.049999999971,295,6069.980999999974,337,18,97.86925816023731,57.046111111110946,127,317.4
2,A,PREY,121,19035.00000000003,500,6069.980999999974,10,8,100.0,30.03624999999961,22,317.4
2,A,PREY,122,61.33000000000002,17,6069.980999999974,40,13,92.47975,71.92057692307691,5,317.4
2,A,PREY,123,11464.379999999945,312,6069.980999999974,334,166,92.41769461077838,57.81653614457832,1309,317.4
2,A,PREY,124,10182.679999999951,282,6069.980999999974,282,127,89.45482269503545,61.31366141732283,826,317.4
2,A,PREY,125,2581.1499999999915,135,6069.980999999974,337,14,97.86008902077143,55.00178571428558,16,317.4
2,A,PREY,126,10148.419999999927,458,6069.980999999974,295,150,90.09030508474575,73.54764999999999,1415,317.4
2,A,PREY,127,16663.56999999994,443,6069.980999999974,264,124,82.63181818181816,58.005786290322604,973,317.4
2,A,PREY,128,7972.979999999959,252,6069.980999999974,324,43,91.6842283950617,71.55424418604646,357,317.4
2,A,PREY,129,18715.00000000002,500,6069.980999999974,338,11,99.31434911242599,59.67386363636347,160,317.4
2,A,PREY,130,453.06000000000034,44,6069.980999999974,61,12,91.49409836065573,75.97937499999996,12,317.4
2,A,PREY,131,3547.2899999999768,171,6069.980999999974,154,80,82.41733766233764,73.89443749999998,682,317.4
2,A,PREY,132,164.49000000000015,51,6069.980999999974,94,12,91.67478723404255,70.58645833333331,8,317.4
2,A,PREY,133,3420.389999999989,111,6069.980999999974,337,10,95.61780415430263,84.04699999999971,72,317.4
2,A,PREY,134,4179.229999999984,127,6069.980999999974,337,34,96.05430267062307,64.6907352941176,116,317.4
2,A,PREY,135,13151.17999999993,382,6069.980999999974,337,71,97.86136498516316,48.629436619718355,374,317.4
2,A,PREY,136,6237.479999999969,202,6069.980999999974,333,36,96.88579579579576,66.9446527777778,245,317.4
2,A,PREY,137,18103.159999999996,484,6069.980999999974,337,10,90.36454005934681,36.31024999999998,118,317.4
2,A,PREY,138,6823.129999999971,187,6069.980999999974,22,11,99.98772727272727,64.24090909090879,12,317.4
2,A,PREY,139,7696.419999999956,258,6069.980999999974,15,11,100.0,57.93568181818136,20,317.4
2,A,PREY,140,16406.999999999905,500,6069.980999999974,337,97,91.01397626112727,48.92399484536024,1252,317.4
2,A,PREY,141,7985.049999999966,245,6069.980999999974,293,146,82.97208191126278,59.22977739726029,977,317.4
2,A,PREY,142,18970.000000000044,500,6069.980999999974,330,165,95.35406060606059,65.02806060606048,2121,317.4
2,A,PREY,143,17158.999999999953,500,6069.980999999974,338,27,94.48769230769209,46.75759259259257,245,317.4
2,A,PREY,144,10611.909999999945,309,6069.980999999974,333,56,97.98588588588586,56.98473214285717,268,317.4
2,A,PREY,145,1824.9400000000003,56,6069.980999999974,104,12,91.87153846153845,79.08333333333327,20,317.4
2,A,PREY,146,2890.5799999999713,192,6069.980999999974,279,98,89.52688172043005,69.6102551020408,632,317.4
2,A,PREY,147,15582.309999999918,469,6069.980999999974,157,107,81.66757961783438,66.68123831775705,1183,317.4
2,A,PREY,148,27.940000000000012,6,6069.980999999974,34,10,99.04617647058822,84.232,1,317.4
2,A,PREY,149,16728.999999999938,500,6069.980999999974,337,39,92.45783382789301,60.55532051282045,229,317.4
2,A,PREY,150,14554.999999999929,500,6069.980999999974,338,6,88.83417159763268,41.95916666666664,79,317.4
2,A,PREY,151,15463.909999999923,409,6069.980999999974,336,13,89.88491071428535,52.49461538461517,92,317.4
2,A,PREY,152,13631.119999999917,438,6069.980999999974,322,161,82.48801242236013,48.10863354037271,1129,317.4
2,A,PREY,153,14261.519999999928,398,6069.980999999974,305,148,88.1694426229508,62.71538851351357,1268,317.4
2,A,PREY,154,15799.459999999914,454,6069.980999999974,316,160,83.71015822784801,66.6954999999997,3074,317.4
2,A,PREY,155,11313.819999999932,368,6069.980999999974,291,146,86.71718213058416,57.698750000000025,969,317.4
2,A,PREY,156,15551.27999999991,472,6069.980999999974,317,156,89.31921135646684,65.00838141025623,1982,317.4
2,A,PREY,157,6252.619999999951,288,6069.980999999974,327,56,96.64755351681956,61.71049107142857,337,317.4
2,A,PREY,158,17579.999999999964,500,6069.980999999974,338,7,95.87295857988151,60.6374999999994,61,317.4
2,A,PREY,159,257.6900000000002,31,6069.980999999974,56,12,97.24696428571428,75.58249999999994,7,317.4
2,A,PREY,160,7225.55999999997,194,6069.980999999974,337,40,98.21388724035603,53.8124375,143,317.4
2,A,PREY,161,10192.769999999942,323,6069.980999999974,313,151,89.37198083067092,62.861440397350954,1984,317.4
2,A,PREY,162,19155.000000000033,500,6069.980999999974,12,5,100.0,46.503499999999306,20,317.4
2,A,PREY,163,18872.500000000025,500,6069.980999999974,338,13,98.94227810650882,54.485192307692124,88,317.4
2,A,PREY,164,3321.7999999999793,170,6069.980999999974,335,23,97.82537313432829,67.29010869565202,93,317.4
2,A,PREY,165,14793.439999999924,406,6069.980999999974,335,46,98.43952238805967,62.199456521739116,363,317.4
2,A,PREY,166,636.1400000000001,36,6069.980999999974,130,12,89.57392307692308,71.04499999999994,8,317.4
2,A,PREY,167,458.67000000000024,33,6069.980999999974,41,13,97.59146341463415,71.89999999999995,10,317.4
2,A,PREY,168,5519.859999999978,164,6069.980999999974,336,29,98.08479166666662,64.67172413793097,129,317.4
2,A,PREY,169,62.83999999999994,16,6069.980999999974,40,11,99.84475,83.61204545454544,7,317.4
2,A,PREY,170,62.25000000000005,25,6069.980999999974,25,11,98.51919999999998,81.96227272727269,6,317.4
2,A,PREY,171,11382.889999999947,311,6069.980999999974,335,55,91.92444776119386,54.42990909090912,267,317.4
2,A,PREY,172,13691.889999999912,461,6069.980999999974,304,102,90.08092105263158,62.329411764705874,756,317.4
2,A,PREY,173,19515.000000000047,500,6069.980999999974,3,80,100.0,64.42653124999954,1522,317.4
2,A,PREY,174,10794.359999999922,414,6069.980999999974,294,145,93.05258503401359,65.57289655172416,1054,317.4
2,A,PREY,175,10417.999999999947,300,6069.980999999974,337,13,95.51032640949539,46.055384615384554,31,317.4
2,A,PREY,176,1704.3800000000003,62,6069.980999999974,191,19,91.6828272251309,66.95750000000001,38,317.4
2,A,PREY,177,186.88000000000008,12,6069.980999999974,35,13,96.58742857142857,70.21211538461536,4,317.4
2,A,PREY,178,17074.49999999994,500,6069.980999999974,338,50,94.10931952662703,43.13545000000002,304,317.4
2,A,PREY,179,16657.999999999964,500,6069.980999999974,335,30,97.4473134328358,62.1854166666666,257,317.4
2,A,PREY,180,904.3800000000009,112,6069.980999999974,331,35,95.62755287009057,68.99692857142853,134,317.4
2,A,PREY,181,16449.99999999991,500,6069.980999999974,338,9,96.25322485207087,51.25472222222198,38,317.4
2,A,PREY,182,905.7000000000002,30,6069.980999999974,30,14,99.842,74.55357142857142,14,317.4
2,A,PREY,183,10551.499999999936,350,6069.980999999974,313,157,79.25450479233218,63.349235668789724,1686,317.4
2,A,PREY,184,9823.269999999955,273,6069.980999999974,336,12,99.07217261904759,69.32604166666648,87,317.4
2,A,PREY,185,385.3100000000001,19,6069.980999999974,42,11,93.8504761904762,83.5297727272727,6,317.4
2,A,PREY,186,14641.249999999922,425,6069.980999999974,195,136,80.86312820512818,54.57637867647062,2383,317.4
2,A,PREY,187,9839.369999999955,263,6069.980999999974,334,42,94.65332335329335,67.51946428571426,207,317.4
2,A,PREY,188,16749.999999999924,500,6069.980999999974,338,13,94.05556213017731,61.443269230769175,111,317.4
2,A,PREY,189,19275.000000000036,500,6069.980999999974,313,90,90.88696485623,57.19366666666668,538,317.4
2,A,PREY,190,14417.31999999991,468,6069.980999999974,330,42,94.69266666666661,66.9036904761904,313,317.4
2,A,PREY,191,17834.999999999978,500,6069.980999999974,290,159,81.30348275862065,59.47767295597487,1591,317.4
2,A,PREY,192,11876.449999999915,455,6069.980999999974,329,164,90.92267477203642,67.84967987804856,2330,317.4
2,A,PREY,193,99.19999999999993,30,6069.980999999974,52,10,98.87307692307692,87.72399999999993,10,317.4
2,A,PREY,194,10343.119999999944,338,6069.980999999974,289,150,79.76062283737018,53.243083333333395,1233,317.4
2,A,PREY,195,13183.519999999937,348,6069.980999999974,334,61,96.69616766467064,65.55770491803275,401,317.4
2,A,PREY,196,3423.3199999999856,118,6069.980999999974,333,38,94.59819819819815,75.72651315789469,178,317.4
2,A,PREY,197,860.0800000000003,42,6069.980999999974,82,13,92.90207317073171,72.49788461538458,13,317.4
2,A,PREY,198,11872.679999999933,382,6069.980999999974,279,149,77.70483870967736,60.15434563758395,1081,317.4
2,A,PREY,199,14807.359999999926,414,6069.980999999974,337,68,96.58178041543016,49.38378676470596,337,317.4
2,A,PREY,200,6949.299999999964,220,6069.980999999974,337,91,98.35356083086052,53.19667582417588,421,317.4
2,A,PREY,201,18145.500000000015,500,6069.980999999974,336,60,91.9843749999998,39.27066666666675,673,317.4
2,A,PREY,202,15622.989999999923,451,6069.980999999974,306,97,84.88418300653592,64.79157216494846,772,317.4
2,A,PREY,203,920.1700000000006,83,6069.980999999974,336,17,94.59824404761903,71.34632352941173,36,317.4
2,A,PREY,204,3976.2099999999846,129,6069.980999999974,329,51,94.01936170212763,66.97622549019609,214,317.4
2,A,PREY,205,13502.409999999934,359,6069.980999999974,332,60,95.67430722891565,68.48991666666667,401,317.4
2,A,PREY,206,2491.689999999995,81,6069.980999999974,326,24,87.42564417177913,69.56760416666661,70,317.4
2,A,PREY,207,1840.6500000000005,85,6069.980999999974,331,26,91.11114803625375,75.75499999999997,90,317.4
2,A,PREY,208,16063.74999999992,425,6069.980999999974,288,144,85.07944444444442,62.00333333333338,1096,317.4
2,A,PREY,209,12952.399999999934,360,6069.980999999974,334,68,95.51754491017955,57.3445955882353,436,317.4
2,A,PREY,210,2905.1399999999935,86,6069.980999999974,335,12,99.00310447761193,70.1235416666666,31,317.4
2,A,PREY,211,607.9500000000004,55,6069.980999999974,139,14,96.16244604316547,69.65071428571426,22,317.4
2,A,PREY,212,88.01999999999994,48,6069.980999999974,186,11,95.24188172043011,69.6565909090908,1,317.4
2,A,PREY,213,3276.409999999987,209,6069.980999999974,328,33,97.96268292682925,70.69477272727269,243,317.4
2,A,PREY,214,2792.1799999999726,182,6069.980999999974,142,139,86.20746478873237,78.02250000000002,1182,317.4
2,A,PREY,215,16899.99999999993,500,6069.980999999974,338,11,94.00390532544357,47.08727272727269,215,317.4
2,A,PREY,216,15440.619999999917,438,6069.980999999974,331,165,90.85217522658604,60.74727272727262,2612,317.4
2,A,PREY,217,1331.720000000001,128,6069.980999999974,313,52,90.49482428115012,75.17322115384614,349,317.4
2,A,PREY,218,6705.159999999961,234,6069.980999999974,271,143,85.7292619926199,67.6705594405595,993,317.4
2,A,PREY,219,18875.000000000022,500,6069.980999999974,326,89,91.49064417177905,44.65848314606755,796,317.4
2,A,PREY,220,786.7500000000001,25,6069.980999999974,33,14,97.64545454545456,72.1705357142857,13,317.4
2,A,PREY,221,18073.99999999998,500,6069.980999999974,335,21,99.22385074626865,72.28011904761892,216,317.4
2,A,PREY,222,10385.219999999952,278,6069.980999999974,313,103,81.18504792332251,60.465873786407755,600,317.4
2,A,PREY,223,3667.179999999985,132,6069.980999999974,297,76,92.8151515151515,71.7707236842105,441,317.4
2,A,PREY,224,11141.259999999947,324,6069.980999999974,332,49,97.59346385542166,61.09153061224493,277,317.4
2,A,PREY,225,18530.000000000007,500,6069.980999999974,313,159,85.55233226837058,66.06643081761005,1598,317.4
2,A,PREY,226,7611.409999999966,209,6069.980999999974,300,147,87.11449999999996,69.25772108843535,1093,317.4
2,A,PREY,227,6822.139999999971,186,6069.980999999974,336,38,98.51610119047616,59.04184210526313,224,317.4
2,A,PREY,228,15979.649999999907,485,6069.980999999974,331,45,93.91700906344396,54.839777777777684,370,317.4
2,A,PREY,229,4265.7999999999865,120,6069.980999999974,337,17,98.55133531157267,64.79411764705867,62,317.4
2,A,PREY,230,1748.0300000000002,47,6069.980999999974,87,13,95.17724137931036,71.83076923076915,11,317.4
2,A,PREY,231,7279.039999999969,196,6069.980999999974,325,79,91.01369230769224,64.00094936708861,404,317.4
2,A,PREY,232,291.54000000000036,46,6069.980999999974,68,12,93.65411764705883,73.81958333333328,9,317.4
2,A,PREY,233,127.86999999999999,63,6069.980999999974,221,11,91.53357466063348,85.36727272727268,37,317.4
2,A,PREY,234,23.340000000000032,16,6069.980999999974,31,11,98.84064516129031,78.40772727272726,4,317.4
2,A,PREY,235,7706.449999999968,205,6069.980999999974,55,99,91.36618181818179,74.07669191919189,876,317.4
2,A,PREY,236,3331.4999999999877,150,6069.980999999974,336,15,99.21583333333332,68.47766666666648,61,317.4
2,A,PREY,237,8865.209999999963,229,6069.980999999974,337,11,98.64400593471808,64.74590909090861,21,317.4
2,A,PREY,238,12204.709999999941,329,6069.980999999974,288,134,91.36972222222221,61.56194029850747,862,317.4
2,A,PREY,239,498.26000000000016,24,6069.980999999974,30,10,99.59966666666668,89.63799999999996,11,317.4
2,A,PREY,240,5865.419999999977,158,6069.980999999974,318,78,90.40761006289304,68.78865384615382,459,317.4
2,A,PREY,241,66.42999999999999,7,6069.980999999974,31,11,99.94774193548388,77.87931818181818,1,317.4
2,A,PREY,242,11833.579999999938,342,6069.980999999974,309,154,87.71686084142391,58.70157467532469,847,317.4
2,A,PREY,243,18540.00000000005,500,6069.980999999974,338,11,91.46053254437841,64.20181818181806,110,317.4
2,A,PREY,244,13937.24999999993,375,6069.980999999974,250,131,79.1463599999999,59.206049618320655,883,317.4
2,A,PREY,245,7943.759999999953,274,6069.980999999974,327,50,85.40660550458688,59.248100000000086,324,317.4
2,A,PREY,246,14263.20999999993,379,6069.980999999974,321,118,93.84205607476635,58.7707627118644,746,317.4
2,A,PREY,247,19143.00000000005,500,6069.980999999974,82,11,93.09365853658535,27.806136363636508,33,317.4
2,A,PREY,248,276.3100000000003,69,6069.980999999974,336,11,96.44452380952382,72.14659090909078,13,317.4
2,A,PREY,249,586.7900000000001,21,6069.980999999974,34,12,99.99205882352942,78.22666666666666,9,317.4
2,A,PREY,250,10620.179999999951,282,6069.980999999974,337,13,98.34884272997027,52.90134615384601,38,317.4
2,A,PREY,251,2226.849999999998,65,6069.980999999974,306,15,92.34294117647059,61.27566666666664,15,317.4
2,A,PREY,252,10984.08999999995,291,6069.980999999974,337,12,91.57540059347151,50.86479166666638,51,317.4
2,A,PREY,253,8341.719999999963,228,6069.980999999974,332,52,91.89653614457822,54.6979807692308,266,317.4
2,A,PREY,254,7892.609999999961,239,6069.980999999974,337,11,99.11999999999996,64.94818181818171,50,317.4
2,A,PREY,255,180.31000000000003,69,6069.980999999974,102,17,93.26509803921567,66.22691176470587,31,317.4
2,A,PREY,256,16003.499999999918,500,6069.980999999974,338,22,99.49606508875739,58.566931818181835,285,317.4
2,A,PREY,257,3420.199999999984,130,6069.980999999974,335,21,98.6508358208955,68.97071428571427,122,317.4
2,A,PREY,258,6620.129999999975,187,6069.980999999974,337,13,98.29267062314533,54.99249999999982,31,317.4
2,A,PREY,259,357.8500000000004,65,6069.980999999974,278,13,90.32676258992805,65.02249999999994,11,317.4
2,A,PREY,260,987.1800000000002,32,6069.980999999974,36,12,99.68166666666666,75.37437499999993,7,317.4
2,A,PREY,261,17694.220000000016,478,6069.980999999974,337,17,95.13106824925799,51.52838235294122,165,317.4
2,A,PREY,262,18779.530000000028,497,6069.980999999974,326,78,95.75444785276073,59.405961538461575,590,317.4
2,A,PREY,263,18145.50000000004,500,6069.980999999974,306,148,87.93614379084966,56.073918918918984,1371,317.4
2,A,PREY,264,17759.999999999978,500,6069.980999999974,338,17,99.29378698224849,58.33220588235284,119,317.4
2,A,PREY,265,15869.99999999992,500,6069.980999999974,335,38,97.00904477611938,61.4040789473684,265,317.4
2,A,PREY,266,17500.819999999978,468,6069.980999999974,273,139,78.38589743589732,53.84178057553969,909,317.4
2,A,PREY,267,11663.519999999948,298,6069.980999999974,337,55,88.58557863501446,37.198272727272794,247,317.4
2,A,PREY,268,2946.679999999994,82,6069.980999999974,326,12,92.87420245398772,72.65854166666655,17,317.4
2,A,PREY,269,558.3800000000003,62,6069.980999999974,176,15,91.19340909090907,70.87766666666666,49,317.4
2,A,PREY,270,6561.649999999961,235,6069.980999999974,335,24,95.34916417910433,61.602708333333226,118,317.4
2,A,PREY,271,16382.739999999934,426,6069.980999999974,337,23,91.36195845697297,49.21239130434775,251,317.4
2,A,PREY,272,7265.57999999997,192,6069.980999999974,274,108,88.86616788321166,73.09502314814813,702,317.4
2,A,PREY,273,4682.0199999999695,198,6069.980999999974,247,110,86.89149797570849,68.6395,685,317.4
2,A,PREY,274,18515.000000000007,500,6069.980999999974,337,8,88.56121661721022,44.16718749999954,40,317.4
2,A,PREY,275,245.51,49,6069.980999999974,90,10,95.90066666666668,84.73999999999987,11,317.4
2,A,PREY,276,11743.399999999945,310,6069.980999999974,330,52,88.94675757575739,59.671875000000014,336,317.4
2,A,PREY,277,585.7700000000001,23,6069.980999999974,43,12,98.01069767441861,81.34645833333333,14,317.4
2,A,PREY,278,2371.099999999995,90,6069.980999999974,337,12,88.88970326409493,67.10166666666649,8,317.4
2,A,PREY,279,10565.689999999951,281,6069.980999999974,331,77,95.86154078549846,62.3159090909091,402,317.4
2,A,PREY,280,25.390000000000008,11,6069.980999999974,28,11,99.81678571428571,80.29795454545453,3,317.4
2,A,PREY,281,18945.000000000055,500,6069.980999999974,338,26,98.56168639053251,59.937884615384554,212,317.4
2,A,PREY,282,8807.959999999957,254,6069.980999999974,336,56,94.52270833333317,50.54808035714287,362,317.4
2,A,PREY,283,18133.000000000004,500,6069.980999999974,338,12,97.24739644970404,59.714374999999684,90,317.4
2,A,PREY,284,345.8500000000001,15,6069.980999999974,33,12,99.94727272727273,77.82499999999997,6,317.4
2,A,PREY,285,295.1800000000001,32,6069.980999999974,61,12,99.65295081967213,73.58333333333329,8,317.4
2,A,PREY,286,16159.999999999909,500,6069.980999999974,338,10,99.62872781065087,47.63299999999991,91,317.4
2,A,PREY,287,7339.62999999996,237,6069.980999999974,332,112,90.15478915662644,54.64091517857149,523,317.4
2,A,PREY,288,6179.769999999973,223,6069.980999999974,336,12,98.57696428571427,74.86874999999982,108,317.4
2,A,PREY,289,10944.64999999995,285,6069.980999999974,337,12,99.3990207715133,51.71145833333319,24,317.4
2,A,PREY,290,17123.49999999995,500,6069.980999999974,338,78,96.66786982248517,54.48464743589744,522,317.4
2,A,PREY,291,17374.99999999995,500,6069.980999999974,338,15,96.96233727810642,57.0294999999998,104,317.4
2,A,PREY,292,299.2600000000001,24,6069.980999999974,43,14,97.55395348837209,67.44517857142854,8,317.4
2,A,PREY,293,12745.18999999994,331,6069.980999999974,337,19,99.3907418397626,49.81934210526304,53,317.4
2,A,PREY,294,13978.779999999932,372,6069.980999999974,335,18,97.63510447761189,63.749583333333234,144,317.4
2,A,PREY,295,1014.6100000000001,39,6069.980999999974,53,11,98.00188679245284,81.06749999999997,10,317.4
2,A,PREY,296,13463.429999999937,357,6069.980999999974,334,165,90.21152694610774,58.190333333333236,1860,317.4
2,A,PREY,297,2625.239999999995,76,6069.980999999974,313,15,89.77460063897763,75.13266666666668,35,317.4
2,A,PREY,298,7862.379999999966,212,6069.980999999974,337,12,99.36228486646883,64.79145833333304,29,317.4
2,A,PREY,299,17088.709999999952,479,6069.980999999974,337,15,96.06471810089008,51.04199999999977,132,317.4
2,A,PREY,300,4269.029999999982,147,6069.980999999974,337,31,99.23905044510386,49.18080645161294,98,317.4
2,A,PREY,301,18.930000000000092,57,6069.980999999974,106,12,93.0933962264151,67.79062499999993,7,317.4
2,A,PREY,302,8815.889999999948,311,6069.980999999974,333,29,95.92915915915906,67.9188793103447,227,317.4
2,A,PREY,303,10541.179999999951,282,6069.980999999974,331,16,97.11999999999996,71.71249999999986,145,317.4
2,A,PREY,304,9633.369999999955,263,6069.980999999974,336,32,98.97544642857143,60.29632812500007,199,317.4
2,A,PREY,305,11024.11999999995,288,6069.980999999974,337,13,99.00127596439165,40.53999999999997,36,317.4
2,A,PREY,306,404.8900000000005,61,6069.980999999974,206,15,89.91082524271843,77.77799999999995,34,317.4
2,A,PREY,307,14031.389999999923,411,6069.980999999974,337,24,98.83379821958454,55.88156250000006,230,317.4
2,A,PREY,308,15338.859999999924,464,6069.980999999974,337,52,98.02851632047475,57.59644230769231,262,317.4
2,A,PREY,309,19530.000000000047,500,6069.980999999974,338,12,98.2526035502958,55.79791666666654,100,317.4
2,A,PREY,310,16821.07999999995,442,6069.980999999974,283,154,81.90508833922254,59.431461038961075,1109,317.4
2,A,PREY,311,253.13,37,6069.980999999974,91,14,95.86956043956043,73.7248214285714,15,317.4
2,A,PREY,312,745.2400000000001,26,6069.980999999974,24,12,100.0,76.22458333333331,8,317.4
2,A,PREY,313,13744.499999999936,350,6069.980999999974,337,10,95.41569732937667,44.428499999999524,14,317.4
2,A,PREY,314,13532.859999999922,414,6069.980999999974,320,59,94.42368749999999,68.6705508474576,471,317.4
2,A,PREY,315,18615.00000000002,500,6069.980999999974,336,51,98.6825,55.70049019607841,315,317.4
2,A,PREY,316,8025.399999999966,210,6069.980999999974,329,92,95.21887537993918,55.25812500000006,498,317.4
2,A,PREY,317,279.37000000000006,13,6069.980999999974,41,10,99.61195121951219,84.21999999999998,4,317.4
2,A,PREY,318,2607.009999999993,99,6069.980999999974,328,15,92.67381097560974,86.73033333333323,87,317.4
2,A,PREY,319,17244.999999999953,500,6069.980999999974,338,4,87.79378698224797,27.701874999999745,27,317.4
2,A,PREY,320,3586.569999999991,93,6069.980999999974,313,22,87.25392971246005,71.1628409090909,84,317.4
2,A,PREY,321,14349.539999999926,396,6069.980999999974,305,151,91.27475409836063,66.87614238410602,1064,317.4
2,A,PREY,322,184.3500000000001,15,6069.980999999974,33,12,99.97545454545455,77.45854166666665,6,317.4
2,A,PREY,323,7217.719999999969,228,6069.980999999974,337,15,97.85026706231447,68.35083333333318,131,317.4
2,A,PREY,324,16421.77999999993,422,6069.980999999974,337,44,95.64498516320464,46.37795454545455,408,317.4
2,A,PREY,325,13824.449999999935,355,6069.980999999974,337,51,94.69543026706215,49.27446078431365,301,317.4
2,A,PREY,326,5522.249999999963,225,6069.980999999974,244,117,83.40491803278687,72.83955128205125,1234,317.4
2,A,PREY,327,19595.00000000005,500,6069.980999999974,338,10,99.08192307692305,57.114249999999814,89,317.4
2,A,PREY,328,19391.50000000006,500,6069.980999999974,317,158,87.30451104100942,56.51534810126581,2249,317.4
2,A,PREY,329,9064.669999999962,233,6069.980999999974,334,27,97.47946107784429,68.82416666666666,230,317.4
2,A,PREY,330,7785.449999999968,205,6069.980999999974,337,16,95.02109792284847,51.74249999999999,40,317.4
2,A,PREY,331,13224.069999999938,343,6069.980999999974,333,28,96.58501501501496,54.89428571428568,195,317.4
2,A,PREY,332,2667.279999999996,72,6069.980999999974,313,12,92.37472843450479,72.9747916666666,19,317.4
2,A,PREY,333,7306.129999999971,187,6069.980999999974,335,50,96.33205970149248,61.42979999999997,265,317.4
2,A,PREY,334,5833.269999999974,173,6069.980999999974,335,33,97.18462686567158,64.66219696969694,153,317.4
2,A,PREY,335,2378.069999999989,143,6069.980999999974,337,12,97.87112759643911,63.50499999999971,26,317.4
2,A,PREY,336,8914.539999999939,346,6069.980999999974,334,156,92.79347305389211,44.809166666666734,838,317.4
2,A,PREY,337,4973.1099999999815,139,6069.980999999974,337,16,97.27344213649843,55.6009375,44,317.4
2,A,PREY,338,19065.000000000025,500,6069.980999999974,338,13,94.20405325443765,57.29384615384585,133,317.4
2,A,PREY,339,15500.919999999924,408,6069.980999999974,34,104,81.8197058823529,60.805192307692366,1481,317.4
2,A,PREY,340,1604.3700000000003,63,6069.980999999974,251,12,91.1489641434263,69.31541666666654,8,317.4
2,A,PREY,341,425.86000000000007,14,6069.980999999974,33,10,99.96727272727273,87.59799999999998,4,317.4
2,A,PREY,342,3644.2999999999884,120,6069.980999999974,337,11,94.95759643916907,70.49295454545432,37,317.4
2,A,PREY,343,9341.84999999996,265,6069.980999999974,331,95,95.88812688821744,42.657894736842174,497,317.4
2,A,PREY,344,108.45000000000002,5,6069.980999999974,31,11,98.98,80.8,3,317.4
2,A,PREY,345,4459.149999999983,135,6069.980999999974,335,24,97.29047761194025,69.77208333333327,126,317.4
2,A,PREY,346,10531.329999999954,267,6069.980999999974,113,82,79.8759292035398,78.29713414634138,1007,317.4
2,A,PREY,347,7145.849999999965,215,6069.980999999974,336,22,91.60696428571403,54.10818181818173,85,317.4
2,A,PREY,348,587.8100000000001,19,6069.980999999974,37,12,97.64837837837838,77.23499999999999,7,317.4
2,A,PREY,349,9103.61999999996,238,6069.980999999974,8,114,99.89875,66.43861842105264,1034,317.4
2,A,PREY,350,18381.78000000001,472,6069.980999999974,268,130,81.27227611940296,68.25694230769228,1208,317.4
2,B,PREDATOR,1,484.66000000000196,386,513.529249999999,319,161,85.1543573667711,52.463059006211125,1560,811.0
2,B,PREDATOR,2,75.86499999999867,500,513.529249999999,7,6,100.0,48.1283333333325,35,811.0
2,B,PREDATOR,3,1150.685000000003,500,513.529249999999,337,9,93.35590504451014,42.33833333333295,77,811.0
2,B,PREDATOR,4,829.0450000000039,500,513.529249999999,330,148,91.63357575757571,54.959138513513516,808,811.0
2,B,PREDATOR,5,-12.55999999999999,256,513.529249999999,161,105,78.62248447204946,63.12876190476192,707,811.0
2,B,PREDATOR,6,1183.5125000000025,500,513.529249999999,163,143,74.13319018404903,44.77409090909097,1048,811.0
2,B,PREDATOR,7,840.042500000003,484,513.529249999999,0,91,0.0,50.14379120879085,2263,811.0
2,B,PREDATOR,8,13.819999999999537,318,513.529249999999,337,11,90.91943620178003,38.60931818181791,26,811.0
2,B,PREDATOR,9,338.12500000000193,314,513.529249999999,330,167,89.52503030303016,45.6979191616767,1241,811.0
2,B,PREDATOR,10,1513.9100000000014,500,513.529249999999,337,8,92.46961424332316,42.1287499999994,88,811.0
2,B,PREDATOR,11,2107.077500000001,500,513.529249999999,337,8,99.27302670623143,50.35187499999989,117,811.0
2,B,PREDATOR,12,167.33500000000396,494,513.529249999999,0,65,0.0,56.283307692307275,993,811.0
2,B,PREDATOR,13,1121.5975000000017,500,513.529249999999,4,91,100.0,64.42439560439527,2135,811.0
2,B,PREDATOR,14,171.32500000000084,500,513.529249999999,337,49,92.541483679525,33.25066326530619,285,811.0
2,B,PREDATOR,15,263.35000000000196,500,513.529249999999,324,167,87.2835185185184,46.795823353293436,1320,811.0
2,B,PREDATOR,16,-12.399999999999993,240,513.529249999999,337,12,95.72421364985158,55.50708333333309,22,811.0
2,B,PREDATOR,17,48.53250000000048,263,513.529249999999,333,54,92.41726726726706,42.7161111111112,224,811.0
2,B,PREDATOR,18,2.570000000000052,243,513.529249999999,335,13,99.7180895522388,59.79711538461522,64,811.0
2,B,PREDATOR,19,1372.540000000002,500,513.529249999999,0,123,0.0,42.49634146341468,1560,811.0
2,B,PREDATOR,20,44.982500000000364,195,513.529249999999,337,76,98.41670623145394,47.935493421052655,336,811.0
2,B,PREDATOR,21,48.662500000000485,500,513.529249999999,9,7,100.0,27.759999999999668,23,811.0
2,B,PREDATOR,22,802.7525000000029,500,513.529249999999,0,117,0.0,57.74918803418775,2335,811.0
2,B,PREDATOR,23,39.2900000000001,438,513.529249999999,0,74,0.0,52.38175675675645,1084,811.0
2,B,PREDATOR,24,75.52749999999926,500,513.529249999999,225,110,70.64177777777773,63.498772727272616,2585,811.0
2,B,PREDATOR,25,38.57999999999991,488,513.529249999999,337,11,92.9554005934715,49.72068181818181,80,811.0
2,B,PREDATOR,26,1934.7000000000023,500,513.529249999999,320,164,81.44471874999991,55.47620426829233,2755,811.0
2,B,PREDATOR,27,-13.359999999999973,336,513.529249999999,337,15,98.58860534124625,56.207333333333324,61,811.0
2,B,PREDATOR,28,134.48500000000266,428,513.529249999999,337,13,99.72302670623144,63.89423076923065,118,811.0
2,B,PREDATOR,29,577.557500000003,500,513.529249999999,335,152,92.0916417910446,34.85353618421063,831,811.0
2,B,PREDATOR,30,96.81499999999824,405,513.529249999999,0,134,0.0,61.66085820895515,1860,811.0
2,B,PREDATOR,31,102.467499999998,500,513.529249999999,278,160,71.18122302158262,60.45504687499988,2166,811.0
2,B,PREDATOR,32,14.219999999999688,278,513.529249999999,337,17,92.575133531157,58.86676470588212,50,811.0
2,B,PREDATOR,33,731.8500000000026,421,513.529249999999,2,163,100.0,51.591901840490706,2046,811.0
2,B,PREDATOR,34,940.102500000001,500,513.529249999999,331,74,88.17305135951634,45.007432432432495,368,811.0
2,B,PREDATOR,35,260.76500000000357,500,513.529249999999,318,143,91.3544339622641,57.427867132867156,722,811.0
2,B,PREDATOR,36,777.6175000000023,500,513.529249999999,0,115,0.0,44.95763043478263,1220,811.0
2,B,PREDATOR,37,12.224999999999627,464,513.529249999999,337,8,92.29175074183938,45.26906249999974,35,811.0
2,B,PREDATOR,38,40.08750000000038,371,513.529249999999,337,10,99.36688427299701,52.41349999999958,25,811.0
2,B,PREDATOR,39,13.822499999999577,311,513.529249999999,12,12,100.0,51.26687499999943,19,811.0
2,B,PREDATOR,40,135.38750000000329,438,513.529249999999,0,92,0.0,49.95937499999991,1830,811.0
2,B,PREDATOR,41,-13.289999999999974,329,513.529249999999,322,160,89.14360248447197,62.19020312499997,1636,811.0
2,B,PREDATOR,42,156.6624999999987,500,513.529249999999,3,9,100.0,31.815277777777496,49,811.0
2,B,PREDATOR,43,41.40250000000065,500,513.529249999999,337,63,85.98608308605289,24.781626984127133,505,811.0
2,B,PREDATOR,44,410.72500000000235,500,513.529249999999,309,155,91.41954692556632,57.930741935483915,906,811.0
2,B,PREDATOR,45,2034.0549999999998,500,513.529249999999,337,8,98.13002967359046,36.10843749999981,124,811.0
2,B,PREDATOR,46,5.8524999999994645,358,513.529249999999,2,12,100.0,49.99104166666627,28,811.0
2,B,PREDATOR,47,544.0725000000036,500,513.529249999999,334,32,88.0660179640716,58.80054687500001,313,811.0
2,B,PREDATOR,48,1081.4150000000022,500,513.529249999999,335,82,93.14991044776094,32.56823170731719,827,811.0
2,B,PREDATOR,49,3476.449999999972,500,513.529249999999,337,9,98.28077151335306,60.57305555555523,196,811.0
2,B,PREDATOR,50,3350.967499999967,500,513.529249999999,297,161,75.15090909090891,55.72062111801227,2054,811.0
2,B,PREDATOR,51,1846.8300000000017,500,513.529249999999,0,106,0.0,47.94490566037731,1068,811.0
2,B,PREDATOR,52,102.90999999999818,500,513.529249999999,0,141,0.0,46.29765957446809,1758,811.0
2,B,PREDATOR,53,1136.5075000000024,500,513.529249999999,0,102,0.0,37.41595588235297,1397,811.0
2,B,PREDATOR,54,542.9325000000036,500,513.529249999999,2,83,100.0,55.37626506024046,1533,811.0
2,B,PREDATOR,55,75.80499999999843,500,513.529249999999,0,121,0.0,62.17778925619822,1953,811.0
2,B,PREDATOR,56,-13.209999999999976,321,513.529249999999,335,48,98.32767164179101,57.95057291666668,304,811.0
2,B,PREDATOR,57,131.0200000000009,410,513.529249999999,337,6,93.8596439169137,45.064583333333225,25,811.0
2,B,PREDATOR,58,2784.059999999993,500,513.529249999999,331,88,85.81924471299075,51.864715909090926,483,811.0
2,B,PREDATOR,59,27.82250000000058,411,513.529249999999,336,19,99.40026785714285,68.43842105263136,110,811.0
2,B,PREDATOR,60,1757.1075000000003,500,513.529249999999,336,13,96.13589285714274,59.46615384615379,231,811.0
2,B,PREDATOR,61,-13.689999999999966,369,513.529249999999,336,25,98.85377976190475,64.94139999999994,179,811.0
2,B,PREDATOR,62,48.79750000000068,500,513.529249999999,4,8,100.0,30.202187499999567,26,811.0
2,B,PREDATOR,63,102.79749999999922,500,513.529249999999,337,22,99.00382789317506,55.38534090909095,160,811.0
2,B,PREDATOR,64,92.92499999999826,494,513.529249999999,1,137,100.0,56.15768248175179,1915,811.0
2,B,PREDATOR,65,1299.1450000000023,500,513.529249999999,330,93,94.34384848484842,56.76827956989251,579,811.0
2,B,PREDATOR,66,668.0575000000033,500,513.529249999999,336,46,93.26809523809504,29.70472826086974,362,811.0
2,B,PREDATOR,67,156.5950000000024,500,513.529249999999,337,11,91.13071216617163,44.81909090909079,76,811.0
2,B,PREDATOR,68,2465.2099999999887,500,513.529249999999,332,167,94.38003012048186,53.801961077844155,1896,811.0
2,B,PREDATOR,69,764.1325000000006,500,513.529249999999,21,138,89.24047619047617,45.87831521739131,1762,811.0
2,B,PREDATOR,70,-13.92999999999996,393,513.529249999999,329,120,94.1326443768996,49.983666666666736,539,811.0
2,B,PREDATOR,71,951.4000000000027,500,513.529249999999,1,121,100.0,57.421900826446304,1358,811.0
2,B,PREDATOR,72,175.69000000000418,500,513.529249999999,333,167,83.81333333333322,52.507799401197374,2533,811.0
2,B,PREDATOR,73,75.6624999999996,500,513.529249999999,0,72,0.0,48.47552083333289,1042,811.0
2,B,PREDATOR,74,1183.432500000001,500,513.529249999999,67,101,87.43373134328357,43.21732673267325,2173,811.0
2,B,PREDATOR,75,2876.8224999999848,500,513.529249999999,337,7,93.15816023738847,48.707142857142436,145,811.0
2,B,PREDATOR,76,3.2600000000000353,174,513.529249999999,337,69,96.88842729970321,54.97644927536233,280,811.0
2,B,PREDATOR,77,358.44750000000244,500,513.529249999999,1,71,100.0,53.15482394366119,1028,811.0
2,B,PREDATOR,78,68.33499999999965,500,513.529249999999,1,98,100.0,50.01025510204084,1123,811.0
2,B,PREDATOR,79,-12.399999999999993,240,513.529249999999,337,34,98.640296735905,38.15338235294119,153,811.0
2,B,PREDATOR,80,-12.129999999999999,213,513.529249999999,336,14,97.55252976190465,55.271249999999846,45,811.0
2,B,PREDATOR,81,602.6825000000036,500,513.529249999999,335,23,96.73976119402977,60.8302173913043,147,811.0
2,B,PREDATOR,82,-12.359999999999994,236,513.529249999999,327,154,89.77740061162072,46.27446428571436,699,811.0
2,B,PREDATOR,83,-12.149999999999999,215,513.529249999999,336,23,98.93907738095236,66.1253260869565,103,811.0
2,B,PREDATOR,84,1901.1700000000008,500,513.529249999999,337,67,97.14130563798216,56.75608208955227,328,811.0
2,B,PREDATOR,85,-12.08,208,513.529249999999,337,25,98.55367952522249,47.431499999999915,72,811.0
2,B,PREDATOR,86,-12.679999999999987,268,513.529249999999,337,11,98.09673590504444,71.85113636363576,103,811.0
2,B,PREDATOR,87,397.6875000000041,500,513.529249999999,334,114,89.77149700598784,40.45918859649134,555,811.0
2,B,PREDATOR,88,139.99250000000268,500,513.529249999999,337,8,92.19216617210651,28.375000000000053,61,811.0
2,B,PREDATOR,89,13.624999999999686,324,513.529249999999,337,59,97.07296735905035,39.25372881355935,240,811.0
2,B,PREDATOR,90,2252.919999999961,500,513.529249999999,337,26,89.92890207715097,34.08230769230765,179,811.0
2,B,PREDATOR,91,423.59750000000196,383,513.529249999999,249,129,75.73253012048187,49.60424418604653,2140,811.0
2,B,PREDATOR,92,1253.287500000003,445,513.529249999999,141,149,81.85234042553179,55.512382550335296,2331,811.0
2,B,PREDATOR,93,13.40999999999953,356,513.529249999999,337,13,98.94658753709194,55.808461538461216,78,811.0
2,B,PREDATOR,94,-13.309999999999974,331,513.529249999999,328,78,95.40810975609752,60.57102564102563,408,811.0
2,B,PREDATOR,95,39.692500000000585,418,513.529249999999,335,169,96.41373134328352,52.0063461538461,1224,811.0
2,B,PREDATOR,96,425.08750000000316,500,513.529249999999,0,58,0.0,50.98293103448229,1442,811.0
2,B,PREDATOR,97,761.820000000004,500,513.529249999999,1,66,100.0,53.279280303029864,1089,811.0
2,B,PREDATOR,98,14.364999999999508,500,513.529249999999,337,16,90.64839762611238,39.14890624999987,102,811.0
2,B,PREDATOR,99,83.3049999999991,500,513.529249999999,337,20,96.33961424332331,38.786249999999896,319,811.0
2,B,PREDATOR,100,94.79749999999841,347,513.529249999999,331,110,96.09015105740174,47.1592500000001,549,811.0
2,B,PREDATOR,101,1281.815000000002,500,513.529249999999,335,48,97.94331343283581,58.327291666666675,310,811.0
2,B,PREDATOR,102,389.3800000000029,500,513.529249999999,331,165,90.87202416918426,58.9753181818182,1318,811.0
2,B,PREDATOR,103,1130.387500000004,500,513.529249999999,3,64,100.0,49.82199218749947,1384,811.0
2,B,PREDATOR,104,1972.7125000000021,500,513.529249999999,336,85,96.56354166666664,51.395735294117664,437,811.0
2,B,PREDATOR,105,-12.679999999999987,268,513.529249999999,306,158,84.28153594771236,57.43533227848104,768,811.0
2,B,PREDATOR,106,1004.9000000000034,455,513.529249999999,1,124,100.0,55.433124999999805,2707,811.0
2,B,PREDATOR,107,482.66000000000207,500,513.529249999999,0,49,0.0,51.03372448979531,1111,811.0
2,B,PREDATOR,108,12.019999999999248,498,513.529249999999,1,108,100.0,49.88990740740724,2152,811.0
2,B,PREDATOR,109,823.140000000003,492,513.529249999999,322,167,81.46636645962707,57.24226047904159,2044,811.0
2,B,PREDATOR,110,849.5150000000029,416,513.529249999999,320,164,86.44637499999992,62.258140243902346,1926,811.0
2,B,PREDATOR,111,-12.829999999999984,283,513.529249999999,316,166,88.31104430379742,66.33814759036137,1854,811.0
2,B,PREDATOR,112,571.4950000000033,475,513.529249999999,311,158,71.06993569131826,55.51240506329103,2401,811.0
2,B,PREDATOR,113,75.8649999999982,500,513.529249999999,0,92,0.0,44.67328804347812,1279,811.0
2,B,PREDATOR,114,12.927499999999755,387,513.529249999999,0,123,0.0,40.84792682926829,1143,811.0
2,B,PREDATOR,115,31.737500000000686,456,513.529249999999,335,10,96.72549253731333,47.27124999999961,49,811.0
2,B,PREDATOR,116,75.72999999999823,500,513.529249999999,4,65,100.0,48.20684615384585,1091,811.0
2,B,PREDATOR,117,28.12250000000072,381,513.529249999999,336,82,94.24139880952366,44.920853658536686,356,811.0
2,B,PREDATOR,118,5149.1724999999715,500,513.529249999999,0,101,0.0,45.47254950495029,2982,811.0
2,B,PREDATOR,119,21.86499999999924,500,513.529249999999,336,169,93.13178571428558,57.24100591715957,1716,811.0
2,B,PREDATOR,120,2039.2175000000016,500,513.529249999999,0,123,0.0,49.76166666666664,1863,811.0
2,B,PREDATOR,121,1497.0475000000029,500,513.529249999999,335,89,96.75916417910442,50.11839887640454,465,811.0
2,B,PREDATOR,122,-14.529999999999948,453,513.529249999999,0,71,0.0,44.24556338028156,881,811.0
2,B,PREDATOR,123,56.789999999999004,221,513.529249999999,85,12,91.76682352941175,57.810416666666356,16,811.0
2,B,PREDATOR,124,1871.0275000000036,500,513.529249999999,333,169,94.63411411411401,47.29560650887557,1845,811.0
2,B,PREDATOR,125,48.730000000000814,500,513.529249999999,0,121,0.0,45.17126033057845,1257,811.0
2,B,PREDATOR,126,21.99999999999928,500,513.529249999999,0,126,0.0,56.82484126984101,2219,811.0
2,B,PREDATOR,127,163.09750000000207,343,513.529249999999,335,77,95.05128358208951,51.94532467532472,398,811.0
2,B,PREDATOR,128,844.1875000000038,500,513.529249999999,337,42,89.45732937685425,37.688809523809496,378,811.0
2,B,PREDATOR,129,537.2400000000034,439,513.529249999999,1,66,100.0,44.34727272727218,894,811.0
2,B,PREDATOR,130,34.20750000000025,380,513.529249999999,0,145,0.0,61.757982758620635,2647,811.0
2,B,PREDATOR,131,13.452499999999693,321,513.529249999999,335,169,90.5665373134327,45.58544378698232,919,811.0
2,B,PREDATOR,132,13.11499999999946,375,513.529249999999,279,118,75.70394265232957,49.00080508474581,647,811.0
2,B,PREDATOR,133,3.1200000000000383,188,513.529249999999,145,116,80.90627586206888,64.20519396551728,808,811.0
2,B,PREDATOR,134,14.522499999999686,241,513.529249999999,301,147,88.16544850498337,64.952806122449,931,811.0
2,B,PREDATOR,135,-12.649999999999988,265,513.529249999999,336,19,95.61095238095227,69.41684210526289,96,811.0
2,B,PREDATOR,136,-12.859999999999983,286,513.529249999999,336,14,99.27020833333333,63.90624999999967,43,811.0
2,B,PREDATOR,137,48.87250000000068,500,513.529249999999,13,10,99.97923076923077,31.187749999999603,20,811.0
2,B,PREDATOR,138,13.95999999999954,304,513.529249999999,240,119,79.13649999999998,71.51321428571424,1351,811.0
2,B,PREDATOR,139,1209.0350000000026,500,513.529249999999,337,34,87.07572700296677,32.19007352941191,292,811.0
2,B,PREDATOR,140,520.0875000000033,500,513.529249999999,333,20,91.80216216216192,60.85437499999981,187,811.0
2,B,PREDATOR,141,-12.779999999999985,278,513.529249999999,233,143,82.8477682403433,61.48900349650352,955,811.0
2,B,PREDATOR,142,12.937499999999405,386,513.529249999999,337,16,99.55471810089021,54.5246875,95,811.0
2,B,PREDATOR,143,102.44499999999908,500,513.529249999999,3,146,100.0,52.62712328767124,1838,811.0
2,B,PREDATOR,144,1006.895000000002,500,513.529249999999,0,82,0.0,45.154329268292564,909,811.0
2,B,PREDATOR,145,466.3975000000036,480,513.529249999999,258,146,82.20069767441856,67.29758561643823,2694,811.0
2,B,PREDATOR,146,906.5724999999995,500,513.529249999999,332,167,86.45168674698779,44.14302395209587,1193,811.0
2,B,PREDATOR,147,38.905000000000385,493,513.529249999999,4,7,100.0,41.596428571428426,26,811.0
2,B,PREDATOR,148,580.8775000000036,500,513.529249999999,0,87,0.0,50.34172413793088,1982,811.0
2,B,PREDATOR,149,2806.134999999981,500,513.529249999999,335,169,93.66173134328352,55.81497041420111,1565,811.0
2,B,PREDATOR,150,75.59499999999925,500,513.529249999999,337,6,99.70275964391692,41.1612499999998,56,811.0
2,B,PREDATOR,151,1274.4575000000032,500,513.529249999999,122,130,76.33303278688517,46.617153846153904,1026,811.0
2,B,PREDATOR,152,54.06249999999823,481,513.529249999999,334,19,90.11008982035888,56.23578947368413,97,811.0
2,B,PREDATOR,153,793.1350000000035,500,513.529249999999,271,159,72.80955719557181,60.23578616352178,2994,811.0
2,B,PREDATOR,154,1030.0825000000038,500,513.529249999999,0,57,0.0,57.84157894736769,1576,811.0
2,B,PREDATOR,155,1258.1200000000024,500,513.529249999999,212,147,77.46566037735832,41.44586734693868,2087,811.0
2,B,PREDATOR,156,12.159999999999426,481,513.529249999999,256,156,77.63769531249996,43.81610576923084,1260,811.0
2,B,PREDATOR,157,680.2250000000035,500,513.529249999999,0,84,0.0,42.40297619047612,1216,811.0
2,B,PREDATOR,158,-13.339999999999973,334,513.529249999999,336,10,97.8311011904761,53.71074999999979,40,811.0
2,B,PREDATOR,159,1031.0675000000028,500,513.529249999999,333,42,96.20348348348347,61.66511904761906,251,811.0
2,B,PREDATOR,160,14.204999999999588,266,513.529249999999,332,22,89.66361445783109,61.011136363636304,121,811.0
2,B,PREDATOR,161,688.7150000000029,500,513.529249999999,321,162,79.9725233644859,52.61310185185183,1542,811.0
2,B,PREDATOR,162,27.57750000000034,422,513.529249999999,332,106,96.12397590361445,58.3556603773585,499,811.0
2,B,PREDATOR,163,1584.0600000000015,500,513.529249999999,315,125,83.68085714285704,43.74718000000005,1029,811.0
2,B,PREDATOR,164,757.7925000000038,500,513.529249999999,334,169,89.1909580838322,42.743239644970494,974,811.0
2,B,PREDATOR,165,2103.7999999999865,500,513.529249999999,337,7,99.11581602373884,64.52285714285681,117,811.0
2,B,PREDATOR,166,617.1775000000029,500,513.529249999999,241,151,82.73157676348544,57.98309602649012,1374,811.0
2,B,PREDATOR,167,682.7650000000027,500,513.529249999999,327,127,88.41333333333316,41.699763779527636,622,811.0
2,B,PREDATOR,168,66.00249999999834,493,513.529249999999,5,7,100.0,39.341071428570565,39,811.0
2,B,PREDATOR,169,260.94750000000306,500,513.529249999999,0,52,0.0,51.911201923076206,1523,811.0
2,B,PREDATOR,170,676.8300000000037,500,513.529249999999,270,137,74.30274074074067,57.41465328467142,1821,811.0
2,B,PREDATOR,171,262.83000000000396,500,513.529249999999,157,141,78.38382165605093,68.9166312056735,2880,811.0
2,B,PREDATOR,172,2481.8374999999696,500,513.529249999999,0,126,0.0,54.12517857142814,3034,811.0
2,B,PREDATOR,173,156.25750000000303,500,513.529249999999,5,10,100.0,34.82324999999986,29,811.0
2,B,PREDATOR,174,13.979999999999736,302,513.529249999999,337,12,92.10946587537063,44.44187499999996,22,811.0
2,B,PREDATOR,175,534.0700000000023,500,513.529249999999,306,153,85.35062091503266,59.80580065359479,889,811.0
2,B,PREDATOR,176,1892.420000000003,500,513.529249999999,6,116,99.86500000000001,67.24517241379299,1917,811.0
2,B,PREDATOR,177,991.0675000000023,416,513.529249999999,333,36,89.9764564564562,47.80368055555556,215,811.0
2,B,PREDATOR,178,6418.409999999948,500,513.529249999999,337,9,97.17851632047469,55.12777777777738,277,811.0
2,B,PREDATOR,179,2003.3325000000023,500,513.529249999999,128,144,75.36835937499997,49.739687500000045,1144,811.0
2,B,PREDATOR,180,-11.81,181,513.529249999999,36,12,93.4388888888889,64.03270833333299,12,811.0
2,B,PREDATOR,181,1119.8150000000035,500,513.529249999999,333,81,97.9745045045045,56.677006172839526,446,811.0
2,B,PREDATOR,182,1473.4225000000026,438,513.529249999999,295,155,85.97061016949148,64.91303225806449,1578,811.0
2,B,PREDATOR,183,2377.2424999999967,500,513.529249999999,325,62,94.32618461538455,53.6372177419355,503,811.0
2,B,PREDATOR,184,-13.00999999999998,301,513.529249999999,337,44,98.88866468842728,42.157386363636334,171,811.0
2,B,PREDATOR,185,2193.084999999963,500,513.529249999999,0,81,0.0,53.765246913579915,1071,811.0
2,B,PREDATOR,186,75.30249999999921,500,513.529249999999,24,91,87.73333333333333,61.14714285714291,922,811.0
2,B,PREDATOR,187,926.2875000000001,500,513.529249999999,0,104,0.0,47.623076923076866,2027,811.0
2,B,PREDATOR,188,1217.6725000000029,500,513.529249999999,109,129,83.09834862385316,44.969050387597,2356,811.0
2,B,PREDATOR,189,-12.98999999999998,299,513.529249999999,337,14,99.71762611275963,50.51285714285708,50,811.0
2,B,PREDATOR,190,2193.0899999999947,500,513.529249999999,234,140,69.47388888888882,59.73126785714277,3036,811.0
2,B,PREDATOR,191,665.1250000000041,500,513.529249999999,334,169,91.96155688622743,43.72109467455626,1263,811.0
2,B,PREDATOR,192,2381.9399999999564,500,513.529249999999,1,137,100.0,53.11607664233564,1835,811.0
2,B,PREDATOR,193,562.2100000000006,500,513.529249999999,42,125,77.43095238095232,74.26622000000002,1051,811.0
2,B,PREDATOR,194,1123.8475000000026,500,513.529249999999,337,4,95.10433234421343,65.90749999999991,67,811.0
2,B,PREDATOR,195,1789.0475000000004,500,513.529249999999,328,165,82.3762804878048,55.494787878787854,1256,811.0
2,B,PREDATOR,196,13.422499999999522,351,513.529249999999,335,41,96.32623880597004,51.20823170731708,271,811.0
2,B,PREDATOR,197,-13.909999999999961,391,513.529249999999,290,159,72.98782758620672,46.51652515723268,2008,811.0
2,B,PREDATOR,198,12.139999999999644,486,513.529249999999,0,108,0.0,47.04722222222223,1150,811.0
2,B,PREDATOR,199,627.9625000000028,500,513.529249999999,329,134,82.64924012158043,49.93966417910452,753,811.0
2,B,PREDATOR,200,658.9750000000017,500,513.529249999999,337,170,91.50590504451016,52.14907352941157,2515,811.0
2,B,PREDATOR,201,-13.259999999999975,326,513.529249999999,303,152,82.88343234323429,68.42449013157886,1628,811.0
2,B,PREDATOR,202,711.4750000000034,500,513.529249999999,276,140,73.23724637681144,50.789357142857206,994,811.0
2,B,PREDATOR,203,1601.217499999999,500,513.529249999999,335,56,94.04985074626848,39.83955357142859,433,811.0
2,B,PREDATOR,204,1138.95,500,513.529249999999,127,157,81.04362204724403,44.37307324840768,1508,811.0
2,B,PREDATOR,205,1277.0125000000012,500,513.529249999999,336,44,99.24794642857142,43.28801136363642,208,811.0
2,B,PREDATOR,206,165.80000000000175,343,513.529249999999,337,40,91.3831454005932,37.692812500000194,325,811.0
2,B,PREDATOR,207,197.8325000000037,500,513.529249999999,337,44,98.14866468842723,42.25181818181823,228,811.0
2,B,PREDATOR,208,1777.319999999999,500,513.529249999999,327,169,89.60807339449529,59.40110946745555,1483,811.0
2,B,PREDATOR,209,3436.669999999981,500,513.529249999999,332,169,90.49855421686733,51.17778106508859,2157,811.0
2,B,PREDATOR,210,-13.409999999999972,341,513.529249999999,337,16,99.50252225519287,59.95140624999979,85,811.0
2,B,PREDATOR,211,219.40000000000276,500,513.529249999999,315,161,80.64003174603154,53.30534161490675,2291,811.0
2,B,PREDATOR,212,39.0525000000009,488,513.529249999999,4,8,100.0,33.63843749999991,32,811.0
2,B,PREDATOR,213,205.43750000000355,500,513.529249999999,337,8,95.65222551928767,49.41187499999968,53,811.0
2,B,PREDATOR,214,39.340000000000586,439,513.529249999999,18,9,99.95833333333333,44.50333333333291,25,811.0
2,B,PREDATOR,215,456.36500000000325,489,513.529249999999,323,162,71.68563467492258,54.907932098765336,1957,811.0
2,B,PREDATOR,216,164.45000000000178,275,513.529249999999,337,29,99.13038575667652,44.20379310344819,123,811.0
2,B,PREDATOR,217,1668.5625000000023,500,513.529249999999,293,152,78.46409556313988,50.53264802631586,1076,811.0
2,B,PREDATOR,218,532.8874999999999,500,513.529249999999,44,142,81.15272727272726,55.014137323943494,2548,811.0
2,B,PREDATOR,219,95.26749999999832,500,513.529249999999,0,154,0.0,53.46623376623357,2864,811.0
2,B,PREDATOR,220,-12.609999999999989,261,513.529249999999,253,164,80.78221343873516,62.20827743902438,1724,811.0
2,B,PREDATOR,221,1682.2100000000012,500,513.529249999999,265,127,83.20124528301885,50.57629921259835,1082,811.0
2,B,PREDATOR,222,1507.0300000000022,500,513.529249999999,222,147,70.43045045045038,55.4199149659862,2777,811.0
2,B,PREDATOR,223,-13.159999999999977,316,513.529249999999,331,118,96.07386706948631,45.585741525423806,696,811.0
2,B,PREDATOR,224,2227.912499999987,500,513.529249999999,325,166,86.30563076923062,41.42317771084347,1537,811.0
2,B,PREDATOR,225,440.9775000000035,487,513.529249999999,0,114,0.0,51.17447368421047,1505,811.0
2,B,PREDATOR,226,1837.3075000000026,500,513.529249999999,0,83,0.0,49.00873493975861,2035,811.0
2,B,PREDATOR,227,200.66750000000218,500,513.529249999999,329,36,95.68948328267471,65.47076388888883,197,811.0
2,B,PREDATOR,228,-14.40999999999995,441,513.529249999999,335,18,90.1038507462683,58.27902777777769,119,811.0
2,B,PREDATOR,229,1014.3950000000019,500,513.529249999999,329,166,91.22772036474154,42.16510542168679,1265,811.0
2,B,PREDATOR,230,13.052499999999414,388,513.529249999999,254,101,72.12019685039346,58.72866336633663,644,811.0
2,B,PREDATOR,231,12.589999999999359,414,513.529249999999,337,6,97.56706231453997,30.832499999999825,37,811.0
2,B,PREDATOR,232,-12.329999999999995,233,513.529249999999,285,149,86.129649122807,61.7288590604027,812,811.0
2,B,PREDATOR,233,27.582500000000806,435,513.529249999999,337,14,98.31890207715128,43.65678571428554,94,811.0
2,B,PREDATOR,234,314.502500000002,500,513.529249999999,0,119,0.0,38.409264705882315,1519,811.0
2,B,PREDATOR,235,143.03499999999855,500,513.529249999999,332,63,97.61246987951804,61.73222222222222,319,811.0
2,B,PREDATOR,236,2268.42249999998,500,513.529249999999,334,105,95.95583832335325,46.79916666666673,570,811.0
2,B,PREDATOR,237,-13.259999999999975,326,513.529249999999,337,25,90.3104154302667,39.81210000000011,164,811.0
2,B,PREDATOR,238,1302.7225000000028,500,513.529249999999,336,47,87.22273809523763,34.94851063829795,374,811.0
2,B,PREDATOR,239,466.8150000000024,414,513.529249999999,2,115,100.0,45.00923913043476,1212,811.0
2,B,PREDATOR,240,1802.1200000000006,500,513.529249999999,330,112,91.1505757575756,46.95162946428576,706,811.0
2,B,PREDATOR,241,724.5775000000019,500,513.529249999999,337,8,92.70994065281872,42.01593749999965,114,811.0
2,B,PREDATOR,242,149.16250000000048,500,513.529249999999,328,86,89.80548780487801,60.50857558139536,470,811.0
2,B,PREDATOR,243,12.547499999999387,425,513.529249999999,4,104,99.39249999999998,53.21355769230774,1071,811.0
2,B,PREDATOR,244,-13.099999999999978,310,513.529249999999,329,165,89.86416413373848,46.72921212121221,848,811.0
2,B,PREDATOR,245,489.96000000000015,500,513.529249999999,337,93,92.62364985163191,44.79728494623661,422,811.0
2,B,PREDATOR,246,39.152500000000614,478,513.529249999999,337,71,97.71002967359041,47.00616197183045,893,811.0
2,B,PREDATOR,247,72.38249999999793,500,513.529249999999,5,9,100.0,33.22888888888881,32,811.0
2,B,PREDATOR,248,3402.417499999971,500,513.529249999999,317,164,85.33362776025228,61.14477134146325,3223,811.0
2,B,PREDATOR,249,802.645000000002,500,513.529249999999,316,166,84.22101265822775,48.75933734939759,2166,811.0
2,B,PREDATOR,250,48.73000000000024,500,513.529249999999,7,9,100.0,33.38444444444413,23,811.0
2,B,PREDATOR,251,-12.609999999999989,261,513.529249999999,337,16,94.51326409495529,38.718750000000156,37,811.0
2,B,PREDATOR,252,102.8049999999975,500,513.529249999999,1,129,100.0,50.97492248061977,2465,811.0
2,B,PREDATOR,253,338.9950000000036,500,513.529249999999,300,156,82.89609999999998,56.5462019230769,1547,811.0
2,B,PREDATOR,254,2107.2724999999937,500,513.529249999999,4,121,100.0,58.295206611570016,2872,811.0
2,B,PREDATOR,255,722.790000000003,500,513.529249999999,0,80,0.0,46.74403124999992,1348,811.0
2,B,PREDATOR,256,122.6874999999977,500,513.529249999999,337,18,94.6159643916912,30.969305555555415,262,811.0
2,B,PREDATOR,257,1150.150000000003,500,513.529249999999,2,86,100.0,62.73386627906936,2156,811.0
2,B,PREDATOR,258,670.7425000000036,500,513.529249999999,0,76,0.0,55.65585526315756,1153,811.0
2,B,PREDATOR,259,99.26749999999775,500,513.529249999999,0,120,0.0,52.50979166666643,2878,811.0
2,B,PREDATOR,260,1891.4675000000032,500,513.529249999999,1,87,100.0,46.5665517241375,2078,811.0
2,B,PREDATOR,261,789.4100000000038,500,513.529249999999,0,119,0.0,54.32426470588217,2251,811.0
2,B,PREDATOR,262,633.6450000000037,500,513.529249999999,0,108,0.0,35.63652777777782,1503,811.0
2,B,PREDATOR,263,615.0825000000018,500,513.529249999999,1,136,100.0,48.605294117646615,3034,811.0
2,B,PREDATOR,264,1561.6125000000025,500,513.529249999999,337,8,88.20086053412415,55.17874999999978,102,811.0
2,B,PREDATOR,265,197.65000000000373,500,513.529249999999,0,68,0.0,45.13194852941141,1085,811.0
2,B,PREDATOR,266,75.8724999999999,500,513.529249999999,8,6,100.0,31.90374999999989,22,811.0
2,B,PREDATOR,267,1780.3775000000019,500,513.529249999999,336,51,85.99175595238057,45.522598039215566,546,811.0
2,B,PREDATOR,268,1138.7350000000033,500,513.529249999999,118,141,76.90915254237282,66.3073936170209,2659,811.0
2,B,PREDATOR,269,1184.3175000000037,500,513.529249999999,329,166,95.60452887537991,58.4831475903615,1183,811.0
2,B,PREDATOR,270,773.4125000000035,500,513.529249999999,209,137,80.52301435406697,62.524270072992614,2199,811.0
2,B,PREDATOR,271,1361.6525000000026,500,513.529249999999,325,167,90.49864615384604,49.25055389221563,1118,811.0
2,B,PREDATOR,272,1331.8125000000011,500,513.529249999999,337,7,92.13816023738842,40.952499999999496,78,811.0
2,B,PREDATOR,273,75.76749999999905,500,513.529249999999,337,60,90.29243323442115,53.57629166666671,268,811.0
2,B,PREDATOR,274,302.3225000000025,500,513.529249999999,0,100,0.0,39.495799999999846,1242,811.0
2,B,PREDATOR,275,1620.1550000000034,500,513.529249999999,70,153,79.87971428571426,59.07411764705862,3049,811.0
2,B,PREDATOR,276,311.73750000000365,500,513.529249999999,1,80,100.0,52.682062499999844,1081,811.0
2,B,PREDATOR,277,250.79000000000323,500,513.529249999999,335,18,96.51614925373126,57.59097222222226,174,811.0
2,B,PREDATOR,278,913.4275000000019,500,513.529249999999,337,71,91.10979228486615,33.082852112676164,535,811.0
2,B,PREDATOR,279,-13.189999999999976,319,513.529249999999,337,14,99.58893175074185,57.11874999999983,58,811.0
2,B,PREDATOR,280,2492.3874999999657,500,513.529249999999,329,142,90.1483282674771,45.43073943661979,739,811.0
2,B,PREDATOR,281,90.79749999999827,500,513.529249999999,0,119,0.0,60.466071428571134,2447,811.0
2,B,PREDATOR,282,2899.954999999977,500,513.529249999999,325,67,92.78267692307688,63.73164179104476,447,811.0
2,B,PREDATOR,283,233.82000000000028,500,513.529249999999,337,14,93.77442136498493,58.114821428571176,117,811.0
2,B,PREDATOR,284,78.29999999999825,363,513.529249999999,333,69,98.42621621621619,47.27836956521746,381,811.0
2,B,PREDATOR,285,454.8400000000031,500,513.529249999999,0,51,0.0,56.19676470588156,772,811.0
2,B,PREDATOR,286,2739.739999999975,500,513.529249999999,0,129,0.0,58.98972868217021,3151,811.0
2,B,PREDATOR,287,979.7200000000007,500,513.529249999999,336,63,92.1334226190475,53.09396825396827,490,811.0
2,B,PREDATOR,288,129.25750000000338,500,513.529249999999,337,9,95.93810089020756,38.26083333333299,49,811.0
2,B,PREDATOR,289,101.21749999999841,352,513.529249999999,336,168,95.93702380952374,61.232723214285635,1360,811.0
2,B,PREDATOR,290,543.1800000000037,500,513.529249999999,155,84,78.29748387096772,43.26375000000001,2076,811.0
2,B,PREDATOR,291,48.4600000000009,500,513.529249999999,174,154,82.76994252873561,39.88014610389614,1578,811.0
2,B,PREDATOR,292,382.9575000000032,464,513.529249999999,0,93,0.0,50.168252688171954,1193,811.0
2,B,PREDATOR,293,1224.9100000000037,500,513.529249999999,0,61,0.0,51.79004098360624,1057,811.0
2,B,PREDATOR,294,94.48499999999889,262,513.529249999999,337,15,93.13896142433214,51.51133333333316,50,811.0
2,B,PREDATOR,295,3420.01499999999,500,513.529249999999,334,169,94.64625748502989,57.33307692307689,1711,811.0
2,B,PREDATOR,296,48.66249999999924,500,513.529249999999,334,169,92.98026946107765,44.09147928994086,1142,811.0
2,B,PREDATOR,297,1342.5975000000033,500,513.529249999999,329,87,93.82185410334337,53.822844827586245,600,811.0
2,B,PREDATOR,298,21.8349999999996,500,513.529249999999,0,59,0.0,54.24317796610115,1105,811.0
2,B,PREDATOR,299,989.3500000000009,500,513.529249999999,336,11,90.7982440476187,56.60659090909067,82,811.0
2,B,PREDATOR,300,454.79500000000394,500,513.529249999999,4,55,100.0,54.26572727272649,938,811.0
2,B,PREDATOR,301,344.1425000000041,500,513.529249999999,0,81,0.0,48.277685185184865,899,811.0
2,B,PREDATOR,302,63.79749999999793,500,513.529249999999,0,45,0.0,49.29849999999939,1237,811.0
2,B,PREDATOR,303,1250.5975000000005,500,513.529249999999,336,169,96.79062499999992,41.23220414201182,1065,811.0
2,B,PREDATOR,304,605.1550000000018,500,513.529249999999,0,81,0.0,43.76450617283937,1126,811.0
2,B,PREDATOR,305,139.60250000000218,500,513.529249999999,5,146,99.56799999999998,57.08917808219161,2994,811.0
2,B,PREDATOR,306,4372.762499999973,500,513.529249999999,337,12,92.33430267062289,51.34583333333308,254,811.0
2,B,PREDATOR,307,27.490000000000734,451,513.529249999999,0,71,0.0,46.99464788732367,875,811.0
2,B,PREDATOR,308,92.89499999999775,467,513.529249999999,215,102,87.11511627906975,62.145539215686185,1395,811.0
2,B,PREDATOR,309,75.46749999999764,500,513.529249999999,136,135,81.07352941176462,41.556518518518594,1583,811.0
2,B,PREDATOR,310,75.03749999999945,500,513.529249999999,334,168,89.12269461077837,53.52684523809508,2472,811.0
2,B,PREDATOR,311,21.864999999999327,500,513.529249999999,3,129,100.0,60.443662790697545,3007,811.0
2,B,PREDATOR,312,246.60250000000408,500,513.529249999999,294,151,78.16401360544207,51.71572847682123,1462,811.0
2,B,PREDATOR,313,2057.494999999945,500,513.529249999999,218,156,73.52697247706406,41.74189102564112,1509,811.0
2,B,PREDATOR,314,563.2474999999997,500,513.529249999999,179,111,79.46346368715074,63.90610360360361,768,811.0
2,B,PREDATOR,315,775.7825000000033,500,513.529249999999,91,121,76.44010989010982,53.69390495867763,2177,811.0
2,B,PREDATOR,316,410.6050000000037,500,513.529249999999,0,75,0.0,58.11856666666593,1849,811.0
2,B,PREDATOR,317,114.79499999999747,500,513.529249999999,337,42,98.30181008902072,31.21267857142865,445,811.0
2,B,PREDATOR,318,1432.8750000000034,500,513.529249999999,0,96,0.0,35.32252604166669,1761,811.0
2,B,PREDATOR,319,21.43250000000039,300,513.529249999999,324,70,85.13172839506159,58.385285714285686,340,811.0
2,B,PREDATOR,320,13.017499999999442,378,513.529249999999,2,72,100.0,61.00635416666622,1446,811.0
2,B,PREDATOR,321,895.2575000000037,460,513.529249999999,320,161,88.59903124999994,48.25304347826087,1875,811.0
2,B,PREDATOR,322,123.34000000000229,436,513.529249999999,336,166,87.55407738095217,39.66079819277112,1490,811.0
2,B,PREDATOR,323,116.64999999999752,500,513.529249999999,337,10,95.18222551928766,55.40199999999968,86,811.0
2,B,PREDATOR,324,1102.817500000002,500,513.529249999999,0,70,0.0,55.909214285714015,1220,811.0
2,B,PREDATOR,325,-14.099999999999957,410,513.529249999999,336,41,95.85848214285703,44.83432926829268,252,811.0
2,B,PREDATOR,326,27.505000000000592,436,513.529249999999,321,162,84.58906542056069,56.02089506172834,1973,811.0
2,B,PREDATOR,327,40.35250000000087,500,513.529249999999,0,98,0.0,50.644464285714214,1804,811.0
2,B,PREDATOR,328,63.79749999999789,500,513.529249999999,336,91,86.1454464285712,43.96475274725278,431,811.0
2,B,PREDATOR,329,-14.009999999999959,401,513.529249999999,331,168,90.85320241691834,50.62891369047622,1038,811.0
2,B,PREDATOR,330,1003.6725000000023,500,513.529249999999,1,77,100.0,60.79464285714237,2004,811.0
2,B,PREDATOR,331,1565.6825000000035,500,513.529249999999,234,140,82.62427350427348,68.1012678571429,1006,811.0
2,B,PREDATOR,332,1095.2975000000026,500,513.529249999999,0,135,0.0,55.49588888888858,3039,811.0
2,B,PREDATOR,333,517.6275000000035,500,513.529249999999,337,17,82.9713056379815,24.86485294117644,731,811.0
2,B,PREDATOR,334,105.72999999999767,500,513.529249999999,142,141,76.0848591549295,43.0499113475178,1439,811.0
2,B,PREDATOR,335,2.9200000000000443,208,513.529249999999,337,12,98.09937685459934,64.115833333333,27,811.0
2,B,PREDATOR,336,389.15500000000253,500,513.529249999999,335,109,95.77399999999994,48.30227064220186,644,811.0
2,B,PREDATOR,337,36.98250000000035,218,513.529249999999,313,161,91.82431309904152,63.60381987577642,1449,811.0
2,B,PREDATOR,338,957.3450000000009,500,513.529249999999,326,165,84.88723926380356,43.72453030303037,1094,811.0
2,B,PREDATOR,339,826.7100000000033,500,513.529249999999,337,110,95.84961424332333,41.92125000000009,552,811.0
2,B,PREDATOR,340,192.6700000000039,500,513.529249999999,182,167,73.83054945054936,46.70917664670658,1411,811.0
2,B,PREDATOR,341,13.522499999999477,341,513.529249999999,332,73,95.64249999999987,49.401815068493214,323,811.0
2,B,PREDATOR,342,102.52749999999882,500,513.529249999999,2,94,100.0,50.71675531914867,1547,811.0
2,B,PREDATOR,343,263.92000000000303,500,513.529249999999,0,128,0.0,44.10374999999998,1474,811.0
2,B,PREDATOR,344,48.86500000000093,500,513.529249999999,4,11,100.0,37.627954545454045,40,811.0
2,B,PREDATOR,345,-14.629999999999946,463,513.529249999999,336,55,98.83148809523807,53.62522727272726,272,811.0
2,B,PREDATOR,346,117.79749999999784,500,513.529249999999,3,103,100.0,69.76740291262094,2964,811.0
2,B,PREDATOR,347,4803.799999999971,500,513.529249999999,0,106,0.0,49.68709905660361,1787,811.0
2,B,PREDATOR,348,39.03000000000062,470,513.529249999999,110,152,86.21127272727271,42.337319078947374,1642,811.0
2,B,PREDATOR,349,13.712499999999556,295,513.529249999999,336,168,93.98461309523798,43.34151785714295,712,811.0
2,B,PREDATOR,350,1130.5700000000033,500,513.529249999999,311,160,75.18938906752389,42.44537500000005,1297,811.0
3,A,PREY,1,2306.8399999999983,66,5234.0750000000035,13,12,100.0,79.59312499999992,33,60.4
3,A,PREY,2,17634.999999999967,500,5234.0750000000035,338,11,97.90221893491115,24.34590909090903,57,60.4
3,A,PREY,3,2518.229999999996,77,5234.0750000000035,337,15,98.43272997032642,63.283166666666666,32,60.4
3,A,PREY,4,156.30000000000004,20,5234.0750000000035,27,12,97.6351851851852,79.98104166666668,15,60.4
3,A,PREY,5,907.6800000000002,32,5234.0750000000035,39,11,99.6297435897436,86.70931818181815,15,60.4
3,A,PREY,6,15602.999999999913,500,5234.0750000000035,336,39,99.60083333333334,51.412051282051365,257,60.4
3,A,PREY,7,16902.499999999935,500,5234.0750000000035,338,8,99.87023668639053,26.706250000000164,122,60.4
3,A,PREY,8,18635.000000000015,500,5234.0750000000035,338,16,99.47778106508875,19.699218750000266,116,60.4
3,A,PREY,9,18234.999999999996,500,5234.0750000000035,123,137,86.80146341463413,67.68260948905107,2867,60.4
3,A,PREY,10,28.440000000000012,6,5234.0750000000035,35,11,99.99228571428571,79.7884090909091,2,60.4
3,A,PREY,11,6494.819999999964,218,5234.0750000000035,337,13,99.3972997032641,48.11038461538471,81,60.4
3,A,PREY,12,102.35000000000001,15,5234.0750000000035,29,11,99.97206896551724,85.1175,7,60.4
3,A,PREY,13,23.75000000000005,25,5234.0750000000035,40,12,98.098,77.23437499999996,10,60.4
3,A,PREY,14,2421.2199999999957,78,5234.0750000000035,49,16,92.59040816326531,73.55671875000002,43,60.4
3,A,PREY,15,6105.089999999976,191,5234.0750000000035,337,13,99.08359050445104,55.08307692307692,64,60.4
3,A,PREY,16,105.37999999999995,12,5234.0750000000035,39,10,98.21743589743589,87.66274999999999,4,60.4
3,A,PREY,17,585.7700000000001,23,5234.0750000000035,32,11,99.92406249999999,83.59704545454545,9,60.4
3,A,PREY,18,17549.999999999964,500,5234.0750000000035,338,6,97.87071005917151,17.759583333333314,15,60.4
3,A,PREY,19,15695.499999999904,500,5234.0750000000035,338,25,95.0130769230767,27.802800000000065,228,60.4
3,A,PREY,20,18274.999999999996,500,5234.0750000000035,338,10,99.14550295857985,26.85924999999994,122,60.4
3,A,PREY,21,1587.5700000000002,43,5234.0750000000035,94,14,93.52542553191489,67.08821428571432,11,60.4
3,A,PREY,22,18314.999999999996,500,5234.0750000000035,338,70,91.86437869822456,18.755392857143175,398,60.4
3,A,PREY,23,10666.589999999938,341,5234.0750000000035,334,72,93.80640718562861,46.741736111111194,354,60.4
3,A,PREY,24,5505.379999999978,162,5234.0750000000035,116,98,83.67189655172412,69.98614795918373,892,60.4
3,A,PREY,25,18595.000000000007,500,5234.0750000000035,338,13,99.91059171597632,28.40519230769234,148,60.4
3,A,PREY,26,8658.979999999958,252,5234.0750000000035,337,22,99.4880712166172,49.849204545454626,127,60.4
3,A,PREY,27,5332.909999999978,159,5234.0750000000035,336,56,96.82160714285709,53.23611607142865,238,60.4
3,A,PREY,28,6825.709999999972,229,5234.0750000000035,227,129,87.47801762114536,73.19565891472872,929,60.4
3,A,PREY,29,4398.749999999985,125,5234.0750000000035,334,17,96.93664670658679,72.76411764705873,77,60.4
3,A,PREY,30,1014.1500000000001,35,5234.0750000000035,37,14,95.52648648648649,72.70339285714286,19,60.4
3,A,PREY,31,16264.999999999918,500,5234.0750000000035,338,14,99.54023668639053,14.607142857143094,86,60.4
3,A,PREY,32,3347.1199999999926,88,5234.0750000000035,241,17,88.2164315352697,66.00279411764703,42,60.4
3,A,PREY,33,667.7900000000001,21,5234.0750000000035,26,11,98.66153846153846,80.3090909090909,10,60.4
3,A,PREY,34,706.7300000000001,27,5234.0750000000035,22,12,97.6740909090909,78.961875,13,60.4
3,A,PREY,35,833.2300000000006,77,5234.0750000000035,334,17,92.2724850299401,78.54544117647055,51,60.4
3,A,PREY,36,18515.00000000001,500,5234.0750000000035,337,8,97.08169139465866,14.382187500000278,45,60.4
3,A,PREY,37,787.7800000000001,22,5234.0750000000035,37,11,95.67054054054054,87.63227272727272,17,60.4
3,A,PREY,38,18194.999999999996,500,5234.0750000000035,338,6,97.65795857988157,21.705416666666867,110,60.4
3,A,PREY,39,224.83000000000013,17,5234.0750000000035,39,10,94.16846153846154,88.70199999999997,8,60.4
3,A,PREY,40,2434.3699999999926,113,5234.0750000000035,334,34,92.2470958083832,63.55860294117648,156,60.4
3,A,PREY,41,1627.4900000000002,51,5234.0750000000035,19,13,98.76052631578946,71.22057692307692,19,60.4
3,A,PREY,42,187.40000000000006,10,5234.0750000000035,40,12,93.246,73.49208333333333,4,60.4
3,A,PREY,43,183.27999999999997,22,5234.0750000000035,45,12,99.74844444444444,72.65333333333332,4,60.4
3,A,PREY,44,17474.99999999996,500,5234.0750000000035,5,83,100.0,40.37927710843323,1057,60.4
3,A,PREY,45,16814.999999999927,500,5234.0750000000035,337,7,99.13261127596438,30.99357142857145,153,60.4
3,A,PREY,46,1307.1200000000001,38,5234.0750000000035,96,13,95.64375000000001,71.56134615384613,11,60.4
3,A,PREY,47,8889.749999999953,325,5234.0750000000035,319,141,91.97633228840124,58.63446808510647,797,60.4
3,A,PREY,48,67.34,16,5234.0750000000035,38,12,100.0,73.83666666666663,3,60.4
3,A,PREY,49,2676.009999999993,149,5234.0750000000035,335,21,98.64053731343284,66.03023809523809,86,60.4
3,A,PREY,50,4541.629999999983,137,5234.0750000000035,337,11,98.35320474777443,72.14454545454537,33,60.4
3,A,PREY,51,18009.999999999985,500,5234.0750000000035,338,13,98.37946745562124,18.385576923077,38,60.4
3,A,PREY,52,187.91000000000005,9,5234.0750000000035,30,10,97.437,90.628,6,60.4
3,A,PREY,53,2705.6999999999953,80,5234.0750000000035,335,17,98.77322388059702,73.40676470588237,47,60.4
3,A,PREY,54,377.88000000000005,12,5234.0750000000035,34,11,99.25382352941176,85.61386363636365,7,60.4
3,A,PREY,55,1051.0000000000002,50,5234.0750000000035,208,17,89.88514423076921,81.8730882352941,41,60.4
3,A,PREY,56,8144.1999999999625,230,5234.0750000000035,325,124,94.92264615384613,60.31822580645165,618,60.4
3,A,PREY,57,18514.500000000007,500,5234.0750000000035,338,60,91.2104142011831,21.052041666666977,395,60.4
3,A,PREY,58,18555.00000000002,500,5234.0750000000035,335,168,97.57782089552235,60.18275297619032,3063,60.4
3,A,PREY,59,2105.8299999999977,67,5234.0750000000035,42,14,94.21880952380954,67.74999999999993,21,60.4
3,A,PREY,60,18354.5,500,5234.0750000000035,338,8,96.5848816568046,23.7396875000001,53,60.4
3,A,PREY,61,17278.99999999996,500,5234.0750000000035,338,23,99.93733727810651,21.2592391304351,272,60.4
3,A,PREY,62,17674.999999999985,500,5234.0750000000035,338,8,98.56150887573958,19.62625000000025,39,60.4
3,A,PREY,63,13314.999999999935,500,5234.0750000000035,338,8,99.04834319526621,26.364062500000056,66,60.4
3,A,PREY,64,3568.3599999999874,114,5234.0750000000035,334,31,95.9519461077844,67.10935483870969,127,60.4
3,A,PREY,65,8137.049999999958,245,5234.0750000000035,337,15,99.38181008902076,42.56783333333348,66,60.4
3,A,PREY,66,2463.2699999999854,123,5234.0750000000035,268,118,84.16600746268654,69.62773305084748,585,60.4
3,A,PREY,67,263.8400000000001,16,5234.0750000000035,34,10,99.98411764705882,88.53399999999996,5,60.4
3,A,PREY,68,3427.0399999999922,96,5234.0750000000035,337,17,98.68884272997028,52.36808823529423,16,60.4
3,A,PREY,69,1342.5100000000002,49,5234.0750000000035,208,14,93.27557692307693,61.564285714285745,12,60.4
3,A,PREY,70,18234.499999999996,500,5234.0750000000035,325,162,93.24796923076921,49.25554012345674,2853,60.4
3,A,PREY,71,627.8000000000001,20,5234.0750000000035,41,12,97.09243902439025,79.10208333333333,9,60.4
3,A,PREY,72,3141.5599999999913,94,5234.0750000000035,335,13,97.42925373134327,72.93019230769228,64,60.4
3,A,PREY,73,2879.619999999994,88,5234.0750000000035,176,33,82.6919318181818,73.87106060606061,132,60.4
3,A,PREY,74,18635.000000000015,500,5234.0750000000035,338,10,99.93733727810648,29.13550000000012,103,60.4
3,A,PREY,75,12264.109999999939,339,5234.0750000000035,46,107,92.11739130434783,74.35932242990654,922,60.4
3,A,PREY,76,145.90000000000003,10,5234.0750000000035,34,12,94.05941176470589,76.83874999999999,5,60.4
3,A,PREY,77,5731.7899999999745,171,5234.0750000000035,284,138,84.25341549295773,69.42887681159421,787,60.4
3,A,PREY,78,1618.5600000000004,94,5234.0750000000035,332,27,95.80566265060237,68.71925925925932,113,60.4
3,A,PREY,79,424.53000000000014,47,5234.0750000000035,152,11,93.45473684210526,79.0909090909091,21,60.4
3,A,PREY,80,16314.99999999992,500,5234.0750000000035,337,51,99.66878338278933,26.977156862745304,486,60.4
3,A,PREY,81,18795.00000000002,500,5234.0750000000035,338,25,99.2326035502958,36.75730000000013,170,60.4
3,A,PREY,82,18755.000000000022,500,5234.0750000000035,337,43,94.0425519287832,34.16168604651181,271,60.4
3,A,PREY,83,19035.00000000003,500,5234.0750000000035,337,16,93.98418397626091,23.956718750000288,171,60.4
3,A,PREY,84,4823.04999999997,195,5234.0750000000035,331,95,95.64356495468277,56.74255263157901,471,60.4
3,A,PREY,85,-13.57,7,5234.0750000000035,30,11,99.973,78.55704545454545,2,60.4
3,A,PREY,86,183.3600000000001,14,5234.0750000000035,39,12,99.99307692307693,77.90395833333334,6,60.4
3,A,PREY,87,17274.999999999956,500,5234.0750000000035,338,10,99.65476331360946,30.005500000000172,203,60.4
3,A,PREY,88,6466.239999999973,176,5234.0750000000035,300,149,88.3151333333333,71.0039093959732,955,60.4
3,A,PREY,89,260.29000000000013,21,5234.0750000000035,45,11,96.67755555555556,83.97795454545452,8,60.4
3,A,PREY,90,4076.249999999967,225,5234.0750000000035,280,137,82.21349999999993,63.23138686131395,861,60.4
3,A,PREY,91,17487.499999999964,500,5234.0750000000035,338,60,92.61514792899379,29.471916666666633,522,60.4
3,A,PREY,92,494.3500000000001,15,5234.0750000000035,36,13,97.50333333333334,73.30115384615384,8,60.4
3,A,PREY,93,1062.6000000000001,40,5234.0750000000035,69,14,98.02217391304347,70.50017857142858,16,60.4
3,A,PREY,94,820.1300000000002,37,5234.0750000000035,65,10,92.89538461538463,85.03599999999993,10,60.4
3,A,PREY,95,18330.0,500,5234.0750000000035,338,10,94.10677514792877,11.03050000000006,21,60.4
3,A,PREY,96,-12.05,5,5234.0750000000035,31,11,99.99129032258064,79.25636363636363,2,60.4
3,A,PREY,97,4654.48999999998,151,5234.0750000000035,337,42,98.34765578635007,61.05946428571426,170,60.4
3,A,PREY,98,16999.99999999993,500,5234.0750000000035,338,26,98.71221893491119,17.785000000000245,116,60.4
3,A,PREY,99,827.7000000000002,30,5234.0750000000035,41,13,97.89756097560976,77.11480769230765,13,60.4
3,A,PREY,100,157.85000000000002,15,5234.0750000000035,32,11,97.9934375,83.37749999999997,7,60.4
3,A,PREY,101,329.6600000000002,34,5234.0750000000035,80,17,92.495375,63.48044117647061,19,60.4
3,A,PREY,102,4543.0999999999785,190,5234.0750000000035,332,52,93.76545180722889,72.3805288461538,277,60.4
3,A,PREY,103,5618.04999999997,195,5234.0750000000035,320,90,92.08168749999996,53.582194444444525,500,60.4
3,A,PREY,104,737.7200000000001,28,5234.0750000000035,48,15,96.18625000000002,64.32300000000002,17,60.4
3,A,PREY,105,25.40000000000002,10,5234.0750000000035,36,10,96.99083333333334,86.77599999999998,3,60.4
3,A,PREY,106,3661.949999999989,105,5234.0750000000035,334,37,96.23059880239518,62.21736486486489,159,60.4
3,A,PREY,107,227.90000000000006,10,5234.0750000000035,32,11,93.88874999999999,85.03363636363635,7,60.4
3,A,PREY,108,5442.519999999976,198,5234.0750000000035,320,69,93.64521875,67.47579710144929,378,60.4
3,A,PREY,109,16839.999999999935,500,5234.0750000000035,338,18,99.6655621301775,28.106944444444625,237,60.4
3,A,PREY,110,18715.00000000002,500,5234.0750000000035,338,8,96.90609467455609,25.32812500000011,114,60.4
3,A,PREY,111,12984.479999999936,352,5234.0750000000035,337,89,97.73109792284862,40.40985955056189,381,60.4
3,A,PREY,112,5482.449999999979,155,5234.0750000000035,309,130,91.52187702265368,59.03434615384622,637,60.4
3,A,PREY,113,19195.00000000004,500,5234.0750000000035,338,30,98.38452662721888,23.570583333333502,234,60.4
3,A,PREY,114,107.43,7,5234.0750000000035,32,11,99.96625,79.28727272727271,2,60.4
3,A,PREY,115,17679.999999999975,500,5234.0750000000035,338,34,94.35337278106486,21.84382352941208,318,60.4
3,A,PREY,116,215.16999999999996,33,5234.0750000000035,25,12,98.4764,76.26083333333331,10,60.4
3,A,PREY,117,14904.999999999922,500,5234.0750000000035,338,8,98.5212130177514,24.4934375,48,60.4
3,A,PREY,118,1226.6200000000001,38,5234.0750000000035,45,13,92.34444444444445,74.27211538461542,19,60.4
3,A,PREY,119,4642.409999999979,159,5234.0750000000035,337,13,97.68379821958449,52.108653846153906,57,60.4
3,A,PREY,120,177.39000000000007,61,5234.0750000000035,208,12,86.08480769230769,72.7314583333333,17,60.4
3,A,PREY,121,1546.3800000000003,62,5234.0750000000035,122,25,91.27729508196721,66.09080000000002,63,60.4
3,A,PREY,122,281.27000000000015,23,5234.0750000000035,34,11,98.44823529411765,82.1490909090909,9,60.4
3,A,PREY,123,15634.999999999922,500,5234.0750000000035,338,23,95.2063905325442,15.301521739130855,228,60.4
3,A,PREY,124,1760.9400000000003,56,5234.0750000000035,71,12,99.94676056338028,80.59749999999991,15,60.4
3,A,PREY,125,3847.199999999983,130,5234.0750000000035,337,34,97.49118694362014,57.96676470588237,129,60.4
3,A,PREY,126,19195.000000000044,500,5234.0750000000035,338,118,98.28789940828395,39.17601694915264,664,60.4
3,A,PREY,127,108.45,5,5234.0750000000035,29,10,99.98137931034483,87.95199999999998,3,60.4
3,A,PREY,128,19155.000000000036,500,5234.0750000000035,338,66,98.41692307692303,20.628143939394192,419,60.4
3,A,PREY,129,6083.969999999957,253,5234.0750000000035,328,77,93.92487804878047,58.36503246753255,456,60.4
3,A,PREY,130,17914.99999999998,500,5234.0750000000035,337,81,98.10551928783377,20.92898148148169,695,60.4
3,A,PREY,131,18915.000000000025,500,5234.0750000000035,12,11,100.0,21.96749999999995,23,60.4
3,A,PREY,132,624.2800000000001,22,5234.0750000000035,52,13,99.7898076923077,72.78980769230768,7,60.4
3,A,PREY,133,-12.55,5,5234.0750000000035,30,11,99.937,77.67454545454545,1,60.4
3,A,PREY,134,265.3500000000001,15,5234.0750000000035,34,13,99.96823529411765,75.60903846153846,8,60.4
3,A,PREY,135,544.0600000000002,44,5234.0750000000035,84,11,92.86428571428571,86.9420454545454,18,60.4
3,A,PREY,136,62.84999999999997,15,5234.0750000000035,36,11,99.92500000000001,82.48840909090906,6,60.4
3,A,PREY,137,96.98999999999997,51,5234.0750000000035,111,14,90.68441441441442,71.70321428571427,20,60.4
3,A,PREY,138,706.6900000000002,31,5234.0750000000035,52,14,98.35269230769231,68.31178571428572,11,60.4
3,A,PREY,139,18515.000000000007,500,5234.0750000000035,335,167,98.35623880597014,28.875928143712752,1627,60.4
3,A,PREY,140,2089.719999999997,78,5234.0750000000035,333,19,96.59690690690688,70.29302631578946,55,60.4
3,A,PREY,141,18850.000000000022,500,5234.0750000000035,338,57,99.41642011834317,24.78864035087743,481,60.4
3,A,PREY,142,61.83999999999994,16,5234.0750000000035,34,10,99.98411764705882,89.16399999999997,6,60.4
3,A,PREY,143,-13.059999999999999,6,5234.0750000000035,34,10,97.7464705882353,86.0915,2,60.4
3,A,PREY,144,583.2400000000001,26,5234.0750000000035,55,11,92.13018181818181,80.51022727272724,7,60.4
3,A,PREY,145,15764.999999999904,500,5234.0750000000035,338,6,98.29319526627212,23.237499999999894,11,60.4
3,A,PREY,146,26.930000000000014,7,5234.0750000000035,33,10,98.92727272727272,85.684,2,60.4
3,A,PREY,147,18875.00000000003,500,5234.0750000000035,338,34,98.95343195266271,34.61514705882335,322,60.4
3,A,PREY,148,83.47,3,5234.0750000000035,36,10,97.44416666666667,85.546,1,60.4
3,A,PREY,149,2203.829999999997,67,5234.0750000000035,213,16,91.75136150234742,85.46843749999995,58,60.4
3,A,PREY,150,14334.999999999905,500,5234.0750000000035,338,9,96.9791420118342,15.380555555555645,45,60.4
3,A,PREY,151,7656.8299999999435,317,5234.0750000000035,322,163,92.10124223602482,54.70512269938654,1379,60.4
3,A,PREY,152,102.35,15,5234.0750000000035,33,11,99.99181818181819,83.11272727272727,6,60.4
3,A,PREY,153,665.1700000000002,33,5234.0750000000035,39,13,96.15076923076923,78.5075,17,60.4
3,A,PREY,154,66.32000000000002,18,5234.0750000000035,33,13,93.27151515151515,77.85538461538461,11,60.4
3,A,PREY,155,107.43999999999998,6,5234.0750000000035,30,10,99.964,87.6455,3,60.4
3,A,PREY,156,4055.3599999999833,164,5234.0750000000035,337,20,99.40445103857563,59.058499999999995,107,60.4
3,A,PREY,157,1508.0900000000001,41,5234.0750000000035,50,13,97.7696,77.88326923076922,18,60.4
3,A,PREY,158,264.86000000000007,14,5234.0750000000035,25,10,99.9892,92.36749999999998,11,60.4
3,A,PREY,159,188.42000000000004,8,5234.0750000000035,34,10,100.0,84.076,1,60.4
3,A,PREY,160,3506.8499999999917,115,5234.0750000000035,330,28,87.7551818181818,73.69330357142856,130,60.4
3,A,PREY,161,16879.999999999927,500,5234.0750000000035,338,10,99.61426035502957,28.504499999999904,49,60.4
3,A,PREY,162,16684.999999999927,500,5234.0750000000035,338,36,98.31378698224847,13.220277777778133,354,60.4
3,A,PREY,163,861.6300000000002,37,5234.0750000000035,43,14,93.40465116279069,76.78892857142854,18,60.4
3,A,PREY,164,5662.849999999977,165,5234.0750000000035,337,34,99.18433234421363,49.768529411764746,117,60.4
3,A,PREY,165,497.1300000000002,37,5234.0750000000035,105,12,93.64961904761905,80.59958333333334,18,60.4
3,A,PREY,166,1544.5100000000002,49,5234.0750000000035,90,16,94.84066666666666,64.44656250000001,19,60.4
3,A,PREY,167,2394.9999999999923,100,5234.0750000000035,313,36,91.29207667731627,77.82243055555553,248,60.4
3,A,PREY,168,18875.000000000033,500,5234.0750000000035,338,57,95.33828402366855,28.924517543859803,470,60.4
3,A,PREY,169,4056.1799999999835,132,5234.0750000000035,324,51,95.75858024691357,70.70387254901961,253,60.4
3,A,PREY,170,18970.000000000025,500,5234.0750000000035,338,12,96.46417159763301,30.96624999999989,47,60.4
3,A,PREY,171,101.83999999999997,16,5234.0750000000035,31,11,99.93903225806451,81.23636363636363,6,60.4
3,A,PREY,172,388.37000000000006,13,5234.0750000000035,29,12,99.95344827586207,77.74166666666666,7,60.4
3,A,PREY,173,15279.999999999904,500,5234.0750000000035,338,72,99.90920118343195,16.908923611111394,543,60.4
3,A,PREY,174,13082.22999999993,377,5234.0750000000035,329,164,86.52610942249237,58.362545731707364,1264,60.4
3,A,PREY,175,2970.639999999983,136,5234.0750000000035,336,18,97.97392857142854,69.02861111111112,88,60.4
3,A,PREY,176,19315.00000000004,500,5234.0750000000035,338,17,99.76059171597633,27.158970588235505,170,60.4
3,A,PREY,177,1947.4400000000003,56,5234.0750000000035,183,11,93.45387978142075,85.95340909090902,20,60.4
3,A,PREY,178,17544.999999999956,500,5234.0750000000035,338,14,99.61319526627217,20.35750000000015,106,60.4
3,A,PREY,179,18435.000000000007,500,5234.0750000000035,3,125,100.0,38.73940000000021,1516,60.4
3,A,PREY,180,19355.00000000004,500,5234.0750000000035,3,140,100.0,46.02544642857118,2316,60.4
3,A,PREY,181,27.940000000000012,6,5234.0750000000035,31,11,99.98258064516129,80.48863636363636,3,60.4
3,A,PREY,182,-12.04,4,5234.0750000000035,32,10,100.0,88.23999999999998,3,60.4
3,A,PREY,183,17039.99999999997,500,5234.0750000000035,338,9,96.55544378698211,16.151944444444652,24,60.4
3,A,PREY,184,476.1000000000005,140,5234.0750000000035,333,43,95.3693393393393,68.48889534883722,229,60.4
3,A,PREY,185,17994.99999999999,500,5234.0750000000035,338,32,99.74491124260355,21.66148437500022,304,60.4
3,A,PREY,186,3326.5099999999898,99,5234.0750000000035,308,28,83.42038961038959,74.26062500000003,158,60.4
3,A,PREY,187,4459.469999999978,153,5234.0750000000035,335,50,97.41850746268655,59.69735000000002,237,60.4
3,A,PREY,188,1361.1100000000001,39,5234.0750000000035,42,13,99.97428571428571,70.2453846153846,11,60.4
3,A,PREY,189,386.8300000000001,17,5234.0750000000035,32,11,95.245,82.56,7,60.4
3,A,PREY,190,1063.1700000000003,83,5234.0750000000035,220,14,89.48095454545454,65.79089285714284,22,60.4
3,A,PREY,191,808.9800000000004,52,5234.0750000000035,130,12,91.01607692307692,69.35166666666666,13,60.4
3,A,PREY,192,1596.9800000000007,102,5234.0750000000035,335,13,96.57865671641788,71.08538461538461,48,60.4
3,A,PREY,193,855.3500000000005,65,5234.0750000000035,238,15,89.96382352941177,71.69249999999998,29,60.4
3,A,PREY,194,17914.999999999985,500,5234.0750000000035,338,13,90.63520710059134,21.78153846153865,89,60.4
3,A,PREY,195,-10.51,1,5234.0750000000035,34,11,90.28617647058823,79.20181818181818,1,60.4
3,A,PREY,196,19435.000000000047,500,5234.0750000000035,5,111,100.0,46.423558558558234,1627,60.4
3,A,PREY,197,107.42000000000002,8,5234.0750000000035,29,13,99.95344827586207,71.48134615384615,5,60.4
3,A,PREY,198,863.6900000000002,31,5234.0750000000035,71,12,97.60056338028167,71.57375,6,60.4
3,A,PREY,199,28.470000000000006,3,5234.0750000000035,34,10,98.09911764705882,85.366,1,60.4
3,A,PREY,200,4173.829999999986,117,5234.0750000000035,335,37,96.43435820895519,62.89202702702707,164,60.4
3,A,PREY,201,7860.669999999963,233,5234.0750000000035,317,75,93.76965299684541,64.30320000000005,383,60.4
3,A,PREY,202,224.8700000000001,13,5234.0750000000035,43,11,99.92674418604652,82.06522727272726,6,60.4
3,A,PREY,203,8063.739999999965,226,5234.0750000000035,284,149,86.01161971830983,62.46968120805375,876,60.4
3,A,PREY,204,27.450000000000003,5,5234.0750000000035,31,10,99.94774193548388,86.55999999999999,2,60.4
3,A,PREY,205,16519.999999999913,500,5234.0750000000035,338,7,99.17233727810647,14.795000000000055,12,60.4
3,A,PREY,206,128.59,41,5234.0750000000035,101,10,96.33594059405941,84.12999999999992,15,60.4
3,A,PREY,207,18955.000000000025,500,5234.0750000000035,338,88,99.85239644970414,26.4098579545456,663,60.4
3,A,PREY,208,1945.9600000000003,54,5234.0750000000035,74,14,93.8735135135135,72.01053571428572,27,60.4
3,A,PREY,209,3067.209999999994,79,5234.0750000000035,115,17,90.75365217391303,76.70705882352937,55,60.4
3,A,PREY,210,8303.259999999964,224,5234.0750000000035,335,31,98.49641791044775,61.68814516129041,186,60.4
3,A,PREY,211,1599.3100000000004,69,5234.0750000000035,306,22,90.94598039215686,61.4965909090909,52,60.4
3,A,PREY,212,17914.999999999978,500,5234.0750000000035,338,8,97.47884615384606,17.420625000000076,14,60.4
3,A,PREY,213,1242.1500000000005,85,5234.0750000000035,332,23,96.3003313253012,78.25478260869563,104,60.4
3,A,PREY,214,-13.57,7,5234.0750000000035,34,10,99.95323529411765,83.91274999999999,1,60.4
3,A,PREY,215,906.7400000000001,26,5234.0750000000035,27,14,95.88962962962962,75.96749999999999,18,60.4
3,A,PREY,216,27.40000000000002,10,5234.0750000000035,27,12,96.81740740740742,79.23333333333333,8,60.4
3,A,PREY,217,22.840000000000032,16,5234.0750000000035,30,12,99.955,76.32270833333332,6,60.4
3,A,PREY,218,7506.489999999969,201,5234.0750000000035,334,103,95.84299401197603,58.15905339805829,480,60.4
3,A,PREY,219,1330.8500000000004,65,5234.0750000000035,131,12,93.71687022900763,75.44229166666665,31,60.4
3,A,PREY,220,19515.000000000047,500,5234.0750000000035,338,9,99.56757396449703,20.93333333333348,53,60.4
3,A,PREY,221,1947.4800000000002,52,5234.0750000000035,185,14,90.47,65.99107142857144,23,60.4
3,A,PREY,222,-11.53,3,5234.0750000000035,31,10,97.93741935483871,88.534,3,60.4
3,A,PREY,223,227.90000000000006,10,5234.0750000000035,35,10,92.704,89.78199999999998,7,60.4
3,A,PREY,224,-12.55,5,5234.0750000000035,32,10,99.9915625,89.758,4,60.4
3,A,PREY,225,18505.0,500,5234.0750000000035,338,40,98.57934911242597,20.468312500000373,333,60.4
3,A,PREY,226,348.38000000000005,12,5234.0750000000035,31,10,97.20193548387097,89.806,8,60.4
3,A,PREY,227,19275.00000000004,500,5234.0750000000035,338,18,93.53807692307666,13.959027777778061,71,60.4
3,A,PREY,228,480.8200000000001,18,5234.0750000000035,27,13,99.97,69.0871153846154,6,60.4
3,A,PREY,229,200.38000000000005,12,5234.0750000000035,36,10,99.06055555555557,89.25999999999998,5,60.4
3,A,PREY,230,15994.499999999924,500,5234.0750000000035,338,78,96.07786982248511,34.99608974358987,422,60.4
3,A,PREY,231,362.86000000000007,14,5234.0750000000035,29,11,99.10827586206898,87.99295454545454,9,60.4
3,A,PREY,232,265.4500000000004,55,5234.0750000000035,154,12,93.73292207792208,80.0902083333333,26,60.4
3,A,PREY,233,27.920000000000016,8,5234.0750000000035,31,11,97.50225806451611,81.48727272727272,5,60.4
3,A,PREY,234,567.3300000000004,67,5234.0750000000035,335,14,92.36185074626864,64.80107142857148,15,60.4
3,A,PREY,235,2455.6099999999965,89,5234.0750000000035,335,19,98.60358208955223,75.0671052631579,81,60.4
3,A,PREY,236,18114.99999999999,500,5234.0750000000035,308,158,87.95853896103895,67.38620253164537,2949,60.4
3,A,PREY,237,3716.8899999999894,111,5234.0750000000035,313,17,86.303482428115,70.56367647058823,71,60.4
3,A,PREY,238,17774.99999999997,500,5234.0750000000035,338,30,94.83739644970395,18.58241666666699,225,60.4
3,A,PREY,239,3741.9099999999885,109,5234.0750000000035,337,13,99.1472997032641,73.60769230769225,68,60.4
3,A,PREY,240,1074.0700000000002,43,5234.0750000000035,148,15,88.63574324324324,78.61149999999999,35,60.4
3,A,PREY,241,18590.00000000001,500,5234.0750000000035,338,12,95.23242603550277,21.555416666666805,68,60.4
3,A,PREY,242,661.2200000000001,28,5234.0750000000035,32,12,99.6584375,78.22187499999998,10,60.4
3,A,PREY,243,15859.22999999992,427,5234.0750000000035,337,9,98.87290801186938,28.815555555555818,63,60.4
3,A,PREY,244,2060.8199999999997,68,5234.0750000000035,65,23,92.72646153846154,61.74902173913042,48,60.4
3,A,PREY,245,1313.7100000000005,79,5234.0750000000035,264,14,88.97261363636363,58.54571428571428,14,60.4
3,A,PREY,246,902.2100000000002,29,5234.0750000000035,27,12,96.76740740740742,77.71041666666665,13,60.4
3,A,PREY,247,67.44999999999999,5,5234.0750000000035,27,11,100.0,88.91340909090908,8,60.4
3,A,PREY,248,2254.1599999999935,84,5234.0750000000035,337,13,99.53611275964391,69.50615384615386,43,60.4
3,A,PREY,249,19515.000000000047,500,5234.0750000000035,338,7,99.17091715976328,32.416071428571506,75,60.4
3,A,PREY,250,346.87000000000006,13,5234.0750000000035,38,11,98.30552631578948,77.85454545454543,3,60.4
3,A,PREY,251,18610.00000000001,500,5234.0750000000035,338,122,94.08603550295835,37.585081967212766,1210,60.4
3,A,PREY,252,6573.789999999965,221,5234.0750000000035,330,69,97.19290909090905,49.53920289855081,314,60.4
3,A,PREY,253,8229.17999999995,332,5234.0750000000035,337,21,95.72623145400578,27.43726190476213,54,60.4
3,A,PREY,254,19489.000000000047,500,5234.0750000000035,338,9,99.91053254437873,20.142777777778,105,60.4
3,A,PREY,255,187.42000000000004,8,5234.0750000000035,33,10,99.97545454545455,85.26399999999998,2,60.4
3,A,PREY,256,19555.00000000005,500,5234.0750000000035,6,105,100.0,38.02654761904756,1385,60.4
3,A,PREY,257,19435.000000000044,500,5234.0750000000035,312,158,88.11564102564101,48.99072784810131,2352,60.4
3,A,PREY,258,7829.399999999966,210,5234.0750000000035,301,147,91.76026578073089,69.0464285714286,1076,60.4
3,A,PREY,259,243.43000000000004,7,5234.0750000000035,30,10,99.937,87.49599999999998,5,60.4
3,A,PREY,260,4813.719999999973,178,5234.0750000000035,321,84,91.0054205607476,59.34592261904765,428,60.4
3,A,PREY,261,4100.0199999999795,148,5234.0750000000035,325,68,93.37055384615383,66.3558823529412,378,60.4
3,A,PREY,262,17343.589999999964,491,5234.0750000000035,267,150,83.9429588014981,69.25046666666677,1174,60.4
3,A,PREY,263,15357.169999999918,433,5234.0750000000035,337,28,99.5121661721068,23.223392857143136,191,60.4
3,A,PREY,264,19265.00000000004,500,5234.0750000000035,338,8,99.70550295857988,28.325624999999988,108,60.4
3,A,PREY,265,-10.51,1,5234.0750000000035,34,10,88.51,86.122,1,60.4
3,A,PREY,266,1496.0800000000002,42,5234.0750000000035,66,13,92.3810606060606,76.39653846153844,15,60.4
3,A,PREY,267,67.94000000000001,6,5234.0750000000035,28,11,98.12750000000001,82.31090909090908,4,60.4
3,A,PREY,268,19595.000000000055,500,5234.0750000000035,338,8,92.30704142011804,14.090000000000295,9,60.4
3,A,PREY,269,2019.3900000000003,61,5234.0750000000035,206,15,89.24101941747574,80.73983333333331,49,60.4
3,A,PREY,270,901.5400000000003,46,5234.0750000000035,38,13,97.00973684210526,72.77346153846153,15,60.4
3,A,PREY,271,2547.2899999999963,71,5234.0750000000035,90,22,94.48677777777777,71.39954545454542,62,60.4
3,A,PREY,272,145.38000000000008,12,5234.0750000000035,33,10,100.0,87.77999999999997,4,60.4
3,A,PREY,273,18575.000000000025,500,5234.0750000000035,336,128,87.81080357142855,39.342304687499876,1427,60.4
3,A,PREY,274,18134.99999999999,500,5234.0750000000035,338,6,99.48245562130175,26.781666666666712,109,60.4
3,A,PREY,275,19675.000000000055,500,5234.0750000000035,338,137,94.70423076923058,26.67655109489059,1099,60.4
3,A,PREY,276,187.91000000000005,9,5234.0750000000035,31,11,95.00451612903224,81.30727272727272,4,60.4
3,A,PREY,277,1062.1100000000001,39,5234.0750000000035,136,13,95.95772058823529,74.0244230769231,22,60.4
3,A,PREY,278,17944.999999999985,500,5234.0750000000035,338,7,99.51369822485206,30.022500000000065,57,60.4
3,A,PREY,279,9544.229999999952,277,5234.0750000000035,337,22,99.24786350148364,39.32272727272741,83,60.4
3,A,PREY,280,-13.579999999999998,8,5234.0750000000035,32,10,99.949375,87.326,3,60.4
3,A,PREY,281,-14.09,9,5234.0750000000035,33,12,90.83181818181818,78.07041666666667,6,60.4
3,A,PREY,282,18475.000000000007,500,5234.0750000000035,338,17,98.75180473372777,25.826764705882454,175,60.4
3,A,PREY,283,10104.419999999956,258,5234.0750000000035,193,126,78.75186528497406,70.6719841269842,1016,60.4
3,A,PREY,284,1154.0200000000002,48,5234.0750000000035,148,11,93.53162162162162,80.50840909090903,17,60.4
3,A,PREY,285,146.43000000000004,7,5234.0750000000035,31,12,100.0,74.55541666666664,3,60.4
3,A,PREY,286,387.86000000000007,14,5234.0750000000035,33,11,98.87030303030303,79.43681818181817,4,60.4
3,A,PREY,287,17629.999999999967,500,5234.0750000000035,337,44,99.91908011869437,21.549318181818425,322,60.4
3,A,PREY,288,304.3200000000001,18,5234.0750000000035,30,11,94.22800000000001,85.34795454545453,9,60.4
3,A,PREY,289,19355.000000000044,500,5234.0750000000035,338,14,97.00958579881646,16.220357142857353,104,60.4
3,A,PREY,290,2325.889999999993,111,5234.0750000000035,337,23,97.07451038575665,69.18184782608697,137,60.4
3,A,PREY,291,100.30999999999992,19,5234.0750000000035,43,12,95.47720930232559,74.85041666666665,5,60.4
3,A,PREY,292,1974.0700000000004,93,5234.0750000000035,336,26,98.35151785714285,58.33586538461547,83,60.4
3,A,PREY,293,19635.000000000055,500,5234.0750000000035,338,45,95.81073964497025,22.02455555555588,394,60.4
3,A,PREY,294,5542.499999999979,150,5234.0750000000035,228,114,79.37627192982454,66.74054824561408,676,60.4
3,A,PREY,295,8093.349999999965,215,5234.0750000000035,310,150,91.3271935483871,64.35536666666667,1490,60.4
3,A,PREY,296,1828.0100000000002,49,5234.0750000000035,45,12,96.97111111111111,73.5475,17,60.4
3,A,PREY,297,4080.369999999987,113,5234.0750000000035,326,67,94.83073619631901,67.25936567164182,320,60.4
3,A,PREY,298,519.2600000000001,24,5234.0750000000035,37,14,97.6264864864865,73.2105357142857,14,60.4
3,A,PREY,299,65.61000000000003,39,5234.0750000000035,70,12,92.32071428571429,76.03812499999997,15,60.4
3,A,PREY,300,19155.000000000036,500,5234.0750000000035,337,11,99.6094065281899,26.87000000000004,148,60.4
3,A,PREY,301,19035.000000000025,500,5234.0750000000035,338,71,97.57656804733719,20.235070422535482,480,60.4
3,A,PREY,302,18636.00000000001,500,5234.0750000000035,338,58,95.72485207100577,21.91163793103483,306,60.4
3,A,PREY,303,2387.349999999997,65,5234.0750000000035,113,21,92.39168141592918,64.72511904761906,58,60.4
3,A,PREY,304,27.440000000000012,6,5234.0750000000035,33,11,99.94272727272728,78.91227272727272,2,60.4
3,A,PREY,305,1210.8500000000004,65,5234.0750000000035,140,14,93.96507142857143,70.25946428571436,31,60.4
3,A,PREY,306,12660.849999999922,415,5234.0750000000035,279,151,90.8473835125448,58.92350993377478,1666,60.4
3,A,PREY,307,12624.229999999941,327,5234.0750000000035,337,18,93.79943620178018,37.220138888889075,98,60.4
3,A,PREY,308,-12.55,5,5234.0750000000035,31,10,99.98258064516129,86.428,2,60.4
3,A,PREY,309,2147.4199999999987,58,5234.0750000000035,200,12,92.44695,74.39937499999996,16,60.4
3,A,PREY,310,308.39000000000004,11,5234.0750000000035,37,10,96.62621621621622,87.88599999999998,4,60.4
3,A,PREY,311,6186.849999999977,165,5234.0750000000035,11,13,100.0,63.24326923076907,20,60.4
3,A,PREY,312,11090.049999999948,295,5234.0750000000035,337,63,94.88795252225499,31.409682539682642,224,60.4
3,A,PREY,313,4071.4199999999882,108,5234.0750000000035,307,38,86.34687296416935,69.73519736842107,180,60.4
3,A,PREY,314,4386.169999999983,133,5234.0750000000035,331,22,96.85764350453171,67.14772727272731,104,60.4
3,A,PREY,315,2364.949999999989,105,5234.0750000000035,336,18,98.11717261904761,72.16027777777782,89,60.4
3,A,PREY,316,18600.00000000001,500,5234.0750000000035,338,12,96.71295857988154,19.55937500000034,113,60.4
3,A,PREY,317,18024.99999999999,500,5234.0750000000035,337,98,97.75890207715129,31.014617346939016,727,60.4
3,A,PREY,318,7106.659999999972,184,5234.0750000000035,294,156,89.14867346938773,69.94756410256416,945,60.4
3,A,PREY,319,783.1800000000002,32,5234.0750000000035,59,11,98.35372881355931,83.74590909090904,11,60.4
3,A,PREY,320,19635.00000000006,500,5234.0750000000035,338,8,97.56985207100583,24.67687500000013,113,60.4
3,A,PREY,321,1748.0400000000002,46,5234.0750000000035,64,15,94.81859374999999,71.84633333333333,32,60.4
3,A,PREY,322,2185.379999999998,62,5234.0750000000035,174,16,88.15850574712644,73.975625,43,60.4
3,A,PREY,323,3036.379999999991,112,5234.0750000000035,327,42,95.28201834862384,67.2507142857143,172,60.4
3,A,PREY,324,60.26999999999993,23,5234.0750000000035,35,13,99.93828571428571,70.15461538461537,6,60.4
3,A,PREY,325,462.76000000000016,24,5234.0750000000035,30,11,99.92800000000001,82.83590909090907,9,60.4
3,A,PREY,326,123.26000000000003,24,5234.0750000000035,34,12,99.61500000000001,75.96333333333331,8,60.4
3,A,PREY,327,23.210000000000058,29,5234.0750000000035,66,12,96.1521212121212,66.16270833333333,3,60.4
3,A,PREY,328,346.8400000000001,16,5234.0750000000035,31,11,99.52741935483873,84.36249999999998,8,60.4
3,A,PREY,329,2746.0099999999957,149,5234.0750000000035,337,13,99.16783382789315,63.83711538461531,60,60.4
3,A,PREY,330,18780.000000000025,500,5234.0750000000035,338,169,95.04144970414184,41.64684911242601,2467,60.4
3,A,PREY,331,67.45000000000002,5,5234.0750000000035,30,10,99.84066666666668,88.02999999999999,3,60.4
3,A,PREY,332,19555.000000000047,500,5234.0750000000035,316,163,87.8711708860759,63.07098159509182,2785,60.4
3,A,PREY,333,3278.4599999999887,104,5234.0750000000035,277,52,90.8418050541516,69.78754807692309,251,60.4
3,A,PREY,334,105.84,16,5234.0750000000035,37,10,99.9781081081081,90.55599999999998,6,60.4
3,A,PREY,335,974.6700000000006,83,5234.0750000000035,332,17,94.57873493975903,83.67661764705876,95,60.4
3,A,PREY,336,17085.499999999945,500,5234.0750000000035,338,60,97.88488165680468,29.946125000000187,432,60.4
3,A,PREY,337,186.91000000000005,9,5234.0750000000035,35,10,91.70714285714286,84.86099999999999,2,60.4
3,A,PREY,338,7341.28999999997,221,5234.0750000000035,276,106,86.11028985507245,72.19938679245288,783,60.4
3,A,PREY,339,8610.60999999996,239,5234.0750000000035,334,104,92.03302395209565,50.31677884615393,438,60.4
3,A,PREY,340,4171.709999999986,129,5234.0750000000035,331,48,97.63824773413896,63.431927083333356,205,60.4
3,A,PREY,341,19715.00000000006,500,5234.0750000000035,338,48,96.9508579881656,23.99078125000007,434,60.4
3,A,PREY,342,4574.599999999963,290,5234.0750000000035,337,60,96.3945697329376,42.309041666666765,268,60.4
3,A,PREY,343,1107.68,32,5234.0750000000035,63,13,99.14904761904761,66.53692307692309,8,60.4
3,A,PREY,344,2150.6899999999996,81,5234.0750000000035,249,35,82.60040160642569,75.80214285714284,146,60.4
3,A,PREY,345,1027.65,35,5234.0750000000035,101,12,89.22039603960397,69.91416666666667,4,60.4
3,A,PREY,346,906.2200000000001,28,5234.0750000000035,25,11,99.9892,90.51477272727267,16,60.4
3,A,PREY,347,19635.00000000005,500,5234.0750000000035,338,13,94.22097633136075,33.90634615384624,96,60.4
3,A,PREY,348,2266.3899999999985,61,5234.0750000000035,163,18,88.950245398773,69.36513888888891,52,60.4
3,A,PREY,349,3336.569999999991,93,5234.0750000000035,337,14,96.41952522255193,71.61446428571425,48,60.4
3,A,PREY,350,226.89000000000007,11,5234.0750000000035,31,11,98.58,79.52181818181818,3,60.4
3,B,PREDATOR,1,13.147499999999438,365,136.80775000000054,337,11,91.0265875370916,22.244545454545793,25,1073.1
3,B,PREDATOR,2,288.29250000000206,298,136.80775000000054,322,163,91.93145962732915,51.053926380368196,1527,1073.1
3,B,PREDATOR,3,54.09249999999947,457,136.80775000000054,335,168,98.08385074626862,40.43252976190478,2076,1073.1
3,B,PREDATOR,4,51.2624999999999,413,136.80775000000054,337,12,84.00560830860462,20.479375000000342,31,1073.1
3,B,PREDATOR,5,2.4900000000000517,251,136.80775000000054,337,74,99.61320474777446,31.93239864864884,423,1073.1
3,B,PREDATOR,6,1324.9199999999987,500,136.80775000000054,47,120,82.02106382978721,60.032145833333416,1857,1073.1
3,B,PREDATOR,7,54.324999999998404,454,136.80775000000054,337,10,99.53940652818989,27.852249999999817,31,1073.1
3,B,PREDATOR,8,56.54499999999923,232,136.80775000000054,322,42,95.32944099378881,67.88035714285718,398,1073.1
3,B,PREDATOR,9,439.55250000000393,500,136.80775000000054,337,20,94.34127596439143,24.50925000000015,264,1073.1
3,B,PREDATOR,10,66.20749999999813,432,136.80775000000054,337,9,89.67222551928747,29.542222222222442,100,1073.1
3,B,PREDATOR,11,1759.667500000001,500,136.80775000000054,337,18,89.98655786350115,16.58194444444453,137,1073.1
3,B,PREDATOR,12,651.665000000002,496,136.80775000000054,318,160,92.75663522012574,50.59445312500007,2136,1073.1
3,B,PREDATOR,13,901.3725000000038,500,136.80775000000054,0,125,0.0,38.7513200000001,2231,1073.1
3,B,PREDATOR,14,144.72999999999888,500,136.80775000000054,7,96,100.0,36.840572916666694,1492,1073.1
3,B,PREDATOR,15,66.56749999999816,396,136.80775000000054,4,44,100.0,32.79772727272754,490,1073.1
3,B,PREDATOR,16,75.93249999999837,500,136.80775000000054,5,13,100.0,16.157692307692475,26,1073.1
3,B,PREDATOR,17,-12.439999999999992,244,136.80775000000054,337,14,93.48881305637958,34.879642857142855,29,1073.1
3,B,PREDATOR,18,39.54500000000037,432,136.80775000000054,3,12,100.0,26.15020833333354,31,1073.1
3,B,PREDATOR,19,2679.112499999982,500,136.80775000000054,337,7,97.71667655786342,31.937500000000124,183,1073.1
3,B,PREDATOR,20,625.6775000000038,500,136.80775000000054,11,91,99.97545454545455,37.67953296703277,1477,1073.1
3,B,PREDATOR,21,28.98000000000045,302,136.80775000000054,337,166,97.5697329376854,41.27685240963867,1604,1073.1
3,B,PREDATOR,22,867.015000000002,500,136.80775000000054,337,10,98.48931750741833,31.109000000000037,98,1073.1
3,B,PREDATOR,23,1232.6300000000035,500,136.80775000000054,337,21,96.76830860534112,20.863333333333543,281,1073.1
3,B,PREDATOR,24,2393.6249999999923,500,136.80775000000054,337,9,93.51899109792261,27.620555555555608,108,1073.1
3,B,PREDATOR,25,486.69500000000335,467,136.80775000000054,337,49,91.80537091988097,17.666122448979895,275,1073.1
3,B,PREDATOR,26,39.195000000000846,467,136.80775000000054,337,10,97.09884272997023,25.729750000000088,36,1073.1
3,B,PREDATOR,27,2108.9525000000003,500,136.80775000000054,337,14,89.4140059347177,28.399107142857396,131,1073.1
3,B,PREDATOR,28,2371.079999999998,500,136.80775000000054,337,88,94.69350148367933,20.31985795454564,916,1073.1
3,B,PREDATOR,29,263.5300000000025,500,136.80775000000054,276,157,84.24409420289845,50.90667197452241,2692,1073.1
3,B,PREDATOR,30,49.000000000000924,500,136.80775000000054,337,62,96.0589910979227,32.86499999999982,753,1073.1
3,B,PREDATOR,31,40.425000000000544,344,136.80775000000054,10,10,99.973,37.9819999999999,22,1073.1
3,B,PREDATOR,32,1249.0575000000038,500,136.80775000000054,337,22,95.52510385756656,20.248068181818503,221,1073.1
3,B,PREDATOR,33,-13.139999999999977,314,136.80775000000054,6,11,100.0,43.50159090909065,26,1073.1
3,B,PREDATOR,34,28.69750000000036,310,136.80775000000054,7,87,100.0,49.11798850574693,913,1073.1
3,B,PREDATOR,35,409.48500000000246,500,136.80775000000054,337,85,94.46086053412444,26.936294117647314,703,1073.1
3,B,PREDATOR,36,-11.950000000000001,195,136.80775000000054,334,18,98.81544910179639,61.21736111111108,172,1073.1
3,B,PREDATOR,37,54.912499999999035,402,136.80775000000054,337,15,94.47100890207695,20.737833333333544,51,1073.1
3,B,PREDATOR,38,-12.799999999999985,280,136.80775000000054,337,14,95.20593471810074,30.85285714285725,14,1073.1
3,B,PREDATOR,39,48.9325000000004,500,136.80775000000054,6,21,100.0,29.025238095238127,235,1073.1
3,B,PREDATOR,40,456.4050000000017,500,136.80775000000054,337,169,96.52142433234413,40.146745562130214,2850,1073.1
3,B,PREDATOR,41,1600.915000000002,500,136.80775000000054,337,90,96.9168545994064,24.202611111111306,1179,1073.1
3,B,PREDATOR,42,63.86499999999829,500,136.80775000000054,337,49,99.72697329376857,20.685510204081865,564,1073.1
3,B,PREDATOR,43,2.6700000000000497,233,136.80775000000054,337,27,88.46774480712136,45.04370370370383,133,1073.1
3,B,PREDATOR,44,129.43000000000038,500,136.80775000000054,337,23,99.95878338278932,34.48152173913054,262,1073.1
3,B,PREDATOR,45,-12.779999999999985,278,136.80775000000054,19,13,99.99368421052633,37.43,11,1073.1
3,B,PREDATOR,46,306.3250000000027,500,136.80775000000054,337,10,91.69219584569692,15.333750000000148,38,1073.1
3,B,PREDATOR,47,-13.429999999999971,343,136.80775000000054,337,16,95.47222551928768,44.14906250000014,146,1073.1
3,B,PREDATOR,48,28.70250000000049,323,136.80775000000054,337,15,99.06278931750738,35.944333333333496,138,1073.1
3,B,PREDATOR,49,40.35250000000048,331,136.80775000000054,337,130,92.66038575667653,49.618173076923114,1242,1073.1
3,B,PREDATOR,50,147.39500000000288,447,136.80775000000054,144,9,91.99777777777778,36.6866666666666,38,1073.1
3,B,PREDATOR,51,-12.259999999999996,226,136.80775000000054,8,10,100.0,56.46899999999967,26,1073.1
3,B,PREDATOR,52,1145.9525000000021,500,136.80775000000054,337,146,96.14157270029662,33.09833904109604,2962,1073.1
3,B,PREDATOR,53,-13.139999999999977,314,136.80775000000054,337,68,94.30842729970308,30.502095588235473,402,1073.1
3,B,PREDATOR,54,249.65000000000185,289,136.80775000000054,337,27,94.99270029673572,21.47277777777796,69,1073.1
3,B,PREDATOR,55,53.744999999998754,462,136.80775000000054,337,10,86.55094955489547,22.164250000000003,39,1073.1
3,B,PREDATOR,56,161.05000000000172,500,136.80775000000054,319,165,87.94592476489021,45.716969696969784,2739,1073.1
3,B,PREDATOR,57,14.114999999999599,275,136.80775000000054,201,132,86.64850746268657,61.826553030303096,1437,1073.1
3,B,PREDATOR,58,3.220000000000038,178,136.80775000000054,337,16,92.51436201780398,48.67187499999998,102,1073.1
3,B,PREDATOR,59,2015.3775000000028,500,136.80775000000054,0,154,0.0,54.24639610389607,4091,1073.1
3,B,PREDATOR,60,12.432499999999367,450,136.80775000000054,335,158,96.45540298507453,38.44395569620251,2077,1073.1
3,B,PREDATOR,61,38.975000000000655,489,136.80775000000054,5,10,99.946,25.702249999999832,28,1073.1
3,B,PREDATOR,62,5.724999999999479,364,136.80775000000054,337,169,93.7966468842728,35.607633136094805,1762,1073.1
3,B,PREDATOR,63,-12.409999999999993,241,136.80775000000054,337,15,98.69958456973288,40.93350000000012,28,1073.1
3,B,PREDATOR,64,126.60750000000273,360,136.80775000000054,0,102,0.0,36.998259803921734,1209,1073.1
3,B,PREDATOR,65,423.5675000000029,442,136.80775000000054,337,39,95.59272997032623,20.971538461538756,400,1073.1
3,B,PREDATOR,66,27.612500000000814,432,136.80775000000054,337,147,96.42341246290788,24.99088435374176,1058,1073.1
3,B,PREDATOR,67,1157.4050000000032,500,136.80775000000054,336,147,90.3063988095235,29.648928571428733,1850,1073.1
3,B,PREDATOR,68,39.11250000000048,482,136.80775000000054,324,160,93.49317901234566,44.16320312500003,2519,1073.1
3,B,PREDATOR,69,2100.8549999999987,500,136.80775000000054,315,157,83.24641269841263,36.487101910828166,2890,1073.1
3,B,PREDATOR,70,1736.7824999999998,500,136.80775000000054,337,6,94.77569732937665,36.43333333333343,140,1073.1
3,B,PREDATOR,71,-12.889999999999983,289,136.80775000000054,127,109,79.06913385826762,72.54146788990828,1189,1073.1
3,B,PREDATOR,72,65.5799999999991,458,136.80775000000054,337,8,99.96635014836797,14.979375000000157,18,1073.1
3,B,PREDATOR,73,6.704999999999606,254,136.80775000000054,332,111,94.6865361445783,56.26808558558556,1084,1073.1
3,B,PREDATOR,74,453.5950000000036,467,136.80775000000054,4,105,100.0,32.2397857142859,1698,1073.1
3,B,PREDATOR,75,51.59249999999978,401,136.80775000000054,7,11,100.0,30.378636363636257,26,1073.1
3,B,PREDATOR,76,1303.7350000000013,500,136.80775000000054,325,163,93.13261538461535,46.271457055214846,3337,1073.1
3,B,PREDATOR,77,13.242499999999458,369,136.80775000000054,337,17,89.68118694361982,25.12867647058841,91,1073.1
3,B,PREDATOR,78,813.4425000000031,500,136.80775000000054,337,10,99.50255192878339,21.546000000000035,89,1073.1
3,B,PREDATOR,79,2084.5574999999685,500,136.80775000000054,0,122,0.0,51.08075819672122,2436,1073.1
3,B,PREDATOR,80,334.00250000000244,500,136.80775000000054,337,147,93.4855489614243,44.04794217687078,3315,1073.1
3,B,PREDATOR,81,12.272499999999296,466,136.80775000000054,7,11,100.0,27.349772727272672,47,1073.1
3,B,PREDATOR,82,2.6900000000000492,231,136.80775000000054,337,17,96.44400593471798,29.721470588235462,21,1073.1
3,B,PREDATOR,83,12.684999999999361,418,136.80775000000054,337,10,95.50035608308589,29.462500000000126,21,1073.1
3,B,PREDATOR,84,517.5500000000029,500,136.80775000000054,297,151,90.68747474747472,37.910314569536574,3431,1073.1
3,B,PREDATOR,85,2377.857499999983,500,136.80775000000054,337,8,99.89718100890207,22.163750000000185,106,1073.1
3,B,PREDATOR,86,14.16249999999954,500,136.80775000000054,6,12,100.0,19.024583333333382,26,1073.1
3,B,PREDATOR,87,520.5925000000041,500,136.80775000000054,324,160,88.95080246913575,41.83182812500009,3403,1073.1
3,B,PREDATOR,88,2084.4899999999993,500,136.80775000000054,337,69,87.29955489614201,25.736449275362506,473,1073.1
3,B,PREDATOR,89,36.932500000000466,500,136.80775000000054,337,10,88.63786350148331,14.009750000000205,24,1073.1
3,B,PREDATOR,90,828.9174999999987,500,136.80775000000054,337,10,99.64364985163203,28.81774999999994,52,1073.1
3,B,PREDATOR,91,2162.734999999999,500,136.80775000000054,337,21,91.62958456973259,27.528809523809656,257,1073.1
3,B,PREDATOR,92,123.40749999999764,500,136.80775000000054,337,8,93.85195845697305,29.09499999999984,41,1073.1
3,B,PREDATOR,93,1256.1050000000034,500,136.80775000000054,336,42,94.55050595238075,18.689761904762225,420,1073.1
3,B,PREDATOR,94,1453.7099999999978,500,136.80775000000054,337,14,89.11925816023694,22.22339285714308,135,1073.1
3,B,PREDATOR,95,25.717500000000626,419,136.80775000000054,337,152,90.88415430267031,29.95822368421074,1508,1073.1
3,B,PREDATOR,96,21.86499999999931,500,136.80775000000054,5,14,100.0,25.178035714285436,60,1073.1
3,B,PREDATOR,97,627.9750000000018,500,136.80775000000054,337,26,87.96451038575606,19.067692307692614,229,1073.1
3,B,PREDATOR,98,397.36500000000336,500,136.80775000000054,337,17,86.75816023738804,21.09926470588261,122,1073.1
3,B,PREDATOR,99,731.632500000001,500,136.80775000000054,337,10,91.62335311572662,26.79024999999994,186,1073.1
3,B,PREDATOR,100,828.4225000000014,500,136.80775000000054,336,17,91.13809523809488,25.029411764706047,158,1073.1
3,B,PREDATOR,101,238.57000000000093,500,136.80775000000054,332,168,91.69039156626499,33.643363095238186,2083,1073.1
3,B,PREDATOR,102,-13.909999999999961,391,136.80775000000054,335,169,98.73271641791042,38.75636094674559,2447,1073.1
3,B,PREDATOR,103,2858.2974999999738,500,136.80775000000054,337,13,94.73504451038558,22.26961538461556,188,1073.1
3,B,PREDATOR,104,-14.359999999999951,436,136.80775000000054,337,81,88.3960534124625,26.379753086419864,701,1073.1
3,B,PREDATOR,105,1814.5125000000019,500,136.80775000000054,337,8,95.86486646884252,23.00312500000005,82,1073.1
3,B,PREDATOR,106,687.2075000000001,500,136.80775000000054,337,14,98.25261127596431,17.131607142857316,113,1073.1
3,B,PREDATOR,107,-14.559999999999947,456,136.80775000000054,337,74,95.66068249258146,17.668750000000294,549,1073.1
3,B,PREDATOR,108,39.06500000000037,453,136.80775000000054,3,10,100.0,32.80649999999983,32,1073.1
3,B,PREDATOR,109,13.609999999999664,339,136.80775000000054,337,20,98.45593471810083,26.317625000000163,115,1073.1
3,B,PREDATOR,110,82.45749999999853,331,136.80775000000054,337,57,92.1832047477742,29.086491228070336,255,1073.1
3,B,PREDATOR,111,223.66250000000352,429,136.80775000000054,337,9,95.294540059347,25.13361111111117,26,1073.1
3,B,PREDATOR,112,341.1074999999987,500,136.80775000000054,337,7,96.74881305637969,25.088571428571633,32,1073.1
3,B,PREDATOR,113,12.262499999999386,386,136.80775000000054,337,169,96.43572700296727,39.182100591715965,1625,1073.1
3,B,PREDATOR,114,-12.129999999999999,213,136.80775000000054,337,15,96.83750741839751,42.99349999999992,22,1073.1
3,B,PREDATOR,115,72.29499999999919,500,136.80775000000054,7,11,100.0,18.94931818181823,32,1073.1
3,B,PREDATOR,116,28.052500000000492,361,136.80775000000054,337,120,98.27952522255188,47.78458333333329,1443,1073.1
3,B,PREDATOR,117,102.66999999999788,500,136.80775000000054,337,9,87.78798219584502,20.97888888888897,47,1073.1
3,B,PREDATOR,118,-14.489999999999949,449,136.80775000000054,278,146,87.46830935251795,49.973715753424784,1216,1073.1
3,B,PREDATOR,119,92.03249999999761,482,136.80775000000054,4,10,100.0,28.233999999999742,37,1073.1
3,B,PREDATOR,120,2815.922499999989,500,136.80775000000054,337,26,90.58608308605312,20.30788461538487,309,1073.1
3,B,PREDATOR,121,-13.01999999999998,302,136.80775000000054,337,38,99.463471810089,29.339736842105435,199,1073.1
3,B,PREDATOR,122,75.79749999999957,500,136.80775000000054,337,10,90.40928783382739,16.766500000000008,32,1073.1
3,B,PREDATOR,123,2.840000000000046,216,136.80775000000054,6,93,100.0,71.79059139784931,869,1073.1
3,B,PREDATOR,124,53.854999999998846,474,136.80775000000054,331,165,97.03758308157096,45.56107575757555,2569,1073.1
3,B,PREDATOR,125,5.529999999999475,391,136.80775000000054,7,69,100.0,41.64920289855045,855,1073.1
3,B,PREDATOR,126,761.7975000000033,500,136.80775000000054,2,44,100.0,31.184090909090745,585,1073.1
3,B,PREDATOR,127,39.61249999999998,405,136.80775000000054,337,12,87.97744807121613,22.35229166666689,18,1073.1
3,B,PREDATOR,128,183.70000000000294,500,136.80775000000054,10,9,100.0,20.231666666666943,20,1073.1
3,B,PREDATOR,129,2886.209999999969,500,136.80775000000054,337,8,87.85590504450988,22.03968750000013,163,1073.1
3,B,PREDATOR,130,1422.042500000002,500,136.80775000000054,337,164,93.79756676557841,33.76945121951228,1618,1073.1
3,B,PREDATOR,131,32.32000000000028,391,136.80775000000054,261,151,80.91306513409954,55.89855960264907,1352,1073.1
3,B,PREDATOR,132,65.79999999999973,500,136.80775000000054,337,7,89.10133531157213,11.310000000000132,30,1073.1
3,B,PREDATOR,133,1376.6100000000022,500,136.80775000000054,336,25,98.58979166666661,35.126100000000086,285,1073.1
3,B,PREDATOR,134,299.99499999999955,500,136.80775000000054,11,163,94.12181818181817,56.38024539877309,3347,1073.1
3,B,PREDATOR,135,169.26750000000365,500,136.80775000000054,5,94,100.0,41.13287234042534,1983,1073.1
3,B,PREDATOR,136,179.98500000000118,500,136.80775000000054,336,169,99.40994047619047,30.909467455621424,2258,1073.1
3,B,PREDATOR,137,1808.8150000000023,500,136.80775000000054,298,157,84.81567114093956,43.0780095541402,3146,1073.1
3,B,PREDATOR,138,14.432499999999495,500,136.80775000000054,337,130,92.28727002967331,18.243192307692595,883,1073.1
3,B,PREDATOR,139,2.2200000000000575,278,136.80775000000054,337,13,97.74813056379814,42.68865384615387,69,1073.1
3,B,PREDATOR,140,22.37500000000029,172,136.80775000000054,337,16,97.43347181008895,46.96515625000001,105,1073.1
3,B,PREDATOR,141,13.227499999999685,357,136.80775000000054,12,19,100.0,38.843289473684116,89,1073.1
3,B,PREDATOR,142,28.035000000000657,356,136.80775000000054,337,10,91.15919881305602,27.51500000000007,17,1073.1
3,B,PREDATOR,143,2452.624999999989,500,136.80775000000054,337,7,94.58976261127577,25.59714285714303,139,1073.1
3,B,PREDATOR,144,288.1200000000024,500,136.80775000000054,6,12,100.0,24.47479166666669,48,1073.1
3,B,PREDATOR,145,13.409999999999469,359,136.80775000000054,337,11,93.0338575667653,29.215000000000074,17,1073.1
3,B,PREDATOR,146,171.39249999999856,500,136.80775000000054,7,11,100.0,18.82295454545475,25,1073.1
3,B,PREDATOR,147,37.40250000000041,373,136.80775000000054,337,61,93.96587537091965,16.093155737705242,351,1073.1
3,B,PREDATOR,148,-11.850000000000001,185,136.80775000000054,335,49,96.77567164179098,43.609183673469516,242,1073.1
3,B,PREDATOR,149,747.3675000000039,500,136.80775000000054,337,10,98.22086053412457,28.578500000000247,378,1073.1
3,B,PREDATOR,150,3256.469999999967,500,136.80775000000054,335,14,95.75226865671627,37.30928571428574,300,1073.1
3,B,PREDATOR,151,12.192499999999276,474,136.80775000000054,4,11,100.0,22.305909090909125,33,1073.1
3,B,PREDATOR,152,2117.109999999998,500,136.80775000000054,337,8,97.9118694362017,33.00500000000008,121,1073.1
3,B,PREDATOR,153,59.434999999999455,393,136.80775000000054,5,10,100.0,39.12774999999993,30,1073.1
3,B,PREDATOR,154,1012.0050000000005,500,136.80775000000054,337,9,92.67329376854566,18.828055555555757,48,1073.1
3,B,PREDATOR,155,13.992499999999547,294,136.80775000000054,336,40,99.44580357142856,34.05125000000013,298,1073.1
3,B,PREDATOR,156,1869.9525000000035,500,136.80775000000054,337,53,96.89373887240345,17.941933962264397,651,1073.1
3,B,PREDATOR,157,102.86499999999782,500,136.80775000000054,336,8,96.53946428571416,29.61812500000005,202,1073.1
3,B,PREDATOR,158,48.797500000000355,500,136.80775000000054,337,11,89.91649851632006,15.995909090909118,165,1073.1
3,B,PREDATOR,159,-12.879999999999983,288,136.80775000000054,337,13,90.66189910979196,29.73538461538486,30,1073.1
3,B,PREDATOR,160,195.01250000000107,500,136.80775000000054,4,16,100.0,33.2306249999997,160,1073.1
3,B,PREDATOR,161,1374.8775000000014,500,136.80775000000054,337,92,96.37115727002956,28.798043478260706,963,1073.1
3,B,PREDATOR,162,12.97499999999946,389,136.80775000000054,282,157,86.73978723404245,54.08062101910837,1849,1073.1
3,B,PREDATOR,163,887.6450000000038,500,136.80775000000054,337,13,96.26495548961411,17.356346153846307,296,1073.1
3,B,PREDATOR,164,608.1500000000029,500,136.80775000000054,337,11,99.97721068249258,18.432954545454603,73,1073.1
3,B,PREDATOR,165,-13.659999999999966,366,136.80775000000054,337,56,90.43608308605312,18.238437500000266,277,1073.1
3,B,PREDATOR,166,186.43000000000276,350,136.80775000000054,337,16,93.17465875370893,16.31859375000036,27,1073.1
3,B,PREDATOR,167,13.45249999999947,348,136.80775000000054,325,11,81.07221538461536,36.792954545454485,22,1073.1
3,B,PREDATOR,168,12.274999999999322,459,136.80775000000054,337,11,88.81124629080067,14.375681818182153,13,1073.1
3,B,PREDATOR,169,-12.509999999999991,251,136.80775000000054,0,92,0.0,48.64959239130437,891,1073.1
3,B,PREDATOR,170,6.529999999999616,243,136.80775000000054,337,17,94.42545994065262,37.68044117647081,89,1073.1
3,B,PREDATOR,171,2077.1825000000003,500,136.80775000000054,336,36,90.48940476190438,23.953541666666972,434,1073.1
3,B,PREDATOR,172,1635.6549999999993,500,136.80775000000054,263,146,86.56022813688212,43.774554794520704,3595,1073.1
3,B,PREDATOR,173,12.089999999999241,491,136.80775000000054,5,68,100.0,50.71569852941093,1062,1073.1
3,B,PREDATOR,174,41.16250000000051,500,136.80775000000054,337,7,99.17922848664686,20.89500000000006,82,1073.1
3,B,PREDATOR,175,450.78000000000316,500,136.80775000000054,335,168,94.56020895522383,38.48662202380966,2726,1073.1
3,B,PREDATOR,176,1403.545000000003,490,136.80775000000054,328,164,92.27807926829263,38.41820121951232,2479,1073.1
3,B,PREDATOR,177,978.7800000000026,500,136.80775000000054,337,30,95.15599406528173,12.880916666667021,437,1073.1
3,B,PREDATOR,178,577.1925000000037,500,136.80775000000054,337,9,95.58706231453985,24.4383333333333,88,1073.1
3,B,PREDATOR,179,12.262499999999276,467,136.80775000000054,5,12,100.0,22.721666666666778,39,1073.1
3,B,PREDATOR,180,12.542499999999405,412,136.80775000000054,337,155,91.56629080118667,40.479661290322575,1628,1073.1
3,B,PREDATOR,181,-12.609999999999989,261,136.80775000000054,337,13,92.42584569732915,39.07788461538469,19,1073.1
3,B,PREDATOR,182,1381.2400000000007,500,136.80775000000054,337,29,92.19376854599376,25.97137931034499,288,1073.1
3,B,PREDATOR,183,1467.5450000000021,469,136.80775000000054,332,167,96.56680722891564,50.92706586826335,2513,1073.1
3,B,PREDATOR,184,1483.8775000000023,500,136.80775000000054,337,47,88.77908011869387,16.816648936170544,393,1073.1
3,B,PREDATOR,185,-14.639999999999946,464,136.80775000000054,337,14,93.28014836795225,17.240000000000126,108,1073.1
3,B,PREDATOR,186,425.45499999999794,500,136.80775000000054,334,169,93.6717964071856,41.22568047337288,3104,1073.1
3,B,PREDATOR,187,801.1975000000019,500,136.80775000000054,337,83,93.91934718100869,21.183072289156815,1030,1073.1
3,B,PREDATOR,188,200.72250000000335,500,136.80775000000054,337,10,90.76394658753667,15.136500000000206,30,1073.1
3,B,PREDATOR,189,1015.2825000000031,500,136.80775000000054,337,10,95.02640949554875,28.820750000000153,185,1073.1
3,B,PREDATOR,190,167.2975000000023,500,136.80775000000054,4,108,100.0,47.928101851851345,1602,1073.1
3,B,PREDATOR,191,380.17750000000365,500,136.80775000000054,337,40,94.68970326409476,30.197125000000163,243,1073.1
3,B,PREDATOR,192,1271.982500000003,500,136.80775000000054,174,133,87.53902298850574,56.20046992481209,1790,1073.1
3,B,PREDATOR,193,-14.959999999999939,496,136.80775000000054,9,11,99.97,16.222272727272898,40,1073.1
3,B,PREDATOR,194,47.035000000000004,500,136.80775000000054,337,68,87.14169139465818,10.35279411764746,853,1073.1
3,B,PREDATOR,195,653.2750000000003,500,136.80775000000054,337,13,94.84418397626094,26.331153846154045,134,1073.1
3,B,PREDATOR,196,129.18999999999977,500,136.80775000000054,337,8,88.36994065281843,22.90343749999996,30,1073.1
3,B,PREDATOR,197,811.5975000000042,500,136.80775000000054,1,78,100.0,33.0048717948716,1036,1073.1
3,B,PREDATOR,198,13.96249999999955,297,136.80775000000054,337,18,96.96724035608297,26.090277777777953,59,1073.1
3,B,PREDATOR,199,2724.7649999999776,500,136.80775000000054,337,10,89.97715133531105,21.455250000000262,122,1073.1
3,B,PREDATOR,200,1845.0775000000008,500,136.80775000000054,337,8,96.89234421364975,24.371250000000245,90,1073.1
3,B,PREDATOR,201,12.574999999999411,375,136.80775000000054,1,100,100.0,53.042199999999745,1367,1073.1
3,B,PREDATOR,202,5799.897499999985,500,136.80775000000054,334,14,93.70919161676628,26.919642857143,290,1073.1
3,B,PREDATOR,203,-12.229999999999997,223,136.80775000000054,89,104,91.94235955056178,72.36252403846157,1136,1073.1
3,B,PREDATOR,204,1433.4025000000013,500,136.80775000000054,323,168,80.30848297213613,44.422306547619115,2524,1073.1
3,B,PREDATOR,205,-14.609999999999946,461,136.80775000000054,337,9,94.30718100890186,18.761388888889073,19,1073.1
3,B,PREDATOR,206,2210.1049999999937,500,136.80775000000054,337,24,99.87910979228485,19.32104166666683,228,1073.1
3,B,PREDATOR,207,75.93250000000016,500,136.80775000000054,337,9,89.96899109792245,27.568888888888736,57,1073.1
3,B,PREDATOR,208,1704.6574999999996,500,136.80775000000054,337,11,99.91240356083085,32.66840909090924,145,1073.1
3,B,PREDATOR,209,155.58250000000177,500,136.80775000000054,337,8,92.63118694361987,27.9012500000001,144,1073.1
3,B,PREDATOR,210,90.45999999999772,500,136.80775000000054,337,123,97.52255192878329,26.419776422764393,1661,1073.1
3,B,PREDATOR,211,75.93250000000018,500,136.80775000000054,5,12,100.0,21.834166666666736,26,1073.1
3,B,PREDATOR,212,8.754999999999407,458,136.80775000000054,337,11,92.96694362017774,17.738409090909304,46,1073.1
3,B,PREDATOR,213,40.22250000000056,344,136.80775000000054,13,81,94.16846153846154,46.66675925925891,844,1073.1
3,B,PREDATOR,214,67.82499999999943,500,136.80775000000054,337,7,99.97222551928783,20.631428571428728,68,1073.1
3,B,PREDATOR,215,829.7675000000031,500,136.80775000000054,337,41,93.75465875370897,18.95250000000032,418,1073.1
3,B,PREDATOR,216,31.907500000000113,439,136.80775000000054,337,17,90.42367952522206,17.613088235294338,90,1073.1
3,B,PREDATOR,217,1392.7675000000024,500,136.80775000000054,337,10,97.28471810089012,32.30375000000016,256,1073.1
3,B,PREDATOR,218,569.7475000000037,500,136.80775000000054,3,100,100.0,36.56017499999991,1597,1073.1
3,B,PREDATOR,219,254.1575000000028,396,136.80775000000054,337,25,94.19934718100869,16.870100000000324,119,1073.1
3,B,PREDATOR,220,129.52750000000134,500,136.80775000000054,142,46,84.93697183098588,54.21641304347825,420,1073.1
3,B,PREDATOR,221,28.395000000000586,347,136.80775000000054,337,13,87.5487240356078,28.061538461538632,48,1073.1
3,B,PREDATOR,222,54.18249999999836,421,136.80775000000054,0,14,0.0,30.98249999999994,80,1073.1
3,B,PREDATOR,223,2250.8599999999906,500,136.80775000000054,337,10,92.09097922848632,26.915000000000077,116,1073.1
3,B,PREDATOR,224,38.37500000000049,495,136.80775000000054,337,8,93.64409495548936,10.995000000000234,18,1073.1
3,B,PREDATOR,225,371.237500000004,500,136.80775000000054,337,76,85.99851632047414,21.653750000000187,656,1073.1
3,B,PREDATOR,226,28.545000000000634,332,136.80775000000054,337,13,86.45842729970273,33.12769230769223,28,1073.1
3,B,PREDATOR,227,74.17749999999994,500,136.80775000000054,337,34,97.22516320474767,22.018676470588492,257,1073.1
3,B,PREDATOR,228,1147.0075000000018,484,136.80775000000054,325,164,83.17578461538443,47.808810975609696,3805,1073.1
3,B,PREDATOR,229,-13.359999999999973,336,136.80775000000054,337,13,87.389910979228,39.665,159,1073.1
3,B,PREDATOR,230,47.13000000000063,410,136.80775000000054,337,12,88.17097922848613,25.651041666666917,27,1073.1
3,B,PREDATOR,231,13.802499999999691,313,136.80775000000054,3,108,100.0,57.61525462962949,1217,1073.1
3,B,PREDATOR,232,-11.740000000000002,174,136.80775000000054,337,14,99.27456973293766,54.15499999999992,98,1073.1
3,B,PREDATOR,233,86.1124999999979,424,136.80775000000054,5,11,100.0,27.39227272727281,34,1073.1
3,B,PREDATOR,234,120.52249999999962,352,136.80775000000054,336,69,95.22556547619034,25.576086956521923,508,1073.1
3,B,PREDATOR,235,608.0375000000039,500,136.80775000000054,337,9,98.22602373887233,23.89888888888906,127,1073.1
3,B,PREDATOR,236,-14.009999999999959,401,136.80775000000054,0,121,0.0,35.124008264463015,1381,1073.1
3,B,PREDATOR,237,156.25750000000252,500,136.80775000000054,6,49,100.0,38.94525510204034,643,1073.1
3,B,PREDATOR,238,104.7249999999978,458,136.80775000000054,337,116,93.01195845697305,25.845000000000255,1361,1073.1
3,B,PREDATOR,239,66.05749999999979,474,136.80775000000054,337,48,87.97792284866422,16.929062500000292,281,1073.1
3,B,PREDATOR,240,135.28000000000304,500,136.80775000000054,337,42,98.57005934718097,18.54750000000027,375,1073.1
3,B,PREDATOR,241,-12.909999999999982,291,136.80775000000054,10,37,100.0,58.08310810810765,468,1073.1
3,B,PREDATOR,242,2660.882499999954,500,136.80775000000054,337,12,99.70089020771512,24.557083333333477,179,1073.1
3,B,PREDATOR,243,13.309999999999517,366,136.80775000000054,9,89,100.0,45.349887640449104,991,1073.1
3,B,PREDATOR,244,58.472499999999904,442,136.80775000000054,333,167,93.35414414414407,48.474955089820426,1887,1073.1
3,B,PREDATOR,245,476.3375000000007,500,136.80775000000054,337,161,91.80077151335288,33.14639751552813,1165,1073.1
3,B,PREDATOR,246,48.5275000000008,500,136.80775000000054,299,149,88.67511705685614,42.94456375838944,2842,1073.1
3,B,PREDATOR,247,-13.889999999999961,389,136.80775000000054,337,10,88.17608308605286,23.500250000000232,37,1073.1
3,B,PREDATOR,248,105.70749999999785,456,136.80775000000054,337,153,93.93462908011846,28.022663398692995,1023,1073.1
3,B,PREDATOR,249,68.12999999999893,260,136.80775000000054,337,15,90.82661721068223,42.05099999999986,26,1073.1
3,B,PREDATOR,250,2.570000000000052,243,136.80775000000054,3,144,100.0,61.71916666666667,1699,1073.1
3,B,PREDATOR,251,1141.4125000000033,500,136.80775000000054,337,10,94.95896142433214,18.985250000000306,163,1073.1
3,B,PREDATOR,252,613.5875000000037,500,136.80775000000054,337,10,98.16626112759637,21.18625000000015,84,1073.1
3,B,PREDATOR,253,-13.179999999999977,318,136.80775000000054,263,133,85.45444866920148,66.83062030075192,1410,1073.1
3,B,PREDATOR,254,28.40250000000067,353,136.80775000000054,254,102,86.30830708661416,54.14683823529395,1279,1073.1
3,B,PREDATOR,255,12.572499999999385,436,136.80775000000054,337,12,88.0828189910975,16.025833333333583,68,1073.1
3,B,PREDATOR,256,120.13250000000271,426,136.80775000000054,337,47,86.0521661721062,18.774734042553455,246,1073.1
3,B,PREDATOR,257,46.88250000000057,359,136.80775000000054,334,121,92.99976047904181,47.20030991735521,1424,1073.1
3,B,PREDATOR,258,29.032500000000553,290,136.80775000000054,337,52,94.49504451038557,36.03355769230779,249,1073.1
3,B,PREDATOR,259,117.59499999999771,500,136.80775000000054,337,10,94.46483679525197,21.49825000000008,53,1073.1
3,B,PREDATOR,260,100.87749999999812,500,136.80775000000054,337,9,94.11077151335284,14.13916666666695,18,1073.1
3,B,PREDATOR,261,454.6475000000036,500,136.80775000000054,337,53,98.13830860534121,26.544905660377438,500,1073.1
3,B,PREDATOR,262,617.8550000000027,406,136.80775000000054,337,104,88.7204154302666,19.906201923077198,771,1073.1
3,B,PREDATOR,263,-12.619999999999989,262,136.80775000000054,337,14,91.35415430267031,29.576785714285855,15,1073.1
3,B,PREDATOR,264,13.612499999999502,332,136.80775000000054,337,14,95.35599406528176,32.69732142857162,256,1073.1
3,B,PREDATOR,265,4576.7624999999825,500,136.80775000000054,337,39,96.19608308605329,15.17660256410288,495,1073.1
3,B,PREDATOR,266,3098.414999999941,500,136.80775000000054,337,154,92.30866468842702,34.15147727272734,1486,1073.1
3,B,PREDATOR,267,-12.759999999999986,276,136.80775000000054,337,14,98.59738872403557,46.05428571428568,150,1073.1
3,B,PREDATOR,268,21.729999999999308,500,136.80775000000054,320,164,91.30693749999993,57.13724085365849,2710,1073.1
3,B,PREDATOR,269,1149.3675000000019,500,136.80775000000054,337,22,94.33908011869417,21.64750000000025,244,1073.1
3,B,PREDATOR,270,1858.8500000000001,500,136.80775000000054,335,29,96.98038805970138,19.698793103448587,355,1073.1
3,B,PREDATOR,271,1848.6099999999997,500,136.80775000000054,336,9,99.77279761904761,36.33166666666671,280,1073.1
3,B,PREDATOR,272,90.05499999999824,500,136.80775000000054,8,11,100.0,20.854772727272767,23,1073.1
3,B,PREDATOR,273,163.96750000000353,500,136.80775000000054,4,12,100.0,23.72979166666654,61,1073.1
3,B,PREDATOR,274,144.4324999999991,500,136.80775000000054,337,8,94.7685163204746,35.49906250000001,331,1073.1
3,B,PREDATOR,275,447.6525000000017,500,136.80775000000054,282,148,83.01230496453894,58.31180743243252,1525,1073.1
3,B,PREDATOR,276,90.7974999999989,500,136.80775000000054,337,10,95.59130563798203,19.579000000000146,52,1073.1
3,B,PREDATOR,277,39.214999999999726,465,136.80775000000054,336,11,99.42244047619046,19.874772727272937,241,1073.1
3,B,PREDATOR,278,582.0150000000002,500,136.80775000000054,337,11,89.11323442136435,25.272272727272856,41,1073.1
3,B,PREDATOR,279,520.5025000000029,500,136.80775000000054,337,13,93.75519287833802,29.6282692307693,163,1073.1
3,B,PREDATOR,280,772.7350000000012,500,136.80775000000054,337,15,99.95406528189912,25.907833333333503,174,1073.1
3,B,PREDATOR,281,1979.9250000000025,500,136.80775000000054,337,17,89.57305637982142,16.399117647059175,167,1073.1
3,B,PREDATOR,282,48.662500000000726,500,136.80775000000054,4,10,100.0,28.70024999999984,31,1073.1
3,B,PREDATOR,283,1233.2725000000034,500,136.80775000000054,337,12,97.2659347181008,28.86541666666679,195,1073.1
3,B,PREDATOR,284,28.852500000000482,308,136.80775000000054,337,44,88.9230267062311,34.717443181818346,202,1073.1
3,B,PREDATOR,285,422.8824999999995,500,136.80775000000054,336,14,89.59434523809486,21.365000000000062,73,1073.1
3,B,PREDATOR,286,530.8675000000017,500,136.80775000000054,337,11,96.44264094955476,22.37545454545453,81,1073.1
3,B,PREDATOR,287,1082.1724999999983,500,136.80775000000054,336,11,95.35068452380938,24.178636363636407,65,1073.1
3,B,PREDATOR,288,75.45999999999809,500,136.80775000000054,337,8,88.19575667655735,20.41781250000014,18,1073.1
3,B,PREDATOR,289,586.4725000000021,500,136.80775000000054,337,12,96.64454005934705,30.034375000000015,244,1073.1
3,B,PREDATOR,290,667.7725000000017,500,136.80775000000054,337,8,91.25724035608275,22.05000000000011,53,1073.1
3,B,PREDATOR,291,21.932499999999308,500,136.80775000000054,8,12,100.0,21.218541666666756,27,1073.1
3,B,PREDATOR,292,75.9324999999978,500,136.80775000000054,337,8,99.94560830860533,15.59562500000019,22,1073.1
3,B,PREDATOR,293,2461.619999999972,500,136.80775000000054,337,52,95.62412462907997,42.272403846153935,362,1073.1
3,B,PREDATOR,294,3.190000000000037,181,136.80775000000054,337,18,92.02397626112734,40.33944444444453,47,1073.1
3,B,PREDATOR,295,220.29000000000352,500,136.80775000000054,337,9,92.64207715133496,26.130833333333342,158,1073.1
3,B,PREDATOR,296,-12.57999999999999,258,136.80775000000054,337,16,99.93430267062315,28.15468750000008,28,1073.1
3,B,PREDATOR,297,457.20750000000186,307,136.80775000000054,336,169,98.30083333333332,47.19772189349122,1739,1073.1
3,B,PREDATOR,298,2765.9249999999265,500,136.80775000000054,337,10,97.5345400593471,19.36025,155,1073.1
3,B,PREDATOR,299,846.9800000000037,500,136.80775000000054,4,89,100.0,40.8804213483142,1202,1073.1
3,B,PREDATOR,300,12.67499999999959,290,136.80775000000054,16,12,100.0,39.71604166666651,26,1073.1
3,B,PREDATOR,301,39.54250000000031,500,136.80775000000054,337,10,91.21005934718086,20.17524999999995,18,1073.1
3,B,PREDATOR,302,2184.1424999999927,500,136.80775000000054,337,14,88.8829970326404,22.578035714285967,216,1073.1
3,B,PREDATOR,303,706.1175000000036,500,136.80775000000054,337,117,91.41976261127564,23.977649572649756,1148,1073.1
3,B,PREDATOR,304,13.594999999999535,327,136.80775000000054,337,14,92.87296735905018,35.016785714285845,73,1073.1
3,B,PREDATOR,305,-14.009999999999959,401,136.80775000000054,8,9,100.0,32.375277777777626,26,1073.1
3,B,PREDATOR,306,1335.2225000000033,500,136.80775000000054,337,10,97.47679525222541,21.930000000000145,161,1073.1
3,B,PREDATOR,307,1095.8900000000033,500,136.80775000000054,337,25,86.94465875370877,19.390600000000287,151,1073.1
3,B,PREDATOR,308,90.66999999999801,500,136.80775000000054,337,52,86.83673590504395,25.03716346153867,396,1073.1
3,B,PREDATOR,309,116.34999999999759,500,136.80775000000054,6,19,100.0,38.113552631578564,157,1073.1
3,B,PREDATOR,310,1158.4850000000006,500,136.80775000000054,337,28,90.79213649851597,12.021428571428894,287,1073.1
3,B,PREDATOR,311,2361.377499999996,500,136.80775000000054,337,10,96.48804154302658,37.15299999999994,145,1073.1
3,B,PREDATOR,312,1002.7675,500,136.80775000000054,304,151,88.53210526315783,61.770910596026525,2024,1073.1
3,B,PREDATOR,313,1749.1275000000023,500,136.80775000000054,337,52,92.08548961424314,33.48658653846172,548,1073.1
3,B,PREDATOR,314,459.5850000000039,500,136.80775000000054,5,63,100.0,40.095436507936036,830,1073.1
3,B,PREDATOR,315,24.412500000000414,372,136.80775000000054,6,107,100.0,50.312313084111786,1192,1073.1
3,B,PREDATOR,316,12.972499999999487,369,136.80775000000054,337,11,97.85824925816014,34.10704545454532,18,1073.1
3,B,PREDATOR,317,3347.0949999999893,500,136.80775000000054,336,11,97.83273809523801,18.797727272727652,208,1073.1
3,B,PREDATOR,318,2044.9375000000005,500,136.80775000000054,292,151,86.49065068493142,51.36816225165564,2610,1073.1
3,B,PREDATOR,319,-12.879999999999983,288,136.80775000000054,337,13,91.60572700296704,27.340000000000256,35,1073.1
3,B,PREDATOR,320,156.45999999999933,500,136.80775000000054,337,9,93.77166172106797,27.353333333333488,128,1073.1
3,B,PREDATOR,321,738.5725000000016,500,136.80775000000054,337,13,94.25338278931724,28.097692307692366,193,1073.1
3,B,PREDATOR,322,144.05499999999753,500,136.80775000000054,336,10,96.82964285714273,25.248499999999954,101,1073.1
3,B,PREDATOR,323,781.537500000001,500,136.80775000000054,337,5,99.97240356083086,45.90399999999988,176,1073.1
3,B,PREDATOR,324,167.0624999999978,500,136.80775000000054,337,16,88.54210682492536,18.340625000000234,66,1073.1
3,B,PREDATOR,325,-13.179999999999977,318,136.80775000000054,7,66,100.0,55.57329545454503,744,1073.1
3,B,PREDATOR,326,14.789999999999674,221,136.80775000000054,337,36,92.14050445103834,40.28125000000009,188,1073.1
3,B,PREDATOR,327,12.179999999999334,428,136.80775000000054,337,13,87.02397626112705,25.112500000000026,67,1073.1
3,B,PREDATOR,328,75.72999999999843,500,136.80775000000054,337,8,93.54584569732907,16.988437500000085,38,1073.1
3,B,PREDATOR,329,-13.189999999999976,319,136.80775000000054,337,14,99.81652818991097,34.83946428571425,125,1073.1
3,B,PREDATOR,330,1017.6900000000036,500,136.80775000000054,334,137,90.25808383233506,23.933229927007513,1286,1073.1
3,B,PREDATOR,331,273.6650000000031,500,136.80775000000054,337,45,98.18353115726995,20.814666666666945,573,1073.1
3,B,PREDATOR,332,1574.0575000000015,500,136.80775000000054,337,8,99.38495548961423,31.905000000000037,202,1073.1
3,B,PREDATOR,333,231.92750000000044,500,136.80775000000054,0,111,0.0,40.555315315315354,1699,1073.1
3,B,PREDATOR,334,77.99999999999775,463,136.80775000000054,337,61,94.7408308605339,16.936270491803555,501,1073.1
3,B,PREDATOR,335,2239.6374999999725,500,136.80775000000054,337,9,86.09136498516261,22.604722222222406,100,1073.1
3,B,PREDATOR,336,-12.309999999999995,231,136.80775000000054,337,16,91.10697329376828,35.943593750000154,49,1073.1
3,B,PREDATOR,337,63.59499999999924,500,136.80775000000054,337,7,94.41682492581577,22.750357142857315,182,1073.1
3,B,PREDATOR,338,41.297500000000234,500,136.80775000000054,337,169,97.166824925816,39.81275147928993,2452,1073.1
3,B,PREDATOR,339,224.17750000000294,500,136.80775000000054,337,36,88.68317507418347,16.631458333333565,229,1073.1
3,B,PREDATOR,340,9.56499999999974,474,136.80775000000054,325,165,92.13110769230761,41.15709090909099,3066,1073.1
3,B,PREDATOR,341,663.3475000000022,500,136.80775000000054,300,154,84.49183333333322,42.12965909090926,2583,1073.1
3,B,PREDATOR,342,13.412499999999485,352,136.80775000000054,337,13,89.66688427299664,26.684807692308045,23,1073.1
3,B,PREDATOR,343,1062.687500000003,500,136.80775000000054,2,97,100.0,26.277164948453862,1128,1073.1
3,B,PREDATOR,344,13.814999999999786,305,136.80775000000054,337,16,96.75999999999995,29.839218750000168,234,1073.1
3,B,PREDATOR,345,1520.2300000000016,500,136.80775000000054,337,9,95.37421364985146,20.551111111111325,88,1073.1
3,B,PREDATOR,346,102.52749999999826,500,136.80775000000054,337,9,94.49421364985145,28.935833333333488,45,1073.1
3,B,PREDATOR,347,13.34249999999959,359,136.80775000000054,337,14,99.9708011869436,30.10660714285729,166,1073.1
3,B,PREDATOR,348,3793.939999999977,500,136.80775000000054,337,11,97.86860534124622,26.682500000000108,173,1073.1
3,B,PREDATOR,349,786.6399999999987,500,136.80775000000054,317,160,82.27561514195577,39.5255312500002,2749,1073.1
3,B,PREDATOR,350,41.3650000000009,500,136.80775000000054,337,18,88.3080415430261,19.24361111111135,175,1073.1
