episode,reward,steps,eval_reward,outcome,prey_population,predator_population,avg_prey_energy,avg_predator_energy
1,29.694999999999993,16,0.0,PREDATOR_WIN,0,1,0.0,100.0
2,-2.1899999999999973,350,0.0,PREY_WIN,1,0,100.0,0.0
3,-2.389999999999993,350,0.0,PREY_WIN,1,0,100.0,0.0
4,29.734999999999992,12,0.0,PREDATOR_WIN,0,1,0.0,100.0
5,28.949999999999985,77,0.0,PREDATOR_WIN,0,1,0.0,80.68999999999997
6,-3.3099999999999734,350,0.0,PREY_WIN,1,0,99.72999999999999,0.0
7,-3.2199999999999753,350,0.0,PREY_WIN,1,0,100.0,0.0
8,-3.0799999999999783,350,0.0,PREY_WIN,1,0,100.0,0.0
9,-2.6599999999999873,350,0.0,PREY_WIN,1,0,99.72999999999999,0.0
10,-2.159999999999998,350,0.0,PREY_WIN,1,0,100.0,0.0
11,29.324999999999992,53,0.0,PREDATOR_WIN,0,1,0.0,89.10499999999989
12,28.902499999999993,102,0.0,PREDATOR_WIN,0,1,0.0,71.29250000000016
13,-2.289999999999995,350,0.0,PREY_WIN,1,0,100.0,0.0
14,29.17499999999999,68,0.0,PREDATOR_WIN,0,1,0.0,90.3049999999998
15,-2.339999999999994,350,0.0,PREY_WIN,1,0,100.0,0.0
16,-2.2299999999999964,350,0.0,PREY_WIN,1,0,100.0,0.0
17,-3.1299999999999772,350,0.0,PREY_WIN,1,0,100.0,0.0
18,-2.1799999999999975,350,0.0,PREY_WIN,1,0,100.0,0.0
19,-2.349999999999994,350,0.0,PREY_WIN,1,0,100.0,0.0
20,-2.339999999999994,350,0.0,PREY_WIN,1,0,100.0,0.0
21,-2.3799999999999932,350,0.0,PREY_WIN,1,0,99.88,0.0
22,-2.209999999999997,350,0.0,PREY_WIN,1,0,100.0,0.0
23,-2.289999999999995,350,0.0,PREY_WIN,1,0,100.0,0.0
24,29.172499999999992,75,0.0,PREDATOR_WIN,0,1,0.0,81.73249999999999
25,-3.00999999999998,350,0.0,PREY_WIN,1,0,100.0,0.0
26,-2.5999999999999885,350,0.0,PREY_WIN,1,0,100.0,0.0
27,-2.3699999999999934,350,0.0,PREY_WIN,1,0,100.0,0.0
28,-2.159999999999998,350,0.0,PREY_WIN,1,0,100.0,0.0
29,28.164999999999992,169,0.0,PREDATOR_WIN,0,1,0.0,53.58500000000032
30,28.154999999999937,26,0.0,PREDATOR_WIN,0,1,0.0,98.40499999999989
31,27.93499999999999,192,0.0,PREDATOR_WIN,0,1,0.0,74.82499999999966
32,-3.4999999999999694,350,0.0,PREY_WIN,1,1,100.0,25.59999999999995
33,-2.8399999999999834,350,0.0,PREY_WIN,1,0,99.72999999999999,0.0
34,-2.5199999999999902,350,0.0,PREY_WIN,1,0,100.0,0.0
35,-2.149999999999998,350,0.0,PREY_WIN,1,0,100.0,0.0
36,-2.389999999999993,350,0.0,PREY_WIN,1,0,100.0,0.0
37,-2.1899999999999973,350,0.0,PREY_WIN,1,0,100.0,0.0
38,-2.2699999999999956,350,0.0,PREY_WIN,1,0,100.0,0.0
39,-2.239999999999996,350,0.0,PREY_WIN,1,0,100.0,0.0
40,-2.4199999999999924,350,0.0,PREY_WIN,1,0,100.0,0.0
41,-2.2199999999999966,350,0.0,PREY_WIN,1,0,100.0,0.0
42,-2.2199999999999966,350,0.0,PREY_WIN,1,0,100.0,0.0
43,-2.3199999999999945,350,0.0,PREY_WIN,1,0,100.0,0.0
44,-2.4099999999999926,350,0.0,PREY_WIN,1,0,100.0,0.0
45,29.12749999999999,66,0.0,PREDATOR_WIN,0,1,0.0,83.57749999999996
46,-2.5999999999999885,350,0.0,PREY_WIN,1,0,100.0,0.0
47,-3.00999999999998,350,0.0,PREY_WIN,1,0,100.0,0.0
48,-2.429999999999992,350,0.0,PREY_WIN,1,0,100.0,0.0
49,-2.2299999999999964,350,0.0,PREY_WIN,1,0,100.0,0.0
50,-2.159999999999998,350,0.0,PREY_WIN,1,0,100.0,0.0
51,-2.4099999999999926,350,0.0,PREY_WIN,1,0,100.0,0.0
52,28.107499999999987,168,0.0,PREDATOR_WIN,0,1,0.0,50.63750000000023
53,-2.569999999999989,350,0.0,PREY_WIN,1,0,100.0,0.0
54,-2.5099999999999905,350,0.0,PREY_WIN,1,0,100.0,0.0
55,29.374999999999993,48,0.0,PREDATOR_WIN,0,1,0.0,90.00499999999991
56,-2.159999999999998,350,0.0,PREY_WIN,1,0,100.0,0.0
57,-2.1399999999999983,350,0.0,PREY_WIN,1,0,99.88,0.0
58,28.407499999999967,84,0.0,PREDATOR_WIN,0,1,0.0,77.87750000000001
59,-2.5899999999999888,350,0.0,PREY_WIN,1,0,100.0,0.0
60,-2.8299999999999836,350,0.0,PREY_WIN,1,0,100.0,0.0
61,-3.00999999999998,350,0.0,PREY_WIN,1,0,100.0,0.0
62,-2.1899999999999973,350,0.0,PREY_WIN,1,0,100.0,0.0
63,-2.109999999999999,350,0.0,PREY_WIN,1,0,99.72999999999999,0.0
64,28.632499999999993,129,0.0,PREDATOR_WIN,0,1,0.0,72.55249999999995
65,-2.569999999999989,350,0.0,PREY_WIN,1,0,100.0,0.0
66,28.78249999999999,114,0.0,PREDATOR_WIN,0,1,0.0,63.55250000000024
67,-2.809999999999984,350,0.0,PREY_WIN,1,0,100.0,0.0
68,29.979999999999997,1,0.0,PREDATOR_WIN,0,1,0.0,100.0
69,-2.629999999999988,350,0.0,PREY_WIN,1,0,100.0,0.0
70,-2.6599999999999873,350,0.0,PREY_WIN,1,0,100.0,0.0
71,-2.0899999999999994,350,0.0,PREY_WIN,1,0,100.0,0.0
72,-2.209999999999997,350,0.0,PREY_WIN,1,0,99.72999999999999,0.0
73,-2.1899999999999973,350,0.0,PREY_WIN,1,0,100.0,0.0
74,-2.1799999999999975,350,0.0,PREY_WIN,1,0,100.0,0.0
75,-2.2199999999999966,350,0.0,PREY_WIN,1,0,100.0,0.0
76,-2.209999999999997,350,0.0,PREY_WIN,1,0,100.0,0.0
77,-2.1899999999999973,350,0.0,PREY_WIN,1,0,100.0,0.0
78,-2.239999999999996,350,0.0,PREY_WIN,1,0,100.0,0.0
79,-2.1799999999999975,350,0.0,PREY_WIN,1,0,100.0,0.0
80,-2.1899999999999973,350,0.0,PREY_WIN,1,0,100.0,0.0
81,-2.239999999999996,350,0.0,PREY_WIN,1,0,100.0,0.0
82,-2.3099999999999947,350,0.0,PREY_WIN,1,0,100.0,0.0
83,-2.1899999999999973,350,0.0,PREY_WIN,1,0,100.0,0.0
84,28.79749999999999,99,0.0,PREDATOR_WIN,0,1,0.0,72.11750000000009
85,-3.2099999999999755,350,0.0,PREY_WIN,1,0,100.0,0.0
86,-2.809999999999984,350,0.0,PREY_WIN,1,0,100.0,0.0
87,-2.5099999999999905,350,0.0,PREY_WIN,1,0,100.0,0.0
88,-2.4599999999999915,350,0.0,PREY_WIN,1,0,100.0,0.0
89,-2.4999999999999907,350,0.0,PREY_WIN,1,0,100.0,0.0
90,-2.159999999999998,350,0.0,PREY_WIN,1,0,100.0,0.0
91,-2.209999999999997,350,0.0,PREY_WIN,1,0,100.0,0.0
92,-2.149999999999998,350,0.0,PREY_WIN,1,0,100.0,0.0
93,-2.209999999999997,350,0.0,PREY_WIN,1,0,100.0,0.0
94,-2.209999999999997,350,0.0,PREY_WIN,1,0,100.0,0.0
95,-2.199999999999997,350,0.0,PREY_WIN,1,0,100.0,0.0
96,-2.289999999999995,350,0.0,PREY_WIN,1,0,99.72999999999999,0.0
97,-2.1699999999999977,350,0.0,PREY_WIN,1,0,100.0,0.0
98,-2.1899999999999973,350,0.0,PREY_WIN,1,0,100.0,0.0
99,-2.2699999999999956,350,0.0,PREY_WIN,1,0,100.0,0.0
100,-2.209999999999997,350,0.0,PREY_WIN,1,0,100.0,0.0
101,-2.239999999999996,350,0.0,PREY_WIN,1,0,99.72999999999999,0.0
102,-2.239999999999996,350,0.0,PREY_WIN,1,0,99.72999999999999,0.0
103,-2.389999999999993,350,0.0,PREY_WIN,1,0,100.0,0.0
104,-2.159999999999998,350,0.0,PREY_WIN,1,0,100.0,0.0
105,-2.339999999999994,350,0.0,PREY_WIN,1,0,100.0,0.0
106,-2.209999999999997,350,0.0,PREY_WIN,1,0,100.0,0.0
107,-2.199999999999997,350,0.0,PREY_WIN,1,0,100.0,0.0
108,-2.1799999999999975,350,0.0,PREY_WIN,1,0,99.88,0.0
109,-2.1899999999999973,350,0.0,PREY_WIN,1,0,100.0,0.0
110,-2.1899999999999973,350,0.0,PREY_WIN,1,0,99.72999999999999,0.0
111,-2.259999999999996,350,0.0,PREY_WIN,1,0,100.0,0.0
112,-2.209999999999997,350,0.0,PREY_WIN,1,0,100.0,0.0
113,-2.209999999999997,350,0.0,PREY_WIN,1,0,100.0,0.0
114,-2.2299999999999964,350,0.0,PREY_WIN,1,0,100.0,0.0
115,-2.2699999999999956,350,0.0,PREY_WIN,1,0,99.45999999999998,0.0
116,-2.1899999999999973,350,0.0,PREY_WIN,1,0,99.72999999999999,0.0
117,-2.239999999999996,350,0.0,PREY_WIN,1,0,100.0,0.0
118,-2.259999999999996,350,0.0,PREY_WIN,1,0,100.0,0.0
119,-2.1899999999999973,350,0.0,PREY_WIN,1,0,100.0,0.0
120,-2.2799999999999954,350,0.0,PREY_WIN,1,0,100.0,0.0
121,-2.259999999999996,350,0.0,PREY_WIN,1,0,100.0,0.0
122,-2.249999999999996,350,0.0,PREY_WIN,1,0,100.0,0.0
123,28.58499999999999,127,0.0,PREDATOR_WIN,0,1,0.0,71.52500000000012
124,-2.349999999999994,350,0.0,PREY_WIN,1,0,100.0,0.0
125,-3.4999999999999694,350,0.0,PREY_WIN,1,1,100.0,1.00000000000018
126,-3.329999999999973,350,0.0,PREY_WIN,1,0,100.0,0.0
127,-3.4399999999999706,350,0.0,PREY_WIN,1,0,100.0,0.0
128,-2.159999999999998,350,0.0,PREY_WIN,1,0,100.0,0.0
129,29.74499999999999,11,0.0,PREDATOR_WIN,0,1,0.0,100.0
130,-2.7899999999999845,350,0.0,PREY_WIN,1,0,100.0,0.0
131,-2.629999999999988,350,0.0,PREY_WIN,1,0,100.0,0.0
132,-2.1399999999999983,350,0.0,PREY_WIN,1,0,100.0,0.0
133,-2.489999999999991,350,0.0,PREY_WIN,1,0,100.0,0.0
134,-2.209999999999997,350,0.0,PREY_WIN,1,0,100.0,0.0
135,-2.239999999999996,350,0.0,PREY_WIN,1,0,100.0,0.0
136,-2.209999999999997,350,0.0,PREY_WIN,1,0,100.0,0.0
137,-2.3099999999999947,350,0.0,PREY_WIN,1,0,100.0,0.0
138,-2.259999999999996,350,0.0,PREY_WIN,1,0,99.88,0.0
139,-2.53999999999999,350,0.0,PREY_WIN,1,0,100.0,0.0
140,-2.299999999999995,350,0.0,PREY_WIN,1,0,100.0,0.0
141,-2.1899999999999973,350,0.0,PREY_WIN,1,0,100.0,0.0
142,-2.3199999999999945,350,0.0,PREY_WIN,1,0,100.0,0.0
143,-2.159999999999998,350,0.0,PREY_WIN,1,0,100.0,0.0
144,-2.239999999999996,350,0.0,PREY_WIN,1,0,100.0,0.0
145,-2.209999999999997,350,0.0,PREY_WIN,1,0,100.0,0.0
146,-2.1899999999999973,350,0.0,PREY_WIN,1,0,100.0,0.0
147,29.804999999999993,5,0.0,PREDATOR_WIN,0,1,0.0,100.0
148,-2.1899999999999973,350,0.0,PREY_WIN,1,0,100.0,0.0
149,-2.1699999999999977,350,0.0,PREY_WIN,1,0,100.0,0.0
150,-2.239999999999996,350,0.0,PREY_WIN,1,0,99.88,0.0
151,27.50999999999999,221,0.0,PREDATOR_WIN,0,1,0.0,36.11000000000017
152,-2.389999999999993,350,0.0,PREY_WIN,1,0,100.0,0.0
153,28.249999999999986,144,0.0,PREDATOR_WIN,0,1,0.0,52.52000000000029
154,26.64250000000002,328,0.0,PREDATOR_WIN,0,1,0.0,33.97250000000031
155,-3.2499999999999747,350,0.0,PREY_WIN,1,0,100.0,0.0
156,-3.4899999999999696,350,0.0,PREY_WIN,1,0,100.0,0.0
157,-3.1099999999999777,350,0.0,PREY_WIN,1,0,100.0,0.0
158,-2.4099999999999926,350,0.0,PREY_WIN,1,0,100.0,0.0
159,-2.679999999999987,350,0.0,PREY_WIN,1,0,100.0,0.0
160,-2.289999999999995,350,0.0,PREY_WIN,1,0,100.0,0.0
161,-2.3599999999999937,350,0.0,PREY_WIN,1,0,100.0,0.0
162,-2.209999999999997,350,0.0,PREY_WIN,1,0,100.0,0.0
163,-2.4699999999999913,350,0.0,PREY_WIN,1,0,100.0,0.0
164,-2.2199999999999966,350,0.0,PREY_WIN,1,0,100.0,0.0
165,-2.2799999999999954,350,0.0,PREY_WIN,1,0,100.0,0.0
166,-2.489999999999991,350,0.0,PREY_WIN,1,0,100.0,0.0
167,29.372499999999995,55,0.0,PREDATOR_WIN,0,1,0.0,88.93249999999989
168,-3.2599999999999745,350,0.0,PREY_WIN,1,0,100.0,0.0
169,29.609999999999985,11,0.0,PREDATOR_WIN,0,1,0.0,100.0
170,-3.139999999999977,350,0.0,PREY_WIN,1,0,100.0,0.0
171,-2.7399999999999856,350,0.0,PREY_WIN,1,0,99.72999999999999,0.0
172,-2.3099999999999947,350,0.0,PREY_WIN,1,0,100.0,0.0
173,28.762499999999992,116,0.0,PREDATOR_WIN,0,1,0.0,66.61250000000015
174,-3.0299999999999794,350,0.0,PREY_WIN,1,0,100.0,0.0
175,-3.089999999999978,350,0.0,PREY_WIN,1,0,99.72999999999999,0.0
176,29.77499999999999,8,0.0,PREDATOR_WIN,0,1,0.0,100.0
177,-2.339999999999994,350,0.0,PREY_WIN,1,0,100.0,0.0
178,-2.569999999999989,350,0.0,PREY_WIN,1,0,100.0,0.0
179,-2.339999999999994,350,0.0,PREY_WIN,1,0,100.0,0.0
180,-2.2299999999999964,350,0.0,PREY_WIN,1,0,100.0,0.0
181,-2.2199999999999966,350,0.0,PREY_WIN,1,0,100.0,0.0
182,-2.339999999999994,350,0.0,PREY_WIN,1,0,100.0,0.0
183,-2.1899999999999973,350,0.0,PREY_WIN,1,0,100.0,0.0
184,-2.209999999999997,350,0.0,PREY_WIN,1,0,100.0,0.0
185,29.68499999999999,17,0.0,PREDATOR_WIN,0,1,0.0,100.0
186,-2.1899999999999973,350,0.0,PREY_WIN,1,0,100.0,0.0
187,-2.389999999999993,350,0.0,PREY_WIN,1,0,99.72999999999999,0.0
188,29.304999999999993,55,0.0,PREDATOR_WIN,0,1,0.0,88.56499999999988
189,-3.3399999999999728,350,0.0,PREY_WIN,1,0,100.0,0.0
190,-2.769999999999985,350,0.0,PREY_WIN,1,0,100.0,0.0
191,-2.489999999999991,350,0.0,PREY_WIN,1,0,100.0,0.0
192,29.15499999999999,70,0.0,PREDATOR_WIN,0,1,0.0,85.2649999999999
193,-3.1599999999999766,350,0.0,PREY_WIN,1,0,100.0,0.0
194,-2.6499999999999875,350,0.0,PREY_WIN,1,0,100.0,0.0
195,-2.1199999999999988,350,0.0,PREY_WIN,1,0,100.0,0.0
196,-2.1899999999999973,350,0.0,PREY_WIN,1,0,99.72999999999999,0.0
197,28.54499999999997,71,0.0,PREDATOR_WIN,0,1,0.0,81.24499999999998
198,-2.6399999999999877,350,0.0,PREY_WIN,1,0,100.0,0.0
199,29.882499999999993,4,0.0,PREDATOR_WIN,0,1,0.0,100.0
200,25.874999999999872,80,0.0,PREDATOR_WIN,0,1,0.0,76.3849999999999
201,29.879999999999995,5,0.0,PREDATOR_WIN,0,1,0.0,100.0
202,-2.869999999999983,350,0.0,PREY_WIN,1,0,100.0,0.0
203,-2.429999999999992,350,0.0,PREY_WIN,1,0,100.0,0.0
204,-2.259999999999996,350,0.0,PREY_WIN,1,0,99.72999999999999,0.0
205,29.77499999999999,8,0.0,PREDATOR_WIN,0,1,0.0,100.0
206,-2.159999999999998,350,0.0,PREY_WIN,1,0,100.0,0.0
207,-2.209999999999997,350,0.0,PREY_WIN,1,0,100.0,0.0
208,-2.1799999999999975,350,0.0,PREY_WIN,1,0,100.0,0.0
209,-2.1899999999999973,350,0.0,PREY_WIN,1,0,100.0,0.0
210,-2.1399999999999983,350,0.0,PREY_WIN,1,0,99.72999999999999,0.0
211,-2.53999999999999,350,0.0,PREY_WIN,1,0,100.0,0.0
212,-2.239999999999996,350,0.0,PREY_WIN,1,0,100.0,0.0
213,-2.2199999999999966,350,0.0,PREY_WIN,1,0,100.0,0.0
214,-2.2199999999999966,350,0.0,PREY_WIN,1,0,100.0,0.0
215,-2.4599999999999915,350,0.0,PREY_WIN,1,0,100.0,0.0
216,-2.1899999999999973,350,0.0,PREY_WIN,1,0,100.0,0.0
217,-2.339999999999994,350,0.0,PREY_WIN,1,0,100.0,0.0
218,-2.289999999999995,350,0.0,PREY_WIN,1,0,100.0,0.0
219,29.124999999999993,73,0.0,PREDATOR_WIN,0,1,0.0,82.20499999999997
220,28.732499999999984,92,0.0,PREDATOR_WIN,0,1,0.0,75.52250000000004
221,-2.909999999999982,350,0.0,PREY_WIN,1,0,100.0,0.0
222,29.702499999999993,22,0.0,PREDATOR_WIN,0,1,0.0,100.0
223,28.072499999999994,185,0.0,PREDATOR_WIN,0,1,0.0,72.13249999999971
224,-3.3399999999999728,350,0.0,PREY_WIN,1,0,100.0,0.0
225,-2.709999999999986,350,0.0,PREY_WIN,1,0,100.0,0.0
226,-2.439999999999992,350,0.0,PREY_WIN,1,0,100.0,0.0
227,-2.1899999999999973,350,0.0,PREY_WIN,1,0,100.0,0.0
228,-2.1899999999999973,350,0.0,PREY_WIN,1,0,100.0,0.0
229,-2.429999999999992,350,0.0,PREY_WIN,1,0,100.0,0.0
230,-2.209999999999997,350,0.0,PREY_WIN,1,0,100.0,0.0
231,-2.239999999999996,350,0.0,PREY_WIN,1,0,100.0,0.0
232,-2.209999999999997,350,0.0,PREY_WIN,1,0,100.0,0.0
233,-2.3599999999999937,350,0.0,PREY_WIN,1,0,100.0,0.0
234,-2.259999999999996,350,0.0,PREY_WIN,1,0,100.0,0.0
235,-2.239999999999996,350,0.0,PREY_WIN,1,0,100.0,0.0
236,-2.239999999999996,350,0.0,PREY_WIN,1,0,100.0,0.0
237,-2.3099999999999947,350,0.0,PREY_WIN,1,0,100.0,0.0
238,-2.3199999999999945,350,0.0,PREY_WIN,1,0,100.0,0.0
239,-2.1699999999999977,350,0.0,PREY_WIN,1,0,100.0,0.0
240,-2.2199999999999966,350,0.0,PREY_WIN,1,0,100.0,0.0
241,-2.2699999999999956,350,0.0,PREY_WIN,1,0,100.0,0.0
242,-2.339999999999994,350,0.0,PREY_WIN,1,0,100.0,0.0
243,28.092499999999994,183,0.0,PREDATOR_WIN,0,1,0.0,41.17250000000023
244,-2.6399999999999877,350,0.0,PREY_WIN,1,0,100.0,0.0
245,29.669999999999987,5,0.0,PREDATOR_WIN,0,1,0.0,100.0
246,-2.9399999999999813,350,0.0,PREY_WIN,1,0,100.0,0.0
247,-2.339999999999994,350,0.0,PREY_WIN,1,0,100.0,0.0
248,-2.289999999999995,350,0.0,PREY_WIN,1,0,100.0,0.0
249,-2.3299999999999943,350,0.0,PREY_WIN,1,0,100.0,0.0
250,-2.2299999999999964,350,0.0,PREY_WIN,1,0,100.0,0.0
251,-2.1799999999999975,350,0.0,PREY_WIN,1,0,100.0,0.0
252,-2.1799999999999975,350,0.0,PREY_WIN,1,0,100.0,0.0
253,-2.1899999999999973,350,0.0,PREY_WIN,1,0,100.0,0.0
254,-2.209999999999997,350,0.0,PREY_WIN,1,0,100.0,0.0
255,-2.199999999999997,350,0.0,PREY_WIN,1,0,100.0,0.0
256,-2.909999999999982,350,0.0,PREY_WIN,1,0,100.0,0.0
257,-3.039999999999979,350,0.0,PREY_WIN,1,0,100.0,0.0
258,-2.899999999999982,350,0.0,PREY_WIN,1,0,100.0,0.0
259,-2.6599999999999873,350,0.0,PREY_WIN,1,0,100.0,0.0
260,-2.489999999999991,350,0.0,PREY_WIN,1,0,100.0,0.0
261,-2.2299999999999964,350,0.0,PREY_WIN,1,0,100.0,0.0
262,-2.759999999999985,350,0.0,PREY_WIN,1,0,100.0,0.0
263,-2.249999999999996,350,0.0,PREY_WIN,1,0,100.0,0.0
264,-2.239999999999996,350,0.0,PREY_WIN,1,0,100.0,0.0
265,-2.299999999999995,350,0.0,PREY_WIN,1,0,99.72999999999999,0.0
266,-2.209999999999997,350,0.0,PREY_WIN,1,0,100.0,0.0
267,-2.239999999999996,350,0.0,PREY_WIN,1,0,100.0,0.0
268,-2.1899999999999973,350,0.0,PREY_WIN,1,0,100.0,0.0
269,28.922499999999992,100,0.0,PREDATOR_WIN,0,1,0.0,72.7325000000001
270,-3.2999999999999736,350,0.0,PREY_WIN,1,0,100.0,0.0
271,26.332499999999992,302,0.0,PREDATOR_WIN,0,1,0.0,36.522500000000065
272,27.347499999999997,244,0.0,PREDATOR_WIN,0,1,0.0,28.917500000000054
273,27.809999999999924,29,0.0,PREDATOR_WIN,0,1,0.0,96.82999999999987
274,-3.4999999999999694,350,0.0,PREY_WIN,1,1,100.0,19.600000000000033
275,-3.4999999999999694,350,0.0,PREY_WIN,1,1,100.0,10.599999999999758
276,-2.9399999999999813,350,0.0,PREY_WIN,1,0,100.0,0.0
277,-2.869999999999983,350,0.0,PREY_WIN,1,0,100.0,0.0
278,-2.5099999999999905,350,0.0,PREY_WIN,1,0,100.0,0.0
279,-2.3099999999999947,350,0.0,PREY_WIN,1,0,99.72999999999999,0.0
280,-2.399999999999993,350,0.0,PREY_WIN,1,0,100.0,0.0
281,-2.1799999999999975,350,0.0,PREY_WIN,1,0,100.0,0.0
282,29.42499999999999,43,0.0,PREDATOR_WIN,0,1,0.0,93.6049999999999
283,-2.899999999999982,350,0.0,PREY_WIN,1,0,100.0,0.0
284,29.582499999999985,7,0.0,PREDATOR_WIN,0,1,0.0,100.0
285,-3.4999999999999694,350,0.0,PREY_WIN,1,1,100.0,1.8999999999997375
286,-3.00999999999998,350,0.0,PREY_WIN,1,0,100.0,0.0
287,-2.339999999999994,350,0.0,PREY_WIN,1,0,100.0,0.0
288,-2.5599999999999894,350,0.0,PREY_WIN,1,0,100.0,0.0
289,-2.1699999999999977,350,0.0,PREY_WIN,1,0,99.72999999999999,0.0
290,-2.239999999999996,350,0.0,PREY_WIN,1,0,100.0,0.0
291,-2.1399999999999983,350,0.0,PREY_WIN,1,0,100.0,0.0
292,-2.349999999999994,350,0.0,PREY_WIN,1,0,100.0,0.0
293,-2.199999999999997,350,0.0,PREY_WIN,1,0,100.0,0.0
294,-2.3099999999999947,350,0.0,PREY_WIN,1,0,100.0,0.0
295,-2.1899999999999973,350,0.0,PREY_WIN,1,0,100.0,0.0
296,-2.1799999999999975,350,0.0,PREY_WIN,1,0,100.0,0.0
297,-2.3599999999999937,350,0.0,PREY_WIN,1,0,100.0,0.0
298,-2.2199999999999966,350,0.0,PREY_WIN,1,0,100.0,0.0
299,-2.2199999999999966,350,0.0,PREY_WIN,1,0,100.0,0.0
300,-2.1799999999999975,350,0.0,PREY_WIN,1,0,99.72999999999999,0.0
301,-2.1899999999999973,350,0.0,PREY_WIN,1,0,100.0,0.0
302,-2.209999999999997,350,0.0,PREY_WIN,1,0,100.0,0.0
303,-2.249999999999996,350,0.0,PREY_WIN,1,0,100.0,0.0
304,-2.4499999999999917,350,0.0,PREY_WIN,1,0,100.0,0.0
305,-2.209999999999997,350,0.0,PREY_WIN,1,0,100.0,0.0
306,-2.1799999999999975,350,0.0,PREY_WIN,1,0,100.0,0.0
307,-2.3099999999999947,350,0.0,PREY_WIN,1,0,100.0,0.0
308,-2.239999999999996,350,0.0,PREY_WIN,1,0,100.0,0.0
309,-2.1699999999999977,350,0.0,PREY_WIN,1,0,100.0,0.0
310,-2.3599999999999937,350,0.0,PREY_WIN,1,0,100.0,0.0
311,-2.2299999999999964,350,0.0,PREY_WIN,1,0,100.0,0.0
312,-2.259999999999996,350,0.0,PREY_WIN,1,0,100.0,0.0
313,-2.249999999999996,350,0.0,PREY_WIN,1,0,100.0,0.0
314,-2.2699999999999956,350,0.0,PREY_WIN,1,0,100.0,0.0
315,28.754999999999992,110,0.0,PREDATOR_WIN,0,1,0.0,66.36500000000018
316,-3.0299999999999794,350,0.0,PREY_WIN,1,0,100.0,0.0
317,-2.6899999999999866,350,0.0,PREY_WIN,1,0,100.0,0.0
318,28.722499999999993,120,0.0,PREDATOR_WIN,0,1,0.0,65.83250000000022
319,-2.6899999999999866,350,0.0,PREY_WIN,1,0,100.0,0.0
320,-3.4999999999999694,350,0.0,PREY_WIN,1,1,88.68999999999957,7.600000000000138
321,-3.4399999999999706,350,0.0,PREY_WIN,1,0,100.0,0.0
322,28.21249999999999,171,0.0,PREDATOR_WIN,0,1,0.0,49.51250000000015
323,-2.709999999999986,350,0.0,PREY_WIN,1,0,100.0,0.0
324,-2.719999999999986,350,0.0,PREY_WIN,1,0,100.0,0.0
325,28.802499999999995,112,0.0,PREDATOR_WIN,0,1,0.0,73.69249999999997
326,-2.669999999999987,350,0.0,PREY_WIN,1,0,100.0,0.0
327,-2.4199999999999924,350,0.0,PREY_WIN,1,0,100.0,0.0
328,-2.1899999999999973,350,0.0,PREY_WIN,1,0,100.0,0.0
329,27.354999999999983,220,0.0,PREDATOR_WIN,0,1,0.0,27.365000000000244
330,-2.489999999999991,350,0.0,PREY_WIN,1,0,100.0,0.0
331,-2.239999999999996,350,0.0,PREY_WIN,1,0,100.0,0.0
332,29.542499999999993,38,0.0,PREDATOR_WIN,0,1,0.0,96.0724999999999
333,-2.769999999999985,350,0.0,PREY_WIN,1,0,100.0,0.0
334,29.357499999999987,43,0.0,PREDATOR_WIN,0,1,0.0,95.33749999999989
335,-2.6899999999999866,350,0.0,PREY_WIN,1,0,100.0,0.0
336,26.655000000000015,320,0.0,PREDATOR_WIN,0,1,0.0,30.364999999999746
337,-3.4999999999999694,350,0.0,PREY_WIN,1,1,100.0,2.8000000000001153
338,27.86,213,0.0,PREDATOR_WIN,0,1,0.0,61.03999999999981
339,-3.1099999999999777,350,0.0,PREY_WIN,1,0,100.0,0.0
340,-3.1199999999999775,350,0.0,PREY_WIN,1,0,100.0,0.0
341,-2.6599999999999873,350,0.0,PREY_WIN,1,0,100.0,0.0
342,-2.909999999999982,350,0.0,PREY_WIN,1,0,100.0,0.0
343,-2.5499999999999896,350,0.0,PREY_WIN,1,0,100.0,0.0
344,-2.2699999999999956,350,0.0,PREY_WIN,1,0,100.0,0.0
345,-2.289999999999995,350,0.0,PREY_WIN,1,0,100.0,0.0
346,-2.2199999999999966,350,0.0,PREY_WIN,1,0,100.0,0.0
347,-2.239999999999996,350,0.0,PREY_WIN,1,0,100.0,0.0
348,-2.299999999999995,350,0.0,PREY_WIN,1,0,100.0,0.0
349,-2.209999999999997,350,0.0,PREY_WIN,1,0,100.0,0.0
350,-2.209999999999997,350,0.0,PREY_WIN,1,0,100.0,0.0
351,-2.249999999999996,350,0.0,PREY_WIN,1,0,99.72999999999999,0.0
352,-2.199999999999997,350,0.0,PREY_WIN,1,0,100.0,0.0
353,-2.199999999999997,350,0.0,PREY_WIN,1,0,100.0,0.0
354,-2.259999999999996,350,0.0,PREY_WIN,1,0,100.0,0.0
355,-2.1899999999999973,350,0.0,PREY_WIN,1,0,100.0,0.0
356,-2.2799999999999954,350,0.0,PREY_WIN,1,0,100.0,0.0
357,-2.259999999999996,350,0.0,PREY_WIN,1,0,100.0,0.0
358,-2.1899999999999973,350,0.0,PREY_WIN,1,0,100.0,0.0
359,-2.209999999999997,350,0.0,PREY_WIN,1,0,100.0,0.0
360,-2.259999999999996,350,0.0,PREY_WIN,1,0,100.0,0.0
361,-2.2299999999999964,350,0.0,PREY_WIN,1,0,100.0,0.0
362,27.449999999999974,197,0.0,PREDATOR_WIN,0,1,0.0,34.79000000000022
363,-2.8399999999999834,350,0.0,PREY_WIN,1,0,100.0,0.0
364,-2.8899999999999824,350,0.0,PREY_WIN,1,0,100.0,0.0
365,-2.259999999999996,350,0.0,PREY_WIN,1,0,100.0,0.0
366,-2.209999999999997,350,0.0,PREY_WIN,1,0,100.0,0.0
367,-2.209999999999997,350,0.0,PREY_WIN,1,0,100.0,0.0
368,-2.249999999999996,350,0.0,PREY_WIN,1,0,100.0,0.0
369,-2.199999999999997,350,0.0,PREY_WIN,1,0,100.0,0.0
370,-2.2299999999999964,350,0.0,PREY_WIN,1,0,99.72999999999999,0.0
371,-2.209999999999997,350,0.0,PREY_WIN,1,0,100.0,0.0
372,-3.00999999999998,350,0.0,PREY_WIN,1,0,100.0,0.0
373,28.169999999999984,152,0.0,PREDATOR_WIN,0,1,0.0,51.260000000000275
374,28.512499999999992,141,0.0,PREDATOR_WIN,0,1,0.0,53.7125000000003
375,-2.6599999999999873,350,0.0,PREY_WIN,1,0,100.0,0.0
376,-3.47999999999997,350,0.0,PREY_WIN,1,0,100.0,0.0
377,28.14249999999999,178,0.0,PREDATOR_WIN,0,1,0.0,63.9724999999999
378,-3.4999999999999694,350,0.0,PREY_WIN,1,1,100.0,20.20000000000022
379,-3.4999999999999694,350,0.0,PREY_WIN,1,1,100.0,10.900000000000087
380,-3.4099999999999713,350,0.0,PREY_WIN,1,0,100.0,0.0
381,29.267499999999988,52,0.0,PREDATOR_WIN,0,1,0.0,88.25749999999991
382,-3.4999999999999694,350,0.0,PREY_WIN,1,1,100.0,0.7000000000000609
383,-2.759999999999985,350,0.0,PREY_WIN,1,0,100.0,0.0
384,29.52499999999999,33,0.0,PREDATOR_WIN,0,1,0.0,96.30499999999994
385,29.902499999999993,2,0.0,PREDATOR_WIN,0,1,0.0,100.0
386,-3.1099999999999777,350,0.0,PREY_WIN,1,0,100.0,0.0
387,-3.4899999999999696,350,0.0,PREY_WIN,1,0,100.0,0.0
388,-2.759999999999985,350,0.0,PREY_WIN,1,0,100.0,0.0
389,-2.389999999999993,350,0.0,PREY_WIN,1,0,99.88,0.0
390,-2.489999999999991,350,0.0,PREY_WIN,1,0,100.0,0.0
391,-2.8299999999999836,350,0.0,PREY_WIN,1,0,100.0,0.0
392,-2.579999999999989,350,0.0,PREY_WIN,1,0,100.0,0.0
393,28.832499999999992,109,0.0,PREDATOR_WIN,0,1,0.0,80.65249999999982
394,-3.4999999999999694,350,0.0,PREY_WIN,1,1,100.0,0.40000000000022123
395,-3.1199999999999775,350,0.0,PREY_WIN,1,0,100.0,0.0
396,-2.3099999999999947,350,0.0,PREY_WIN,1,0,100.0,0.0
397,-2.2699999999999956,350,0.0,PREY_WIN,1,0,100.0,0.0
398,-2.1399999999999983,350,0.0,PREY_WIN,1,0,100.0,0.0
399,27.559999999999988,216,0.0,PREDATOR_WIN,0,1,0.0,37.01000000000013
400,-3.2599999999999745,350,0.0,PREY_WIN,1,0,100.0,0.0
401,-3.3099999999999734,350,0.0,PREY_WIN,1,0,100.0,0.0
402,-2.6399999999999877,350,0.0,PREY_WIN,1,0,100.0,0.0
403,-2.4499999999999917,350,0.0,PREY_WIN,1,0,100.0,0.0
404,-2.489999999999991,350,0.0,PREY_WIN,1,0,100.0,0.0
405,-2.52999999999999,350,0.0,PREY_WIN,1,0,100.0,0.0
406,-2.489999999999991,350,0.0,PREY_WIN,1,0,100.0,0.0
407,-2.2699999999999956,350,0.0,PREY_WIN,1,0,100.0,0.0
408,-2.239999999999996,350,0.0,PREY_WIN,1,0,100.0,0.0
409,-2.3099999999999947,350,0.0,PREY_WIN,1,0,100.0,0.0
410,-2.439999999999992,350,0.0,PREY_WIN,1,0,100.0,0.0
411,-2.5099999999999905,350,0.0,PREY_WIN,1,0,100.0,0.0
412,-2.159999999999998,350,0.0,PREY_WIN,1,0,100.0,0.0
413,-2.209999999999997,350,0.0,PREY_WIN,1,0,100.0,0.0
414,-2.209999999999997,350,0.0,PREY_WIN,1,0,100.0,0.0
415,-2.209999999999997,350,0.0,PREY_WIN,1,0,100.0,0.0
416,-2.209999999999997,350,0.0,PREY_WIN,1,0,100.0,0.0
417,-2.239999999999996,350,0.0,PREY_WIN,1,0,100.0,0.0
418,-2.1699999999999977,350,0.0,PREY_WIN,1,0,100.0,0.0
419,29.804999999999993,5,0.0,PREDATOR_WIN,0,1,0.0,100.0
420,-2.209999999999997,350,0.0,PREY_WIN,1,0,100.0,0.0
421,-2.2699999999999956,350,0.0,PREY_WIN,1,0,100.0,0.0
422,-2.289999999999995,350,0.0,PREY_WIN,1,0,100.0,0.0
423,-2.209999999999997,350,0.0,PREY_WIN,1,0,100.0,0.0
424,-2.199999999999997,350,0.0,PREY_WIN,1,0,100.0,0.0
425,-2.209999999999997,350,0.0,PREY_WIN,1,0,100.0,0.0
426,-2.209999999999997,350,0.0,PREY_WIN,1,0,100.0,0.0
427,-2.289999999999995,350,0.0,PREY_WIN,1,0,100.0,0.0
428,-2.339999999999994,350,0.0,PREY_WIN,1,0,100.0,0.0
429,28.292499999999993,163,0.0,PREDATOR_WIN,0,1,0.0,47.47250000000026
430,-3.3099999999999734,350,0.0,PREY_WIN,1,0,100.0,0.0
431,-3.0699999999999785,350,0.0,PREY_WIN,1,0,100.0,0.0
432,-2.859999999999983,350,0.0,PREY_WIN,1,0,100.0,0.0
433,-2.809999999999984,350,0.0,PREY_WIN,1,0,100.0,0.0
434,29.812499999999993,11,0.0,PREDATOR_WIN,0,1,0.0,100.0
435,-2.349999999999994,350,0.0,PREY_WIN,1,0,100.0,0.0
436,-2.4099999999999926,350,0.0,PREY_WIN,1,0,100.0,0.0
437,-2.389999999999993,350,0.0,PREY_WIN,1,0,100.0,0.0
438,-2.709999999999986,350,0.0,PREY_WIN,1,0,100.0,0.0
439,-2.4099999999999926,350,0.0,PREY_WIN,1,0,100.0,0.0
440,-2.4599999999999915,350,0.0,PREY_WIN,1,0,100.0,0.0
441,28.72499999999999,113,0.0,PREDATOR_WIN,0,1,0.0,65.70500000000018
442,-3.189999999999976,350,0.0,PREY_WIN,1,0,100.0,0.0
443,-3.1099999999999777,350,0.0,PREY_WIN,1,0,100.0,0.0
444,-2.489999999999991,350,0.0,PREY_WIN,1,0,100.0,0.0
445,-2.8299999999999836,350,0.0,PREY_WIN,1,0,100.0,0.0
446,-2.399999999999993,350,0.0,PREY_WIN,1,0,100.0,0.0
447,-2.489999999999991,350,0.0,PREY_WIN,1,0,100.0,0.0
448,-2.4099999999999926,350,0.0,PREY_WIN,1,0,100.0,0.0
449,-2.429999999999992,350,0.0,PREY_WIN,1,0,100.0,0.0
450,-2.5899999999999888,350,0.0,PREY_WIN,1,0,100.0,0.0
451,-2.6499999999999875,350,0.0,PREY_WIN,1,0,100.0,0.0
452,-2.289999999999995,350,0.0,PREY_WIN,1,0,100.0,0.0
453,-2.6599999999999873,350,0.0,PREY_WIN,1,0,100.0,0.0
454,27.95499999999999,190,0.0,PREDATOR_WIN,0,1,0.0,43.86500000000016
455,-3.4999999999999694,350,0.0,PREY_WIN,1,1,100.0,1.0000000000000309
456,-2.959999999999981,350,0.0,PREY_WIN,1,0,100.0,0.0
457,-2.5999999999999885,350,0.0,PREY_WIN,1,0,99.88,0.0
458,29.52499999999999,33,0.0,PREDATOR_WIN,0,1,0.0,96.30499999999994
459,-3.369999999999972,350,0.0,PREY_WIN,1,0,100.0,0.0
460,29.644999999999992,21,0.0,PREDATOR_WIN,0,1,0.0,100.0
461,-2.6899999999999866,350,0.0,PREY_WIN,1,0,100.0,0.0
462,-3.049999999999979,350,0.0,PREY_WIN,1,0,100.0,0.0
463,-2.5099999999999905,350,0.0,PREY_WIN,1,0,100.0,0.0
464,-2.7499999999999853,350,0.0,PREY_WIN,1,0,100.0,0.0
465,-2.3599999999999937,350,0.0,PREY_WIN,1,0,100.0,0.0
466,-2.149999999999998,350,0.0,PREY_WIN,1,0,100.0,0.0
467,-2.3599999999999937,350,0.0,PREY_WIN,1,0,100.0,0.0
468,-2.6099999999999883,350,0.0,PREY_WIN,1,0,100.0,0.0
469,-2.4099999999999926,350,0.0,PREY_WIN,1,0,100.0,0.0
470,-2.479999999999991,350,0.0,PREY_WIN,1,0,100.0,0.0
471,-2.199999999999997,350,0.0,PREY_WIN,1,0,100.0,0.0
472,-2.1699999999999977,350,0.0,PREY_WIN,1,0,100.0,0.0
473,-2.709999999999986,350,0.0,PREY_WIN,1,0,100.0,0.0
474,-2.9899999999999802,350,0.0,PREY_WIN,1,0,100.0,0.0
475,-2.3599999999999937,350,0.0,PREY_WIN,1,0,100.0,0.0
476,-2.339999999999994,350,0.0,PREY_WIN,1,0,100.0,0.0
477,29.959999999999997,3,0.0,PREDATOR_WIN,0,1,0.0,100.0
478,-2.2299999999999964,350,0.0,PREY_WIN,1,0,100.0,0.0
479,-2.199999999999997,350,0.0,PREY_WIN,1,0,100.0,0.0
480,-2.2199999999999966,350,0.0,PREY_WIN,1,0,100.0,0.0
481,-2.209999999999997,350,0.0,PREY_WIN,1,0,100.0,0.0
482,-2.209999999999997,350,0.0,PREY_WIN,1,0,100.0,0.0
483,-2.3299999999999943,350,0.0,PREY_WIN,1,0,100.0,0.0
484,-2.1899999999999973,350,0.0,PREY_WIN,1,0,100.0,0.0
485,-2.2199999999999966,350,0.0,PREY_WIN,1,0,100.0,0.0
486,-2.3099999999999947,350,0.0,PREY_WIN,1,0,100.0,0.0
487,-2.349999999999994,350,0.0,PREY_WIN,1,0,100.0,0.0
488,-2.299999999999995,350,0.0,PREY_WIN,1,0,100.0,0.0
489,29.747499999999988,4,0.0,PREDATOR_WIN,0,1,0.0,100.0
490,-2.209999999999997,350,0.0,PREY_WIN,1,0,100.0,0.0
491,-2.209999999999997,350,0.0,PREY_WIN,1,0,100.0,0.0
492,-2.2199999999999966,350,0.0,PREY_WIN,1,0,100.0,0.0
493,28.26499999999999,159,0.0,PREDATOR_WIN,0,1,0.0,51.78500000000027
494,-2.239999999999996,350,0.0,PREY_WIN,1,0,100.0,0.0
495,28.902499999999993,102,0.0,PREDATOR_WIN,0,1,0.0,69.49250000000015
496,-2.289999999999995,350,0.0,PREY_WIN,1,0,100.0,0.0
497,-2.7999999999999843,350,0.0,PREY_WIN,1,0,100.0,0.0
498,-2.5099999999999905,350,0.0,PREY_WIN,1,0,100.0,0.0
499,-2.4199999999999924,350,0.0,PREY_WIN,1,0,100.0,0.0
500,-2.5199999999999902,350,0.0,PREY_WIN,1,0,100.0,0.0
501,-2.4599999999999915,350,0.0,PREY_WIN,1,0,100.0,0.0
502,-2.3099999999999947,350,0.0,PREY_WIN,1,0,100.0,0.0
503,29.49499999999999,36,0.0,PREDATOR_WIN,0,1,0.0,95.64499999999992
504,-2.9899999999999802,350,0.0,PREY_WIN,1,0,100.0,0.0
505,-2.6099999999999883,350,0.0,PREY_WIN,1,0,100.0,0.0
506,-2.489999999999991,350,0.0,PREY_WIN,1,0,100.0,0.0
507,29.302499999999995,62,0.0,PREDATOR_WIN,0,1,0.0,84.19249999999997
508,29.20499999999997,11,0.0,PREDATOR_WIN,0,1,0.0,100.0
509,29.589999999999996,40,0.0,PREDATOR_WIN,0,1,0.0,100.0
510,-2.7299999999999858,350,0.0,PREY_WIN,1,0,100.0,0.0
511,-3.099999999999978,350,0.0,PREY_WIN,1,0,100.0,0.0
512,-3.089999999999978,350,0.0,PREY_WIN,1,0,100.0,0.0
513,-2.159999999999998,350,0.0,PREY_WIN,1,0,100.0,0.0
514,-2.1399999999999983,350,0.0,PREY_WIN,1,0,100.0,0.0
515,-2.249999999999996,350,0.0,PREY_WIN,1,0,100.0,0.0
516,-2.2199999999999966,350,0.0,PREY_WIN,1,0,100.0,0.0
517,-2.4099999999999926,350,0.0,PREY_WIN,1,0,100.0,0.0
518,-2.1899999999999973,350,0.0,PREY_WIN,1,0,100.0,0.0
519,-2.479999999999991,350,0.0,PREY_WIN,1,0,100.0,0.0
520,-2.159999999999998,350,0.0,PREY_WIN,1,0,100.0,0.0
521,28.342499999999994,158,0.0,PREDATOR_WIN,0,1,0.0,49.57250000000027
522,-2.3599999999999937,350,0.0,PREY_WIN,1,0,100.0,0.0
523,-3.2099999999999755,350,0.0,PREY_WIN,1,0,100.0,0.0
524,-3.189999999999976,350,0.0,PREY_WIN,1,0,100.0,0.0
525,-2.439999999999992,350,0.0,PREY_WIN,1,0,100.0,0.0
526,-2.809999999999984,350,0.0,PREY_WIN,1,0,100.0,0.0
527,-2.6099999999999883,350,0.0,PREY_WIN,1,0,100.0,0.0
528,-2.299999999999995,350,0.0,PREY_WIN,1,0,100.0,0.0
529,-2.429999999999992,350,0.0,PREY_WIN,1,0,100.0,0.0
530,-2.259999999999996,350,0.0,PREY_WIN,1,0,100.0,0.0
531,28.612499999999994,131,0.0,PREDATOR_WIN,0,1,0.0,60.01250000000025
532,-2.629999999999988,350,0.0,PREY_WIN,1,0,100.0,0.0
533,-2.949999999999981,350,0.0,PREY_WIN,1,0,100.0,0.0
534,-2.909999999999982,350,0.0,PREY_WIN,1,0,100.0,0.0
535,-2.479999999999991,350,0.0,PREY_WIN,1,0,100.0,0.0
536,-2.299999999999995,350,0.0,PREY_WIN,1,0,100.0,0.0
537,-2.4999999999999907,350,0.0,PREY_WIN,1,0,100.0,0.0
538,-2.259999999999996,350,0.0,PREY_WIN,1,0,100.0,0.0
539,-2.239999999999996,350,0.0,PREY_WIN,1,0,100.0,0.0
540,-2.209999999999997,350,0.0,PREY_WIN,1,0,100.0,0.0
541,-2.959999999999981,350,0.0,PREY_WIN,1,0,100.0,0.0
542,29.659999999999986,6,0.0,PREDATOR_WIN,0,1,0.0,100.0
543,-3.4099999999999713,350,0.0,PREY_WIN,1,0,100.0,0.0
544,-2.3099999999999947,350,0.0,PREY_WIN,1,0,100.0,0.0
545,28.449999999999985,127,0.0,PREDATOR_WIN,0,1,0.0,60.89000000000025
546,-2.2799999999999954,350,0.0,PREY_WIN,1,0,100.0,0.0
547,-2.1399999999999983,350,0.0,PREY_WIN,1,0,100.0,0.0
548,-2.759999999999985,350,0.0,PREY_WIN,1,0,100.0,0.0
549,29.73749999999999,5,0.0,PREDATOR_WIN,0,1,0.0,100.0
550,-3.4999999999999694,350,0.0,PREY_WIN,1,1,100.0,4.300000000000234
551,-2.5199999999999902,350,0.0,PREY_WIN,1,0,100.0,0.0
552,-3.4999999999999694,350,0.0,PREY_WIN,1,1,100.0,2.5000000000000755
553,-3.4999999999999694,350,0.0,PREY_WIN,1,1,100.0,24.40000000000024
554,29.132499999999993,79,0.0,PREDATOR_WIN,0,1,0.0,78.55250000000004
555,-3.429999999999971,350,0.0,PREY_WIN,1,0,100.0,0.0
556,-3.0799999999999783,350,0.0,PREY_WIN,1,0,100.0,0.0
557,-3.2599999999999745,350,0.0,PREY_WIN,1,0,100.0,0.0
558,-2.3699999999999934,350,0.0,PREY_WIN,1,0,100.0,0.0
559,-2.3599999999999937,350,0.0,PREY_WIN,1,0,100.0,0.0
560,-3.4999999999999694,350,0.0,PREY_WIN,1,1,100.0,0.7000000000001404
561,-2.4699999999999913,350,0.0,PREY_WIN,1,0,100.0,0.0
562,29.282499999999995,64,0.0,PREDATOR_WIN,0,1,0.0,83.95249999999996
563,29.419999999999995,54,0.0,PREDATOR_WIN,0,1,0.0,89.08999999999989
564,-2.3799999999999932,350,0.0,PREY_WIN,1,0,100.0,0.0
565,-2.339999999999994,350,0.0,PREY_WIN,1,0,100.0,0.0
566,29.087499999999988,70,0.0,PREDATOR_WIN,0,1,0.0,83.09749999999997
567,-2.299999999999995,350,0.0,PREY_WIN,1,0,100.0,0.0
568,28.059999999999967,112,0.0,PREDATOR_WIN,0,1,0.0,69.95000000000006
569,-2.3299999999999943,350,0.0,PREY_WIN,1,0,100.0,0.0
570,-2.249999999999996,350,0.0,PREY_WIN,1,0,100.0,0.0
571,-2.619999999999988,350,0.0,PREY_WIN,1,0,100.0,0.0
572,-2.289999999999995,350,0.0,PREY_WIN,1,0,100.0,0.0
573,-2.6399999999999877,350,0.0,PREY_WIN,1,0,100.0,0.0
574,-2.209999999999997,350,0.0,PREY_WIN,1,0,100.0,0.0
575,-2.4499999999999917,350,0.0,PREY_WIN,1,0,100.0,0.0
576,-2.1799999999999975,350,0.0,PREY_WIN,1,0,100.0,0.0
577,29.862499999999994,6,0.0,PREDATOR_WIN,0,1,0.0,100.0
578,-2.1199999999999988,350,0.0,PREY_WIN,1,0,100.0,0.0
579,29.882499999999993,4,0.0,PREDATOR_WIN,0,1,0.0,100.0
580,-2.099999999999999,350,0.0,PREY_WIN,1,0,100.0,0.0
581,-2.159999999999998,350,0.0,PREY_WIN,1,0,100.0,0.0
582,-2.1299999999999986,350,0.0,PREY_WIN,1,0,100.0,0.0
583,-2.1399999999999983,350,0.0,PREY_WIN,1,0,100.0,0.0
584,-2.3599999999999937,350,0.0,PREY_WIN,1,0,100.0,0.0
585,-2.149999999999998,350,0.0,PREY_WIN,1,0,100.0,0.0
586,27.99499999999999,186,0.0,PREDATOR_WIN,0,1,0.0,35.34500000000026
587,-2.239999999999996,350,0.0,PREY_WIN,1,0,100.0,0.0
588,-2.249999999999996,350,0.0,PREY_WIN,1,0,100.0,0.0
589,28.042499999999993,188,0.0,PREDATOR_WIN,0,1,0.0,48.97250000000035
590,-2.899999999999982,350,0.0,PREY_WIN,1,0,100.0,0.0
591,-2.8899999999999824,350,0.0,PREY_WIN,1,0,100.0,0.0
592,-3.3899999999999717,350,0.0,PREY_WIN,1,0,100.0,0.0
593,-3.319999999999973,350,0.0,PREY_WIN,1,0,100.0,0.0
594,-2.5199999999999902,350,0.0,PREY_WIN,1,0,100.0,0.0
595,-2.289999999999995,350,0.0,PREY_WIN,1,0,100.0,0.0
596,-2.339999999999994,350,0.0,PREY_WIN,1,0,100.0,0.0
597,-2.289999999999995,350,0.0,PREY_WIN,1,0,100.0,0.0
598,-2.4599999999999915,350,0.0,PREY_WIN,1,0,100.0,0.0
599,29.804999999999993,5,0.0,PREDATOR_WIN,0,1,0.0,100.0
600,-2.5199999999999902,350,0.0,PREY_WIN,1,0,100.0,0.0
601,-2.249999999999996,350,0.0,PREY_WIN,1,0,100.0,0.0
602,-2.5099999999999905,350,0.0,PREY_WIN,1,0,100.0,0.0
603,-2.809999999999984,350,0.0,PREY_WIN,1,0,100.0,0.0
604,-2.6399999999999877,350,0.0,PREY_WIN,1,0,100.0,0.0
605,-2.6599999999999873,350,0.0,PREY_WIN,1,0,100.0,0.0
606,-2.4599999999999915,350,0.0,PREY_WIN,1,0,100.0,0.0
607,-2.209999999999997,350,0.0,PREY_WIN,1,0,100.0,0.0
608,-2.2199999999999966,350,0.0,PREY_WIN,1,0,100.0,0.0
609,-2.239999999999996,350,0.0,PREY_WIN,1,0,100.0,0.0
610,-2.259999999999996,350,0.0,PREY_WIN,1,0,100.0,0.0
611,29.804999999999993,5,0.0,PREDATOR_WIN,0,1,0.0,100.0
612,-2.209999999999997,350,0.0,PREY_WIN,1,0,100.0,0.0
613,-2.6899999999999866,350,0.0,PREY_WIN,1,0,100.0,0.0
614,-3.45999999999997,350,0.0,PREY_WIN,1,0,100.0,0.0
615,-3.179999999999976,350,0.0,PREY_WIN,1,0,100.0,0.0
616,-2.5599999999999894,350,0.0,PREY_WIN,1,0,100.0,0.0
617,-2.149999999999998,350,0.0,PREY_WIN,1,0,100.0,0.0
618,-2.3099999999999947,350,0.0,PREY_WIN,1,0,100.0,0.0
619,-2.1899999999999973,350,0.0,PREY_WIN,1,0,100.0,0.0
620,-2.4099999999999926,350,0.0,PREY_WIN,1,0,100.0,0.0
621,-2.2799999999999954,350,0.0,PREY_WIN,1,0,100.0,0.0
622,-2.159999999999998,350,0.0,PREY_WIN,1,0,100.0,0.0
623,-2.1899999999999973,350,0.0,PREY_WIN,1,0,100.0,0.0
624,28.942499999999995,98,0.0,PREDATOR_WIN,0,1,0.0,72.0725000000001
625,-2.239999999999996,350,0.0,PREY_WIN,1,0,100.0,0.0
626,26.742500000000017,318,0.0,PREDATOR_WIN,0,1,0.0,51.67250000000015
627,-2.8799999999999826,350,0.0,PREY_WIN,1,0,100.0,0.0
628,29.002499999999994,92,0.0,PREDATOR_WIN,0,1,0.0,77.29250000000003
629,26.94749999999997,221,0.0,PREDATOR_WIN,0,1,0.0,30.747500000000244
630,29.669999999999987,5,0.0,PREDATOR_WIN,0,1,0.0,100.0
631,-3.4999999999999694,350,0.0,PREY_WIN,1,1,100.0,6.700000000000004
632,29.73749999999999,5,0.0,PREDATOR_WIN,0,1,0.0,100.0
633,29.68499999999999,17,0.0,PREDATOR_WIN,0,1,0.0,100.0
634,-3.4899999999999696,350,0.0,PREY_WIN,1,0,100.0,0.0
635,-3.0699999999999785,350,0.0,PREY_WIN,1,0,100.0,0.0
636,-2.6399999999999877,350,0.0,PREY_WIN,1,0,100.0,0.0
637,29.682499999999994,21,0.0,PREDATOR_WIN,0,1,0.0,100.0
638,-2.759999999999985,350,0.0,PREY_WIN,1,0,100.0,0.0
639,-2.4999999999999907,350,0.0,PREY_WIN,1,0,100.0,0.0
640,-2.7499999999999853,350,0.0,PREY_WIN,1,0,100.0,0.0
641,-2.259999999999996,350,0.0,PREY_WIN,1,0,100.0,0.0
642,-2.709999999999986,350,0.0,PREY_WIN,1,0,100.0,0.0
643,-2.209999999999997,350,0.0,PREY_WIN,1,0,100.0,0.0
644,26.62999999999996,228,0.0,PREDATOR_WIN,0,1,0.0,23.960000000000225
645,-3.3399999999999728,350,0.0,PREY_WIN,1,0,100.0,0.0
646,-2.209999999999997,350,0.0,PREY_WIN,1,0,100.0,0.0
647,29.71749999999999,7,0.0,PREDATOR_WIN,0,1,0.0,100.0
648,-3.4999999999999694,350,0.0,PREY_WIN,1,0,100.0,0.0
649,-2.99999999999998,350,0.0,PREY_WIN,1,0,100.0,0.0
650,-2.3599999999999937,350,0.0,PREY_WIN,1,0,100.0,0.0
651,29.66749999999999,12,0.0,PREDATOR_WIN,0,1,0.0,100.0
652,-2.3199999999999945,350,0.0,PREY_WIN,1,0,100.0,0.0
653,-2.4599999999999915,350,0.0,PREY_WIN,1,0,100.0,0.0
654,-2.2699999999999956,350,0.0,PREY_WIN,1,0,100.0,0.0
655,-2.3099999999999947,350,0.0,PREY_WIN,1,0,100.0,0.0
656,-2.159999999999998,350,0.0,PREY_WIN,1,0,100.0,0.0
657,-2.249999999999996,350,0.0,PREY_WIN,1,0,100.0,0.0
658,-2.1899999999999973,350,0.0,PREY_WIN,1,0,100.0,0.0
659,-2.289999999999995,350,0.0,PREY_WIN,1,0,99.72999999999999,0.0
660,-2.53999999999999,350,0.0,PREY_WIN,1,0,100.0,0.0
661,28.81249999999997,54,0.0,PREDATOR_WIN,0,1,0.0,87.5824999999999
662,-2.109999999999999,350,0.0,PREY_WIN,1,0,100.0,0.0
663,-3.00999999999998,350,0.0,PREY_WIN,1,0,100.0,0.0
664,-3.319999999999973,350,0.0,PREY_WIN,1,0,100.0,0.0
665,-3.4999999999999694,350,0.0,PREY_WIN,1,1,100.0,3.39999999999967
666,-2.439999999999992,350,0.0,PREY_WIN,1,0,100.0,0.0
667,-2.9199999999999817,350,0.0,PREY_WIN,1,0,100.0,0.0
668,-2.3599999999999937,350,0.0,PREY_WIN,1,0,100.0,0.0
669,-2.209999999999997,350,0.0,PREY_WIN,1,0,100.0,0.0
670,29.74499999999999,11,0.0,PREDATOR_WIN,0,1,0.0,100.0
671,-2.209999999999997,350,0.0,PREY_WIN,1,0,100.0,0.0
672,-2.239999999999996,350,0.0,PREY_WIN,1,0,100.0,0.0
673,-2.5999999999999885,350,0.0,PREY_WIN,1,0,100.0,0.0
674,-2.4699999999999913,350,0.0,PREY_WIN,1,0,100.0,0.0
675,-2.4599999999999915,350,0.0,PREY_WIN,1,0,100.0,0.0
676,-2.5499999999999896,350,0.0,PREY_WIN,1,0,100.0,0.0
677,29.734999999999992,12,0.0,PREDATOR_WIN,0,1,0.0,100.0
678,-2.289999999999995,350,0.0,PREY_WIN,1,0,100.0,0.0
679,-2.2199999999999966,350,0.0,PREY_WIN,1,0,100.0,0.0
680,29.72749999999999,6,0.0,PREDATOR_WIN,0,1,0.0,100.0
681,-2.4099999999999926,350,0.0,PREY_WIN,1,0,100.0,0.0
682,-2.199999999999997,350,0.0,PREY_WIN,1,0,100.0,0.0
683,-2.2199999999999966,350,0.0,PREY_WIN,1,0,100.0,0.0
684,-2.1899999999999973,350,0.0,PREY_WIN,1,0,100.0,0.0
685,-2.2799999999999954,350,0.0,PREY_WIN,1,0,100.0,0.0
686,-2.5899999999999888,350,0.0,PREY_WIN,1,0,100.0,0.0
687,29.812499999999993,11,0.0,PREDATOR_WIN,0,1,0.0,100.0
688,-2.209999999999997,350,0.0,PREY_WIN,1,0,100.0,0.0
689,-2.4699999999999913,350,0.0,PREY_WIN,1,0,99.72999999999999,0.0
690,28.859999999999996,110,0.0,PREDATOR_WIN,0,1,0.0,67.07000000000018
691,-2.239999999999996,350,0.0,PREY_WIN,1,0,100.0,0.0
692,-3.239999999999975,350,0.0,PREY_WIN,1,0,100.0,0.0
693,29.582499999999992,34,0.0,PREDATOR_WIN,0,1,0.0,95.95249999999993
694,-3.139999999999977,350,0.0,PREY_WIN,1,0,100.0,0.0
695,-3.47999999999997,350,0.0,PREY_WIN,1,0,100.0,0.0
696,-3.0599999999999787,350,0.0,PREY_WIN,1,0,100.0,0.0
697,-3.0199999999999796,350,0.0,PREY_WIN,1,0,100.0,0.0
698,28.382499999999993,154,0.0,PREDATOR_WIN,0,1,0.0,62.0525000000001
699,28.49499999999999,136,0.0,PREDATOR_WIN,0,1,0.0,56.64500000000033
700,-3.189999999999976,350,0.0,PREY_WIN,1,0,100.0,0.0
701,29.902499999999993,2,0.0,PREDATOR_WIN,0,1,0.0,100.0
702,-3.4099999999999713,350,0.0,PREY_WIN,1,0,100.0,0.0
703,27.977499999999957,97,0.0,PREDATOR_WIN,0,1,0.0,70.9175000000001
704,27.87499999999998,171,0.0,PREDATOR_WIN,0,1,0.0,73.1749999999998
705,-3.4999999999999694,350,0.0,PREY_WIN,1,1,100.0,15.999999999999787
706,-3.4999999999999694,350,0.0,PREY_WIN,1,1,100.0,25.300000000000292
707,28.722499999999993,120,0.0,PREDATOR_WIN,0,1,0.0,81.13249999999982
708,-3.4999999999999694,350,0.0,PREY_WIN,1,1,100.0,21.70000000000035
709,-3.4999999999999694,350,0.0,PREY_WIN,1,1,100.0,4.300000000000135
710,28.752499999999994,117,0.0,PREDATOR_WIN,0,1,0.0,67.69250000000018
711,-2.2699999999999956,350,0.0,PREY_WIN,1,0,100.0,0.0
712,29.574999999999992,28,0.0,PREDATOR_WIN,0,1,0.0,98.40499999999994
713,29.812499999999993,11,0.0,PREDATOR_WIN,0,1,0.0,100.0
714,-3.289999999999974,350,0.0,PREY_WIN,1,0,99.72999999999999,0.0
715,29.677499999999988,11,0.0,PREDATOR_WIN,0,1,0.0,100.0
716,-3.1299999999999772,350,0.0,PREY_WIN,1,0,100.0,0.0
717,-2.4099999999999926,350,0.0,PREY_WIN,1,0,100.0,0.0
718,-2.4699999999999913,350,0.0,PREY_WIN,1,0,100.0,0.0
719,29.574999999999992,28,0.0,PREDATOR_WIN,0,1,0.0,98.40499999999994
720,-2.959999999999981,350,0.0,PREY_WIN,1,0,100.0,0.0
721,29.812499999999993,11,0.0,PREDATOR_WIN,0,1,0.0,100.0
722,-3.1199999999999775,350,0.0,PREY_WIN,1,0,100.0,0.0
723,29.892499999999995,3,0.0,PREDATOR_WIN,0,1,0.0,100.0
724,-2.9399999999999813,350,0.0,PREY_WIN,1,0,100.0,0.0
725,-2.339999999999994,350,0.0,PREY_WIN,1,0,100.0,0.0
726,-2.5099999999999905,350,0.0,PREY_WIN,1,0,100.0,0.0
727,-2.5199999999999902,350,0.0,PREY_WIN,1,0,100.0,0.0
728,-2.389999999999993,350,0.0,PREY_WIN,1,0,100.0,0.0
729,-2.2799999999999954,350,0.0,PREY_WIN,1,0,100.0,0.0
730,29.81499999999999,4,0.0,PREDATOR_WIN,0,1,0.0,100.0
731,-2.2699999999999956,350,0.0,PREY_WIN,1,0,100.0,0.0
732,-2.239999999999996,350,0.0,PREY_WIN,1,0,100.0,0.0
733,-2.2699999999999956,350,0.0,PREY_WIN,1,0,100.0,0.0
734,-2.259999999999996,350,0.0,PREY_WIN,1,0,100.0,0.0
735,-2.259999999999996,350,0.0,PREY_WIN,1,0,100.0,0.0
736,-2.389999999999993,350,0.0,PREY_WIN,1,0,100.0,0.0
737,-2.2199999999999966,350,0.0,PREY_WIN,1,0,100.0,0.0
738,-2.159999999999998,350,0.0,PREY_WIN,1,0,100.0,0.0
739,-2.349999999999994,350,0.0,PREY_WIN,1,0,100.0,0.0
740,-2.239999999999996,350,0.0,PREY_WIN,1,0,100.0,0.0
741,-2.2199999999999966,350,0.0,PREY_WIN,1,0,100.0,0.0
742,-2.239999999999996,350,0.0,PREY_WIN,1,0,100.0,0.0
743,-2.159999999999998,350,0.0,PREY_WIN,1,0,100.0,0.0
744,-2.2199999999999966,350,0.0,PREY_WIN,1,0,100.0,0.0
745,29.694999999999993,16,0.0,PREDATOR_WIN,0,1,0.0,100.0
746,29.889999999999997,10,0.0,PREDATOR_WIN,0,1,0.0,100.0
747,-2.239999999999996,350,0.0,PREY_WIN,1,0,100.0,0.0
748,-2.2699999999999956,350,0.0,PREY_WIN,1,0,100.0,0.0
749,-2.239999999999996,350,0.0,PREY_WIN,1,0,100.0,0.0
750,-2.159999999999998,350,0.0,PREY_WIN,1,0,100.0,0.0
751,-2.2299999999999964,350,0.0,PREY_WIN,1,0,100.0,0.0
752,-2.209999999999997,350,0.0,PREY_WIN,1,0,100.0,0.0
753,-2.199999999999997,350,0.0,PREY_WIN,1,0,100.0,0.0
754,-2.3099999999999947,350,0.0,PREY_WIN,1,0,100.0,0.0
755,28.14499999999999,171,0.0,PREDATOR_WIN,0,1,0.0,43.74500000000026
756,-3.2099999999999755,350,0.0,PREY_WIN,1,0,100.0,0.0
757,-2.959999999999981,350,0.0,PREY_WIN,1,0,100.0,0.0
758,-2.6099999999999883,350,0.0,PREY_WIN,1,0,100.0,0.0
759,-2.9199999999999817,350,0.0,PREY_WIN,1,0,100.0,0.0
760,-2.579999999999989,350,0.0,PREY_WIN,1,0,100.0,0.0
761,-2.5899999999999888,350,0.0,PREY_WIN,1,0,100.0,0.0
762,-2.399999999999993,350,0.0,PREY_WIN,1,0,100.0,0.0
763,29.754999999999992,7,0.0,PREDATOR_WIN,0,1,0.0,100.0
764,-2.5099999999999905,350,0.0,PREY_WIN,1,0,100.0,0.0
765,29.959999999999997,3,0.0,PREDATOR_WIN,0,1,0.0,100.0
766,-2.4599999999999915,350,0.0,PREY_WIN,1,0,100.0,0.0
767,-2.1299999999999986,350,0.0,PREY_WIN,1,0,100.0,0.0
768,-2.1399999999999983,350,0.0,PREY_WIN,1,0,100.0,0.0
769,-2.199999999999997,350,0.0,PREY_WIN,1,0,100.0,0.0
770,-2.439999999999992,350,0.0,PREY_WIN,1,0,100.0,0.0
771,28.664999999999992,119,0.0,PREDATOR_WIN,0,1,0.0,64.6850000000002
772,-3.3499999999999726,350,0.0,PREY_WIN,1,0,100.0,0.0
773,-3.4999999999999694,350,0.0,PREY_WIN,1,1,100.0,4.900000000000453
774,-3.1599999999999766,350,0.0,PREY_WIN,1,0,100.0,0.0
775,-2.2199999999999966,350,0.0,PREY_WIN,1,0,100.0,0.0
776,-3.189999999999976,350,0.0,PREY_WIN,1,0,100.0,0.0
777,-2.2199999999999966,350,0.0,PREY_WIN,1,0,100.0,0.0
778,-2.6599999999999873,350,0.0,PREY_WIN,1,0,100.0,0.0
779,-2.259999999999996,350,0.0,PREY_WIN,1,0,100.0,0.0
780,-2.1899999999999973,350,0.0,PREY_WIN,1,0,100.0,0.0
781,-2.1699999999999977,350,0.0,PREY_WIN,1,0,100.0,0.0
782,-2.289999999999995,350,0.0,PREY_WIN,1,0,100.0,0.0
783,-2.259999999999996,350,0.0,PREY_WIN,1,0,100.0,0.0
784,28.65499999999999,120,0.0,PREDATOR_WIN,0,1,0.0,63.9650000000002
785,-2.8399999999999834,350,0.0,PREY_WIN,1,0,100.0,0.0
786,-2.9899999999999802,350,0.0,PREY_WIN,1,0,100.0,0.0
787,28.78249999999999,114,0.0,PREDATOR_WIN,0,1,0.0,72.85249999999998
788,26.715000000000014,314,0.0,PREDATOR_WIN,0,1,0.0,33.18500000000037
789,-2.909999999999982,350,0.0,PREY_WIN,1,0,100.0,0.0
790,-2.849999999999983,350,0.0,PREY_WIN,1,0,100.0,0.0
791,-3.239999999999975,350,0.0,PREY_WIN,1,0,100.0,0.0
792,-2.3699999999999934,350,0.0,PREY_WIN,1,0,100.0,0.0
793,-2.3199999999999945,350,0.0,PREY_WIN,1,0,100.0,0.0
794,-2.6599999999999873,350,0.0,PREY_WIN,1,0,100.0,0.0
795,-2.5999999999999885,350,0.0,PREY_WIN,1,0,100.0,0.0
796,-2.389999999999993,350,0.0,PREY_WIN,1,0,100.0,0.0
797,-2.5599999999999894,350,0.0,PREY_WIN,1,0,100.0,0.0
798,-2.489999999999991,350,0.0,PREY_WIN,1,0,100.0,0.0
799,-2.149999999999998,350,0.0,PREY_WIN,1,0,100.0,0.0
800,-2.159999999999998,350,0.0,PREY_WIN,1,0,100.0,0.0
801,-2.209999999999997,350,0.0,PREY_WIN,1,0,100.0,0.0
802,-2.1899999999999973,350,0.0,PREY_WIN,1,0,100.0,0.0
803,-2.1799999999999975,350,0.0,PREY_WIN,1,0,100.0,0.0
804,28.982499999999995,94,0.0,PREDATOR_WIN,0,1,0.0,76.4525
805,-2.53999999999999,350,0.0,PREY_WIN,1,0,100.0,0.0
806,-3.429999999999971,350,0.0,PREY_WIN,1,0,100.0,0.0
807,-2.5899999999999888,350,0.0,PREY_WIN,1,0,100.0,0.0
808,-2.1299999999999986,350,0.0,PREY_WIN,1,0,100.0,0.0
809,-2.5599999999999894,350,0.0,PREY_WIN,1,0,100.0,0.0
810,-2.6399999999999877,350,0.0,PREY_WIN,1,0,100.0,0.0
811,-2.3699999999999934,350,0.0,PREY_WIN,1,0,100.0,0.0
812,28.93749999999999,85,0.0,PREDATOR_WIN,0,1,0.0,92.39749999999967
813,-2.9399999999999813,350,0.0,PREY_WIN,1,0,100.0,0.0
814,-2.809999999999984,350,0.0,PREY_WIN,1,0,100.0,0.0
815,-2.709999999999986,350,0.0,PREY_WIN,1,0,100.0,0.0
816,-2.4599999999999915,350,0.0,PREY_WIN,1,0,100.0,0.0
817,-2.109999999999999,350,0.0,PREY_WIN,1,0,100.0,0.0
818,-2.1399999999999983,350,0.0,PREY_WIN,1,0,99.72999999999999,0.0
819,-2.209999999999997,350,0.0,PREY_WIN,1,0,100.0,0.0
820,29.792499999999993,13,0.0,PREDATOR_WIN,0,1,0.0,100.0
821,29.65499999999999,20,0.0,PREDATOR_WIN,0,1,0.0,100.0
822,-2.899999999999982,350,0.0,PREY_WIN,1,0,100.0,0.0
823,-2.479999999999991,350,0.0,PREY_WIN,1,0,100.0,0.0
824,-2.7299999999999858,350,0.0,PREY_WIN,1,0,100.0,0.0
825,29.842499999999994,8,0.0,PREDATOR_WIN,0,1,0.0,100.0
826,-2.3599999999999937,350,0.0,PREY_WIN,1,0,100.0,0.0
827,-2.53999999999999,350,0.0,PREY_WIN,1,0,100.0,0.0
828,-2.3599999999999937,350,0.0,PREY_WIN,1,0,100.0,0.0
829,-2.2699999999999956,350,0.0,PREY_WIN,1,0,100.0,0.0
830,-2.5099999999999905,350,0.0,PREY_WIN,1,0,100.0,0.0
831,29.272499999999994,65,0.0,PREDATOR_WIN,0,1,0.0,83.83249999999997
832,29.669999999999987,5,0.0,PREDATOR_WIN,0,1,0.0,100.0
833,27.81749999999999,197,0.0,PREDATOR_WIN,0,1,0.0,54.95750000000015
834,-3.4999999999999694,350,0.0,PREY_WIN,1,1,100.0,12.400000000000194
835,29.272499999999994,65,0.0,PREDATOR_WIN,0,1,0.0,83.53249999999998
836,-3.4999999999999694,350,0.0,PREY_WIN,1,1,100.0,39.69999999999985
837,-3.4999999999999694,350,0.0,PREY_WIN,1,1,100.0,31.000000000000096
838,-3.4999999999999694,350,0.0,PREY_WIN,1,1,100.0,17.20000000000001
839,-2.6099999999999883,350,0.0,PREY_WIN,1,0,100.0,0.0
840,-2.909999999999982,350,0.0,PREY_WIN,1,0,99.45999999999998,0.0
841,-3.4999999999999694,350,0.0,PREY_WIN,1,1,100.0,8.800000000000152
842,-2.3099999999999947,350,0.0,PREY_WIN,1,0,100.0,0.0
843,29.852499999999996,7,0.0,PREDATOR_WIN,0,1,0.0,100.0
844,-2.2199999999999966,350,0.0,PREY_WIN,1,0,100.0,0.0
845,-2.389999999999993,350,0.0,PREY_WIN,1,0,100.0,0.0
846,-2.489999999999991,350,0.0,PREY_WIN,1,0,100.0,0.0
847,-2.5999999999999885,350,0.0,PREY_WIN,1,0,100.0,0.0
848,-2.439999999999992,350,0.0,PREY_WIN,1,0,100.0,0.0
849,-2.4599999999999915,350,0.0,PREY_WIN,1,0,100.0,0.0
850,-2.389999999999993,350,0.0,PREY_WIN,1,0,100.0,0.0
851,-2.259999999999996,350,0.0,PREY_WIN,1,0,100.0,0.0
852,-2.259999999999996,350,0.0,PREY_WIN,1,0,100.0,0.0
853,-2.339999999999994,350,0.0,PREY_WIN,1,0,100.0,0.0
854,-2.1699999999999977,350,0.0,PREY_WIN,1,0,100.0,0.0
855,-2.3299999999999943,350,0.0,PREY_WIN,1,0,100.0,0.0
856,-2.3299999999999943,350,0.0,PREY_WIN,1,0,100.0,0.0
857,-2.3699999999999934,350,0.0,PREY_WIN,1,0,100.0,0.0
858,-2.259999999999996,350,0.0,PREY_WIN,1,0,100.0,0.0
859,-2.249999999999996,350,0.0,PREY_WIN,1,0,100.0,0.0
860,-2.349999999999994,350,0.0,PREY_WIN,1,0,100.0,0.0
861,28.812499999999982,84,0.0,PREDATOR_WIN,0,1,0.0,77.38250000000004
862,-3.049999999999979,350,0.0,PREY_WIN,1,0,100.0,0.0
863,-2.7799999999999847,350,0.0,PREY_WIN,1,0,100.0,0.0
864,-2.5499999999999896,350,0.0,PREY_WIN,1,0,100.0,0.0
865,-2.149999999999998,350,0.0,PREY_WIN,1,0,100.0,0.0
866,-2.399999999999993,350,0.0,PREY_WIN,1,0,100.0,0.0
867,-2.289999999999995,350,0.0,PREY_WIN,1,0,100.0,0.0
868,-2.2799999999999954,350,0.0,PREY_WIN,1,0,100.0,0.0
869,-2.489999999999991,350,0.0,PREY_WIN,1,0,100.0,0.0
870,29.409999999999997,55,0.0,PREDATOR_WIN,0,1,0.0,97.06999999999981
871,29.43749999999998,8,0.0,PREDATOR_WIN,0,1,0.0,100.0
872,-2.2799999999999954,350,0.0,PREY_WIN,1,0,100.0,0.0
873,29.979999999999997,1,0.0,PREDATOR_WIN,0,1,0.0,100.0
874,-2.5099999999999905,350,0.0,PREY_WIN,1,0,100.0,0.0
875,-2.5899999999999888,350,0.0,PREY_WIN,1,0,100.0,0.0
876,-2.339999999999994,350,0.0,PREY_WIN,1,0,100.0,0.0
877,-2.4699999999999913,350,0.0,PREY_WIN,1,0,100.0,0.0
878,-2.5099999999999905,350,0.0,PREY_WIN,1,0,100.0,0.0
879,-2.53999999999999,350,0.0,PREY_WIN,1,0,100.0,0.0
880,-2.2199999999999966,350,0.0,PREY_WIN,1,0,99.72999999999999,0.0
881,-2.1899999999999973,350,0.0,PREY_WIN,1,0,100.0,0.0
882,-2.159999999999998,350,0.0,PREY_WIN,1,0,100.0,0.0
883,-2.209999999999997,350,0.0,PREY_WIN,1,0,100.0,0.0
884,28.652499999999993,127,0.0,PREDATOR_WIN,0,1,0.0,61.09250000000026
885,-2.2299999999999964,350,0.0,PREY_WIN,1,0,100.0,0.0
886,28.612499999999994,131,0.0,PREDATOR_WIN,0,1,0.0,61.212500000000226
887,-2.53999999999999,350,0.0,PREY_WIN,1,0,99.72999999999999,0.0
888,-3.1999999999999758,350,0.0,PREY_WIN,1,0,100.0,0.0
889,28.217499999999987,157,0.0,PREDATOR_WIN,0,1,0.0,46.857500000000286
890,-3.4999999999999694,350,0.0,PREY_WIN,1,1,100.0,2.7999999999999616
891,-3.4999999999999694,350,0.0,PREY_WIN,1,1,100.0,15.40000000000015
892,-2.3299999999999943,350,0.0,PREY_WIN,1,0,100.0,0.0
893,-2.159999999999998,350,0.0,PREY_WIN,1,0,100.0,0.0
894,-2.1799999999999975,350,0.0,PREY_WIN,1,0,100.0,0.0
895,-2.439999999999992,350,0.0,PREY_WIN,1,0,100.0,0.0
896,-2.629999999999988,350,0.0,PREY_WIN,1,0,100.0,0.0
897,-2.259999999999996,350,0.0,PREY_WIN,1,0,100.0,0.0
898,-2.3099999999999947,350,0.0,PREY_WIN,1,0,100.0,0.0
899,-2.1199999999999988,350,0.0,PREY_WIN,1,0,100.0,0.0
900,-2.1899999999999973,350,0.0,PREY_WIN,1,0,100.0,0.0
901,-2.1799999999999975,350,0.0,PREY_WIN,1,0,100.0,0.0
902,-2.1699999999999977,350,0.0,PREY_WIN,1,0,100.0,0.0
903,-2.109999999999999,350,0.0,PREY_WIN,1,0,100.0,0.0
904,-2.2199999999999966,350,0.0,PREY_WIN,1,0,100.0,0.0
905,-2.1899999999999973,350,0.0,PREY_WIN,1,0,100.0,0.0
906,-2.1899999999999973,350,0.0,PREY_WIN,1,0,100.0,0.0
907,-2.1899999999999973,350,0.0,PREY_WIN,1,0,100.0,0.0
908,-2.1399999999999983,350,0.0,PREY_WIN,1,0,100.0,0.0
909,-2.109999999999999,350,0.0,PREY_WIN,1,0,100.0,0.0
910,-2.1899999999999973,350,0.0,PREY_WIN,1,0,100.0,0.0
911,-2.3299999999999943,350,0.0,PREY_WIN,1,0,100.0,0.0
912,28.329999999999977,112,0.0,PREDATOR_WIN,0,1,0.0,66.32000000000016
913,-2.439999999999992,350,0.0,PREY_WIN,1,0,100.0,0.0
914,-2.6399999999999877,350,0.0,PREY_WIN,1,0,100.0,0.0
915,-3.1199999999999775,350,0.0,PREY_WIN,1,0,100.0,0.0
916,-2.569999999999989,350,0.0,PREY_WIN,1,0,100.0,0.0
917,-2.6099999999999883,350,0.0,PREY_WIN,1,0,100.0,0.0
918,-2.5999999999999885,350,0.0,PREY_WIN,1,0,100.0,0.0
919,-2.239999999999996,350,0.0,PREY_WIN,1,0,100.0,0.0
920,-2.53999999999999,350,0.0,PREY_WIN,1,0,100.0,0.0
921,-2.4099999999999926,350,0.0,PREY_WIN,1,0,100.0,0.0
922,29.272499999999994,65,0.0,PREDATOR_WIN,0,1,0.0,83.83249999999997
923,-2.569999999999989,350,0.0,PREY_WIN,1,0,100.0,0.0
924,-3.2699999999999743,350,0.0,PREY_WIN,1,0,100.0,0.0
925,29.752499999999994,17,0.0,PREDATOR_WIN,0,1,0.0,100.0
926,27.6425,228,0.0,PREDATOR_WIN,0,1,0.0,28.87250000000026
927,-3.2099999999999755,350,0.0,PREY_WIN,1,0,100.0,0.0
928,-2.9799999999999804,350,0.0,PREY_WIN,1,0,100.0,0.0
929,-2.6399999999999877,350,0.0,PREY_WIN,1,0,100.0,0.0
930,-2.249999999999996,350,0.0,PREY_WIN,1,0,100.0,0.0
931,29.45499999999999,40,0.0,PREDATOR_WIN,0,1,0.0,94.86499999999991
932,-2.669999999999987,350,0.0,PREY_WIN,1,0,100.0,0.0
933,-2.3599999999999937,350,0.0,PREY_WIN,1,0,100.0,0.0
934,-3.1199999999999775,350,0.0,PREY_WIN,1,0,100.0,0.0
935,-3.289999999999974,350,0.0,PREY_WIN,1,0,100.0,0.0
936,-3.1599999999999766,350,0.0,PREY_WIN,1,0,100.0,0.0
937,-2.1399999999999983,350,0.0,PREY_WIN,1,0,100.0,0.0
938,-2.239999999999996,350,0.0,PREY_WIN,1,0,100.0,0.0
939,-2.489999999999991,350,0.0,PREY_WIN,1,0,100.0,0.0
940,-2.239999999999996,350,0.0,PREY_WIN,1,0,100.0,0.0
941,-2.3199999999999945,350,0.0,PREY_WIN,1,0,100.0,0.0
942,-2.479999999999991,350,0.0,PREY_WIN,1,0,100.0,0.0
943,-2.339999999999994,350,0.0,PREY_WIN,1,0,100.0,0.0
944,29.722499999999993,20,0.0,PREDATOR_WIN,0,1,0.0,100.0
945,-2.9399999999999813,350,0.0,PREY_WIN,1,0,100.0,0.0
946,-3.46999999999997,350,0.0,PREY_WIN,1,0,100.0,0.0
947,-3.049999999999979,350,0.0,PREY_WIN,1,0,100.0,0.0
948,-2.3299999999999943,350,0.0,PREY_WIN,1,0,100.0,0.0
949,-2.259999999999996,350,0.0,PREY_WIN,1,0,100.0,0.0
950,-2.9699999999999807,350,0.0,PREY_WIN,1,0,100.0,0.0
951,-2.099999999999999,350,0.0,PREY_WIN,1,0,100.0,0.0
952,-3.4999999999999694,350,0.0,PREY_WIN,1,1,99.72999999999999,7.300000000000336
953,-3.239999999999975,350,0.0,PREY_WIN,1,0,100.0,0.0
954,-2.289999999999995,350,0.0,PREY_WIN,1,0,100.0,0.0
955,-2.6899999999999866,350,0.0,PREY_WIN,1,0,100.0,0.0
956,28.65499999999999,120,0.0,PREDATOR_WIN,0,1,0.0,63.065000000000225
957,-3.4999999999999694,350,0.0,PREY_WIN,1,1,100.0,11.800000000000377
958,-3.2099999999999755,350,0.0,PREY_WIN,1,0,100.0,0.0
959,-3.4999999999999694,350,0.0,PREY_WIN,1,1,100.0,9.100000000000346
960,-2.869999999999983,350,0.0,PREY_WIN,1,0,100.0,0.0
961,-2.289999999999995,350,0.0,PREY_WIN,1,0,100.0,0.0
962,29.902499999999993,2,0.0,PREDATOR_WIN,0,1,0.0,100.0
963,-2.429999999999992,350,0.0,PREY_WIN,1,0,100.0,0.0
964,-2.5099999999999905,350,0.0,PREY_WIN,1,0,100.0,0.0
965,-2.7499999999999853,350,0.0,PREY_WIN,1,0,100.0,0.0
966,-2.2699999999999956,350,0.0,PREY_WIN,1,0,100.0,0.0
967,-2.3599999999999937,350,0.0,PREY_WIN,1,0,100.0,0.0
968,-2.239999999999996,350,0.0,PREY_WIN,1,0,100.0,0.0
969,-2.4099999999999926,350,0.0,PREY_WIN,1,0,100.0,0.0
970,-2.289999999999995,350,0.0,PREY_WIN,1,0,100.0,0.0
971,-2.239999999999996,350,0.0,PREY_WIN,1,0,100.0,0.0
972,28.072499999999962,101,0.0,PREDATOR_WIN,0,1,0.0,72.07250000000006
973,-3.2999999999999736,350,0.0,PREY_WIN,1,0,100.0,0.0
974,-3.4999999999999694,350,0.0,PREY_WIN,1,1,100.0,18.400000000000187
975,-2.9299999999999815,350,0.0,PREY_WIN,1,0,100.0,0.0
976,-2.579999999999989,350,0.0,PREY_WIN,1,0,100.0,0.0
977,-2.7799999999999847,350,0.0,PREY_WIN,1,0,100.0,0.0
978,-2.439999999999992,350,0.0,PREY_WIN,1,0,100.0,0.0
979,29.729999999999997,23,0.0,PREDATOR_WIN,0,1,0.0,100.0
980,-2.679999999999987,350,0.0,PREY_WIN,1,0,100.0,0.0
981,28.452499999999993,147,0.0,PREDATOR_WIN,0,1,0.0,62.8925000000002
982,-3.4999999999999694,350,0.0,PREY_WIN,1,1,100.0,34.29999999999986
983,-3.4999999999999694,350,0.0,PREY_WIN,1,1,100.0,16.59999999999987
984,-2.6599999999999873,350,0.0,PREY_WIN,1,0,100.0,0.0
985,-2.339999999999994,350,0.0,PREY_WIN,1,0,100.0,0.0
986,-3.4999999999999694,350,0.0,PREY_WIN,1,1,100.0,10.300000000000333
987,-2.9399999999999813,350,0.0,PREY_WIN,1,0,100.0,0.0
988,-3.4999999999999694,350,0.0,PREY_WIN,1,1,100.0,5.500000000000184
989,-2.9899999999999802,350,0.0,PREY_WIN,1,0,100.0,0.0
990,-2.239999999999996,350,0.0,PREY_WIN,1,0,100.0,0.0
991,-2.6599999999999873,350,0.0,PREY_WIN,1,0,100.0,0.0
992,-2.1699999999999977,350,0.0,PREY_WIN,1,0,100.0,0.0
993,-2.709999999999986,350,0.0,PREY_WIN,1,0,100.0,0.0
994,-2.3199999999999945,350,0.0,PREY_WIN,1,0,100.0,0.0
995,-2.2699999999999956,350,0.0,PREY_WIN,1,0,100.0,0.0
996,-2.0899999999999994,350,0.0,PREY_WIN,1,0,100.0,0.0
997,-2.1399999999999983,350,0.0,PREY_WIN,1,0,100.0,0.0
998,-2.1299999999999986,350,0.0,PREY_WIN,1,0,100.0,0.0
999,-2.259999999999996,350,0.0,PREY_WIN,1,0,100.0,0.0
1000,-2.159999999999998,350,0.0,PREY_WIN,1,0,100.0,0.0
1001,-2.209999999999997,350,0.0,PREY_WIN,1,0,100.0,0.0
1002,-2.159999999999998,350,0.0,PREY_WIN,1,0,100.0,0.0
1003,-2.1299999999999986,350,0.0,PREY_WIN,1,0,100.0,0.0
1004,-2.1899999999999973,350,0.0,PREY_WIN,1,0,100.0,0.0
1005,-2.2699999999999956,350,0.0,PREY_WIN,1,0,100.0,0.0
1006,-2.2299999999999964,350,0.0,PREY_WIN,1,0,100.0,0.0
1007,-2.239999999999996,350,0.0,PREY_WIN,1,0,100.0,0.0
1008,-2.3199999999999945,350,0.0,PREY_WIN,1,0,100.0,0.0
1009,-2.339999999999994,350,0.0,PREY_WIN,1,0,100.0,0.0
1010,-2.209999999999997,350,0.0,PREY_WIN,1,0,100.0,0.0
1011,29.472499999999993,45,0.0,PREDATOR_WIN,0,1,0.0,93.13249999999991
1012,-2.8899999999999824,350,0.0,PREY_WIN,1,0,100.0,0.0
1013,29.212499999999995,71,0.0,PREDATOR_WIN,0,1,0.0,82.2125
1014,-3.00999999999998,350,0.0,PREY_WIN,1,0,100.0,0.0
1015,-3.099999999999978,350,0.0,PREY_WIN,1,0,100.0,0.0
1016,29.302499999999995,62,0.0,PREDATOR_WIN,0,1,0.0,84.19249999999997
1017,-3.4999999999999694,350,0.0,PREY_WIN,1,1,100.0,2.799999999999706
1018,29.66749999999999,12,0.0,PREDATOR_WIN,0,1,0.0,100.0
1019,29.644999999999992,21,0.0,PREDATOR_WIN,0,1,0.0,100.0
1020,27.64999999999992,33,0.0,PREDATOR_WIN,0,1,0.0,94.42999999999986
1021,28.352499999999942,22,0.0,PREDATOR_WIN,0,1,0.0,99.6424999999999
1022,29.792499999999993,13,0.0,PREDATOR_WIN,0,1,0.0,100.0
1023,-3.239999999999975,350,0.0,PREY_WIN,1,0,100.0,0.0
1024,-3.45999999999997,350,0.0,PREY_WIN,1,0,100.0,0.0
1025,-2.899999999999982,350,0.0,PREY_WIN,1,0,100.0,0.0
1026,-2.439999999999992,350,0.0,PREY_WIN,1,0,100.0,0.0
1027,-2.1399999999999983,350,0.0,PREY_WIN,1,0,100.0,0.0
1028,29.447499999999987,34,0.0,PREDATOR_WIN,0,1,0.0,95.81749999999994
1029,-3.049999999999979,350,0.0,PREY_WIN,1,0,100.0,0.0
1030,-3.1299999999999772,350,0.0,PREY_WIN,1,0,100.0,0.0
1031,-2.2299999999999964,350,0.0,PREY_WIN,1,0,100.0,0.0
1032,-2.2199999999999966,350,0.0,PREY_WIN,1,0,100.0,0.0
1033,29.79499999999999,6,0.0,PREDATOR_WIN,0,1,0.0,100.0
1034,-2.209999999999997,350,0.0,PREY_WIN,1,0,100.0,0.0
1035,-2.159999999999998,350,0.0,PREY_WIN,1,0,100.0,0.0
1036,-2.339999999999994,350,0.0,PREY_WIN,1,0,100.0,0.0
1037,-2.239999999999996,350,0.0,PREY_WIN,1,0,100.0,0.0
1038,-2.259999999999996,350,0.0,PREY_WIN,1,0,100.0,0.0
1039,29.284999999999993,57,0.0,PREDATOR_WIN,0,1,0.0,88.02499999999989
1040,29.497499999999988,29,0.0,PREDATOR_WIN,0,1,0.0,97.91749999999993
1041,29.43499999999998,9,0.0,PREDATOR_WIN,0,1,0.0,100.0
1042,-2.4599999999999915,350,0.0,PREY_WIN,1,0,100.0,0.0
1043,-2.4599999999999915,350,0.0,PREY_WIN,1,0,100.0,0.0
1044,-2.53999999999999,350,0.0,PREY_WIN,1,0,100.0,0.0
1045,-2.209999999999997,350,0.0,PREY_WIN,1,0,100.0,0.0
1046,29.929999999999996,6,0.0,PREDATOR_WIN,0,1,0.0,100.0
1047,-2.429999999999992,350,0.0,PREY_WIN,1,0,100.0,0.0
1048,-2.4999999999999907,350,0.0,PREY_WIN,1,0,100.0,0.0
1049,-2.489999999999991,350,0.0,PREY_WIN,1,0,100.0,0.0
1050,-2.5099999999999905,350,0.0,PREY_WIN,1,0,100.0,0.0
1051,-2.2699999999999956,350,0.0,PREY_WIN,1,0,100.0,0.0
1052,-2.339999999999994,350,0.0,PREY_WIN,1,0,100.0,0.0
1053,-2.3299999999999943,350,0.0,PREY_WIN,1,0,100.0,0.0
1054,-2.5899999999999888,350,0.0,PREY_WIN,1,0,100.0,0.0
1055,-2.6099999999999883,350,0.0,PREY_WIN,1,0,100.0,0.0
1056,-2.4499999999999917,350,0.0,PREY_WIN,1,0,100.0,0.0
1057,-2.209999999999997,350,0.0,PREY_WIN,1,0,100.0,0.0
1058,-3.099999999999978,350,0.0,PREY_WIN,1,0,100.0,0.0
1059,-3.4999999999999694,350,0.0,PREY_WIN,1,1,100.0,25.000000000000444
1060,-2.9799999999999804,350,0.0,PREY_WIN,1,0,100.0,0.0
1061,-2.5099999999999905,350,0.0,PREY_WIN,1,0,100.0,0.0
1062,-2.5199999999999902,350,0.0,PREY_WIN,1,0,100.0,0.0
1063,-2.6499999999999875,350,0.0,PREY_WIN,1,0,100.0,0.0
1064,-2.7899999999999845,350,0.0,PREY_WIN,1,0,100.0,0.0
1065,-2.6399999999999877,350,0.0,PREY_WIN,1,0,100.0,0.0
1066,29.879999999999995,5,0.0,PREDATOR_WIN,0,1,0.0,100.0
1067,-2.709999999999986,350,0.0,PREY_WIN,1,0,100.0,0.0
1068,-2.8399999999999834,350,0.0,PREY_WIN,1,0,100.0,0.0
1069,-2.209999999999997,350,0.0,PREY_WIN,1,0,100.0,0.0
1070,-2.289999999999995,350,0.0,PREY_WIN,1,0,100.0,0.0
1071,-2.199999999999997,350,0.0,PREY_WIN,1,0,100.0,0.0
1072,-2.159999999999998,350,0.0,PREY_WIN,1,0,100.0,0.0
1073,-2.239999999999996,350,0.0,PREY_WIN,1,0,100.0,0.0
1074,-2.3099999999999947,350,0.0,PREY_WIN,1,0,100.0,0.0
1075,-2.1199999999999988,350,0.0,PREY_WIN,1,0,100.0,0.0
1076,-2.259999999999996,350,0.0,PREY_WIN,1,0,100.0,0.0
1077,-2.199999999999997,350,0.0,PREY_WIN,1,0,100.0,0.0
1078,-2.209999999999997,350,0.0,PREY_WIN,1,0,100.0,0.0
1079,-2.1899999999999973,350,0.0,PREY_WIN,1,0,100.0,0.0
1080,-2.349999999999994,350,0.0,PREY_WIN,1,0,100.0,0.0
1081,-2.239999999999996,350,0.0,PREY_WIN,1,0,100.0,0.0
1082,-2.1699999999999977,350,0.0,PREY_WIN,1,0,100.0,0.0
1083,-2.209999999999997,350,0.0,PREY_WIN,1,0,100.0,0.0
1084,-2.159999999999998,350,0.0,PREY_WIN,1,0,100.0,0.0
1085,-2.2199999999999966,350,0.0,PREY_WIN,1,0,100.0,0.0
1086,-2.3099999999999947,350,0.0,PREY_WIN,1,0,100.0,0.0
1087,29.009999999999994,95,0.0,PREDATOR_WIN,0,1,0.0,74.57000000000008
1088,-2.3599999999999937,350,0.0,PREY_WIN,1,0,100.0,0.0
1089,-3.4999999999999694,350,0.0,PREY_WIN,1,1,100.0,15.69999999999988
1090,-3.4999999999999694,350,0.0,PREY_WIN,1,1,100.0,31.299999999999986
1091,29.362499999999994,56,0.0,PREDATOR_WIN,0,1,0.0,87.01249999999993
1092,-3.0599999999999787,350,0.0,PREY_WIN,1,0,100.0,0.0
1093,-3.4999999999999694,350,0.0,PREY_WIN,1,1,100.0,6.699999999999611
1094,-2.4099999999999926,350,0.0,PREY_WIN,1,0,100.0,0.0
1095,-2.339999999999994,350,0.0,PREY_WIN,1,0,100.0,0.0
1096,-2.629999999999988,350,0.0,PREY_WIN,1,0,100.0,0.0
1097,-2.249999999999996,350,0.0,PREY_WIN,1,0,100.0,0.0
1098,-2.5599999999999894,350,0.0,PREY_WIN,1,0,100.0,0.0
1099,-2.389999999999993,350,0.0,PREY_WIN,1,0,100.0,0.0
1100,-2.249999999999996,350,0.0,PREY_WIN,1,0,100.0,0.0
1101,-2.249999999999996,350,0.0,PREY_WIN,1,0,100.0,0.0
1102,-2.239999999999996,350,0.0,PREY_WIN,1,0,100.0,0.0
1103,-2.239999999999996,350,0.0,PREY_WIN,1,0,100.0,0.0
1104,28.242499999999993,168,0.0,PREDATOR_WIN,0,1,0.0,45.372500000000265
1105,-2.7999999999999843,350,0.0,PREY_WIN,1,0,100.0,0.0
1106,-3.039999999999979,350,0.0,PREY_WIN,1,0,100.0,0.0
1107,-3.4399999999999706,350,0.0,PREY_WIN,1,0,100.0,0.0
1108,-3.4999999999999694,350,0.0,PREY_WIN,1,1,100.0,10.00000000000018
1109,-2.949999999999981,350,0.0,PREY_WIN,1,0,100.0,0.0
1110,-2.669999999999987,350,0.0,PREY_WIN,1,0,100.0,0.0
1111,-2.259999999999996,350,0.0,PREY_WIN,1,0,100.0,0.0
1112,-2.2199999999999966,350,0.0,PREY_WIN,1,0,100.0,0.0
1113,-2.259999999999996,350,0.0,PREY_WIN,1,0,100.0,0.0
1114,-2.239999999999996,350,0.0,PREY_WIN,1,0,100.0,0.0
1115,-2.209999999999997,350,0.0,PREY_WIN,1,0,100.0,0.0
1116,27.979999999999983,171,0.0,PREDATOR_WIN,0,1,0.0,45.080000000000254
1117,-3.1299999999999772,350,0.0,PREY_WIN,1,0,100.0,0.0
1118,-3.4999999999999694,350,0.0,PREY_WIN,1,1,100.0,15.700000000000365
1119,-3.4899999999999696,350,0.0,PREY_WIN,1,0,100.0,0.0
1120,27.942499999999992,198,0.0,PREDATOR_WIN,0,1,0.0,48.07250000000032
1121,-2.8299999999999836,350,0.0,PREY_WIN,1,0,100.0,0.0
1122,-3.039999999999979,350,0.0,PREY_WIN,1,0,100.0,0.0
1123,29.35499999999999,50,0.0,PREDATOR_WIN,0,1,0.0,89.4649999999999
1124,-3.4999999999999694,350,0.0,PREY_WIN,1,1,100.0,13.900000000000025
1125,-3.4999999999999694,350,0.0,PREY_WIN,1,1,100.0,2.2000000000000464
1126,-3.089999999999978,350,0.0,PREY_WIN,1,0,100.0,0.0
1127,28.20499999999999,165,0.0,PREDATOR_WIN,0,1,0.0,54.965000000000344
1128,-2.569999999999989,350,0.0,PREY_WIN,1,0,100.0,0.0
1129,-3.4999999999999694,350,0.0,PREY_WIN,1,1,100.0,11.800000000000386
1130,-3.4999999999999694,350,0.0,PREY_WIN,1,1,100.0,17.500000000000373
1131,29.232499999999995,69,0.0,PREDATOR_WIN,0,1,0.0,81.25250000000001
1132,-3.4899999999999696,350,0.0,PREY_WIN,1,0,100.0,0.0
1133,29.192499999999995,73,0.0,PREDATOR_WIN,0,1,0.0,80.77250000000001
1134,-3.4999999999999694,350,0.0,PREY_WIN,1,1,100.0,9.400000000000148
1135,-3.4999999999999694,350,0.0,PREY_WIN,1,1,100.0,10.600000000000064
1136,-2.859999999999983,350,0.0,PREY_WIN,1,0,100.0,0.0
1137,28.14249999999999,178,0.0,PREDATOR_WIN,0,1,0.0,49.57250000000022
1138,-2.299999999999995,350,0.0,PREY_WIN,1,0,100.0,0.0
1139,29.559999999999995,43,0.0,PREDATOR_WIN,0,1,0.0,92.83999999999992
1140,-2.9799999999999804,350,0.0,PREY_WIN,1,0,100.0,0.0
1141,-3.4999999999999694,350,0.0,PREY_WIN,1,1,100.0,12.400000000000212
1142,-2.6499999999999875,350,0.0,PREY_WIN,1,0,100.0,0.0
1143,-2.209999999999997,350,0.0,PREY_WIN,1,0,100.0,0.0
1144,29.754999999999992,10,0.0,PREDATOR_WIN,0,1,0.0,100.0
1145,-2.709999999999986,350,0.0,PREY_WIN,1,0,100.0,0.0
1146,-2.4999999999999907,350,0.0,PREY_WIN,1,0,100.0,0.0
1147,-2.869999999999983,350,0.0,PREY_WIN,1,0,100.0,0.0
1148,-2.3699999999999934,350,0.0,PREY_WIN,1,0,100.0,0.0
1149,-2.4099999999999926,350,0.0,PREY_WIN,1,0,100.0,0.0
1150,-2.3099999999999947,350,0.0,PREY_WIN,1,0,100.0,0.0
1151,29.649999999999988,7,0.0,PREDATOR_WIN,0,1,0.0,100.0
1152,-2.4099999999999926,350,0.0,PREY_WIN,1,0,100.0,0.0
1153,-2.239999999999996,350,0.0,PREY_WIN,1,0,100.0,0.0
1154,29.859999999999996,13,0.0,PREDATOR_WIN,0,1,0.0,100.0
1155,-2.5099999999999905,350,0.0,PREY_WIN,1,0,100.0,0.0
1156,-2.4599999999999915,350,0.0,PREY_WIN,1,0,100.0,0.0
1157,-2.349999999999994,350,0.0,PREY_WIN,1,0,100.0,0.0
1158,-2.2799999999999954,350,0.0,PREY_WIN,1,0,100.0,0.0
1159,-2.1799999999999975,350,0.0,PREY_WIN,1,0,100.0,0.0
1160,-2.2699999999999956,350,0.0,PREY_WIN,1,0,100.0,0.0
1161,-2.389999999999993,350,0.0,PREY_WIN,1,0,100.0,0.0
1162,-2.8399999999999834,350,0.0,PREY_WIN,1,0,100.0,0.0
1163,-3.4999999999999694,350,0.0,PREY_WIN,1,1,100.0,0.4000000000002816
1164,28.58499999999998,100,0.0,PREDATOR_WIN,0,1,0.0,76.89499999999995
1165,-3.4999999999999694,350,0.0,PREY_WIN,1,1,100.0,3.1000000000003807
1166,27.96249999999999,196,0.0,PREDATOR_WIN,0,1,0.0,74.71249999999961
1167,27.442500000000003,248,0.0,PREDATOR_WIN,0,1,0.0,45.97250000000015
1168,27.092500000000012,283,0.0,PREDATOR_WIN,0,1,0.0,50.47249999999997
1169,-3.139999999999977,350,0.0,PREY_WIN,1,0,100.0,0.0
1170,-2.249999999999996,350,0.0,PREY_WIN,1,0,100.0,0.0
1171,-3.3399999999999728,350,0.0,PREY_WIN,1,0,100.0,0.0
1172,-3.2999999999999736,350,0.0,PREY_WIN,1,0,100.0,0.0
1173,-3.0599999999999787,350,0.0,PREY_WIN,1,0,100.0,0.0
1174,-2.4099999999999926,350,0.0,PREY_WIN,1,0,100.0,0.0
1175,27.88499999999999,197,0.0,PREDATOR_WIN,0,1,0.0,41.825000000000074
1176,-2.9899999999999802,350,0.0,PREY_WIN,1,0,100.0,0.0
1177,29.71749999999999,7,0.0,PREDATOR_WIN,0,1,0.0,100.0
1178,29.764999999999993,9,0.0,PREDATOR_WIN,0,1,0.0,100.0
1179,-3.4999999999999694,350,0.0,PREY_WIN,1,1,100.0,7.900000000000133
1180,-2.7299999999999858,350,0.0,PREY_WIN,1,0,100.0,0.0
1181,29.899999999999995,3,0.0,PREDATOR_WIN,0,1,0.0,100.0
1182,-2.759999999999985,350,0.0,PREY_WIN,1,0,100.0,0.0
1183,-2.389999999999993,350,0.0,PREY_WIN,1,0,100.0,0.0
1184,29.784999999999993,7,0.0,PREDATOR_WIN,0,1,0.0,100.0
1185,-2.5499999999999896,350,0.0,PREY_WIN,1,0,100.0,0.0
1186,-2.6499999999999875,350,0.0,PREY_WIN,1,0,100.0,0.0
1187,-2.579999999999989,350,0.0,PREY_WIN,1,0,100.0,0.0
1188,-2.5099999999999905,350,0.0,PREY_WIN,1,0,100.0,0.0
1189,-2.669999999999987,350,0.0,PREY_WIN,1,0,100.0,0.0
1190,-2.7499999999999853,350,0.0,PREY_WIN,1,0,100.0,0.0
1191,-2.759999999999985,350,0.0,PREY_WIN,1,0,100.0,0.0
1192,-2.479999999999991,350,0.0,PREY_WIN,1,0,100.0,0.0
1193,-2.5099999999999905,350,0.0,PREY_WIN,1,0,100.0,0.0
1194,-2.159999999999998,350,0.0,PREY_WIN,1,0,100.0,0.0
1195,29.81499999999999,4,0.0,PREDATOR_WIN,0,1,0.0,100.0
1196,-2.859999999999983,350,0.0,PREY_WIN,1,0,100.0,0.0
1197,-3.4999999999999694,350,0.0,PREY_WIN,1,1,100.0,11.500000000000322
1198,-2.7399999999999856,350,0.0,PREY_WIN,1,0,100.0,0.0
1199,-2.289999999999995,350,0.0,PREY_WIN,1,0,100.0,0.0
1200,-2.429999999999992,350,0.0,PREY_WIN,1,0,100.0,0.0
1201,-2.809999999999984,350,0.0,PREY_WIN,1,0,100.0,0.0
1202,-2.5899999999999888,350,0.0,PREY_WIN,1,0,100.0,0.0
1203,29.71749999999999,7,0.0,PREDATOR_WIN,0,1,0.0,100.0
1204,-2.439999999999992,350,0.0,PREY_WIN,1,0,100.0,0.0
1205,-2.4099999999999926,350,0.0,PREY_WIN,1,0,100.0,0.0
1206,-2.569999999999989,350,0.0,PREY_WIN,1,0,100.0,0.0
1207,-2.239999999999996,350,0.0,PREY_WIN,1,0,100.0,0.0
1208,-2.4199999999999924,350,0.0,PREY_WIN,1,0,100.0,0.0
1209,-2.339999999999994,350,0.0,PREY_WIN,1,0,100.0,0.0
1210,-2.209999999999997,350,0.0,PREY_WIN,1,0,100.0,0.0
1211,-2.289999999999995,350,0.0,PREY_WIN,1,0,100.0,0.0
1212,28.53499999999999,132,0.0,PREDATOR_WIN,0,1,0.0,58.32500000000029
1213,23.96499999999983,163,0.0,PREDATOR_WIN,0,1,0.0,82.44499999999925
1214,-2.759999999999985,350,0.0,PREY_WIN,1,0,100.0,0.0
1215,28.482499999999995,144,0.0,PREDATOR_WIN,0,1,0.0,57.55250000000026
1216,28.562499999999993,136,0.0,PREDATOR_WIN,0,1,0.0,72.31249999999999
1217,28.022499999999994,190,0.0,PREDATOR_WIN,0,1,0.0,55.93249999999998
1218,-3.4999999999999694,350,0.0,PREY_WIN,1,1,100.0,24.1000000000001
1219,-3.4999999999999694,350,0.0,PREY_WIN,1,1,100.0,26.200000000000507
1220,-3.4999999999999694,350,0.0,PREY_WIN,1,1,100.0,24.100000000000243
1221,28.019999999999996,197,0.0,PREDATOR_WIN,0,1,0.0,50.96000000000029
1222,-3.1099999999999777,350,0.0,PREY_WIN,1,0,100.0,0.0
1223,-3.4999999999999694,350,0.0,PREY_WIN,1,1,100.0,2.2000000000003483
1224,-2.5999999999999885,350,0.0,PREY_WIN,1,0,100.0,0.0
1225,-2.899999999999982,350,0.0,PREY_WIN,1,0,100.0,0.0
1226,-2.5599999999999894,350,0.0,PREY_WIN,1,0,100.0,0.0
1227,-2.53999999999999,350,0.0,PREY_WIN,1,0,100.0,0.0
1228,-2.6399999999999877,350,0.0,PREY_WIN,1,0,100.0,0.0
1229,-2.4999999999999907,350,0.0,PREY_WIN,1,0,100.0,0.0
1230,-2.5899999999999888,350,0.0,PREY_WIN,1,0,100.0,0.0
1231,-2.1399999999999983,350,0.0,PREY_WIN,1,0,100.0,0.0
1232,-2.1699999999999977,350,0.0,PREY_WIN,1,0,100.0,0.0
1233,29.902499999999993,2,0.0,PREDATOR_WIN,0,1,0.0,100.0
1234,-2.159999999999998,350,0.0,PREY_WIN,1,0,100.0,0.0
1235,-2.399999999999993,350,0.0,PREY_WIN,1,0,100.0,0.0
1236,-2.1699999999999977,350,0.0,PREY_WIN,1,0,100.0,0.0
1237,-2.1899999999999973,350,0.0,PREY_WIN,1,0,100.0,0.0
1238,-2.1899999999999973,350,0.0,PREY_WIN,1,0,100.0,0.0
1239,-2.239999999999996,350,0.0,PREY_WIN,1,0,100.0,0.0
1240,-2.1899999999999973,350,0.0,PREY_WIN,1,0,100.0,0.0
1241,-2.209999999999997,350,0.0,PREY_WIN,1,0,100.0,0.0
1242,-2.209999999999997,350,0.0,PREY_WIN,1,0,100.0,0.0
1243,-2.239999999999996,350,0.0,PREY_WIN,1,0,100.0,0.0
1244,-2.239999999999996,350,0.0,PREY_WIN,1,0,100.0,0.0
1245,28.992499999999993,93,0.0,PREDATOR_WIN,0,1,0.0,75.67250000000004
1246,-2.9799999999999804,350,0.0,PREY_WIN,1,0,100.0,0.0
1247,-2.7899999999999845,350,0.0,PREY_WIN,1,0,100.0,0.0
1248,-2.6899999999999866,350,0.0,PREY_WIN,1,0,100.0,0.0
1249,28.822499999999994,110,0.0,PREDATOR_WIN,0,1,0.0,72.43250000000006
1250,-2.8899999999999824,350,0.0,PREY_WIN,1,0,99.72999999999999,0.0
1251,-3.4999999999999694,350,0.0,PREY_WIN,1,1,100.0,6.400000000000178
1252,-2.3799999999999932,350,0.0,PREY_WIN,1,0,100.0,0.0
1253,-2.239999999999996,350,0.0,PREY_WIN,1,0,100.0,0.0
1254,-2.5599999999999894,350,0.0,PREY_WIN,1,0,100.0,0.0
1255,-2.479999999999991,350,0.0,PREY_WIN,1,0,100.0,0.0
1256,28.652499999999993,127,0.0,PREDATOR_WIN,0,1,0.0,63.492500000000206
1257,-3.289999999999974,350,0.0,PREY_WIN,1,0,100.0,0.0
1258,-3.4999999999999694,350,0.0,PREY_WIN,1,1,100.0,5.800000000000211
1259,-2.5599999999999894,350,0.0,PREY_WIN,1,0,100.0,0.0
1260,-2.679999999999987,350,0.0,PREY_WIN,1,0,100.0,0.0
1261,29.919999999999998,7,0.0,PREDATOR_WIN,0,1,0.0,100.0
1262,-2.3599999999999937,350,0.0,PREY_WIN,1,0,100.0,0.0
1263,-2.53999999999999,350,0.0,PREY_WIN,1,0,100.0,0.0
1264,-2.6899999999999866,350,0.0,PREY_WIN,1,0,100.0,0.0
1265,-3.00999999999998,350,0.0,PREY_WIN,1,0,100.0,0.0
1266,-2.7299999999999858,350,0.0,PREY_WIN,1,0,100.0,0.0
1267,-2.199999999999997,350,0.0,PREY_WIN,1,0,100.0,0.0
1268,-2.759999999999985,350,0.0,PREY_WIN,1,0,100.0,0.0
1269,-2.1899999999999973,350,0.0,PREY_WIN,1,0,100.0,0.0
1270,28.312499999999993,161,0.0,PREDATOR_WIN,0,1,0.0,58.21250000000015
1271,-2.53999999999999,350,0.0,PREY_WIN,1,0,100.0,0.0
1272,-2.6399999999999877,350,0.0,PREY_WIN,1,0,100.0,0.0
1273,-3.3399999999999728,350,0.0,PREY_WIN,1,0,100.0,0.0
1274,28.959999999999987,76,0.0,PREDATOR_WIN,0,1,0.0,83.20999999999992
1275,-3.4999999999999694,350,0.0,PREY_WIN,1,1,100.0,20.799999999999986
1276,-3.3599999999999723,350,0.0,PREY_WIN,1,0,100.0,0.0
1277,-2.909999999999982,350,0.0,PREY_WIN,1,0,100.0,0.0
1278,27.190000000000012,277,0.0,PREDATOR_WIN,0,1,0.0,57.82999999999984
1279,-3.179999999999976,350,0.0,PREY_WIN,1,0,100.0,0.0
1280,-2.869999999999983,350,0.0,PREY_WIN,1,0,100.0,0.0
1281,-3.099999999999978,350,0.0,PREY_WIN,1,0,100.0,0.0
1282,-2.5499999999999896,350,0.0,PREY_WIN,1,0,100.0,0.0
1283,-2.4099999999999926,350,0.0,PREY_WIN,1,0,100.0,0.0
1284,29.15499999999999,70,0.0,PREDATOR_WIN,0,1,0.0,86.76499999999986
1285,29.72749999999999,6,0.0,PREDATOR_WIN,0,1,0.0,100.0
1286,-3.4999999999999694,350,0.0,PREY_WIN,1,1,100.0,9.09999999999992
1287,29.57749999999999,21,0.0,PREDATOR_WIN,0,1,0.0,100.0
1288,28.392499999999995,153,0.0,PREDATOR_WIN,0,1,0.0,81.37249999999972
1289,29.59499999999999,26,0.0,PREDATOR_WIN,0,1,0.0,99.54499999999994
1290,-3.4999999999999694,350,0.0,PREY_WIN,1,1,100.0,11.800000000000344
1291,28.12249999999999,180,0.0,PREDATOR_WIN,0,1,0.0,70.03249999999986
1292,-3.2999999999999736,350,0.0,PREY_WIN,1,0,100.0,0.0
1293,-3.239999999999975,350,0.0,PREY_WIN,1,0,100.0,0.0
1294,-2.53999999999999,350,0.0,PREY_WIN,1,0,100.0,0.0
1295,-2.6999999999999864,350,0.0,PREY_WIN,1,0,100.0,0.0
1296,28.572499999999994,135,0.0,PREDATOR_WIN,0,1,0.0,58.33250000000026
1297,-3.4999999999999694,350,0.0,PREY_WIN,1,1,100.0,1.9000000000001103
1298,-3.4999999999999694,350,0.0,PREY_WIN,1,1,100.0,2.500000000000279
1299,-2.6899999999999866,350,0.0,PREY_WIN,1,0,100.0,0.0
1300,-2.4699999999999913,350,0.0,PREY_WIN,1,0,100.0,0.0
1301,-2.439999999999992,350,0.0,PREY_WIN,1,0,100.0,0.0
1302,27.959999999999994,200,0.0,PREDATOR_WIN,0,1,0.0,48.77000000000011
1303,29.902499999999993,2,0.0,PREDATOR_WIN,0,1,0.0,100.0
1304,-2.819999999999984,350,0.0,PREY_WIN,1,0,100.0,0.0
1305,-3.4999999999999694,350,0.0,PREY_WIN,1,1,100.0,22.00000000000014
1306,-3.4999999999999694,350,0.0,PREY_WIN,1,1,100.0,4.6000000000000885
1307,-2.489999999999991,350,0.0,PREY_WIN,1,0,100.0,0.0
1308,-2.4099999999999926,350,0.0,PREY_WIN,1,0,100.0,0.0
1309,-2.3599999999999937,350,0.0,PREY_WIN,1,0,100.0,0.0
1310,-2.959999999999981,350,0.0,PREY_WIN,1,0,100.0,0.0
1311,-2.53999999999999,350,0.0,PREY_WIN,1,0,100.0,0.0
1312,28.27499999999999,158,0.0,PREDATOR_WIN,0,1,0.0,49.205000000000254
1313,-3.4999999999999694,350,0.0,PREY_WIN,1,1,100.0,3.1000000000002252
1314,-3.4999999999999694,350,0.0,PREY_WIN,1,1,100.0,4.600000000000327
1315,-2.5599999999999894,350,0.0,PREY_WIN,1,0,94.50999999999979,0.0
1316,-2.299999999999995,350,0.0,PREY_WIN,1,0,100.0,0.0
1317,-2.4199999999999924,350,0.0,PREY_WIN,1,0,100.0,0.0
1318,-2.809999999999984,350,0.0,PREY_WIN,1,0,100.0,0.0
1319,29.052499999999995,87,0.0,PREDATOR_WIN,0,1,0.0,76.39250000000004
1320,28.234999999999975,120,0.0,PREDATOR_WIN,0,1,0.0,63.545000000000186
1321,-3.4999999999999694,350,0.0,PREY_WIN,1,1,100.0,5.500000000000009
1322,-3.4999999999999694,350,0.0,PREY_WIN,1,1,100.0,21.099999999999955
1323,-3.289999999999974,350,0.0,PREY_WIN,1,0,100.0,0.0
1324,-2.4099999999999926,350,0.0,PREY_WIN,1,0,100.0,0.0
1325,-2.1399999999999983,350,0.0,PREY_WIN,1,0,100.0,0.0
1326,-2.3599999999999937,350,0.0,PREY_WIN,1,0,100.0,0.0
1327,-2.1699999999999977,350,0.0,PREY_WIN,1,0,100.0,0.0
1328,-2.249999999999996,350,0.0,PREY_WIN,1,0,100.0,0.0
1329,-2.53999999999999,350,0.0,PREY_WIN,1,0,100.0,0.0
1330,-2.3299999999999943,350,0.0,PREY_WIN,1,0,100.0,0.0
1331,-2.1899999999999973,350,0.0,PREY_WIN,1,0,100.0,0.0
1332,-2.339999999999994,350,0.0,PREY_WIN,1,0,100.0,0.0
1333,29.802499999999995,12,0.0,PREDATOR_WIN,0,1,0.0,100.0
1334,-2.159999999999998,350,0.0,PREY_WIN,1,0,100.0,0.0
1335,-2.4699999999999913,350,0.0,PREY_WIN,1,0,100.0,0.0
1336,-2.1399999999999983,350,0.0,PREY_WIN,1,0,100.0,0.0
1337,-2.159999999999998,350,0.0,PREY_WIN,1,0,100.0,0.0
1338,-2.289999999999995,350,0.0,PREY_WIN,1,0,100.0,0.0
1339,-2.1699999999999977,350,0.0,PREY_WIN,1,0,100.0,0.0
1340,-2.209999999999997,350,0.0,PREY_WIN,1,0,100.0,0.0
1341,-2.259999999999996,350,0.0,PREY_WIN,1,0,100.0,0.0
1342,-2.1299999999999986,350,0.0,PREY_WIN,1,0,100.0,0.0
1343,-2.199999999999997,350,0.0,PREY_WIN,1,0,100.0,0.0
1344,-2.4499999999999917,350,0.0,PREY_WIN,1,0,99.72999999999999,0.0
1345,27.297499999999967,192,0.0,PREDATOR_WIN,0,1,0.0,34.58750000000023
1346,-2.899999999999982,350,0.0,PREY_WIN,1,0,100.0,0.0
1347,-2.9799999999999804,350,0.0,PREY_WIN,1,0,100.0,0.0
1348,-2.259999999999996,350,0.0,PREY_WIN,1,0,100.0,0.0
1349,-2.1899999999999973,350,0.0,PREY_WIN,1,0,100.0,0.0
1350,-2.159999999999998,350,0.0,PREY_WIN,1,0,100.0,0.0
1351,-2.1399999999999983,350,0.0,PREY_WIN,1,0,100.0,0.0
1352,-2.8399999999999834,350,0.0,PREY_WIN,1,0,100.0,0.0
1353,-3.0299999999999794,350,0.0,PREY_WIN,1,0,100.0,0.0
1354,-2.6099999999999883,350,0.0,PREY_WIN,1,0,100.0,0.0
1355,-3.089999999999978,350,0.0,PREY_WIN,1,0,100.0,0.0
1356,-3.3599999999999723,350,0.0,PREY_WIN,1,0,100.0,0.0
1357,-2.5499999999999896,350,0.0,PREY_WIN,1,0,100.0,0.0
1358,29.182499999999994,74,0.0,PREDATOR_WIN,0,1,0.0,83.05249999999995
1359,-3.2699999999999743,350,0.0,PREY_WIN,1,0,100.0,0.0
1360,-2.8899999999999824,350,0.0,PREY_WIN,1,0,100.0,0.0
1361,-2.709999999999986,350,0.0,PREY_WIN,1,0,100.0,0.0
1362,-2.9899999999999802,350,0.0,PREY_WIN,1,0,100.0,0.0
1363,-2.4999999999999907,350,0.0,PREY_WIN,1,0,100.0,0.0
1364,-2.3699999999999934,350,0.0,PREY_WIN,1,0,100.0,0.0
1365,-2.2199999999999966,350,0.0,PREY_WIN,1,0,100.0,0.0
1366,-2.1799999999999975,350,0.0,PREY_WIN,1,0,100.0,0.0
1367,-2.6999999999999864,350,0.0,PREY_WIN,1,0,99.72999999999999,0.0
1368,-2.959999999999981,350,0.0,PREY_WIN,1,0,100.0,0.0
1369,-2.709999999999986,350,0.0,PREY_WIN,1,0,100.0,0.0
1370,-2.6399999999999877,350,0.0,PREY_WIN,1,0,100.0,0.0
1371,29.222499999999993,70,0.0,PREDATOR_WIN,0,1,0.0,82.93249999999996
1372,27.6225,230,0.0,PREDATOR_WIN,0,1,0.0,55.33250000000004
1373,-2.439999999999992,350,0.0,PREY_WIN,1,0,100.0,0.0
1374,-3.4999999999999694,350,0.0,PREY_WIN,1,1,100.0,25.299999999999894
1375,29.052499999999995,87,0.0,PREDATOR_WIN,0,1,0.0,73.69250000000011
1376,-2.1199999999999988,350,0.0,PREY_WIN,1,0,100.0,0.0
1377,-2.5099999999999905,350,0.0,PREY_WIN,1,0,100.0,0.0
1378,-2.859999999999983,350,0.0,PREY_WIN,1,0,100.0,0.0
1379,-2.6599999999999873,350,0.0,PREY_WIN,1,0,100.0,0.0
1380,-2.159999999999998,350,0.0,PREY_WIN,1,0,100.0,0.0
1381,-2.4099999999999926,350,0.0,PREY_WIN,1,0,100.0,0.0
1382,-2.5599999999999894,350,0.0,PREY_WIN,1,0,100.0,0.0
1383,-2.3099999999999947,350,0.0,PREY_WIN,1,0,100.0,0.0
1384,-2.349999999999994,350,0.0,PREY_WIN,1,0,100.0,0.0
1385,-2.349999999999994,350,0.0,PREY_WIN,1,0,100.0,0.0
1386,-2.3299999999999943,350,0.0,PREY_WIN,1,0,100.0,0.0
1387,-2.3599999999999937,350,0.0,PREY_WIN,1,0,100.0,0.0
1388,-2.259999999999996,350,0.0,PREY_WIN,1,0,100.0,0.0
1389,-2.289999999999995,350,0.0,PREY_WIN,1,0,99.72999999999999,0.0
1390,-2.3099999999999947,350,0.0,PREY_WIN,1,0,100.0,0.0
1391,-2.4699999999999913,350,0.0,PREY_WIN,1,0,100.0,0.0
1392,-2.3099999999999947,350,0.0,PREY_WIN,1,0,100.0,0.0
1393,-2.259999999999996,350,0.0,PREY_WIN,1,0,100.0,0.0
1394,-2.289999999999995,350,0.0,PREY_WIN,1,0,100.0,0.0
1395,-2.249999999999996,350,0.0,PREY_WIN,1,0,100.0,0.0
1396,-2.5099999999999905,350,0.0,PREY_WIN,1,0,100.0,0.0
1397,-2.5899999999999888,350,0.0,PREY_WIN,1,0,100.0,0.0
1398,-2.809999999999984,350,0.0,PREY_WIN,1,0,100.0,0.0
1399,-2.209999999999997,350,0.0,PREY_WIN,1,0,100.0,0.0
1400,28.78249999999999,114,0.0,PREDATOR_WIN,0,1,0.0,63.55250000000022
1401,29.81499999999999,4,0.0,PREDATOR_WIN,0,1,0.0,100.0
1402,-3.089999999999978,350,0.0,PREY_WIN,1,0,100.0,0.0
1403,-3.2599999999999745,350,0.0,PREY_WIN,1,0,100.0,0.0
1404,-2.1399999999999983,350,0.0,PREY_WIN,1,0,100.0,0.0
1405,-2.389999999999993,350,0.0,PREY_WIN,1,0,100.0,0.0
1406,-2.4699999999999913,350,0.0,PREY_WIN,1,0,100.0,0.0
1407,-2.159999999999998,350,0.0,PREY_WIN,1,0,100.0,0.0
1408,-2.149999999999998,350,0.0,PREY_WIN,1,0,100.0,0.0
1409,-2.239999999999996,350,0.0,PREY_WIN,1,0,100.0,0.0
1410,29.72749999999999,6,0.0,PREDATOR_WIN,0,1,0.0,100.0
1411,-2.1799999999999975,350,0.0,PREY_WIN,1,0,100.0,0.0
1412,-2.1799999999999975,350,0.0,PREY_WIN,1,0,100.0,0.0
1413,27.722499999999997,220,0.0,PREDATOR_WIN,0,1,0.0,25.032500000000265
1414,-2.8899999999999824,350,0.0,PREY_WIN,1,0,100.0,0.0
1415,-3.4999999999999694,350,0.0,PREY_WIN,1,1,100.0,4.900000000000237
1416,-3.4999999999999694,350,0.0,PREY_WIN,1,1,100.0,10.300000000000185
1417,29.892499999999995,3,0.0,PREDATOR_WIN,0,1,0.0,100.0
1418,-3.239999999999975,350,0.0,PREY_WIN,1,0,100.0,0.0
1419,-2.959999999999981,350,0.0,PREY_WIN,1,0,100.0,0.0
1420,-2.8899999999999824,350,0.0,PREY_WIN,1,0,100.0,0.0
1421,-2.209999999999997,350,0.0,PREY_WIN,1,0,100.0,0.0
1422,-2.3299999999999943,350,0.0,PREY_WIN,1,0,100.0,0.0
1423,-2.199999999999997,350,0.0,PREY_WIN,1,0,100.0,0.0
1424,-2.1899999999999973,350,0.0,PREY_WIN,1,0,100.0,0.0
1425,-2.439999999999992,350,0.0,PREY_WIN,1,0,100.0,0.0
1426,29.73749999999999,5,0.0,PREDATOR_WIN,0,1,0.0,100.0
1427,-2.1899999999999973,350,0.0,PREY_WIN,1,0,100.0,0.0
1428,-2.339999999999994,350,0.0,PREY_WIN,1,0,100.0,0.0
1429,-2.2699999999999956,350,0.0,PREY_WIN,1,0,100.0,0.0
1430,-2.1799999999999975,350,0.0,PREY_WIN,1,0,100.0,0.0
1431,-3.189999999999976,350,0.0,PREY_WIN,1,0,100.0,0.0
1432,-2.869999999999983,350,0.0,PREY_WIN,1,0,100.0,0.0
1433,-2.809999999999984,350,0.0,PREY_WIN,1,0,99.72999999999999,0.0
1434,29.902499999999993,2,0.0,PREDATOR_WIN,0,1,0.0,100.0
1435,-2.8399999999999834,350,0.0,PREY_WIN,1,0,100.0,0.0
1436,-2.9799999999999804,350,0.0,PREY_WIN,1,0,100.0,0.0
1437,-2.159999999999998,350,0.0,PREY_WIN,1,0,100.0,0.0
1438,-2.339999999999994,350,0.0,PREY_WIN,1,0,100.0,0.0
1439,-2.289999999999995,350,0.0,PREY_WIN,1,0,100.0,0.0
1440,-2.239999999999996,350,0.0,PREY_WIN,1,0,100.0,0.0
1441,-2.1699999999999977,350,0.0,PREY_WIN,1,0,100.0,0.0
1442,-2.3199999999999945,350,0.0,PREY_WIN,1,0,100.0,0.0
1443,-2.289999999999995,350,0.0,PREY_WIN,1,0,100.0,0.0
1444,-2.209999999999997,350,0.0,PREY_WIN,1,0,100.0,0.0
1445,-2.239999999999996,350,0.0,PREY_WIN,1,0,100.0,0.0
1446,-2.1399999999999983,350,0.0,PREY_WIN,1,0,100.0,0.0
1447,29.70499999999999,15,0.0,PREDATOR_WIN,0,1,0.0,100.0
1448,-2.4599999999999915,350,0.0,PREY_WIN,1,0,100.0,0.0
1449,-2.149999999999998,350,0.0,PREY_WIN,1,0,100.0,0.0
1450,-2.3199999999999945,350,0.0,PREY_WIN,1,0,100.0,0.0
1451,-2.439999999999992,350,0.0,PREY_WIN,1,0,100.0,0.0
1452,-2.2699999999999956,350,0.0,PREY_WIN,1,0,100.0,0.0
1453,-2.2199999999999966,350,0.0,PREY_WIN,1,0,100.0,0.0
1454,-2.4499999999999917,350,0.0,PREY_WIN,1,0,100.0,0.0
1455,-2.239999999999996,350,0.0,PREY_WIN,1,0,100.0,0.0
1456,-2.3299999999999943,350,0.0,PREY_WIN,1,0,100.0,0.0
1457,-2.209999999999997,350,0.0,PREY_WIN,1,0,100.0,0.0
1458,-2.429999999999992,350,0.0,PREY_WIN,1,0,100.0,0.0
1459,-2.2699999999999956,350,0.0,PREY_WIN,1,0,100.0,0.0
1460,-2.2199999999999966,350,0.0,PREY_WIN,1,0,100.0,0.0
1461,-2.259999999999996,350,0.0,PREY_WIN,1,0,100.0,0.0
1462,27.88499999999998,170,0.0,PREDATOR_WIN,0,1,0.0,42.09500000000024
1463,-2.479999999999991,350,0.0,PREY_WIN,1,0,100.0,0.0
1464,-3.4999999999999694,350,0.0,PREY_WIN,1,1,100.0,15.100000000000344
1465,-3.4999999999999694,350,0.0,PREY_WIN,1,1,100.0,25.300000000000015
1466,-2.5199999999999902,350,0.0,PREY_WIN,1,0,100.0,0.0
1467,-3.1299999999999772,350,0.0,PREY_WIN,1,0,100.0,0.0
1468,29.784999999999993,7,0.0,PREDATOR_WIN,0,1,0.0,100.0
1469,-2.249999999999996,350,0.0,PREY_WIN,1,0,100.0,0.0
1470,-2.2699999999999956,350,0.0,PREY_WIN,1,0,100.0,0.0
1471,-2.389999999999993,350,0.0,PREY_WIN,1,0,100.0,0.0
1472,-2.629999999999988,350,0.0,PREY_WIN,1,0,100.0,0.0
1473,-2.149999999999998,350,0.0,PREY_WIN,1,0,100.0,0.0
1474,29.74499999999999,11,0.0,PREDATOR_WIN,0,1,0.0,100.0
1475,-2.4599999999999915,350,0.0,PREY_WIN,1,0,100.0,0.0
1476,29.81499999999999,4,0.0,PREDATOR_WIN,0,1,0.0,100.0
1477,-2.2199999999999966,350,0.0,PREY_WIN,1,0,100.0,0.0
1478,-2.249999999999996,350,0.0,PREY_WIN,1,0,100.0,0.0
1479,-2.2699999999999956,350,0.0,PREY_WIN,1,0,100.0,0.0
1480,-2.339999999999994,350,0.0,PREY_WIN,1,0,100.0,0.0
1481,-2.5599999999999894,350,0.0,PREY_WIN,1,0,100.0,0.0
1482,-2.429999999999992,350,0.0,PREY_WIN,1,0,100.0,0.0
1483,-2.4999999999999907,350,0.0,PREY_WIN,1,0,100.0,0.0
1484,-2.209999999999997,350,0.0,PREY_WIN,1,0,100.0,0.0
1485,-2.1899999999999973,350,0.0,PREY_WIN,1,0,100.0,0.0
1486,-2.389999999999993,350,0.0,PREY_WIN,1,0,100.0,0.0
1487,-2.1899999999999973,350,0.0,PREY_WIN,1,0,100.0,0.0
1488,-2.209999999999997,350,0.0,PREY_WIN,1,0,100.0,0.0
1489,-2.1799999999999975,350,0.0,PREY_WIN,1,0,100.0,0.0
1490,-2.339999999999994,350,0.0,PREY_WIN,1,0,100.0,0.0
1491,29.71249999999999,18,0.0,PREDATOR_WIN,0,1,0.0,100.0
1492,-2.149999999999998,350,0.0,PREY_WIN,1,0,100.0,0.0
1493,29.534999999999982,11,0.0,PREDATOR_WIN,0,1,0.0,100.0
1494,-2.259999999999996,350,0.0,PREY_WIN,1,0,100.0,0.0
1495,-2.3099999999999947,350,0.0,PREY_WIN,1,0,100.0,0.0
1496,-2.1899999999999973,350,0.0,PREY_WIN,1,0,100.0,0.0
1497,-2.1899999999999973,350,0.0,PREY_WIN,1,0,100.0,0.0
1498,-2.199999999999997,350,0.0,PREY_WIN,1,0,100.0,0.0
1499,-2.4099999999999926,350,0.0,PREY_WIN,1,0,100.0,0.0
1500,-2.2199999999999966,350,0.0,PREY_WIN,1,0,100.0,0.0
1501,-2.339999999999994,350,0.0,PREY_WIN,1,0,100.0,0.0
1502,-2.1899999999999973,350,0.0,PREY_WIN,1,0,99.72999999999999,0.0
1503,-2.149999999999998,350,0.0,PREY_WIN,1,0,100.0,0.0
1504,-2.259999999999996,350,0.0,PREY_WIN,1,0,100.0,0.0
1505,28.672499999999992,125,0.0,PREDATOR_WIN,0,1,0.0,61.332500000000266
1506,-3.139999999999977,350,0.0,PREY_WIN,1,0,100.0,0.0
1507,-3.4999999999999694,350,0.0,PREY_WIN,1,1,100.0,16.299999999999855
1508,-3.4999999999999694,350,0.0,PREY_WIN,1,1,100.0,20.49999999999993
1509,29.592499999999994,33,0.0,PREDATOR_WIN,0,1,0.0,96.37249999999995
1510,-3.4999999999999694,350,0.0,PREY_WIN,1,1,100.0,3.6999999999998616
1511,-2.439999999999992,350,0.0,PREY_WIN,1,0,100.0,0.0
1512,-3.2599999999999745,350,0.0,PREY_WIN,1,0,100.0,0.0
1513,-2.9199999999999817,350,0.0,PREY_WIN,1,0,100.0,0.0
1514,-2.349999999999994,350,0.0,PREY_WIN,1,0,100.0,0.0
1515,-3.1599999999999766,350,0.0,PREY_WIN,1,0,100.0,0.0
1516,-3.00999999999998,350,0.0,PREY_WIN,1,0,100.0,0.0
1517,28.892499999999995,103,0.0,PREDATOR_WIN,0,1,0.0,73.87250000000003
1518,-3.2099999999999755,350,0.0,PREY_WIN,1,0,100.0,0.0
1519,-3.089999999999978,350,0.0,PREY_WIN,1,0,100.0,0.0
1520,-2.4599999999999915,350,0.0,PREY_WIN,1,0,100.0,0.0
1521,-2.109999999999999,350,0.0,PREY_WIN,1,0,100.0,0.0
1522,-2.439999999999992,350,0.0,PREY_WIN,1,0,100.0,0.0
1523,-2.52999999999999,350,0.0,PREY_WIN,1,0,100.0,0.0
1524,-2.669999999999987,350,0.0,PREY_WIN,1,0,100.0,0.0
1525,-2.099999999999999,350,0.0,PREY_WIN,1,0,100.0,0.0
1526,-2.2299999999999964,350,0.0,PREY_WIN,1,0,100.0,0.0
1527,-2.259999999999996,350,0.0,PREY_WIN,1,0,100.0,0.0
1528,-2.4099999999999926,350,0.0,PREY_WIN,1,0,100.0,0.0
1529,-2.3099999999999947,350,0.0,PREY_WIN,1,0,100.0,0.0
1530,-2.239999999999996,350,0.0,PREY_WIN,1,0,99.72999999999999,0.0
1531,-2.3699999999999934,350,0.0,PREY_WIN,1,0,100.0,0.0
1532,-2.299999999999995,350,0.0,PREY_WIN,1,0,100.0,0.0
1533,28.382499999999993,154,0.0,PREDATOR_WIN,0,1,0.0,52.1525000000003
1534,-2.339999999999994,350,0.0,PREY_WIN,1,0,100.0,0.0
1535,-3.45999999999997,350,0.0,PREY_WIN,1,0,100.0,0.0
1536,-3.1599999999999766,350,0.0,PREY_WIN,1,0,100.0,0.0
1537,-3.2499999999999747,350,0.0,PREY_WIN,1,0,100.0,0.0
1538,-2.6999999999999864,350,0.0,PREY_WIN,1,0,100.0,0.0
1539,-2.3699999999999934,350,0.0,PREY_WIN,1,0,100.0,0.0
1540,-2.2799999999999954,350,0.0,PREY_WIN,1,0,100.0,0.0
1541,-2.389999999999993,350,0.0,PREY_WIN,1,0,99.72999999999999,0.0
1542,-2.2799999999999954,350,0.0,PREY_WIN,1,0,100.0,0.0
1543,-2.149999999999998,350,0.0,PREY_WIN,1,0,100.0,0.0
1544,-2.0799999999999996,350,0.0,PREY_WIN,1,0,100.0,0.0
1545,-2.209999999999997,350,0.0,PREY_WIN,1,0,100.0,0.0
1546,-2.159999999999998,350,0.0,PREY_WIN,1,0,100.0,0.0
1547,-2.1899999999999973,350,0.0,PREY_WIN,1,0,100.0,0.0
1548,28.792499999999993,113,0.0,PREDATOR_WIN,0,1,0.0,69.97250000000008
1549,-3.4999999999999694,350,0.0,PREY_WIN,1,1,100.0,3.400000000000346
1550,-3.4999999999999694,350,0.0,PREY_WIN,1,1,100.0,15.700000000000456
1551,29.35499999999999,50,0.0,PREDATOR_WIN,0,1,0.0,92.16499999999988
1552,29.764999999999993,9,0.0,PREDATOR_WIN,0,1,0.0,100.0
1553,-2.99999999999998,350,0.0,PREY_WIN,1,0,100.0,0.0
1554,29.747499999999988,4,0.0,PREDATOR_WIN,0,1,0.0,100.0
1555,-2.5599999999999894,350,0.0,PREY_WIN,1,0,100.0,0.0
1556,-3.4999999999999694,350,0.0,PREY_WIN,1,1,100.0,0.6999999999999468
1557,29.882499999999993,4,0.0,PREDATOR_WIN,0,1,0.0,100.0
1558,-2.759999999999985,350,0.0,PREY_WIN,1,0,100.0,0.0
1559,-2.1899999999999973,350,0.0,PREY_WIN,1,0,100.0,0.0
1560,-2.2699999999999956,350,0.0,PREY_WIN,1,0,100.0,0.0
1561,-2.349999999999994,350,0.0,PREY_WIN,1,0,100.0,0.0
1562,-2.3199999999999945,350,0.0,PREY_WIN,1,0,100.0,0.0
1563,28.647499999999987,114,0.0,PREDATOR_WIN,0,1,0.0,62.21750000000025
1564,29.49499999999999,36,0.0,PREDATOR_WIN,0,1,0.0,100.0
1565,-3.289999999999974,350,0.0,PREY_WIN,1,0,100.0,0.0
1566,-3.1199999999999775,350,0.0,PREY_WIN,1,0,100.0,0.0
1567,-2.439999999999992,350,0.0,PREY_WIN,1,0,100.0,0.0
1568,-2.5099999999999905,350,0.0,PREY_WIN,1,0,99.72999999999999,0.0
1569,-2.4099999999999926,350,0.0,PREY_WIN,1,0,100.0,0.0
1570,-2.389999999999993,350,0.0,PREY_WIN,1,0,100.0,0.0
1571,-2.299999999999995,350,0.0,PREY_WIN,1,0,100.0,0.0
1572,-2.3099999999999947,350,0.0,PREY_WIN,1,0,100.0,0.0
1573,-2.1899999999999973,350,0.0,PREY_WIN,1,0,100.0,0.0
1574,-2.389999999999993,350,0.0,PREY_WIN,1,0,100.0,0.0
1575,-2.159999999999998,350,0.0,PREY_WIN,1,0,100.0,0.0
1576,29.299999999999997,69,0.0,PREDATOR_WIN,0,1,0.0,83.11999999999998
1577,28.214999999999968,107,0.0,PREDATOR_WIN,0,1,0.0,70.35500000000008
1578,-3.4999999999999694,350,0.0,PREY_WIN,1,1,100.0,8.800000000000146
1579,-3.229999999999975,350,0.0,PREY_WIN,1,0,100.0,0.0
1580,-3.4999999999999694,350,0.0,PREY_WIN,1,1,100.0,7.599999999999892
1581,-2.2299999999999964,350,0.0,PREY_WIN,1,0,100.0,0.0
1582,-2.3199999999999945,350,0.0,PREY_WIN,1,0,100.0,0.0
1583,29.279999999999998,71,0.0,PREDATOR_WIN,0,1,0.0,81.08000000000001
1584,-3.3599999999999723,350,0.0,PREY_WIN,1,0,100.0,0.0
1585,-2.9899999999999802,350,0.0,PREY_WIN,1,0,100.0,0.0
1586,-2.579999999999989,350,0.0,PREY_WIN,1,0,100.0,0.0
1587,-2.439999999999992,350,0.0,PREY_WIN,1,0,100.0,0.0
1588,29.71749999999999,7,0.0,PREDATOR_WIN,0,1,0.0,100.0
1589,29.242499999999993,68,0.0,PREDATOR_WIN,0,1,0.0,81.9725
1590,-2.809999999999984,350,0.0,PREY_WIN,1,0,100.0,0.0
1591,-3.4499999999999704,350,0.0,PREY_WIN,1,0,99.88,0.0
1592,-3.4099999999999713,350,0.0,PREY_WIN,1,0,100.0,0.0
1593,-3.3599999999999723,350,0.0,PREY_WIN,1,0,100.0,0.0
1594,-2.299999999999995,350,0.0,PREY_WIN,1,0,100.0,0.0
1595,-2.149999999999998,350,0.0,PREY_WIN,1,0,100.0,0.0
1596,-2.4599999999999915,350,0.0,PREY_WIN,1,0,100.0,0.0
1597,-2.289999999999995,350,0.0,PREY_WIN,1,0,100.0,0.0
1598,-2.709999999999986,350,0.0,PREY_WIN,1,0,100.0,0.0
1599,-3.0199999999999796,350,0.0,PREY_WIN,1,0,100.0,0.0
1600,-2.959999999999981,350,0.0,PREY_WIN,1,0,100.0,0.0
1601,-2.389999999999993,350,0.0,PREY_WIN,1,0,100.0,0.0
1602,-2.239999999999996,350,0.0,PREY_WIN,1,0,100.0,0.0
1603,29.79499999999999,6,0.0,PREDATOR_WIN,0,1,0.0,100.0
1604,-2.199999999999997,350,0.0,PREY_WIN,1,0,100.0,0.0
1605,-2.289999999999995,350,0.0,PREY_WIN,1,0,100.0,0.0
1606,-2.1799999999999975,350,0.0,PREY_WIN,1,0,100.0,0.0
1607,28.49499999999999,136,0.0,PREDATOR_WIN,0,1,0.0,56.045000000000314
1608,-3.3999999999999715,350,0.0,PREY_WIN,1,0,100.0,0.0
1609,28.542499999999993,138,0.0,PREDATOR_WIN,0,1,0.0,65.77250000000004
1610,29.747499999999988,4,0.0,PREDATOR_WIN,0,1,0.0,100.0
1611,-3.4999999999999694,350,0.0,PREY_WIN,1,1,100.0,14.799999999999926
1612,28.742499999999993,118,0.0,PREDATOR_WIN,0,1,0.0,83.1724999999997
1613,-3.4999999999999694,350,0.0,PREY_WIN,1,1,100.0,23.800000000000225
1614,-3.4999999999999694,350,0.0,PREY_WIN,1,1,100.0,0.10000000000028803
1615,-2.6999999999999864,350,0.0,PREY_WIN,1,0,100.0,0.0
1616,29.392499999999995,53,0.0,PREDATOR_WIN,0,1,0.0,88.27249999999992
1617,29.872499999999995,5,0.0,PREDATOR_WIN,0,1,0.0,100.0
1618,-2.9799999999999804,350,0.0,PREY_WIN,1,0,100.0,0.0
1619,-2.6999999999999864,350,0.0,PREY_WIN,1,0,100.0,0.0
1620,-2.7799999999999847,350,0.0,PREY_WIN,1,0,100.0,0.0
1621,29.20499999999999,65,0.0,PREDATOR_WIN,0,1,0.0,92.46499999999979
1622,-2.5599999999999894,350,0.0,PREY_WIN,1,0,100.0,0.0
1623,-2.5099999999999905,350,0.0,PREY_WIN,1,0,100.0,0.0
1624,29.804999999999993,5,0.0,PREDATOR_WIN,0,1,0.0,100.0
1625,-2.249999999999996,350,0.0,PREY_WIN,1,0,100.0,0.0
1626,-2.629999999999988,350,0.0,PREY_WIN,1,0,100.0,0.0
1627,-2.53999999999999,350,0.0,PREY_WIN,1,0,100.0,0.0
1628,-2.289999999999995,350,0.0,PREY_WIN,1,0,100.0,0.0
1629,-2.809999999999984,350,0.0,PREY_WIN,1,0,100.0,0.0
1630,-2.289999999999995,350,0.0,PREY_WIN,1,0,100.0,0.0
1631,-2.4599999999999915,350,0.0,PREY_WIN,1,0,100.0,0.0
1632,-2.4099999999999926,350,0.0,PREY_WIN,1,0,100.0,0.0
1633,-2.199999999999997,350,0.0,PREY_WIN,1,0,100.0,0.0
1634,-2.209999999999997,350,0.0,PREY_WIN,1,0,100.0,0.0
1635,28.732499999999995,119,0.0,PREDATOR_WIN,0,1,0.0,63.85250000000021
1636,-2.849999999999983,350,0.0,PREY_WIN,1,0,100.0,0.0
1637,-2.5099999999999905,350,0.0,PREY_WIN,1,0,99.72999999999999,0.0
1638,29.79499999999999,6,0.0,PREDATOR_WIN,0,1,0.0,100.0
1639,-2.759999999999985,350,0.0,PREY_WIN,1,0,100.0,0.0
1640,29.824999999999992,3,0.0,PREDATOR_WIN,0,1,0.0,100.0
1641,-2.489999999999991,350,0.0,PREY_WIN,1,0,100.0,0.0
1642,-2.1799999999999975,350,0.0,PREY_WIN,1,0,100.0,0.0
1643,29.68499999999999,17,0.0,PREDATOR_WIN,0,1,0.0,100.0
1644,-2.299999999999995,350,0.0,PREY_WIN,1,0,100.0,0.0
1645,29.412499999999994,51,0.0,PREDATOR_WIN,0,1,0.0,100.0
1646,-2.3799999999999932,350,0.0,PREY_WIN,1,0,100.0,0.0
1647,-2.339999999999994,350,0.0,PREY_WIN,1,0,100.0,0.0
1648,-2.4099999999999926,350,0.0,PREY_WIN,1,0,100.0,0.0
1649,-2.299999999999995,350,0.0,PREY_WIN,1,0,100.0,0.0
1650,-2.289999999999995,350,0.0,PREY_WIN,1,0,100.0,0.0
1651,28.732499999999995,119,0.0,PREDATOR_WIN,0,1,0.0,69.85250000000008
1652,27.512500000000003,241,0.0,PREDATOR_WIN,0,1,0.0,59.412500000000236
1653,-3.4999999999999694,350,0.0,PREY_WIN,1,1,100.0,22.599999999999962
1654,29.754999999999992,10,0.0,PREDATOR_WIN,0,1,0.0,100.0
1655,-3.4999999999999694,350,0.0,PREY_WIN,1,1,100.0,24.70000000000008
1656,-2.5499999999999896,350,0.0,PREY_WIN,1,0,100.0,0.0
1657,28.62499999999999,123,0.0,PREDATOR_WIN,0,1,0.0,73.20499999999993
1658,-3.089999999999978,350,0.0,PREY_WIN,1,0,100.0,0.0
1659,29.432499999999994,49,0.0,PREDATOR_WIN,0,1,0.0,89.9524999999999
1660,-3.3999999999999715,350,0.0,PREY_WIN,1,0,100.0,0.0
1661,28.12249999999999,180,0.0,PREDATOR_WIN,0,1,0.0,70.93249999999989
1662,28.522499999999994,140,0.0,PREDATOR_WIN,0,1,0.0,68.53249999999994
1663,29.784999999999993,7,0.0,PREDATOR_WIN,0,1,0.0,100.0
1664,29.202499999999972,12,0.0,PREDATOR_WIN,0,1,0.0,100.0
1665,-3.00999999999998,350,0.0,PREY_WIN,1,0,100.0,0.0
1666,-2.8799999999999826,350,0.0,PREY_WIN,1,0,100.0,0.0
1667,28.632499999999972,72,0.0,PREDATOR_WIN,0,1,0.0,81.22249999999998
1668,-3.4999999999999694,350,0.0,PREY_WIN,1,1,100.0,14.19999999999968
1669,29.824999999999992,3,0.0,PREDATOR_WIN,0,1,0.0,100.0
1670,-3.47999999999997,350,0.0,PREY_WIN,1,0,100.0,0.0
1671,-2.5999999999999885,350,0.0,PREY_WIN,1,0,100.0,0.0
1672,-2.4599999999999915,350,0.0,PREY_WIN,1,0,100.0,0.0
1673,29.58499999999999,27,0.0,PREDATOR_WIN,0,1,0.0,98.82499999999995
1674,26.605000000000018,325,0.0,PREDATOR_WIN,0,1,0.0,29.165000000000056
1675,-3.4999999999999694,350,0.0,PREY_WIN,1,1,100.0,0.4000000000003384
1676,-3.4999999999999694,350,0.0,PREY_WIN,1,1,100.0,1.3000000000002245
1677,-3.4099999999999713,350,0.0,PREY_WIN,1,0,100.0,0.0
1678,28.03249999999999,189,0.0,PREDATOR_WIN,0,1,0.0,47.05250000000029
1679,29.63499999999999,22,0.0,PREDATOR_WIN,0,1,0.0,100.0
1680,-3.4999999999999694,350,0.0,PREY_WIN,1,1,100.0,1.5999999999999943
1681,29.394999999999992,46,0.0,PREDATOR_WIN,0,1,0.0,90.84499999999991
1682,-3.4999999999999694,350,0.0,PREY_WIN,1,1,100.0,25.599999999999753
1683,-3.1099999999999777,350,0.0,PREY_WIN,1,0,100.0,0.0
1684,-2.07,350,0.0,PREY_WIN,1,0,100.0,0.0
1685,-3.0199999999999796,350,0.0,PREY_WIN,1,0,100.0,0.0
1686,-2.159999999999998,350,0.0,PREY_WIN,1,0,100.0,0.0
1687,29.77499999999999,8,0.0,PREDATOR_WIN,0,1,0.0,100.0
1688,-2.1399999999999983,350,0.0,PREY_WIN,1,0,100.0,0.0
1689,-2.579999999999989,350,0.0,PREY_WIN,1,0,100.0,0.0
1690,-2.1399999999999983,350,0.0,PREY_WIN,1,0,100.0,0.0
1691,-2.109999999999999,350,0.0,PREY_WIN,1,0,100.0,0.0
1692,-2.1899999999999973,350,0.0,PREY_WIN,1,0,100.0,0.0
1693,-2.1699999999999977,350,0.0,PREY_WIN,1,0,100.0,0.0
1694,-2.1399999999999983,350,0.0,PREY_WIN,1,0,100.0,0.0
1695,-2.1399999999999983,350,0.0,PREY_WIN,1,0,100.0,0.0
1696,-2.1799999999999975,350,0.0,PREY_WIN,1,0,100.0,0.0
1697,-2.389999999999993,350,0.0,PREY_WIN,1,0,100.0,0.0
1698,-2.299999999999995,350,0.0,PREY_WIN,1,0,100.0,0.0
1699,-2.4499999999999917,350,0.0,PREY_WIN,1,0,100.0,0.0
1700,-2.209999999999997,350,0.0,PREY_WIN,1,0,100.0,0.0
1701,-2.209999999999997,350,0.0,PREY_WIN,1,0,100.0,0.0
1702,-2.149999999999998,350,0.0,PREY_WIN,1,0,100.0,0.0
1703,-2.159999999999998,350,0.0,PREY_WIN,1,0,100.0,0.0
1704,-2.1799999999999975,350,0.0,PREY_WIN,1,0,100.0,0.0
1705,-3.4999999999999694,350,0.0,PREY_WIN,1,1,100.0,6.700000000000252
1706,27.055000000000007,280,0.0,PREDATOR_WIN,0,1,0.0,34.56500000000033
1707,-3.4999999999999694,350,0.0,PREY_WIN,1,1,100.0,15.700000000000307
1708,26.384999999999973,263,0.0,PREDATOR_WIN,0,1,0.0,38.7650000000002
1709,-3.47999999999997,350,0.0,PREY_WIN,1,0,100.0,0.0
1710,-3.329999999999973,350,0.0,PREY_WIN,1,0,100.0,0.0
1711,-2.7899999999999845,350,0.0,PREY_WIN,1,0,100.0,0.0
1712,28.722499999999993,120,0.0,PREDATOR_WIN,0,1,0.0,78.7324999999998
1713,-3.4999999999999694,350,0.0,PREY_WIN,1,1,100.0,13.900000000000201
1714,28.152499999999993,177,0.0,PREDATOR_WIN,0,1,0.0,52.092500000000314
1715,-3.4999999999999694,350,0.0,PREY_WIN,1,1,100.0,12.400000000000095
1716,29.012499999999992,91,0.0,PREDATOR_WIN,0,1,0.0,75.61250000000004
1717,-3.4999999999999694,350,0.0,PREY_WIN,1,1,100.0,17.80000000000028
1718,-3.3099999999999734,350,0.0,PREY_WIN,1,0,99.72999999999999,0.0
1719,-2.289999999999995,350,0.0,PREY_WIN,1,0,100.0,0.0
1720,28.869999999999994,109,0.0,PREDATOR_WIN,0,1,0.0,66.29000000000019
1721,-3.4099999999999713,350,0.0,PREY_WIN,1,0,100.0,0.0
1722,-2.6899999999999866,350,0.0,PREY_WIN,1,0,100.0,0.0
1723,-3.1099999999999777,350,0.0,PREY_WIN,1,0,100.0,0.0
1724,-2.53999999999999,350,0.0,PREY_WIN,1,0,100.0,0.0
1725,-2.439999999999992,350,0.0,PREY_WIN,1,0,100.0,0.0
1726,-2.289999999999995,350,0.0,PREY_WIN,1,0,100.0,0.0
1727,-3.279999999999974,350,0.0,PREY_WIN,1,0,100.0,0.0
1728,-3.4999999999999694,350,0.0,PREY_WIN,1,1,100.0,34.59999999999993
1729,-3.4099999999999713,350,0.0,PREY_WIN,1,0,100.0,0.0
1730,-2.9899999999999802,350,0.0,PREY_WIN,1,0,100.0,0.0
1731,-2.429999999999992,350,0.0,PREY_WIN,1,0,100.0,0.0
1732,-3.0199999999999796,350,0.0,PREY_WIN,1,0,100.0,0.0
1733,-2.53999999999999,350,0.0,PREY_WIN,1,0,100.0,0.0
1734,-2.5099999999999905,350,0.0,PREY_WIN,1,0,100.0,0.0
1735,-2.3299999999999943,350,0.0,PREY_WIN,1,0,100.0,0.0
1736,-2.109999999999999,350,0.0,PREY_WIN,1,0,100.0,0.0
1737,-3.4999999999999694,350,0.0,PREY_WIN,1,1,100.0,12.400000000000109
1738,-3.4999999999999694,350,0.0,PREY_WIN,1,1,100.0,15.70000000000031
1739,-3.4999999999999694,350,0.0,PREY_WIN,1,1,100.0,1.0000000000000906
1740,28.452499999999993,147,0.0,PREDATOR_WIN,0,1,0.0,63.79250000000006
1741,-3.4999999999999694,350,0.0,PREY_WIN,1,1,99.72999999999999,1.600000000000236
1742,-3.4999999999999694,350,0.0,PREY_WIN,1,1,100.0,21.699999999999992
1743,-3.4999999999999694,350,0.0,PREY_WIN,1,1,100.0,6.100000000000051
1744,29.252499999999994,67,0.0,PREDATOR_WIN,0,1,0.0,83.29249999999998
1745,-3.4399999999999706,350,0.0,PREY_WIN,1,0,100.0,0.0
1746,-3.46999999999997,350,0.0,PREY_WIN,1,0,100.0,0.0
1747,-3.3099999999999734,350,0.0,PREY_WIN,1,0,100.0,0.0
1748,-2.1799999999999975,350,0.0,PREY_WIN,1,0,100.0,0.0
1749,-2.239999999999996,350,0.0,PREY_WIN,1,0,100.0,0.0
1750,-2.149999999999998,350,0.0,PREY_WIN,1,0,100.0,0.0
1751,-2.3599999999999937,350,0.0,PREY_WIN,1,0,100.0,0.0
1752,-2.3099999999999947,350,0.0,PREY_WIN,1,0,100.0,0.0
1753,-2.389999999999993,350,0.0,PREY_WIN,1,0,100.0,0.0
1754,-2.2199999999999966,350,0.0,PREY_WIN,1,0,100.0,0.0
1755,-2.4999999999999907,350,0.0,PREY_WIN,1,0,100.0,0.0
1756,28.452499999999993,147,0.0,PREDATOR_WIN,0,1,0.0,55.69250000000028
1757,-2.5899999999999888,350,0.0,PREY_WIN,1,0,100.0,0.0
1758,-3.2999999999999736,350,0.0,PREY_WIN,1,0,100.0,0.0
1759,27.427499999999995,233,0.0,PREDATOR_WIN,0,1,0.0,28.707500000000266
1760,-2.5099999999999905,350,0.0,PREY_WIN,1,0,100.0,0.0
1761,26.709999999999958,217,0.0,PREDATOR_WIN,0,1,0.0,28.85000000000012
1762,29.669999999999987,5,0.0,PREDATOR_WIN,0,1,0.0,100.0
1763,-3.329999999999973,350,0.0,PREY_WIN,1,0,100.0,0.0
1764,-3.229999999999975,350,0.0,PREY_WIN,1,0,100.0,0.0
1765,-2.2799999999999954,350,0.0,PREY_WIN,1,0,100.0,0.0
1766,-2.159999999999998,350,0.0,PREY_WIN,1,0,100.0,0.0
1767,-2.389999999999993,350,0.0,PREY_WIN,1,0,100.0,0.0
1768,28.542499999999993,138,0.0,PREDATOR_WIN,0,1,0.0,58.27250000000027
1769,-2.3099999999999947,350,0.0,PREY_WIN,1,0,100.0,0.0
1770,-3.1599999999999766,350,0.0,PREY_WIN,1,0,100.0,0.0
1771,29.714999999999993,14,0.0,PREDATOR_WIN,0,1,0.0,100.0
1772,-3.4999999999999694,350,0.0,PREY_WIN,1,1,100.0,5.4999999999999325
1773,29.534999999999993,32,0.0,PREDATOR_WIN,0,1,0.0,97.02499999999993
1774,-3.4999999999999694,350,0.0,PREY_WIN,1,1,100.0,37.59999999999982
1775,-3.229999999999975,350,0.0,PREY_WIN,1,0,100.0,0.0
1776,-2.9899999999999802,350,0.0,PREY_WIN,1,0,100.0,0.0
1777,-2.339999999999994,350,0.0,PREY_WIN,1,0,100.0,0.0
1778,-2.289999999999995,350,0.0,PREY_WIN,1,0,100.0,0.0
1779,-2.3299999999999943,350,0.0,PREY_WIN,1,0,100.0,0.0
1780,-2.159999999999998,350,0.0,PREY_WIN,1,0,100.0,0.0
1781,-2.429999999999992,350,0.0,PREY_WIN,1,0,100.0,0.0
1782,-2.1699999999999977,350,0.0,PREY_WIN,1,0,100.0,0.0
1783,-2.289999999999995,350,0.0,PREY_WIN,1,0,100.0,0.0
1784,-2.3799999999999932,350,0.0,PREY_WIN,1,0,100.0,0.0
1785,29.202499999999993,72,0.0,PREDATOR_WIN,0,1,0.0,80.59250000000003
1786,-3.2999999999999736,350,0.0,PREY_WIN,1,0,100.0,0.0
1787,-3.4999999999999694,350,0.0,PREY_WIN,1,1,100.0,30.700000000000035
1788,-3.3099999999999734,350,0.0,PREY_WIN,1,0,100.0,0.0
1789,-2.489999999999991,350,0.0,PREY_WIN,1,0,99.72999999999999,0.0
1790,29.782499999999995,14,0.0,PREDATOR_WIN,0,1,0.0,100.0
1791,-2.489999999999991,350,0.0,PREY_WIN,1,0,100.0,0.0
1792,-2.1799999999999975,350,0.0,PREY_WIN,1,0,100.0,0.0
1793,-2.389999999999993,350,0.0,PREY_WIN,1,0,100.0,0.0
1794,-2.149999999999998,350,0.0,PREY_WIN,1,0,100.0,0.0
1795,-2.209999999999997,350,0.0,PREY_WIN,1,0,100.0,0.0
1796,-2.209999999999997,350,0.0,PREY_WIN,1,0,100.0,0.0
1797,-2.2799999999999954,350,0.0,PREY_WIN,1,0,100.0,0.0
1798,-2.489999999999991,350,0.0,PREY_WIN,1,0,100.0,0.0
1799,-2.1399999999999983,350,0.0,PREY_WIN,1,0,100.0,0.0
1800,-2.389999999999993,350,0.0,PREY_WIN,1,0,100.0,0.0
1801,-2.159999999999998,350,0.0,PREY_WIN,1,0,100.0,0.0
1802,-2.289999999999995,350,0.0,PREY_WIN,1,0,100.0,0.0
1803,-2.299999999999995,350,0.0,PREY_WIN,1,0,100.0,0.0
1804,-2.3099999999999947,350,0.0,PREY_WIN,1,0,100.0,0.0
1805,-2.1699999999999977,350,0.0,PREY_WIN,1,0,100.0,0.0
1806,-2.159999999999998,350,0.0,PREY_WIN,1,0,100.0,0.0
1807,-2.209999999999997,350,0.0,PREY_WIN,1,0,100.0,0.0
1808,29.902499999999993,2,0.0,PREDATOR_WIN,0,1,0.0,100.0
1809,-2.8399999999999834,350,0.0,PREY_WIN,1,0,100.0,0.0
1810,-3.4999999999999694,350,0.0,PREY_WIN,1,1,100.0,1.3000000000002687
1811,29.51499999999999,34,0.0,PREDATOR_WIN,0,1,0.0,96.48499999999993
1812,29.81499999999999,4,0.0,PREDATOR_WIN,0,1,0.0,100.0
1813,29.592499999999983,6,0.0,PREDATOR_WIN,0,1,0.0,100.0
1814,-2.9699999999999807,350,0.0,PREY_WIN,1,0,100.0,0.0
1815,-3.00999999999998,350,0.0,PREY_WIN,1,0,100.0,0.0
1816,-3.1999999999999758,350,0.0,PREY_WIN,1,0,100.0,0.0
1817,-2.259999999999996,350,0.0,PREY_WIN,1,0,100.0,0.0
1818,29.722499999999993,20,0.0,PREDATOR_WIN,0,1,0.0,100.0
1819,-2.6899999999999866,350,0.0,PREY_WIN,1,0,100.0,0.0
1820,-2.5899999999999888,350,0.0,PREY_WIN,1,0,100.0,0.0
1821,-2.4999999999999907,350,0.0,PREY_WIN,1,0,100.0,0.0
1822,-2.299999999999995,350,0.0,PREY_WIN,1,0,100.0,0.0
1823,-2.1799999999999975,350,0.0,PREY_WIN,1,0,100.0,0.0
1824,-2.289999999999995,350,0.0,PREY_WIN,1,0,100.0,0.0
1825,28.932499999999994,96,0.0,PREDATOR_WIN,0,1,0.0,72.88250000000009
1826,-3.4999999999999694,350,0.0,PREY_WIN,1,0,100.0,0.0
1827,-3.4999999999999694,350,0.0,PREY_WIN,1,1,100.0,18.70000000000014
1828,-3.2599999999999745,350,0.0,PREY_WIN,1,0,100.0,0.0
1829,-2.439999999999992,350,0.0,PREY_WIN,1,0,100.0,0.0
1830,-2.7299999999999858,350,0.0,PREY_WIN,1,0,100.0,0.0
1831,-2.9699999999999807,350,0.0,PREY_WIN,1,0,100.0,0.0
1832,-2.389999999999993,350,0.0,PREY_WIN,1,0,100.0,0.0
1833,-2.239999999999996,350,0.0,PREY_WIN,1,0,100.0,0.0
1834,-2.259999999999996,350,0.0,PREY_WIN,1,0,100.0,0.0
1835,-2.239999999999996,350,0.0,PREY_WIN,1,0,100.0,0.0
1836,-2.289999999999995,350,0.0,PREY_WIN,1,0,100.0,0.0
1837,-2.159999999999998,350,0.0,PREY_WIN,1,0,100.0,0.0
1838,-2.349999999999994,350,0.0,PREY_WIN,1,0,99.72999999999999,0.0
1839,-2.209999999999997,350,0.0,PREY_WIN,1,0,100.0,0.0
1840,-2.4599999999999915,350,0.0,PREY_WIN,1,0,100.0,0.0
1841,29.562499999999986,9,0.0,PREDATOR_WIN,0,1,0.0,100.0
1842,-2.3199999999999945,350,0.0,PREY_WIN,1,0,100.0,0.0
1843,-2.239999999999996,350,0.0,PREY_WIN,1,0,100.0,0.0
1844,-2.1899999999999973,350,0.0,PREY_WIN,1,0,100.0,0.0
1845,-2.289999999999995,350,0.0,PREY_WIN,1,0,100.0,0.0
1846,-2.2199999999999966,350,0.0,PREY_WIN,1,0,100.0,0.0
1847,-2.209999999999997,350,0.0,PREY_WIN,1,0,100.0,0.0
1848,-2.1899999999999973,350,0.0,PREY_WIN,1,0,100.0,0.0
1849,-2.209999999999997,350,0.0,PREY_WIN,1,0,100.0,0.0
1850,-2.2699999999999956,350,0.0,PREY_WIN,1,0,100.0,0.0
1851,-2.1799999999999975,350,0.0,PREY_WIN,1,0,100.0,0.0
1852,-2.259999999999996,350,0.0,PREY_WIN,1,0,100.0,0.0
1853,-2.199999999999997,350,0.0,PREY_WIN,1,0,100.0,0.0
1854,-2.249999999999996,350,0.0,PREY_WIN,1,0,100.0,0.0
1855,-2.2299999999999964,350,0.0,PREY_WIN,1,0,100.0,0.0
1856,-2.2799999999999954,350,0.0,PREY_WIN,1,0,100.0,0.0
1857,-2.339999999999994,350,0.0,PREY_WIN,1,0,100.0,0.0
1858,29.56749999999999,22,0.0,PREDATOR_WIN,0,1,0.0,100.0
1859,-3.2599999999999745,350,0.0,PREY_WIN,1,0,100.0,0.0
1860,-2.6099999999999883,350,0.0,PREY_WIN,1,0,100.0,0.0
1861,29.664999999999992,19,0.0,PREDATOR_WIN,0,1,0.0,100.0
1862,-2.8299999999999836,350,0.0,PREY_WIN,1,0,100.0,0.0
1863,-3.139999999999977,350,0.0,PREY_WIN,1,0,100.0,0.0
1864,-2.6499999999999875,350,0.0,PREY_WIN,1,0,100.0,0.0
1865,-3.179999999999976,350,0.0,PREY_WIN,1,0,100.0,0.0
1866,-2.489999999999991,350,0.0,PREY_WIN,1,0,100.0,0.0
1867,-2.199999999999997,350,0.0,PREY_WIN,1,0,100.0,0.0
1868,28.112499999999994,181,0.0,PREDATOR_WIN,0,1,0.0,46.212500000000176
1869,-2.209999999999997,350,0.0,PREY_WIN,1,0,100.0,0.0
1870,-2.479999999999991,350,0.0,PREY_WIN,1,0,100.0,0.0
1871,-2.859999999999983,350,0.0,PREY_WIN,1,0,100.0,0.0
1872,-3.4399999999999706,350,0.0,PREY_WIN,1,0,100.0,0.0
1873,-2.4999999999999907,350,0.0,PREY_WIN,1,0,100.0,0.0
1874,-2.159999999999998,350,0.0,PREY_WIN,1,0,100.0,0.0
1875,-2.349999999999994,350,0.0,PREY_WIN,1,0,100.0,0.0
1876,27.034999999999975,228,0.0,PREDATOR_WIN,0,1,0.0,34.26500000000024
1877,-3.289999999999974,350,0.0,PREY_WIN,1,0,100.0,0.0
1878,-3.3599999999999723,350,0.0,PREY_WIN,1,0,100.0,0.0
1879,-3.2099999999999755,350,0.0,PREY_WIN,1,0,100.0,0.0
1880,-2.869999999999983,350,0.0,PREY_WIN,1,0,100.0,0.0
1881,-2.1799999999999975,350,0.0,PREY_WIN,1,0,100.0,0.0
1882,-2.209999999999997,350,0.0,PREY_WIN,1,0,100.0,0.0
1883,29.002499999999994,92,0.0,PREDATOR_WIN,0,1,0.0,79.09249999999994
1884,29.149999999999995,84,0.0,PREDATOR_WIN,0,1,0.0,76.52000000000005
1885,-3.189999999999976,350,0.0,PREY_WIN,1,0,100.0,0.0
1886,-3.4999999999999694,350,0.0,PREY_WIN,1,1,100.0,17.200000000000298
1887,-3.4999999999999694,350,0.0,PREY_WIN,1,1,100.0,24.400000000000023
1888,-2.6499999999999875,350,0.0,PREY_WIN,1,0,100.0,0.0
1889,-2.5499999999999896,350,0.0,PREY_WIN,1,0,100.0,0.0
1890,-2.399999999999993,350,0.0,PREY_WIN,1,0,100.0,0.0
1891,-2.1399999999999983,350,0.0,PREY_WIN,1,0,100.0,0.0
1892,-2.709999999999986,350,0.0,PREY_WIN,1,0,99.72999999999999,0.0
1893,-2.7499999999999853,350,0.0,PREY_WIN,1,0,100.0,0.0
1894,27.939999999999998,205,0.0,PREDATOR_WIN,0,1,0.0,31.70000000000019
1895,-2.289999999999995,350,0.0,PREY_WIN,1,0,100.0,0.0
1896,29.492499999999993,43,0.0,PREDATOR_WIN,0,1,0.0,92.17249999999993
1897,28.079999999999995,188,0.0,PREDATOR_WIN,0,1,0.0,64.31000000000034
1898,-3.4999999999999694,350,0.0,PREY_WIN,1,1,100.0,2.5000000000000435
1899,-3.4999999999999694,350,0.0,PREY_WIN,1,1,100.0,21.699999999999825
1900,-3.2599999999999745,350,0.0,PREY_WIN,1,0,100.0,0.0
1901,-2.809999999999984,350,0.0,PREY_WIN,1,0,100.0,0.0
1902,-2.759999999999985,350,0.0,PREY_WIN,1,0,100.0,0.0
1903,-2.4099999999999926,350,0.0,PREY_WIN,1,0,100.0,0.0
1904,29.574999999999992,28,0.0,PREDATOR_WIN,0,1,0.0,99.30499999999994
1905,-2.7899999999999845,350,0.0,PREY_WIN,1,0,100.0,0.0
1906,29.212499999999995,71,0.0,PREDATOR_WIN,0,1,0.0,83.11249999999995
1907,-2.299999999999995,350,0.0,PREY_WIN,1,0,100.0,0.0
1908,-2.489999999999991,350,0.0,PREY_WIN,1,0,100.0,0.0
1909,-2.53999999999999,350,0.0,PREY_WIN,1,0,100.0,0.0
1910,-2.769999999999985,350,0.0,PREY_WIN,1,0,99.72999999999999,0.0
1911,-2.5599999999999894,350,0.0,PREY_WIN,1,0,100.0,0.0
1912,-2.249999999999996,350,0.0,PREY_WIN,1,0,100.0,0.0
1913,-2.259999999999996,350,0.0,PREY_WIN,1,0,100.0,0.0
1914,-2.399999999999993,350,0.0,PREY_WIN,1,0,100.0,0.0
1915,-2.3599999999999937,350,0.0,PREY_WIN,1,0,100.0,0.0
1916,-2.209999999999997,350,0.0,PREY_WIN,1,0,100.0,0.0
1917,-2.1799999999999975,350,0.0,PREY_WIN,1,0,100.0,0.0
1918,-2.669999999999987,350,0.0,PREY_WIN,1,0,100.0,0.0
1919,-2.679999999999987,350,0.0,PREY_WIN,1,0,100.0,0.0
1920,-3.00999999999998,350,0.0,PREY_WIN,1,0,99.72999999999999,0.0
1921,-2.8399999999999834,350,0.0,PREY_WIN,1,0,100.0,0.0
1922,-3.4099999999999713,350,0.0,PREY_WIN,1,0,100.0,0.0
1923,27.280000000000012,271,0.0,PREDATOR_WIN,0,1,0.0,34.88000000000029
1924,-2.389999999999993,350,0.0,PREY_WIN,1,0,100.0,0.0
1925,-3.47999999999997,350,0.0,PREY_WIN,1,0,100.0,0.0
1926,-3.4999999999999694,350,0.0,PREY_WIN,1,1,100.0,10.000000000000341
1927,-2.6399999999999877,350,0.0,PREY_WIN,1,0,99.72999999999999,0.0
1928,29.79499999999999,6,0.0,PREDATOR_WIN,0,1,0.0,100.0
1929,-2.6399999999999877,350,0.0,PREY_WIN,1,0,100.0,0.0
1930,-2.3799999999999932,350,0.0,PREY_WIN,1,0,100.0,0.0
1931,-2.3599999999999937,350,0.0,PREY_WIN,1,0,100.0,0.0
1932,-2.909999999999982,350,0.0,PREY_WIN,1,0,100.0,0.0
1933,28.689999999999994,127,0.0,PREDATOR_WIN,0,1,0.0,64.13000000000021
1934,-3.2699999999999743,350,0.0,PREY_WIN,1,0,100.0,0.0
1935,-3.4999999999999694,350,0.0,PREY_WIN,1,1,99.72999999999999,15.399999999999922
1936,-2.7499999999999853,350,0.0,PREY_WIN,1,0,100.0,0.0
1937,-2.809999999999984,350,0.0,PREY_WIN,1,0,100.0,0.0
1938,-2.569999999999989,350,0.0,PREY_WIN,1,0,100.0,0.0
1939,-2.52999999999999,350,0.0,PREY_WIN,1,0,100.0,0.0
1940,29.734999999999992,12,0.0,PREDATOR_WIN,0,1,0.0,100.0
1941,-2.2799999999999954,350,0.0,PREY_WIN,1,0,100.0,0.0
1942,-2.1399999999999983,350,0.0,PREY_WIN,1,0,100.0,0.0
1943,-2.149999999999998,350,0.0,PREY_WIN,1,0,100.0,0.0
1944,-2.489999999999991,350,0.0,PREY_WIN,1,0,100.0,0.0
1945,-2.3099999999999947,350,0.0,PREY_WIN,1,0,100.0,0.0
1946,28.932499999999983,72,0.0,PREDATOR_WIN,0,1,0.0,82.12249999999997
1947,-3.239999999999975,350,0.0,PREY_WIN,1,0,100.0,0.0
1948,-2.819999999999984,350,0.0,PREY_WIN,1,0,100.0,0.0
1949,-3.2599999999999745,350,0.0,PREY_WIN,1,0,100.0,0.0
1950,29.604999999999993,25,0.0,PREDATOR_WIN,0,1,0.0,99.66499999999995
1951,-2.6899999999999866,350,0.0,PREY_WIN,1,0,100.0,0.0
1952,-2.719999999999986,350,0.0,PREY_WIN,1,0,100.0,0.0
1953,-2.909999999999982,350,0.0,PREY_WIN,1,0,100.0,0.0
1954,-2.909999999999982,350,0.0,PREY_WIN,1,0,99.88,0.0
1955,-2.4599999999999915,350,0.0,PREY_WIN,1,0,100.0,0.0
1956,-2.6399999999999877,350,0.0,PREY_WIN,1,0,100.0,0.0
1957,29.282499999999995,64,0.0,PREDATOR_WIN,0,1,0.0,83.35249999999999
1958,-2.53999999999999,350,0.0,PREY_WIN,1,0,100.0,0.0
1959,-2.7899999999999845,350,0.0,PREY_WIN,1,0,100.0,0.0
1960,-3.239999999999975,350,0.0,PREY_WIN,1,0,100.0,0.0
1961,-2.8299999999999836,350,0.0,PREY_WIN,1,0,100.0,0.0
1962,-2.3799999999999932,350,0.0,PREY_WIN,1,0,100.0,0.0
1963,-2.2199999999999966,350,0.0,PREY_WIN,1,0,100.0,0.0
1964,-2.259999999999996,350,0.0,PREY_WIN,1,0,100.0,0.0
1965,-2.259999999999996,350,0.0,PREY_WIN,1,0,100.0,0.0
1966,-2.259999999999996,350,0.0,PREY_WIN,1,0,100.0,0.0
1967,-2.2699999999999956,350,0.0,PREY_WIN,1,0,100.0,0.0
1968,-2.2199999999999966,350,0.0,PREY_WIN,1,0,100.0,0.0
1969,-2.1899999999999973,350,0.0,PREY_WIN,1,0,100.0,0.0
1970,28.59499999999999,126,0.0,PREDATOR_WIN,0,1,0.0,62.04500000000022
1971,-3.4999999999999694,350,0.0,PREY_WIN,1,1,100.0,21.400000000000386
1972,-3.4999999999999694,350,0.0,PREY_WIN,1,1,100.0,29.50000000000033
1973,-3.4499999999999704,350,0.0,PREY_WIN,1,0,100.0,0.0
1974,-2.9799999999999804,350,0.0,PREY_WIN,1,0,100.0,0.0
1975,29.504999999999992,35,0.0,PREDATOR_WIN,0,1,0.0,96.96499999999992
1976,-2.7399999999999856,350,0.0,PREY_WIN,1,0,100.0,0.0
1977,-3.4999999999999694,350,0.0,PREY_WIN,1,1,100.0,0.3999999999997345
1978,-2.5199999999999902,350,0.0,PREY_WIN,1,0,100.0,0.0
1979,-2.149999999999998,350,0.0,PREY_WIN,1,0,100.0,0.0
1980,-2.5099999999999905,350,0.0,PREY_WIN,1,0,100.0,0.0
1981,-2.2299999999999964,350,0.0,PREY_WIN,1,0,99.72999999999999,0.0
1982,-2.7799999999999847,350,0.0,PREY_WIN,1,0,100.0,0.0
1983,-2.259999999999996,350,0.0,PREY_WIN,1,0,100.0,0.0
1984,-2.809999999999984,350,0.0,PREY_WIN,1,0,99.72999999999999,0.0
1985,-3.429999999999971,350,0.0,PREY_WIN,1,0,100.0,0.0
1986,-2.5899999999999888,350,0.0,PREY_WIN,1,0,100.0,0.0
1987,-2.5099999999999905,350,0.0,PREY_WIN,1,0,100.0,0.0
1988,-2.1399999999999983,350,0.0,PREY_WIN,1,0,100.0,0.0
1989,-2.239999999999996,350,0.0,PREY_WIN,1,0,100.0,0.0
1990,-2.259999999999996,350,0.0,PREY_WIN,1,0,100.0,0.0
1991,-2.209999999999997,350,0.0,PREY_WIN,1,0,100.0,0.0
1992,-2.1199999999999988,350,0.0,PREY_WIN,1,0,100.0,0.0
1993,-2.209999999999997,350,0.0,PREY_WIN,1,0,100.0,0.0
1994,-2.1699999999999977,350,0.0,PREY_WIN,1,0,100.0,0.0
1995,-2.1699999999999977,350,0.0,PREY_WIN,1,0,100.0,0.0
1996,-2.3599999999999937,350,0.0,PREY_WIN,1,0,100.0,0.0
1997,-2.199999999999997,350,0.0,PREY_WIN,1,0,100.0,0.0
1998,-2.1399999999999983,350,0.0,PREY_WIN,1,0,100.0,0.0
1999,-2.1899999999999973,350,0.0,PREY_WIN,1,0,100.0,0.0
2000,-2.199999999999997,350,0.0,PREY_WIN,1,0,100.0,0.0
