cycle,phase,agent_type,episode,reward,steps,eval_reward,prey_population,predator_population,avg_prey_energy,avg_predator_energy,predation_events,eval_predation_events
1,A,PREY,1,1106.4600000000019,276,412.05100000000004,14,11,100.0,50.52977272727244,17,104.6
1,A,PREY,2,2152.96,500,412.05100000000004,3,92,99.28999999999996,33.61836956521749,707,104.6
1,A,PREY,3,747.2000000000016,211,412.05100000000004,337,11,94.10471810089005,64.95386363636351,22,104.6
1,A,PREY,4,1305.0700000000027,310,412.05100000000004,337,20,92.48005934718078,58.06087500000007,83,104.6
1,A,PREY,5,27.840000000000032,15,412.05100000000004,29,10,99.99172413793104,87.56199999999998,4,104.6
1,A,PREY,6,1306.0100000000027,316,412.05100000000004,337,11,91.51765578634983,62.57295454545438,35,104.6
1,A,PREY,7,627.0700000000014,177,412.05100000000004,337,12,91.46364985163173,70.84166666666646,27,104.6
1,A,PREY,8,2143.1599999999926,480,412.05100000000004,337,168,94.30270029673578,40.25244047619054,2605,104.6
1,A,PREY,9,2504.2299999999814,464,412.05100000000004,5,102,99.976,42.75526960784322,1363,104.6
1,A,PREY,10,3114.219999999974,500,412.05100000000004,6,8,100.0,31.677812499999796,25,104.6
1,A,PREY,11,105.82999999999998,14,412.05100000000004,30,10,99.62966666666668,85.582,3,104.6
1,A,PREY,12,1130.6000000000017,211,412.05100000000004,45,91,79.6891111111111,73.75730769230772,861,104.6
1,A,PREY,13,103.83,14,412.05100000000004,30,10,99.98400000000001,90.10599999999998,5,104.6
1,A,PREY,14,252.7200000000003,71,412.05100000000004,18,11,99.96666666666667,76.0963636363636,13,104.6
1,A,PREY,15,2664.0799999999904,375,412.05100000000004,5,10,100.0,45.46049999999984,26,104.6
1,A,PREY,16,488.2300000000005,64,412.05100000000004,20,11,99.76599999999999,77.20909090909082,11,104.6
1,A,PREY,17,2904.4299999999757,434,412.05100000000004,13,82,99.87999999999998,52.80231707317064,630,104.6
1,A,PREY,18,28.35000000000001,14,412.05100000000004,28,11,99.925,79.57454545454544,5,104.6
1,A,PREY,19,529.2200000000005,64,412.05100000000004,23,11,99.98434782608695,70.55090909090903,8,104.6
1,A,PREY,20,3873.529999999961,500,412.05100000000004,318,114,78.26254716981133,56.38881578947373,1093,104.6
1,A,PREY,21,483.2300000000004,64,412.05100000000004,22,11,99.75999999999999,72.57363636363633,9,104.6
1,A,PREY,22,308.59000000000026,33,412.05100000000004,24,11,99.81499999999998,78.3854545454545,7,104.6
1,A,PREY,23,184.82,13,412.05100000000004,27,11,99.94666666666666,77.05636363636363,4,104.6
1,A,PREY,24,1054.4100000000017,182,412.05100000000004,11,11,100.0,65.86181818181811,20,104.6
1,A,PREY,25,3424.559999999975,358,412.05100000000004,4,89,100.0,56.405758426966194,785,104.6
1,A,PREY,26,4148.459999999964,500,412.05100000000004,7,10,99.96142857142857,31.87699999999986,24,104.6
1,A,PREY,27,1347.8200000000013,134,412.05100000000004,337,18,95.15302670623133,73.32736111111112,58,104.6
1,A,PREY,28,507.77000000000044,60,412.05100000000004,80,11,88.50037499999999,67.1904545454545,6,104.6
1,A,PREY,29,348.50000000000006,41,412.05100000000004,52,10,92.54384615384615,85.32299999999994,6,104.6
1,A,PREY,30,66.84,14,412.05100000000004,25,10,99.9376,91.984,6,104.6
1,A,PREY,31,4673.829999999948,500,412.05100000000004,75,8,87.19146666666666,24.63562500000015,17,104.6
1,A,PREY,32,1100.2000000000014,152,412.05100000000004,337,16,92.99774480712149,55.93890624999996,36,104.6
1,A,PREY,33,3144.4099999999817,380,412.05100000000004,169,110,79.17970414201183,70.50956818181821,963,104.6
1,A,PREY,34,105.82999999999998,14,412.05100000000004,29,10,99.99068965517242,89.68599999999998,5,104.6
1,A,PREY,35,1047.5600000000009,117,412.05100000000004,15,10,99.70199999999998,81.48699999999981,16,104.6
1,A,PREY,36,747.0100000000006,80,412.05100000000004,74,22,94.98824324324323,71.29784090909087,74,104.6
1,A,PREY,37,853.9600000000007,82,412.05100000000004,239,10,75.2886610878661,85.97799999999987,13,104.6
1,A,PREY,38,107.33999999999999,13,412.05100000000004,30,10,99.951,86.66799999999998,3,104.6
1,A,PREY,39,1212.060000000001,113,412.05100000000004,17,12,99.97176470588235,61.52083333333341,14,104.6
1,A,PREY,40,189.13000000000005,32,412.05100000000004,33,11,99.56787878787878,75.54590909090906,6,104.6
1,A,PREY,41,24.850000000000023,14,412.05100000000004,29,11,100.0,78.64363636363636,5,104.6
1,A,PREY,42,23.860000000000007,13,412.05100000000004,33,10,99.88090909090909,82.63599999999997,1,104.6
1,A,PREY,43,468.4400000000003,44,412.05100000000004,46,12,94.9491304347826,67.93708333333332,9,104.6
1,A,PREY,44,1627.5000000000016,159,412.05100000000004,337,38,85.25652818991085,70.55296052631577,175,104.6
1,A,PREY,45,349.00000000000034,41,412.05100000000004,23,11,100.0,75.53840909090904,8,104.6
1,A,PREY,46,5833.539999999936,500,412.05100000000004,10,7,99.946,35.78999999999975,21,104.6
1,A,PREY,47,370.7600000000005,64,412.05100000000004,17,13,99.9929411764706,80.79423076923072,25,104.6
1,A,PREY,48,5593.599999999937,500,412.05100000000004,16,7,97.720625,18.167142857142895,19,104.6
1,A,PREY,49,25.860000000000014,13,412.05100000000004,31,10,99.88,84.62199999999996,2,104.6
1,A,PREY,50,5993.499999999928,500,412.05100000000004,10,7,100.0,34.11749999999976,21,104.6
1,A,PREY,51,223.80000000000013,14,412.05100000000004,28,10,100.0,90.19599999999998,5,104.6
1,A,PREY,52,5553.609999999946,500,412.05100000000004,2,69,99.06999999999996,31.369818840579985,869,104.6
1,A,PREY,53,1265.2900000000009,89,412.05100000000004,136,11,85.92235294117646,73.03090909090899,12,104.6
1,A,PREY,54,389.12000000000023,28,412.05100000000004,22,11,99.85272727272726,83.02022727272724,9,104.6
1,A,PREY,55,5713.569999999927,500,412.05100000000004,338,22,90.85426035502941,72.72693181818185,102,104.6
1,A,PREY,56,3167.369999999993,233,412.05100000000004,11,9,100.0,66.13444444444418,20,104.6
1,A,PREY,57,182.80000000000007,15,412.05100000000004,27,10,100.0,87.35799999999998,4,104.6
1,A,PREY,58,3142.8499999999826,286,412.05100000000004,337,19,95.97246290801176,66.97605263157887,66,104.6
1,A,PREY,59,6553.359999999925,500,412.05100000000004,2,110,100.0,27.467022727272937,1006,104.6
1,A,PREY,60,899.0500000000005,122,412.05100000000004,8,13,100.0,73.38076923076913,41,104.6
1,A,PREY,61,1048.4700000000007,76,412.05100000000004,19,10,99.91789473684211,84.4899999999999,12,104.6
1,A,PREY,62,948.5500000000008,71,412.05100000000004,18,11,100.0,74.17545454545454,13,104.6
1,A,PREY,63,3703.8799999999856,318,412.05100000000004,337,10,92.58584569732918,46.61200000000015,14,104.6
1,A,PREY,64,4673.82999999996,500,412.05100000000004,338,21,88.23671597633121,59.775357142857146,109,104.6
1,A,PREY,65,2062.200000000001,178,412.05100000000004,60,131,91.60516666666668,83.40368320610685,1066,104.6
1,A,PREY,66,4903.3599999999615,391,412.05100000000004,15,10,98.78999999999996,31.822750000000024,16,104.6
1,A,PREY,67,2346.5399999999977,187,412.05100000000004,337,12,91.67017804154283,54.24874999999985,16,104.6
1,A,PREY,68,2787.0399999999963,176,412.05100000000004,13,12,100.0,53.12604166666673,18,104.6
1,A,PREY,69,103.83999999999997,13,412.05100000000004,31,10,99.82096774193548,83.99199999999998,2,104.6
1,A,PREY,70,1108.0200000000007,70,412.05100000000004,17,11,99.82352941176471,81.768409090909,14,104.6
1,A,PREY,71,104.78999999999995,18,412.05100000000004,24,11,100.0,81.55090909090909,7,104.6
1,A,PREY,72,177.32000000000005,63,412.05100000000004,70,10,89.79957142857143,84.6312499999999,10,104.6
1,A,PREY,73,2986.999999999988,225,412.05100000000004,12,12,100.0,57.43791666666664,19,104.6
1,A,PREY,74,3065.9099999999958,182,412.05100000000004,337,11,93.71614243323417,66.8522727272725,20,104.6
1,A,PREY,75,268.6000000000002,33,412.05100000000004,25,10,99.88,85.74574999999993,6,104.6
1,A,PREY,76,189.27000000000004,18,412.05100000000004,23,12,99.98826086956522,75.91875,9,104.6
1,A,PREY,77,106.33,14,412.05100000000004,26,10,100.0,94.07199999999999,7,104.6
1,A,PREY,78,185.21000000000004,24,412.05100000000004,27,11,99.94222222222223,79.13454545454543,7,104.6
1,A,PREY,79,628.2000000000004,64,412.05100000000004,23,12,99.95695652173914,59.82041666666666,8,104.6
1,A,PREY,80,1587.4800000000012,112,412.05100000000004,337,28,93.97364985163199,55.72419642857144,90,104.6
1,A,PREY,81,507.59000000000026,28,412.05100000000004,22,11,99.83636363636361,81.5972727272727,9,104.6
1,A,PREY,82,23.35000000000003,14,412.05100000000004,28,11,99.99035714285715,74.73818181818181,3,104.6
1,A,PREY,83,788.8500000000005,45,412.05100000000004,23,10,99.59173913043477,84.48149999999993,8,104.6
1,A,PREY,84,1057.4800000000007,75,412.05100000000004,21,11,99.7542857142857,70.72999999999998,10,104.6
1,A,PREY,85,469.1700000000002,21,412.05100000000004,32,11,99.92875,77.29636363636364,5,104.6
1,A,PREY,86,7593.099999999914,500,412.05100000000004,8,8,99.96625,33.37624999999987,23,104.6
1,A,PREY,87,8272.92999999991,500,412.05100000000004,13,10,99.97923076923077,26.879249999999917,18,104.6
1,A,PREY,88,732.6700000000006,64,412.05100000000004,94,10,87.16202127659574,92.21199999999988,13,104.6
1,A,PREY,89,818.6500000000007,64,412.05100000000004,86,11,94.14988372093023,77.51318181818179,12,104.6
1,A,PREY,90,103.32999999999997,14,412.05100000000004,29,10,99.9648275862069,93.568,7,104.6
1,A,PREY,91,824.6000000000005,69,412.05100000000004,17,11,99.98411764705882,79.42181818181814,14,104.6
1,A,PREY,92,147.79000000000013,17,412.05100000000004,29,11,96.54241379310345,78.61727272727272,5,104.6
1,A,PREY,93,7220.689999999928,500,412.05100000000004,338,17,87.6919822485206,57.55823529411764,128,104.6
1,A,PREY,94,2226.8899999999994,155,412.05100000000004,16,10,99.968125,81.38624999999962,15,104.6
1,A,PREY,95,105.80999999999996,16,412.05100000000004,25,10,99.9892,91.98399999999998,6,104.6
1,A,PREY,96,1507.070000000001,105,412.05100000000004,19,11,99.25473684210523,63.337500000000006,12,104.6
1,A,PREY,97,1107.0800000000006,64,412.05100000000004,101,11,86.18841584158413,75.74909090909088,11,104.6
1,A,PREY,98,8432.88999999991,500,412.05100000000004,289,169,80.13262975778547,64.10477810650887,1274,104.6
1,A,PREY,99,2566.109999999997,124,412.05100000000004,20,12,99.9865,56.67333333333337,11,104.6
1,A,PREY,100,3426.6499999999924,199,412.05100000000004,337,12,92.06329376854569,49.14937499999979,17,104.6
1,A,PREY,101,263.2900000000001,14,412.05100000000004,27,11,100.0,78.20727272727271,4,104.6
1,A,PREY,102,8792.799999999903,500,412.05100000000004,10,8,100.0,25.688749999999946,21,104.6
1,A,PREY,103,8032.989999999913,500,412.05100000000004,12,10,99.9775,26.47624999999988,19,104.6
1,A,PREY,104,7833.039999999926,500,412.05100000000004,338,22,76.2162721893488,59.61534090909094,154,104.6
1,A,PREY,105,8312.919999999916,500,412.05100000000004,15,8,100.0,23.00281250000002,16,104.6
1,A,PREY,106,108.67000000000004,30,412.05100000000004,20,12,100.0,81.2975,14,104.6
1,A,PREY,107,502.61000000000007,76,412.05100000000004,123,10,87.69341463414634,83.20199999999988,11,104.6
1,A,PREY,108,29.350000000000023,14,412.05100000000004,24,10,100.0,93.74199999999999,7,104.6
1,A,PREY,109,9152.709999999905,500,412.05100000000004,14,7,99.925,23.19999999999999,17,104.6
1,A,PREY,110,7667.079999999921,500,412.05100000000004,338,7,90.69325443786948,47.90571428571426,38,104.6
1,A,PREY,111,9341.869999999906,479,412.05100000000004,4,66,100.0,58.5233333333333,623,104.6
1,A,PREY,112,9552.609999999897,500,412.05100000000004,324,57,68.25095679012345,62.36135964912271,387,104.6
1,A,PREY,113,4624.99999999998,334,412.05100000000004,337,18,94.50821958456967,74.44763888888868,71,104.6
1,A,PREY,114,105.83999999999996,13,412.05100000000004,34,10,99.97882352941176,84.62199999999997,2,104.6
1,A,PREY,115,27.42000000000001,7,412.05100000000004,30,10,99.983,84.66399999999997,1,104.6
1,A,PREY,116,814.090000000001,120,412.05100000000004,337,11,93.12652818991081,69.12659090909075,13,104.6
1,A,PREY,117,22.85000000000003,14,412.05100000000004,22,11,100.0,85.69636363636364,9,104.6
1,A,PREY,118,228.66000000000008,28,412.05100000000004,24,11,99.96,79.20227272727273,7,104.6
1,A,PREY,119,9392.649999999901,500,412.05100000000004,10,9,100.0,32.22111111111089,26,104.6
1,A,PREY,120,68.82000000000002,16,412.05100000000004,27,10,100.0,91.21599999999998,6,104.6
1,A,PREY,121,2986.479999999998,227,412.05100000000004,16,65,99.9025,64.61719230769225,502,104.6
1,A,PREY,122,10552.35999999989,500,412.05100000000004,338,28,85.0509171597631,67.08267857142852,150,104.6
1,A,PREY,123,8262.84999999992,458,412.05100000000004,337,9,92.58679525222524,31.870555555555622,33,104.6
1,A,PREY,124,2133.8099999999995,115,412.05100000000004,184,48,69.3447282608696,67.15145833333332,219,104.6
1,A,PREY,125,9992.499999999898,500,412.05100000000004,338,151,83.3646449704142,41.3523841059605,3407,104.6
1,A,PREY,126,25.860000000000028,13,412.05100000000004,27,11,99.86000000000001,77.71090909090908,4,104.6
1,A,PREY,127,9072.729999999909,500,412.05100000000004,9,7,99.92666666666668,39.684999999999704,22,104.6
1,A,PREY,128,10072.479999999898,500,412.05100000000004,12,83,100.0,38.03280120481951,816,104.6
1,A,PREY,129,27.840000000000025,15,412.05100000000004,27,11,99.99,77.47181818181816,4,104.6
1,A,PREY,130,8501.259999999926,461,412.05100000000004,337,41,83.60750741839745,63.29152439024391,228,104.6
1,A,PREY,131,383.7600000000001,14,412.05100000000004,27,10,99.9511111111111,88.22799999999998,4,104.6
1,A,PREY,132,11032.239999999885,500,412.05100000000004,13,6,99.93769230769232,32.47166666666648,18,104.6
1,A,PREY,133,1733.4400000000012,112,412.05100000000004,17,10,99.15294117647056,79.21099999999986,14,104.6
1,A,PREY,134,703.9500000000007,87,412.05100000000004,20,10,99.80799999999999,82.29499999999983,11,104.6
1,A,PREY,135,4825.769999999985,202,412.05100000000004,14,10,100.0,73.64274999999974,17,104.6
1,A,PREY,136,1341.3900000000008,77,412.05100000000004,15,11,99.904,80.97454545454539,16,104.6
1,A,PREY,137,308.7600000000001,16,412.05100000000004,27,11,100.0,77.91363636363634,4,104.6
1,A,PREY,138,669.0000000000003,33,412.05100000000004,33,12,93.86575757575757,65.67687500000001,6,104.6
1,A,PREY,139,1588.260000000001,84,412.05100000000004,70,13,82.06642857142856,56.78596153846158,14,104.6
1,A,PREY,140,66.34999999999995,13,412.05100000000004,29,10,99.87172413793103,84.02199999999996,2,104.6
1,A,PREY,141,9392.649999999903,500,412.05100000000004,338,58,80.17446745562123,71.70698275862065,330,104.6
1,A,PREY,142,2347.749999999999,116,412.05100000000004,337,12,91.87688427299676,56.5920833333333,11,104.6
1,A,PREY,143,64.35000000000002,13,412.05100000000004,28,10,99.95285714285714,85.82799999999997,3,104.6
1,A,PREY,144,11432.139999999885,500,412.05100000000004,7,121,99.96142857142857,43.94966942148775,1147,104.6
1,A,PREY,145,788.9400000000004,36,412.05100000000004,47,10,92.57063829787234,86.84524999999994,8,104.6
1,A,PREY,146,10335.409999999889,500,412.05100000000004,4,10,100.0,34.50524999999977,27,104.6
1,A,PREY,147,1140.4600000000007,125,412.05100000000004,139,24,62.54733812949647,75.16145833333329,99,104.6
1,A,PREY,148,2187.179999999994,127,412.05100000000004,337,10,92.81522255192857,82.77399999999983,16,104.6
1,A,PREY,149,1127.3200000000006,89,412.05100000000004,20,11,100.0,67.53909090909087,11,104.6
1,A,PREY,150,5865.019999999965,301,412.05100000000004,10,10,99.973,58.18224999999958,22,104.6
1,A,PREY,151,11952.009999999882,500,412.05100000000004,13,7,99.97923076923077,26.84714285714267,18,104.6
1,A,PREY,152,4329.459999999989,245,412.05100000000004,13,11,99.48307692307691,54.65113636363614,21,104.6
1,A,PREY,153,629.0900000000003,25,412.05100000000004,29,11,96.51448275862069,82.09840909090909,8,104.6
1,A,PREY,154,1588.4400000000007,66,412.05100000000004,21,12,99.54285714285713,63.90083333333329,10,104.6
1,A,PREY,155,9342.949999999913,421,412.05100000000004,5,89,100.0,35.797977528089994,750,104.6
1,A,PREY,156,106.33999999999996,13,412.05100000000004,26,10,99.86384615384615,89.76999999999998,5,104.6
1,A,PREY,157,1308.1200000000006,55,412.05100000000004,23,12,99.86173913043477,63.53041666666669,8,104.6
1,A,PREY,158,9183.789999999919,391,412.05100000000004,337,7,86.40821958456921,44.73142857142862,23,104.6
1,A,PREY,159,69.36999999999999,11,412.05100000000004,29,11,99.86241379310344,75.16886363636362,2,104.6
1,A,PREY,160,8942.469999999921,429,412.05100000000004,9,9,100.0,39.95000000000003,22,104.6
1,A,PREY,161,226.28000000000003,16,412.05100000000004,25,10,100.0,91.17999999999998,6,104.6
1,A,PREY,162,189.39000000000004,6,412.05100000000004,30,11,99.972,77.24840909090909,2,104.6
1,A,PREY,163,219.65000000000026,79,412.05100000000004,182,11,78.4671978021978,79.81,15,104.6
1,A,PREY,164,11991.999999999884,500,412.05100000000004,12,9,99.8875,22.265555555555537,23,104.6
1,A,PREY,165,65.33999999999995,14,412.05100000000004,31,10,99.99612903225807,87.89199999999998,4,104.6
1,A,PREY,166,5066.1899999999805,204,412.05100000000004,16,10,100.0,65.0617499999997,15,104.6
1,A,PREY,167,4417.949999999989,194,412.05100000000004,11,10,99.81181818181817,74.72299999999976,20,104.6
1,A,PREY,168,22.840000000000032,15,412.05100000000004,23,10,99.97260869565217,95.66799999999999,8,104.6
1,A,PREY,169,12151.959999999879,500,412.05100000000004,10,8,99.826,28.966249999999892,34,104.6
1,A,PREY,170,747.9300000000004,38,412.05100000000004,20,12,99.832,72.57791666666668,11,104.6
1,A,PREY,171,4247.309999999984,212,412.05100000000004,8,10,100.0,61.036999999999786,23,104.6
1,A,PREY,172,63.84999999999997,13,412.05100000000004,27,10,99.85222222222221,87.59799999999998,4,104.6
1,A,PREY,173,12551.859999999877,500,412.05100000000004,8,6,100.0,27.334999999999926,23,104.6
1,A,PREY,174,6983.819999999951,343,412.05100000000004,8,118,100.0,73.82133474576271,1062,104.6
1,A,PREY,175,3256.6299999999915,155,412.05100000000004,337,40,93.72299703264076,61.374125000000014,178,104.6
1,A,PREY,176,1173.4600000000007,74,412.05100000000004,22,10,99.42590909090906,81.50199999999987,9,104.6
1,A,PREY,177,9449.619999999913,401,412.05100000000004,12,80,99.99000000000001,50.30750000000002,709,104.6
1,A,PREY,178,12351.909999999882,500,412.05100000000004,11,6,100.0,21.681666666666843,20,104.6
1,A,PREY,179,68.73000000000005,25,412.05100000000004,31,11,96.72096774193548,79.29636363636358,6,104.6
1,A,PREY,180,180.5300000000002,42,412.05100000000004,38,11,95.67657894736843,74.35272727272722,7,104.6
1,A,PREY,181,67.33999999999999,14,412.05100000000004,29,11,100.0,77.89636363636362,4,104.6
1,A,PREY,182,995.370000000001,137,412.05100000000004,337,12,89.95988130563782,57.70499999999995,16,104.6
1,A,PREY,183,908.3800000000005,39,412.05100000000004,30,10,99.955,82.79474999999992,6,104.6
1,A,PREY,184,1867.8100000000009,72,412.05100000000004,18,10,99.84666666666665,85.65474999999992,13,104.6
1,A,PREY,185,1866.080000000001,95,412.05100000000004,18,11,99.88666666666667,73.81772727272723,13,104.6
1,A,PREY,186,12991.749999999873,500,412.05100000000004,11,9,99.97545454545455,29.752222222222183,20,104.6
1,A,PREY,187,102.9100000000001,56,412.05100000000004,96,11,93.53500000000001,70.91090909090902,7,104.6
1,A,PREY,188,23.35000000000003,14,412.05100000000004,28,10,100.0,90.124,5,104.6
1,A,PREY,189,27.570000000000086,42,412.05100000000004,20,11,99.844,82.46068181818177,11,104.6
1,A,PREY,190,268.7300000000001,20,412.05100000000004,25,10,100.0,90.64599999999999,6,104.6
1,A,PREY,191,26.860000000000028,13,412.05100000000004,31,10,99.16935483870968,84.62199999999997,2,104.6
1,A,PREY,192,69.31,17,412.05100000000004,26,12,99.97230769230768,71.36166666666666,6,104.6
1,A,PREY,193,27.85000000000003,14,412.05100000000004,27,10,100.0,88.17999999999998,4,104.6
1,A,PREY,194,12831.789999999875,500,412.05100000000004,233,51,63.638969957081365,64.5701470588234,320,104.6
1,A,PREY,195,89.35000000000001,62,412.05100000000004,21,11,99.81142857142856,71.89022727272723,10,104.6
1,A,PREY,196,1132.9500000000007,126,412.05100000000004,13,10,100.0,86.16424999999977,18,104.6
1,A,PREY,197,9943.169999999916,384,412.05100000000004,8,10,100.0,46.71999999999986,23,104.6
1,A,PREY,198,3543.6199999999935,149,412.05100000000004,13,11,99.97923076923077,71.58999999999982,18,104.6
1,A,PREY,199,7102.459999999953,276,412.05100000000004,13,10,100.0,54.82799999999977,18,104.6
1,A,PREY,200,1618.050000000001,104,412.05100000000004,129,44,78.02054263565891,69.14914772727269,195,104.6
1,A,PREY,201,24.340000000000018,15,412.05100000000004,27,11,99.96666666666667,76.61454545454545,4,104.6
1,A,PREY,202,5345.679999999978,248,412.05100000000004,337,80,65.95537091988123,58.289562500000024,425,104.6
1,A,PREY,203,13471.629999999872,500,412.05100000000004,14,7,99.98071428571428,36.447499999999884,17,104.6
1,A,PREY,204,2303.2999999999993,112,412.05100000000004,337,11,94.98142433234413,72.51431818181801,14,104.6
1,A,PREY,205,14071.479999999865,500,412.05100000000004,5,10,100.0,32.24624999999977,26,104.6
1,A,PREY,206,179.8100000000003,64,412.05100000000004,15,11,99.91000000000001,82.35022727272725,16,104.6
1,A,PREY,207,5346.219999999982,194,412.05100000000004,19,11,100.0,54.082045454545316,12,104.6
1,A,PREY,208,13951.509999999867,500,412.05100000000004,9,9,100.0,25.510277777777716,22,104.6
1,A,PREY,209,12831.78999999988,500,412.05100000000004,12,8,100.0,30.877499999999824,19,104.6
1,A,PREY,210,12431.889999999883,500,412.05100000000004,7,9,100.0,29.44500000000001,24,104.6
1,A,PREY,211,4933.389999999978,287,412.05100000000004,337,71,91.86234421364962,48.47577464788736,361,104.6
1,A,PREY,212,14031.489999999867,500,412.05100000000004,8,7,100.0,32.40571428571415,23,104.6
1,A,PREY,213,188.2000000000001,25,412.05100000000004,32,11,95.71187499999999,78.24636363636365,7,104.6
1,A,PREY,214,14311.419999999864,500,412.05100000000004,16,8,100.0,29.31625000000001,15,104.6
1,A,PREY,215,69.08000000000006,40,412.05100000000004,31,11,99.75999999999998,79.40340909090907,9,104.6
1,A,PREY,216,652.6700000000004,66,412.05100000000004,37,14,99.27621621621621,77.63214285714282,31,104.6
1,A,PREY,217,249.79000000000042,64,412.05100000000004,76,10,93.92605263157895,84.32399999999991,11,104.6
1,A,PREY,218,104.79999999999995,17,412.05100000000004,27,11,100.0,77.35090909090908,4,104.6
1,A,PREY,219,11308.169999999902,500,412.05100000000004,12,7,100.0,22.20000000000004,19,104.6
1,A,PREY,220,4220.299999999993,164,412.05100000000004,9,22,99.97,89.30454545454542,134,104.6
1,A,PREY,221,7945.259999999947,275,412.05100000000004,14,10,100.0,51.981999999999616,17,104.6
1,A,PREY,222,3906.5299999999957,149,412.05100000000004,17,10,99.31882352941174,77.41649999999966,14,104.6
1,A,PREY,223,3947.0999999999963,141,412.05100000000004,337,12,83.44005934718098,58.27624999999987,16,104.6
1,A,PREY,224,13425.639999999874,500,412.05100000000004,338,59,81.61576923076912,63.015254237288055,300,104.6
1,A,PREY,225,12271.929999999886,500,412.05100000000004,19,7,99.99368421052633,18.098571428571514,13,104.6
1,A,PREY,226,903.5600000000007,71,412.05100000000004,16,10,99.79749999999999,90.41374999999991,15,104.6
1,A,PREY,227,24.310000000000038,18,412.05100000000004,30,10,95.974,91.23999999999997,6,104.6
1,A,PREY,228,6503.279999999962,259,412.05100000000004,337,13,92.37439169139445,53.79865384615368,26,104.6
1,A,PREY,229,7183.419999999954,278,412.05100000000004,337,10,92.56522255192853,47.980249999999685,17,104.6
1,A,PREY,230,588.5600000000003,29,412.05100000000004,38,10,99.90052631578946,85.41649999999994,5,104.6
1,A,PREY,231,13830.539999999868,500,412.05100000000004,4,116,99.59499999999998,43.88941810344836,2346,104.6
1,A,PREY,232,14271.429999999862,500,412.05100000000004,6,9,99.955,29.261111111111152,25,104.6
1,A,PREY,233,308.77000000000015,15,412.05100000000004,26,11,100.0,77.41090909090907,5,104.6
1,A,PREY,234,12182.289999999895,416,412.05100000000004,9,127,100.0,54.154074803149605,1106,104.6
1,A,PREY,235,14791.29999999986,500,412.05100000000004,6,10,99.955,28.402999999999867,25,104.6
1,A,PREY,236,12182.289999999894,416,412.05100000000004,9,7,100.0,48.721428571428284,22,104.6
1,A,PREY,237,186.30000000000007,15,412.05100000000004,24,10,100.0,93.27399999999999,7,104.6
1,A,PREY,238,891.1100000000007,66,412.05100000000004,18,11,99.71333333333331,77.41999999999993,13,104.6
1,A,PREY,239,1268.6100000000006,57,412.05100000000004,54,14,89.98925925925924,59.93750000000006,15,104.6
1,A,PREY,240,6305.579999999965,234,412.05100000000004,337,25,92.99335311572682,64.16929999999996,91,104.6
1,A,PREY,241,14591.349999999862,500,412.05100000000004,14,9,100.0,22.60555555555569,17,104.6
1,A,PREY,242,25.85000000000003,14,412.05100000000004,28,10,100.0,91.70199999999998,6,104.6
1,A,PREY,243,13271.67999999988,500,412.05100000000004,9,9,100.0,35.68222222222183,22,104.6
1,A,PREY,244,67.84999999999997,13,412.05100000000004,31,10,99.96032258064515,88.38999999999997,4,104.6
1,A,PREY,245,28.760000000000048,23,412.05100000000004,26,10,99.95846153846153,95.07949999999997,9,104.6
1,A,PREY,246,14951.259999999862,500,412.05100000000004,13,7,100.0,24.41285714285713,18,104.6
1,A,PREY,247,13511.619999999875,500,412.05100000000004,14,9,99.98071428571428,27.826666666666497,17,104.6
1,A,PREY,248,1341.4200000000008,74,412.05100000000004,15,11,99.76799999999999,78.45977272727274,16,104.6
1,A,PREY,249,14831.289999999859,500,412.05100000000004,10,9,99.988,28.23555555555559,21,104.6
1,A,PREY,250,5423.209999999977,243,412.05100000000004,15,10,99.35999999999997,56.287499999999696,16,104.6
1,A,PREY,251,9823.339999999927,320,412.05100000000004,3,86,100.0,80.5038081395348,731,104.6
1,A,PREY,252,1388.6800000000005,47,412.05100000000004,23,11,99.66086956521738,76.35363636363628,8,104.6
1,A,PREY,253,68.96000000000001,2,412.05100000000004,31,10,99.66580645161291,85.77399999999999,1,104.6
1,A,PREY,254,1708.0300000000007,54,412.05100000000004,22,12,99.61136363636363,64.37541666666665,9,104.6
1,A,PREY,255,15351.159999999858,500,412.05100000000004,10,9,100.0,24.595555555555464,21,104.6
1,A,PREY,256,785.5500000000003,75,412.05100000000004,20,11,99.9265,70.35318181818175,11,104.6
1,A,PREY,257,13711.569999999876,500,412.05100000000004,94,7,87.87255319148936,16.630000000000184,13,104.6
1,A,PREY,258,14791.299999999865,500,412.05100000000004,8,10,100.0,34.00299999999976,23,104.6
1,A,PREY,259,13271.179999999884,500,412.05100000000004,13,8,99.95846153846153,28.820312499999947,18,104.6
1,A,PREY,260,694.1700000000005,65,412.05100000000004,17,11,99.63999999999999,81.35363636363631,14,104.6
1,A,PREY,261,1108.7000000000005,52,412.05100000000004,26,11,99.84192307692307,72.21749999999992,7,104.6
1,A,PREY,262,13138.709999999872,500,412.05100000000004,10,8,99.916,29.56249999999992,21,104.6
1,A,PREY,263,3021.0899999999965,115,412.05100000000004,211,12,67.5722748815166,67.92583333333334,20,104.6
1,A,PREY,264,15711.069999999858,500,412.05100000000004,11,7,100.0,38.27357142857101,20,104.6
1,A,PREY,265,585.0100000000003,34,412.05100000000004,24,10,99.855,87.93799999999992,7,104.6
1,A,PREY,266,1266.5400000000006,64,412.05100000000004,19,10,99.69052631578947,87.99399999999991,12,104.6
1,A,PREY,267,6495.009999999963,336,412.05100000000004,337,26,86.03210682492562,59.732307692307685,107,104.6
1,A,PREY,268,424.75000000000017,14,412.05100000000004,26,11,99.94923076923077,79.94181818181816,5,104.6
1,A,PREY,269,6505.539999999963,233,412.05100000000004,13,94,99.46461538461534,72.9505053191489,725,104.6
1,A,PREY,270,3104.0799999999963,114,412.05100000000004,337,10,93.71427299703258,84.83999999999985,17,104.6
1,A,PREY,271,507.6500000000002,22,412.05100000000004,36,11,98.55444444444444,88.80181818181815,11,104.6
1,A,PREY,272,6145.259999999971,220,412.05100000000004,7,11,99.57142857142856,64.65318181818148,24,104.6
1,A,PREY,273,14831.289999999859,500,412.05100000000004,15,7,99.982,21.662857142856996,16,104.6
1,A,PREY,274,2307.3800000000006,154,412.05100000000004,337,84,93.41391691394657,62.17136904761907,422,104.6
1,A,PREY,275,12860.089999999886,469,412.05100000000004,285,115,78.23284210526315,54.571608695652145,952,104.6
1,A,PREY,276,264.80000000000007,13,412.05100000000004,33,11,99.63424242424242,78.25727272727272,4,104.6
1,A,PREY,277,7025.299999999959,244,412.05100000000004,337,15,94.47534124629064,73.23266666666655,52,104.6
1,A,PREY,278,865.4200000000004,36,412.05100000000004,24,11,99.94,75.84363636363635,7,104.6
1,A,PREY,279,15551.109999999857,500,412.05100000000004,15,7,100.0,33.2071428571427,16,104.6
1,A,PREY,280,828.5000000000005,79,412.05100000000004,170,12,81.9394705882353,57.32520833333336,9,104.6
1,A,PREY,281,7218.019999999953,317,412.05100000000004,114,85,81.70052631578947,73.49114705882356,862,104.6
1,A,PREY,282,103.26999999999994,20,412.05100000000004,26,11,99.98153846153846,77.83090909090907,5,104.6
1,A,PREY,283,178.31000000000017,64,412.05100000000004,25,10,99.71079999999998,82.50299999999994,10,104.6
1,A,PREY,284,25.820000000000036,17,412.05100000000004,25,10,99.99520000000001,91.02999999999997,6,104.6
1,A,PREY,285,28.35000000000003,14,412.05100000000004,30,10,99.968,82.04799999999997,1,104.6
1,A,PREY,286,64.84999999999997,13,412.05100000000004,29,10,99.89551724137932,84.11199999999997,2,104.6
1,A,PREY,287,1988.0400000000009,96,412.05100000000004,19,11,99.98736842105264,64.91022727272721,12,104.6
1,A,PREY,288,491.24000000000063,63,412.05100000000004,23,10,99.71826086956521,83.75899999999984,8,104.6
1,A,PREY,289,214.20999999999987,73,412.05100000000004,18,10,99.97999999999999,89.33424999999986,13,104.6
1,A,PREY,290,16270.929999999851,500,412.05100000000004,12,6,100.0,32.073333333333245,19,104.6
1,A,PREY,291,1645.8900000000012,119,412.05100000000004,18,11,100.0,66.08909090909087,13,104.6
1,A,PREY,292,1691.4500000000012,112,412.05100000000004,14,12,99.60571428571427,61.11937500000004,17,104.6
1,A,PREY,293,971.0200000000008,73,412.05100000000004,19,11,100.0,76.43999999999988,12,104.6
1,A,PREY,294,4745.42999999999,188,412.05100000000004,10,10,99.67599999999999,80.16399999999967,21,104.6
1,A,PREY,295,2373.7699999999927,113,412.05100000000004,337,25,90.55578635014834,74.96939999999998,105,104.6
1,A,PREY,296,867.4100000000004,37,412.05100000000004,24,11,99.915,75.76909090909088,8,104.6
1,A,PREY,297,15911.019999999855,500,412.05100000000004,7,9,100.0,25.735833333333236,24,104.6
1,A,PREY,298,7705.129999999955,244,412.05100000000004,337,13,93.34183976261104,58.99192307692291,39,104.6
1,A,PREY,299,2667.4999999999995,83,412.05100000000004,14,12,99.68285714285715,73.24416666666666,17,104.6
1,A,PREY,300,789.0000000000003,30,412.05100000000004,25,10,99.87519999999999,87.22324999999994,6,104.6
1,A,PREY,301,3456.429999999988,170,412.05100000000004,13,11,100.0,67.16409090909067,18,104.6
1,A,PREY,302,2584.209999999998,114,412.05100000000004,15,10,99.84799999999998,88.08699999999975,16,104.6
1,A,PREY,303,1502.4500000000007,67,412.05100000000004,19,10,99.98105263157895,87.33399999999992,12,104.6
1,A,PREY,304,16430.88999999985,500,412.05100000000004,338,9,93.17056213017725,44.11333333333331,26,104.6
1,A,PREY,305,15551.109999999855,500,412.05100000000004,338,24,87.2568639053253,66.0470833333333,152,104.6
1,A,PREY,306,25.830000000000034,16,412.05100000000004,25,11,100.0,80.49090909090908,6,104.6
1,A,PREY,307,4746.809999999991,150,412.05100000000004,337,36,92.354183976261,66.76729166666667,164,104.6
1,A,PREY,308,6105.4399999999705,203,412.05100000000004,12,9,100.0,74.37444444444417,19,104.6
1,A,PREY,309,7584.249999999955,235,412.05100000000004,20,16,100.0,56.27546874999993,55,104.6
1,A,PREY,310,15671.079999999854,500,412.05100000000004,13,8,100.0,26.695312499999837,18,104.6
1,A,PREY,311,9415.519999999937,412,412.05100000000004,7,9,100.0,37.27944444444432,25,104.6
1,A,PREY,312,16310.919999999851,500,412.05100000000004,6,9,100.0,34.6466666666665,25,104.6
1,A,PREY,313,69.28000000000004,20,412.05100000000004,24,11,100.0,80.96545454545453,7,104.6
1,A,PREY,314,14551.359999999868,500,412.05100000000004,338,13,94.08905325443767,75.51923076923056,62,104.6
1,A,PREY,315,15471.129999999865,500,412.05100000000004,3,71,100.0,69.83880281690136,629,104.6
1,A,PREY,316,16270.929999999851,500,412.05100000000004,338,3,89.97627218934873,54.42333333333324,20,104.6
1,A,PREY,317,189.27000000000004,18,412.05100000000004,27,11,100.0,76.05022727272727,4,104.6
1,A,PREY,318,29.110000000000078,38,412.05100000000004,47,11,95.9323404255319,74.77477272727266,6,104.6
1,A,PREY,319,1628.5300000000007,56,412.05100000000004,23,10,99.6386956521739,82.73024999999993,8,104.6
1,A,PREY,320,9250.179999999915,400,412.05100000000004,172,132,82.16360465116279,63.00791666666674,1012,104.6
1,A,PREY,321,16590.849999999853,500,412.05100000000004,12,6,100.0,30.198333333333384,19,104.6
1,A,PREY,322,2626.5299999999997,81,412.05100000000004,21,10,99.61714285714285,81.48299999999986,10,104.6
1,A,PREY,323,2662.959999999998,87,412.05100000000004,11,11,99.62909090909089,82.4581818181818,20,104.6
1,A,PREY,324,2450.739999999992,114,412.05100000000004,13,11,99.85923076923078,76.56659090909083,18,104.6
1,A,PREY,325,16390.899999999852,500,412.05100000000004,285,53,60.296175438596386,64.0144811320754,360,104.6
1,A,PREY,326,23.360000000000028,13,412.05100000000004,28,11,99.95285714285714,76.73999999999998,3,104.6
1,A,PREY,327,4147.189999999999,127,412.05100000000004,14,12,100.0,58.60958333333329,17,104.6
1,A,PREY,328,16510.86999999985,500,412.05100000000004,338,11,90.20079881656768,19.7299999999999,27,104.6
1,A,PREY,329,69.32000000000004,16,412.05100000000004,26,12,99.98961538461539,70.29770833333333,5,104.6
1,A,PREY,330,14831.289999999874,500,412.05100000000004,15,6,100.0,27.183333333333408,16,104.6
1,A,PREY,331,10783.299999999923,350,412.05100000000004,13,160,99.99076923076925,54.68796875000008,1329,104.6
1,A,PREY,332,16470.879999999852,500,412.05100000000004,338,169,95.89961538461536,46.753062130177675,1060,104.6
1,A,PREY,333,8622.909999999945,393,412.05100000000004,6,122,99.98,55.87813524590163,919,104.6
1,A,PREY,334,16350.909999999853,500,412.05100000000004,10,8,100.0,26.248749999999973,21,104.6
1,A,PREY,335,3866.7299999999977,130,412.05100000000004,337,15,94.80121661721057,70.36449999999998,37,104.6
1,A,PREY,336,13700.789999999883,478,412.05100000000004,5,10,100.0,46.415999999999734,26,104.6
1,A,PREY,337,812.9200000000013,136,412.05100000000004,15,11,100.0,69.51363636363637,16,104.6
1,A,PREY,338,9143.739999999938,297,412.05100000000004,122,139,78.5927868852459,73.34670863309356,1046,104.6
1,A,PREY,339,16630.83999999985,500,412.05100000000004,7,9,100.0,37.72111111111081,24,104.6
1,A,PREY,340,188.1900000000001,26,412.05100000000004,26,11,100.0,76.19613636363634,5,104.6
1,A,PREY,341,343.7700000000001,14,412.05100000000004,24,10,100.0,93.97599999999998,7,104.6
1,A,PREY,342,24.360000000000028,13,412.05100000000004,30,10,99.95599999999999,85.82799999999997,3,104.6
1,A,PREY,343,28.670000000000066,32,412.05100000000004,29,12,99.94413793103449,74.10854166666665,10,104.6
1,A,PREY,344,2907.129999999999,114,412.05100000000004,20,12,99.42999999999998,59.484999999999964,11,104.6
1,A,PREY,345,16710.819999999854,500,412.05100000000004,9,8,100.0,27.494999999999948,22,104.6
1,A,PREY,346,2827.8399999999992,95,412.05100000000004,320,11,77.32759374999999,74.01863636363629,16,104.6
1,A,PREY,347,22.340000000000032,15,412.05100000000004,29,11,99.98137931034483,79.69181818181818,5,104.6
1,A,PREY,348,1769.9300000000007,62,412.05100000000004,128,11,88.78195312499999,71.54272727272725,9,104.6
1,A,PREY,349,1588.1400000000003,96,412.05100000000004,21,10,100.0,81.68124999999974,10,104.6
1,A,PREY,350,345.2700000000001,14,412.05100000000004,26,11,100.0,79.39090909090908,5,104.6
1,B,PREDATOR,1,292.29666666666907,494,157.28400000000073,1,66,97.4799999999999,63.10007575757542,1521,568.9
1,B,PREDATOR,2,-12.219999999999997,222,157.28400000000073,337,10,55.31836795252239,59.43824999999995,119,568.9
1,B,PREDATOR,3,-12.199999999999998,220,157.28400000000073,337,11,63.27080118694369,53.87818181818175,285,568.9
1,B,PREDATOR,4,13.129999999999589,266,157.28400000000073,337,8,79.46575667655777,43.2274999999997,38,568.9
1,B,PREDATOR,5,12.303333333332981,298,157.28400000000073,0,10,0.0,60.853999999999495,32,568.9
1,B,PREDATOR,6,-12.229999999999997,223,157.28400000000073,337,26,67.47878338278933,57.86605769230761,354,568.9
1,B,PREDATOR,7,-12.189999999999998,219,157.28400000000073,127,53,69.41464566929133,62.34000000000001,737,568.9
1,B,PREDATOR,8,-12.209999999999997,221,157.28400000000073,337,10,60.00035608308616,75.67599999999968,294,568.9
1,B,PREDATOR,9,-12.259999999999996,226,157.28400000000073,5,12,92.74599999999973,64.10833333333306,110,568.9
1,B,PREDATOR,10,156.64333333333443,279,157.28400000000073,2,72,91.9599999999997,81.68559027777769,993,568.9
1,B,PREDATOR,11,665.0925000000025,500,157.28400000000073,337,7,96.0326706231454,35.88035714285728,724,568.9
1,B,PREDATOR,12,-12.199999999999998,220,157.28400000000073,6,10,90.05499999999961,68.97899999999954,71,568.9
1,B,PREDATOR,13,-12.239999999999997,224,157.28400000000073,304,10,59.473453947368434,64.24799999999964,111,568.9
1,B,PREDATOR,14,-11.3,130,157.28400000000073,337,12,75.83272997032638,71.94666666666664,239,568.9
1,B,PREDATOR,15,173.53000000000216,498,157.28400000000073,337,8,97.89878338278932,29.946874999999952,475,568.9
1,B,PREDATOR,16,13.0399999999996,267,157.28400000000073,337,10,72.12089020771518,68.36199999999977,256,568.9
1,B,PREDATOR,17,1185.947500000002,500,157.28400000000073,337,7,99.30240356083087,54.52285714285678,167,568.9
1,B,PREDATOR,18,-12.169999999999998,217,157.28400000000073,337,11,88.30382789317511,54.85636363636331,35,568.9
1,B,PREDATOR,19,13.026666666666253,271,157.28400000000073,327,15,44.60639143730906,36.30450000000026,407,568.9
1,B,PREDATOR,20,-11.33,133,157.28400000000073,337,12,96.86192878338278,63.49666666666648,43,568.9
1,B,PREDATOR,21,12.73249999999961,283,157.28400000000073,337,23,98.56388724035608,33.11684782608699,167,568.9
1,B,PREDATOR,22,-12.239999999999997,224,157.28400000000073,176,97,82.76028409090907,68.98902061855671,1152,568.9
1,B,PREDATOR,23,13.873333333332967,285,157.28400000000073,337,8,51.19881305638,52.53999999999989,448,568.9
1,B,PREDATOR,24,54.539166666665174,300,157.28400000000073,5,10,84.0639999999994,51.95799999999948,39,568.9
1,B,PREDATOR,25,13.019999999999596,269,157.28400000000073,337,9,87.999881305638,62.928333333333086,259,568.9
1,B,PREDATOR,26,-12.349999999999994,235,157.28400000000073,337,10,63.76477744807126,64.03399999999964,283,568.9
1,B,PREDATOR,27,12.869999999999584,276,157.28400000000073,3,30,86.78999999999951,50.559916666666595,281,568.9
1,B,PREDATOR,28,1387.7750000000024,500,157.28400000000073,337,22,98.89839762611274,20.730454545454823,625,568.9
1,B,PREDATOR,29,13.526666666666385,205,157.28400000000073,337,9,66.35860534124627,53.85333333333318,136,568.9
1,B,PREDATOR,30,-12.359999999999994,236,157.28400000000073,337,10,85.69338278931754,54.857249999999986,110,568.9
1,B,PREDATOR,31,-11.270000000000001,127,157.28400000000073,337,13,72.1814540059347,58.06942307692303,30,568.9
1,B,PREDATOR,32,12.763333333332925,284,157.28400000000073,337,9,98.35863501483679,45.06583333333316,19,568.9
1,B,PREDATOR,33,38.20333333333372,343,157.28400000000073,337,11,62.026765578635114,52.23636363636364,580,568.9
1,B,PREDATOR,34,13.93999999999973,177,157.28400000000073,7,11,93.81571428571405,68.49090909090877,50,568.9
1,B,PREDATOR,35,-12.259999999999996,226,157.28400000000073,5,29,90.63999999999965,62.030689655172175,373,568.9
1,B,PREDATOR,36,454.4225000000016,500,157.28400000000073,1,68,94.11999999999978,52.39683823529407,1236,568.9
1,B,PREDATOR,37,-12.189999999999998,219,157.28400000000073,337,11,71.96916913946589,51.1765909090908,22,568.9
1,B,PREDATOR,38,-12.489999999999991,249,157.28400000000073,337,11,77.82658753709195,50.78113636363617,194,568.9
1,B,PREDATOR,39,-12.269999999999996,227,157.28400000000073,337,10,71.64988130563803,63.2919999999997,86,568.9
1,B,PREDATOR,40,-11.270000000000001,127,157.28400000000073,337,14,78.65486646884274,39.72250000000004,12,568.9
1,B,PREDATOR,41,-12.269999999999996,227,157.28400000000073,19,59,75.53526315789472,80.06266949152543,733,568.9
1,B,PREDATOR,42,-12.259999999999996,226,157.28400000000073,1,79,100.0,68.20778481012651,1310,568.9
1,B,PREDATOR,43,63.499999999998614,315,157.28400000000073,337,11,98.70943620178042,48.04022727272711,192,568.9
1,B,PREDATOR,44,1155.8500000000026,500,157.28400000000073,96,112,70.59302083333333,66.08830357142863,2198,568.9
1,B,PREDATOR,45,-12.509999999999991,251,157.28400000000073,3,45,88.67999999999957,56.361944444444475,752,568.9
1,B,PREDATOR,46,88.67666666666538,339,157.28400000000073,0,10,0.0,57.219499999999414,30,568.9
1,B,PREDATOR,47,-11.33,133,157.28400000000073,337,12,68.7787240356083,59.85937499999992,21,568.9
1,B,PREDATOR,48,90.11333333333198,291,157.28400000000073,336,8,51.53369047619059,68.17750000000001,377,568.9
1,B,PREDATOR,49,-12.179999999999998,218,157.28400000000073,7,11,95.45285714285697,58.82113636363616,23,568.9
1,B,PREDATOR,50,13.943333333333067,182,157.28400000000073,337,11,99.06436201780414,66.0236363636364,290,568.9
1,B,PREDATOR,51,12.736666666666265,276,157.28400000000073,4,10,87.73749999999953,62.08399999999938,26,568.9
1,B,PREDATOR,52,-11.32,132,157.28400000000073,37,11,90.8294594594594,67.00181818181804,41,568.9
1,B,PREDATOR,53,-12.159999999999998,216,157.28400000000073,168,80,89.47386904761902,74.58884374999998,1068,568.9
1,B,PREDATOR,54,13.709999999999644,280,157.28400000000073,337,10,76.31525222551934,61.9959999999997,378,568.9
1,B,PREDATOR,55,-12.289999999999996,229,157.28400000000073,337,18,70.7419881305639,41.540000000000134,362,568.9
1,B,PREDATOR,56,-12.239999999999997,224,157.28400000000073,337,9,99.5640059347181,49.902222222222335,27,568.9
1,B,PREDATOR,57,-12.259999999999996,226,157.28400000000073,146,10,63.475205479452065,60.26274999999997,85,568.9
1,B,PREDATOR,58,13.076666666666258,282,157.28400000000073,337,10,68.09913946587534,44.22999999999992,12,568.9
1,B,PREDATOR,59,12.55999999999956,299,157.28400000000073,337,10,57.4802967359051,49.16599999999981,415,568.9
1,B,PREDATOR,60,-12.249999999999996,225,157.28400000000073,10,10,89.5779999999996,69.33124999999953,122,568.9
1,B,PREDATOR,61,64.71666666666545,356,157.28400000000073,337,8,99.83362017804154,38.22499999999995,19,568.9
1,B,PREDATOR,62,-11.3,130,157.28400000000073,337,12,79.12186943620176,57.541666666666664,108,568.9
1,B,PREDATOR,63,14.422499999999731,210,157.28400000000073,337,12,75.5194658753709,59.433333333333245,146,568.9
1,B,PREDATOR,64,9.44249999999949,299,157.28400000000073,337,10,90.3125519287834,49.24449999999998,176,568.9
1,B,PREDATOR,65,-12.189999999999998,219,157.28400000000073,337,18,81.52442136498512,47.129444444444495,243,568.9
1,B,PREDATOR,66,-12.339999999999995,234,157.28400000000073,337,10,85.6843916913947,51.02399999999968,22,568.9
1,B,PREDATOR,67,2645.544999999986,500,157.28400000000073,219,79,64.48178082191782,46.90275316455712,1653,568.9
1,B,PREDATOR,68,-11.4,140,157.28400000000073,266,12,63.139473684210536,72.89145833333318,114,568.9
1,B,PREDATOR,69,13.739999999999723,325,157.28400000000073,337,22,92.99747774480713,55.57545454545455,604,568.9
1,B,PREDATOR,70,-12.309999999999995,231,157.28400000000073,337,58,63.156676557863534,43.078534482758705,782,568.9
1,B,PREDATOR,71,34.42333333333349,246,157.28400000000073,2,12,93.00999999999974,52.344374999999694,96,568.9
1,B,PREDATOR,72,62.75333333333193,355,157.28400000000073,6,10,93.61499999999977,39.79749999999983,35,568.9
1,B,PREDATOR,73,38.61333333333382,270,157.28400000000073,2,11,85.52499999999945,51.9713636363632,29,568.9
1,B,PREDATOR,74,1469.3033333333367,500,157.28400000000073,337,45,85.36094955489617,24.05066666666692,1393,568.9
1,B,PREDATOR,75,38.35666666666713,333,157.28400000000073,1,52,82.80999999999935,63.16365384615379,740,568.9
1,B,PREDATOR,76,3049.3716666666546,500,157.28400000000073,337,6,72.53967359050452,27.326666666666767,259,568.9
1,B,PREDATOR,77,2613.5483333333154,500,157.28400000000073,337,7,99.76023738872402,43.74571428571411,118,568.9
1,B,PREDATOR,78,38.36916666666715,293,157.28400000000073,337,10,95.82278931750741,44.78799999999991,32,568.9
1,B,PREDATOR,79,-12.289999999999996,229,157.28400000000073,337,19,88.29284866468845,52.30315789473689,358,568.9
1,B,PREDATOR,80,65.03999999999867,329,157.28400000000073,4,40,93.00249999999974,45.55337499999988,601,568.9
1,B,PREDATOR,81,37.27666666666706,345,157.28400000000073,337,9,75.0926409495549,45.526944444444396,237,568.9
1,B,PREDATOR,82,-12.219999999999997,222,157.28400000000073,19,10,65.27631578947371,73.7397499999995,185,568.9
1,B,PREDATOR,83,-12.289999999999996,229,157.28400000000073,8,10,88.77624999999958,63.015999999999664,31,568.9
1,B,PREDATOR,84,-12.189999999999998,219,157.28400000000073,337,10,88.86964391691397,64.64799999999988,72,568.9
1,B,PREDATOR,85,38.393333333333814,284,157.28400000000073,5,11,88.19199999999955,68.9581818181815,45,568.9
1,B,PREDATOR,86,61.92583333333186,391,157.28400000000073,1,10,90.57999999999964,39.643999999999735,29,568.9
1,B,PREDATOR,87,39.553333333333796,296,157.28400000000073,1,58,89.3799999999996,49.78775862068954,824,568.9
1,B,PREDATOR,88,-12.359999999999994,236,157.28400000000073,337,69,91.38824925816026,31.16373188405813,523,568.9
1,B,PREDATOR,89,12.979999999999594,297,157.28400000000073,0,40,0.0,59.83187499999981,659,568.9
1,B,PREDATOR,90,-11.32,132,157.28400000000073,7,12,86.44428571428521,73.52458333333314,33,568.9
1,B,PREDATOR,91,40.36333333333368,255,157.28400000000073,337,11,99.19109792284864,57.24159090909057,31,568.9
1,B,PREDATOR,92,13.839999999999845,315,157.28400000000073,337,10,98.69753709198811,24.278000000000002,129,568.9
1,B,PREDATOR,93,12.739999999999577,289,157.28400000000073,337,43,78.2633234421365,60.046976744186075,440,568.9
1,B,PREDATOR,94,-12.309999999999995,231,157.28400000000073,0,54,0.0,63.43194444444446,901,568.9
1,B,PREDATOR,95,13.513333333333003,217,157.28400000000073,337,19,69.59427299703269,64.94078947368416,435,568.9
1,B,PREDATOR,96,37.35000000000047,359,157.28400000000073,4,10,94.90749999999981,48.1172499999995,29,568.9
1,B,PREDATOR,97,-12.359999999999994,236,157.28400000000073,337,11,82.68430267062313,56.57999999999958,131,568.9
1,B,PREDATOR,98,64.3033333333318,416,157.28400000000073,337,9,89.28902077151318,37.10666666666668,310,568.9
1,B,PREDATOR,99,960.1050000000008,500,157.28400000000073,337,10,94.24528189910978,48.60925000000002,513,568.9
1,B,PREDATOR,100,13.139999999999587,265,157.28400000000073,337,7,77.77569732937687,53.10285714285691,185,568.9
1,B,PREDATOR,101,-12.289999999999996,229,157.28400000000073,337,11,88.79884272997035,62.526136363636255,58,568.9
1,B,PREDATOR,102,12.959999999999583,291,157.28400000000073,337,10,62.53118694362012,36.701500000000124,42,568.9
1,B,PREDATOR,103,-12.239999999999997,224,157.28400000000073,337,16,82.57643916913949,69.82921875000005,242,568.9
1,B,PREDATOR,104,37.8958333333337,333,157.28400000000073,337,12,94.93922848664687,30.202500000000132,334,568.9
1,B,PREDATOR,105,61.9799999999991,403,157.28400000000073,2,10,94.8999999999998,33.59599999999984,29,568.9
1,B,PREDATOR,106,12.45999999999958,301,157.28400000000073,337,10,81.74492581602374,70.30999999999979,203,568.9
1,B,PREDATOR,107,37.806666666667134,316,157.28400000000073,337,8,73.19792284866473,63.63656249999983,205,568.9
1,B,PREDATOR,108,-12.229999999999997,223,157.28400000000073,8,10,93.52374999999975,62.60299999999977,31,568.9
1,B,PREDATOR,109,-12.239999999999997,224,157.28400000000073,337,11,63.17712166172118,63.4095454545452,321,568.9
1,B,PREDATOR,110,-12.239999999999997,224,157.28400000000073,337,9,55.41691394658762,63.295555555555424,225,568.9
1,B,PREDATOR,111,86.52583333333226,264,157.28400000000073,337,14,92.21258160237389,48.584285714285855,555,568.9
1,B,PREDATOR,112,38.179166666667136,304,157.28400000000073,337,17,75.19905044510386,31.42338235294123,157,568.9
1,B,PREDATOR,113,38.709166666666896,248,157.28400000000073,2,25,91.61499999999968,63.58369999999959,280,568.9
1,B,PREDATOR,114,12.446666666666237,305,157.28400000000073,337,8,77.54991097922853,54.32499999999983,144,568.9
1,B,PREDATOR,115,-12.239999999999997,224,157.28400000000073,6,13,92.96499999999973,62.2369230769229,77,568.9
1,B,PREDATOR,116,-11.360000000000001,136,157.28400000000073,304,12,71.41825657894735,64.04833333333313,21,568.9
1,B,PREDATOR,117,14.899999999999748,209,157.28400000000073,337,12,87.3657863501484,59.6883333333331,158,568.9
1,B,PREDATOR,118,37.50333333333386,349,157.28400000000073,337,8,94.77685459940652,55.4249999999999,329,568.9
1,B,PREDATOR,119,13.839999999999728,195,157.28400000000073,337,12,90.04602373887239,58.59666666666649,70,568.9
1,B,PREDATOR,120,-12.159999999999998,216,157.28400000000073,337,10,61.04074183976265,57.69399999999992,231,568.9
1,B,PREDATOR,121,13.04666666666626,277,157.28400000000073,337,25,85.5159050445104,32.35610000000013,456,568.9
1,B,PREDATOR,122,1043.2058333333346,500,157.28400000000073,337,8,95.04685459940653,36.49749999999993,361,568.9
1,B,PREDATOR,123,12.816666666666242,300,157.28400000000073,337,10,45.814747774480885,55.817249999999675,216,568.9
1,B,PREDATOR,124,718.9625000000025,500,157.28400000000073,1,34,92.67999999999972,51.761102941176055,884,568.9
1,B,PREDATOR,125,12.986666666666261,267,157.28400000000073,337,12,97.19406528189911,42.12479166666643,25,568.9
1,B,PREDATOR,126,3558.2849999999844,500,157.28400000000073,337,7,93.18430267062315,52.871428571428204,450,568.9
1,B,PREDATOR,127,12.223333333332858,330,157.28400000000073,4,10,88.15749999999954,52.060499999999514,79,568.9
1,B,PREDATOR,128,-12.169999999999998,217,157.28400000000073,337,11,96.53002967359052,44.67113636363627,18,568.9
1,B,PREDATOR,129,3493.8266666666464,500,157.28400000000073,337,4,93.4945400593472,69.15499999999955,368,568.9
1,B,PREDATOR,130,-12.409999999999993,241,157.28400000000073,337,10,83.86605341246289,59.57600000000002,303,568.9
1,B,PREDATOR,131,774.4191666666685,500,157.28400000000073,326,133,61.38082822085889,47.755056390977536,1740,568.9
1,B,PREDATOR,132,12.363333333332895,324,157.28400000000073,4,9,92.61249999999973,47.875000000000064,48,568.9
1,B,PREDATOR,133,1592.5500000000022,500,157.28400000000073,337,38,71.80762611275965,56.42526315789477,823,568.9
1,B,PREDATOR,134,4176.044999999972,500,157.28400000000073,337,8,99.4227002967359,35.73499999999979,200,568.9
1,B,PREDATOR,135,-12.319999999999995,232,157.28400000000073,337,11,56.726617210682555,63.42499999999966,227,568.9
1,B,PREDATOR,136,12.709166666666276,280,157.28400000000073,337,34,78.22543026706232,34.50992647058838,409,568.9
1,B,PREDATOR,137,12.909999999999615,280,157.28400000000073,326,11,49.05322085889587,53.613181818181765,436,568.9
1,B,PREDATOR,138,62.63916666666537,341,157.28400000000073,3,60,96.79999999999988,67.89670833333334,768,568.9
1,B,PREDATOR,139,13.039999999999596,283,157.28400000000073,337,11,53.57186943620187,52.02409090909082,209,568.9
1,B,PREDATOR,140,3886.1083333333054,500,157.28400000000073,337,20,98.21750741839762,63.168625000000006,869,568.9
1,B,PREDATOR,141,2355.3024999999934,500,157.28400000000073,337,8,99.77735905044511,38.06406249999973,186,568.9
1,B,PREDATOR,142,12.356666666666174,330,157.28400000000073,337,10,75.31059347181008,43.24100000000011,234,568.9
1,B,PREDATOR,143,-12.409999999999993,241,157.28400000000073,119,18,43.55957983193299,63.601111111110995,485,568.9
1,B,PREDATOR,144,-12.239999999999997,224,157.28400000000073,337,9,98.19433234421365,70.95472222222195,306,568.9
1,B,PREDATOR,145,1089.2983333333361,500,157.28400000000073,2,35,92.64999999999972,45.398357142856824,729,568.9
1,B,PREDATOR,146,-12.179999999999998,218,157.28400000000073,7,19,91.95571428571398,62.729210526315576,227,568.9
1,B,PREDATOR,147,12.820833333332905,274,157.28400000000073,3,10,86.52999999999948,53.686249999999895,113,568.9
1,B,PREDATOR,148,66.02999999999882,398,157.28400000000073,337,7,56.019287833827946,36.62178571428565,275,568.9
1,B,PREDATOR,149,39.59000000000056,367,157.28400000000073,337,12,92.46207715133532,57.508333333333134,634,568.9
1,B,PREDATOR,150,746.5741666666662,500,157.28400000000073,337,24,99.85183976261125,22.322187500000258,509,568.9
1,B,PREDATOR,151,13.193333333332964,281,157.28400000000073,337,16,89.95172106824926,45.952187499999965,404,568.9
1,B,PREDATOR,152,-12.239999999999997,224,157.28400000000073,337,11,69.92937685459951,60.09909090909068,153,568.9
1,B,PREDATOR,153,40.020000000000266,276,157.28400000000073,337,10,65.57124629080124,51.79399999999995,231,568.9
1,B,PREDATOR,154,12.789999999999546,292,157.28400000000073,1,10,81.15999999999929,56.291249999999515,30,568.9
1,B,PREDATOR,155,-12.279999999999996,228,157.28400000000073,8,10,89.55624999999961,61.1799999999998,26,568.9
1,B,PREDATOR,156,3822.979166666646,500,157.28400000000073,337,7,99.08691394658754,42.502857142857124,192,568.9
1,B,PREDATOR,157,-12.509999999999991,251,157.28400000000073,337,9,93.23154302670623,40.98361111111118,12,568.9
1,B,PREDATOR,158,-12.289999999999996,229,157.28400000000073,337,10,59.86255192878349,80.16199999999952,231,568.9
1,B,PREDATOR,159,12.926666666666241,281,157.28400000000073,337,10,96.59415430267062,53.28399999999975,26,568.9
1,B,PREDATOR,160,39.12333333333378,347,157.28400000000073,1,64,86.7999999999995,69.735625,788,568.9
1,B,PREDATOR,161,12.913333333332895,309,157.28400000000073,337,10,84.12525222551933,30.136000000000045,89,568.9
1,B,PREDATOR,162,38.31333333333362,260,157.28400000000073,337,12,71.26412462908017,39.98666666666646,20,568.9
1,B,PREDATOR,163,14.209999999999686,278,157.28400000000073,337,40,79.11548961424339,30.36799999999995,417,568.9
1,B,PREDATOR,164,12.618333333332908,285,157.28400000000073,4,9,90.65499999999965,57.49916666666622,59,568.9
1,B,PREDATOR,165,-12.249999999999996,225,157.28400000000073,6,10,92.0849999999997,68.03574999999942,25,568.9
1,B,PREDATOR,166,1407.2933333333367,500,157.28400000000073,1,72,89.2599999999996,50.48416666666658,1212,568.9
1,B,PREDATOR,167,1428.513333333337,500,157.28400000000073,337,21,99.70231454005932,25.730476190476413,363,568.9
1,B,PREDATOR,168,-12.259999999999996,226,157.28400000000073,337,10,72.61465875370925,70.94199999999961,97,568.9
1,B,PREDATOR,169,12.806666666666215,301,157.28400000000073,337,43,77.12261127596442,40.19802325581413,664,568.9
1,B,PREDATOR,170,37.57000000000049,321,157.28400000000073,2,16,92.64999999999972,56.784999999999684,301,568.9
1,B,PREDATOR,171,31.840000000000373,216,157.28400000000073,337,10,97.38258160237386,53.05599999999998,179,568.9
1,B,PREDATOR,172,-12.57999999999999,258,157.28400000000073,337,16,70.97715133531162,69.95812499999984,383,568.9
1,B,PREDATOR,173,12.936666666666268,272,157.28400000000073,4,10,87.98499999999954,58.14399999999942,34,568.9
1,B,PREDATOR,174,-11.420000000000002,142,157.28400000000073,102,66,67.4242156862745,77.62742424242423,613,568.9
1,B,PREDATOR,175,65.27666666666534,348,157.28400000000073,1,72,96.63999999999987,43.24628472222209,1140,568.9
1,B,PREDATOR,176,-12.509999999999991,251,157.28400000000073,337,11,66.22905044510391,61.354545454545104,292,568.9
1,B,PREDATOR,177,13.489999999999673,278,157.28400000000073,337,7,56.199525222552055,48.89142857142874,223,568.9
1,B,PREDATOR,178,-12.839999999999984,284,157.28400000000073,337,34,90.28172106824924,57.01977941176473,353,568.9
1,B,PREDATOR,179,12.99666666666626,274,157.28400000000073,337,37,88.55240356083085,60.14885135135135,538,568.9
1,B,PREDATOR,180,-12.219999999999997,222,157.28400000000073,337,10,63.80350148367955,61.07799999999978,28,568.9
1,B,PREDATOR,181,-12.509999999999991,251,157.28400000000073,337,10,92.52172106824925,62.450000000000024,423,568.9
1,B,PREDATOR,182,10.331666666666338,179,157.28400000000073,337,12,65.06575667655791,55.203333333333234,97,568.9
1,B,PREDATOR,183,40.370000000000026,361,157.28400000000073,1,101,91.83999999999969,74.14977722772277,1637,568.9
1,B,PREDATOR,184,1596.8833333333343,500,157.28400000000073,337,9,97.01943620178041,34.255555555555574,391,568.9
1,B,PREDATOR,185,1368.0275000000038,500,157.28400000000073,337,6,56.28729970326429,43.90999999999986,460,568.9
1,B,PREDATOR,186,13.726666666666391,193,157.28400000000073,337,22,79.20047477744814,46.758977272727314,121,568.9
1,B,PREDATOR,187,-12.459999999999992,246,157.28400000000073,337,11,99.6655489614243,57.28045454545441,23,568.9
1,B,PREDATOR,188,5312.185833333318,500,157.28400000000073,337,18,93.16946587537086,25.91847222222252,892,568.9
1,B,PREDATOR,189,650.6825000000036,490,157.28400000000073,2,89,91.23999999999967,54.73356741573028,1225,568.9
1,B,PREDATOR,190,-12.249999999999996,225,157.28400000000073,337,17,62.661899109792344,67.39764705882347,463,568.9
1,B,PREDATOR,191,90.16749999999831,388,157.28400000000073,337,6,97.96195845697328,39.803333333333484,58,568.9
1,B,PREDATOR,192,38.41583333333363,327,157.28400000000073,4,53,89.07999999999959,51.98316037735847,839,568.9
1,B,PREDATOR,193,-12.58999999999999,259,157.28400000000073,337,9,98.54462908011868,57.66444444444413,63,568.9
1,B,PREDATOR,194,62.55666666666516,356,157.28400000000073,1,10,88.23999999999955,53.50999999999938,39,568.9
1,B,PREDATOR,195,424.8258333333355,500,157.28400000000073,337,6,96.42635014836787,44.35625000000011,1139,568.9
1,B,PREDATOR,196,36.03666666666705,285,157.28400000000073,337,11,89.24258160237383,44.2720454545454,198,568.9
1,B,PREDATOR,197,-12.11,211,157.28400000000073,337,10,66.50139465875372,71.82599999999975,42,568.9
1,B,PREDATOR,198,12.873333333332903,289,157.28400000000073,4,38,89.3199999999996,69.4663815789469,669,568.9
1,B,PREDATOR,199,12.343333333332845,326,157.28400000000073,337,10,67.046290801187,38.320000000000086,327,568.9
1,B,PREDATOR,200,12.489999999999545,314,157.28400000000073,6,18,89.6399999999996,59.32680555555534,450,568.9
1,B,PREDATOR,201,13.616666666666385,196,157.28400000000073,337,11,61.01100890207717,69.90704545454538,142,568.9
1,B,PREDATOR,202,13.056666666666269,268,157.28400000000073,119,37,45.20697478991612,44.407297297297376,599,568.9
1,B,PREDATOR,203,-12.479999999999992,248,157.28400000000073,337,9,75.73928783382789,59.04444444444427,205,568.9
1,B,PREDATOR,204,-12.309999999999995,231,157.28400000000073,337,8,99.54427299703264,59.21749999999993,26,568.9
1,B,PREDATOR,205,1046.953333333335,500,157.28400000000073,337,13,92.45525222551929,69.13384615384616,1097,568.9
1,B,PREDATOR,206,-11.65,165,157.28400000000073,337,11,89.9991988130564,58.85113636363624,44,568.9
1,B,PREDATOR,207,12.1166666666661,378,157.28400000000073,337,11,98.08709198813054,36.417727272727404,394,568.9
1,B,PREDATOR,208,63.25333333333209,321,157.28400000000073,1,10,99.63999999999999,51.819999999999595,35,568.9
1,B,PREDATOR,209,988.957500000002,500,157.28400000000073,337,8,99.17973293768546,42.00375000000005,300,568.9
1,B,PREDATOR,210,-12.259999999999996,226,157.28400000000073,337,10,93.86415430267061,53.29224999999984,87,568.9
1,B,PREDATOR,211,12.469999999999535,308,157.28400000000073,337,9,99.45442136498517,28.55555555555567,20,568.9
1,B,PREDATOR,212,57.653333333331794,325,157.28400000000073,337,10,64.96652818991107,45.05999999999999,324,568.9
1,B,PREDATOR,213,63.945833333331926,330,157.28400000000073,337,9,90.51652818991099,51.65111111111128,194,568.9
1,B,PREDATOR,214,-12.509999999999991,251,157.28400000000073,337,11,77.91575667655786,55.47272727272702,172,568.9
1,B,PREDATOR,215,38.86333333333392,357,157.28400000000073,4,47,89.98749999999961,65.79654255319153,952,568.9
1,B,PREDATOR,216,12.283333333332818,348,157.28400000000073,337,11,83.85222551928787,57.89454545454541,371,568.9
1,B,PREDATOR,217,90.17999999999938,498,157.28400000000073,337,8,93.16786350148355,37.57749999999968,287,568.9
1,B,PREDATOR,218,-12.199999999999998,220,157.28400000000073,337,10,74.06080118694366,65.85799999999989,429,568.9
1,B,PREDATOR,219,-12.709999999999987,271,157.28400000000073,337,10,82.23753709198816,64.76199999999974,308,568.9
1,B,PREDATOR,220,62.64333333333199,366,157.28400000000073,337,9,90.14287833827893,47.65111111111116,167,568.9
1,B,PREDATOR,221,182.13333333333307,500,157.28400000000073,337,7,68.75934718100902,45.385714285714336,640,568.9
1,B,PREDATOR,222,182.0341666666679,500,157.28400000000073,1,79,99.75999999999999,53.707879746835495,1470,568.9
1,B,PREDATOR,223,35.83333333333398,476,157.28400000000073,3,10,80.68999999999927,22.954499999999932,30,568.9
1,B,PREDATOR,224,1230.2825000000012,500,157.28400000000073,337,10,98.22483679525222,33.807750000000006,245,568.9
1,B,PREDATOR,225,88.31666666666524,351,157.28400000000073,337,10,69.48534124629089,58.01799999999967,437,568.9
1,B,PREDATOR,226,-11.430000000000001,143,157.28400000000073,337,17,76.28884272997037,57.463529411764696,125,568.9
1,B,PREDATOR,227,-12.659999999999988,266,157.28400000000073,337,9,98.06127596439167,46.82888888888887,98,568.9
1,B,PREDATOR,228,12.576666666666197,308,157.28400000000073,2,42,85.92999999999947,57.231369047619054,882,568.9
1,B,PREDATOR,229,12.519999999999508,327,157.28400000000073,5,19,93.56799999999976,66.13315789473647,460,568.9
1,B,PREDATOR,230,13.4599999999998,353,157.28400000000073,337,10,98.09786350148369,46.00000000000007,192,568.9
1,B,PREDATOR,231,12.42999999999949,336,157.28400000000073,312,57,83.87192307692305,78.78960526315787,968,568.9
1,B,PREDATOR,232,-12.309999999999995,231,157.28400000000073,337,11,86.61181008902079,59.69272727272712,121,568.9
1,B,PREDATOR,233,12.706666666666242,287,157.28400000000073,337,9,73.67893175074181,49.67777777777776,423,568.9
1,B,PREDATOR,234,-12.369999999999994,237,157.28400000000073,4,42,90.18249999999964,66.8027976190476,819,568.9
1,B,PREDATOR,235,38.04666666666729,364,157.28400000000073,337,8,90.4426112759644,70.1875,426,568.9
1,B,PREDATOR,236,12.593333333332902,293,157.28400000000073,3,10,95.91999999999985,53.05999999999947,40,568.9
1,B,PREDATOR,237,-11.4,140,157.28400000000073,337,11,76.30127596439169,75.76909090909072,24,568.9
1,B,PREDATOR,238,4025.774166666645,500,157.28400000000073,337,8,98.5220178041543,45.63999999999998,516,568.9
1,B,PREDATOR,239,-12.289999999999996,229,157.28400000000073,7,11,90.18999999999961,61.414545454545106,33,568.9
1,B,PREDATOR,240,145.78666666666973,431,157.28400000000073,2,10,96.99999999999989,34.70999999999983,55,568.9
1,B,PREDATOR,241,13.729999999999658,326,157.28400000000073,3,35,99.19999999999997,60.79435714285692,727,568.9
1,B,PREDATOR,242,4609.657499999977,500,157.28400000000073,337,6,92.78839762611275,76.04666666666661,797,568.9
1,B,PREDATOR,243,3132.8849999999875,500,157.28400000000073,337,6,97.61370919881305,40.123750000000065,539,568.9
1,B,PREDATOR,244,-12.759999999999986,276,157.28400000000073,337,10,70.93780415430267,49.67724999999994,213,568.9
1,B,PREDATOR,245,1626.2400000000032,500,157.28400000000073,82,88,71.49329268292682,70.93267045454549,1366,568.9
1,B,PREDATOR,246,12.656666666666206,300,157.28400000000073,337,10,43.17691394658773,48.04999999999977,248,568.9
1,B,PREDATOR,247,-11.520000000000001,152,157.28400000000073,337,11,65.41181008902082,68.25818181818175,294,568.9
1,B,PREDATOR,248,3256.8224999999456,500,157.28400000000073,2,83,97.83999999999992,51.5233433734938,2143,568.9
1,B,PREDATOR,249,-13.48999999999997,349,157.28400000000073,337,8,83.92869436201784,60.30749999999993,601,568.9
1,B,PREDATOR,250,12.519999999999678,295,157.28400000000073,337,12,69.38118694362026,59.94666666666651,329,568.9
1,B,PREDATOR,251,-12.139999999999999,214,157.28400000000073,337,10,88.42020771513356,64.11799999999974,56,568.9
1,B,PREDATOR,252,1451.5008333333335,500,157.28400000000073,3,107,92.1399999999997,39.99640186915908,1475,568.9
1,B,PREDATOR,253,13.04666666666627,261,157.28400000000073,337,9,65.24902077151339,61.20027777777742,121,568.9
1,B,PREDATOR,254,13.439999999999587,355,157.28400000000073,337,7,54.449643916914134,49.98571428571408,257,568.9
1,B,PREDATOR,255,3112.5858333332994,500,157.28400000000073,337,20,97.83382789317507,63.709124999999915,584,568.9
1,B,PREDATOR,256,38.08333333333382,315,157.28400000000073,337,11,81.64830860534127,38.46909090909076,36,568.9
1,B,PREDATOR,257,-12.159999999999998,216,157.28400000000073,337,10,85.32952522255194,63.201999999999785,188,568.9
1,B,PREDATOR,258,12.733333333332899,287,157.28400000000073,337,11,83.98709198813054,54.3763636363635,196,568.9
1,B,PREDATOR,259,367.51666666666864,373,157.28400000000073,3,13,89.58999999999962,51.807692307691994,117,568.9
1,B,PREDATOR,260,-12.409999999999993,241,157.28400000000073,337,10,92.17575667655787,60.39774999999988,73,568.9
1,B,PREDATOR,261,14.479999999999732,251,157.28400000000073,337,13,81.87928783382793,51.160769230769205,264,568.9
1,B,PREDATOR,262,12.17666666666611,356,157.28400000000073,54,10,81.99388888888883,47.991999999999564,31,568.9
1,B,PREDATOR,263,443.11000000000195,394,157.28400000000073,3,46,90.07999999999963,32.77880434782613,1338,568.9
1,B,PREDATOR,264,173.81000000000165,259,157.28400000000073,337,12,83.62961424332336,48.66020833333343,244,568.9
1,B,PREDATOR,265,2743.7083333332835,500,157.28400000000073,0,46,0.0,38.77097826086941,975,568.9
1,B,PREDATOR,266,63.94333333333183,308,157.28400000000073,6,9,90.63499999999965,51.7441666666664,25,568.9
1,B,PREDATOR,267,1793.0591666666662,500,157.28400000000073,337,6,96.11442136498516,47.85541666666669,385,568.9
1,B,PREDATOR,268,6611.85166666664,500,157.28400000000073,337,7,98.57299703264094,37.576785714285556,315,568.9
1,B,PREDATOR,269,13.041666666666325,264,157.28400000000073,337,11,74.34988130563796,53.907272727272726,326,568.9
1,B,PREDATOR,270,223.57583333333673,500,157.28400000000073,3,7,94.8399999999998,37.273214285714076,64,568.9
1,B,PREDATOR,271,-11.48,148,157.28400000000073,337,11,79.38661721068252,66.43818181818169,82,568.9
1,B,PREDATOR,272,504.6633333333356,500,157.28400000000073,337,7,74.12296735905043,21.922857142856998,70,568.9
1,B,PREDATOR,273,63.446666666665344,299,157.28400000000073,3,12,97.67999999999991,57.780208333333015,124,568.9
1,B,PREDATOR,274,62.339166666665456,355,157.28400000000073,2,10,95.49999999999983,42.153999999999634,31,568.9
1,B,PREDATOR,275,-11.290000000000001,129,157.28400000000073,337,13,77.4165578635015,59.398846153846044,30,568.9
1,B,PREDATOR,276,87.2741666666651,346,157.28400000000073,337,8,99.50818991097921,38.59968749999989,57,568.9
1,B,PREDATOR,277,-12.98999999999998,299,157.28400000000073,2,53,90.80499999999965,62.665943396226126,768,568.9
1,B,PREDATOR,278,-12.729999999999986,273,157.28400000000073,337,15,86.1110979228487,45.58233333333338,163,568.9
1,B,PREDATOR,279,12.553333333332885,305,157.28400000000073,337,19,98.1554302670623,27.419868421052893,344,568.9
1,B,PREDATOR,280,12.319999999999512,331,157.28400000000073,8,9,93.22749999999974,56.23027777777718,23,568.9
1,B,PREDATOR,281,37.930000000000625,373,157.28400000000073,337,26,74.31688427299703,72.14644230769231,1015,568.9
1,B,PREDATOR,282,-12.779999999999985,278,157.28400000000073,337,11,88.893293768546,40.964545454545515,216,568.9
1,B,PREDATOR,283,-12.959999999999981,296,157.28400000000073,0,19,0.0,65.94986842105223,323,568.9
1,B,PREDATOR,284,12.113333333332884,341,157.28400000000073,337,9,99.86442136498516,42.16583333333328,70,568.9
1,B,PREDATOR,285,-12.859999999999983,286,157.28400000000073,2,24,82.68999999999934,58.61135416666631,231,568.9
1,B,PREDATOR,286,84.76333333333163,387,157.28400000000073,337,8,69.34270029673597,46.03750000000005,335,568.9
1,B,PREDATOR,287,37.71000000000046,331,157.28400000000073,191,10,44.54910994764418,50.35199999999965,182,568.9
1,B,PREDATOR,288,12.936666666666179,360,157.28400000000073,337,16,90.8699109792285,40.9057812500001,920,568.9
1,B,PREDATOR,289,12.88333333333293,280,157.28400000000073,3,10,88.03999999999955,53.65999999999955,34,568.9
1,B,PREDATOR,290,409.73500000000314,500,157.28400000000073,337,29,52.99219584569746,32.56327586206932,1220,568.9
1,B,PREDATOR,291,37.346666666667346,466,157.28400000000073,302,26,57.82294701986764,59.07423076923086,863,568.9
1,B,PREDATOR,292,-12.379999999999994,238,157.28400000000073,337,9,99.33878338278932,61.200277777777515,136,568.9
1,B,PREDATOR,293,-12.629999999999988,263,157.28400000000073,337,11,86.74756676557865,49.70113636363621,173,568.9
1,B,PREDATOR,294,-12.739999999999986,274,157.28400000000073,293,20,54.44962457337892,70.31437499999993,476,568.9
1,B,PREDATOR,295,-12.299999999999995,230,157.28400000000073,337,10,59.19540059347194,61.71199999999978,288,568.9
1,B,PREDATOR,296,-12.829999999999984,283,157.28400000000073,250,39,63.18376000000001,64.99166666666666,465,568.9
1,B,PREDATOR,297,11.793333333332745,389,157.28400000000073,337,8,99.7772700296736,34.7759375,92,568.9
1,B,PREDATOR,298,-12.759999999999986,276,157.28400000000073,1,33,83.61999999999938,68.35363636363618,638,568.9
1,B,PREDATOR,299,-12.489999999999991,249,157.28400000000073,337,10,55.83385756676567,42.18799999999986,73,568.9
1,B,PREDATOR,300,-12.179999999999998,218,157.28400000000073,120,11,68.49066666666664,57.93272727272685,22,568.9
1,B,PREDATOR,301,-12.98999999999998,299,157.28400000000073,207,47,65.42314009661835,58.80994680851066,715,568.9
1,B,PREDATOR,302,36.99666666666718,397,157.28400000000073,337,8,96.23335311572698,37.37656249999993,261,568.9
1,B,PREDATOR,303,4790.096666666623,500,157.28400000000073,337,25,70.74296735905047,63.72329999999998,1046,568.9
1,B,PREDATOR,304,1820.4075000000016,500,157.28400000000073,1,47,98.91999999999996,52.15111702127658,959,568.9
1,B,PREDATOR,305,38.6633333333338,297,157.28400000000073,337,10,82.65928783382796,36.2277500000001,15,568.9
1,B,PREDATOR,306,1114.2850000000024,500,157.28400000000073,1,148,96.99999999999989,41.180523648648865,2716,568.9
1,B,PREDATOR,307,753.1975000000039,500,157.28400000000073,337,18,91.2793768545994,66.94930555555563,503,568.9
1,B,PREDATOR,308,-12.489999999999991,249,157.28400000000073,337,10,91.51925816023738,65.06799999999986,308,568.9
1,B,PREDATOR,309,12.176666666666131,348,157.28400000000073,337,22,98.23083086053411,31.141136363636516,447,568.9
1,B,PREDATOR,310,146.61999999999983,500,157.28400000000073,0,8,0.0,35.398124999999595,30,568.9
1,B,PREDATOR,311,5828.424999999972,500,157.28400000000073,337,6,93.65545994065282,67.6599999999997,732,568.9
1,B,PREDATOR,312,-12.11,211,157.28400000000073,337,11,84.59540059347184,58.38909090909081,212,568.9
1,B,PREDATOR,313,-12.739999999999986,274,157.28400000000073,337,10,72.77272997032648,59.63399999999975,255,568.9
1,B,PREDATOR,314,-12.639999999999988,264,157.28400000000073,305,92,62.914000000000016,48.16309782608709,1313,568.9
1,B,PREDATOR,315,-12.419999999999993,242,157.28400000000073,337,10,61.07934718100896,73.08399999999976,309,568.9
1,B,PREDATOR,316,878.4766666666701,491,157.28400000000073,337,32,68.2210385756678,27.124375000000313,795,568.9
1,B,PREDATOR,317,-12.409999999999993,241,157.28400000000073,337,18,70.45548961424339,67.2976388888888,353,568.9
1,B,PREDATOR,318,13.123333333332925,264,157.28400000000073,5,10,88.83999999999958,58.59399999999954,26,568.9
1,B,PREDATOR,319,6.073333333332991,219,157.28400000000073,337,9,76.29910979228492,76.51333333333292,233,568.9
1,B,PREDATOR,320,128.16333333333603,500,157.28400000000073,1,59,83.46999999999937,36.84177966101673,1386,568.9
1,B,PREDATOR,321,13.156666666666313,258,157.28400000000073,337,10,64.75789317507422,41.38475000000016,15,568.9
1,B,PREDATOR,322,11.559999999999372,431,157.28400000000073,337,9,97.7193471810089,53.19027777777778,453,568.9
1,B,PREDATOR,323,-11.55,155,157.28400000000073,182,23,53.137692307692355,67.89249999999997,327,568.9
1,B,PREDATOR,324,5073.831666666648,500,157.28400000000073,337,9,99.06175074183976,20.03555555555566,551,568.9
1,B,PREDATOR,325,61.95999999999791,445,157.28400000000073,2,9,91.05999999999966,31.71777777777755,28,568.9
1,B,PREDATOR,326,38.10333333333387,345,157.28400000000073,337,19,99.76089020771512,29.80855263157905,132,568.9
1,B,PREDATOR,327,6376.506666666628,500,157.28400000000073,337,5,99.29290801186943,40.77349999999991,282,568.9
1,B,PREDATOR,328,1502.0375000000026,500,157.28400000000073,337,12,72.62821958456979,40.184999999999924,770,568.9
1,B,PREDATOR,329,37.773333333334,362,157.28400000000073,7,15,81.97142857142849,48.35383333333293,219,568.9
1,B,PREDATOR,330,2060.3875000000007,500,157.28400000000073,337,6,82.20445103857574,53.5400000000002,971,568.9
1,B,PREDATOR,331,2986.578333333274,500,157.28400000000073,337,4,69.35626112759655,75.26499999999987,599,568.9
1,B,PREDATOR,332,-11.8,180,157.28400000000073,337,11,92.96830860534125,57.790909090909004,18,568.9
1,B,PREDATOR,333,5087.187499999975,500,157.28400000000073,337,9,97.71801186943621,40.973333333333265,477,568.9
1,B,PREDATOR,334,5960.047499999981,500,157.28400000000073,337,20,64.90364985163212,68.75887499999983,1054,568.9
1,B,PREDATOR,335,205.5600000000038,500,157.28400000000073,2,53,82.20999999999933,40.815188679245516,1002,568.9
1,B,PREDATOR,336,-13.889999999999961,389,157.28400000000073,1,63,93.36999999999975,49.71734126984082,1073,568.9
1,B,PREDATOR,337,61.99249999999801,419,157.28400000000073,1,10,81.15999999999929,38.843999999999546,148,568.9
1,B,PREDATOR,338,3198.3074999999826,500,157.28400000000073,337,41,81.01118694362017,62.206951219512234,946,568.9
1,B,PREDATOR,339,182.4191666666698,500,157.28400000000073,337,13,98.87270029673593,33.98903846153851,642,568.9
1,B,PREDATOR,340,12.993333333332929,269,157.28400000000073,5,10,87.27399999999952,53.629999999999555,42,568.9
1,B,PREDATOR,341,64.25666666666532,290,157.28400000000073,337,12,99.50620178041542,43.35854166666641,50,568.9
1,B,PREDATOR,342,1557.0925000000018,500,157.28400000000073,1,45,89.01999999999958,61.25805555555539,1338,568.9
1,B,PREDATOR,343,829.3366666666699,449,157.28400000000073,4,27,91.90749999999969,26.796296296296436,811,568.9
1,B,PREDATOR,344,37.67666666666728,345,157.28400000000073,337,14,99.64246290801185,40.74875000000007,169,568.9
1,B,PREDATOR,345,1911.7450000000006,500,157.28400000000073,0,88,0.0,59.22039772727267,1697,568.9
1,B,PREDATOR,346,13.126666666666273,269,157.28400000000073,337,13,56.96836795252234,55.61000000000008,509,568.9
1,B,PREDATOR,347,-12.659999999999988,266,157.28400000000073,2,31,89.5149999999996,59.51564516129017,451,568.9
1,B,PREDATOR,348,5036.628333333294,500,157.28400000000073,337,11,97.80741839762611,47.846363636363634,869,568.9
1,B,PREDATOR,349,37.126666666667354,440,157.28400000000073,337,6,94.73391691394649,49.299583333333175,349,568.9
1,B,PREDATOR,350,-12.53999999999999,254,157.28400000000073,337,10,98.88955489614243,60.24999999999991,70,568.9
2,A,PREY,1,628.030000000001,131,92.67600000000006,337,34,75.56827893175075,60.39125000000001,135,242.7
2,A,PREY,2,68.82,16,92.67600000000006,23,11,96.70521739130422,83.86363636363636,8,242.7
2,A,PREY,3,388.02000000000015,88,92.67600000000006,337,11,92.35718100890203,79.51999999999992,14,242.7
2,A,PREY,4,-12.14,14,92.67600000000006,32,10,93.9159374999999,85.00324999999997,3,242.7
2,A,PREY,5,2314.4199999999887,500,92.67600000000006,338,6,97.99594674556208,35.81999999999933,13,242.7
2,A,PREY,6,26.84000000000001,15,92.67600000000006,27,10,96.62444444444431,87.80199999999998,4,242.7
2,A,PREY,7,1306.1700000000021,300,92.67600000000006,337,11,88.49685459940652,54.310454545454064,17,242.7
2,A,PREY,8,187.81000000000006,14,92.67600000000006,26,10,97.11076923076911,90.25599999999999,5,242.7
2,A,PREY,9,107.32999999999997,14,92.67600000000006,28,11,96.75678571428557,75.17454545454545,3,242.7
2,A,PREY,10,428.76000000000033,63,92.67600000000006,222,13,80.8037387387387,64.7984615384615,14,242.7
2,A,PREY,11,169.2800000000002,67,92.67600000000006,165,12,88.28181818181811,65.12999999999992,9,242.7
2,A,PREY,12,738.9100000000012,140,92.67600000000006,337,29,71.32729970326409,66.18293103448275,116,242.7
2,A,PREY,13,428.6300000000006,76,92.67600000000006,230,11,70.49926086956519,81.85568181818176,18,242.7
2,A,PREY,14,2983.9499999999816,430,92.67600000000006,337,8,99.43439169139465,56.564062499999395,19,242.7
2,A,PREY,15,378.20000000000033,70,92.67600000000006,85,12,90.76811764705873,63.5733333333333,11,242.7
2,A,PREY,16,106.80999999999995,16,92.67600000000006,31,11,96.39645161290314,81.3581818181818,6,242.7
2,A,PREY,17,1746.9600000000019,210,92.67600000000006,337,48,89.75127596439167,50.81437500000006,202,242.7
2,A,PREY,18,2714.319999999989,500,92.67600000000006,338,6,97.64455621301775,30.899999999999427,12,242.7
2,A,PREY,19,3423.319999999964,482,92.67600000000006,337,54,89.08902077151335,47.5510648148149,274,242.7
2,A,PREY,20,3754.059999999961,500,92.67600000000006,338,13,98.85928994082839,52.51384615384605,56,242.7
2,A,PREY,21,67.32999999999996,15,92.67600000000006,28,11,93.06321428571415,77.43272727272725,4,242.7
2,A,PREY,22,1745.6900000000023,237,92.67600000000006,337,131,74.45830860534126,51.05608778625962,670,242.7
2,A,PREY,23,4113.969999999958,500,92.67600000000006,338,18,94.50106508875733,61.15236111111095,88,242.7
2,A,PREY,24,1226.8700000000017,182,92.67600000000006,337,57,92.3053709198813,50.039429824561445,230,242.7
2,A,PREY,25,299.2800000000002,64,92.67600000000006,90,11,88.09133333333324,73.87999999999994,8,242.7
2,A,PREY,26,146.32000000000002,14,92.67600000000006,27,11,97.13555555555546,79.44,5,242.7
2,A,PREY,27,422.2600000000005,63,92.67600000000006,49,15,86.38040816326522,71.79149999999998,32,242.7
2,A,PREY,28,3754.059999999966,500,92.67600000000006,338,83,89.5021597633136,52.934156626506045,398,242.7
2,A,PREY,29,1666.2200000000016,186,92.67600000000006,337,10,91.57216617210675,52.37874999999966,9,242.7
2,A,PREY,30,25.350000000000023,14,92.67600000000006,28,11,96.74035714285701,77.38909090909091,4,242.7
2,A,PREY,31,1815.3000000000022,224,92.67600000000006,337,76,93.11115727002965,63.08171052631578,365,242.7
2,A,PREY,32,3954.009999999959,500,92.67600000000006,1,134,99.72999999999999,51.93781716417909,1431,242.7
2,A,PREY,33,65.35000000000001,13,92.67600000000006,30,11,97.58266666666658,77.43272727272725,4,242.7
2,A,PREY,34,148.67000000000002,29,92.67600000000006,24,12,94.33499999999977,69.57604166666665,7,242.7
2,A,PREY,35,221.6500000000001,29,92.67600000000006,36,12,93.31083333333322,70.4583333333333,8,242.7
2,A,PREY,36,4753.8099999999495,500,92.67600000000006,2,110,97.62999999999991,54.97597727272714,854,242.7
2,A,PREY,37,2745.5299999999916,278,92.67600000000006,318,135,63.00613207547169,59.126333333333356,867,242.7
2,A,PREY,38,948.4700000000007,79,92.67600000000006,337,12,95.75937685459937,63.918124999999925,12,242.7
2,A,PREY,39,2945.7399999999884,302,92.67600000000006,337,35,96.81154302670623,52.898142857142844,146,242.7
2,A,PREY,40,748.1400000000007,67,92.67600000000006,72,13,84.52069444444436,64.00884615384612,14,242.7
2,A,PREY,41,146.27999999999997,18,92.67600000000006,32,11,90.3584374999999,83.27454545454546,8,242.7
2,A,PREY,42,1907.110000000002,191,92.67600000000006,337,95,91.87902077151334,53.19881578947372,387,242.7
2,A,PREY,43,828.4700000000008,82,92.67600000000006,257,11,87.20630350194548,72.40249999999986,8,242.7
2,A,PREY,44,1893.4000000000017,162,92.67600000000006,337,10,98.11412462908005,59.28199999999988,12,242.7
2,A,PREY,45,2104.7599999999998,221,92.67600000000006,337,81,78.71614243323444,46.06114197530869,408,242.7
2,A,PREY,46,108.77,20,92.67600000000006,33,11,90.62212121212109,80.28363636363635,6,242.7
2,A,PREY,47,1017.090000000001,115,92.67600000000006,337,10,81.59649851632044,75.93399999999966,8,242.7
2,A,PREY,48,619.1900000000005,65,92.67600000000006,22,12,88.89272727272687,75.57333333333328,16,242.7
2,A,PREY,49,1219.2700000000013,142,92.67600000000006,337,40,87.24979228486644,67.82618750000002,158,242.7
2,A,PREY,50,4424.869999999973,352,92.67600000000006,337,9,97.853768545994,56.415555555555,22,242.7
2,A,PREY,51,6433.389999999926,500,92.67600000000006,338,4,99.68171597633136,51.4299999999994,21,242.7
2,A,PREY,52,3026.349999999992,239,92.67600000000006,4,103,88.03749999999954,60.98133495145631,806,242.7
2,A,PREY,53,1428.0100000000011,113,92.67600000000006,337,12,72.43836795252224,55.51187499999989,11,242.7
2,A,PREY,54,6593.349999999925,500,92.67600000000006,1,101,99.45999999999998,53.524554455445156,1095,242.7
2,A,PREY,55,26.350000000000023,14,92.67600000000006,25,10,96.88119999999988,91.89399999999999,6,242.7
2,A,PREY,56,4513.869999999938,500,92.67600000000006,338,6,99.53423076923075,36.869999999999386,11,242.7
2,A,PREY,57,2547.0499999999956,181,92.67600000000006,337,101,72.63910979228486,43.209257425742656,504,242.7
2,A,PREY,58,1506.5100000000011,111,92.67600000000006,337,12,87.86100890207712,57.13666666666657,10,242.7
2,A,PREY,59,3625.7099999999864,288,92.67600000000006,337,87,84.71011869436201,47.53382183908055,486,242.7
2,A,PREY,60,228.7500000000001,19,92.67600000000006,26,10,96.72961538461529,96.22599999999998,9,242.7
2,A,PREY,61,146.29000000000008,17,92.67600000000006,23,11,96.31913043478248,83.9,8,242.7
2,A,PREY,62,7073.229999999919,500,92.67600000000006,3,116,98.85999999999996,34.4602801724139,1249,242.7
2,A,PREY,63,3386.2599999999875,239,92.67600000000006,337,110,80.77264094955491,58.1157954545455,556,242.7
2,A,PREY,64,582.2000000000006,65,92.67600000000006,24,11,89.26708333333293,71.29090909090904,8,242.7
2,A,PREY,65,26.330000000000034,16,92.67600000000006,25,11,96.59439999999988,80.27272727272727,6,242.7
2,A,PREY,66,495.71000000000055,66,92.67600000000006,278,11,83.99553956834528,77.35090909090898,10,242.7
2,A,PREY,67,5343.459999999952,420,92.67600000000006,0,104,0.0,69.06502403846136,796,242.7
2,A,PREY,68,2626.2499999999945,159,92.67600000000006,337,11,80.23498516320473,61.73431818181791,11,242.7
2,A,PREY,69,2465.8399999999956,204,92.67600000000006,337,15,97.80216617210677,43.69433333333325,28,242.7
2,A,PREY,70,902.6200000000007,65,92.67600000000006,94,18,88.76382978723396,75.39361111111107,47,242.7
2,A,PREY,71,6873.279999999924,500,92.67600000000006,338,3,99.59937869822484,71.03999999999981,21,242.7
2,A,PREY,72,6873.279999999921,500,92.67600000000006,338,50,83.43597633136093,60.53164999999996,245,242.7
2,A,PREY,73,188.46000000000032,49,92.67600000000006,16,12,91.06312499999969,79.49229166666666,18,242.7
2,A,PREY,74,3384.4899999999857,266,92.67600000000006,337,80,73.66448071216617,58.90350000000002,364,242.7
2,A,PREY,75,693.6300000000007,69,92.67600000000006,65,10,89.54692307692301,85.72599999999981,9,242.7
2,A,PREY,76,508.49000000000035,38,92.67600000000006,43,11,93.6469767441859,83.31818181818177,10,242.7
2,A,PREY,77,662.8800000000005,45,92.67600000000006,69,12,92.29594202898542,70.99,11,242.7
2,A,PREY,78,148.33000000000004,13,92.67600000000006,32,11,97.1740624999999,74.19272727272727,2,242.7
2,A,PREY,79,8112.969999999914,500,92.67600000000006,338,5,99.62810650887575,61.467999999999506,24,242.7
2,A,PREY,80,268.3000000000001,13,92.67600000000006,31,10,97.22225806451603,82.27599999999998,1,242.7
2,A,PREY,81,1667.620000000001,96,92.67600000000006,337,15,84.8348367952522,74.77233333333321,37,242.7
2,A,PREY,82,6464.169999999943,371,92.67600000000006,300,147,76.25003333333333,56.94314625850346,786,242.7
2,A,PREY,83,107.83999999999999,13,92.67600000000006,26,10,97.50999999999989,90.42999999999998,5,242.7
2,A,PREY,84,468.5600000000003,32,92.67600000000006,27,11,88.3144444444443,86.09772727272725,11,242.7
2,A,PREY,85,1347.680000000001,98,92.67600000000006,337,17,89.15857566765575,74.0804411764705,50,242.7
2,A,PREY,86,5424.899999999966,324,92.67600000000006,1,164,96.60999999999987,59.074893292683,1456,242.7
2,A,PREY,87,68.39,9,92.67600000000006,32,11,97.95968749999993,74.10704545454544,1,242.7
2,A,PREY,88,293.2900000000006,63,92.67600000000006,44,11,88.59772727272706,74.36181818181812,10,242.7
2,A,PREY,89,616.2000000000005,114,92.67600000000006,337,15,97.76537091988126,70.32683333333324,35,242.7
2,A,PREY,90,2507.409999999998,146,92.67600000000006,337,79,67.03961424332344,55.399082278481025,438,242.7
2,A,PREY,91,3266.829999999993,185,92.67600000000006,185,125,79.27654054054052,71.45510000000002,897,242.7
2,A,PREY,92,227.79000000000013,15,92.67600000000006,34,10,96.98970588235285,87.32199999999997,4,242.7
2,A,PREY,93,468.5000000000003,38,92.67600000000006,70,11,93.50928571428562,80.23431818181813,9,242.7
2,A,PREY,94,4857.429999999972,285,92.67600000000006,337,15,74.8388427299704,52.726666666666496,51,242.7
2,A,PREY,95,561.5100000000007,84,92.67600000000006,44,10,87.54113636363626,88.63599999999985,14,242.7
2,A,PREY,96,8112.96999999991,500,92.67600000000006,1,88,100.0,58.32357954545432,708,242.7
2,A,PREY,97,67.26999999999997,21,92.67600000000006,24,10,95.59374999999983,91.80999999999997,7,242.7
2,A,PREY,98,28.410000000000004,8,92.67600000000006,30,11,98.43699999999997,73.64181818181817,1,242.7
2,A,PREY,99,335.24999999999983,116,92.67600000000006,337,10,91.8429376854599,81.71799999999975,14,242.7
2,A,PREY,100,2626.669999999996,167,92.67600000000006,337,35,94.4501483679525,56.223142857142854,127,242.7
2,A,PREY,101,66.79999999999997,18,92.67600000000006,34,11,90.47705882352932,76.50568181818177,4,242.7
2,A,PREY,102,8912.769999999902,500,92.67600000000006,338,33,97.11381656804731,50.57825757575758,157,242.7
2,A,PREY,103,426.09000000000026,30,92.67600000000006,27,12,94.36296296296278,67.13166666666665,7,242.7
2,A,PREY,104,4745.639999999976,267,92.67600000000006,337,169,59.59373887240361,52.22035502958582,1226,242.7
2,A,PREY,105,3187.149999999994,155,92.67600000000006,337,12,77.10569732937688,52.199374999999826,10,242.7
2,A,PREY,106,1188.4400000000007,76,92.67600000000006,100,13,81.19669999999992,57.30173076923078,13,242.7
2,A,PREY,107,547.0700000000003,29,92.67600000000006,39,11,93.10205128205115,77.9672727272727,7,242.7
2,A,PREY,108,2625.0499999999934,179,92.67600000000006,173,132,77.37092485549131,69.11676136363641,951,242.7
2,A,PREY,109,501.4600000000004,41,92.67600000000006,59,11,88.01898305084738,78.21681818181813,8,242.7
2,A,PREY,110,269.2900000000001,14,92.67600000000006,29,11,96.53862068965509,85.92727272727274,8,242.7
2,A,PREY,111,868.7700000000004,51,92.67600000000006,164,12,85.07634146341461,73.8683333333333,12,242.7
2,A,PREY,112,182.72000000000008,23,92.67600000000006,26,10,94.79538461538445,94.06599999999996,8,242.7
2,A,PREY,113,66.24999999999996,23,92.67600000000006,37,11,93.42540540540531,80.08863636363633,7,242.7
2,A,PREY,114,388.03000000000026,37,92.67600000000006,28,11,91.0057142857141,76.925,8,242.7
2,A,PREY,115,5224.729999999954,346,92.67600000000006,337,10,99.69430267062313,59.684249999999565,23,242.7
2,A,PREY,116,1268.5700000000006,61,92.67600000000006,149,12,80.1707382550335,65.76770833333329,11,242.7
2,A,PREY,117,2546.9999999999986,136,92.67600000000006,337,48,91.05949554896141,56.32901041666668,174,242.7
2,A,PREY,118,9072.729999999903,500,92.67600000000006,4,106,98.64249999999996,53.951462264150784,804,242.7
2,A,PREY,119,1096.0500000000006,67,92.67600000000006,48,11,85.94479166666656,79.78909090909087,15,242.7
2,A,PREY,120,388.6800000000002,22,92.67600000000006,29,11,95.46758620689641,80.0872727272727,6,242.7
2,A,PREY,121,307.7400000000002,18,92.67600000000006,27,12,96.17629629629617,69.01,5,242.7
2,A,PREY,122,224.80000000000007,14,92.67600000000006,32,10,96.96624999999992,85.33,3,242.7
2,A,PREY,123,349.22000000000014,19,92.67600000000006,26,11,95.45615384615368,77.97090909090909,5,242.7
2,A,PREY,124,107.83999999999997,13,92.67600000000006,27,10,97.25444444444432,87.90399999999998,4,242.7
2,A,PREY,125,67.84,14,92.67600000000006,31,10,93.66129032258056,90.094,5,242.7
2,A,PREY,126,4696.219999999981,260,92.67600000000006,337,21,93.78448071216613,64.55654761904735,64,242.7
2,A,PREY,127,10072.479999999898,500,92.67600000000006,338,16,98.24008875739644,60.982499999999824,67,242.7
2,A,PREY,128,26.85000000000003,14,92.67600000000006,29,11,96.77586206896541,81.8381818181818,6,242.7
2,A,PREY,129,27.840000000000025,15,92.67600000000006,27,11,96.3244444444443,77.46545454545453,4,242.7
2,A,PREY,130,545.7100000000002,65,92.67600000000006,154,11,91.47389610389602,71.2090909090908,8,242.7
2,A,PREY,131,458.7200000000005,66,92.67600000000006,205,12,78.44399999999996,72.02999999999996,13,242.7
2,A,PREY,132,308.9800000000001,44,92.67600000000006,76,11,83.89447368421045,75.39181818181812,7,242.7
2,A,PREY,133,9952.5099999999,500,92.67600000000006,3,78,94.8499999999998,59.01352564102512,867,242.7
2,A,PREY,134,10312.419999999895,500,92.67600000000006,1,87,99.72999999999999,45.28850574712597,861,242.7
2,A,PREY,135,3147.279999999998,143,92.67600000000006,337,11,80.24237388724036,68.55999999999977,14,242.7
2,A,PREY,136,265.3000000000001,13,92.67600000000006,25,11,97.19799999999988,81.97272727272728,6,242.7
2,A,PREY,137,4466.359999999989,202,92.67600000000006,316,115,71.46686708860759,61.77021739130438,662,242.7
2,A,PREY,138,546.9600000000004,40,92.67600000000006,39,10,95.0066666666665,88.15549999999993,8,242.7
2,A,PREY,139,7862.4199999999255,461,92.67600000000006,337,56,92.73053412462906,50.90098214285719,262,242.7
2,A,PREY,140,8752.8099999999,500,92.67600000000006,338,4,98.41035502958574,46.37499999999966,38,242.7
2,A,PREY,141,4066.6899999999937,179,92.67600000000006,337,14,85.55979228486645,63.26803571428559,35,242.7
2,A,PREY,142,11032.239999999887,500,92.67600000000006,2,81,95.61999999999983,49.68885802469082,1005,242.7
2,A,PREY,143,7263.8299999999435,335,92.67600000000006,337,7,98.24041543026699,52.93821428571399,14,242.7
2,A,PREY,144,422.45000000000033,44,92.67600000000006,54,13,88.80740740740728,60.34307692307691,7,242.7
2,A,PREY,145,948.8300000000004,43,92.67600000000006,24,12,91.57124999999967,66.70874999999997,7,242.7
2,A,PREY,146,541.2300000000004,63,92.67600000000006,204,12,88.31318627450976,67.20166666666664,12,242.7
2,A,PREY,147,64.5999999999999,38,92.67600000000006,23,12,93.5178260869563,73.50499999999995,10,242.7
2,A,PREY,148,10222.019999999906,442,92.67600000000006,0,129,0.0,39.34548449612402,1182,242.7
2,A,PREY,149,106.33999999999997,13,92.67600000000006,30,10,96.98766666666657,85.07199999999997,2,242.7
2,A,PREY,150,105.81999999999995,15,92.67600000000006,28,10,96.49749999999986,85.50999999999996,3,242.7
2,A,PREY,151,65.85000000000001,13,92.67600000000006,28,11,97.23142857142845,75.30545454545454,3,242.7
2,A,PREY,152,69.34000000000002,14,92.67600000000006,26,11,97.22846153846142,79.13272727272728,5,242.7
2,A,PREY,153,68.25000000000006,23,92.67600000000006,31,11,95.99387096774183,81.92545454545451,7,242.7
2,A,PREY,154,625.8700000000003,47,92.67600000000006,41,12,92.0368292682925,64.61999999999996,7,242.7
2,A,PREY,155,2418.409999999995,148,92.67600000000006,337,11,83.72801186943619,65.70181818181794,15,242.7
2,A,PREY,156,228.30000000000007,14,92.67600000000006,31,11,93.90548387096766,80.68545454545453,5,242.7
2,A,PREY,157,696.1600000000007,66,92.67600000000006,151,21,83.51298013245028,72.08154761904754,64,242.7
2,A,PREY,158,6864.239999999949,304,92.67600000000006,337,146,61.472284866468875,51.360958904109644,747,242.7
2,A,PREY,159,11352.159999999883,500,92.67600000000006,338,3,99.61603550295857,46.3999999999991,8,242.7
2,A,PREY,160,105.32999999999997,14,92.67600000000006,32,10,97.11374999999992,87.77199999999999,4,242.7
2,A,PREY,161,2587.679999999999,117,92.67600000000006,337,12,85.98275964391689,70.60895833333319,18,242.7
2,A,PREY,162,764.6500000000011,115,92.67600000000006,337,33,66.48338278931752,51.52795454545457,104,242.7
2,A,PREY,163,7623.359999999928,373,92.67600000000006,337,29,88.73272997032642,63.973275862068746,120,242.7
2,A,PREY,164,11752.059999999881,500,92.67600000000006,338,6,97.80210059171594,31.32999999999943,12,242.7
2,A,PREY,165,2626.2799999999975,156,92.67600000000006,337,11,81.20608308605338,62.19954545454504,8,242.7
2,A,PREY,166,4585.74999999999,210,92.67600000000006,337,73,86.10118694362018,54.256541095890405,323,242.7
2,A,PREY,167,10262.169999999905,426,92.67600000000006,337,9,98.17195845697329,46.15666666666655,21,242.7
2,A,PREY,168,1488.4800000000012,114,92.67600000000006,34,11,89.52058823529399,72.13090909090884,13,242.7
2,A,PREY,169,10502.309999999901,456,92.67600000000006,337,51,73.24326409495549,61.62014705882347,245,242.7
2,A,PREY,170,186.32000000000005,13,92.67600000000006,30,11,97.24866666666657,76.24363636363634,3,242.7
2,A,PREY,171,11112.219999999887,500,92.67600000000006,338,8,99.40934911242604,43.404999999999596,23,242.7
2,A,PREY,172,10272.429999999904,500,92.67600000000006,1,99,100.0,45.70179292929258,1110,242.7
2,A,PREY,173,28.830000000000034,16,92.67600000000006,26,10,96.4607692307691,93.22599999999998,7,242.7
2,A,PREY,174,2027.760000000001,123,92.67600000000006,337,16,75.01833827893175,50.84656250000001,31,242.7
2,A,PREY,175,12711.819999999876,500,92.67600000000006,338,6,99.64014792899407,39.06666666666623,14,242.7
2,A,PREY,176,11832.039999999884,500,92.67600000000006,338,10,99.73852071005916,35.799999999999464,16,242.7
2,A,PREY,177,6944.029999999954,323,92.67600000000006,337,11,94.46243323442124,51.94931818181787,20,242.7
2,A,PREY,178,858.7000000000006,58,92.67600000000006,90,12,92.52988888888882,72.27687499999993,12,242.7
2,A,PREY,179,13111.719999999874,500,92.67600000000006,338,6,95.64050295857986,39.59999999999954,23,242.7
2,A,PREY,180,257.7900000000003,64,92.67600000000006,106,11,86.29886792452824,74.81454545454541,9,242.7
2,A,PREY,181,348.23000000000013,18,92.67600000000006,31,10,89.624193548387,94.46799999999999,8,242.7
2,A,PREY,182,8740.009999999935,330,92.67600000000006,337,142,67.09370919881306,69.30279929577463,1056,242.7
2,A,PREY,183,1143.0700000000006,64,92.67600000000006,51,12,86.16647058823511,69.14500000000001,12,242.7
2,A,PREY,184,11501.899999999887,472,92.67600000000006,0,100,0.0,59.396049999999974,1192,242.7
2,A,PREY,185,187.32000000000005,13,92.67600000000006,29,10,96.91551724137922,87.93399999999998,4,242.7
2,A,PREY,186,9023.019999999928,372,92.67600000000006,1,70,91.11999999999966,67.03903571428548,713,242.7
2,A,PREY,187,267.78000000000014,15,92.67600000000006,29,10,96.07344827586194,87.81399999999998,4,242.7
2,A,PREY,188,265.7500000000001,18,92.67600000000006,25,11,95.87399999999987,82.3297727272727,7,242.7
2,A,PREY,189,6505.479999999964,239,92.67600000000006,337,36,88.20356083086051,63.04687499999997,184,242.7
2,A,PREY,190,12391.899999999878,500,92.67600000000006,338,3,99.64994082840235,61.4799999999994,20,242.7
2,A,PREY,191,11340.55999999989,460,92.67600000000006,1,131,84.1599999999994,53.89938931297704,1310,242.7
2,A,PREY,192,2506.6699999999987,120,92.67600000000006,337,11,93.79356083086049,71.26454545454528,16,242.7
2,A,PREY,193,12701.349999999878,497,92.67600000000006,337,144,72.48721068249262,45.72470486111121,726,242.7
2,A,PREY,194,11862.129999999892,440,92.67600000000006,1,138,92.67999999999972,46.21487318840575,1183,242.7
2,A,PREY,195,1023.1900000000005,55,92.67600000000006,81,13,87.60580246913571,60.97846153846154,11,242.7
2,A,PREY,196,1069.2600000000004,47,92.67600000000006,17,11,91.4711764705879,86.31999999999995,14,242.7
2,A,PREY,197,309.21000000000015,21,92.67600000000006,26,11,95.01384615384599,78.85090909090908,6,242.7
2,A,PREY,198,7616.439999999939,365,92.67600000000006,337,15,99.36611275964391,56.346166666666456,52,242.7
2,A,PREY,199,13151.709999999872,500,92.67600000000006,338,6,98.35887573964492,30.779999999999575,16,242.7
2,A,PREY,200,218.78000000000037,66,92.67600000000006,60,11,88.45799999999981,74.18727272727267,9,242.7
2,A,PREY,201,107.81999999999995,15,92.67600000000006,30,11,97.19166666666658,80.9490909090909,6,242.7
2,A,PREY,202,1548.0900000000008,102,92.67600000000006,306,12,71.8671241830065,58.99708333333327,13,242.7
2,A,PREY,203,893.6200000000011,115,92.67600000000006,337,39,91.80593471810086,69.85801282051277,160,242.7
2,A,PREY,204,1625.9600000000007,63,92.67600000000006,200,14,76.07959999999997,69.39928571428564,24,242.7
2,A,PREY,205,8143.3199999999315,364,92.67600000000006,337,119,78.93896142433232,60.87699579831931,600,242.7
2,A,PREY,206,1465.4900000000007,64,92.67600000000006,110,11,90.14509090909084,70.63999999999993,8,242.7
2,A,PREY,207,64.83999999999995,14,92.67600000000006,27,11,96.92962962962953,82.49272727272728,7,242.7
2,A,PREY,208,8752.809999999896,500,92.67600000000006,338,7,99.41357988165679,25.127857142856843,21,242.7
2,A,PREY,209,13140.749999999873,496,92.67600000000006,2,104,89.91999999999962,62.933052884615236,833,242.7
2,A,PREY,210,4506.80999999999,156,92.67600000000006,337,12,79.31741839762614,58.91541666666658,18,242.7
2,A,PREY,211,828.5000000000003,29,92.67600000000006,38,12,93.01894736842095,70.45666666666666,8,242.7
2,A,PREY,212,5106.479999999983,174,92.67600000000006,337,87,88.58264094955489,57.56252873563221,421,242.7
2,A,PREY,213,106.82999999999996,14,92.67600000000006,28,11,96.76535714285701,75.60909090909091,3,242.7
2,A,PREY,214,66.84999999999997,13,92.67600000000006,36,10,97.32833333333326,81.58599999999997,1,242.7
2,A,PREY,215,5782.7999999999665,275,92.67600000000006,337,32,94.84946587537091,58.6900781249999,136,242.7
2,A,PREY,216,107.34999999999998,12,92.67600000000006,33,11,97.40333333333325,73.29772727272724,1,242.7
2,A,PREY,217,268.2900000000001,14,92.67600000000006,27,11,96.88111111111097,77.60181818181819,4,242.7
2,A,PREY,218,308.29000000000013,13,92.67600000000006,28,12,93.85178571428561,70.87166666666666,5,242.7
2,A,PREY,219,741.1400000000006,67,92.67600000000006,209,13,87.50626794258369,64.97384615384615,16,242.7
2,A,PREY,220,1186.5700000000006,63,92.67600000000006,247,11,79.03485829959511,75.21454545454539,10,242.7
2,A,PREY,221,12262.09999999989,433,92.67600000000006,0,107,0.0,43.70273364485974,1166,242.7
2,A,PREY,222,307.28000000000014,14,92.67600000000006,28,10,96.91607142857131,89.70399999999998,5,242.7
2,A,PREY,223,14231.439999999866,500,92.67600000000006,338,6,99.21334319526625,54.94999999999947,27,242.7
2,A,PREY,224,2544.9399999999964,142,92.67600000000006,320,11,74.49509374999998,64.69499999999975,12,242.7
2,A,PREY,225,11420.319999999892,482,92.67600000000006,5,114,94.92399999999981,64.57412280701735,1019,242.7
2,A,PREY,226,8264.239999999936,319,92.67600000000006,337,8,98.16795252225515,46.53406249999994,19,242.7
2,A,PREY,227,5263.4599999999755,222,92.67600000000006,337,30,88.9795845697329,70.37024999999993,148,242.7
2,A,PREY,228,1377.6700000000005,48,92.67600000000006,73,11,95.20205479452045,74.48545454545444,7,242.7
2,A,PREY,229,106.83999999999997,13,92.67600000000006,29,10,97.52241379310334,84.62199999999997,2,242.7
2,A,PREY,230,68.35,13,92.67600000000006,28,10,97.33607142857134,87.72399999999998,4,242.7
2,A,PREY,231,828.9200000000004,37,92.67600000000006,22,12,93.48318181818155,70.81854166666665,9,242.7
2,A,PREY,232,68.85000000000002,13,92.67600000000006,29,11,96.84241379310332,75.9490909090909,3,242.7
2,A,PREY,233,3505.849999999998,177,92.67600000000006,337,40,94.05264094955488,62.90606249999998,156,242.7
2,A,PREY,234,13911.51999999987,500,92.67600000000006,1,55,99.72999999999999,45.928590909090346,679,242.7
2,A,PREY,235,15151.20999999986,500,92.67600000000006,1,88,100.0,64.89948863636319,893,242.7
2,A,PREY,236,23.310000000000038,18,92.67600000000006,26,10,95.77461538461522,88.31199999999998,5,242.7
2,A,PREY,237,147.61,35,92.67600000000006,32,12,95.15874999999986,75.76354166666663,12,242.7
2,A,PREY,238,1627.4200000000005,117,92.67600000000006,337,13,80.97059347181008,54.949615384615306,12,242.7
2,A,PREY,239,11742.219999999896,434,92.67600000000006,302,146,52.99741721854311,58.16222602739727,813,242.7
2,A,PREY,240,1588.0400000000006,56,92.67600000000006,150,13,90.97753333333331,69.42923076923074,16,242.7
2,A,PREY,241,628.6100000000002,23,92.67600000000006,22,11,95.84499999999984,83.40363636363637,9,242.7
2,A,PREY,242,429.4600000000001,43,92.67600000000006,60,12,91.96033333333327,68.92041666666667,8,242.7
2,A,PREY,243,3267.049999999998,163,92.67600000000006,337,11,78.08620178041542,68.4374999999996,14,242.7
2,A,PREY,244,2866.7799999999993,100,92.67600000000006,337,12,70.89997032640952,64.54479166666654,12,242.7
2,A,PREY,245,4626.759999999991,158,92.67600000000006,337,11,98.69376854599403,68.34886363636332,12,242.7
2,A,PREY,246,1140.5400000000006,67,92.67600000000006,194,11,85.22335051546385,70.39454545454537,8,242.7
2,A,PREY,247,6584.969999999964,238,92.67600000000006,331,125,61.469577039274924,59.731360000000016,636,242.7
2,A,PREY,248,14419.999999999865,489,92.67600000000006,69,113,48.1259420289856,73.2319247787611,803,242.7
2,A,PREY,249,13981.19999999987,480,92.67600000000006,263,112,52.40574144486696,62.302589285714326,802,242.7
2,A,PREY,250,1227.1700000000005,52,92.67600000000006,110,12,82.66199999999994,68.75416666666663,10,242.7
2,A,PREY,251,25.35000000000003,14,92.67600000000006,29,10,96.58793103448262,86.21199999999997,3,242.7
2,A,PREY,252,980.1100000000007,64,92.67600000000006,192,10,87.92864583333329,85.03599999999989,10,242.7
2,A,PREY,253,27.85000000000003,14,92.67600000000006,26,11,96.77961538461525,79.55999999999999,5,242.7
2,A,PREY,254,441.4800000000008,90,92.67600000000006,337,11,76.15510385756674,69.85636363636353,9,242.7
2,A,PREY,255,8384.32999999994,307,92.67600000000006,280,126,71.48271428571427,66.0661904761905,769,242.7
2,A,PREY,256,11342.699999999904,396,92.67600000000006,337,7,97.56427299703256,66.4732142857138,29,242.7
2,A,PREY,257,6303.669999999966,225,92.67600000000006,337,10,99.67240356083083,60.78949999999961,17,242.7
2,A,PREY,258,13911.519999999871,500,92.67600000000006,338,22,97.40816568047335,52.08545454545451,97,242.7
2,A,PREY,259,13991.499999999873,500,92.67600000000006,234,159,56.43418803418808,51.68471698113218,1069,242.7
2,A,PREY,260,26.840000000000032,15,92.67600000000006,26,11,96.79692307692295,79.24727272727272,5,242.7
2,A,PREY,261,2626.149999999998,119,92.67600000000006,337,12,81.49409495548957,62.070624999999886,14,242.7
2,A,PREY,262,307.26000000000016,16,92.67600000000006,25,11,96.54239999999989,83.88545454545455,8,242.7
2,A,PREY,263,1507.5800000000006,54,92.67600000000006,90,13,90.96144444444437,80.55230769230768,24,242.7
2,A,PREY,264,15031.239999999862,500,92.67600000000006,338,13,97.65053254437866,57.590961538461485,67,242.7
2,A,PREY,265,256.89000000000027,54,92.67600000000006,75,11,86.12586666666655,77.4381818181817,9,242.7
2,A,PREY,266,14591.349999999866,500,92.67600000000006,1,107,100.0,48.02869158878475,1272,242.7
2,A,PREY,267,7144.629999999956,258,92.67600000000006,337,47,79.51964391691394,47.536382978723466,190,242.7
2,A,PREY,268,15071.22999999986,500,92.67600000000006,338,4,96.95461538461534,57.444999999999354,23,242.7
2,A,PREY,269,9023.769999999935,297,92.67600000000006,337,45,67.30807121661718,67.71849999999995,226,242.7
2,A,PREY,270,1020.1000000000006,64,92.67600000000006,25,11,91.96319999999973,76.81818181818177,12,242.7
2,A,PREY,271,10413.209999999912,368,92.67600000000006,241,137,60.96448132780087,57.37237226277387,1002,242.7
2,A,PREY,272,656.6900000000006,64,92.67600000000006,182,12,88.73829670329665,65.9233333333333,11,242.7
2,A,PREY,273,788.0200000000003,28,92.67600000000006,31,11,94.95741935483854,78.19545454545451,6,242.7
2,A,PREY,274,7105.719999999955,250,92.67600000000006,274,119,67.48244525547445,61.51649159663864,585,242.7
2,A,PREY,275,68.7199999999999,26,92.67600000000006,40,11,88.96549999999988,79.7388636363636,7,242.7
2,A,PREY,276,23.24000000000005,25,92.67600000000006,31,12,89.66032258064503,73.08458333333331,8,242.7
2,A,PREY,277,8863.69999999994,308,92.67600000000006,337,149,76.2659347181009,58.19748322147654,750,242.7
2,A,PREY,278,1708.0300000000007,54,92.67600000000006,34,11,86.98794117647037,74.64704545454532,7,242.7
2,A,PREY,279,1428.2200000000005,42,92.67600000000006,50,12,89.49579999999989,72.885,11,242.7
2,A,PREY,280,627.0900000000003,25,92.67600000000006,32,10,95.54937499999984,89.89099999999995,6,242.7
2,A,PREY,281,2228.19,75,92.67600000000006,337,14,85.40166172106822,78.07285714285709,29,242.7
2,A,PREY,282,1785.4000000000008,65,92.67600000000006,186,13,86.92639784946235,68.76153846153849,17,242.7
2,A,PREY,283,388.1100000000002,29,92.67600000000006,28,11,95.54678571428556,82.70590909090906,9,242.7
2,A,PREY,284,15031.23999999986,500,92.67600000000006,338,7,99.5828402366864,47.24857142857086,25,242.7
2,A,PREY,285,15391.149999999858,500,92.67600000000006,338,43,93.89668639053252,63.14645348837203,211,242.7
2,A,PREY,286,5185.139999999981,206,92.67600000000006,337,10,96.8543916913946,59.614999999999725,13,242.7
2,A,PREY,287,492.09000000000066,78,92.67600000000006,276,11,87.72213768115938,73.48363636363628,11,242.7
2,A,PREY,288,9741.739999999925,332,92.67600000000006,337,164,60.281454005934755,57.518856707316914,1358,242.7
2,A,PREY,289,6423.9899999999625,240,92.67600000000006,337,91,75.5852522255193,50.26991758241761,436,242.7
2,A,PREY,290,464.1000000000003,28,92.67600000000006,48,11,87.46666666666657,75.94522727272722,5,242.7
2,A,PREY,291,5502.619999999977,200,92.67600000000006,337,28,91.72985163204743,69.1450892857142,103,242.7
2,A,PREY,292,11022.15999999991,358,92.67600000000006,194,133,74.1113917525773,72.66614661654138,1019,242.7
2,A,PREY,293,12502.279999999893,409,92.67600000000006,0,103,0.0,52.16616504854338,843,242.7
2,A,PREY,294,7984.42999999995,257,92.67600000000006,337,71,66.62804154302677,58.00042253521125,328,242.7
2,A,PREY,295,15791.049999999854,500,92.67600000000006,1,115,99.72999999999999,58.689239130434615,1059,242.7
2,A,PREY,296,1988.3300000000008,67,92.67600000000006,200,13,83.87779999999995,62.2148076923077,13,242.7
2,A,PREY,297,15351.159999999856,500,92.67600000000006,2,89,100.0,57.07665730337024,1047,242.7
2,A,PREY,298,55.34000000000006,64,92.67600000000006,29,13,90.43620689655152,62.70461538461536,12,242.7
2,A,PREY,299,2620.1999999999957,114,92.67600000000006,337,12,74.63964391691394,64.9716666666666,15,242.7
2,A,PREY,300,138.92000000000013,54,92.67600000000006,84,12,88.13952380952374,71.45999999999997,12,242.7
2,A,PREY,301,15071.229999999861,500,92.67600000000006,338,5,99.71375739644968,37.85199999999923,12,242.7
2,A,PREY,302,187.3,15,92.67600000000006,25,12,96.89559999999989,72.83166666666668,7,242.7
2,A,PREY,303,654.7000000000006,63,92.67600000000006,246,12,89.1744308943089,66.12999999999992,8,242.7
2,A,PREY,304,11538.0999999999,401,92.67600000000006,1,128,91.47999999999968,43.94679687500006,984,242.7
2,A,PREY,305,1066.7900000000004,44,92.67600000000006,44,11,93.1622727272726,76.98545454545449,9,242.7
2,A,PREY,306,13181.619999999888,408,92.67600000000006,337,43,85.65741839762602,55.12302325581387,220,242.7
2,A,PREY,307,8537.679999999922,368,92.67600000000006,168,95,71.07541666666665,67.55805263157899,693,242.7
2,A,PREY,308,12431.889999999881,500,92.67600000000006,338,7,99.71920118343195,56.762857142856674,122,242.7
2,A,PREY,309,29.360000000000028,13,92.67600000000006,28,11,97.10035714285705,77.43818181818182,4,242.7
2,A,PREY,310,15951.009999999857,500,92.67600000000006,1,85,99.72999999999999,66.02332352941151,853,242.7
2,A,PREY,311,16510.869999999853,500,92.67600000000006,3,145,95.11999999999982,47.741258620689806,1304,242.7
2,A,PREY,312,15751.05999999986,500,92.67600000000006,338,29,97.5587869822485,58.75275862068957,125,242.7
2,A,PREY,313,14671.329999999867,500,92.67600000000006,3,112,98.73999999999995,55.97419642857151,968,242.7
2,A,PREY,314,7584.869999999956,273,92.67600000000006,337,10,91.03569732937679,63.49599999999957,26,242.7
2,A,PREY,315,15831.039999999855,500,92.67600000000006,338,5,99.60467455621301,42.03999999999924,12,242.7
2,A,PREY,316,1419.4900000000007,65,92.67600000000006,221,11,89.49285067873298,81.40545454545445,14,242.7
2,A,PREY,317,29.470000000000006,2,92.67600000000006,32,11,96.34031249999998,75.7309090909091,1,242.7
2,A,PREY,318,748.0200000000003,29,92.67600000000006,36,12,90.15111111111099,70.75583333333334,8,242.7
2,A,PREY,319,5741.879999999971,218,92.67600000000006,337,45,71.05189910979232,58.93327777777777,182,242.7
2,A,PREY,320,229.10999999999996,33,92.67600000000006,29,12,95.17896551724122,78.37937499999997,12,242.7
2,A,PREY,321,10418.15999999992,373,92.67600000000006,337,166,67.35887240356087,45.454307228915766,1189,242.7
2,A,PREY,322,629.1400000000002,20,92.67600000000006,26,10,95.3661538461537,88.55199999999996,5,242.7
2,A,PREY,323,5382.979999999973,217,92.67600000000006,337,10,75.56545994065286,59.349999999999774,17,242.7
2,A,PREY,324,708.6100000000002,21,92.67600000000006,33,11,96.45878787878775,79.54363636363634,6,242.7
2,A,PREY,325,15780.769999999859,478,92.67600000000006,337,8,99.51943620178042,59.962499999999785,31,242.7
2,A,PREY,326,15751.059999999854,500,92.67600000000006,338,20,98.29047337278105,48.80949999999985,77,242.7
2,A,PREY,327,26.920000000000016,7,92.67600000000006,30,11,98.39899999999996,73.9581818181818,1,242.7
2,A,PREY,328,15791.04999999986,500,92.67600000000006,338,7,98.48872781065086,50.51714285714247,23,242.7
2,A,PREY,329,26.35000000000003,14,92.67600000000006,27,11,96.89444444444433,77.76363636363635,4,242.7
2,A,PREY,330,25.860000000000028,13,92.67600000000006,33,11,97.37878787878779,72.77454545454543,1,242.7
2,A,PREY,331,11583.109999999911,349,92.67600000000006,0,163,0.0,49.91676380368108,1436,242.7
2,A,PREY,332,5145.969999999982,174,92.67600000000006,337,126,88.4235014836795,59.1335119047619,597,242.7
2,A,PREY,333,7104.989999999962,223,92.67600000000006,337,11,90.69905044510382,59.81499999999987,26,242.7
2,A,PREY,334,4786.849999999989,145,92.67600000000006,337,12,96.84777448071209,58.84270833333323,13,242.7
2,A,PREY,335,16350.909999999853,500,92.67600000000006,2,121,97.2399999999999,38.79270661157026,1059,242.7
2,A,PREY,336,16230.939999999859,500,92.67600000000006,8,126,90.60249999999965,76.2024404761905,1107,242.7
2,A,PREY,337,781.6800000000006,62,92.67600000000006,113,11,89.62884955752207,77.78727272727261,12,242.7
2,A,PREY,338,28.340000000000032,15,92.67600000000006,23,10,96.61130434782595,93.4,8,242.7
2,A,PREY,339,26.330000000000034,16,92.67600000000006,26,10,96.17846153846139,88.83399999999997,5,242.7
2,A,PREY,340,16430.88999999985,500,92.67600000000006,338,6,99.85488165680472,33.4299999999993,13,242.7
2,A,PREY,341,27.330000000000034,16,92.67600000000006,28,11,96.55499999999991,79.3331818181818,5,242.7
2,A,PREY,342,13304.16999999989,500,92.67600000000006,338,15,98.97286982248521,60.1639999999999,76,242.7
2,A,PREY,343,1825.480000000001,106,92.67600000000006,337,11,98.12471810089016,65.17295454545427,8,242.7
2,A,PREY,344,509.1300000000002,24,92.67600000000006,28,10,94.95285714285698,95.60799999999998,9,242.7
2,A,PREY,345,1181.5000000000007,70,92.67600000000006,221,12,86.9222171945701,64.19666666666663,10,242.7
2,A,PREY,346,738.1600000000007,65,92.67600000000006,149,13,84.57677852348988,67.01807692307686,16,242.7
2,A,PREY,347,469.20000000000016,18,92.67600000000006,25,10,95.84079999999983,90.39399999999998,6,242.7
2,A,PREY,348,95.05999999999985,41,92.67600000000006,76,11,92.13736842105251,75.56613636363628,6,242.7
2,A,PREY,349,15751.059999999861,500,92.67600000000006,338,7,99.67325443786982,48.75142857142822,22,242.7
2,A,PREY,350,12951.759999999871,500,92.67600000000006,338,10,99.84369822485206,64.00349999999983,65,242.7
2,B,PREDATOR,1,-11.360000000000001,136,113.7525833333332,73,11,85.95410958904104,75.53431818181788,22,1237.2
2,B,PREDATOR,2,-12.229999999999997,223,113.7525833333332,337,11,93.16400593471809,59.02999999999951,23,1237.2
2,B,PREDATOR,3,-12.169999999999998,217,113.7525833333332,337,11,81.49768545994063,68.4786363636359,46,1237.2
2,B,PREDATOR,4,-12.139999999999999,214,113.7525833333332,259,125,80.6597297297297,57.50362000000002,1396,1237.2
2,B,PREDATOR,5,442.98250000000144,500,113.7525833333332,337,49,93.34204747774479,65.34071428571427,1465,1237.2
2,B,PREDATOR,6,-12.239999999999997,224,113.7525833333332,337,19,89.59750741839761,71.87394736842084,156,1237.2
2,B,PREDATOR,7,-12.189999999999998,219,113.7525833333332,337,103,71.53649851632045,60.59745145631066,1185,1237.2
2,B,PREDATOR,8,-12.309999999999995,231,113.7525833333332,337,10,97.69364985163203,67.86424999999969,160,1237.2
2,B,PREDATOR,9,-12.189999999999998,219,113.7525833333332,337,13,98.42207715133526,69.99288461538406,44,1237.2
2,B,PREDATOR,10,86.99249999999866,312,113.7525833333332,279,97,79.50505376344084,64.54752577319586,1397,1237.2
2,B,PREDATOR,11,11.661666666666191,294,113.7525833333332,337,9,99.81100890207715,69.94027777777698,24,1237.2
2,B,PREDATOR,12,-12.269999999999996,227,113.7525833333332,337,19,95.3727596439169,57.90934210526293,100,1237.2
2,B,PREDATOR,13,-12.299999999999995,230,113.7525833333332,337,113,76.6574183976261,65.72426991150424,1355,1237.2
2,B,PREDATOR,14,-12.509999999999991,251,113.7525833333332,337,10,93.2929673590504,69.08549999999926,43,1237.2
2,B,PREDATOR,15,-12.199999999999998,220,113.7525833333332,337,10,98.10094955489612,70.47999999999948,24,1237.2
2,B,PREDATOR,16,-12.219999999999997,222,113.7525833333332,337,11,99.56869436201778,69.52477272727226,31,1237.2
2,B,PREDATOR,17,12.336666666666295,292,113.7525833333332,337,12,92.26925816023734,61.12416666666632,176,1237.2
2,B,PREDATOR,18,-12.239999999999997,224,113.7525833333332,337,10,99.77931750741841,47.92799999999962,8,1237.2
2,B,PREDATOR,19,10.399166666666199,279,113.7525833333332,337,9,98.44198813056379,66.20472222222159,49,1237.2
2,B,PREDATOR,20,-12.189999999999998,219,113.7525833333332,337,13,99.06842729970326,70.41519230769205,148,1237.2
2,B,PREDATOR,21,-12.199999999999998,220,113.7525833333332,337,11,87.84038575667655,65.08659090909049,22,1237.2
2,B,PREDATOR,22,-12.259999999999996,226,113.7525833333332,337,11,98.74685459940649,61.752272727272505,87,1237.2
2,B,PREDATOR,23,-12.189999999999998,219,113.7525833333332,337,41,94.42798219584566,55.58707317073169,421,1237.2
2,B,PREDATOR,24,9.305833333332844,277,113.7525833333332,337,9,99.74833827893175,48.893333333333096,10,1237.2
2,B,PREDATOR,25,66.53499999999862,364,113.7525833333332,0,87,0.0,56.15758620689627,2071,1237.2
2,B,PREDATOR,26,-12.209999999999997,221,113.7525833333332,7,10,87.8671428571424,72.47199999999944,23,1237.2
2,B,PREDATOR,27,0.8433333333333817,250,113.7525833333332,201,122,82.45064676616913,81.78612704918025,1579,1237.2
2,B,PREDATOR,28,-11.34,134,113.7525833333332,337,12,92.1417210682492,72.57145833333317,65,1237.2
2,B,PREDATOR,29,11.214999999999653,282,113.7525833333332,337,10,99.41264094955488,57.490249999999364,16,1237.2
2,B,PREDATOR,30,-12.189999999999998,219,113.7525833333332,337,10,99.1940949554896,73.42099999999947,25,1237.2
2,B,PREDATOR,31,603.6591666666685,500,113.7525833333332,337,10,94.58121661721067,70.19849999999983,487,1237.2
2,B,PREDATOR,32,1999.8225000000025,500,113.7525833333332,337,85,82.47314540059347,62.959970588235294,1775,1237.2
2,B,PREDATOR,33,13.437499999999671,281,113.7525833333332,337,10,96.69121661721067,67.5699999999993,285,1237.2
2,B,PREDATOR,34,-12.209999999999997,221,113.7525833333332,337,11,94.18643916913945,59.19659090909038,23,1237.2
2,B,PREDATOR,35,12.53666666666635,280,113.7525833333332,337,10,98.22964391691394,57.95799999999932,17,1237.2
2,B,PREDATOR,36,33.58666666666699,301,113.7525833333332,1,10,86.37999999999948,65.84574999999901,30,1237.2
2,B,PREDATOR,37,-12.239999999999997,224,113.7525833333332,337,12,92.29198813056377,76.72312499999974,430,1237.2
2,B,PREDATOR,38,8.244999999999502,280,113.7525833333332,1,10,99.39999999999998,71.79574999999932,29,1237.2
2,B,PREDATOR,39,-12.319999999999995,232,113.7525833333332,2,11,90.27999999999963,65.59136363636316,37,1237.2
2,B,PREDATOR,40,11.259999999999524,291,113.7525833333332,0,82,0.0,72.22027439024372,1261,1237.2
2,B,PREDATOR,41,-12.259999999999996,226,113.7525833333332,337,10,97.9743620178041,72.14799999999934,58,1237.2
2,B,PREDATOR,42,11.74499999999953,294,113.7525833333332,337,12,99.7373590504451,71.41020833333305,103,1237.2
2,B,PREDATOR,43,-12.209999999999997,221,113.7525833333332,3,10,87.14999999999952,75.9919999999993,27,1237.2
2,B,PREDATOR,44,59.67083333333182,356,113.7525833333332,337,169,73.39545994065281,64.9200147928994,1940,1237.2
2,B,PREDATOR,45,-12.279999999999996,228,113.7525833333332,0,60,0.0,80.940833333333,912,1237.2
2,B,PREDATOR,46,1794.9900000000018,500,113.7525833333332,198,109,92.22590909090907,73.64871559633026,1427,1237.2
2,B,PREDATOR,47,-12.219999999999997,222,113.7525833333332,337,11,79.13967359050443,64.05863636363571,22,1237.2
2,B,PREDATOR,48,866.1375000000011,458,113.7525833333332,0,94,0.0,59.72013297872317,1660,1237.2
2,B,PREDATOR,49,-11.34,134,113.7525833333332,97,13,87.9650515463917,67.39173076923058,21,1237.2
2,B,PREDATOR,50,11.360833333332868,288,113.7525833333332,337,11,98.57002967359045,55.824318181817496,23,1237.2
2,B,PREDATOR,51,-12.319999999999995,232,113.7525833333332,337,10,98.79842729970323,67.55799999999934,19,1237.2
2,B,PREDATOR,52,1290.276666666668,500,113.7525833333332,207,102,78.55859903381639,73.49840686274503,2351,1237.2
2,B,PREDATOR,53,207.8366666666692,500,113.7525833333332,0,80,0.0,49.46512499999978,1808,1237.2
2,B,PREDATOR,54,-11.3,130,113.7525833333332,94,11,82.3052127659574,75.22613636363594,22,1237.2
2,B,PREDATOR,55,-12.239999999999997,224,113.7525833333332,337,11,96.78181008902071,66.52818181818132,54,1237.2
2,B,PREDATOR,56,-11.46,146,113.7525833333332,128,13,78.84742187499998,60.39230769230751,45,1237.2
2,B,PREDATOR,57,35.13000000000038,305,113.7525833333332,6,10,88.56499999999956,59.20599999999924,30,1237.2
2,B,PREDATOR,58,10.416666666666183,286,113.7525833333332,337,42,98.52724035608307,45.57303571428583,643,1237.2
2,B,PREDATOR,59,11.892499999999542,286,113.7525833333332,337,86,79.71089020771511,61.994069767441836,1242,1237.2
2,B,PREDATOR,60,-12.239999999999997,224,113.7525833333332,337,16,99.41406528189908,67.09624999999974,159,1237.2
2,B,PREDATOR,61,-12.239999999999997,224,113.7525833333332,337,13,94.69596439169139,53.867692307692145,160,1237.2
2,B,PREDATOR,62,-11.31,131,113.7525833333332,337,12,80.33919881305636,60.159791666666536,17,1237.2
2,B,PREDATOR,63,5.363333333332992,290,113.7525833333332,337,11,99.12845697329375,56.54727272727219,177,1237.2
2,B,PREDATOR,64,2204.418333333314,500,113.7525833333332,218,108,76.20211009174311,66.58856481481476,2197,1237.2
2,B,PREDATOR,65,-12.309999999999995,231,113.7525833333332,7,10,87.41714285714238,68.64499999999924,26,1237.2
2,B,PREDATOR,66,11.890833333332884,278,113.7525833333332,337,10,99.62005934718098,58.52599999999948,17,1237.2
2,B,PREDATOR,67,54.81833333333156,331,113.7525833333332,337,13,99.81637982195846,60.65788461538408,50,1237.2
2,B,PREDATOR,68,-12.189999999999998,219,113.7525833333332,135,86,63.98777777777778,74.82267441860462,907,1237.2
2,B,PREDATOR,69,12.137499999999571,267,113.7525833333332,337,9,97.34893175074181,65.15388888888825,26,1237.2
2,B,PREDATOR,70,36.24000000000044,307,113.7525833333332,337,16,90.83985163204744,75.8118749999998,396,1237.2
2,B,PREDATOR,71,11.10583333333287,281,113.7525833333332,337,11,97.81821958456969,65.17295454545416,57,1237.2
2,B,PREDATOR,72,11.171666666666189,292,113.7525833333332,337,42,84.19314540059347,69.84428571428555,542,1237.2
2,B,PREDATOR,73,36.75166666666691,249,113.7525833333332,337,32,79.06863501483677,81.41124999999991,543,1237.2
2,B,PREDATOR,74,-12.309999999999995,231,113.7525833333332,337,10,96.38459940652815,69.2019999999993,22,1237.2
2,B,PREDATOR,75,2405.8283333333134,500,113.7525833333332,337,22,98.87121661721068,55.94636363636364,268,1237.2
2,B,PREDATOR,76,9.00833333333282,298,113.7525833333332,337,24,84.49249258160233,80.0846874999997,468,1237.2
2,B,PREDATOR,77,49.767500000000176,395,113.7525833333332,1,10,96.03999999999985,48.8832499999992,29,1237.2
2,B,PREDATOR,78,9.852499999999582,275,113.7525833333332,337,12,94.70670623145398,71.90291666666617,221,1237.2
2,B,PREDATOR,79,33.57416666666701,314,113.7525833333332,337,11,96.557121661721,57.034318181817646,178,1237.2
2,B,PREDATOR,80,-11.270000000000001,127,113.7525833333332,5,11,89.22399999999959,81.36136363636334,25,1237.2
2,B,PREDATOR,81,10.013333333332996,184,113.7525833333332,337,10,85.29534124629076,74.46574999999942,35,1237.2
2,B,PREDATOR,82,-12.339999999999995,234,113.7525833333332,280,142,64.14942857142857,72.19705985915483,1440,1237.2
2,B,PREDATOR,83,-12.149999999999999,215,113.7525833333332,160,9,74.96456249999997,64.05749999999959,22,1237.2
2,B,PREDATOR,84,10.499166666666182,293,113.7525833333332,50,77,91.38979999999998,85.35464285714275,928,1237.2
2,B,PREDATOR,85,-12.249999999999996,225,113.7525833333332,337,10,98.1935014836795,78.92499999999944,70,1237.2
2,B,PREDATOR,86,80.11499999999812,331,113.7525833333332,337,10,98.91563798219582,68.3799999999994,279,1237.2
2,B,PREDATOR,87,-12.319999999999995,232,113.7525833333332,3,10,85.74999999999947,78.41174999999927,38,1237.2
2,B,PREDATOR,88,-11.55,155,113.7525833333332,337,13,77.35071216617209,56.99096153846143,21,1237.2
2,B,PREDATOR,89,12.17416666666623,274,113.7525833333332,337,10,92.43471810089021,67.05024999999947,46,1237.2
2,B,PREDATOR,90,-12.209999999999997,221,113.7525833333332,0,68,0.0,78.5776102941174,1012,1237.2
2,B,PREDATOR,91,770.1791666666674,500,113.7525833333332,337,10,99.81893175074183,50.46224999999942,53,1237.2
2,B,PREDATOR,92,-12.389999999999993,239,113.7525833333332,337,11,99.22608308605339,57.98431818181791,27,1237.2
2,B,PREDATOR,93,-12.139999999999999,214,113.7525833333332,337,11,98.02545994065281,73.64636363636316,158,1237.2
2,B,PREDATOR,94,35.56833333333379,350,113.7525833333332,0,10,0.0,47.736749999999724,30,1237.2
2,B,PREDATOR,95,11.402499999999653,215,113.7525833333332,337,13,93.50094955489612,57.31499999999994,266,1237.2
2,B,PREDATOR,96,34.160000000000394,327,113.7525833333332,337,10,99.77513353115728,55.035499999999274,24,1237.2
2,B,PREDATOR,97,-12.169999999999998,217,113.7525833333332,337,11,96.40534124629076,65.36363636363605,123,1237.2
2,B,PREDATOR,98,10.815833333332863,283,113.7525833333332,28,70,77.63821428571421,82.36924999999991,990,1237.2
2,B,PREDATOR,99,-12.209999999999997,221,113.7525833333332,337,11,98.01899109792281,65.2597727272723,23,1237.2
2,B,PREDATOR,100,-12.209999999999997,221,113.7525833333332,337,12,87.38397626112759,68.59520833333289,122,1237.2
2,B,PREDATOR,101,924.5800000000027,446,113.7525833333332,0,89,0.0,53.18421348314563,1650,1237.2
2,B,PREDATOR,102,1258.1008333333357,500,113.7525833333332,0,113,0.0,46.53544247787593,1914,1237.2
2,B,PREDATOR,103,-12.179999999999998,218,113.7525833333332,337,10,99.58400593471809,62.84999999999947,20,1237.2
2,B,PREDATOR,104,12.01166666666621,288,113.7525833333332,337,10,93.62816023738864,63.507999999999356,107,1237.2
2,B,PREDATOR,105,2841.1599999999758,500,113.7525833333332,337,71,95.98041543026703,65.09042253521119,1611,1237.2
2,B,PREDATOR,106,199.30333333333326,500,113.7525833333332,80,82,86.973625,70.86143292682918,1892,1237.2
2,B,PREDATOR,107,12.873333333332964,307,113.7525833333332,337,19,91.25189910979223,74.65934210526308,394,1237.2
2,B,PREDATOR,108,-12.239999999999997,224,113.7525833333332,337,12,90.37504451038573,60.31687499999973,25,1237.2
2,B,PREDATOR,109,11.903333333332887,281,113.7525833333332,337,9,97.83649851632046,64.6711111111105,66,1237.2
2,B,PREDATOR,110,-12.219999999999997,222,113.7525833333332,337,11,99.40403560830859,71.82840909090898,42,1237.2
2,B,PREDATOR,111,11.660833333332834,314,113.7525833333332,337,9,98.45575667655785,53.06249999999995,181,1237.2
2,B,PREDATOR,112,112.04249999999902,271,113.7525833333332,337,18,87.45688427299699,60.437361111110995,292,1237.2
2,B,PREDATOR,113,11.912499999999556,276,113.7525833333332,3,11,85.65999999999946,61.2245454545449,27,1237.2
2,B,PREDATOR,114,-11.440000000000001,144,113.7525833333332,337,13,99.30160237388719,64.73461538461518,68,1237.2
2,B,PREDATOR,115,11.258333333332866,286,113.7525833333332,7,16,91.58571428571403,67.66343749999973,185,1237.2
2,B,PREDATOR,116,13.18249999999968,200,113.7525833333332,249,13,75.26959839357427,57.396153846153574,28,1237.2
2,B,PREDATOR,117,11.444166666666204,285,113.7525833333332,337,15,98.69608308605338,52.006499999999775,75,1237.2
2,B,PREDATOR,118,11.748333333332985,291,113.7525833333332,337,59,86.79264094955488,68.24559322033889,821,1237.2
2,B,PREDATOR,119,10.66999999999951,287,113.7525833333332,337,11,98.78320474777446,75.77681818181765,196,1237.2
2,B,PREDATOR,120,581.949166666668,333,113.7525833333332,1,117,92.79999999999973,62.3243803418804,1993,1237.2
2,B,PREDATOR,121,1655.5525000000023,500,113.7525833333332,0,88,0.0,57.437073863635824,1375,1237.2
2,B,PREDATOR,122,11.118333333332869,284,113.7525833333332,337,10,97.70056379821958,64.56199999999949,178,1237.2
2,B,PREDATOR,123,57.5241666666654,345,113.7525833333332,337,10,97.52599406528186,55.864999999999235,26,1237.2
2,B,PREDATOR,124,-12.389999999999993,239,113.7525833333332,337,11,97.56157270029671,65.88090909090853,111,1237.2
2,B,PREDATOR,125,-12.319999999999995,232,113.7525833333332,337,15,97.84308605341242,54.14533333333307,71,1237.2
2,B,PREDATOR,126,-12.209999999999997,221,113.7525833333332,3,10,92.65999999999973,68.44599999999943,27,1237.2
2,B,PREDATOR,127,11.875833333332876,282,113.7525833333332,337,16,97.39884272997031,74.37546874999973,553,1237.2
2,B,PREDATOR,128,12.614999999999645,289,113.7525833333332,337,11,98.78661721068248,76.14181818181751,212,1237.2
2,B,PREDATOR,129,12.509999999999641,223,113.7525833333332,5,11,91.57599999999968,65.47204545454491,25,1237.2
2,B,PREDATOR,130,-12.439999999999992,244,113.7525833333332,337,15,98.46302670623143,54.08999999999984,148,1237.2
2,B,PREDATOR,131,-12.319999999999995,232,113.7525833333332,337,11,99.03002967359049,62.02113636363615,54,1237.2
2,B,PREDATOR,132,-12.379999999999994,238,113.7525833333332,0,84,0.0,75.8253869047618,1119,1237.2
2,B,PREDATOR,133,9.046666666666129,313,113.7525833333332,0,16,0.0,59.83203124999937,153,1237.2
2,B,PREDATOR,134,10.47499999999947,324,113.7525833333332,3,10,85.08999999999943,58.04674999999933,28,1237.2
2,B,PREDATOR,135,-12.51999999999999,252,113.7525833333332,177,77,77.82700564971749,57.11136363636346,660,1237.2
2,B,PREDATOR,136,-11.740000000000002,174,113.7525833333332,81,13,86.8664197530864,57.53749999999967,30,1237.2
2,B,PREDATOR,137,10.868333333332943,228,113.7525833333332,337,15,99.47762611275962,53.983166666666584,135,1237.2
2,B,PREDATOR,138,2209.2799999999806,500,113.7525833333332,337,170,85.7287537091988,63.34377941176465,3053,1237.2
2,B,PREDATOR,139,-12.289999999999996,229,113.7525833333332,337,11,98.54724035608307,59.9206818181815,59,1237.2
2,B,PREDATOR,140,-12.55999999999999,256,113.7525833333332,337,10,98.75445103857565,55.08649999999979,162,1237.2
2,B,PREDATOR,141,32.542500000000295,358,113.7525833333332,6,10,89.33999999999959,48.60799999999933,24,1237.2
2,B,PREDATOR,142,55.475833333331856,319,113.7525833333332,337,9,99.17551928783381,66.30666666666599,112,1237.2
2,B,PREDATOR,143,-12.56999999999999,257,113.7525833333332,337,11,93.28827893175072,72.20022727272682,134,1237.2
2,B,PREDATOR,144,11.586666666666316,294,113.7525833333332,337,73,89.15014836795251,49.864006849315075,666,1237.2
2,B,PREDATOR,145,33.66666666666695,357,113.7525833333332,337,13,91.5274777448071,62.27692307692277,363,1237.2
2,B,PREDATOR,146,107.76499999999831,311,113.7525833333332,4,10,93.21999999999974,61.47999999999912,27,1237.2
2,B,PREDATOR,147,10.865833333332807,321,113.7525833333332,337,11,98.75071216617211,66.94977272727218,392,1237.2
2,B,PREDATOR,148,-12.689999999999987,269,113.7525833333332,337,12,97.00213649851626,73.11020833333309,479,1237.2
2,B,PREDATOR,149,-12.159999999999998,216,113.7525833333332,337,12,95.49572700296733,76.47166666666617,64,1237.2
2,B,PREDATOR,150,8.47833333333284,278,113.7525833333332,337,11,95.34474777448068,68.6840909090904,266,1237.2
2,B,PREDATOR,151,-12.609999999999989,261,113.7525833333332,337,10,85.19442136498513,67.48124999999948,98,1237.2
2,B,PREDATOR,152,57.25166666666552,347,113.7525833333332,4,10,89.95749999999961,57.194499999999074,32,1237.2
2,B,PREDATOR,153,9.582499999999522,277,113.7525833333332,337,11,90.18243323442135,60.14249999999954,26,1237.2
2,B,PREDATOR,154,2573.002499999978,500,113.7525833333332,337,26,98.6813353115727,61.659326923076804,629,1237.2
2,B,PREDATOR,155,33.6050000000005,423,113.7525833333332,0,117,0.0,51.837670940170774,2135,1237.2
2,B,PREDATOR,156,-12.749999999999986,275,113.7525833333332,337,11,90.2793471810089,67.19727272727211,37,1237.2
2,B,PREDATOR,157,-12.57999999999999,258,113.7525833333332,337,11,97.59041543026703,64.40545454545423,98,1237.2
2,B,PREDATOR,158,11.295833333332828,313,113.7525833333332,337,18,95.09919881305638,65.74986111111075,143,1237.2
2,B,PREDATOR,159,-12.809999999999985,281,113.7525833333332,337,10,98.08744807121663,67.54599999999942,89,1237.2
2,B,PREDATOR,160,-12.54999999999999,255,113.7525833333332,337,50,67.36649851632055,42.96460000000004,605,1237.2
2,B,PREDATOR,161,304.9325000000014,500,113.7525833333332,1,11,98.19999999999993,40.04659090909019,79,1237.2
2,B,PREDATOR,162,76.13749999999834,345,113.7525833333332,337,10,99.70765578635013,54.72274999999935,26,1237.2
2,B,PREDATOR,163,3024.569166666611,500,113.7525833333332,0,97,0.0,53.90041237113386,2071,1237.2
2,B,PREDATOR,164,32.10250000000041,383,113.7525833333332,180,91,68.3777222222222,67.56123626373618,1358,1237.2
2,B,PREDATOR,165,-12.329999999999995,233,113.7525833333332,337,11,89.23178041543026,59.02772727272671,23,1237.2
2,B,PREDATOR,166,-12.289999999999996,229,113.7525833333332,337,11,95.65243323442131,65.1413636363632,328,1237.2
2,B,PREDATOR,167,-12.609999999999989,261,113.7525833333332,337,10,94.00848664688425,63.14049999999948,47,1237.2
2,B,PREDATOR,168,37.67583333333379,276,113.7525833333332,337,11,97.65356083086051,71.10659090909009,69,1237.2
2,B,PREDATOR,169,11.52583333333286,293,113.7525833333332,0,65,0.0,74.72546153846126,939,1237.2
2,B,PREDATOR,170,3210.662499999987,500,113.7525833333332,337,8,97.96290801186943,62.6206249999995,282,1237.2
2,B,PREDATOR,171,-12.279999999999996,228,113.7525833333332,337,8,93.4478635014836,62.67499999999981,391,1237.2
2,B,PREDATOR,172,8.999999999999405,361,113.7525833333332,335,158,81.92128358208953,60.73185126582276,2086,1237.2
2,B,PREDATOR,173,34.35833333333364,296,113.7525833333332,337,46,85.02925816023738,73.52244565217384,450,1237.2
2,B,PREDATOR,174,35.955833333333786,305,113.7525833333332,337,10,97.04602373887239,78.00399999999934,449,1237.2
2,B,PREDATOR,175,287.2866666666687,477,113.7525833333332,0,131,0.0,73.57646946564881,1860,1237.2
2,B,PREDATOR,176,-11.32,132,113.7525833333332,9,11,86.66666666666616,77.88772727272695,21,1237.2
2,B,PREDATOR,177,30.50250000000034,396,113.7525833333332,0,9,0.0,47.564166666665884,31,1237.2
2,B,PREDATOR,178,30.603333333333694,367,113.7525833333332,337,11,96.08157270029673,67.83795454545414,175,1237.2
2,B,PREDATOR,179,29.023333333333646,246,113.7525833333332,337,11,97.26824925816022,53.96204545454516,143,1237.2
2,B,PREDATOR,180,3623.134999999984,500,113.7525833333332,158,118,85.59911392405061,77.70887711864405,1697,1237.2
2,B,PREDATOR,181,2627.629999999951,500,113.7525833333332,337,37,96.53813056379822,48.74304054054059,867,1237.2
2,B,PREDATOR,182,7.871666666666107,320,113.7525833333332,337,10,96.4877151335311,63.195999999999216,131,1237.2
2,B,PREDATOR,183,32.45916666666689,328,113.7525833333332,337,10,98.87765578635013,65.4972499999996,277,1237.2
2,B,PREDATOR,184,-12.339999999999995,234,113.7525833333332,337,11,99.72341246290802,57.256363636363425,15,1237.2
2,B,PREDATOR,185,-12.229999999999997,223,113.7525833333332,337,10,99.45252225519286,62.077499999999546,23,1237.2
2,B,PREDATOR,186,9.267499999999481,303,113.7525833333332,326,60,82.53852760736194,74.35816666666662,794,1237.2
2,B,PREDATOR,187,3293.64749999999,500,113.7525833333332,337,11,94.99198813056378,71.96363636363584,659,1237.2
2,B,PREDATOR,188,-12.259999999999996,226,113.7525833333332,337,9,97.78029673590495,62.73305555555531,74,1237.2
2,B,PREDATOR,189,-12.739999999999986,274,113.7525833333332,337,11,99.81572700296734,38.28181818181806,17,1237.2
2,B,PREDATOR,190,84.70083333333162,344,113.7525833333332,0,77,0.0,73.79129870129853,1176,1237.2
2,B,PREDATOR,191,-12.199999999999998,220,113.7525833333332,337,11,98.18186943620178,72.25840909090866,112,1237.2
2,B,PREDATOR,192,11.694999999999533,291,113.7525833333332,337,11,95.30774480712164,71.90568181818114,159,1237.2
2,B,PREDATOR,193,7.395833333332812,288,113.7525833333332,0,10,0.0,69.04024999999936,30,1237.2
2,B,PREDATOR,194,80.51833333333163,373,113.7525833333332,337,10,99.45887240356083,56.67599999999932,58,1237.2
2,B,PREDATOR,195,-12.359999999999994,236,113.7525833333332,337,10,79.28074183976258,62.84424999999953,28,1237.2
2,B,PREDATOR,196,1943.1825000000015,500,113.7525833333332,337,10,95.81991097922844,62.20774999999976,713,1237.2
2,B,PREDATOR,197,37.00083333333396,349,113.7525833333332,337,12,88.40020771513353,61.68999999999959,182,1237.2
2,B,PREDATOR,198,-12.209999999999997,221,113.7525833333332,1,78,96.15999999999985,74.05349358974348,1040,1237.2
2,B,PREDATOR,199,60.84249999999843,365,113.7525833333332,337,13,97.39813056379822,57.11038461538431,608,1237.2
2,B,PREDATOR,200,35.85333333333372,371,113.7525833333332,3,9,92.63999999999972,58.48277777777681,27,1237.2
2,B,PREDATOR,201,-12.319999999999995,232,113.7525833333332,337,14,87.74545994065281,58.51571428571392,55,1237.2
2,B,PREDATOR,202,35.70500000000042,367,113.7525833333332,337,169,88.54878338278925,46.358165680473455,1542,1237.2
2,B,PREDATOR,203,13.421666666666377,183,113.7525833333332,337,12,98.25765578635011,64.13854166666647,143,1237.2
2,B,PREDATOR,204,-12.659999999999988,266,113.7525833333332,337,20,99.37703264094955,57.3838749999998,146,1237.2
2,B,PREDATOR,205,126.73583333333521,376,113.7525833333332,337,15,96.46839762611275,50.795499999999834,360,1237.2
2,B,PREDATOR,206,3948.2899999999786,500,113.7525833333332,337,10,96.66762611275962,67.21224999999961,281,1237.2
2,B,PREDATOR,207,-13.00999999999998,301,113.7525833333332,337,10,98.82050445103856,56.03799999999942,22,1237.2
2,B,PREDATOR,208,-12.859999999999983,286,113.7525833333332,337,12,93.3540949554896,78.20999999999965,138,1237.2
2,B,PREDATOR,209,3896.699999999971,500,113.7525833333332,221,131,84.1947511312217,75.35024809160305,1460,1237.2
2,B,PREDATOR,210,-12.339999999999995,234,113.7525833333332,308,10,72.46668831168829,72.22324999999941,37,1237.2
2,B,PREDATOR,211,2568.4983333333203,500,113.7525833333332,337,41,94.46857566765577,71.23640243902426,608,1237.2
2,B,PREDATOR,212,2297.144166666628,500,113.7525833333332,337,169,66.98290801186945,56.483032544378645,2591,1237.2
2,B,PREDATOR,213,2972.385833333317,500,113.7525833333332,337,20,99.41284866468843,53.278249999999844,386,1237.2
2,B,PREDATOR,214,9.024999999999396,361,113.7525833333332,337,9,96.4777151335311,67.31138888888813,347,1237.2
2,B,PREDATOR,215,11.953333333332827,319,113.7525833333332,337,11,99.83762611275964,42.27090909090912,18,1237.2
2,B,PREDATOR,216,54.55833333333157,428,113.7525833333332,1,10,93.63999999999976,49.13849999999939,31,1237.2
2,B,PREDATOR,217,2374.2774999999374,500,113.7525833333332,337,170,83.87563798219583,58.930705882352775,3794,1237.2
2,B,PREDATOR,218,13.025833333332917,267,113.7525833333332,337,11,97.13332344213647,70.07409090909036,151,1237.2
2,B,PREDATOR,219,10.366666666666136,324,113.7525833333332,337,16,95.41267062314533,68.96484374999962,130,1237.2
2,B,PREDATOR,220,450.6300000000026,500,113.7525833333332,337,11,98.86172106824924,48.49068181818154,148,1237.2
2,B,PREDATOR,221,11.244166666666084,367,113.7525833333332,337,8,98.95584569732938,59.61624999999956,51,1237.2
2,B,PREDATOR,222,59.71249999999832,388,113.7525833333332,3,11,92.79999999999973,41.56249999999966,27,1237.2
2,B,PREDATOR,223,11.369999999999463,337,113.7525833333332,337,118,87.98679525222549,53.625550847457674,1336,1237.2
2,B,PREDATOR,224,82.73583333333178,341,113.7525833333332,260,60,78.86176923076923,77.02370833333329,1136,1237.2
2,B,PREDATOR,225,9.141666666666017,389,113.7525833333332,337,13,97.46673590504449,70.23519230769178,359,1237.2
2,B,PREDATOR,226,12.315833333332845,311,113.7525833333332,218,132,85.94444954128437,76.86469696969694,1524,1237.2
2,B,PREDATOR,227,-11.670000000000002,167,113.7525833333332,337,31,85.78335311572698,77.20330645161286,461,1237.2
2,B,PREDATOR,228,2573.894999999997,500,113.7525833333332,337,9,98.2646290801187,54.00666666666616,154,1237.2
2,B,PREDATOR,229,11.58083333333276,363,113.7525833333332,337,10,99.63617210682493,55.966499999999584,27,1237.2
2,B,PREDATOR,230,34.91250000000037,387,113.7525833333332,337,66,94.15302670623144,41.48204545454557,1403,1237.2
2,B,PREDATOR,231,105.04333333333142,368,113.7525833333332,11,10,92.33636363636334,51.84399999999918,28,1237.2
2,B,PREDATOR,232,39.402500000000316,403,113.7525833333332,337,10,99.76946587537091,50.872249999999745,262,1237.2
2,B,PREDATOR,233,10.219999999999535,274,113.7525833333332,337,10,99.59023738872402,66.36399999999938,38,1237.2
2,B,PREDATOR,234,9.906666666666188,275,113.7525833333332,78,84,90.15948717948713,77.57901785714286,1181,1237.2
2,B,PREDATOR,235,-12.289999999999996,229,113.7525833333332,4,18,91.44999999999968,79.90763888888858,175,1237.2
2,B,PREDATOR,236,419.6658333333367,475,113.7525833333332,0,39,0.0,53.02429487179447,749,1237.2
2,B,PREDATOR,237,81.40166666666472,370,113.7525833333332,337,11,97.43735905044508,70.18159090909047,170,1237.2
2,B,PREDATOR,238,79.51916666666455,442,113.7525833333332,5,9,89.03199999999958,44.564999999999344,25,1237.2
2,B,PREDATOR,239,-12.269999999999996,227,113.7525833333332,2,10,86.27499999999948,73.75074999999924,29,1237.2
2,B,PREDATOR,240,58.40416666666554,334,113.7525833333332,337,11,86.14584569732934,71.64818181818133,287,1237.2
2,B,PREDATOR,241,34.39000000000055,387,113.7525833333332,337,10,97.5008902077151,60.783999999999494,543,1237.2
2,B,PREDATOR,242,30.65416666666698,408,113.7525833333332,337,10,96.85620178041542,59.27849999999954,302,1237.2
2,B,PREDATOR,243,59.42749999999824,374,113.7525833333332,337,10,99.40780415430267,57.823749999999315,25,1237.2
2,B,PREDATOR,244,353.1316666666696,500,113.7525833333332,337,93,89.42732937685459,58.92733870967747,1737,1237.2
2,B,PREDATOR,245,78.71499999999789,475,113.7525833333332,337,8,98.6987240356083,38.850937499999446,29,1237.2
2,B,PREDATOR,246,228.78250000000202,500,113.7525833333332,337,14,99.40353115727005,62.79321428571393,100,1237.2
2,B,PREDATOR,247,11.369999999999452,345,113.7525833333332,337,10,99.8379821958457,56.020249999998995,20,1237.2
2,B,PREDATOR,248,-11.690000000000001,169,113.7525833333332,337,13,87.01768545994064,51.39365384615365,80,1237.2
2,B,PREDATOR,249,10.25583333333275,358,113.7525833333332,1,70,97.59999999999991,70.93349999999971,1150,1237.2
2,B,PREDATOR,250,-12.789999999999985,279,113.7525833333332,337,11,99.74896142433232,49.916363636363535,38,1237.2
2,B,PREDATOR,251,147.67333333333508,500,113.7525833333332,337,10,99.64976261127595,57.13249999999924,255,1237.2
2,B,PREDATOR,252,174.89999999999972,500,113.7525833333332,248,116,82.6099193548387,67.16256465517239,1125,1237.2
2,B,PREDATOR,253,8.889999999999466,378,113.7525833333332,337,32,85.41735905044507,70.62812499999981,708,1237.2
2,B,PREDATOR,254,-13.799999999999963,380,113.7525833333332,337,9,99.32893175074183,60.91305555555472,107,1237.2
2,B,PREDATOR,255,9.984166666666228,329,113.7525833333332,1,9,83.79999999999939,63.72361111111016,29,1237.2
2,B,PREDATOR,256,147.51666666666802,500,113.7525833333332,337,10,94.37753709198809,77.03799999999951,965,1237.2
2,B,PREDATOR,257,95.46416666666507,500,113.7525833333332,0,55,0.0,45.301363636363156,1234,1237.2
2,B,PREDATOR,258,11.839999999999561,271,113.7525833333332,337,11,94.6273590504451,60.40909090909029,47,1237.2
2,B,PREDATOR,259,-12.149999999999999,215,113.7525833333332,288,73,78.71850694444441,68.53208904109586,1029,1237.2
2,B,PREDATOR,260,32.87666666666685,335,113.7525833333332,337,10,97.60305637982195,65.49199999999931,300,1237.2
2,B,PREDATOR,261,34.3891666666669,357,113.7525833333332,337,10,99.58925816023738,55.21099999999929,36,1237.2
2,B,PREDATOR,262,-12.209999999999997,221,113.7525833333332,337,11,89.73376854599407,71.41613636363574,60,1237.2
2,B,PREDATOR,263,132.4183333333341,316,113.7525833333332,337,12,97.69216617210681,59.93812499999948,242,1237.2
2,B,PREDATOR,264,8.593333333332728,349,113.7525833333332,337,10,99.21080118694363,67.0792499999994,153,1237.2
2,B,PREDATOR,265,9.546666666666082,352,113.7525833333332,337,9,99.71314540059346,58.59944444444352,24,1237.2
2,B,PREDATOR,266,-12.729999999999986,273,113.7525833333332,337,10,99.73169139465875,61.173999999999296,87,1237.2
2,B,PREDATOR,267,-12.909999999999982,291,113.7525833333332,337,10,97.2412166172106,58.01849999999945,75,1237.2
2,B,PREDATOR,268,928.8708333333365,500,113.7525833333332,337,10,99.54985163204746,55.34199999999937,91,1237.2
2,B,PREDATOR,269,-12.739999999999986,274,113.7525833333332,337,12,94.94492581602373,64.88458333333296,192,1237.2
2,B,PREDATOR,270,388.77166666666756,500,113.7525833333332,337,10,99.04801186943618,50.07324999999953,420,1237.2
2,B,PREDATOR,271,11.927499999999542,285,113.7525833333332,337,84,79.66836795252223,70.01877976190474,1147,1237.2
2,B,PREDATOR,272,32.47750000000038,375,113.7525833333332,284,59,86.63073943661969,78.58449152542364,690,1237.2
2,B,PREDATOR,273,10.850833333332806,322,113.7525833333332,0,102,0.0,72.81370098039187,1708,1237.2
2,B,PREDATOR,274,12.724166666666227,281,113.7525833333332,337,11,98.2379525222552,57.6961363636361,168,1237.2
2,B,PREDATOR,275,663.2275000000035,469,113.7525833333332,0,85,0.0,68.52932352941158,1605,1237.2
2,B,PREDATOR,276,-12.479999999999992,248,113.7525833333332,337,46,85.24664688427298,70.10440217391297,559,1237.2
2,B,PREDATOR,277,34.416666666667105,385,113.7525833333332,337,9,90.36869436201756,64.9544444444436,296,1237.2
2,B,PREDATOR,278,941.2400000000025,425,113.7525833333332,337,11,99.31658753709198,54.17954545454513,81,1237.2
2,B,PREDATOR,279,34.60083333333374,330,113.7525833333332,337,10,99.8013946587537,55.60099999999922,19,1237.2
2,B,PREDATOR,280,11.912499999999545,284,113.7525833333332,337,10,99.32296735905045,67.89499999999936,51,1237.2
2,B,PREDATOR,281,34.946666666666864,337,113.7525833333332,337,10,98.83798219584568,58.35224999999902,23,1237.2
2,B,PREDATOR,282,-11.350000000000001,135,113.7525833333332,337,12,86.92347181008898,66.84124999999977,16,1237.2
2,B,PREDATOR,283,12.764166666666247,269,113.7525833333332,337,14,95.70062314540056,55.94017857142836,132,1237.2
2,B,PREDATOR,284,-12.129999999999999,213,113.7525833333332,2,10,83.00499999999936,72.9777499999994,33,1237.2
2,B,PREDATOR,285,-12.58999999999999,259,113.7525833333332,337,24,95.78771513353115,71.40947916666643,361,1237.2
2,B,PREDATOR,286,10.019999999999404,367,113.7525833333332,0,79,0.0,80.12841772151882,1625,1237.2
2,B,PREDATOR,287,662.7075000000015,500,113.7525833333332,337,10,95.53510385756675,65.29599999999951,403,1237.2
2,B,PREDATOR,288,10.009166666665935,461,113.7525833333332,337,10,99.32563798219584,52.649749999999585,61,1237.2
2,B,PREDATOR,289,9.668333333332834,294,113.7525833333332,337,8,99.61059347181008,65.9759374999992,23,1237.2
2,B,PREDATOR,290,3046.0383333332857,500,113.7525833333332,247,124,52.91886639676122,45.42683467741936,3085,1237.2
2,B,PREDATOR,291,59.77166666666533,304,113.7525833333332,5,11,91.81599999999969,58.373863636362856,26,1237.2
2,B,PREDATOR,292,32.88583333333378,361,113.7525833333332,1,10,93.99999999999977,59.24699999999914,47,1237.2
2,B,PREDATOR,293,78.949166666665,335,113.7525833333332,337,113,82.91798219584568,57.469867256637194,1120,1237.2
2,B,PREDATOR,294,32.38250000000035,382,113.7525833333332,0,9,0.0,55.76388888888798,32,1237.2
2,B,PREDATOR,295,11.18833333333283,312,113.7525833333332,2,11,87.45999999999952,58.41772727272649,32,1237.2
2,B,PREDATOR,296,-12.319999999999995,232,113.7525833333332,337,11,97.63982195845693,61.5906818181814,74,1237.2
2,B,PREDATOR,297,12.009999999999538,289,113.7525833333332,337,10,98.08525222551927,64.83074999999948,39,1237.2
2,B,PREDATOR,298,30.739166666667032,422,113.7525833333332,337,18,89.16359050445088,50.77069444444439,634,1237.2
2,B,PREDATOR,299,-12.639999999999988,264,113.7525833333332,337,74,90.77160237388722,53.6908783783784,659,1237.2
2,B,PREDATOR,300,12.569166666666321,213,113.7525833333332,337,11,98.91640949554896,53.5579545454543,29,1237.2
2,B,PREDATOR,301,9.933333333332802,319,113.7525833333332,1,10,80.19999999999925,61.91524999999915,29,1237.2
2,B,PREDATOR,302,-13.05999999999998,306,113.7525833333332,337,10,99.69893175074182,60.78999999999909,20,1237.2
2,B,PREDATOR,303,782.5650000000006,500,113.7525833333332,337,11,96.90344213649851,54.22022727272702,108,1237.2
2,B,PREDATOR,304,880.4475000000027,500,113.7525833333332,0,77,0.0,52.07603896103844,1320,1237.2
2,B,PREDATOR,305,12.16749999999959,253,113.7525833333332,337,17,85.87697329376854,78.57926470588208,560,1237.2
2,B,PREDATOR,306,2988.5266666666234,500,113.7525833333332,238,126,80.86899159663864,73.02109126984122,2537,1237.2
2,B,PREDATOR,307,-13.259999999999975,326,113.7525833333332,337,11,96.09448071216616,58.83090909090847,140,1237.2
2,B,PREDATOR,308,123.90583333333217,500,113.7525833333332,337,9,99.84154302670623,31.439166666666154,19,1237.2
2,B,PREDATOR,309,-13.00999999999998,301,113.7525833333332,337,39,92.02893175074183,67.26000000000006,595,1237.2
2,B,PREDATOR,310,93.43249999999743,500,113.7525833333332,0,6,0.0,16.141666666666364,30,1237.2
2,B,PREDATOR,311,10.641666666666081,364,113.7525833333332,190,110,81.73905263157893,64.04070454545457,1424,1237.2
2,B,PREDATOR,312,74.3941666666649,365,113.7525833333332,337,9,97.98071216617208,69.17999999999955,360,1237.2
2,B,PREDATOR,313,34.72916666666706,328,113.7525833333332,337,11,93.94029673590497,68.76840909090849,442,1237.2
2,B,PREDATOR,314,57.394999999997886,462,113.7525833333332,337,9,98.66504451038574,50.96166666666586,298,1237.2
2,B,PREDATOR,315,-12.739999999999986,274,113.7525833333332,337,11,97.50632047477744,60.10113636363567,32,1237.2
2,B,PREDATOR,316,207.04750000000178,500,113.7525833333332,1,131,83.55999999999938,46.62669847328261,2713,1237.2
2,B,PREDATOR,317,1195.3200000000018,500,113.7525833333332,0,79,0.0,57.311075949366476,1235,1237.2
2,B,PREDATOR,318,2603.9075000000003,500,113.7525833333332,337,105,86.31166172106822,58.91876190476195,1733,1237.2
2,B,PREDATOR,319,114.25083333333092,500,113.7525833333332,43,9,87.97744186046506,43.8133333333329,40,1237.2
2,B,PREDATOR,320,301.4241666666681,323,113.7525833333332,0,88,0.0,68.41937499999985,1279,1237.2
2,B,PREDATOR,321,32.976666666667185,421,113.7525833333332,5,9,95.16399999999982,51.12111111111035,36,1237.2
2,B,PREDATOR,322,363.42916666666827,500,113.7525833333332,337,45,86.72418397626112,70.39766666666658,705,1237.2
2,B,PREDATOR,323,200.00999999999945,500,113.7525833333332,0,120,0.0,60.15881249999991,1921,1237.2
2,B,PREDATOR,324,200.80500000000114,500,113.7525833333332,337,13,99.59635014836793,66.57230769230729,97,1237.2
2,B,PREDATOR,325,1271.6716666666682,500,113.7525833333332,234,119,54.59363247863256,41.620525210084125,2871,1237.2
2,B,PREDATOR,326,2839.284999999979,500,113.7525833333332,337,10,97.0660830860534,54.99399999999969,459,1237.2
2,B,PREDATOR,327,2046.2508333333349,500,113.7525833333332,25,97,98.07879999999997,80.67914948453608,1475,1237.2
2,B,PREDATOR,328,60.195833333331485,358,113.7525833333332,314,166,63.72194267515924,52.98337349397593,2264,1237.2
2,B,PREDATOR,329,34.09083333333383,354,113.7525833333332,337,10,99.60305637982195,44.06099999999947,16,1237.2
2,B,PREDATOR,330,32.7641666666672,422,113.7525833333332,337,11,84.81854599406526,51.77749999999928,52,1237.2
2,B,PREDATOR,331,11.036666666666074,373,113.7525833333332,337,11,90.89522255192878,65.02681818181772,349,1237.2
2,B,PREDATOR,332,-12.299999999999995,230,113.7525833333332,337,10,99.01062314540056,53.59599999999966,10,1237.2
2,B,PREDATOR,333,-12.839999999999984,284,113.7525833333332,337,10,96.21777448071214,70.96599999999938,34,1237.2
2,B,PREDATOR,334,7.655833333332685,378,113.7525833333332,337,11,98.87302670623146,60.291818181817625,64,1237.2
2,B,PREDATOR,335,-13.299999999999974,330,113.7525833333332,337,80,90.16130563798218,70.76012499999995,905,1237.2
2,B,PREDATOR,336,28.89333333333377,470,113.7525833333332,337,14,93.61456973293762,66.90357142857114,966,1237.2
2,B,PREDATOR,337,11.75749999999955,278,113.7525833333332,337,11,99.6193471810089,52.74522727272659,18,1237.2
2,B,PREDATOR,338,11.644166666666171,308,113.7525833333332,1,69,80.37999999999926,57.402318840579234,990,1237.2
2,B,PREDATOR,339,9.384999999999595,309,113.7525833333332,337,11,87.7441246290801,64.64727272727208,224,1237.2
2,B,PREDATOR,340,226.31666666666933,372,113.7525833333332,0,102,0.0,63.478063725490124,1668,1237.2
2,B,PREDATOR,341,12.200833333332893,274,113.7525833333332,337,72,75.00534124629075,67.09420138888896,1183,1237.2
2,B,PREDATOR,342,-12.189999999999998,219,113.7525833333332,1,33,93.48999999999975,83.24621212121187,562,1237.2
2,B,PREDATOR,343,55.33999999999886,367,113.7525833333332,14,20,90.71785714285707,53.60699999999938,327,1237.2
2,B,PREDATOR,344,1036.1025000000022,500,113.7525833333332,337,10,99.54311572700297,39.73599999999943,67,1237.2
2,B,PREDATOR,345,825.2058333333346,500,113.7525833333332,337,14,94.52489614243322,68.06285714285677,232,1237.2
2,B,PREDATOR,346,11.482499999999478,327,113.7525833333332,5,8,92.60799999999972,54.62906249999941,40,1237.2
2,B,PREDATOR,347,-12.309999999999995,231,113.7525833333332,1,68,96.00999999999985,81.84290441176461,1028,1237.2
2,B,PREDATOR,348,12.298333333332812,333,113.7525833333332,0,58,0.0,73.22624999999967,1165,1237.2
2,B,PREDATOR,349,8.505833333332793,309,113.7525833333332,337,9,99.72287833827893,45.92277777777725,17,1237.2
2,B,PREDATOR,350,50.17166666666727,382,113.7525833333332,337,10,68.45955489614248,75.86199999999933,646,1237.2
3,A,PREY,1,26.760000000000048,23,84.12200000000016,29,11,94.76068965517226,78.71454545454543,6,369.4
3,A,PREY,2,338.4300000000007,98,84.12200000000016,147,18,93.74510204081628,64.35041666666656,42,369.4
3,A,PREY,3,1464.9100000000033,372,84.12200000000016,337,17,97.24940652818988,75.30808823529398,87,369.4
3,A,PREY,4,102.72999999999993,74,84.12200000000016,337,12,86.06376854599404,71.0037499999999,15,369.4
3,A,PREY,5,704.1000000000014,172,84.12200000000016,337,37,69.49756676557868,66.20668918918916,147,369.4
3,A,PREY,6,28.24000000000001,25,84.12200000000016,32,10,94.47749999999982,86.85649999999997,5,369.4
3,A,PREY,7,378.9600000000007,94,84.12200000000016,337,12,89.29768545994062,66.61333333333312,11,369.4
3,A,PREY,8,1705.3000000000034,377,84.12200000000016,325,169,83.3866769230769,51.40323964497052,1012,369.4
3,A,PREY,9,1665.830000000003,325,84.12200000000016,337,169,90.51080118694358,44.611375739645055,905,369.4
3,A,PREY,10,268.4800000000003,45,84.12200000000016,47,12,87.18085106382965,71.59645833333333,11,369.4
3,A,PREY,11,2263.6199999999917,431,84.12200000000016,337,159,76.98700296735906,58.069606918239025,749,369.4
3,A,PREY,12,68.83999999999999,14,84.12200000000016,30,10,96.62499999999984,81.53799999999998,1,369.4
3,A,PREY,13,821.9100000000012,188,84.12200000000016,337,78,98.62851632047477,54.85775641025644,301,369.4
3,A,PREY,14,27.830000000000005,16,84.12200000000016,29,10,96.22724137931019,83.48199999999997,2,369.4
3,A,PREY,15,3422.0999999999717,404,84.12200000000016,0,151,0.0,64.22334437086096,1095,369.4
3,A,PREY,16,227.23000000000008,21,84.12200000000016,27,11,94.8877777777776,76.3563636363636,4,369.4
3,A,PREY,17,3314.1699999999696,500,84.12200000000016,338,169,79.52355029585796,64.68911242603552,1412,369.4
3,A,PREY,18,108.25999999999993,21,84.12200000000016,39,10,90.58794871794859,80.87349999999995,2,369.4
3,A,PREY,19,3020.0899999999833,415,84.12200000000016,337,169,81.42810089020772,60.09341715976316,1601,369.4
3,A,PREY,20,186.24000000000007,21,84.12200000000016,27,10,94.76740740740723,88.29999999999997,5,369.4
3,A,PREY,21,3914.0199999999563,500,84.12200000000016,338,169,83.96369822485205,76.11434911242601,1517,369.4
3,A,PREY,22,862.5900000000009,119,84.12200000000016,337,10,90.78934718100888,82.74799999999959,12,369.4
3,A,PREY,23,3471.129999999967,500,84.12200000000016,338,93,97.76630177514791,38.87706989247323,414,369.4
3,A,PREY,24,603.4400000000007,90,84.12200000000016,337,10,98.13516320474774,82.35599999999982,10,369.4
3,A,PREY,25,185.2100000000001,24,84.12200000000016,31,10,92.26096774193535,94.71224999999995,8,369.4
3,A,PREY,26,867.6000000000009,118,84.12200000000016,337,12,93.84326409495546,73.28083333333312,22,369.4
3,A,PREY,27,1267.1900000000012,149,84.12200000000016,337,25,92.6955786350148,73.17859999999995,99,369.4
3,A,PREY,28,1666.610000000002,197,84.12200000000016,337,21,95.64691394658745,57.0808333333333,59,369.4
3,A,PREY,29,4233.9399999999605,500,84.12200000000016,338,12,99.19210059171596,78.94791666666657,71,369.4
3,A,PREY,30,3594.0999999999594,500,84.12200000000016,338,79,73.1794674556213,59.134620253164535,343,369.4
3,A,PREY,31,584.5700000000005,78,84.12200000000016,229,23,86.8545851528384,65.57847826086947,77,369.4
3,A,PREY,32,2522.3999999999833,345,84.12200000000016,337,125,95.0643916913946,27.97744000000017,584,369.4
3,A,PREY,33,1785.590000000002,196,84.12200000000016,337,88,95.57741839762608,61.24522727272725,366,369.4
3,A,PREY,34,2546.4299999999944,243,84.12200000000016,337,148,90.8390207715133,50.59261824324332,667,369.4
3,A,PREY,35,228.7100000000001,23,84.12200000000016,35,12,95.24799999999985,70.99041666666666,6,369.4
3,A,PREY,36,819.2600000000008,103,84.12200000000016,308,11,83.65542207792207,73.19727272727249,13,369.4
3,A,PREY,37,4424.169999999966,372,84.12200000000016,293,164,73.35078498293515,73.21762195121951,932,369.4
3,A,PREY,38,771.7500000000009,105,84.12200000000016,337,10,92.19237388724031,84.37324999999977,14,369.4
3,A,PREY,39,228.62000000000006,32,84.12200000000016,48,11,96.23562499999987,79.09795454545453,8,369.4
3,A,PREY,40,585.0600000000005,79,84.12200000000016,105,10,95.65104761904759,77.49074999999984,8,369.4
3,A,PREY,41,5233.689999999942,500,84.12200000000016,338,8,99.0434615384615,69.9374999999996,39,369.4
3,A,PREY,42,-12.61,11,84.12200000000016,30,10,97.37999999999987,82.63324999999998,1,369.4
3,A,PREY,43,147.82,14,84.12200000000016,29,10,96.65034482758607,83.65599999999998,2,369.4
3,A,PREY,44,106.80999999999997,16,84.12200000000016,31,10,95.98161290322567,83.93199999999996,2,369.4
3,A,PREY,45,2147.2300000000014,173,84.12200000000016,248,126,84.53141129032255,83.72035714285708,965,369.4
3,A,PREY,46,225.1900000000001,25,84.12200000000016,26,11,93.57269230769205,78.96659090909087,6,369.4
3,A,PREY,47,224.45000000000027,49,84.12200000000016,47,12,92.49531914893599,68.81979166666662,8,369.4
3,A,PREY,48,386.1800000000002,22,84.12200000000016,28,10,94.36714285714265,86.53599999999997,4,369.4
3,A,PREY,49,1946.110000000002,240,84.12200000000016,337,118,91.74545994065281,62.20275423728811,535,369.4
3,A,PREY,50,4872.27999999995,500,84.12200000000016,338,5,98.78464497041415,58.81099999999962,27,369.4
3,A,PREY,51,6153.459999999931,500,84.12200000000016,338,113,93.99109467455618,57.54836283185843,505,369.4
3,A,PREY,52,187.75,20,84.12200000000016,34,10,92.8120588235293,85.66599999999997,4,369.4
3,A,PREY,53,145.24000000000004,22,84.12200000000016,30,10,95.00133333333319,92.81199999999997,7,369.4
3,A,PREY,54,427.63000000000017,26,84.12200000000016,25,11,93.74559999999974,77.84477272727271,6,369.4
3,A,PREY,55,225.18000000000006,26,84.12200000000016,26,11,93.86038461538439,76.54090909090904,5,369.4
3,A,PREY,56,1174.550000000001,115,84.12200000000016,337,11,98.49872403560826,81.27909090909071,21,369.4
3,A,PREY,57,3225.2199999999884,247,84.12200000000016,337,127,96.33967359050442,42.72858267716545,582,369.4
3,A,PREY,58,1329.3000000000013,136,84.12200000000016,261,13,77.15463601532565,72.91346153846138,27,369.4
3,A,PREY,59,3585.7999999999843,280,84.12200000000016,337,132,97.92335311572695,35.6312500000001,552,369.4
3,A,PREY,60,5913.519999999929,500,84.12200000000016,338,10,99.43887573964496,73.12674999999979,52,369.4
3,A,PREY,61,586.6200000000006,73,84.12200000000016,69,11,87.67927536231869,71.63999999999989,11,369.4
3,A,PREY,62,509.0400000000003,33,84.12200000000016,28,10,93.12214285714263,89.01849999999993,7,369.4
3,A,PREY,63,5820.329999999941,421,84.12200000000016,337,169,90.73632047477743,73.40082840236686,1049,369.4
3,A,PREY,64,1906.8700000000017,165,84.12200000000016,337,13,86.06364985163198,66.02461538461517,28,369.4
3,A,PREY,65,5744.209999999948,385,84.12200000000016,337,11,97.5119584569732,61.761363636363264,33,369.4
3,A,PREY,66,4144.6699999999755,329,84.12200000000016,337,169,95.71818991097918,48.21303254437878,1266,369.4
3,A,PREY,67,3625.529999999983,256,84.12200000000016,337,43,86.37667655786345,53.77104651162793,158,369.4
3,A,PREY,68,266.16000000000014,27,84.12200000000016,40,12,90.19724999999983,68.11937499999998,5,369.4
3,A,PREY,69,6473.379999999926,500,84.12200000000016,338,9,98.68795857988161,57.50999999999984,59,369.4
3,A,PREY,70,307.70000000000016,22,84.12200000000016,27,10,94.54111111111091,85.97799999999998,4,369.4
3,A,PREY,71,106.79999999999997,17,84.12200000000016,32,10,93.5681249999999,86.67999999999998,4,369.4
3,A,PREY,72,620.3800000000008,96,84.12200000000016,337,11,86.47400593471808,76.09613636363616,12,369.4
3,A,PREY,73,427.2100000000002,18,84.12200000000016,35,11,90.51485714285701,72.75840909090907,2,369.4
3,A,PREY,74,188.82000000000005,13,84.12200000000016,30,10,96.80899999999987,82.03599999999997,1,369.4
3,A,PREY,75,1183.9100000000008,79,84.12200000000016,57,12,91.0624561403508,74.40687499999991,17,369.4
3,A,PREY,76,5143.379999999964,333,84.12200000000016,337,169,87.91142433234421,56.690828402366904,1206,369.4
3,A,PREY,77,187.26000000000016,19,84.12200000000016,31,10,96.10193548387088,90.23949999999998,6,369.4
3,A,PREY,78,705.8600000000005,46,84.12200000000016,94,10,92.52585106382968,82.4077499999999,5,369.4
3,A,PREY,79,66.83999999999999,14,84.12200000000016,32,11,96.5081249999999,76.38022727272725,3,369.4
3,A,PREY,80,7033.239999999918,500,84.12200000000016,338,7,98.0145857988165,66.68214285714237,34,369.4
3,A,PREY,81,7673.079999999911,500,84.12200000000016,338,169,97.30192307692305,71.23190828402358,1437,369.4
3,A,PREY,82,948.0400000000006,122,84.12200000000016,337,14,95.57397626112757,73.02446428571403,29,369.4
3,A,PREY,83,4945.169999999966,309,84.12200000000016,201,134,79.50089552238802,67.88436567164172,1118,369.4
3,A,PREY,84,304.19000000000017,23,84.12200000000016,27,10,94.4877777777776,85.99024999999995,4,369.4
3,A,PREY,85,4105.389999999983,258,84.12200000000016,337,89,89.55477744807119,57.69896067415729,364,369.4
3,A,PREY,86,268.7400000000001,19,84.12200000000016,30,10,95.54066666666651,83.90799999999999,3,369.4
3,A,PREY,87,541.5900000000003,27,84.12200000000016,26,10,93.74923076923054,90.45424999999997,7,369.4
3,A,PREY,88,4025.1099999999883,238,84.12200000000016,337,169,59.043442136498555,60.519053254437885,1106,369.4
3,A,PREY,89,548.4500000000004,41,84.12200000000016,23,11,90.32173913043441,79.24204545454539,8,369.4
3,A,PREY,90,4425.299999999978,259,84.12200000000016,337,169,89.45928783382787,55.46229289940832,848,369.4
3,A,PREY,91,305.19000000000017,23,84.12200000000016,28,11,94.69285714285697,75.76931818181814,4,369.4
3,A,PREY,92,3013.559999999989,218,84.12200000000016,284,150,81.90538732394366,69.44371666666666,781,369.4
3,A,PREY,93,1021.8900000000008,85,84.12200000000016,186,10,87.44462365591396,89.45724999999982,13,369.4
3,A,PREY,94,4665.429999999975,290,84.12200000000016,325,169,75.93393846153846,70.55590236686393,1104,369.4
3,A,PREY,95,187.79000000000002,16,84.12200000000016,33,10,96.1833333333332,80.78199999999997,1,369.4
3,A,PREY,96,5304.949999999966,322,84.12200000000016,79,160,71.36354430379744,52.25718750000002,1226,369.4
3,A,PREY,97,787.2200000000006,58,84.12200000000016,76,11,94.70684210526306,75.3331818181817,8,369.4
3,A,PREY,98,467.1300000000002,25,84.12200000000016,27,10,93.95185185185164,92.09549999999994,7,369.4
3,A,PREY,99,2826.119999999996,167,84.12200000000016,337,11,97.68163204747765,69.3970454545452,16,369.4
3,A,PREY,100,4704.23999999997,308,84.12200000000016,337,169,85.74566765578635,58.538846153846144,1340,369.4
3,A,PREY,101,4985.559999999973,269,84.12200000000016,337,169,89.57727002967357,60.46551775147934,933,369.4
3,A,PREY,102,464.0600000000002,32,84.12200000000016,54,12,92.60999999999991,72.53479166666662,8,369.4
3,A,PREY,103,8032.989999999906,500,84.12200000000016,338,18,99.42115384615384,52.911944444444366,163,369.4
3,A,PREY,104,219.12000000000023,32,84.12200000000016,44,10,95.25431818181802,93.65024999999994,9,369.4
3,A,PREY,105,26.21000000000005,28,84.12200000000016,48,10,90.33916666666657,95.50949999999997,9,369.4
3,A,PREY,106,216.70999999999987,73,84.12200000000016,47,12,85.81255319148916,71.62958333333323,14,369.4
3,A,PREY,107,9552.609999999897,500,84.12200000000016,338,14,99.75458579881655,84.72910714285683,79,369.4
3,A,PREY,108,4465.299999999981,258,84.12200000000016,337,169,87.64967359050443,69.32539940828399,1517,369.4
3,A,PREY,109,346.69000000000017,22,84.12200000000016,29,12,92.018620689655,71.28458333333332,6,369.4
3,A,PREY,110,9512.619999999899,500,84.12200000000016,1,96,99.72999999999999,43.77877604166613,1552,369.4
3,A,PREY,111,10112.469999999896,500,84.12200000000016,338,10,97.86636094674549,48.910499999999764,131,369.4
3,A,PREY,112,1307.7900000000009,88,84.12200000000016,337,14,96.8069139465875,66.45410714285703,24,369.4
3,A,PREY,113,1827.660000000001,88,84.12200000000016,112,10,87.24767857142852,81.66924999999983,11,369.4
3,A,PREY,114,7423.359999999932,378,84.12200000000016,337,169,87.57700296735904,64.69403846153845,1218,369.4
3,A,PREY,115,7343.999999999939,366,84.12200000000016,0,132,0.0,51.2122537878787,1125,369.4
3,A,PREY,116,9592.5999999999,500,84.12200000000016,338,169,87.57772189349112,50.534142011834405,1042,369.4
3,A,PREY,117,7498.579999999932,454,84.12200000000016,337,169,93.39845697329376,50.74448224852059,2228,369.4
3,A,PREY,118,9060.69999999991,453,84.12200000000016,337,169,88.22970326409495,64.60076923076909,3810,369.4
3,A,PREY,119,1423.8300000000008,81,84.12200000000016,337,12,98.4528189910979,71.76354166666653,14,369.4
3,A,PREY,120,9181.699999999912,450,84.12200000000016,120,153,79.22499999999997,70.81826797385618,1127,369.4
3,A,PREY,121,5585.069999999971,253,84.12200000000016,337,169,64.30566765578641,46.785769230769354,816,369.4
3,A,PREY,122,349.2100000000001,20,84.12200000000016,34,10,95.06852941176459,83.87799999999996,3,369.4
3,A,PREY,123,109.15999999999993,31,84.12200000000016,40,10,90.47799999999984,93.65199999999996,9,369.4
3,A,PREY,124,908.2300000000004,54,84.12200000000016,117,12,86.78846153846145,69.68979166666661,13,369.4
3,A,PREY,125,147.33000000000004,13,84.12200000000016,30,11,96.93399999999988,72.51295454545453,1,369.4
3,A,PREY,126,1387.8400000000006,81,84.12200000000016,314,15,88.06420382165604,69.53116666666664,30,369.4
3,A,PREY,127,4825.81999999998,247,84.12200000000016,337,149,89.50611275964388,43.05904362416113,754,369.4
3,A,PREY,128,348.7400000000001,17,84.12200000000016,34,11,93.18735294117634,73.71795454545453,2,369.4
3,A,PREY,129,229.2700000000001,17,84.12200000000016,32,10,93.04249999999985,80.67399999999996,1,369.4
3,A,PREY,130,104.29999999999994,17,84.12200000000016,29,10,95.88448275862055,85.30599999999997,3,369.4
3,A,PREY,131,4384.229999999987,217,84.12200000000016,337,105,88.82513353115723,58.16964285714291,471,369.4
3,A,PREY,132,3187.229999999996,147,84.12200000000016,337,13,97.024005934718,51.843461538461504,17,369.4
3,A,PREY,133,1628.3600000000008,73,84.12200000000016,248,10,83.91915322580641,84.70399999999982,11,369.4
3,A,PREY,134,4745.4999999999745,281,84.12200000000016,337,112,96.13649851632046,61.13580357142856,487,369.4
3,A,PREY,135,5185.629999999977,207,84.12200000000016,337,62,92.280118694362,65.95366935483865,274,369.4
3,A,PREY,136,6584.829999999953,302,84.12200000000016,337,147,91.03112759643915,61.222414965986445,707,369.4
3,A,PREY,137,226.20000000000016,24,84.12200000000016,30,10,93.93299999999981,89.63674999999996,6,369.4
3,A,PREY,138,5625.55999999997,253,84.12200000000016,337,14,97.82922848664681,39.04482142857135,25,369.4
3,A,PREY,139,704.4500000000004,37,84.12200000000016,44,11,95.02204545454532,77.9561363636363,8,369.4
3,A,PREY,140,1427.9500000000007,69,84.12200000000016,232,10,87.56698275862063,83.08024999999985,9,369.4
3,A,PREY,141,4225.859999999989,208,84.12200000000016,95,106,92.68378947368419,73.4402830188679,823,369.4
3,A,PREY,142,2226.949999999999,99,84.12200000000016,270,10,86.01366666666665,84.76799999999973,14,369.4
3,A,PREY,143,1027.8500000000004,39,84.12200000000016,23,12,91.19391304347792,75.42354166666664,11,369.4
3,A,PREY,144,428.64000000000016,25,84.12200000000016,34,11,92.06705882352924,77.8104545454545,5,369.4
3,A,PREY,145,7663.189999999939,339,84.12200000000016,337,169,84.30083086053412,69.13707100591712,1569,369.4
3,A,PREY,146,26.810000000000038,18,84.12200000000016,29,10,95.74931034482742,83.30199999999995,2,369.4
3,A,PREY,147,11021.089999999893,465,84.12200000000016,337,169,69.10768545994067,62.26821005917161,958,369.4
3,A,PREY,148,8752.809999999921,500,84.12200000000016,338,11,99.42766272189348,63.079545454545126,44,369.4
3,A,PREY,149,8846.779999999904,500,84.12200000000016,338,8,99.20269230769229,61.16156249999986,32,369.4
3,A,PREY,150,8303.829999999934,359,84.12200000000016,337,47,98.3266765578635,66.0305319148936,212,369.4
3,A,PREY,151,4146.739999999994,172,84.12200000000016,337,31,97.61002967359042,60.23669354838709,120,369.4
3,A,PREY,152,11192.199999999884,500,84.12200000000016,338,11,97.13118343195256,71.60477272727242,41,369.4
3,A,PREY,153,63.79,19,84.12200000000016,27,10,95.38888888888872,86.34999999999998,4,369.4
3,A,PREY,154,8382.009999999931,439,84.12200000000016,337,73,90.03836795252225,53.77801369863016,313,369.4
3,A,PREY,155,506.11000000000024,26,84.12200000000016,28,10,93.90964285714263,85.50999999999996,4,369.4
3,A,PREY,156,309.2700000000001,15,84.12200000000016,33,10,96.69060606060594,82.11999999999996,1,369.4
3,A,PREY,157,29.26000000000004,23,84.12200000000016,29,10,91.60689655172396,85.99774999999994,4,369.4
3,A,PREY,158,6664.609999999958,272,84.12200000000016,337,169,71.78543026706234,57.39144970414202,1137,369.4
3,A,PREY,159,4266.41999999999,201,84.12200000000016,337,146,91.80655786350144,44.36799657534257,709,369.4
3,A,PREY,160,708.5800000000003,24,84.12200000000016,29,10,94.1699999999998,92.51799999999997,7,369.4
3,A,PREY,161,228.6300000000001,31,84.12200000000016,42,10,95.80333333333321,92.23624999999993,8,369.4
3,A,PREY,162,7903.5899999999365,393,84.12200000000016,337,10,96.56100890207702,73.57124999999976,42,369.4
3,A,PREY,163,8672.829999999902,500,84.12200000000016,338,4,97.31384615384606,97.74999999999994,81,369.4
3,A,PREY,164,267.7900000000001,14,84.12200000000016,30,11,96.65999999999985,72.55090909090906,1,369.4
3,A,PREY,165,4066.769999999994,171,84.12200000000016,337,14,95.7351928783382,63.485892857142865,35,369.4
3,A,PREY,166,1020.9200000000008,82,84.12200000000016,118,12,89.96194915254235,67.57916666666661,13,369.4
3,A,PREY,167,10552.359999999895,500,84.12200000000016,338,16,99.2573668639053,58.35437499999989,85,369.4
3,A,PREY,168,51.61999999999997,36,84.12200000000016,46,11,90.84347826086943,82.07909090909088,9,369.4
3,A,PREY,169,8943.459999999925,380,84.12200000000016,337,169,89.41442136498515,56.052071005917206,835,369.4
3,A,PREY,170,4546.059999999988,180,84.12200000000016,337,10,96.28489614243315,76.62349999999984,22,369.4
3,A,PREY,171,10307.419999999896,500,84.12200000000016,338,5,99.49502958579879,82.85199999999958,31,369.4
3,A,PREY,172,1625.8300000000008,76,84.12200000000016,337,11,87.07762611275962,77.10954545454526,12,369.4
3,A,PREY,173,1421.3800000000008,76,84.12200000000016,281,12,88.34693950177933,80.17916666666657,23,369.4
3,A,PREY,174,3101.779999999993,144,84.12200000000016,337,11,90.10804154302666,77.34590909090883,20,369.4
3,A,PREY,175,106.77000000000002,20,84.12200000000016,35,11,95.48742857142842,72.23454545454541,2,369.4
3,A,PREY,176,25.830000000000034,16,84.12200000000016,31,11,96.15290322580631,75.42977272727272,3,369.4
3,A,PREY,177,27.340000000000018,15,84.12200000000016,32,10,96.29531249999988,84.06999999999996,2,369.4
3,A,PREY,178,12191.949999999879,500,84.12200000000016,338,162,85.36357988165678,58.822175925925954,873,369.4
3,A,PREY,179,68.85000000000002,13,84.12200000000016,30,10,96.82399999999986,81.97599999999997,1,369.4
3,A,PREY,180,185.6500000000001,30,84.12200000000016,24,10,92.82499999999972,89.76224999999994,7,369.4
3,A,PREY,181,3506.999999999997,162,84.12200000000016,39,12,88.95230769230767,62.36104166666644,22,369.4
3,A,PREY,182,1625.8900000000008,70,84.12200000000016,337,11,92.33649851632042,78.31477272727261,12,369.4
3,A,PREY,183,10432.389999999898,500,84.12200000000016,338,33,98.83118343195267,67.30810606060595,149,369.4
3,A,PREY,184,1708.4000000000008,67,84.12200000000016,129,12,83.00620155038752,64.72541666666659,10,369.4
3,A,PREY,185,427.6800000000002,21,84.12200000000016,27,11,95.29259259259246,79.85613636363634,6,369.4
3,A,PREY,186,1383.9100000000008,74,84.12200000000016,41,14,84.05195121951198,65.20267857142845,22,369.4
3,A,PREY,187,1902.530000000001,99,84.12200000000016,337,12,94.03925816023735,71.39270833333315,16,369.4
3,A,PREY,188,4306.619999999992,180,84.12200000000016,337,12,96.76513353115715,56.669374999999775,17,369.4
3,A,PREY,189,4866.549999999985,173,84.12200000000016,337,13,99.15709198813055,84.94249999999978,36,369.4
3,A,PREY,190,10701.769999999906,405,84.12200000000016,337,158,85.23017804154301,53.04688291139246,733,369.4
3,A,PREY,191,1417.4700000000012,117,84.12200000000016,337,12,97.49913946587534,77.11416666666652,21,369.4
3,A,PREY,192,308.2400000000001,18,84.12200000000016,42,10,86.98357142857131,80.83599999999996,1,369.4
3,A,PREY,193,1659.660000000001,92,84.12200000000016,337,11,98.36958456973288,74.99454545454532,12,369.4
3,A,PREY,194,3101.9299999999976,129,84.12200000000016,337,14,92.93317507418394,77.04624999999986,37,369.4
3,A,PREY,195,2026.710000000001,78,84.12200000000016,250,10,80.27919999999999,83.69874999999982,9,369.4
3,A,PREY,196,8584.069999999936,328,84.12200000000016,337,169,72.54362017804154,69.99420118343188,1332,369.4
3,A,PREY,197,10630.839999999898,500,84.12200000000016,338,5,97.95109467455613,89.22399999999962,31,369.4
3,A,PREY,198,26.770000000000046,22,84.12200000000016,27,10,94.89444444444426,86.77199999999996,5,369.4
3,A,PREY,199,28.75000000000005,24,84.12200000000016,30,10,94.48866666666648,87.45274999999995,5,369.4
3,A,PREY,200,3466.969999999999,166,84.12200000000016,337,79,90.4554896142433,56.9516772151899,310,369.4
3,A,PREY,201,5466.199999999977,193,84.12200000000016,337,14,98.45451038575663,62.55535714285702,28,369.4
3,A,PREY,202,5425.039999999975,210,84.12200000000016,337,149,84.68833827893174,47.430251677852354,816,369.4
3,A,PREY,203,588.5800000000003,27,84.12200000000016,23,10,89.4056521739128,94.57474999999994,9,369.4
3,A,PREY,204,3104.9099999999985,131,84.12200000000016,337,12,69.270118694362,74.26291666666644,22,369.4
3,A,PREY,205,629.1000000000003,24,84.12200000000016,36,10,95.49861111111098,87.50799999999997,5,369.4
3,A,PREY,206,1022.7600000000004,48,84.12200000000016,24,12,89.46833333333296,79.7879166666666,14,369.4
3,A,PREY,207,25.780000000000044,21,84.12200000000016,31,10,92.17516129032245,86.45799999999994,4,369.4
3,A,PREY,208,2187.98,97,84.12200000000016,337,27,94.38928783382785,70.91083333333327,95,369.4
3,A,PREY,209,867.4500000000004,33,84.12200000000016,39,10,92.66333333333318,88.26399999999995,6,369.4
3,A,PREY,210,5026.419999999985,182,84.12200000000016,337,80,71.08305637982197,64.75784374999998,373,369.4
3,A,PREY,211,9263.289999999926,339,84.12200000000016,337,169,96.38771513353113,65.50226331360932,1540,369.4
3,A,PREY,212,10823.009999999907,378,84.12200000000016,337,169,76.10958456973295,60.70934911242606,972,369.4
3,A,PREY,213,749.0300000000003,28,84.12200000000016,24,10,93.39749999999977,90.23999999999997,7,369.4
3,A,PREY,214,12901.149999999885,462,84.12200000000016,337,169,81.60985163204748,49.74578402366864,1301,369.4
3,A,PREY,215,8901.029999999935,324,84.12200000000016,337,169,77.91385756676556,58.951434911242686,1502,369.4
3,A,PREY,216,4626.61999999999,172,84.12200000000016,337,169,90.18459940652818,62.101849112426066,860,369.4
3,A,PREY,217,3505.339999999999,128,84.12200000000016,337,11,80.23721068249255,70.79795454545427,11,369.4
3,A,PREY,218,28.420000000000016,7,84.12200000000016,31,11,97.84032258064514,77.14613636363634,2,369.4
3,A,PREY,219,307.73000000000013,19,84.12200000000016,35,10,95.8242857142856,83.31399999999996,2,369.4
3,A,PREY,220,13111.719999999881,500,84.12200000000016,338,64,98.47269230769226,39.78312500000007,273,369.4
3,A,PREY,221,10260.049999999907,438,84.12200000000016,337,24,97.91673590504449,77.09177083333326,124,369.4
3,A,PREY,222,348.21000000000015,20,84.12200000000016,34,10,95.79499999999987,84.14199999999997,3,369.4
3,A,PREY,223,2227.44,150,84.12200000000016,337,12,97.2787240356082,53.93562499999994,12,369.4
3,A,PREY,224,426.69000000000017,20,84.12200000000016,26,10,95.133846153846,90.52599999999998,6,369.4
3,A,PREY,225,828.5200000000003,27,84.12200000000016,38,10,90.64894736842093,91.41724999999994,7,369.4
3,A,PREY,226,5982.169999999968,233,84.12200000000016,337,74,90.98026706231451,61.79611486486487,328,369.4
3,A,PREY,227,6345.77999999997,213,84.12200000000016,337,169,87.03198813056378,53.24298816568052,756,369.4
3,A,PREY,228,385.6700000000002,23,84.12200000000016,31,10,94.95354838709662,89.66799999999996,6,369.4
3,A,PREY,229,12262.019999999895,441,84.12200000000016,337,168,93.16210682492581,57.08401785714287,1683,369.4
3,A,PREY,230,6244.81999999997,211,84.12200000000016,337,46,89.68557863501476,56.12331521739134,180,369.4
3,A,PREY,231,10902.489999999909,378,84.12200000000016,337,142,88.61468842729968,64.49535211267606,692,369.4
3,A,PREY,232,12457.909999999883,447,84.12200000000016,337,169,73.46166172106825,50.439896449704136,1639,369.4
3,A,PREY,233,2221.1499999999996,79,84.12200000000016,39,16,95.75820512820503,77.14421874999992,46,369.4
3,A,PREY,234,736.5200000000003,29,84.12200000000016,29,11,94.54275862068947,82.71454545454542,8,369.4
3,A,PREY,235,14511.369999999864,500,84.12200000000016,338,169,71.59059171597632,60.757115384615425,1298,369.4
3,A,PREY,236,6498.2999999999665,257,84.12200000000016,1,144,98.07999999999993,79.61819444444443,1139,369.4
3,A,PREY,237,9263.769999999926,341,84.12200000000016,337,169,70.48955489614244,65.76489644970415,1098,369.4
3,A,PREY,238,465.1900000000002,19,84.12200000000016,29,10,95.40999999999984,83.41599999999995,2,369.4
3,A,PREY,239,741.5300000000003,28,84.12200000000016,23,11,93.29956521739106,82.24590909090907,8,369.4
3,A,PREY,240,9503.32999999993,329,84.12200000000016,0,146,0.0,66.21272260273973,1027,369.4
3,A,PREY,241,267.80000000000007,13,84.12200000000016,30,10,96.82799999999985,82.30599999999997,1,369.4
3,A,PREY,242,13381.079999999876,457,84.12200000000016,337,169,58.02002967359055,65.53927514792892,1499,369.4
3,A,PREY,243,8144.299999999946,266,84.12200000000016,337,169,83.07652818991096,60.26897928994087,939,369.4
3,A,PREY,244,8744.209999999937,310,84.12200000000016,337,169,74.87290801186943,52.182411242603614,919,369.4
3,A,PREY,245,1508.0400000000006,58,84.12200000000016,60,10,86.98016666666652,83.26349999999987,8,369.4
3,A,PREY,246,748.3800000000003,43,84.12200000000016,71,12,87.97535211267596,81.54958333333327,15,369.4
3,A,PREY,247,1947.3100000000006,120,84.12200000000016,160,16,77.62168749999995,71.28578124999991,39,369.4
3,A,PREY,248,8183.39999999994,305,84.12200000000016,337,169,89.00157270029673,51.391257396449774,1210,369.4
3,A,PREY,249,426.69000000000017,20,84.12200000000016,32,10,95.07937499999983,81.45999999999995,1,369.4
3,A,PREY,250,1384.9100000000008,74,84.12200000000016,337,13,85.66664688427294,55.9405769230769,11,369.4
3,A,PREY,251,468.5200000000002,36,84.12200000000016,21,12,90.60952380952348,74.69708333333332,11,369.4
3,A,PREY,252,786.0200000000004,78,84.12200000000016,222,12,90.29378378378375,70.50645833333323,15,369.4
3,A,PREY,253,14777.309999999863,499,84.12200000000016,337,169,85.52424332344214,46.41718934911221,1897,369.4
3,A,PREY,254,668.6400000000002,19,84.12200000000016,29,10,95.25137931034463,85.98999999999998,4,369.4
3,A,PREY,255,2308.0400000000004,88,84.12200000000016,337,21,88.36314540059344,69.9120238095237,64,369.4
3,A,PREY,256,9543.399999999927,321,84.12200000000016,0,106,0.0,54.73275943396228,722,369.4
3,A,PREY,257,549.1600000000002,20,84.12200000000016,38,10,96.18684210526305,88.28799999999998,5,369.4
3,A,PREY,258,148.88,8,84.12200000000016,32,11,97.61249999999993,73.72363636363636,1,369.4
3,A,PREY,259,7024.80999999996,243,84.12200000000016,99,152,73.74646464646462,64.3897697368421,1155,369.4
3,A,PREY,260,5466.2699999999795,186,84.12200000000016,337,17,89.86824925816023,66.71647058823518,45,369.4
3,A,PREY,261,1147.3200000000004,39,84.12200000000016,27,11,92.19962962962934,78.64386363636358,8,369.4
3,A,PREY,262,2226.9300000000003,101,84.12200000000016,337,11,96.32872403560827,83.14090909090885,18,369.4
3,A,PREY,263,9743.749999999927,331,84.12200000000016,337,168,83.7481899109792,49.35312500000011,1316,369.4
3,A,PREY,264,4902.439999999983,183,84.12200000000016,258,140,79.85321705426355,73.40621428571426,780,369.4
3,A,PREY,265,948.9200000000004,34,84.12200000000016,22,11,91.49227272727241,82.78772727272721,9,369.4
3,A,PREY,266,788.4900000000004,31,84.12200000000016,25,10,93.19799999999975,91.63999999999996,9,369.4
3,A,PREY,267,14551.359999999864,500,84.12200000000016,338,169,81.48056213017749,68.42451183431955,936,369.4
3,A,PREY,268,14231.439999999871,500,84.12200000000016,338,169,77.94233727810652,47.74072485207111,1445,369.4
3,A,PREY,269,13031.739999999876,500,84.12200000000016,338,7,98.66260355029578,86.2257142857138,40,369.4
3,A,PREY,270,12431.889999999888,500,84.12200000000016,338,68,97.28831360946745,58.55323529411765,312,369.4
3,A,PREY,271,109.33999999999997,13,84.12200000000016,35,10,93.75285714285705,83.17599999999996,1,369.4
3,A,PREY,272,9622.569999999912,402,84.12200000000016,337,140,87.9487833827893,53.78853571428582,991,369.4
3,A,PREY,273,2387.98,92,84.12200000000016,337,25,95.36406528189907,76.78169999999994,86,369.4
3,A,PREY,274,1268.7800000000004,40,84.12200000000016,21,10,90.66571428571393,92.75524999999995,10,369.4
3,A,PREY,275,12581.569999999889,428,84.12200000000016,337,104,95.63620178041528,28.251490384615547,483,369.4
3,A,PREY,276,4346.929999999994,148,84.12200000000016,337,10,98.10287833827888,69.75949999999972,8,369.4
3,A,PREY,277,709.1000000000003,22,84.12200000000016,29,10,95.36103448275847,89.54799999999997,6,369.4
3,A,PREY,278,5185.749999999985,195,84.12200000000016,337,12,97.11934718100879,59.79958333333329,21,369.4
3,A,PREY,279,4906.6799999999885,159,84.12200000000016,337,12,98.6116913946587,65.17770833333319,22,369.4
3,A,PREY,280,2187.21,74,84.12200000000016,23,12,88.35173913043437,73.31270833333325,15,369.4
3,A,PREY,281,11110.7199999999,500,84.12200000000016,338,60,87.40221893491123,64.67212499999997,306,369.4
3,A,PREY,282,3587.329999999998,127,84.12200000000016,272,12,80.43466911764703,75.57354166666654,21,369.4
3,A,PREY,283,2622.269999999999,107,84.12200000000016,337,14,74.05910979228484,59.6326785714284,20,369.4
3,A,PREY,284,4066.6099999999983,137,84.12200000000016,337,30,95.38682492581596,71.48591666666655,105,369.4
3,A,PREY,285,5862.589999999974,194,84.12200000000016,337,17,97.82940652818985,63.56999999999987,45,369.4
3,A,PREY,286,16310.919999999851,500,84.12200000000016,338,169,94.51825443786976,65.28241124260323,1946,369.4
3,A,PREY,287,5345.369999999983,179,84.12200000000016,337,11,91.90525222551925,64.97159090909079,15,369.4
3,A,PREY,288,668.6000000000003,23,84.12200000000016,28,10,94.15107142857121,83.75799999999995,3,369.4
3,A,PREY,289,29.310000000000038,18,84.12200000000016,31,11,96.04741935483858,75.48704545454542,3,369.4
3,A,PREY,290,15111.219999999865,500,84.12200000000016,338,169,85.87505917159763,53.329807692307774,2389,369.4
3,A,PREY,291,15831.039999999857,500,84.12200000000016,338,6,97.44937869822476,61.51999999999975,41,369.4
3,A,PREY,292,14231.439999999873,500,84.12200000000016,1,72,100.0,32.92697916666675,684,369.4
3,A,PREY,293,348.65000000000015,26,84.12200000000016,23,10,93.82391304347802,93.65349999999995,8,369.4
3,A,PREY,294,10942.529999999913,423,84.12200000000016,232,140,64.57952586206895,53.620446428571356,1562,369.4
3,A,PREY,295,3505.9699999999984,115,84.12200000000016,142,16,73.71802816901402,60.47734374999994,32,369.4
3,A,PREY,296,14907.269999999864,500,84.12200000000016,338,10,99.39594674556209,79.70724999999965,52,369.4
3,A,PREY,297,14991.249999999862,500,84.12200000000016,338,24,97.43437869822476,21.531875000000184,172,369.4
3,A,PREY,298,334.23000000000025,68,84.12200000000016,253,12,85.02703557312246,62.155208333333235,7,369.4
3,A,PREY,299,6825.709999999967,208,84.12200000000016,337,12,96.52937685459929,53.69687499999976,17,369.4
3,A,PREY,300,1268.7000000000005,48,84.12200000000016,58,11,93.1129310344826,81.20727272727268,12,369.4
3,A,PREY,301,2185.6500000000005,80,84.12200000000016,156,10,83.17884615384612,86.66449999999973,12,369.4
3,A,PREY,302,6305.929999999973,199,84.12200000000016,337,27,97.71637982195843,62.34055555555551,91,369.4
3,A,PREY,303,13911.519999999866,500,84.12200000000016,338,9,96.55112426035491,69.22027777777754,35,369.4
3,A,PREY,304,4685.88999999998,193,84.12200000000016,337,160,74.62851632047477,56.66939062500003,795,369.4
3,A,PREY,305,863.3600000000005,42,84.12200000000016,60,11,86.08849999999987,82.80068181818176,11,369.4
3,A,PREY,306,7784.559999999952,249,84.12200000000016,310,169,79.20693548387096,74.28186390532544,1295,369.4
3,A,PREY,307,12781.339999999882,446,84.12200000000016,273,159,60.25725274725276,56.41779874213848,1278,369.4
3,A,PREY,308,9903.359999999928,316,84.12200000000016,337,169,89.93270029673586,50.41004437869825,1115,369.4
3,A,PREY,309,826.9800000000004,31,84.12200000000016,44,10,93.42181818181804,91.86949999999995,8,369.4
3,A,PREY,310,3383.699999999999,145,84.12200000000016,337,12,98.24848664688425,78.84958333333321,26,369.4
3,A,PREY,311,66.31,17,84.12200000000016,32,11,93.24406249999986,74.57999999999998,3,369.4
3,A,PREY,312,5466.329999999981,180,84.12200000000016,337,54,86.54421364985161,59.305046296296275,203,369.4
3,A,PREY,313,5102.079999999985,164,84.12200000000016,337,10,98.59267062314535,67.64199999999983,11,369.4
3,A,PREY,314,4385.519999999995,138,84.12200000000016,337,12,97.55762611275959,64.51937499999994,17,369.4
3,A,PREY,315,907.5000000000003,27,84.12200000000016,25,10,93.11199999999971,89.75199999999995,6,369.4
3,A,PREY,316,10383.279999999924,312,84.12200000000016,337,169,87.20611275964389,57.655636094674584,1085,369.4
3,A,PREY,317,708.0400000000003,28,84.12200000000016,38,11,95.30973684210512,79.11568181818176,7,369.4
3,A,PREY,318,5133.599999999987,161,84.12200000000016,337,13,97.00842729970317,73.89749999999991,29,369.4
3,A,PREY,319,16510.86999999985,500,84.12200000000016,338,24,96.73434911242599,74.45937499999978,110,369.4
3,A,PREY,320,11063.209999999914,352,84.12200000000016,337,169,81.55818991097922,74.35044378698221,1273,369.4
3,A,PREY,321,2548.1000000000004,76,84.12200000000016,337,11,95.63792284866463,74.98704545454528,11,369.4
3,A,PREY,322,1102.3200000000008,90,84.12200000000016,28,13,92.76499999999986,65.75519230769217,17,369.4
3,A,PREY,323,906.9600000000004,31,84.12200000000016,35,10,94.1142857142855,90.53799999999995,7,369.4
3,A,PREY,324,2027.620000000001,87,84.12200000000016,337,12,93.93367952522252,73.44562499999984,17,369.4
3,A,PREY,325,2544.0300000000007,83,84.12200000000016,311,11,83.5899356913183,76.26409090909074,12,369.4
3,A,PREY,326,2181.3400000000006,61,84.12200000000016,158,12,89.54164556962019,73.9637499999999,15,369.4
3,A,PREY,327,3347.0500000000006,111,84.12200000000016,337,12,98.00097922848661,68.87145833333317,18,369.4
3,A,PREY,328,4621.779999999991,156,84.12200000000016,337,11,89.73391691394654,72.36318181818159,18,369.4
3,A,PREY,329,1705.7800000000009,79,84.12200000000016,26,12,86.55961538461519,64.92708333333321,12,369.4
3,A,PREY,330,6424.449999999969,294,84.12200000000016,337,169,83.39486646884271,63.09352071005918,1137,369.4
3,A,PREY,331,26.830000000000034,16,84.12200000000016,31,12,96.23032258064504,66.92083333333332,3,369.4
3,A,PREY,332,2627.4000000000005,94,84.12200000000016,173,11,87.36618497109824,66.59999999999991,11,369.4
3,A,PREY,333,2187.7600000000007,69,84.12200000000016,328,11,87.38951219512191,73.13090909090894,10,369.4
3,A,PREY,334,4627.059999999994,128,84.12200000000016,337,13,92.64216617210678,53.26999999999995,15,369.4
3,A,PREY,335,3141.5799999999977,113,84.12200000000016,337,12,98.48341246290796,79.17520833333316,21,369.4
3,A,PREY,336,16740.32999999985,498,84.12200000000016,337,86,91.20836795252225,59.3844476744186,398,369.4
3,A,PREY,337,16670.829999999856,500,84.12200000000016,298,155,89.04184563758388,70.97041935483868,840,369.4
3,A,PREY,338,227.7500000000001,19,84.12200000000016,34,10,95.8782352941175,82.65999999999997,2,369.4
3,A,PREY,339,3226.499999999999,169,84.12200000000016,337,20,88.42629080118685,68.12137499999994,66,369.4
3,A,PREY,340,16740.419999999853,489,84.12200000000016,337,169,94.86379821958454,66.35556213017752,829,369.4
3,A,PREY,341,5063.249999999988,148,84.12200000000016,337,11,98.40142433234416,79.11363636363619,17,369.4
3,A,PREY,342,3747.0200000000004,104,84.12200000000016,337,10,88.42694362017801,76.35749999999982,11,369.4
3,A,PREY,343,307.7900000000001,13,84.12200000000016,30,10,96.68166666666654,84.68199999999997,2,369.4
3,A,PREY,344,6665.209999999971,212,84.12200000000016,215,102,82.76479069767441,59.39531862745095,782,369.4
3,A,PREY,345,668.6400000000002,19,84.12200000000016,37,11,93.65837837837829,78.97636363636362,5,369.4
3,A,PREY,346,11063.419999999916,331,84.12200000000016,337,169,91.86908011869434,50.51366863905335,939,369.4
3,A,PREY,347,709.1100000000002,21,84.12200000000016,25,11,94.82799999999979,79.84909090909088,6,369.4
3,A,PREY,348,226.29000000000013,15,84.12200000000016,30,10,96.42499999999986,81.81999999999996,1,369.4
3,A,PREY,349,947.3400000000001,92,84.12200000000016,337,14,96.7515727002967,79.39946428571423,35,369.4
3,A,PREY,350,747.08,73,84.12200000000016,337,10,98.39724035608305,74.51199999999984,5,369.4
3,B,PREDATOR,1,13.337499999999812,285,37.923499999999585,337,19,90.8969139465872,52.67223684210512,211,116.9
3,B,PREDATOR,2,12.37999999999962,290,37.923499999999585,337,11,90.7669732937682,47.106590909090464,21,116.9
3,B,PREDATOR,3,-12.249999999999996,225,37.923499999999585,9,11,93.9833333333331,57.505454545454334,21,116.9
3,B,PREDATOR,4,32.429999999999815,344,37.923499999999585,4,11,98.67999999999995,37.60113636363606,65,116.9
3,B,PREDATOR,5,-11.32,132,37.923499999999585,337,12,89.16614243323409,81.36645833333324,70,116.9
3,B,PREDATOR,6,-12.209999999999997,221,37.923499999999585,7,11,94.18857142857121,60.17204545454506,23,116.9
3,B,PREDATOR,7,-12.239999999999997,224,37.923499999999585,337,11,87.22486646884235,63.2624999999997,63,116.9
3,B,PREDATOR,8,-12.129999999999999,213,37.923499999999585,11,10,94.15272727272705,64.20274999999958,20,116.9
3,B,PREDATOR,9,10.484999999999753,184,37.923499999999585,8,11,96.53124999999987,67.49295454545414,22,116.9
3,B,PREDATOR,10,-12.329999999999995,233,37.923499999999585,337,10,90.60403560830827,65.64649999999958,41,116.9
3,B,PREDATOR,11,-12.199999999999998,220,37.923499999999585,9,11,93.1566666666664,56.9740909090908,22,116.9
3,B,PREDATOR,12,-12.139999999999999,214,37.923499999999585,337,10,86.51189910979178,70.5117499999996,41,116.9
3,B,PREDATOR,13,-12.189999999999998,219,37.923499999999585,9,10,92.54999999999973,67.18774999999968,23,116.9
3,B,PREDATOR,14,10.374166666666403,194,37.923499999999585,10,11,94.35399999999979,70.73272727272678,20,116.9
3,B,PREDATOR,15,13.20499999999979,302,37.923499999999585,0,83,0.0,64.18240963855405,999,116.9
3,B,PREDATOR,16,-12.229999999999997,223,37.923499999999585,52,12,88.62115384615376,44.197291666666366,20,116.9
3,B,PREDATOR,17,8.517499999999677,289,37.923499999999585,14,10,87.90571428571381,46.09574999999972,16,116.9
3,B,PREDATOR,18,-12.359999999999994,236,37.923499999999585,337,29,89.30465875370882,31.96827586206905,138,116.9
3,B,PREDATOR,19,11.009999999999602,280,37.923499999999585,337,19,83.97474777448045,54.534210526315675,178,116.9
3,B,PREDATOR,20,-12.159999999999998,216,37.923499999999585,7,11,94.79714285714265,65.88340909090871,28,116.9
3,B,PREDATOR,21,-12.289999999999996,229,37.923499999999585,337,10,95.1204154302669,70.08999999999966,42,116.9
3,B,PREDATOR,22,-12.389999999999993,239,37.923499999999585,337,27,93.01379821958444,64.74277777777773,373,116.9
3,B,PREDATOR,23,58.71833333333198,293,37.923499999999585,2,10,84.62499999999942,53.59149999999981,35,116.9
3,B,PREDATOR,24,169.69250000000176,500,37.923499999999585,337,8,92.80056379821933,34.83593750000004,100,116.9
3,B,PREDATOR,25,-12.189999999999998,219,37.923499999999585,16,59,94.27062499999982,70.32173728813552,774,116.9
3,B,PREDATOR,26,-12.229999999999997,223,37.923499999999585,337,11,80.66804154302658,54.469772727272385,16,116.9
3,B,PREDATOR,27,-12.209999999999997,221,37.923499999999585,10,10,93.56199999999976,63.86249999999952,20,116.9
3,B,PREDATOR,28,-12.209999999999997,221,37.923499999999585,337,12,95.19617210682476,61.586249999999694,57,116.9
3,B,PREDATOR,29,-12.209999999999997,221,37.923499999999585,12,10,92.83749999999974,57.63899999999967,18,116.9
3,B,PREDATOR,30,-11.33,133,37.923499999999585,15,11,85.09199999999943,64.3784090909089,15,116.9
3,B,PREDATOR,31,-12.229999999999997,223,37.923499999999585,9,11,91.93666666666637,54.9624999999997,21,116.9
3,B,PREDATOR,32,13.907499999999812,285,37.923499999999585,337,9,88.04513353115682,64.5961111111107,105,116.9
3,B,PREDATOR,33,-12.159999999999998,216,37.923499999999585,6,10,93.58499999999975,71.22199999999944,24,116.9
3,B,PREDATOR,34,-12.199999999999998,220,37.923499999999585,337,11,92.98189910979202,52.90590909090893,20,116.9
3,B,PREDATOR,35,32.88166666666658,321,37.923499999999585,7,11,88.47571428571385,44.28272727272699,23,116.9
3,B,PREDATOR,36,12.062499999999671,211,37.923499999999585,337,13,93.97982195845675,41.77807692307689,17,116.9
3,B,PREDATOR,37,-11.39,139,37.923499999999585,12,11,84.00499999999941,67.20204545454517,18,116.9
3,B,PREDATOR,38,-12.239999999999997,224,37.923499999999585,4,11,94.2849999999998,62.509999999999486,26,116.9
3,B,PREDATOR,39,-12.259999999999996,226,37.923499999999585,12,10,93.87249999999976,65.43724999999944,18,116.9
3,B,PREDATOR,40,11.709999999999527,308,37.923499999999585,6,10,84.48499999999942,60.26424999999963,24,116.9
3,B,PREDATOR,41,-12.159999999999998,216,37.923499999999585,6,10,93.13999999999974,72.73524999999938,24,116.9
3,B,PREDATOR,42,10.575833333332897,291,37.923499999999585,4,10,85.18749999999943,60.391999999999406,26,116.9
3,B,PREDATOR,43,-12.289999999999996,229,37.923499999999585,13,10,92.71692307692281,65.2094999999995,17,116.9
3,B,PREDATOR,44,-11.3,130,37.923499999999585,337,12,84.28083086053405,58.75833333333319,12,116.9
3,B,PREDATOR,45,-12.409999999999993,241,37.923499999999585,337,11,96.54866468842718,57.818409090908716,49,116.9
3,B,PREDATOR,46,-12.239999999999997,224,37.923499999999585,14,11,92.36285714285684,47.707499999999634,16,116.9
3,B,PREDATOR,47,-12.239999999999997,224,37.923499999999585,337,11,89.89845697329339,71.8490909090906,50,116.9
3,B,PREDATOR,48,11.555833333332886,288,37.923499999999585,337,12,88.50008902077113,41.15916666666655,65,116.9
3,B,PREDATOR,49,11.109166666666214,294,37.923499999999585,8,10,85.92999999999947,48.12499999999981,22,116.9
3,B,PREDATOR,50,12.452499999999882,287,37.923499999999585,13,10,86.63846153846103,51.111749999999645,17,116.9
3,B,PREDATOR,51,39.20000000000028,346,37.923499999999585,337,11,83.24275964391666,44.2245454545453,96,116.9
3,B,PREDATOR,52,-12.209999999999997,221,37.923499999999585,9,11,94.29999999999978,56.9638636363633,22,116.9
3,B,PREDATOR,53,-12.259999999999996,226,37.923499999999585,6,11,93.90499999999979,52.45431818181799,24,116.9
3,B,PREDATOR,54,337.7416666666692,500,37.923499999999585,337,7,86.91258160237359,37.06928571428519,57,116.9
3,B,PREDATOR,55,-12.199999999999998,220,37.923499999999585,10,10,93.91299999999976,69.69049999999937,20,116.9
3,B,PREDATOR,56,11.397499999999605,272,37.923499999999585,337,11,95.39403560830843,63.50181818181775,190,116.9
3,B,PREDATOR,57,-12.239999999999997,224,37.923499999999585,337,10,93.19077151335298,83.64174999999967,92,116.9
3,B,PREDATOR,58,-12.359999999999994,236,37.923499999999585,10,10,92.0559999999997,57.372749999999556,21,116.9
3,B,PREDATOR,59,601.2816666666688,500,37.923499999999585,2,73,99.94,67.04349315068448,1037,116.9
3,B,PREDATOR,60,-12.269999999999996,227,37.923499999999585,15,10,92.18599999999972,66.89324999999936,16,116.9
3,B,PREDATOR,61,-12.199999999999998,220,37.923499999999585,337,10,91.29103857566736,73.83674999999965,39,116.9
3,B,PREDATOR,62,81.99499999999847,455,37.923499999999585,337,8,80.97255192878272,42.088749999999706,115,116.9
3,B,PREDATOR,63,10.399999999999578,283,37.923499999999585,337,13,94.06394658753689,61.18192307692299,261,116.9
3,B,PREDATOR,64,11.5724999999998,299,37.923499999999585,6,10,86.20499999999947,53.39724999999942,25,116.9
3,B,PREDATOR,65,11.801666666666465,297,37.923499999999585,3,11,87.59999999999953,48.80636363636352,27,116.9
3,B,PREDATOR,66,-12.239999999999997,224,37.923499999999585,8,11,93.08124999999974,58.69431818181781,22,116.9
3,B,PREDATOR,67,457.69250000000244,422,37.923499999999585,337,5,92.14563798219555,27.248999999999533,38,116.9
3,B,PREDATOR,68,-12.399999999999993,240,37.923499999999585,337,11,95.98777448071203,65.3381818181814,55,116.9
3,B,PREDATOR,69,37.20750000000004,348,37.923499999999585,337,8,86.23614243323394,54.22937499999953,38,116.9
3,B,PREDATOR,70,61.80333333333191,313,37.923499999999585,1,10,82.26999999999933,50.33299999999951,30,116.9
3,B,PREDATOR,71,360.6533333333363,500,37.923499999999585,337,8,83.82275964391634,22.620937499999915,43,116.9
3,B,PREDATOR,72,13.504999999999717,281,37.923499999999585,337,12,90.70863501483645,60.84312499999956,75,116.9
3,B,PREDATOR,73,10.950833333332882,300,37.923499999999585,10,10,85.53099999999947,42.34224999999965,20,116.9
3,B,PREDATOR,74,-12.239999999999997,224,37.923499999999585,13,10,93.1115384615382,58.40799999999965,17,116.9
3,B,PREDATOR,75,12.581666666666228,281,37.923499999999585,337,11,91.16038575667625,43.14681818181811,116,116.9
3,B,PREDATOR,76,-11.350000000000001,135,37.923499999999585,13,11,86.98230769230719,69.21999999999974,17,116.9
3,B,PREDATOR,77,30.619999999999955,260,37.923499999999585,337,10,92.76017804154284,54.822000000000074,75,116.9
3,B,PREDATOR,78,12.380833333332893,283,37.923499999999585,6,11,88.16499999999955,52.069545454545285,29,116.9
3,B,PREDATOR,79,12.5758333333329,274,37.923499999999585,10,10,87.81999999999954,57.754499999999496,20,116.9
3,B,PREDATOR,80,11.177499999999585,276,37.923499999999585,8,10,89.0087499999996,61.353249999999676,22,116.9
3,B,PREDATOR,81,55.2191666666648,394,37.923499999999585,7,8,92.64142857142829,29.86874999999975,23,116.9
3,B,PREDATOR,82,37.46999999999977,256,37.923499999999585,337,16,91.83329376854569,44.79187499999978,86,116.9
3,B,PREDATOR,83,-12.239999999999997,224,37.923499999999585,337,10,90.69872403560795,50.595999999999755,12,116.9
3,B,PREDATOR,84,-12.159999999999998,216,37.923499999999585,136,10,90.15338235294114,69.30074999999965,53,116.9
3,B,PREDATOR,85,-12.269999999999996,227,37.923499999999585,337,11,95.58801186943603,65.41795454545412,51,116.9
3,B,PREDATOR,86,-11.31,131,37.923499999999585,16,11,84.59124999999942,69.25590909090879,14,116.9
3,B,PREDATOR,87,36.2200000000002,350,37.923499999999585,337,9,81.728486646884,46.14527777777749,19,116.9
3,B,PREDATOR,88,10.104166666666247,276,37.923499999999585,12,10,88.01999999999954,42.53099999999971,18,116.9
3,B,PREDATOR,89,-12.259999999999996,226,37.923499999999585,337,10,89.6672106824922,50.19599999999973,16,116.9
3,B,PREDATOR,90,457.92166666666753,500,37.923499999999585,337,9,84.5043026706226,37.95499999999953,43,116.9
3,B,PREDATOR,91,-11.3,130,37.923499999999585,14,11,85.70714285714234,75.07522727272699,17,116.9
3,B,PREDATOR,92,282.4775000000019,500,37.923499999999585,337,9,93.49189910979213,37.32861111111072,113,116.9
3,B,PREDATOR,93,-12.309999999999995,231,37.923499999999585,8,10,92.2937499999997,70.31674999999952,22,116.9
3,B,PREDATOR,94,76.35416666666463,419,37.923499999999585,7,8,90.49428571428537,22.0640624999997,26,116.9
3,B,PREDATOR,95,-12.269999999999996,227,37.923499999999585,9,11,92.99333333333307,57.30159090909071,22,116.9
3,B,PREDATOR,96,-12.229999999999997,223,37.923499999999585,9,11,92.2699999999997,59.84113636363589,21,116.9
3,B,PREDATOR,97,31.557500000000303,358,37.923499999999585,4,11,97.2399999999999,23.54340909090918,26,116.9
3,B,PREDATOR,98,-12.229999999999997,223,37.923499999999585,337,12,91.97608308605317,61.045208333333136,67,116.9
3,B,PREDATOR,99,54.01999999999851,350,37.923499999999585,337,11,85.64439169139413,42.853863636363286,42,116.9
3,B,PREDATOR,100,169.33916666666713,500,37.923499999999585,337,9,88.97795252225481,37.230833333333,100,116.9
3,B,PREDATOR,101,-12.289999999999996,229,37.923499999999585,6,10,92.46999999999973,65.10149999999956,24,116.9
3,B,PREDATOR,102,-12.399999999999993,240,37.923499999999585,337,12,92.62454005934691,48.596249999999735,60,116.9
3,B,PREDATOR,103,-12.359999999999994,236,37.923499999999585,11,11,91.88090909090879,46.05022727272699,19,116.9
3,B,PREDATOR,104,-11.38,138,37.923499999999585,16,11,86.74187499999951,73.18249999999972,14,116.9
3,B,PREDATOR,105,416.1191666666672,500,37.923499999999585,337,7,93.50860534124605,51.500714285713634,49,116.9
3,B,PREDATOR,106,-12.209999999999997,221,37.923499999999585,18,10,93.51666666666642,49.559249999999786,12,116.9
3,B,PREDATOR,107,10.314999999999587,281,37.923499999999585,10,10,86.9499999999995,50.57074999999953,20,116.9
3,B,PREDATOR,108,109.49916666666486,500,37.923499999999585,2,6,93.14499999999974,23.816666666666453,28,116.9
3,B,PREDATOR,109,36.11749999999981,343,37.923499999999585,337,10,85.57620178041503,43.5477499999997,49,116.9
3,B,PREDATOR,110,76.89749999999812,456,37.923499999999585,337,7,86.28913946587492,25.0282142857142,26,116.9
3,B,PREDATOR,111,59.247500000000066,401,37.923499999999585,7,7,91.13714285714252,40.14214285714265,23,116.9
3,B,PREDATOR,112,11.565833333332877,301,37.923499999999585,9,10,83.85999999999939,48.289999999999694,21,116.9
3,B,PREDATOR,113,13.102499999999603,254,37.923499999999585,4,10,90.59499999999964,57.42724999999971,27,116.9
3,B,PREDATOR,114,-12.189999999999998,219,37.923499999999585,337,17,94.76513353115708,63.635294117647014,163,116.9
3,B,PREDATOR,115,740.6725000000026,500,37.923499999999585,337,170,84.22528189910972,35.619338235294215,1953,116.9
3,B,PREDATOR,116,-12.259999999999996,226,37.923499999999585,9,10,93.0466666666664,58.096249999999564,21,116.9
3,B,PREDATOR,117,-12.249999999999996,225,37.923499999999585,10,11,93.31899999999975,62.844772727272336,20,116.9
3,B,PREDATOR,118,-12.369999999999994,237,37.923499999999585,337,12,93.47667655786326,48.727708333333226,22,116.9
3,B,PREDATOR,119,-12.219999999999997,222,37.923499999999585,337,12,94.24373887240336,38.71187499999999,17,116.9
3,B,PREDATOR,120,-12.229999999999997,223,37.923499999999585,11,10,92.25454545454517,64.0739999999995,19,116.9
3,B,PREDATOR,121,34.495000000000346,333,37.923499999999585,6,11,92.25499999999971,34.80545454545449,24,116.9
3,B,PREDATOR,122,245.95750000000015,401,37.923499999999585,337,14,91.33183976261095,57.80857142857119,286,116.9
3,B,PREDATOR,123,11.177499999999478,339,37.923499999999585,4,10,95.46999999999983,45.61474999999952,29,116.9
3,B,PREDATOR,124,-12.199999999999998,220,37.923499999999585,9,10,94.06999999999977,61.59724999999962,21,116.9
3,B,PREDATOR,125,-11.5,150,37.923499999999585,337,12,85.18584569732882,65.6002083333331,33,116.9
3,B,PREDATOR,126,9.474999999999733,198,37.923499999999585,5,11,97.08399999999989,65.29681818181794,25,116.9
3,B,PREDATOR,127,12.899166666666234,277,37.923499999999585,16,10,87.60249999999954,49.90024999999956,14,116.9
3,B,PREDATOR,128,-11.780000000000001,178,37.923499999999585,337,11,93.70635014836772,54.9474999999999,17,116.9
3,B,PREDATOR,129,-12.149999999999999,215,37.923499999999585,7,10,93.92285714285693,78.59349999999945,23,116.9
3,B,PREDATOR,130,32.78916666666687,361,37.923499999999585,8,10,94.5849999999998,34.52024999999955,24,116.9
3,B,PREDATOR,131,55.018333333332414,356,37.923499999999585,5,10,95.77599999999984,37.61299999999971,27,116.9
3,B,PREDATOR,132,11.724999999999556,291,37.923499999999585,4,10,88.80999999999958,47.92224999999975,26,116.9
3,B,PREDATOR,133,-12.269999999999996,227,37.923499999999585,12,10,93.57749999999976,60.70874999999937,18,116.9
3,B,PREDATOR,134,33.45083333333332,365,37.923499999999585,8,10,95.44374999999982,41.30174999999948,24,116.9
3,B,PREDATOR,135,140.0566666666671,500,37.923499999999585,337,5,90.20317507418362,30.515499999999538,24,116.9
3,B,PREDATOR,136,115.16666666666521,500,37.923499999999585,1,7,80.04999999999924,30.821428571428118,29,116.9
3,B,PREDATOR,137,36.64750000000006,341,37.923499999999585,2,9,99.15999999999997,49.95861111111068,29,116.9
3,B,PREDATOR,138,12.063333333332865,299,37.923499999999585,12,11,86.6974999999995,41.53499999999984,18,116.9
3,B,PREDATOR,139,-12.289999999999996,229,37.923499999999585,337,38,71.0656973293767,66.37157894736839,306,116.9
3,B,PREDATOR,140,1417.2850000000012,468,37.923499999999585,143,80,46.469999999999985,63.00021874999993,803,116.9
3,B,PREDATOR,141,11.64999999999956,287,37.923499999999585,6,10,85.42499999999944,50.54449999999955,24,116.9
3,B,PREDATOR,142,7.904999999999584,300,37.923499999999585,9,11,86.94333333333283,44.02613636363588,21,116.9
3,B,PREDATOR,143,77.7908333333313,423,37.923499999999585,2,9,89.84499999999962,26.852222222221933,29,116.9
3,B,PREDATOR,144,-12.209999999999997,221,37.923499999999585,9,10,93.16666666666642,73.70149999999946,23,116.9
3,B,PREDATOR,145,-11.3,130,37.923499999999585,9,12,86.45666666666615,67.99708333333331,23,116.9
3,B,PREDATOR,146,61.522499999999006,219,37.923499999999585,337,15,92.8479228486645,57.726833333333246,163,116.9
3,B,PREDATOR,147,-12.369999999999994,237,37.923499999999585,11,11,92.18909090909062,56.5522727272724,19,116.9
3,B,PREDATOR,148,-11.31,131,37.923499999999585,337,13,91.2067359050442,45.30884615384611,11,116.9
3,B,PREDATOR,149,11.533333333332829,325,37.923499999999585,4,10,91.7349999999997,38.32349999999975,26,116.9
3,B,PREDATOR,150,12.85083333333291,271,37.923499999999585,337,10,92.18608308605312,32.686750000000316,22,116.9
3,B,PREDATOR,151,8.258333333332901,271,37.923499999999585,10,10,89.3799999999996,51.83299999999942,20,116.9
3,B,PREDATOR,152,11.972499999999558,289,37.923499999999585,11,9,87.79272727272681,46.18527777777746,25,116.9
3,B,PREDATOR,153,1107.110833333336,500,37.923499999999585,337,9,88.06569732937645,30.93944444444431,159,116.9
3,B,PREDATOR,154,56.305833333331925,359,37.923499999999585,337,11,90.87727002967324,36.29772727272691,26,116.9
3,B,PREDATOR,155,-12.209999999999997,221,37.923499999999585,337,9,91.53160237388693,55.005277777777394,11,116.9
3,B,PREDATOR,156,51.08916666666636,405,37.923499999999585,5,8,87.93999999999956,26.70249999999988,25,116.9
3,B,PREDATOR,157,-12.479999999999992,248,37.923499999999585,337,27,95.65994065281886,49.395000000000124,318,116.9
3,B,PREDATOR,158,518.6750000000023,500,37.923499999999585,337,5,93.00590504451011,32.10399999999944,107,116.9
3,B,PREDATOR,159,56.524999999998606,383,37.923499999999585,9,8,91.49999999999967,31.41406249999956,21,116.9
3,B,PREDATOR,160,54.496666666664844,422,37.923499999999585,0,10,0.0,32.60049999999965,30,116.9
3,B,PREDATOR,161,-12.369999999999994,237,37.923499999999585,7,10,90.96142857142823,65.62424999999942,23,116.9
3,B,PREDATOR,162,58.02666666666533,369,37.923499999999585,2,9,95.91999999999985,41.846388888888356,31,116.9
3,B,PREDATOR,163,34.52749999999996,340,37.923499999999585,303,135,86.71792079207918,57.76022222222215,1604,116.9
3,B,PREDATOR,164,75.48833333333107,440,37.923499999999585,3,9,89.3099999999996,30.213055555555083,30,116.9
3,B,PREDATOR,165,-11.370000000000001,137,37.923499999999585,17,11,84.29941176470527,69.07181818181785,13,116.9
3,B,PREDATOR,166,11.72249999999954,293,37.923499999999585,337,13,93.28697329376831,35.03403846153838,30,116.9
3,B,PREDATOR,167,230.06750000000167,500,37.923499999999585,337,11,88.94997032640909,27.37931818181809,41,116.9
3,B,PREDATOR,168,10.919166666666209,280,37.923499999999585,337,11,92.85999999999974,59.06795454545429,145,116.9
3,B,PREDATOR,169,138.13583333333324,500,37.923499999999585,3,7,92.78999999999974,27.27178571428538,28,116.9
3,B,PREDATOR,170,-12.239999999999997,224,37.923499999999585,337,11,90.02587537091954,55.699318181817645,20,116.9
3,B,PREDATOR,171,37.587500000000226,341,37.923499999999585,337,9,89.81988130563765,42.914444444444094,26,116.9
3,B,PREDATOR,172,11.559166666666153,331,37.923499999999585,12,10,81.03999999999927,46.809249999999835,18,116.9
3,B,PREDATOR,173,114.65499999999778,493,37.923499999999585,337,6,91.0507715133529,51.70999999999962,92,116.9
3,B,PREDATOR,174,36.125833333333944,366,37.923499999999585,5,8,91.38399999999967,39.983749999999475,27,116.9
3,B,PREDATOR,175,11.910833333332848,313,37.923499999999585,7,9,84.85857142857085,33.47472222222194,23,116.9
3,B,PREDATOR,176,2137.1891666666484,500,37.923499999999585,337,26,88.69753709198784,39.3968269230769,403,116.9
3,B,PREDATOR,177,9.98916666666621,303,37.923499999999585,7,52,85.21428571428514,69.64572115384608,511,116.9
3,B,PREDATOR,178,11.507499999999839,302,37.923499999999585,5,10,85.65999999999944,48.09974999999946,25,116.9
3,B,PREDATOR,179,36.417500000000445,305,37.923499999999585,7,11,84.89714285714228,35.08477272727275,23,116.9
3,B,PREDATOR,180,12.122499999999496,325,37.923499999999585,4,11,83.52999999999938,32.500681818181775,26,116.9
3,B,PREDATOR,181,-12.499999999999991,250,37.923499999999585,337,11,96.49385756676546,51.994545454545005,19,116.9
3,B,PREDATOR,182,10.833333333332883,290,37.923499999999585,6,10,86.4949999999995,54.03074999999941,24,116.9
3,B,PREDATOR,183,10.957499999999522,301,37.923499999999585,5,11,84.41199999999941,38.67840909090899,25,116.9
3,B,PREDATOR,184,-11.4,140,37.923499999999585,337,12,91.65364985163183,67.71416666666653,53,116.9
3,B,PREDATOR,185,12.009166666666191,301,37.923499999999585,6,10,83.79499999999939,37.095499999999774,24,116.9
3,B,PREDATOR,186,142.85499999999973,500,37.923499999999585,337,7,85.1927299703259,25.148214285714413,95,116.9
3,B,PREDATOR,187,-12.259999999999996,226,37.923499999999585,10,10,93.07599999999974,64.54699999999964,20,116.9
3,B,PREDATOR,188,10.144166666666488,300,37.923499999999585,15,10,86.07799999999949,49.03124999999967,15,116.9
3,B,PREDATOR,189,-11.620000000000001,162,37.923499999999585,16,11,81.76187499999932,69.07090909090883,14,116.9
3,B,PREDATOR,190,7.842499999999669,261,37.923499999999585,6,10,90.82999999999966,42.1544999999999,27,116.9
3,B,PREDATOR,191,31.70333333333364,351,37.923499999999585,6,10,98.31499999999994,39.77424999999974,25,116.9
3,B,PREDATOR,192,84.72833333333233,500,37.923499999999585,1,9,98.31999999999994,25.294444444444263,31,116.9
3,B,PREDATOR,193,55.75166666666579,408,37.923499999999585,6,10,90.41499999999964,32.61274999999985,24,116.9
3,B,PREDATOR,194,85.76083333333091,500,37.923499999999585,2,6,89.22999999999959,26.76541666666616,39,116.9
3,B,PREDATOR,195,52.241666666666475,435,37.923499999999585,10,8,88.03299999999955,14.130312499999818,20,116.9
3,B,PREDATOR,196,-11.690000000000001,169,37.923499999999585,13,11,97.04384615384605,72.32409090909054,18,116.9
3,B,PREDATOR,197,8.964999999999486,322,37.923499999999585,5,10,81.4719999999993,51.67274999999953,25,116.9
3,B,PREDATOR,198,11.387499999999557,303,37.923499999999585,337,11,92.47970326409467,36.139545454545306,88,116.9
3,B,PREDATOR,199,9.807499999999463,359,37.923499999999585,9,9,92.02666666666636,41.55472222222176,21,116.9
3,B,PREDATOR,200,159.47416666666663,500,37.923499999999585,337,12,93.59913946587517,37.95666666666643,214,116.9
3,B,PREDATOR,201,11.833333333333107,310,37.923499999999585,23,10,89.28478260869531,48.32424999999956,14,116.9
3,B,PREDATOR,202,131.67833333333388,500,37.923499999999585,1,8,79.89999999999924,23.26593749999978,30,116.9
3,B,PREDATOR,203,51.84583333333303,411,37.923499999999585,2,6,89.03499999999958,31.105833333333052,28,116.9
3,B,PREDATOR,204,9.61583333333286,312,37.923499999999585,4,10,82.41249999999934,63.09199999999929,26,116.9
3,B,PREDATOR,205,10.833333333333021,199,37.923499999999585,337,12,90.21035608308568,48.94124999999991,19,116.9
3,B,PREDATOR,206,76.65499999999876,473,37.923499999999585,337,9,91.15198813056348,32.48083333333286,25,116.9
3,B,PREDATOR,207,9.977499999999567,291,37.923499999999585,9,10,85.5133333333328,46.73524999999951,21,116.9
3,B,PREDATOR,208,-12.249999999999996,225,37.923499999999585,10,10,91.35399999999967,76.00824999999931,25,116.9
3,B,PREDATOR,209,59.08249999999911,326,37.923499999999585,0,16,0.0,55.9764062499994,127,116.9
3,B,PREDATOR,210,79.93916666666449,449,37.923499999999585,4,10,89.45499999999961,24.793749999999616,27,116.9
3,B,PREDATOR,211,-12.309999999999995,231,37.923499999999585,337,11,78.57400593471797,68.80340909090874,128,116.9
3,B,PREDATOR,212,50.805000000000206,438,37.923499999999585,3,7,87.54999999999954,26.78714285714225,27,116.9
3,B,PREDATOR,213,12.254999999999688,203,37.923499999999585,337,12,91.65237388724007,68.07854166666638,58,116.9
3,B,PREDATOR,214,-11.370000000000001,137,37.923499999999585,12,11,86.9174999999995,71.32068181818154,18,116.9
3,B,PREDATOR,215,-13.139999999999977,314,37.923499999999585,5,10,82.17399999999932,42.243999999999744,26,116.9
3,B,PREDATOR,216,8.45916666666619,290,37.923499999999585,14,9,87.01857142857092,42.505555555555254,16,116.9
3,B,PREDATOR,217,12.387499999999816,299,37.923499999999585,337,12,91.90670623145373,44.57062499999977,37,116.9
3,B,PREDATOR,218,322.7450000000007,500,37.923499999999585,337,13,91.35626112759611,33.56769230769213,218,116.9
3,B,PREDATOR,219,58.76583333333283,293,37.923499999999585,6,12,87.39499999999953,39.1854166666665,24,116.9
3,B,PREDATOR,220,120.6108333333353,365,37.923499999999585,3,10,96.23999999999985,43.95249999999974,32,116.9
3,B,PREDATOR,221,-12.179999999999998,218,37.923499999999585,337,11,93.6755192878336,56.647727272726826,21,116.9
3,B,PREDATOR,222,12.98833333333304,187,37.923499999999585,337,13,83.4116023738871,49.95730769230764,18,116.9
3,B,PREDATOR,223,30.105833333333692,262,37.923499999999585,5,12,87.44799999999952,45.69666666666645,28,116.9
3,B,PREDATOR,224,12.250833333332894,278,37.923499999999585,5,10,87.63999999999953,60.253749999999435,28,116.9
3,B,PREDATOR,225,10.536666666666227,299,37.923499999999585,10,10,87.46599999999953,48.215999999999596,20,116.9
3,B,PREDATOR,226,12.526666666666229,281,37.923499999999585,337,9,93.53732937685437,60.328055555555274,43,116.9
3,B,PREDATOR,227,-12.53999999999999,254,37.923499999999585,337,12,95.34792284866454,45.71604166666652,22,116.9
3,B,PREDATOR,228,12.677499999999638,230,37.923499999999585,7,11,91.11571428571395,57.90522727272693,23,116.9
3,B,PREDATOR,229,-12.259999999999996,226,37.923499999999585,10,11,91.9479999999997,55.43568181818146,20,116.9
3,B,PREDATOR,230,-12.429999999999993,243,37.923499999999585,337,13,91.56311572700268,57.92826923076904,60,116.9
3,B,PREDATOR,231,-12.309999999999995,231,37.923499999999585,337,11,90.17632047477711,54.4911363636362,23,116.9
3,B,PREDATOR,232,58.43333333333178,403,37.923499999999585,0,9,0.0,31.794444444444018,32,116.9
3,B,PREDATOR,233,32.61333333333349,350,37.923499999999585,10,10,95.70399999999985,45.989249999999416,20,116.9
3,B,PREDATOR,234,53.23249999999884,429,37.923499999999585,0,10,0.0,26.171749999999623,30,116.9
3,B,PREDATOR,235,141.37583333333424,348,37.923499999999585,337,12,94.31311572700275,54.12895833333278,87,116.9
3,B,PREDATOR,236,33.979166666666785,401,37.923499999999585,8,9,91.36374999999967,22.232777777777578,22,116.9
3,B,PREDATOR,237,34.59583333333368,378,37.923499999999585,6,7,92.0899999999997,41.072857142856655,24,116.9
3,B,PREDATOR,238,-12.139999999999999,214,37.923499999999585,337,12,76.16703264094944,39.21354166666671,16,116.9
3,B,PREDATOR,239,-13.03999999999998,304,37.923499999999585,10,9,84.82599999999942,46.98972222222202,20,116.9
3,B,PREDATOR,240,387.63750000000067,500,37.923499999999585,337,11,81.13023738872378,56.74545454545435,227,116.9
3,B,PREDATOR,241,566.5516666666675,500,37.923499999999585,337,7,87.72735905044476,41.452142857142285,43,116.9
3,B,PREDATOR,242,-12.689999999999987,269,37.923499999999585,337,11,89.09741839762573,56.94136363636357,131,116.9
3,B,PREDATOR,243,-12.149999999999999,215,37.923499999999585,9,11,93.50333333333309,65.38863636363615,22,116.9
3,B,PREDATOR,244,-12.239999999999997,224,37.923499999999585,9,11,92.29666666666638,63.46409090909048,22,116.9
3,B,PREDATOR,245,12.315833333332863,303,37.923499999999585,3,12,83.29999999999937,39.264791666666554,36,116.9
3,B,PREDATOR,246,1545.6933333333313,500,37.923499999999585,337,8,80.5168249258159,54.4778124999997,255,116.9
3,B,PREDATOR,247,-12.319999999999995,232,37.923499999999585,16,10,93.06062499999973,56.044249999999565,15,116.9
3,B,PREDATOR,248,9.994999999999715,188,37.923499999999585,6,11,94.6749999999998,69.0238636363632,24,116.9
3,B,PREDATOR,249,-13.03999999999998,304,37.923499999999585,337,11,94.39551928783361,33.78181818181792,18,116.9
3,B,PREDATOR,250,82.46249999999806,378,37.923499999999585,8,10,95.00499999999981,38.43399999999958,27,116.9
3,B,PREDATOR,251,11.932499999999424,368,37.923499999999585,2,9,95.96499999999985,33.10611111111082,28,116.9
3,B,PREDATOR,252,-12.509999999999991,251,37.923499999999585,13,11,89.4699999999996,46.05477272727257,17,116.9
3,B,PREDATOR,253,875.5866666666655,500,37.923499999999585,337,5,90.19525222551893,76.82999999999899,107,116.9
3,B,PREDATOR,254,33.10250000000048,457,37.923499999999585,4,8,86.18499999999948,24.679062499999652,26,116.9
3,B,PREDATOR,255,13.648333333333023,198,37.923499999999585,7,11,96.48999999999987,60.64454545454516,23,116.9
3,B,PREDATOR,256,37.91083333333358,392,37.923499999999585,48,74,70.5752083333333,77.54577702702703,966,116.9
3,B,PREDATOR,257,12.054166666666235,277,37.923499999999585,11,10,91.27545454545422,53.48549999999938,19,116.9
3,B,PREDATOR,258,143.08166666666466,500,37.923499999999585,337,4,96.29157270029658,50.03999999999943,78,116.9
3,B,PREDATOR,259,-13.209999999999976,321,37.923499999999585,6,10,81.36499999999928,41.589749999999796,26,116.9
3,B,PREDATOR,260,107.65666666666502,500,37.923499999999585,4,6,89.91249999999962,25.273333333332772,26,116.9
3,B,PREDATOR,261,421.23249999999814,500,37.923499999999585,337,8,87.041483679525,51.56406249999965,189,116.9
3,B,PREDATOR,262,540.9300000000034,500,37.923499999999585,322,37,62.70804347826088,60.75385135135137,685,116.9
3,B,PREDATOR,263,-13.219999999999976,322,37.923499999999585,337,11,88.85994065281864,51.40749999999985,42,116.9
3,B,PREDATOR,264,86.30249999999866,269,37.923499999999585,337,11,96.57382789317495,57.71431818181788,24,116.9
3,B,PREDATOR,265,60.12749999999833,366,37.923499999999585,337,8,90.69287833827859,49.4021874999996,75,116.9
3,B,PREDATOR,266,38.61833333333361,199,37.923499999999585,337,12,93.0690801186941,56.75291666666649,25,116.9
3,B,PREDATOR,267,10.686666666666104,367,37.923499999999585,14,10,82.28999999999995,30.1224999999997,27,116.9
3,B,PREDATOR,268,62.48499999999904,226,37.923499999999585,337,13,91.42937685459908,53.16923076923063,92,116.9
3,B,PREDATOR,269,40.16999999999988,234,37.923499999999585,337,11,94.75646884272977,66.9881818181815,56,116.9
3,B,PREDATOR,270,55.5766666666647,481,37.923499999999585,337,8,85.05201780415378,32.02187499999964,65,116.9
3,B,PREDATOR,271,34.00666666666662,270,37.923499999999585,10,11,88.56399999999957,46.22318181818158,22,116.9
3,B,PREDATOR,272,12.479166666666236,280,37.923499999999585,337,12,93.93884272997009,40.63124999999973,76,116.9
3,B,PREDATOR,273,35.18000000000038,348,37.923499999999585,5,10,93.30999999999975,39.72674999999974,25,116.9
3,B,PREDATOR,274,8.999999999999497,343,37.923499999999585,6,10,93.59999999999975,35.87699999999962,24,116.9
3,B,PREDATOR,275,-11.350000000000001,135,37.923499999999585,17,11,83.82294117646997,69.00636363636342,13,116.9
3,B,PREDATOR,276,11.589166666666161,332,37.923499999999585,337,12,84.28474777448042,51.9983333333332,110,116.9
3,B,PREDATOR,277,12.799166666666244,272,37.923499999999585,337,14,93.14534124629056,51.16874999999998,183,116.9
3,B,PREDATOR,278,62.02249999999868,450,37.923499999999585,337,33,66.35925816023729,45.06393939393927,265,116.9
3,B,PREDATOR,279,34.71416666666699,339,37.923499999999585,337,10,83.98816023738847,49.43524999999981,103,116.9
3,B,PREDATOR,280,-13.109999999999978,311,37.923499999999585,6,10,85.20999999999945,52.251499999999375,24,116.9
3,B,PREDATOR,281,56.850833333332524,409,37.923499999999585,2,10,90.90999999999966,37.56649999999956,28,116.9
3,B,PREDATOR,282,8.634166666666195,311,37.923499999999585,6,10,86.06499999999949,43.19324999999969,24,116.9
3,B,PREDATOR,283,11.664999999999461,345,37.923499999999585,0,83,0.0,49.20325301204808,1011,116.9
3,B,PREDATOR,284,12.773333333333026,197,37.923499999999585,337,12,91.48382789317476,55.09645833333317,61,116.9
3,B,PREDATOR,285,-12.249999999999996,225,37.923499999999585,8,10,92.99499999999973,67.91299999999946,22,116.9
3,B,PREDATOR,286,-12.289999999999996,229,37.923499999999585,337,11,93.22881305637956,57.39886363636338,42,116.9
3,B,PREDATOR,287,12.062499999999718,360,37.923499999999585,337,10,82.90468842729942,28.31874999999996,18,116.9
3,B,PREDATOR,288,51.86749999999997,348,37.923499999999585,3,11,98.31999999999994,31.661363636363344,28,116.9
3,B,PREDATOR,289,31.32250000000019,347,37.923499999999585,7,11,95.50857142857126,30.851363636363523,23,116.9
3,B,PREDATOR,290,-13.399999999999972,340,37.923499999999585,5,11,98.48199999999994,32.335454545454425,26,116.9
3,B,PREDATOR,291,-12.179999999999998,218,37.923499999999585,337,11,88.7055489614239,57.12840909090869,20,116.9
3,B,PREDATOR,292,10.981666666666184,314,37.923499999999585,8,10,82.23249999999933,45.37349999999974,24,116.9
3,B,PREDATOR,293,13.055833333332961,240,37.923499999999585,337,14,95.11537091988113,39.37660714285716,40,116.9
3,B,PREDATOR,294,59.923333333331634,491,37.923499999999585,337,1,78.92231454005876,31.11999999999942,24,116.9
3,B,PREDATOR,295,9.875833333332773,361,37.923499999999585,4,10,93.72999999999976,42.824749999999455,26,116.9
3,B,PREDATOR,296,-12.379999999999994,238,37.923499999999585,10,10,90.55599999999964,70.6034999999995,20,116.9
3,B,PREDATOR,297,11.472499999999494,322,37.923499999999585,2,11,81.87999999999931,43.10749999999994,28,116.9
3,B,PREDATOR,298,31.550000000000004,273,37.923499999999585,7,10,87.51999999999953,53.336249999999836,23,116.9
3,B,PREDATOR,299,10.790833333332833,332,37.923499999999585,337,11,91.1801780415427,45.28045454545437,49,116.9
3,B,PREDATOR,300,33.90916666666691,343,37.923499999999585,8,8,97.2362499999999,60.13812499999925,23,116.9
3,B,PREDATOR,301,1466.9216666666673,500,37.923499999999585,1,92,80.07999999999925,46.200271739130436,950,116.9
3,B,PREDATOR,302,12.125833333332848,313,37.923499999999585,8,11,85.88124999999947,47.4347727272723,22,116.9
3,B,PREDATOR,303,-12.609999999999989,261,37.923499999999585,9,10,89.69999999999962,57.132749999999476,21,116.9
3,B,PREDATOR,304,11.301666666666469,332,37.923499999999585,6,11,86.00499999999948,45.517045454545055,27,116.9
3,B,PREDATOR,305,12.52166666666635,363,37.923499999999585,4,88,94.94499999999982,64.8840624999998,1169,116.9
3,B,PREDATOR,306,-12.459999999999992,246,37.923499999999585,14,10,91.47142857142823,54.587249999999486,17,116.9
3,B,PREDATOR,307,-12.53999999999999,254,37.923499999999585,8,10,89.4099999999996,61.37174999999962,22,116.9
3,B,PREDATOR,308,111.71333333333176,500,37.923499999999585,3,8,86.47999999999949,20.652499999999836,27,116.9
3,B,PREDATOR,309,637.9475000000025,500,37.923499999999585,337,7,85.27691394658706,34.04392857142866,162,116.9
3,B,PREDATOR,310,-13.48999999999997,349,37.923499999999585,337,10,90.68777448071182,57.446749999999554,104,116.9
3,B,PREDATOR,311,12.09833333333282,330,37.923499999999585,10,10,83.38599999999937,46.34874999999971,20,116.9
3,B,PREDATOR,312,55.11249999999881,490,37.923499999999585,4,7,84.10749999999939,30.14892857142778,26,116.9
3,B,PREDATOR,313,34.95583333333383,350,37.923499999999585,7,10,96.48142857142844,37.302249999999525,23,116.9
3,B,PREDATOR,314,59.28083333333155,408,37.923499999999585,5,10,90.42399999999964,36.80399999999953,25,116.9
3,B,PREDATOR,315,38.005000000000486,281,37.923499999999585,9,10,86.30666666666615,43.516749999999654,21,116.9
3,B,PREDATOR,316,31.08166666666687,410,37.923499999999585,4,8,90.97749999999965,26.418749999999743,26,116.9
3,B,PREDATOR,317,34.455833333333516,400,37.923499999999585,337,10,94.37614243323424,43.17899999999973,128,116.9
3,B,PREDATOR,318,33.029166666666384,252,37.923499999999585,13,11,89.06846153846112,50.51022727272701,17,116.9
3,B,PREDATOR,319,11.178333333332843,318,37.923499999999585,4,11,83.88999999999939,50.15999999999995,26,116.9
3,B,PREDATOR,320,88.93833333333109,500,37.923499999999585,2,7,80.22999999999925,18.983928571428358,28,116.9
3,B,PREDATOR,321,33.988333333333664,420,37.923499999999585,7,10,90.75571428571394,21.855749999999524,23,116.9
3,B,PREDATOR,322,53.91499999999845,387,37.923499999999585,6,9,92.90499999999975,37.99861111111076,24,116.9
3,B,PREDATOR,323,-12.369999999999994,237,37.923499999999585,337,11,94.51813056379805,65.24068181818141,136,116.9
3,B,PREDATOR,324,31.842500000000413,491,37.923499999999585,4,7,84.3249999999994,14.69892857142836,26,116.9
3,B,PREDATOR,325,11.685833333332825,321,37.923499999999585,5,10,81.57999999999932,59.45674999999962,25,116.9
3,B,PREDATOR,326,82.48333333333137,480,37.923499999999585,337,8,83.38356083086002,41.29374999999973,37,116.9
3,B,PREDATOR,327,-12.020000000000001,202,37.923499999999585,12,11,95.86499999999985,68.85795454545419,18,116.9
3,B,PREDATOR,328,14.194999999999856,191,37.923499999999585,337,12,90.84839762611244,54.78562499999986,124,116.9
3,B,PREDATOR,329,33.15166666666655,431,37.923499999999585,2,10,89.4999999999996,27.432499999999543,28,116.9
3,B,PREDATOR,330,58.825833333332106,332,37.923499999999585,337,25,92.46676557863479,37.95350000000011,440,116.9
3,B,PREDATOR,331,53.979999999999386,421,37.923499999999585,5,9,91.28199999999967,27.374444444444023,25,116.9
3,B,PREDATOR,332,9.529999999999744,371,37.923499999999585,337,8,95.92946587537077,57.38093749999982,50,116.9
3,B,PREDATOR,333,-12.139999999999999,214,37.923499999999585,8,11,94.16874999999979,61.37909090909073,22,116.9
3,B,PREDATOR,334,147.34000000000003,500,37.923499999999585,337,9,87.04204747774433,35.444722222221856,37,116.9
3,B,PREDATOR,335,10.026666666665902,493,37.923499999999585,3,8,91.41999999999967,34.732187499999284,27,116.9
3,B,PREDATOR,336,198.9575000000007,500,37.923499999999585,337,7,94.93424332344195,30.335714285713692,41,116.9
3,B,PREDATOR,337,85.43583333333189,500,37.923499999999585,4,4,84.90249999999942,36.128124999999166,27,116.9
3,B,PREDATOR,338,-12.499999999999991,250,37.923499999999585,337,10,92.93617210682473,61.61924999999967,62,116.9
3,B,PREDATOR,339,110.41166666666456,500,37.923499999999585,1,7,95.88999999999984,30.276071428571196,29,116.9
3,B,PREDATOR,340,37.72000000000042,446,37.923499999999585,337,10,90.11201780415394,47.41099999999964,84,116.9
3,B,PREDATOR,341,-12.289999999999996,229,37.923499999999585,7,11,90.90142857142824,59.38818181818158,23,116.9
3,B,PREDATOR,342,81.82083333333128,423,37.923499999999585,2,6,91.22499999999967,42.32708333333306,28,116.9
3,B,PREDATOR,343,-11.350000000000001,135,37.923499999999585,12,11,84.54999999999941,80.73931818181782,19,116.9
3,B,PREDATOR,344,10.259999999999506,320,37.923499999999585,10,11,84.42099999999941,37.3824999999998,20,116.9
3,B,PREDATOR,345,-11.47,147,37.923499999999585,337,11,90.98011869436176,87.58954545454519,185,116.9
3,B,PREDATOR,346,-12.699999999999987,270,37.923499999999585,7,10,88.03428571428518,64.57374999999948,25,116.9
3,B,PREDATOR,347,61.36249999999861,430,37.923499999999585,337,8,87.4033827893172,42.91156249999949,136,116.9
3,B,PREDATOR,348,-12.949999999999982,295,37.923499999999585,5,11,86.5959999999995,45.41454545454531,25,116.9
3,B,PREDATOR,349,11.072499999999549,301,37.923499999999585,5,10,83.66799999999938,53.424249999999596,27,116.9
3,B,PREDATOR,350,-12.299999999999995,230,37.923499999999585,12,13,85.29666666666641,62.537499999999746,107,116.9
4,A,PREY,1,2029.990000000004,500,1432.7369999999878,338,7,82.93201183431894,29.742499999999634,13,22.0
4,A,PREY,2,303.73000000000013,19,1432.7369999999878,29,12,97.77999999999996,64.87749999999998,2,22.0
4,A,PREY,3,1578.460000000002,264,1432.7369999999878,337,11,91.95682492581572,66.60295454545395,20,22.0
4,A,PREY,4,2137.0300000000025,493,1432.7369999999878,10,9,84.3219999999994,50.11555555555466,21,22.0
4,A,PREY,5,843.3500000000021,243,1432.7369999999878,337,12,91.28317507418366,50.40562499999981,18,22.0
4,A,PREY,6,2554.3599999999774,500,1432.7369999999878,338,8,93.6534615384613,49.73374999999925,113,22.0
4,A,PREY,7,387.60000000000053,80,1432.7369999999878,321,11,87.9072274143302,66.7186363636362,7,22.0
4,A,PREY,8,183.01000000000016,44,1432.7369999999878,54,12,88.12944444444436,66.85562499999995,7,22.0
4,A,PREY,9,1874.5300000000043,500,1432.7369999999878,338,7,86.28393491124213,22.74714285714273,13,22.0
4,A,PREY,10,2794.2999999999843,500,1432.7369999999878,19,6,88.25578947368378,36.419999999999284,12,22.0
4,A,PREY,11,105.15999999999997,31,1432.7369999999878,28,11,96.20249999999987,74.40249999999993,4,22.0
4,A,PREY,12,2913.76999999999,500,1432.7369999999878,338,11,95.34050295857972,26.19931818181815,53,22.0
4,A,PREY,13,3554.1099999999633,500,1432.7369999999878,338,9,93.92286982248497,23.375833333333006,17,22.0
4,A,PREY,14,264.8300000000003,60,1432.7369999999878,140,10,85.0586428571428,80.55549999999982,5,22.0
4,A,PREY,15,3194.1999999999684,500,1432.7369999999878,338,8,90.7922189349109,29.586249999999588,25,22.0
4,A,PREY,16,3194.199999999973,500,1432.7369999999878,338,9,86.34668639053203,26.582222222221915,13,22.0
4,A,PREY,17,186.22000000000003,23,1432.7369999999878,28,10,97.32249999999986,84.29199999999994,3,22.0
4,A,PREY,18,3394.149999999969,500,1432.7369999999878,338,12,90.76923076923042,30.459999999999937,39,22.0
4,A,PREY,19,499.06000000000074,81,1432.7369999999878,251,11,86.50330677290832,74.33749999999986,10,22.0
4,A,PREY,20,382.8000000000003,60,1432.7369999999878,108,12,86.06212962962957,69.19874999999989,9,22.0
4,A,PREY,21,1047.8700000000015,186,1432.7369999999878,337,11,86.23020771513302,63.569545454545185,14,22.0
4,A,PREY,22,4073.4799999999655,500,1432.7369999999878,338,8,95.24988165680456,45.45374999999913,18,22.0
4,A,PREY,23,3314.16999999996,500,1432.7369999999878,338,9,91.02414201183399,24.869444444444024,14,22.0
4,A,PREY,24,3954.0099999999634,500,1432.7369999999878,338,10,91.89165680473342,33.75899999999936,19,22.0
4,A,PREY,25,1257.5500000000013,163,1432.7369999999878,337,12,85.7909198813051,48.61291666666663,10,22.0
4,A,PREY,26,867.8700000000008,91,1432.7369999999878,174,12,86.45666666666662,70.29020833333328,17,22.0
4,A,PREY,27,1347.5600000000015,160,1432.7369999999878,337,13,86.95700296735856,64.73903846153812,18,22.0
4,A,PREY,28,4153.9599999999555,500,1432.7369999999878,338,12,90.3378106508872,35.265416666666454,39,22.0
4,A,PREY,29,619.5700000000006,77,1432.7369999999878,23,10,90.93086956521705,84.60999999999981,8,22.0
4,A,PREY,30,227.2300000000002,21,1432.7369999999878,28,11,97.5249999999999,74.53090909090908,3,22.0
4,A,PREY,31,478.8800000000009,99,1432.7369999999878,23,11,88.90260869565174,70.92090909090895,10,22.0
4,A,PREY,32,4353.909999999968,500,1432.7369999999878,338,7,89.81005917159726,42.604285714284906,16,22.0
4,A,PREY,33,3754.0599999999617,500,1432.7369999999878,338,6,90.48698224852035,22.335833333333316,14,22.0
4,A,PREY,34,65.55999999999987,42,1432.7369999999878,68,11,85.67058823529405,74.47045454545447,6,22.0
4,A,PREY,35,460.9100000000004,97,1432.7369999999878,337,11,85.0767952522255,70.07909090909078,11,22.0
4,A,PREY,36,624.7700000000004,57,1432.7369999999878,26,10,93.14038461538436,83.27799999999986,5,22.0
4,A,PREY,37,1501.9100000000017,171,1432.7369999999878,337,11,91.31513353115697,70.44818181818133,16,22.0
4,A,PREY,38,686.2400000000009,108,1432.7369999999878,24,11,87.11499999999951,67.18795454545432,7,22.0
4,A,PREY,39,667.0300000000008,80,1432.7369999999878,112,11,88.40196428571419,75.13113636363627,13,22.0
4,A,PREY,40,5193.699999999941,500,1432.7369999999878,338,11,95.77585798816553,38.76431818181814,34,22.0
4,A,PREY,41,4993.749999999953,500,1432.7369999999878,338,10,94.9757100591714,24.97849999999987,48,22.0
4,A,PREY,42,5353.6599999999435,500,1432.7369999999878,338,10,88.23005917159719,32.45524999999942,14,22.0
4,A,PREY,43,5951.509999999932,500,1432.7369999999878,338,12,94.04331360946726,39.680000000000014,51,22.0
4,A,PREY,44,5669.07999999994,500,1432.7369999999878,338,9,96.18414201183417,9.182222222222341,61,22.0
4,A,PREY,45,5393.649999999943,500,1432.7369999999878,338,16,94.77334319526608,27.484843750000277,63,22.0
4,A,PREY,46,5472.629999999939,500,1432.7369999999878,338,12,90.57837278106474,35.69499999999969,62,22.0
4,A,PREY,47,5793.549999999935,500,1432.7369999999878,338,12,93.36207100591692,43.16437499999958,104,22.0
4,A,PREY,48,614.180000000001,116,1432.7369999999878,20,11,86.5989999999995,71.11295454545436,11,22.0
4,A,PREY,49,3859.599999999976,343,1432.7369999999878,12,10,95.0549999999998,68.34124999999892,19,22.0
4,A,PREY,50,6113.469999999934,500,1432.7369999999878,338,16,88.44133136094631,22.05125000000009,102,22.0
4,A,PREY,51,342.47000000000025,44,1432.7369999999878,48,11,92.84645833333325,74.1604545454545,6,22.0
4,A,PREY,52,5673.579999999937,500,1432.7369999999878,338,11,95.65230769230753,45.796590909091194,142,22.0
4,A,PREY,53,466.04000000000025,34,1432.7369999999878,40,11,88.79824999999991,79.11136363636359,7,22.0
4,A,PREY,54,920.310000000001,95,1432.7369999999878,337,11,90.22356083086044,72.69590909090897,12,22.0
4,A,PREY,55,6633.339999999921,500,1432.7369999999878,338,21,93.27322485207075,36.54130952380967,179,22.0
4,A,PREY,56,6633.33999999992,500,1432.7369999999878,338,8,91.48914201183399,36.24249999999954,17,22.0
4,A,PREY,57,305.2300000000001,19,1432.7369999999878,33,11,96.61393939393932,75.48545454545454,4,22.0
4,A,PREY,58,5953.509999999932,500,1432.7369999999878,338,14,87.71088757396404,33.36035714285717,39,22.0
4,A,PREY,59,5313.669999999955,500,1432.7369999999878,16,7,86.30124999999948,35.08428571428538,15,22.0
4,A,PREY,60,6233.439999999924,500,1432.7369999999878,16,7,86.95749999999951,37.21249999999902,19,22.0
4,A,PREY,61,2382.599999999995,180,1432.7369999999878,337,11,92.61356083086035,64.18636363636348,13,22.0
4,A,PREY,62,1358.0400000000016,161,1432.7369999999878,20,11,83.22099999999936,63.637727272727055,11,22.0
4,A,PREY,63,7753.059999999917,500,1432.7369999999878,338,7,88.41713017751435,39.422857142856536,13,22.0
4,A,PREY,64,2376.7099999999964,169,1432.7369999999878,337,12,86.64459940652768,54.9677083333331,15,22.0
4,A,PREY,65,6713.319999999925,500,1432.7369999999878,338,11,94.69032544378678,36.90659090909076,152,22.0
4,A,PREY,66,1621.5500000000015,154,1432.7369999999878,337,11,86.86175074183961,65.90499999999963,13,22.0
4,A,PREY,67,7273.179999999925,500,1432.7369999999878,338,8,89.99878698224819,31.811249999999553,12,22.0
4,A,PREY,68,6433.389999999933,500,1432.7369999999878,338,9,91.83686390532513,35.57666666666623,36,22.0
4,A,PREY,69,7193.199999999916,500,1432.7369999999878,338,7,89.36242603550255,46.72535714285645,24,22.0
4,A,PREY,70,684.8400000000009,98,1432.7369999999878,117,12,88.11136752136741,58.52999999999991,9,22.0
4,A,PREY,71,2691.779999999997,204,1432.7369999999878,337,14,93.44240356083068,40.20017857142845,16,22.0
4,A,PREY,72,6873.2799999999215,500,1432.7369999999878,338,11,89.99008875739607,33.19818181818172,53,22.0
4,A,PREY,73,107.79999999999998,17,1432.7369999999878,30,10,97.8156666666666,83.84799999999996,2,22.0
4,A,PREY,74,3616.399999999992,269,1432.7369999999878,337,11,95.91074183976247,55.84659090909043,13,22.0
4,A,PREY,75,266.7900000000001,14,1432.7369999999878,36,11,98.10611111111105,73.01999999999998,1,22.0
4,A,PREY,76,7513.119999999912,500,1432.7369999999878,338,8,90.19825443786944,31.467812499999695,23,22.0
4,A,PREY,77,7753.059999999914,500,1432.7369999999878,35,8,93.38742857142837,31.483437499999354,29,22.0
4,A,PREY,78,6393.399999999933,500,1432.7369999999878,338,7,90.58822485207065,16.626785714285607,15,22.0
4,A,PREY,79,69.30999999999993,17,1432.7369999999878,29,11,97.96620689655164,73.33090909090907,2,22.0
4,A,PREY,80,7153.209999999924,500,1432.7369999999878,338,7,88.65946745562087,45.489642857142165,33,22.0
4,A,PREY,81,7313.169999999926,500,1432.7369999999878,338,9,86.56718934911191,41.011388888888206,22,22.0
4,A,PREY,82,263.87,56,1432.7369999999878,22,12,92.99090909090883,70.0895833333333,10,22.0
4,A,PREY,83,3061.6799999999903,205,1432.7369999999878,337,13,94.17563798219564,52.66999999999978,20,22.0
4,A,PREY,84,8352.909999999907,500,1432.7369999999878,338,9,82.09505917159709,38.410555555555156,23,22.0
4,A,PREY,85,346.70000000000016,21,1432.7369999999878,27,11,97.51444444444435,76.90363636363635,4,22.0
4,A,PREY,86,8032.989999999916,500,1432.7369999999878,338,8,96.28008875739631,24.942187499999523,10,22.0
4,A,PREY,87,7433.139999999924,500,1432.7369999999878,16,7,90.11874999999964,31.98999999999948,15,22.0
4,A,PREY,88,7113.219999999922,500,1432.7369999999878,338,10,89.06931952662683,36.2674999999996,31,22.0
4,A,PREY,89,8272.929999999908,500,1432.7369999999878,17,9,90.79352941176437,18.6247222222221,14,22.0
4,A,PREY,90,8392.899999999901,500,1432.7369999999878,338,9,87.24934911242556,26.30861111111062,13,22.0
4,A,PREY,91,7433.13999999993,500,1432.7369999999878,338,7,96.90698224852059,21.912500000000023,18,22.0
4,A,PREY,92,8672.829999999907,500,1432.7369999999878,338,11,90.98266272189315,35.62704545454542,177,22.0
4,A,PREY,93,8432.88999999991,500,1432.7369999999878,338,8,87.72902366863859,30.9487499999995,22,22.0
4,A,PREY,94,3661.2099999999873,237,1432.7369999999878,337,11,92.96501483679499,63.606590909090556,19,22.0
4,A,PREY,95,3917.0799999999863,243,1432.7369999999878,337,10,93.46777448071195,43.01425000000001,65,22.0
4,A,PREY,96,1182.9300000000007,77,1432.7369999999878,22,11,90.52545454545418,72.963409090909,9,22.0
4,A,PREY,97,468.5100000000004,37,1432.7369999999878,26,11,95.58076923076905,74.70795454545448,5,22.0
4,A,PREY,98,9751.5599999999,500,1432.7369999999878,338,8,88.65813609467412,28.050312499999716,19,22.0
4,A,PREY,99,8712.819999999912,500,1432.7369999999878,338,9,96.57680473372768,37.147222222221934,29,22.0
4,A,PREY,100,8592.849999999904,500,1432.7369999999878,338,8,89.9471005917156,19.913125000000026,14,22.0
4,A,PREY,101,9592.599999999899,500,1432.7369999999878,338,16,93.60147928994058,30.759374999999928,156,22.0
4,A,PREY,102,65.71999999999998,26,1432.7369999999878,25,10,96.8799999999999,90.35249999999995,6,22.0
4,A,PREY,103,340.98000000000013,43,1432.7369999999878,34,12,94.90176470588223,72.75354166666666,10,22.0
4,A,PREY,104,64.20999999999995,27,1432.7369999999878,38,12,94.23973684210519,64.64749999999997,3,22.0
4,A,PREY,105,535.7000000000006,66,1432.7369999999878,205,13,89.57112195121948,70.63288461538457,15,22.0
4,A,PREY,106,3404.1899999999932,195,1432.7369999999878,337,12,92.72999999999972,52.791041666666565,15,22.0
4,A,PREY,107,9144.709999999899,500,1432.7369999999878,338,11,89.1512721893487,18.17886363636327,14,22.0
4,A,PREY,108,916.8800000000005,138,1432.7369999999878,19,11,85.47842105263102,68.85954545454526,12,22.0
4,A,PREY,109,9352.659999999902,500,1432.7369999999878,338,12,93.11843195266246,39.608333333333015,126,22.0
4,A,PREY,110,1891.610000000001,141,1432.7369999999878,337,12,84.54735905044451,60.18145833333319,12,22.0
4,A,PREY,111,10192.449999999892,500,1432.7369999999878,338,9,93.88594674556191,25.953055555555274,14,22.0
4,A,PREY,112,8432.889999999918,500,1432.7369999999878,19,5,89.31210526315749,39.51049999999956,12,22.0
4,A,PREY,113,9146.709999999906,500,1432.7369999999878,338,14,90.48263313609432,28.890714285714118,46,22.0
4,A,PREY,114,9192.699999999908,500,1432.7369999999878,17,9,89.8229411764702,29.012500000000006,14,22.0
4,A,PREY,115,1584.230000000001,87,1432.7369999999878,337,11,94.91738872403555,72.72704545454529,10,22.0
4,A,PREY,116,10335.909999999894,500,1432.7369999999878,338,14,89.98644970414163,30.978928571428433,61,22.0
4,A,PREY,117,268.26000000000005,17,1432.7369999999878,30,10,97.97499999999992,81.12399999999998,1,22.0
4,A,PREY,118,10232.439999999891,500,1432.7369999999878,338,6,89.95718934911204,34.73416666666609,18,22.0
4,A,PREY,119,306.1800000000002,24,1432.7369999999878,34,13,93.64647058823522,59.2048076923077,4,22.0
4,A,PREY,120,4462.149999999986,223,1432.7369999999878,337,12,93.46807121661696,52.44187499999969,17,22.0
4,A,PREY,121,1656.730000000001,85,1432.7369999999878,337,11,83.96035608308603,73.78022727272709,10,22.0
4,A,PREY,122,10032.489999999892,500,1432.7369999999878,15,9,90.10199999999962,27.043055555555124,18,22.0
4,A,PREY,123,9912.519999999906,500,1432.7369999999878,338,9,91.01499999999966,41.969722222221556,18,22.0
4,A,PREY,124,10152.459999999897,500,1432.7369999999878,338,5,86.96121301775098,17.35550000000017,13,22.0
4,A,PREY,125,8872.779999999913,500,1432.7369999999878,338,12,92.29233727810622,33.38770833333326,108,22.0
4,A,PREY,126,1068.2500000000005,48,1432.7369999999878,61,12,96.17262295081959,68.76500000000003,8,22.0
4,A,PREY,127,9992.499999999896,500,1432.7369999999878,14,9,90.88642857142823,35.598055555554936,17,22.0
4,A,PREY,128,10352.409999999887,500,1432.7369999999878,338,6,91.69476331360914,29.792499999999674,17,22.0
4,A,PREY,129,148.33999999999997,12,1432.7369999999878,30,10,98.36066666666662,84.14799999999998,2,22.0
4,A,PREY,130,8832.789999999914,500,1432.7369999999878,338,8,90.29026627218899,28.840937499999608,13,22.0
4,A,PREY,131,1095.2200000000005,50,1432.7369999999878,32,12,94.42499999999981,61.65187499999998,4,22.0
4,A,PREY,132,11669.579999999882,500,1432.7369999999878,338,9,90.84227810650852,49.40694444444404,100,22.0
4,A,PREY,133,10672.329999999889,500,1432.7369999999878,338,6,93.06701183431927,32.3512499999997,16,22.0
4,A,PREY,134,8912.769999999913,500,1432.7369999999878,338,10,92.73139053254411,31.078249999999617,20,22.0
4,A,PREY,135,508.6600000000002,21,1432.7369999999878,26,10,97.50192307692298,89.26599999999996,5,22.0
4,A,PREY,136,1059.2000000000005,53,1432.7369999999878,26,12,93.50653846153826,66.3052083333333,7,22.0
4,A,PREY,137,308.7600000000001,16,1432.7369999999878,30,10,97.80766666666659,84.36399999999996,2,22.0
4,A,PREY,138,11552.109999999884,500,1432.7369999999878,338,10,91.02946745562096,20.262999999999753,15,22.0
4,A,PREY,139,10752.309999999896,500,1432.7369999999878,338,13,92.65713017751453,36.436730769230785,56,22.0
4,A,PREY,140,4337.419999999989,198,1432.7369999999878,337,15,92.36946587537065,50.87399999999994,36,22.0
4,A,PREY,141,10629.839999999891,500,1432.7369999999878,338,10,89.25715976331321,28.69974999999987,20,22.0
4,A,PREY,142,10992.249999999885,500,1432.7369999999878,338,13,91.39727810650855,40.531153846153614,62,22.0
4,A,PREY,143,4109.939999999993,251,1432.7369999999878,17,11,90.54823529411729,56.61681818181785,14,22.0
4,A,PREY,144,747.5200000000003,29,1432.7369999999878,28,10,96.53821428571416,83.69549999999992,3,22.0
4,A,PREY,145,11184.699999999884,500,1432.7369999999878,338,6,91.2695266272186,26.942916666666303,14,22.0
4,A,PREY,146,2706.4899999999975,183,1432.7369999999878,337,11,91.13836795252192,59.26363636363605,12,22.0
4,A,PREY,147,465.5600000000003,32,1432.7369999999878,41,11,96.68536585365844,76.94363636363629,5,22.0
4,A,PREY,148,11272.179999999886,500,1432.7369999999878,18,9,89.77833333333294,29.320277777777406,14,22.0
4,A,PREY,149,9712.569999999907,500,1432.7369999999878,338,16,90.24502958579845,22.905781250000167,114,22.0
4,A,PREY,150,10352.409999999902,500,1432.7369999999878,23,7,90.66478260869532,16.5464285714283,8,22.0
4,A,PREY,151,826.4100000000004,38,1432.7369999999878,27,10,95.34555555555538,82.1129999999999,4,22.0
4,A,PREY,152,11667.079999999884,500,1432.7369999999878,15,9,90.57599999999964,30.765833333333067,16,22.0
4,A,PREY,153,5819.09999999997,294,1432.7369999999878,337,11,90.55213649851596,52.42863636363625,18,22.0
4,A,PREY,154,12191.949999999879,500,1432.7369999999878,338,13,93.58144970414183,51.1732692307691,134,22.0
4,A,PREY,155,386.15000000000026,25,1432.7369999999878,26,10,97.05653846153835,88.65399999999995,5,22.0
4,A,PREY,156,11912.01999999988,500,1432.7369999999878,338,6,93.46177514792875,22.117499999999847,12,22.0
4,A,PREY,157,12071.979999999878,500,1432.7369999999878,338,8,90.0026331360943,21.587187499999814,18,22.0
4,A,PREY,158,146.81000000000012,15,1432.7369999999878,30,10,98.1799999999999,81.96999999999997,1,22.0
4,A,PREY,159,9429.639999999918,500,1432.7369999999878,338,10,88.32029585798772,30.961999999999883,44,22.0
4,A,PREY,160,11272.179999999884,500,1432.7369999999878,338,11,93.61920118343171,49.549318181817576,32,22.0
4,A,PREY,161,29.37000000000002,12,1432.7369999999878,30,10,98.68999999999993,82.47399999999998,1,22.0
4,A,PREY,162,4678.139999999976,318,1432.7369999999878,337,11,92.76020771513326,49.78090909090888,20,22.0
4,A,PREY,163,12269.429999999877,500,1432.7369999999878,338,12,92.18985207100562,42.145833333333314,263,22.0
4,A,PREY,164,10712.3199999999,500,1432.7369999999878,338,10,90.07497041420083,39.07175000000009,47,22.0
4,A,PREY,165,10551.859999999902,500,1432.7369999999878,15,7,88.07599999999954,36.68071428571399,16,22.0
4,A,PREY,166,107.67999999999998,29,1432.7369999999878,34,11,95.87176470588226,75.03272727272723,4,22.0
4,A,PREY,167,11592.099999999888,500,1432.7369999999878,17,7,90.65058823529377,27.3789285714282,14,22.0
4,A,PREY,168,11672.079999999889,500,1432.7369999999878,338,15,95.07526627218917,24.07816666666662,59,22.0
4,A,PREY,169,9064.549999999923,416,1432.7369999999878,337,12,86.17433234421313,35.890624999999865,42,22.0
4,A,PREY,170,12551.859999999877,500,1432.7369999999878,338,5,92.3496449704139,25.563499999999927,9,22.0
4,A,PREY,171,11712.06999999988,500,1432.7369999999878,15,7,93.30799999999975,27.6849999999998,16,22.0
4,A,PREY,172,12111.969999999877,500,1432.7369999999878,338,11,88.43887573964453,21.845454545454537,29,22.0
4,A,PREY,173,10911.269999999902,500,1432.7369999999878,338,15,93.38766272189324,34.15599999999995,86,22.0
4,A,PREY,174,1025.6800000000007,106,1432.7369999999878,21,12,88.32714285714242,60.0162499999999,10,22.0
4,A,PREY,175,1405.550000000001,109,1432.7369999999878,337,11,91.71884272997009,74.26931818181795,11,22.0
4,A,PREY,176,5564.859999999974,223,1432.7369999999878,337,13,94.4384569732936,55.40653846153827,25,22.0
4,A,PREY,177,1622.5600000000006,53,1432.7369999999878,106,11,87.72726415094333,76.43045454545445,7,22.0
4,A,PREY,178,385.1700000000002,23,1432.7369999999878,30,11,96.94766666666652,72.54295454545449,2,22.0
4,A,PREY,179,10112.4699999999,500,1432.7369999999878,338,9,90.34550295857952,23.65305555555505,11,22.0
4,A,PREY,180,3752.0099999999934,154,1432.7369999999878,337,13,91.5401483679522,51.51692307692304,15,22.0
4,A,PREY,181,12911.769999999875,500,1432.7369999999878,338,8,86.22002958579829,32.4103124999997,20,22.0
4,A,PREY,182,626.0900000000003,25,1432.7369999999878,33,12,93.54515151515143,63.35437499999997,2,22.0
4,A,PREY,183,3274.8199999999956,135,1432.7369999999878,337,13,91.02970326409468,53.67846153846153,11,22.0
4,A,PREY,184,12071.479999999883,500,1432.7369999999878,338,10,94.75742603550276,26.729499999999785,13,22.0
4,A,PREY,185,13031.739999999874,500,1432.7369999999878,338,10,90.54597633136058,28.512749999999716,25,22.0
4,A,PREY,186,10032.489999999909,500,1432.7369999999878,338,8,91.61908284023636,29.784062499999685,16,22.0
4,A,PREY,187,11597.589999999891,500,1432.7369999999878,15,6,90.35599999999963,27.584583333333097,16,22.0
4,A,PREY,188,12231.93999999988,500,1432.7369999999878,338,8,90.66840236686356,37.82062499999932,19,22.0
4,A,PREY,189,11392.149999999896,500,1432.7369999999878,338,10,88.27168639053211,29.79875000000002,22,22.0
4,A,PREY,190,11991.999999999889,500,1432.7369999999878,338,9,89.73047337278068,19.820555555555664,21,22.0
4,A,PREY,191,12271.929999999884,500,1432.7369999999878,338,11,93.99310650887551,27.289545454545376,30,22.0
4,A,PREY,192,5385.539999999978,211,1432.7369999999878,337,11,88.852789317507,63.43818181818145,16,22.0
4,A,PREY,193,12511.869999999875,500,1432.7369999999878,338,7,88.68431952662678,31.963928571428266,16,22.0
4,A,PREY,194,12271.929999999888,500,1432.7369999999878,338,11,95.19538461538444,34.100909090908836,24,22.0
4,A,PREY,195,12391.899999999885,500,1432.7369999999878,18,9,90.88166666666632,29.666666666666288,13,22.0
4,A,PREY,196,12431.889999999883,500,1432.7369999999878,338,7,94.65991124260334,38.04571428571363,10,22.0
4,A,PREY,197,11828.539999999886,500,1432.7369999999878,338,4,90.4872485207097,51.72187499999929,25,22.0
4,A,PREY,198,12111.969999999887,500,1432.7369999999878,338,19,90.569467455621,33.11907894736878,155,22.0
4,A,PREY,199,1538.500000000001,111,1432.7369999999878,97,11,91.82360824742253,63.769318181818,5,22.0
4,A,PREY,200,13511.61999999987,500,1432.7369999999878,338,11,89.8549704142008,29.11818181818162,23,22.0
4,A,PREY,201,12906.769999999882,500,1432.7369999999878,338,7,87.4478402366859,47.99142857142781,27,22.0
4,A,PREY,202,5699.329999999972,274,1432.7369999999878,337,12,92.82287833827867,56.91124999999965,27,22.0
4,A,PREY,203,10854.749999999898,452,1432.7369999999878,337,8,89.43359050445065,42.90499999999933,22,22.0
4,A,PREY,204,1744.9000000000008,66,1432.7369999999878,22,12,91.76636363636332,61.18812500000001,9,22.0
4,A,PREY,205,5662.489999999973,209,1432.7369999999878,337,10,91.3008011869433,72.87424999999956,14,22.0
4,A,PREY,206,12911.769999999871,500,1432.7369999999878,338,6,97.6815680473372,37.18041666666603,15,22.0
4,A,PREY,207,13551.609999999871,500,1432.7369999999878,338,10,93.56289940828378,29.96274999999976,17,22.0
4,A,PREY,208,5745.949999999972,211,1432.7369999999878,337,10,95.80151335311558,69.70874999999951,12,22.0
4,A,PREY,209,1860.650000000001,88,1432.7369999999878,296,10,84.12706081081078,84.11574999999982,12,22.0
4,A,PREY,210,13671.579999999867,500,1432.7369999999878,19,7,88.82263157894694,34.718928571428215,12,22.0
4,A,PREY,211,304.47000000000014,95,1432.7369999999878,337,10,96.76418397626107,85.34524999999972,10,22.0
4,A,PREY,212,4409.139999999988,224,1432.7369999999878,337,13,89.37249258160197,49.43288461538454,19,22.0
4,A,PREY,213,14231.439999999868,500,1432.7369999999878,338,9,91.42742603550263,37.92249999999972,29,22.0
4,A,PREY,214,8624.049999999937,329,1432.7369999999878,337,9,84.74732937685404,52.853055555555216,16,22.0
4,A,PREY,215,3039.5799999999963,115,1432.7369999999878,337,10,93.1319881305636,76.69549999999967,8,22.0
4,A,PREY,216,1745.270000000001,79,1432.7369999999878,232,10,86.89409482758616,76.60174999999984,6,22.0
4,A,PREY,217,3891.5899999999956,142,1432.7369999999878,337,14,96.1369732937684,39.64053571428585,11,22.0
4,A,PREY,218,13591.599999999866,500,1432.7369999999878,338,10,92.40644970414174,47.71349999999937,42,22.0
4,A,PREY,219,4944.549999999985,221,1432.7369999999878,337,10,89.71884272997009,74.21674999999954,19,22.0
4,A,PREY,220,379.97000000000037,43,1432.7369999999878,50,11,88.0853999999999,74.75999999999998,7,22.0
4,A,PREY,221,1685.560000000001,101,1432.7369999999878,40,12,91.73174999999972,61.089791666666564,8,22.0
4,A,PREY,222,14309.919999999862,500,1432.7369999999878,338,7,89.46698224852031,37.29285714285647,16,22.0
4,A,PREY,223,13511.619999999873,500,1432.7369999999878,338,10,88.1923964497037,35.24824999999959,26,22.0
4,A,PREY,224,628.2900000000003,55,1432.7369999999878,88,12,94.14329545454538,65.52854166666664,7,22.0
4,A,PREY,225,588.6300000000002,22,1432.7369999999878,36,11,97.16333333333324,75.05999999999999,3,22.0
4,A,PREY,226,14391.399999999861,500,1432.7369999999878,338,6,95.99784023668624,25.821249999999665,19,22.0
4,A,PREY,227,5185.9999999999845,220,1432.7369999999878,337,11,92.67270029673564,56.97931818181775,11,22.0
4,A,PREY,228,2432.03,135,1432.7369999999878,26,11,83.56961538461493,69.03704545454512,12,22.0
4,A,PREY,229,13831.539999999868,500,1432.7369999999878,338,11,90.3431360946742,30.699318181818004,67,22.0
4,A,PREY,230,13791.549999999866,500,1432.7369999999878,338,6,90.8083136094671,42.72083333333253,15,22.0
4,A,PREY,231,627.1400000000002,20,1432.7369999999878,28,10,97.4949999999999,84.98799999999997,3,22.0
4,A,PREY,232,10579.149999999912,366,1432.7369999999878,337,11,92.96091988130546,40.658409090909,53,22.0
4,A,PREY,233,14229.939999999866,500,1432.7369999999878,338,8,92.40884615384586,37.877812499999486,16,22.0
4,A,PREY,234,12791.799999999883,500,1432.7369999999878,15,6,88.19599999999954,40.74541666666625,16,22.0
4,A,PREY,235,538.8100000000004,55,1432.7369999999878,79,11,88.42075949367081,76.2290909090908,9,22.0
4,A,PREY,236,14271.429999999864,500,1432.7369999999878,338,9,94.10559171597612,27.444444444444287,23,22.0
4,A,PREY,237,3697.95,162,1432.7369999999878,337,11,85.92780415430215,67.69772727272696,13,22.0
4,A,PREY,238,1738.3000000000009,76,1432.7369999999878,25,10,91.53479999999969,82.08299999999974,7,22.0
4,A,PREY,239,2119.400000000001,106,1432.7369999999878,20,12,87.47499999999951,59.86020833333334,11,22.0
4,A,PREY,240,1505.5600000000006,56,1432.7369999999878,26,11,93.17192307692284,73.86204545454542,8,22.0
4,A,PREY,241,15111.219999999857,500,1432.7369999999878,338,7,91.97784023668608,37.96892857142817,15,22.0
4,A,PREY,242,13431.639999999876,500,1432.7369999999878,338,10,87.15529585798768,25.82599999999969,18,22.0
4,A,PREY,243,12951.75999999988,500,1432.7369999999878,17,7,90.28705882352904,29.66214285714265,15,22.0
4,A,PREY,244,13631.589999999876,500,1432.7369999999878,338,11,91.3228994082837,35.29772727272722,117,22.0
4,A,PREY,245,4737.649999999988,166,1432.7369999999878,337,12,93.72605341246268,60.931458333333204,16,22.0
4,A,PREY,246,783.3700000000003,43,1432.7369999999878,26,10,94.59192307692288,82.4242499999999,5,22.0
4,A,PREY,247,5600.529999999966,256,1432.7369999999878,337,11,95.97207715133516,50.209999999999965,13,22.0
4,A,PREY,248,15231.189999999859,500,1432.7369999999878,18,8,90.28333333333296,27.493124999999257,13,22.0
4,A,PREY,249,14951.259999999858,500,1432.7369999999878,16,11,90.77874999999965,20.222045454545228,15,22.0
4,A,PREY,250,146.64,32,1432.7369999999878,25,11,95.93199999999985,77.5461363636363,6,22.0
4,A,PREY,251,367.3400000000007,106,1432.7369999999878,28,10,89.95249999999966,77.21074999999975,8,22.0
4,A,PREY,252,8855.639999999932,312,1432.7369999999878,337,14,91.75026706231432,50.59125000000005,88,22.0
4,A,PREY,253,4725.209999999988,160,1432.7369999999878,13,12,81.13923076923005,59.673749999999835,18,22.0
4,A,PREY,254,14871.279999999862,500,1432.7369999999878,338,11,94.36784023668618,43.78681818181795,41,22.0
4,A,PREY,255,2462.59,79,1432.7369999999878,37,10,90.36864864864845,79.44799999999977,7,22.0
4,A,PREY,256,4130.669999999997,129,1432.7369999999878,337,12,93.59468842729952,61.2035416666665,15,22.0
4,A,PREY,257,12516.859999999873,500,1432.7369999999878,338,9,93.26837278106484,31.84194444444399,23,22.0
4,A,PREY,258,13751.559999999874,500,1432.7369999999878,338,9,92.86150887573947,48.66416666666626,134,22.0
4,A,PREY,259,4437.169999999994,171,1432.7369999999878,337,12,91.68818991097896,55.49104166666658,14,22.0
4,A,PREY,260,12096.769999999893,420,1432.7369999999878,337,14,91.31928783382757,48.091428571428466,202,22.0
4,A,PREY,261,14871.27999999986,500,1432.7369999999878,338,8,89.19866863905285,29.46562499999981,106,22.0
4,A,PREY,262,13991.499999999874,500,1432.7369999999878,338,7,93.71011834319503,41.803214285713366,15,22.0
4,A,PREY,263,14151.459999999872,500,1432.7369999999878,338,14,87.90766272189305,34.0019642857146,93,22.0
4,A,PREY,264,14271.429999999871,500,1432.7369999999878,338,6,88.24553254437832,39.51291666666637,20,22.0
4,A,PREY,265,14311.419999999871,500,1432.7369999999878,338,8,93.2256213017749,43.3393749999996,18,22.0
4,A,PREY,266,13671.579999999873,500,1432.7369999999878,338,9,94.10301775147907,26.562499999999446,16,22.0
4,A,PREY,267,13471.629999999877,500,1432.7369999999878,338,8,90.00964497041382,34.86781249999957,22,22.0
4,A,PREY,268,5856.619999999968,241,1432.7369999999878,337,12,92.24620178041513,38.78729166666664,14,22.0
4,A,PREY,269,1787.9100000000008,64,1432.7369999999878,49,10,94.73408163265292,83.62624999999983,8,22.0
4,A,PREY,270,1148.3100000000004,40,1432.7369999999878,41,11,92.91682926829256,75.07818181818176,6,22.0
4,A,PREY,271,14831.28999999986,500,1432.7369999999878,338,9,94.65733727810631,30.467222222222,56,22.0
4,A,PREY,272,15311.169999999858,500,1432.7369999999878,338,8,91.32680473372751,41.760624999999806,81,22.0
4,A,PREY,273,60.03999999999984,44,1432.7369999999878,47,10,91.39510638297862,84.83174999999986,5,22.0
4,A,PREY,274,13991.499999999869,500,1432.7369999999878,338,7,89.323964497041,15.571071428571505,20,22.0
4,A,PREY,275,14751.309999999869,500,1432.7369999999878,338,9,85.49571005917105,26.669999999999792,15,22.0
4,A,PREY,276,13828.539999999875,500,1432.7369999999878,338,8,90.5180473372778,20.627812499999777,17,22.0
4,A,PREY,277,14991.249999999862,500,1432.7369999999878,338,11,92.58609467455592,33.99022727272706,70,22.0
4,A,PREY,278,342.8500000000002,56,1432.7369999999878,78,12,94.43897435897429,73.12583333333329,12,22.0
4,A,PREY,279,5783.499999999975,205,1432.7369999999878,337,11,96.09516320474764,57.61636363636328,12,22.0
4,A,PREY,280,1562.5100000000007,59,1432.7369999999878,26,11,92.94076923076896,73.92295454545446,5,22.0
4,A,PREY,281,308.3300000000001,9,1432.7369999999878,30,11,99.00999999999996,73.76181818181817,1,22.0
4,A,PREY,282,11084.519999999899,420,1432.7369999999878,337,10,90.32804154302633,38.220249999999695,19,22.0
4,A,PREY,283,1381.4700000000007,68,1432.7369999999878,23,10,91.97173913043449,80.42849999999984,8,22.0
4,A,PREY,284,14351.409999999862,500,1432.7369999999878,338,10,86.99789940828353,23.87275000000018,32,22.0
4,A,PREY,285,16230.939999999851,500,1432.7369999999878,16,9,90.56687499999964,25.364444444444675,16,22.0
4,A,PREY,286,14511.369999999872,500,1432.7369999999878,338,9,87.0533727810646,22.535833333333343,85,22.0
4,A,PREY,287,14471.37999999987,500,1432.7369999999878,338,12,92.32857988165652,38.57062499999996,39,22.0
4,A,PREY,288,14751.309999999867,500,1432.7369999999878,338,8,92.08547337278077,27.325624999999917,27,22.0
4,A,PREY,289,8459.759999999942,312,1432.7369999999878,337,11,91.55023738872372,54.263863636363475,21,22.0
4,A,PREY,290,3252.1599999999994,102,1432.7369999999878,41,10,89.28121951219488,79.74974999999979,11,22.0
4,A,PREY,291,1023.3700000000005,37,1432.7369999999878,35,11,96.20485714285701,73.23636363636359,4,22.0
4,A,PREY,292,945.4200000000004,34,1432.7369999999878,37,13,92.3835135135134,56.968846153846165,4,22.0
4,A,PREY,293,2505.0099999999998,86,1432.7369999999878,21,12,89.38857142857103,60.361875000000005,10,22.0
4,A,PREY,294,389.19000000000017,21,1432.7369999999878,29,11,96.74758620689647,78.13090909090909,5,22.0
4,A,PREY,295,4184.439999999997,151,1432.7369999999878,337,12,90.73201780415395,55.3766666666665,12,22.0
4,A,PREY,296,1897.240000000001,78,1432.7369999999878,129,12,90.38705426356583,65.36583333333319,8,22.0
4,A,PREY,297,1089.8800000000008,84,1432.7369999999878,25,10,90.22359999999964,78.74224999999973,6,22.0
4,A,PREY,298,15471.129999999857,500,1432.7369999999878,338,11,87.28976331360899,35.651363636363406,40,22.0
4,A,PREY,299,13353.629999999874,500,1432.7369999999878,338,13,88.84038461538428,43.374423076922895,194,22.0
4,A,PREY,300,15990.999999999853,500,1432.7369999999878,13,8,87.71153846153798,34.48687499999949,18,22.0
4,A,PREY,301,15631.089999999858,500,1432.7369999999878,338,11,91.04449704141979,44.46136363636304,27,22.0
4,A,PREY,302,15191.199999999864,500,1432.7369999999878,338,9,90.67701183431917,36.26638888888822,18,22.0
4,A,PREY,303,2715.7,111,1432.7369999999878,23,11,87.76999999999951,69.48590909090886,9,22.0
4,A,PREY,304,15631.089999999856,500,1432.7369999999878,338,11,89.83325443786943,24.923636363636284,39,22.0
4,A,PREY,305,187.1300000000001,32,1432.7369999999878,25,10,96.22599999999986,88.05074999999991,6,22.0
4,A,PREY,306,15591.099999999857,500,1432.7369999999878,338,12,89.75038461538423,27.456249999999958,77,22.0
4,A,PREY,307,1209.2100000000005,48,1432.7369999999878,28,12,94.39392857142836,62.66687500000001,5,22.0
4,A,PREY,308,2299.930000000001,99,1432.7369999999878,136,12,76.9519852941176,71.28791666666648,15,22.0
4,A,PREY,309,12659.009999999897,382,1432.7369999999878,337,9,89.54887240356044,46.30583333333323,17,22.0
4,A,PREY,310,9497.239999999934,287,1432.7369999999878,337,19,89.09175074183939,52.10999999999998,90,22.0
4,A,PREY,311,16154.949999999852,500,1432.7369999999878,338,7,87.95979289940782,33.59035714285703,23,22.0
4,A,PREY,312,10222.849999999926,309,1432.7369999999878,337,11,86.96379821958408,58.5777272727268,35,22.0
4,A,PREY,313,16470.879999999852,500,1432.7369999999878,338,9,91.9369822485204,19.8827777777774,16,22.0
4,A,PREY,314,139.08000000000027,88,1432.7369999999878,21,11,89.17142857142815,67.78931818181813,10,22.0
4,A,PREY,315,15631.089999999855,500,1432.7369999999878,338,7,87.89943786982202,39.64142857142797,21,22.0
4,A,PREY,316,14831.28999999987,500,1432.7369999999878,338,11,84.3817159763308,25.439090909090567,16,22.0
4,A,PREY,317,344.64000000000016,27,1432.7369999999878,26,10,96.73923076923064,88.19699999999993,5,22.0
4,A,PREY,318,16019.999999999854,499,1432.7369999999878,25,4,88.31079999999956,25.114374999999498,7,22.0
4,A,PREY,319,16910.76999999985,500,1432.7369999999878,338,11,89.11260355029545,30.936818181817742,17,22.0
4,A,PREY,320,14791.29999999987,500,1432.7369999999878,338,10,92.761893491124,41.30249999999949,25,22.0
4,A,PREY,321,26.810000000000038,18,1432.7369999999878,33,10,94.31424242424237,85.60599999999997,3,22.0
4,A,PREY,322,546.1100000000001,75,1432.7369999999878,22,11,90.80499999999964,71.53863636363624,9,22.0
4,A,PREY,323,16630.83999999985,500,1432.7369999999878,338,9,88.4802366863901,36.03666666666628,16,22.0
4,A,PREY,324,16390.899999999852,500,1432.7369999999878,11,8,93.48181818181793,30.749999999999943,20,22.0
4,A,PREY,325,15711.06999999986,500,1432.7369999999878,338,6,86.22588757396397,40.99791666666608,14,22.0
4,A,PREY,326,14742.30999999987,500,1432.7369999999878,338,10,92.48121301775119,33.34799999999939,58,22.0
4,A,PREY,327,15990.999999999856,500,1432.7369999999878,338,6,89.23497041420077,35.3783333333331,13,22.0
4,A,PREY,328,16110.969999999852,500,1432.7369999999878,17,8,92.1399999999997,39.321562499999054,14,22.0
4,A,PREY,329,16550.859999999855,500,1432.7369999999878,338,7,89.2253846153842,28.586071428570953,11,22.0
4,A,PREY,330,15742.05999999986,500,1432.7369999999878,338,9,88.94553254437828,34.97166666666657,21,22.0
4,A,PREY,331,14791.29999999987,500,1432.7369999999878,338,9,88.51624260354986,16.29805555555562,17,22.0
4,A,PREY,332,14849.76999999986,500,1432.7369999999878,338,13,94.31553254437851,40.78480769230776,53,22.0
4,A,PREY,333,8716.55999999992,375,1432.7369999999878,337,11,91.61590504451007,42.30681818181808,30,22.0
4,A,PREY,334,17310.669999999856,500,1432.7369999999878,338,11,94.0223668639051,28.9686363636363,22,22.0
4,A,PREY,335,2866.89,88,1432.7369999999878,23,12,89.2782608695648,64.45083333333322,10,22.0
4,A,PREY,336,16429.38999999985,500,1432.7369999999878,338,11,86.95381656804686,18.94159090909072,17,22.0
4,A,PREY,337,904.7700000000004,50,1432.7369999999878,34,10,85.83117647058805,83.21449999999989,6,22.0
4,A,PREY,338,16950.759999999853,500,1432.7369999999878,338,12,91.56869822485176,43.60604166666665,155,22.0
4,A,PREY,339,16350.909999999853,500,1432.7369999999878,338,11,91.40887573964464,36.63636363636322,23,22.0
4,A,PREY,340,16586.839999999855,500,1432.7369999999878,338,7,93.09730769230744,28.218928571428517,20,22.0
4,A,PREY,341,15711.06999999986,500,1432.7369999999878,338,3,89.22565088757355,13.121666666666522,12,22.0
4,A,PREY,342,2906.4299999999994,84,1432.7369999999878,311,11,83.30633440514465,70.71090909090896,9,22.0
4,A,PREY,343,1300.2700000000004,40,1432.7369999999878,39,12,95.8679487179486,77.5808333333333,13,22.0
4,A,PREY,344,12492.529999999897,382,1432.7369999999878,337,11,86.94774480712123,49.734545454545234,31,22.0
4,A,PREY,345,1064.4000000000003,33,1432.7369999999878,30,11,92.4503333333332,83.30227272727268,9,22.0
4,A,PREY,346,3012.7899999999995,95,1432.7369999999878,337,10,95.67480712166163,81.54499999999969,8,22.0
4,A,PREY,347,1948.3600000000008,65,1432.7369999999878,33,11,93.29787878787857,71.96522727272713,6,22.0
4,A,PREY,348,16310.919999999851,500,1432.7369999999878,17,7,90.0823529411761,40.17571428571342,27,22.0
4,A,PREY,349,15791.049999999861,500,1432.7369999999878,338,9,93.3415088757394,19.735277777777608,15,22.0
4,A,PREY,350,1249.6800000000005,50,1432.7369999999878,65,11,87.70292307692297,70.36727272727265,3,22.0
4,B,PREDATOR,1,-12.199999999999998,220,64.68600000000013,337,12,73.05928783382785,57.09979166666637,103,336.4
4,B,PREDATOR,2,-11.32,132,64.68600000000013,337,13,83.09228486646882,64.70653846153836,80,336.4
4,B,PREDATOR,3,-12.209999999999997,221,64.68600000000013,315,75,61.77111111111116,60.953700000000026,713,336.4
4,B,PREDATOR,4,11.5541666666662,287,64.68600000000013,337,11,74.93136498516293,39.149545454545155,30,336.4
4,B,PREDATOR,5,-11.3,130,64.68600000000013,337,26,74.03688427299701,69.53028846153846,197,336.4
4,B,PREDATOR,6,-12.219999999999997,222,64.68600000000013,337,10,66.449643916914,71.39624999999964,275,336.4
4,B,PREDATOR,7,-12.259999999999996,226,64.68600000000013,337,12,80.19178041543029,56.36166666666654,258,336.4
4,B,PREDATOR,8,-12.189999999999998,219,64.68600000000013,7,10,92.405714285714,72.44924999999952,32,336.4
4,B,PREDATOR,9,-12.259999999999996,226,64.68600000000013,337,19,73.24830860534126,63.23052631578944,232,336.4
4,B,PREDATOR,10,132.69250000000088,405,64.68600000000013,337,66,61.76356083086061,47.96143939393945,687,336.4
4,B,PREDATOR,11,-12.219999999999997,222,64.68600000000013,337,12,86.12201780415424,45.911666666666584,88,336.4
4,B,PREDATOR,12,682.2075000000023,500,64.68600000000013,337,5,67.66896142433224,37.98499999999965,47,336.4
4,B,PREDATOR,13,-12.209999999999997,221,64.68600000000013,337,12,85.11652818991098,62.08458333333318,247,336.4
4,B,PREDATOR,14,-12.169999999999998,217,64.68600000000013,337,12,70.8360534124629,45.93937499999959,17,336.4
4,B,PREDATOR,15,-12.289999999999996,229,64.68600000000013,337,11,65.27468842729972,54.81659090909033,23,336.4
4,B,PREDATOR,16,-12.159999999999998,216,64.68600000000013,337,10,66.64967359050443,45.75049999999975,11,336.4
4,B,PREDATOR,17,-12.329999999999995,233,64.68600000000013,337,10,57.0418991097924,64.54499999999969,82,336.4
4,B,PREDATOR,18,9.056666666666183,274,64.68600000000013,337,11,58.21308605341251,49.93340909090857,29,336.4
4,B,PREDATOR,19,-11.290000000000001,129,64.68600000000013,337,13,77.96928783382788,45.72711538461545,21,336.4
4,B,PREDATOR,20,37.9808333333338,283,64.68600000000013,337,130,62.5144510385757,26.008942307692372,781,336.4
4,B,PREDATOR,21,-11.32,132,64.68600000000013,337,13,74.23997032640948,51.067115384615256,11,336.4
4,B,PREDATOR,22,10.334166666666198,274,64.68600000000013,337,54,55.376261127596514,36.19106481481486,316,336.4
4,B,PREDATOR,23,11.44749999999953,290,64.68600000000013,337,11,59.37379821958454,55.74454545454489,25,336.4
4,B,PREDATOR,24,39.59500000000008,275,64.68600000000013,337,11,84.46293768545983,62.77931818181776,125,336.4
4,B,PREDATOR,25,-12.379999999999994,238,64.68600000000013,337,12,73.62391691394642,39.2866666666664,16,336.4
4,B,PREDATOR,26,-12.159999999999998,216,64.68600000000013,337,12,84.82818991097912,50.726666666666596,142,336.4
4,B,PREDATOR,27,-12.239999999999997,224,64.68600000000013,337,10,62.75979228486648,53.37799999999961,15,336.4
4,B,PREDATOR,28,38.125000000000206,267,64.68600000000013,337,12,63.93471810089019,46.15520833333286,20,336.4
4,B,PREDATOR,29,-11.350000000000001,135,64.68600000000013,337,12,79.14186943620176,60.38479166666648,12,336.4
4,B,PREDATOR,30,5.613333333332987,265,64.68600000000013,337,21,65.05916913946584,37.11583333333332,106,336.4
4,B,PREDATOR,31,35.95583333333377,297,64.68600000000013,337,11,57.02356083086058,54.35090909090864,132,336.4
4,B,PREDATOR,32,-12.219999999999997,222,64.68600000000013,337,10,68.48869436201781,58.837749999999595,39,336.4
4,B,PREDATOR,33,55.26499999999938,420,64.68600000000013,2,8,92.46999999999971,35.169999999999476,30,336.4
4,B,PREDATOR,34,81.04249999999841,467,64.68600000000013,337,6,65.82860534124617,27.704583333332845,18,336.4
4,B,PREDATOR,35,-11.3,130,64.68600000000013,337,13,85.56391691394653,58.84019230769207,58,336.4
4,B,PREDATOR,36,11.166666666666183,298,64.68600000000013,337,13,52.415905044510374,38.3855769230766,23,336.4
4,B,PREDATOR,37,56.63916666666507,308,64.68600000000013,337,11,65.2600890207714,28.922272727272528,10,336.4
4,B,PREDATOR,38,748.1300000000015,500,64.68600000000013,337,7,73.34673590504435,33.21857142857112,46,336.4
4,B,PREDATOR,39,61.473333333332356,236,64.68600000000013,337,10,71.28275964391689,49.80224999999958,23,336.4
4,B,PREDATOR,40,-12.149999999999999,215,64.68600000000013,203,10,67.81827586206897,67.49724999999964,42,336.4
4,B,PREDATOR,41,12.840833333332919,264,64.68600000000013,337,11,99.71566765578633,57.05590909090886,104,336.4
4,B,PREDATOR,42,61.964999999998945,326,64.68600000000013,337,11,56.64810089020764,39.218636363635824,24,336.4
4,B,PREDATOR,43,8.533333333332846,269,64.68600000000013,337,11,65.51646884272992,38.68636363636331,17,336.4
4,B,PREDATOR,44,-11.350000000000001,135,64.68600000000013,337,11,69.436706231454,66.7149999999997,14,336.4
4,B,PREDATOR,45,1532.2800000000018,500,64.68600000000013,337,7,74.05629080118688,43.53142857142806,116,336.4
4,B,PREDATOR,46,12.894166666666253,264,64.68600000000013,337,12,63.342136498516375,44.122708333333016,19,336.4
4,B,PREDATOR,47,60.531666666665494,395,64.68600000000013,337,169,62.85774480712172,36.31374260355033,1088,336.4
4,B,PREDATOR,48,-12.239999999999997,224,64.68600000000013,337,11,71.14445103857562,54.54204545454508,19,336.4
4,B,PREDATOR,49,13.869999999999669,285,64.68600000000013,337,10,70.2561721068248,39.774999999999736,28,336.4
4,B,PREDATOR,50,-12.219999999999997,222,64.68600000000013,337,12,72.95946587537088,45.91687499999975,20,336.4
4,B,PREDATOR,51,1587.7350000000008,500,64.68600000000013,337,8,68.08216617210618,38.27812499999949,170,336.4
4,B,PREDATOR,52,-12.179999999999998,218,64.68600000000013,337,11,69.24100890207716,61.21749999999958,74,336.4
4,B,PREDATOR,53,936.8550000000026,500,64.68600000000013,337,10,73.56519287833804,41.46474999999943,72,336.4
4,B,PREDATOR,54,-12.189999999999998,219,64.68600000000013,337,12,70.20495548961424,58.03624999999963,55,336.4
4,B,PREDATOR,55,-12.229999999999997,223,64.68600000000013,337,12,71.94157270029669,43.924583333332954,17,336.4
4,B,PREDATOR,56,-12.189999999999998,219,64.68600000000013,337,52,57.00127596439179,46.96067307692307,302,336.4
4,B,PREDATOR,57,57.58833333333187,362,64.68600000000013,337,10,63.5380712166172,50.955999999999385,22,336.4
4,B,PREDATOR,58,38.454166666667206,287,64.68600000000013,337,10,84.72905044510362,52.03324999999984,79,336.4
4,B,PREDATOR,59,12.393333333332896,275,64.68600000000013,337,8,75.35813056379797,67.8656249999994,45,336.4
4,B,PREDATOR,60,2439.7366666666553,500,64.68600000000013,337,7,70.10991097922846,36.53964285714233,232,336.4
4,B,PREDATOR,61,11.33083333333285,296,64.68600000000013,337,10,74.6507418397625,37.54724999999994,147,336.4
4,B,PREDATOR,62,-12.339999999999995,234,64.68600000000013,337,13,66.10691394658744,53.036538461538306,41,336.4
4,B,PREDATOR,63,-12.189999999999998,219,64.68600000000013,337,10,78.23572700296734,68.67624999999973,213,336.4
4,B,PREDATOR,64,1413.4683333333348,500,64.68600000000013,337,8,79.40789317507372,52.209999999999354,160,336.4
4,B,PREDATOR,65,-12.199999999999998,220,64.68600000000013,337,9,70.72252225519289,47.39222222222204,118,336.4
4,B,PREDATOR,66,10.065833333332913,275,64.68600000000013,337,12,77.6796735905043,49.67229166666613,91,336.4
4,B,PREDATOR,67,12.187499999999561,275,64.68600000000013,337,11,64.31519287833822,50.32363636363607,71,336.4
4,B,PREDATOR,68,49.76166666666689,229,64.68600000000013,3,82,89.3199999999996,59.492499999999914,820,336.4
4,B,PREDATOR,69,-12.169999999999998,217,64.68600000000013,337,52,68.86255192878336,38.335576923077014,280,336.4
4,B,PREDATOR,70,-12.279999999999996,228,64.68600000000013,337,13,69.00786350148361,32.38615384615359,9,336.4
4,B,PREDATOR,71,12.435833333332875,291,64.68600000000013,337,11,60.35896142433223,37.40545454545415,16,336.4
4,B,PREDATOR,72,11.576666666666197,277,64.68600000000013,337,86,54.32160237388736,39.46584302325588,509,336.4
4,B,PREDATOR,73,-12.219999999999997,222,64.68600000000013,337,11,76.15557863501483,48.043863636363305,14,336.4
4,B,PREDATOR,74,-12.319999999999995,232,64.68600000000013,10,10,87.21999999999953,63.03574999999942,20,336.4
4,B,PREDATOR,75,12.689999999999566,275,64.68600000000013,337,11,64.29801186943612,56.86681818181771,34,336.4
4,B,PREDATOR,76,-12.239999999999997,224,64.68600000000013,337,40,60.21379821958463,51.827687500000025,480,336.4
4,B,PREDATOR,77,-11.34,134,64.68600000000013,337,12,75.62077151335309,56.12374999999982,13,336.4
4,B,PREDATOR,78,-11.32,132,64.68600000000013,337,14,72.09593471810088,46.840178571428545,17,336.4
4,B,PREDATOR,79,81.76416666666522,283,64.68600000000013,337,12,69.2136201780414,34.94499999999974,15,336.4
4,B,PREDATOR,80,-12.179999999999998,218,64.68600000000013,337,9,69.07014836795253,67.63777777777736,46,336.4
4,B,PREDATOR,81,-12.249999999999996,225,64.68600000000013,337,12,60.577744807121675,52.107291666666164,21,336.4
4,B,PREDATOR,82,10.387499999999518,285,64.68600000000013,337,22,65.29590504451036,54.47079545454526,122,336.4
4,B,PREDATOR,83,37.497500000000095,369,64.68600000000013,337,7,72.54240356083066,32.20142857142812,17,336.4
4,B,PREDATOR,84,11.21083333333287,284,64.68600000000013,337,10,82.30637982195815,51.02499999999942,17,336.4
4,B,PREDATOR,85,678.2941666666694,500,64.68600000000013,104,69,50.846250000000104,64.65865942028987,1181,336.4
4,B,PREDATOR,86,33.3650000000002,334,64.68600000000013,337,12,59.57955489614232,48.964999999999414,38,336.4
4,B,PREDATOR,87,-12.339999999999995,234,64.68600000000013,337,13,75.62166172106821,36.60730769230746,139,336.4
4,B,PREDATOR,88,-12.469999999999992,247,64.68600000000013,337,13,62.86747774480715,31.648653846153664,16,336.4
4,B,PREDATOR,89,37.43583333333357,189,64.68600000000013,337,12,60.43364985163211,44.45270833333325,104,336.4
4,B,PREDATOR,90,-12.259999999999996,226,64.68600000000013,337,12,78.78658753709203,46.83520833333318,126,336.4
4,B,PREDATOR,91,-12.409999999999993,241,64.68600000000013,337,10,71.44400593471808,62.83249999999949,14,336.4
4,B,PREDATOR,92,10.604999999999519,274,64.68600000000013,337,20,60.21115727002976,44.64624999999987,281,336.4
4,B,PREDATOR,93,139.15250000000205,448,64.68600000000013,104,76,61.28884615384622,53.300526315789234,1339,336.4
4,B,PREDATOR,94,10.264999999999608,323,64.68600000000013,337,95,54.35172106824924,23.496184210526504,559,336.4
4,B,PREDATOR,95,-12.189999999999998,219,64.68600000000013,337,11,64.02151335311572,56.94931818181782,18,336.4
4,B,PREDATOR,96,33.085000000000214,320,64.68600000000013,337,10,59.30305637982195,52.94874999999935,120,336.4
4,B,PREDATOR,97,-11.34,134,64.68600000000013,145,13,77.27758620689654,51.647115384615304,21,336.4
4,B,PREDATOR,98,11.289999999999525,291,64.68600000000013,337,12,63.84074183976259,38.17395833333302,15,336.4
4,B,PREDATOR,99,-11.34,134,64.68600000000013,337,12,83.54353115727,57.70333333333318,8,336.4
4,B,PREDATOR,100,-12.299999999999995,230,64.68600000000013,337,10,89.0853115727002,66.98924999999927,51,336.4
4,B,PREDATOR,101,-11.31,131,64.68600000000013,337,11,85.56706231454,62.529545454545335,23,336.4
4,B,PREDATOR,102,36.41083333333352,247,64.68600000000013,337,17,97.33287833827892,77.04926470588215,243,336.4
4,B,PREDATOR,103,263.7949999999998,500,64.68600000000013,337,5,74.00750741839745,42.03949999999951,69,336.4
4,B,PREDATOR,104,-12.159999999999998,216,64.68600000000013,337,12,73.72053412462904,48.84270833333317,89,336.4
4,B,PREDATOR,105,-12.259999999999996,226,64.68600000000013,337,12,81.39400593471785,44.79895833333301,15,336.4
4,B,PREDATOR,106,1258.557500000001,500,64.68600000000013,337,5,66.15427299703256,37.50299999999979,75,336.4
4,B,PREDATOR,107,-12.339999999999995,234,64.68600000000013,337,10,65.5005934718101,67.5134999999992,17,336.4
4,B,PREDATOR,108,-12.239999999999997,224,64.68600000000013,337,24,92.87845697329375,50.73645833333317,186,336.4
4,B,PREDATOR,109,11.740833333332867,301,64.68600000000013,120,77,78.27741666666662,67.60396103896076,1315,336.4
4,B,PREDATOR,110,36.698333333333785,286,64.68600000000013,337,12,68.74335311572689,40.96249999999989,43,336.4
4,B,PREDATOR,111,-12.139999999999999,214,64.68600000000013,251,89,49.22159362549809,63.51713483146063,577,336.4
4,B,PREDATOR,112,-11.46,146,64.68600000000013,35,12,89.38542857142845,55.56645833333321,17,336.4
4,B,PREDATOR,113,-12.509999999999991,251,64.68600000000013,337,16,68.38281899109795,57.79968749999974,150,336.4
4,B,PREDATOR,114,10.264999999999505,281,64.68600000000013,337,12,85.6364391691394,47.32604166666633,49,336.4
4,B,PREDATOR,115,36.33750000000023,266,64.68600000000013,337,12,54.10183976261132,38.08229166666652,20,336.4
4,B,PREDATOR,116,-12.179999999999998,218,64.68600000000013,337,11,76.05543026706216,54.6672727272723,17,336.4
4,B,PREDATOR,117,-12.189999999999998,219,64.68600000000013,337,16,65.19572700296735,37.92359374999997,68,336.4
4,B,PREDATOR,118,40.56750000000034,270,64.68600000000013,337,12,54.98732937685459,35.2906249999997,23,336.4
4,B,PREDATOR,119,35.59916666666704,352,64.68600000000013,337,9,69.34540059347154,57.79999999999907,76,336.4
4,B,PREDATOR,120,-11.420000000000002,142,64.68600000000013,337,14,99.07724035608304,41.4294642857143,14,336.4
4,B,PREDATOR,121,-12.509999999999991,251,64.68600000000013,337,10,60.739614243323444,52.139749999999836,44,336.4
4,B,PREDATOR,122,-11.31,131,64.68600000000013,296,11,65.77547297297296,70.95795454545429,33,336.4
4,B,PREDATOR,123,-12.54999999999999,255,64.68600000000013,337,12,95.76412462908009,43.476458333333376,186,336.4
4,B,PREDATOR,124,12.902499999999561,282,64.68600000000013,337,32,89.71824925816026,66.55773437499982,233,336.4
4,B,PREDATOR,125,13.008333333332937,254,64.68600000000013,337,11,58.630534124629136,48.27272727272688,23,336.4
4,B,PREDATOR,126,1014.965000000003,500,64.68600000000013,337,9,89.07629080118691,35.84694444444391,73,336.4
4,B,PREDATOR,127,37.86333333333389,307,64.68600000000013,337,11,59.43240356083076,40.39272727272707,24,336.4
4,B,PREDATOR,128,-12.209999999999997,221,64.68600000000013,337,11,68.68955489614243,64.50977272727215,19,336.4
4,B,PREDATOR,129,-11.38,138,64.68600000000013,337,11,89.5961424332344,75.970909090909,137,336.4
4,B,PREDATOR,130,-12.299999999999995,230,64.68600000000013,337,11,68.47804154302665,50.1470454545451,14,336.4
4,B,PREDATOR,131,11.181666666666176,302,64.68600000000013,337,12,51.63086053412466,38.43187499999957,26,336.4
4,B,PREDATOR,132,-12.659999999999988,266,64.68600000000013,337,32,56.73106824925822,38.23164062499998,220,336.4
4,B,PREDATOR,133,12.963333333332896,280,64.68600000000013,337,9,68.02694362017792,45.488888888888496,35,336.4
4,B,PREDATOR,134,8.06833333333284,273,64.68600000000013,4,33,86.50749999999948,59.1072727272724,319,336.4
4,B,PREDATOR,135,-11.520000000000001,152,64.68600000000013,337,12,83.37041543026704,63.80729166666651,130,336.4
4,B,PREDATOR,136,-12.439999999999992,244,64.68600000000013,14,10,90.7471428571425,67.0999999999992,23,336.4
4,B,PREDATOR,137,-12.419999999999993,242,64.68600000000013,337,27,61.52412462908018,57.21555555555545,249,336.4
4,B,PREDATOR,138,111.84916666666494,500,64.68600000000013,337,7,61.27925816023727,20.244285714285358,21,336.4
4,B,PREDATOR,139,459.3516666666652,500,64.68600000000013,337,10,80.98946587537078,46.18949999999957,354,336.4
4,B,PREDATOR,140,3064.4399999999623,500,64.68600000000013,302,52,62.23069536423841,63.3042788461538,594,336.4
4,B,PREDATOR,141,2329.644999999993,500,64.68600000000013,337,15,71.33881305637968,32.52133333333327,171,336.4
4,B,PREDATOR,142,13.166666666666268,257,64.68600000000013,337,10,59.21172106824932,65.67424999999933,87,336.4
4,B,PREDATOR,143,11.847499999999778,293,64.68600000000013,337,11,70.7029080118693,45.60840909090873,17,336.4
4,B,PREDATOR,144,80.30333333333161,302,64.68600000000013,337,19,61.67201780415429,50.29921052631557,82,336.4
4,B,PREDATOR,145,12.161666666666205,290,64.68600000000013,337,9,60.78614243323438,64.05499999999921,90,336.4
4,B,PREDATOR,146,11.826666666666346,211,64.68600000000013,337,14,59.22353115727008,36.531607142857034,18,336.4
4,B,PREDATOR,147,10.238333333332863,274,64.68600000000013,337,11,81.1065578635013,54.33863636363608,72,336.4
4,B,PREDATOR,148,-12.429999999999993,243,64.68600000000013,337,12,65.47252225519286,51.153124999999726,42,336.4
4,B,PREDATOR,149,-12.399999999999993,240,64.68600000000013,337,11,64.53418397626116,66.28522727272663,25,336.4
4,B,PREDATOR,150,34.02333333333362,328,64.68600000000013,337,9,50.926824925816,47.179166666666006,19,336.4
4,B,PREDATOR,151,58.87749999999837,351,64.68600000000013,7,70,93.37428571428548,60.2842857142851,873,336.4
4,B,PREDATOR,152,-12.219999999999997,222,64.68600000000013,337,13,60.11382789317513,64.3974999999996,40,336.4
4,B,PREDATOR,153,11.619166666666183,319,64.68600000000013,337,10,64.06584569732941,53.2154999999992,22,336.4
4,B,PREDATOR,154,-12.409999999999993,241,64.68600000000013,337,11,85.41169139465859,47.78090909090868,20,336.4
4,B,PREDATOR,155,12.638333333333007,202,64.68600000000013,337,13,81.80207715133528,62.944038461538376,128,336.4
4,B,PREDATOR,156,12.646666666666222,282,64.68600000000013,337,12,52.76252225519297,41.411666666666456,96,336.4
4,B,PREDATOR,157,112.14416666666496,500,64.68600000000013,337,9,56.81065281899102,20.939999999999586,23,336.4
4,B,PREDATOR,158,55.59916666666502,338,64.68600000000013,337,8,60.274035608308516,51.61531249999921,21,336.4
4,B,PREDATOR,159,-12.209999999999997,221,64.68600000000013,337,39,66.47166172106826,44.2331410256411,312,336.4
4,B,PREDATOR,160,11.460833333332856,294,64.68600000000013,337,10,61.467181008901996,56.93924999999941,27,336.4
4,B,PREDATOR,161,-12.249999999999996,225,64.68600000000013,337,13,66.4133827893175,36.93538461538457,18,336.4
4,B,PREDATOR,162,-12.229999999999997,223,64.68600000000013,3,24,82.59999999999934,72.4857291666662,245,336.4
4,B,PREDATOR,163,225.79833333333397,500,64.68600000000013,337,5,93.89590504451023,41.757999999999655,24,336.4
4,B,PREDATOR,164,-12.749999999999986,275,64.68600000000013,337,10,69.60065281899098,43.78174999999963,16,336.4
4,B,PREDATOR,165,35.52750000000037,299,64.68600000000013,337,10,54.16697329376862,55.29724999999941,81,336.4
4,B,PREDATOR,166,218.243333333335,358,64.68600000000013,337,23,58.442759643916865,33.002608695652086,140,336.4
4,B,PREDATOR,167,827.2916666666688,500,64.68600000000013,337,22,73.51385756676548,29.443522727272615,329,336.4
4,B,PREDATOR,168,36.99666666666697,240,64.68600000000013,337,12,65.88427299703264,48.8810416666665,21,336.4
4,B,PREDATOR,169,35.96500000000048,348,64.68600000000013,337,9,61.089881305637874,38.01888888888858,37,336.4
4,B,PREDATOR,170,33.48500000000024,349,64.68600000000013,337,33,57.52293768545997,23.194848484848514,309,336.4
4,B,PREDATOR,171,12.592499999999552,286,64.68600000000013,337,12,66.39091988130563,44.136666666666336,232,336.4
4,B,PREDATOR,172,10.21333333333286,277,64.68600000000013,337,13,61.82652818991102,65.57192307692277,167,336.4
4,B,PREDATOR,173,-12.159999999999998,216,64.68600000000013,337,12,94.38053412462907,65.36208333333295,97,336.4
4,B,PREDATOR,174,-12.389999999999993,239,64.68600000000013,337,11,71.50228486646877,46.22363636363604,13,336.4
4,B,PREDATOR,175,2869.241666666645,500,64.68600000000013,337,6,66.02902077151334,47.250416666665984,136,336.4
4,B,PREDATOR,176,76.6824999999983,336,64.68600000000013,337,12,84.53519287833788,26.636666666666446,17,336.4
4,B,PREDATOR,177,10.655833333332724,380,64.68600000000013,337,8,61.86124629080107,43.53624999999958,36,336.4
4,B,PREDATOR,178,-12.52999999999999,253,64.68600000000013,337,16,74.79670623145394,44.28796874999986,90,336.4
4,B,PREDATOR,179,-12.439999999999992,244,64.68600000000013,337,11,60.67044510385758,48.15818181818155,16,336.4
4,B,PREDATOR,180,-12.209999999999997,221,64.68600000000013,12,11,91.15749999999967,59.25931818181764,18,336.4
4,B,PREDATOR,181,11.371666666666185,311,64.68600000000013,337,11,58.57290801186948,54.693409090908496,52,336.4
4,B,PREDATOR,182,12.169999999999563,273,64.68600000000013,337,10,99.56364985163204,65.82799999999928,33,336.4
4,B,PREDATOR,183,11.659166666666218,277,64.68600000000013,337,12,85.90281899109758,40.40562499999954,20,336.4
4,B,PREDATOR,184,34.355833333333635,308,64.68600000000013,337,18,78.03712166172106,52.06083333333317,194,336.4
4,B,PREDATOR,185,10.977499999999507,299,64.68600000000013,337,13,60.33937685459935,35.405961538461206,30,336.4
4,B,PREDATOR,186,-12.159999999999998,216,64.68600000000013,337,15,90.72178041543023,62.466833333333184,76,336.4
4,B,PREDATOR,187,-12.229999999999997,223,64.68600000000013,337,12,89.2922848664688,62.183541666666486,216,336.4
4,B,PREDATOR,188,35.50833333333351,217,64.68600000000013,337,12,66.766765578635,48.13833333333334,27,336.4
4,B,PREDATOR,189,-12.169999999999998,217,64.68600000000013,337,10,70.74979228486643,66.07624999999936,18,336.4
4,B,PREDATOR,190,4409.004999999981,500,64.68600000000013,337,6,59.206112759644,39.93874999999975,237,336.4
4,B,PREDATOR,191,59.95916666666506,419,64.68600000000013,337,9,71.78516320474765,33.86833333333288,22,336.4
4,B,PREDATOR,192,12.00583333333295,228,64.68600000000013,337,10,66.80979228486648,57.976249999999844,175,336.4
4,B,PREDATOR,193,10.385833333332796,326,64.68600000000013,337,7,60.87083086053402,26.29999999999978,10,336.4
4,B,PREDATOR,194,37.01416666666684,292,64.68600000000013,29,21,97.93103448275859,73.95249999999942,409,336.4
4,B,PREDATOR,195,9.961666666666167,294,64.68600000000013,337,50,55.24836795252233,57.67475000000001,632,336.4
4,B,PREDATOR,196,11.365833333332963,326,64.68600000000013,6,10,95.62999999999984,49.164249999999285,24,336.4
4,B,PREDATOR,197,-12.339999999999995,234,64.68600000000013,337,10,87.90534124629072,57.483999999999675,16,336.4
4,B,PREDATOR,198,823.2300000000022,500,64.68600000000013,337,10,66.41700296735893,39.25549999999954,83,336.4
4,B,PREDATOR,199,11.684999999999482,327,64.68600000000013,337,10,61.02492581602367,52.14124999999926,17,336.4
4,B,PREDATOR,200,102.30749999999918,303,64.68600000000013,337,74,55.157537091988225,28.975202702702845,530,336.4
4,B,PREDATOR,201,12.184166666666206,289,64.68600000000013,337,23,56.855994065281955,51.0791304347825,347,336.4
4,B,PREDATOR,202,3234.367499999989,500,64.68600000000013,337,7,67.21270029673602,39.978571428570845,522,336.4
4,B,PREDATOR,203,797.5299999999999,500,64.68600000000013,337,7,65.44284866468834,38.5571428571424,49,336.4
4,B,PREDATOR,204,2967.104999999985,500,64.68600000000013,337,5,65.37813056379818,57.723499999999184,178,336.4
4,B,PREDATOR,205,660.7541666666699,500,64.68600000000013,308,68,64.00243506493507,43.479338235293234,1100,336.4
4,B,PREDATOR,206,8.928333333332793,314,64.68600000000013,337,9,49.77430267062317,59.16388888888801,24,336.4
4,B,PREDATOR,207,12.016666666666227,275,64.68600000000013,337,12,60.572700296735945,35.47374999999978,22,336.4
4,B,PREDATOR,208,720.1308333333337,500,64.68600000000013,337,9,71.72801186943592,52.55166666666608,362,336.4
4,B,PREDATOR,209,-13.139999999999977,314,64.68600000000013,337,40,68.97608308605345,51.17112500000005,365,336.4
4,B,PREDATOR,210,-12.619999999999989,262,64.68600000000013,337,11,57.57121661721068,45.1752272727268,26,336.4
4,B,PREDATOR,211,33.85916666666678,282,64.68600000000013,337,11,57.82878338278926,30.283863636363392,23,336.4
4,B,PREDATOR,212,1348.6775000000032,500,64.68600000000013,3,127,95.31999999999982,49.28535433070825,2006,336.4
4,B,PREDATOR,213,2759.4241666666508,500,64.68600000000013,55,49,64.23454545454551,69.17785714285705,814,336.4
4,B,PREDATOR,214,98.33249999999833,500,64.68600000000013,337,19,61.83436201780424,24.151973684210535,439,336.4
4,B,PREDATOR,215,-12.759999999999986,276,64.68600000000013,337,13,59.20373887240359,39.91634615384585,32,336.4
4,B,PREDATOR,216,2782.7583333333296,500,64.68600000000013,337,8,63.61011869436213,49.92562499999897,159,336.4
4,B,PREDATOR,217,-11.270000000000001,127,64.68600000000013,178,10,75.52910112359547,74.73899999999963,17,336.4
4,B,PREDATOR,218,12.20499999999951,310,64.68600000000013,337,9,66.49943620178028,39.149166666666446,7,336.4
4,B,PREDATOR,219,125.43250000000164,484,64.68600000000013,0,77,0.0,63.35392857142787,1240,336.4
4,B,PREDATOR,220,244.7975000000001,500,64.68600000000013,337,4,88.84097922848666,93.1749999999999,471,336.4
4,B,PREDATOR,221,985.1708333333366,500,64.68600000000013,337,7,90.7474480712165,47.27964285714249,98,336.4
4,B,PREDATOR,222,159.43499999999904,500,64.68600000000013,337,28,65.66629080118692,15.999107142857136,345,336.4
4,B,PREDATOR,223,33.585000000000186,369,64.68600000000013,337,10,94.0402967359049,42.03624999999977,46,336.4
4,B,PREDATOR,224,3556.317499999984,500,64.68600000000013,337,87,65.64646884272986,17.811063218391052,977,336.4
4,B,PREDATOR,225,11.919999999999524,298,64.68600000000013,337,169,61.94617210682498,36.48744082840241,1321,336.4
4,B,PREDATOR,226,3777.239999999987,500,64.68600000000013,337,7,60.62394658753692,41.264285714285265,212,336.4
4,B,PREDATOR,227,3993.5741666666445,500,64.68600000000013,337,6,68.93501483679525,45.9762499999997,222,336.4
4,B,PREDATOR,228,4246.395833333311,500,64.68600000000013,337,7,83.55572700296719,33.97571428571387,175,336.4
4,B,PREDATOR,229,132.06833333333344,500,64.68600000000013,337,8,64.34370919881252,29.469687499999587,23,336.4
4,B,PREDATOR,230,32.10250000000008,392,64.68600000000013,337,22,88.54759643916897,26.0318181818183,545,336.4
4,B,PREDATOR,231,401.4725000000017,500,64.68600000000013,1,86,100.0,44.98206395348803,1429,336.4
4,B,PREDATOR,232,583.2033333333346,500,64.68600000000013,337,9,91.05338278931751,45.89999999999964,207,336.4
4,B,PREDATOR,233,575.2783333333349,500,64.68600000000013,337,30,53.02103857566769,23.015833333333266,370,336.4
4,B,PREDATOR,234,60.84083333333141,437,64.68600000000013,337,19,66.40151335311567,28.777894736842043,164,336.4
4,B,PREDATOR,235,350.68750000000205,468,64.68600000000013,2,112,81.4299999999993,58.83852678571388,1514,336.4
4,B,PREDATOR,236,37.10583333333373,252,64.68600000000013,337,12,57.78810089020777,39.145833333333194,16,336.4
4,B,PREDATOR,237,9.851666666666203,264,64.68600000000013,337,11,77.88359050445094,41.48863636363636,183,336.4
4,B,PREDATOR,238,-12.149999999999999,215,64.68600000000013,7,11,91.14142857142824,58.42681818181772,23,336.4
4,B,PREDATOR,239,1993.7766666666685,432,64.68600000000013,165,114,72.95624242424239,65.78697368421045,1810,336.4
4,B,PREDATOR,240,3429.518333333302,500,64.68600000000013,337,8,60.664005934718176,44.019999999999385,158,336.4
4,B,PREDATOR,241,59.36249999999823,376,64.68600000000013,337,9,79.53519287833818,42.58499999999976,191,336.4
4,B,PREDATOR,242,12.719166666666249,265,64.68600000000013,337,39,84.13329376854598,71.7946153846154,717,336.4
4,B,PREDATOR,243,-12.359999999999994,236,64.68600000000013,337,12,65.39560830860536,53.69729166666634,34,336.4
4,B,PREDATOR,244,-12.809999999999985,281,64.68600000000013,337,11,65.4177151335311,54.23454545454497,76,336.4
4,B,PREDATOR,245,383.1575000000015,364,64.68600000000013,4,128,95.82999999999984,61.006621093749985,1568,336.4
4,B,PREDATOR,246,-11.290000000000001,129,64.68600000000013,13,11,92.8561538461536,70.77431818181789,21,336.4
4,B,PREDATOR,247,4192.954999999973,500,64.68600000000013,337,7,68.15139465875366,47.265714285713806,265,336.4
4,B,PREDATOR,248,86.22916666666504,324,64.68600000000013,337,8,59.639554896142286,45.94343749999944,27,336.4
4,B,PREDATOR,249,12.543333333333008,198,64.68600000000013,337,12,72.99359050445098,50.393333333333096,16,336.4
4,B,PREDATOR,250,214.61083333333474,356,64.68600000000013,337,169,83.43997032640952,57.32615384615356,1943,336.4
4,B,PREDATOR,251,11.385833333332775,350,64.68600000000013,337,39,58.586498516320525,41.32224358974355,241,336.4
4,B,PREDATOR,252,-12.209999999999997,221,64.68600000000013,337,11,66.96130563798222,58.532499999999395,20,336.4
4,B,PREDATOR,253,4440.573333333319,500,64.68600000000013,337,8,68.28629080118695,34.871874999999534,219,336.4
4,B,PREDATOR,254,1320.6158333333342,500,64.68600000000013,337,12,86.25540059347162,48.13499999999962,170,336.4
4,B,PREDATOR,255,31.37500000000025,352,64.68600000000013,337,10,53.78830860534118,36.10549999999943,24,336.4
4,B,PREDATOR,256,1564.133333333335,500,64.68600000000013,337,8,70.26071216617203,29.24499999999972,91,336.4
4,B,PREDATOR,257,2857.4108333333074,500,64.68600000000013,337,14,57.53264094955495,39.44249999999982,244,336.4
4,B,PREDATOR,258,1945.7625000000005,500,64.68600000000013,337,162,57.97646884273002,44.48854938271611,1426,336.4
4,B,PREDATOR,259,1418.982500000001,500,64.68600000000013,337,14,69.13881305637977,46.99232142857125,320,336.4
4,B,PREDATOR,260,5912.71749999997,500,64.68600000000013,337,12,74.37270029673597,32.458124999999676,550,336.4
4,B,PREDATOR,261,11.618333333332883,277,64.68600000000013,337,11,66.32109792284864,37.09977272727263,106,336.4
4,B,PREDATOR,262,83.49333333333179,312,64.68600000000013,337,10,73.08813056379806,40.83924999999971,120,336.4
4,B,PREDATOR,263,34.640833333333674,309,64.68600000000013,337,77,54.210118694362066,17.363928571428694,499,336.4
4,B,PREDATOR,264,-11.41,141,64.68600000000013,337,14,96.03127596439165,49.420892857142796,82,336.4
4,B,PREDATOR,265,11.358333333332821,322,64.68600000000013,337,8,60.17673590504436,43.93749999999947,12,336.4
4,B,PREDATOR,266,1992.4258333333344,500,64.68600000000013,1,101,96.87999999999988,57.314529702970205,1148,336.4
4,B,PREDATOR,267,9.949999999999458,325,64.68600000000013,337,11,57.668189910979144,38.472272727272376,135,336.4
4,B,PREDATOR,268,5.063333333332999,320,64.68600000000013,337,11,65.68997032640938,37.39545454545408,18,336.4
4,B,PREDATOR,269,5060.770833333308,500,64.68600000000013,337,6,63.916765578634944,33.35499999999953,254,336.4
4,B,PREDATOR,270,10.609166666666185,287,64.68600000000013,337,11,87.93863501483673,49.694545454545135,84,336.4
4,B,PREDATOR,271,921.9291666666695,500,64.68600000000013,103,66,59.2362135922331,46.635113636363556,1011,336.4
4,B,PREDATOR,272,10.177499999999485,309,64.68600000000013,337,11,78.49753709198818,55.630454545454434,419,336.4
4,B,PREDATOR,273,254.8225000000018,312,64.68600000000013,337,14,54.22910979228481,42.934642857142656,129,336.4
4,B,PREDATOR,274,-12.239999999999997,224,64.68600000000013,337,11,75.7071810089019,53.76749999999952,11,336.4
4,B,PREDATOR,275,61.17166666666507,318,64.68600000000013,309,60,57.04055016181236,56.353624999999994,570,336.4
4,B,PREDATOR,276,8.542499999999512,273,64.68600000000013,337,12,63.21896142433238,45.701041666666164,22,336.4
4,B,PREDATOR,277,58.4283333333317,391,64.68600000000013,337,8,72.05789317507406,33.846562499999635,17,336.4
4,B,PREDATOR,278,13.610833333333028,195,64.68600000000013,337,11,65.22403560830864,59.43727272727221,13,336.4
4,B,PREDATOR,279,5470.11749999998,500,64.68600000000013,337,8,66.41958456973299,37.56593749999938,281,336.4
4,B,PREDATOR,280,-12.159999999999998,216,64.68600000000013,337,11,64.0466172106825,52.23727272727245,21,336.4
4,B,PREDATOR,281,37.27916666666708,368,64.68600000000013,337,10,80.13857566765513,25.70749999999984,15,336.4
4,B,PREDATOR,282,33.82833333333368,340,64.68600000000013,337,8,66.6290207715132,47.54499999999942,21,336.4
4,B,PREDATOR,283,58.70249999999823,372,64.68600000000013,337,8,57.746409495548825,38.16249999999945,17,336.4
4,B,PREDATOR,284,34.33250000000048,415,64.68600000000013,337,8,67.56249258160226,29.136874999999538,21,336.4
4,B,PREDATOR,285,-12.339999999999995,234,64.68600000000013,7,32,88.49714285714242,73.0099218749998,324,336.4
4,B,PREDATOR,286,11.695833333332848,303,64.68600000000013,4,10,89.61249999999961,65.38199999999894,26,336.4
4,B,PREDATOR,287,6737.133333333312,500,64.68600000000013,337,10,66.0556676557863,45.84899999999965,648,336.4
4,B,PREDATOR,288,3727.649999999991,500,64.68600000000013,337,124,62.12053412462911,20.447318548387305,1175,336.4
4,B,PREDATOR,289,31.68083333333351,404,64.68600000000013,337,9,68.93697329376838,53.50916666666604,53,336.4
4,B,PREDATOR,290,12.469999999999532,297,64.68600000000013,337,9,69.34836795252214,45.85305555555547,81,336.4
4,B,PREDATOR,291,29.06083333333372,420,64.68600000000013,337,9,61.469643916913874,42.32222222222181,132,336.4
4,B,PREDATOR,292,11.689166666666173,309,64.68600000000013,337,31,48.564510385756776,58.68637096774181,290,336.4
4,B,PREDATOR,293,3552.1099999999906,500,64.68600000000013,337,26,54.09572700296743,26.389903846153707,436,336.4
4,B,PREDATOR,294,11.15333333333273,380,64.68600000000013,337,10,78.12145400593457,45.649999999999686,57,336.4
4,B,PREDATOR,295,4300.86499999999,500,64.68600000000013,337,9,73.69848664688429,47.9952777777777,476,336.4
4,B,PREDATOR,296,34.61916666666731,410,64.68600000000013,337,8,65.28258160237368,33.64156249999947,17,336.4
4,B,PREDATOR,297,1164.0333333333344,500,64.68600000000013,0,85,0.0,48.33752941176453,1023,336.4
4,B,PREDATOR,298,34.82416666666752,483,64.68600000000013,337,3,67.76617210682475,25.319999999999624,19,336.4
4,B,PREDATOR,299,-14.339999999999952,434,64.68600000000013,337,5,70.1624332344212,39.485999999999045,20,336.4
4,B,PREDATOR,300,10.93333333333282,316,64.68600000000013,337,11,61.66139465875354,43.06204545454484,24,336.4
4,B,PREDATOR,301,58.54416666666524,310,64.68600000000013,337,10,63.04385756676555,61.712749999999076,22,336.4
4,B,PREDATOR,302,61.568333333332156,257,64.68600000000013,337,12,55.59934718100889,31.832083333333244,21,336.4
4,B,PREDATOR,303,36.80500000000032,345,64.68600000000013,337,8,60.980029673590366,38.390312499999574,41,336.4
4,B,PREDATOR,304,11.470833333332793,339,64.68600000000013,337,10,60.208071216617064,34.77424999999953,17,336.4
4,B,PREDATOR,305,10.67249999999954,276,64.68600000000013,337,10,85.92949554896143,53.176499999999734,374,336.4
4,B,PREDATOR,306,11.429166666666157,319,64.68600000000013,337,7,52.8921958456973,59.848214285713546,26,336.4
4,B,PREDATOR,307,8.405833333332906,227,64.68600000000013,81,67,54.42555555555555,75.71171641791037,640,336.4
4,B,PREDATOR,308,35.81250000000053,349,64.68600000000013,337,10,58.3843916913946,37.68724999999956,17,336.4
4,B,PREDATOR,309,11.156666666666057,385,64.68600000000013,337,13,69.9484569732935,28.599615384615255,102,336.4
4,B,PREDATOR,310,2847.045833333331,500,64.68600000000013,337,4,69.98139465875371,41.22187499999961,171,336.4
4,B,PREDATOR,311,10.538333333332679,412,64.68600000000013,337,7,72.60038575667637,40.58642857142786,15,336.4
4,B,PREDATOR,312,6204.214999999977,500,64.68600000000013,337,7,62.06198813056387,40.13714285714226,308,336.4
4,B,PREDATOR,313,80.72999999999753,466,64.68600000000013,337,5,74.18632047477726,37.06249999999933,19,336.4
4,B,PREDATOR,314,6184.451666666642,500,64.68600000000013,337,8,61.540296735905095,38.55468749999946,304,336.4
4,B,PREDATOR,315,8.109166666666107,319,64.68600000000013,337,14,62.63311572700299,44.767678571428064,45,336.4
4,B,PREDATOR,316,10.745833333332774,341,64.68600000000013,337,10,69.06204747774433,42.24324999999954,90,336.4
4,B,PREDATOR,317,3836.724999999984,500,64.68600000000013,337,11,60.88430267062315,36.97113636363566,233,336.4
4,B,PREDATOR,318,4286.285833333319,500,64.68600000000013,337,9,60.66839762611287,36.06611111111083,444,336.4
4,B,PREDATOR,319,-12.759999999999986,276,64.68600000000013,337,11,71.17816023738851,52.26045454545426,114,336.4
4,B,PREDATOR,320,-12.399999999999993,240,64.68600000000013,337,11,64.2504747774481,60.33704545454498,57,336.4
4,B,PREDATOR,321,7757.278333333307,500,64.68600000000013,337,4,71.51685459940653,80.5237499999995,444,336.4
4,B,PREDATOR,322,57.71916666666457,403,64.68600000000013,337,7,63.93451038575656,49.72499999999907,22,336.4
4,B,PREDATOR,323,134.4025000000014,375,64.68600000000013,337,7,81.18041543026663,36.178928571428266,18,336.4
4,B,PREDATOR,324,32.64916666666692,333,64.68600000000013,337,11,53.08471810089012,38.50636363636316,20,336.4
4,B,PREDATOR,325,-12.199999999999998,220,64.68600000000013,337,11,68.46454005934717,45.03999999999982,11,336.4
4,B,PREDATOR,326,178.88083333333515,382,64.68600000000013,337,83,60.560771513353124,27.359819277108627,504,336.4
4,B,PREDATOR,327,12.427499999999506,316,64.68600000000013,7,116,87.90571428571381,67.77336206896537,1401,336.4
4,B,PREDATOR,328,35.82000000000045,406,64.68600000000013,337,8,73.1833827893173,46.29968749999942,226,336.4
4,B,PREDATOR,329,11.470833333332768,355,64.68600000000013,337,11,94.16133531157271,47.27704545454494,319,336.4
4,B,PREDATOR,330,32.60000000000014,286,64.68600000000013,337,10,61.33824925816025,39.51174999999965,18,336.4
4,B,PREDATOR,331,-12.929999999999982,293,64.68600000000013,337,10,56.49264094955482,57.67199999999947,21,336.4
4,B,PREDATOR,332,34.52500000000052,360,64.68600000000013,337,9,65.25786350148353,49.022222222221565,53,336.4
4,B,PREDATOR,333,194.91333333333534,366,64.68600000000013,337,11,68.21902077151324,33.614772727272424,105,336.4
4,B,PREDATOR,334,31.664166666667114,432,64.68600000000013,337,8,70.55670623145389,48.662499999999284,33,336.4
4,B,PREDATOR,335,11.280833333332803,331,64.68600000000013,337,10,91.53560830860528,47.203249999999514,66,336.4
4,B,PREDATOR,336,11.742499999999518,298,64.68600000000013,337,11,61.53548961424319,43.73363636363581,16,336.4
4,B,PREDATOR,337,34.88083333333384,361,64.68600000000013,337,5,59.877537091988074,40.94149999999966,44,336.4
4,B,PREDATOR,338,2782.0466666666625,500,64.68600000000013,337,6,70.85498516320469,38.146666666666086,154,336.4
4,B,PREDATOR,339,13.076666666666318,220,64.68600000000013,1,102,89.07999999999959,62.2301960784313,1140,336.4
4,B,PREDATOR,340,-13.289999999999974,329,64.68600000000013,337,126,57.293738872403644,34.51984126984138,1037,336.4
4,B,PREDATOR,341,59.57833333333216,393,64.68600000000013,11,84,97.21090909090907,59.3241666666661,1050,336.4
4,B,PREDATOR,342,37.83083333333363,214,64.68600000000013,337,12,98.41563798219582,48.82041666666648,88,336.4
4,B,PREDATOR,343,60.35583333333182,402,64.68600000000013,337,8,68.34056379821949,29.437499999999822,16,336.4
4,B,PREDATOR,344,-12.169999999999998,217,64.68600000000013,337,26,72.836350148368,57.95596153846154,267,336.4
4,B,PREDATOR,345,34.62250000000033,333,64.68600000000013,337,10,53.272017804154295,41.52524999999959,26,336.4
4,B,PREDATOR,346,2931.1933333333163,500,64.68600000000013,337,7,66.33581602373887,58.53392857142823,157,336.4
4,B,PREDATOR,347,992.8525000000013,500,64.68600000000013,337,157,67.6287537091988,28.049299363057532,1111,336.4
4,B,PREDATOR,348,11.660833333332901,266,64.68600000000013,337,9,62.9955786350148,62.613333333332584,103,336.4
4,B,PREDATOR,349,88.94999999999754,500,64.68600000000013,337,11,65.90118694362002,23.06977272727231,553,336.4
4,B,PREDATOR,350,8.91333333333275,348,64.68600000000013,8,9,92.62374999999972,57.67083333333257,23,336.4
5,A,PREY,1,1425.3600000000024,278,9676.94799999993,337,21,97.45347181008896,30.926547619047792,52,120.5
5,A,PREY,2,145.79000000000002,17,9676.94799999993,26,10,95.99730769230754,89.84799999999997,5,120.5
5,A,PREY,3,146.69000000000005,27,9676.94799999993,41,11,86.51756097560963,79.92545454545451,8,120.5
5,A,PREY,4,2314.4199999999896,500,9676.94799999993,338,9,91.82423076923048,35.63555555555556,26,120.5
5,A,PREY,5,1539.4600000000037,412,9676.94799999993,337,10,90.84608308605316,53.738999999999976,26,120.5
5,A,PREY,6,108.09999999999997,37,9676.94799999993,59,10,90.62203389830499,90.87749999999994,9,120.5
5,A,PREY,7,102.75999999999999,21,9676.94799999993,25,10,95.10039999999981,91.21599999999997,6,120.5
5,A,PREY,8,2025.150000000003,334,9676.94799999993,337,53,88.87741839762607,53.802594339622665,226,120.5
5,A,PREY,9,1586.310000000002,229,9676.94799999993,337,40,87.18617210682486,46.83112500000012,151,120.5
5,A,PREY,10,929.1100000000015,165,9676.94799999993,337,13,76.80445103857565,48.179807692307655,14,120.5
5,A,PREY,11,303.8500000000003,57,9676.94799999993,33,13,90.80242424242405,72.00423076923072,19,120.5
5,A,PREY,12,2994.24999999997,500,9676.94799999993,338,6,93.62565088757373,24.989999999999995,15,120.5
5,A,PREY,13,707.7800000000013,154,9676.94799999993,337,13,98.25925816023734,50.004038461538485,15,120.5
5,A,PREY,14,512.7900000000006,107,9676.94799999993,228,13,70.07921052631578,58.00942307692315,16,120.5
5,A,PREY,15,103.80999999999999,16,9676.94799999993,28,12,94.6085714285713,70.40583333333333,5,120.5
5,A,PREY,16,3474.129999999955,500,9676.94799999993,1,85,100.0,31.535058823529635,649,120.5
5,A,PREY,17,247.1700000000003,76,9676.94799999993,307,12,85.8905537459283,70.3770833333332,14,120.5
5,A,PREY,18,395.8600000000006,103,9676.94799999993,337,11,83.08548961424331,70.7229545454544,14,120.5
5,A,PREY,19,3114.2199999999775,500,9676.94799999993,338,6,99.06565088757392,43.8874999999998,22,120.5
5,A,PREY,20,611.2400000000009,110,9676.94799999993,337,16,94.05074183976258,67.13874999999996,36,120.5
5,A,PREY,21,178.16999999999996,28,9676.94799999993,26,11,92.96884615384596,84.3115909090909,10,120.5
5,A,PREY,22,269.0900000000002,34,9676.94799999993,20,11,92.4129999999997,86.05272727272722,11,120.5
5,A,PREY,23,3794.0499999999683,500,9676.94799999993,338,5,90.15710059171565,21.517999999999937,13,120.5
5,A,PREY,24,865.2000000000008,108,9676.94799999993,337,12,80.78097922848661,79.43354166666653,22,120.5
5,A,PREY,25,1188.220000000001,98,9676.94799999993,337,13,74.05489614243324,62.039615384615324,16,120.5
5,A,PREY,26,3743.609999999962,495,9676.94799999993,337,60,72.2792878338278,61.17024999999999,298,120.5
5,A,PREY,27,4113.969999999959,500,9676.94799999993,338,9,98.1554437869822,26.033055555555627,19,120.5
5,A,PREY,28,24.170000000000066,32,9676.94799999993,48,11,88.69458333333323,83.28318181818176,9,120.5
5,A,PREY,29,1905.8500000000022,217,9676.94799999993,337,12,98.21780415430261,47.17270833333321,10,120.5
5,A,PREY,30,3354.1599999999717,500,9676.94799999993,338,7,83.626686390532,23.875714285714288,12,120.5
5,A,PREY,31,723.3700000000007,94,9676.94799999993,336,10,76.13011904761903,83.41274999999976,12,120.5
5,A,PREY,32,4471.879999999952,500,9676.94799999993,338,8,88.37588757396409,43.54812500000014,21,120.5
5,A,PREY,33,4033.9899999999634,500,9676.94799999993,338,8,90.10662721893455,41.161562499999995,25,120.5
5,A,PREY,34,1586.1700000000012,143,9676.94799999993,337,12,97.3998813056379,63.497083333333286,16,120.5
5,A,PREY,35,1787.3900000000017,166,9676.94799999993,337,26,86.29213649851627,68.86798076923074,89,120.5
5,A,PREY,36,4753.809999999947,500,9676.94799999993,338,6,97.41316568047327,27.710000000000047,18,120.5
5,A,PREY,37,28.360000000000014,13,9676.94799999993,35,10,96.85885714285705,82.69599999999998,1,120.5
5,A,PREY,38,4273.929999999965,500,9676.94799999993,338,6,94.99639053254418,43.47333333333344,22,120.5
5,A,PREY,39,628.8000000000005,54,9676.94799999993,54,11,93.2342592592591,74.76249999999993,8,120.5
5,A,PREY,40,1198.180000000001,101,9676.94799999993,337,12,81.18732937685458,64.41916666666664,15,120.5
5,A,PREY,41,522.0100000000007,85,9676.94799999993,337,12,95.89943620178038,71.18395833333322,17,120.5
5,A,PREY,42,4633.839999999955,500,9676.94799999993,338,7,83.36890532544324,33.69607142857149,22,120.5
5,A,PREY,43,105.31999999999998,15,9676.94799999993,28,11,96.46928571428559,79.0481818181818,5,120.5
5,A,PREY,44,147.32000000000005,14,9676.94799999993,28,10,96.57571428571414,86.67399999999998,3,120.5
5,A,PREY,45,5713.56999999994,500,9676.94799999993,338,8,84.5731065088754,30.935000000000013,17,120.5
5,A,PREY,46,5233.689999999946,500,9676.94799999993,338,14,95.07606508875725,52.335535714285705,56,120.5
5,A,PREY,47,2913.9699999999893,329,9676.94799999993,337,41,93.32115727002964,60.042865853658526,179,120.5
5,A,PREY,48,1414.7700000000013,136,9676.94799999993,337,13,95.61118694362014,71.13615384615379,28,120.5
5,A,PREY,49,507.25000000000045,62,9676.94799999993,91,11,86.61065934065927,77.04659090909078,11,120.5
5,A,PREY,50,6793.299999999925,500,9676.94799999993,338,10,86.10529585798787,19.942000000000057,13,120.5
5,A,PREY,51,5913.519999999944,500,9676.94799999993,338,9,86.23464497041381,29.521111111111175,30,120.5
5,A,PREY,52,297.1800000000002,74,9676.94799999993,216,10,86.27615740740735,81.17049999999979,8,120.5
5,A,PREY,53,1096.6900000000012,153,9676.94799999993,100,14,84.93339999999995,53.49160714285705,29,120.5
5,A,PREY,54,337.6500000000002,26,9676.94799999993,44,10,90.56613636363626,92.45674999999994,7,120.5
5,A,PREY,55,992.750000000001,99,9676.94799999993,337,10,82.22922848664686,77.89324999999977,8,120.5
5,A,PREY,56,106.29999999999998,17,9676.94799999993,31,12,92.76806451612889,70.88020833333331,5,120.5
5,A,PREY,57,28.85000000000003,14,9676.94799999993,30,10,96.34233333333323,86.20599999999999,3,120.5
5,A,PREY,58,1769.6600000000014,139,9676.94799999993,239,26,76.05297071129705,54.3848076923077,77,120.5
5,A,PREY,59,3465.5099999999907,262,9676.94799999993,1,100,86.9199999999995,69.05372500000004,788,120.5
5,A,PREY,60,3585.6699999999873,293,9676.94799999993,337,11,63.67664688427286,50.46636363636346,26,120.5
5,A,PREY,61,3624.189999999977,290,9676.94799999993,337,71,87.08175074183976,55.650457746478956,308,120.5
5,A,PREY,62,2625.979999999992,186,9676.94799999993,337,32,92.21154302670615,69.47703124999992,131,120.5
5,A,PREY,63,294.49,43,9676.94799999993,31,12,92.83290322580622,67.44812499999993,7,120.5
5,A,PREY,64,6295.919999999931,500,9676.94799999993,338,14,96.12988165680463,50.4466071428572,57,120.5
5,A,PREY,65,667.7700000000004,56,9676.94799999993,43,11,87.8102325581394,80.43477272727264,12,120.5
5,A,PREY,66,5264.299999999951,388,9676.94799999993,273,97,75.19369963369962,66.50878865979381,492,120.5
5,A,PREY,67,303.06000000000023,36,9676.94799999993,21,11,91.35571428571396,82.02545454545451,10,120.5
5,A,PREY,68,1187.8300000000008,87,9676.94799999993,337,12,79.45881305637981,73.04020833333318,16,120.5
5,A,PREY,69,3545.05999999999,255,9676.94799999993,337,76,68.39210682492585,53.97263157894745,366,120.5
5,A,PREY,70,907.0700000000006,70,9676.94799999993,82,10,87.27439024390235,87.02224999999979,10,120.5
5,A,PREY,71,416.3500000000004,54,9676.94799999993,74,11,85.78162162162151,78.03636363636355,10,120.5
5,A,PREY,72,108.33,14,9676.94799999993,31,11,96.70935483870956,75.72636363636362,3,120.5
5,A,PREY,73,707.1900000000006,63,9676.94799999993,131,14,77.74946564885492,65.01464285714283,19,120.5
5,A,PREY,74,654.0500000000008,78,9676.94799999993,146,10,76.7871232876712,82.45574999999981,10,120.5
5,A,PREY,75,1067.7800000000007,95,9676.94799999993,337,12,84.06899109792283,64.54145833333321,12,120.5
5,A,PREY,76,1332.4000000000012,126,9676.94799999993,337,12,80.11703264094955,58.65812499999998,13,120.5
5,A,PREY,77,68.37000000000002,11,9676.94799999993,32,11,97.3849999999999,73.18363636363634,1,120.5
5,A,PREY,78,148.77999999999997,18,9676.94799999993,30,13,95.86299999999989,66.86865384615383,7,120.5
5,A,PREY,79,2387.3599999999974,154,9676.94799999993,337,14,75.94768545994069,47.44642857142857,18,120.5
5,A,PREY,80,529.1200000000007,74,9676.94799999993,315,11,81.56187301587298,78.26613636363629,12,120.5
5,A,PREY,81,2626.689999999996,165,9676.94799999993,337,12,71.42504451038577,61.090624999999875,20,120.5
5,A,PREY,82,743.6600000000007,65,9676.94799999993,152,13,85.98006578947364,58.656730769230734,10,120.5
5,A,PREY,83,940.1000000000007,66,9676.94799999993,219,12,80.37360730593603,64.52458333333331,10,120.5
5,A,PREY,84,147.32,14,9676.94799999993,35,10,96.62914285714275,82.61799999999997,1,120.5
5,A,PREY,85,65.83999999999999,14,9676.94799999993,27,11,96.63888888888876,77.70159090909091,4,120.5
5,A,PREY,86,944.0900000000006,67,9676.94799999993,179,10,80.91603351955303,88.32574999999986,11,120.5
5,A,PREY,87,9192.699999999906,500,9676.94799999993,338,10,87.57029585798776,31.726500000000023,27,120.5
5,A,PREY,88,8872.779999999904,500,9676.94799999993,338,13,95.88713017751468,56.83538461538436,46,120.5
5,A,PREY,89,8152.959999999919,500,9676.94799999993,338,7,83.48047337278075,34.88714285714287,23,120.5
5,A,PREY,90,68.83999999999997,14,9676.94799999993,29,11,93.34586206896539,75.20181818181817,3,120.5
5,A,PREY,91,508.76000000000016,61,9676.94799999993,119,11,89.86546218487388,73.94749999999995,10,120.5
5,A,PREY,92,9192.699999999903,500,9676.94799999993,338,9,98.68008875739639,24.703333333333504,23,120.5
5,A,PREY,93,1175.910000000001,129,9676.94799999993,104,50,86.07240384615382,77.11919999999999,334,120.5
5,A,PREY,94,1708.0100000000011,106,9676.94799999993,337,12,81.1207418397626,59.63374999999991,10,120.5
5,A,PREY,95,6139.639999999949,332,9676.94799999993,208,132,69.1652403846154,73.72857954545455,750,120.5
5,A,PREY,96,188.78000000000003,17,9676.94799999993,34,10,87.48882352941163,84.60999999999994,2,120.5
5,A,PREY,97,146.31000000000006,15,9676.94799999993,27,10,96.34777777777764,88.18599999999996,4,120.5
5,A,PREY,98,742.8800000000003,43,9676.94799999993,23,12,93.04826086956498,76.99645833333332,14,120.5
5,A,PREY,99,9592.599999999895,500,9676.94799999993,338,36,85.48899408283971,19.578680555555696,150,120.5
5,A,PREY,100,7633.08999999992,500,9676.94799999993,338,11,87.82384615384575,26.650000000000002,25,120.5
5,A,PREY,101,5744.679999999963,288,9676.94799999993,337,28,77.71106824925819,70.16133928571423,127,120.5
5,A,PREY,102,8672.829999999905,500,9676.94799999993,338,8,85.12523668639008,38.99687499999982,21,120.5
5,A,PREY,103,348.65000000000015,26,9676.94799999993,40,10,90.12399999999988,88.30849999999994,5,120.5
5,A,PREY,104,68.85,13,9676.94799999993,31,10,96.89516129032246,84.02799999999998,2,120.5
5,A,PREY,105,745.6500000000005,66,9676.94799999993,86,10,87.8170930232557,85.51599999999983,10,120.5
5,A,PREY,106,9792.549999999896,500,9676.94799999993,338,10,95.6901183431951,41.427249999999894,26,120.5
5,A,PREY,107,628.9200000000003,42,9676.94799999993,27,13,93.71999999999981,76.67173076923073,17,120.5
5,A,PREY,108,228.79000000000008,15,9676.94799999993,31,10,96.51580645161278,85.97799999999998,3,120.5
5,A,PREY,109,1427.3300000000008,81,9676.94799999993,143,12,80.29790209790208,82.0106249999998,21,120.5
5,A,PREY,110,494.56000000000023,31,9676.94799999993,58,11,94.64913793103439,79.74568181818177,7,120.5
5,A,PREY,111,9232.689999999899,500,9676.94799999993,338,6,89.67414201183395,61.041666666666636,29,120.5
5,A,PREY,112,1068.6200000000006,61,9676.94799999993,167,13,81.54820359281435,57.952500000000036,9,120.5
5,A,PREY,113,389.1700000000002,23,9676.94799999993,40,10,96.39699999999989,91.28749999999995,6,120.5
5,A,PREY,114,349.23000000000013,18,9676.94799999993,29,11,95.31551724137918,79.64727272727269,6,120.5
5,A,PREY,115,4186.429999999991,202,9676.94799999993,337,43,86.56910979228485,67.86139534883719,184,120.5
5,A,PREY,116,859.5500000000006,73,9676.94799999993,203,11,81.83418719211818,76.32363636363628,14,120.5
5,A,PREY,117,299.09000000000026,33,9676.94799999993,27,11,93.70185185185163,80.28272727272723,8,120.5
5,A,PREY,118,229.28000000000003,16,9676.94799999993,28,10,96.11035714285701,87.40599999999998,4,120.5
5,A,PREY,119,108.26999999999994,20,9676.94799999993,28,12,92.47035714285701,74.85916666666667,8,120.5
5,A,PREY,120,183.74000000000007,21,9676.94799999993,35,10,92.53971428571417,86.49999999999997,4,120.5
5,A,PREY,121,668.2200000000004,61,9676.94799999993,262,10,85.16587786259538,85.32424999999989,9,120.5
5,A,PREY,122,4066.4899999999893,199,9676.94799999993,337,11,73.4148367952523,53.11386363636347,11,120.5
5,A,PREY,123,3546.739999999993,187,9676.94799999993,337,31,75.83014836795246,61.074516129032226,106,120.5
5,A,PREY,124,304.7400000000001,18,9676.94799999993,28,10,95.43071428571413,91.11999999999999,6,120.5
5,A,PREY,125,10472.379999999892,500,9676.94799999993,338,7,90.2877218934908,28.252500000000065,15,120.5
5,A,PREY,126,6025.04999999996,294,9676.94799999993,337,111,87.4960534124629,62.91781531531533,547,120.5
5,A,PREY,127,147.38,8,9676.94799999993,32,11,97.55343749999994,74.68727272727271,1,120.5
5,A,PREY,128,4224.359999999986,208,9676.94799999993,337,12,79.73531157270027,51.092916666666525,19,120.5
5,A,PREY,129,3826.05999999999,198,9676.94799999993,337,13,86.82424332344209,53.347499999999954,24,120.5
5,A,PREY,130,3706.3699999999935,170,9676.94799999993,8,11,91.17249999999966,66.24454545454522,23,120.5
5,A,PREY,131,10912.269999999888,500,9676.94799999993,338,8,99.08766272189347,30.359062500000118,21,120.5
5,A,PREY,132,8912.769999999915,500,9676.94799999993,338,8,96.46831360946733,34.74968749999991,23,120.5
5,A,PREY,133,64.31999999999994,16,9676.94799999993,26,12,96.33538461538447,70.46395833333332,5,120.5
5,A,PREY,134,2427.8899999999994,100,9676.94799999993,337,11,89.79593471810087,75.3902272727271,14,120.5
5,A,PREY,135,10592.34999999989,500,9676.94799999993,338,10,96.20233727810637,58.04749999999983,28,120.5
5,A,PREY,136,11552.109999999884,500,9676.94799999993,338,7,89.74440828402332,21.218214285714527,13,120.5
5,A,PREY,137,10872.27999999989,500,9676.94799999993,338,9,94.93860946745542,29.54694444444464,46,120.5
5,A,PREY,138,261.2100000000002,22,9676.94799999993,24,11,94.55208333333314,84.66340909090906,8,120.5
5,A,PREY,139,2407.6899999999987,120,9676.94799999993,337,14,72.71329376854598,51.18714285714286,16,120.5
5,A,PREY,140,2986.4599999999978,129,9676.94799999993,337,11,85.52528189910979,66.12749999999981,12,120.5
5,A,PREY,141,1188.1200000000006,58,9676.94799999993,35,13,91.9831428571427,60.70903846153846,13,120.5
5,A,PREY,142,297.66,26,9676.94799999993,36,11,92.20888888888874,77.20909090909088,5,120.5
5,A,PREY,143,10432.389999999896,500,9676.94799999993,338,6,88.99050295857951,21.59208333333358,16,120.5
5,A,PREY,144,461.1800000000002,20,9676.94799999993,27,11,95.46333333333322,85.46613636363637,9,120.5
5,A,PREY,145,137.74000000000012,72,9676.94799999993,93,12,86.30182795698919,74.9406249999999,18,120.5
5,A,PREY,146,10552.359999999897,500,9676.94799999993,338,14,92.06213017751462,59.15892857142854,50,120.5
5,A,PREY,147,1507.670000000001,95,9676.94799999993,322,11,81.91307453416148,72.24840909090902,12,120.5
5,A,PREY,148,11152.20999999989,500,9676.94799999993,338,10,95.08343195266255,46.67725000000005,26,120.5
5,A,PREY,149,266.4700000000002,96,9676.94799999993,288,14,68.01371527777776,62.54767857142848,23,120.5
5,A,PREY,150,3706.819999999995,175,9676.94799999993,337,15,91.62756676557859,70.99916666666655,36,120.5
5,A,PREY,151,11512.119999999884,500,9676.94799999993,338,10,92.48304733727784,17.850749999999934,11,120.5
5,A,PREY,152,108.12999999999992,34,9676.94799999993,24,12,90.91374999999975,74.40499999999996,10,120.5
5,A,PREY,153,10912.269999999891,500,9676.94799999993,338,9,97.23130177514783,30.97555555555563,21,120.5
5,A,PREY,154,188.92000000000002,53,9676.94799999993,76,10,86.5573684210525,86.45249999999986,8,120.5
5,A,PREY,155,8742.569999999923,424,9676.94799999993,0,131,0.0,53.759064885496194,1073,120.5
5,A,PREY,156,185.24,21,9676.94799999993,26,11,95.82692307692295,83.34045454545453,9,120.5
5,A,PREY,157,772.4700000000008,83,9676.94799999993,337,14,91.79670623145397,56.81892857142852,16,120.5
5,A,PREY,158,509.0600000000002,31,9676.94799999993,65,11,94.38969230769223,80.54113636363634,9,120.5
5,A,PREY,159,1188.5900000000006,61,9676.94799999993,223,13,86.16686098654705,62.05749999999999,12,120.5
5,A,PREY,160,8862.669999999927,361,9676.94799999993,337,81,94.30376854599403,28.587901234568108,344,120.5
5,A,PREY,161,7904.459999999945,306,9676.94799999993,1,139,99.63999999999999,46.048758992805794,1186,120.5
5,A,PREY,162,667.5200000000003,31,9676.94799999993,40,12,95.76249999999986,70.54562499999999,8,120.5
5,A,PREY,163,2467.899999999999,98,9676.94799999993,337,12,85.50569732937684,67.73416666666661,15,120.5
5,A,PREY,164,10552.35999999989,500,9676.94799999993,338,7,85.25301775147882,47.78000000000013,26,120.5
5,A,PREY,165,28.45000000000001,4,9676.94799999993,31,11,98.88967741935484,75.04363636363634,1,120.5
5,A,PREY,166,9992.499999999904,500,9676.94799999993,338,10,97.60168639053245,48.630499999999884,27,120.5
5,A,PREY,167,974.0400000000008,71,9676.94799999993,244,11,86.74717213114751,71.64727272727262,8,120.5
5,A,PREY,168,3625.439999999995,165,9676.94799999993,337,17,92.99537091988118,76.9976470588234,56,120.5
5,A,PREY,169,1228.2700000000004,42,9676.94799999993,47,11,88.03595744680841,81.99659090909083,10,120.5
5,A,PREY,170,5945.539999999966,247,9676.94799999993,337,24,86.30548961424303,60.78729166666657,93,120.5
5,A,PREY,171,11952.009999999886,500,9676.94799999993,338,7,98.67387573964491,22.44357142857158,10,120.5
5,A,PREY,172,137.3099999999999,65,9676.94799999993,62,10,85.68467741935466,84.80299999999984,9,120.5
5,A,PREY,173,3306.4299999999894,174,9676.94799999993,335,56,64.00319402985082,67.30111607142857,254,120.5
5,A,PREY,174,2210.729999999991,171,9676.94799999993,337,11,95.35756676557855,66.92772727272713,16,120.5
5,A,PREY,175,463.59000000000054,79,9676.94799999993,337,10,80.06121661721065,84.47874999999978,10,120.5
5,A,PREY,176,542.8700000000003,49,9676.94799999993,75,11,89.34119999999989,79.59772727272718,10,120.5
5,A,PREY,177,12551.859999999877,500,9676.94799999993,338,43,88.65772189349106,62.7321511627907,205,120.5
5,A,PREY,178,7663.949999999944,313,9676.94799999993,337,11,86.91397626112713,62.94318181818156,25,120.5
5,A,PREY,179,2182.1999999999935,125,9676.94799999993,337,12,96.2635014836795,63.194999999999915,17,120.5
5,A,PREY,180,148.79000000000002,17,9676.94799999993,29,11,96.046896551724,78.6431818181818,5,120.5
5,A,PREY,181,307.7000000000001,22,9676.94799999993,21,12,93.61047619047605,85.20999999999997,14,120.5
5,A,PREY,182,65.69999999999999,28,9676.94799999993,36,11,89.38333333333321,80.39818181818178,7,120.5
5,A,PREY,183,3027.52,122,9676.94799999993,337,13,83.38655786350144,66.86115384615367,22,120.5
5,A,PREY,184,11712.069999999883,500,9676.94799999993,338,11,90.51233727810617,16.99340909090914,37,120.5
5,A,PREY,185,3707.089999999996,148,9676.94799999993,337,12,89.62893175074181,62.8879166666666,19,120.5
5,A,PREY,186,12991.74999999987,500,9676.94799999993,338,8,96.6389644970413,43.47375000000005,29,120.5
5,A,PREY,187,10392.399999999905,500,9676.94799999993,338,10,96.47032544378686,37.99825000000006,28,120.5
5,A,PREY,188,3225.779999999996,191,9676.94799999993,337,13,87.40510385756671,46.45076923076923,13,120.5
5,A,PREY,189,11825.039999999879,500,9676.94799999993,338,9,92.51535502958552,51.433333333333145,27,120.5
5,A,PREY,190,828.4400000000004,35,9676.94799999993,24,12,93.70708333333312,70.62416666666664,9,120.5
5,A,PREY,191,1866.180000000001,85,9676.94799999993,279,11,79.37215053763438,76.06499999999977,14,120.5
5,A,PREY,192,1543.9200000000008,69,9676.94799999993,173,12,84.72872832369937,73.69645833333324,16,120.5
5,A,PREY,193,12191.949999999877,500,9676.94799999993,338,29,96.74588757396438,48.83551724137941,140,120.5
5,A,PREY,194,862.5200000000008,76,9676.94799999993,142,11,81.93154929577459,81.25499999999982,12,120.5
5,A,PREY,195,12231.939999999877,500,9676.94799999993,338,8,90.3224260355026,20.06249999999993,12,120.5
5,A,PREY,196,12551.859999999879,500,9676.94799999993,143,124,77.90209790209789,63.387943548387156,945,120.5
5,A,PREY,197,267.22000000000014,21,9676.94799999993,25,10,94.04879999999986,96.526,9,120.5
5,A,PREY,198,11632.08999999988,500,9676.94799999993,338,8,92.73890532544365,44.942499999999896,22,120.5
5,A,PREY,199,1467.5200000000007,61,9676.94799999993,42,12,90.13999999999984,76.36604166666662,16,120.5
5,A,PREY,200,1068.7800000000004,45,9676.94799999993,19,11,89.82526315789434,82.35136363636359,12,120.5
5,A,PREY,201,2186.2599999999948,119,9676.94799999993,86,22,82.84430232558131,72.89590909090906,77,120.5
5,A,PREY,202,13831.539999999868,500,9676.94799999993,338,8,87.27204142011797,55.12843750000002,29,120.5
5,A,PREY,203,12911.76999999988,500,9676.94799999993,338,67,93.47940828402346,29.101567164179325,293,120.5
5,A,PREY,204,183.75000000000006,70,9676.94799999993,216,11,77.11449074074072,80.39909090909075,14,120.5
5,A,PREY,205,3947.1699999999987,134,9676.94799999993,337,11,77.46160237388723,68.95340909090898,16,120.5
5,A,PREY,206,11820.52999999989,451,9676.94799999993,165,115,80.49212121212118,80.37071739130437,812,120.5
5,A,PREY,207,2584.639999999995,121,9676.94799999993,275,12,65.95574545454545,57.50624999999997,13,120.5
5,A,PREY,208,582.9400000000004,41,9676.94799999993,64,11,90.99843749999988,84.4470454545454,12,120.5
5,A,PREY,209,2068.1900000000005,79,9676.94799999993,54,11,90.86351851851843,74.69659090909079,12,120.5
5,A,PREY,210,948.4000000000004,36,9676.94799999993,27,11,90.54851851851826,83.33909090909084,10,120.5
5,A,PREY,211,13431.63999999987,500,9676.94799999993,338,9,86.86213017751432,42.01666666666664,26,120.5
5,A,PREY,212,13911.519999999866,500,9676.94799999993,338,10,89.25991124260324,28.692499999999985,16,120.5
5,A,PREY,213,13671.579999999869,500,9676.94799999993,338,144,83.72059171597634,21.646736111111338,747,120.5
5,A,PREY,214,108.68999999999978,78,9676.94799999993,94,12,85.83127659574461,72.16854166666658,15,120.5
5,A,PREY,215,12311.919999999885,500,9676.94799999993,338,11,97.29707100591705,29.4934090909091,25,120.5
5,A,PREY,216,60.26999999999993,21,9676.94799999993,31,12,95.81096774193537,70.53166666666665,6,120.5
5,A,PREY,217,13391.649999999876,500,9676.94799999993,338,10,87.82946745562091,50.84599999999966,31,120.5
5,A,PREY,218,107.83999999999997,13,9676.94799999993,29,11,96.87896551724123,74.63340909090907,2,120.5
5,A,PREY,219,25.74000000000005,25,9676.94799999993,30,10,94.54733333333316,90.92749999999998,7,120.5
5,A,PREY,220,13468.629999999872,500,9676.94799999993,1,129,99.72999999999999,60.2543023255814,1036,120.5
5,A,PREY,221,345.1500000000002,26,9676.94799999993,31,12,90.29999999999984,72.62166666666666,8,120.5
5,A,PREY,222,1091.4600000000007,76,9676.94799999993,59,11,88.37135593220323,81.82249999999986,15,120.5
5,A,PREY,223,65.32000000000001,16,9676.94799999993,27,12,96.29407407407395,69.93458333333332,5,120.5
5,A,PREY,224,13591.599999999873,500,9676.94799999993,338,25,83.55402366863868,51.441699999999976,108,120.5
5,A,PREY,225,2987.72,103,9676.94799999993,98,13,75.07959183673464,55.79826923076931,13,120.5
5,A,PREY,226,6545.539999999965,232,9676.94799999993,337,13,76.70433234421358,53.17634615384604,26,120.5
5,A,PREY,227,3139.189999999991,152,9676.94799999993,270,13,73.12151851851851,68.16480769230748,29,120.5
5,A,PREY,228,14111.469999999868,500,9676.94799999993,338,15,94.15878698224834,46.16700000000006,60,120.5
5,A,PREY,229,4266.009999999991,192,9676.94799999993,337,11,89.97845697329358,65.02045454545429,17,120.5
5,A,PREY,230,9559.909999999896,469,9676.94799999993,155,145,61.781225806451616,64.69187931034489,883,120.5
5,A,PREY,231,1062.0200000000004,71,9676.94799999993,86,11,85.81616279069759,74.8365909090908,9,120.5
5,A,PREY,232,4453.949999999983,193,9676.94799999993,337,46,81.6114243323442,44.88755434782621,170,120.5
5,A,PREY,233,1102.0000000000007,72,9676.94799999993,82,12,80.79621951219502,70.51249999999993,15,120.5
5,A,PREY,234,13540.879999999872,473,9676.94799999993,337,6,91.16433234421334,36.99124999999996,19,120.5
5,A,PREY,235,2987.24,101,9676.94799999993,337,14,90.13934718100887,70.51857142857136,32,120.5
5,A,PREY,236,4266.419999999995,151,9676.94799999993,337,13,96.50842729970321,55.65499999999983,15,120.5
5,A,PREY,237,5335.349999999978,330,9676.94799999993,337,23,82.22379821958435,53.06315217391309,79,120.5
5,A,PREY,238,101.25000000000001,22,9676.94799999993,32,11,95.76531249999988,84.02181818181818,9,120.5
5,A,PREY,239,348.6300000000001,28,9676.94799999993,22,13,93.90590909090888,66.43519230769233,9,120.5
5,A,PREY,240,1228.3900000000003,80,9676.94799999993,71,14,81.26492957746476,63.3366071428571,19,120.5
5,A,PREY,241,1096.9600000000007,76,9676.94799999993,205,10,82.29897560975604,85.7724999999998,10,120.5
5,A,PREY,242,3266.3899999999976,129,9676.94799999993,337,13,69.20709198813057,60.532307692307505,19,120.5
5,A,PREY,243,344.78000000000014,13,9676.94799999993,32,10,96.41531249999989,82.81599999999996,1,120.5
5,A,PREY,244,542.6500000000002,21,9676.94799999993,33,12,95.40757575757561,68.09874999999998,4,120.5
5,A,PREY,245,1467.6400000000006,49,9676.94799999993,22,11,89.97863636363599,78.27431818181809,9,120.5
5,A,PREY,246,2963.149999999998,110,9676.94799999993,337,11,74.19964391691393,72.90431818181801,13,120.5
5,A,PREY,247,12431.889999999874,500,9676.94799999993,338,5,94.08304733727802,28.617000000000097,16,120.5
5,A,PREY,248,14711.319999999861,500,9676.94799999993,338,8,82.90704142011779,18.70718750000006,21,120.5
5,A,PREY,249,8624.44999999994,289,9676.94799999993,337,16,98.50050445103852,49.12359375000001,44,120.5
5,A,PREY,250,14751.309999999861,500,9676.94799999993,338,9,90.23742603550261,24.396666666666754,14,120.5
5,A,PREY,251,10460.57999999991,430,9676.94799999993,337,30,86.94139465875358,60.28224999999999,110,120.5
5,A,PREY,252,2187.81,64,9676.94799999993,155,14,82.24232258064511,76.84053571428565,26,120.5
5,A,PREY,253,4250.729999999989,170,9676.94799999993,337,12,95.81872403560823,62.53083333333325,22,120.5
5,A,PREY,254,14671.32999999986,500,9676.94799999993,338,10,97.46325443786974,31.197499999999867,17,120.5
5,A,PREY,255,3618.769999999986,181,9676.94799999993,337,17,80.86863501483683,72.74455882352925,50,120.5
5,A,PREY,256,3841.529999999994,150,9676.94799999993,337,11,87.26958456973293,70.59636363636356,15,120.5
5,A,PREY,257,2999.6899999999996,105,9676.94799999993,144,21,84.46826388888884,69.7619047619047,68,120.5
5,A,PREY,258,3746.879999999999,118,9676.94799999993,197,13,77.07431472081214,57.9457692307692,15,120.5
5,A,PREY,259,3300.7499999999914,142,9676.94799999993,337,60,92.8548071216617,58.432708333333345,248,120.5
5,A,PREY,260,3170.7100000000005,99,9676.94799999993,208,11,76.22706730769228,66.1054545454544,9,120.5
5,A,PREY,261,307.7800000000001,14,9676.94799999993,34,10,94.98705882352931,82.13799999999998,1,120.5
5,A,PREY,262,4146.089999999996,187,9676.94799999993,337,30,96.8947774480712,78.0927499999999,132,120.5
5,A,PREY,263,388.78000000000014,12,9676.94799999993,29,11,97.24310344827578,75.37954545454544,2,120.5
5,A,PREY,264,4357.729999999992,167,9676.94799999993,337,11,78.51172106824929,65.95181818181801,13,120.5
5,A,PREY,265,705.6400000000002,18,9676.94799999993,34,10,93.41823529411754,90.75999999999998,6,120.5
5,A,PREY,266,1028.4600000000005,78,9676.94799999993,337,13,94.26442136498514,68.67365384615377,19,120.5
5,A,PREY,267,13940.679999999873,483,9676.94799999993,295,155,57.85871186440683,47.78780645161299,755,120.5
5,A,PREY,268,15511.119999999855,500,9676.94799999993,338,11,91.42292899408253,34.484772727272706,22,120.5
5,A,PREY,269,14791.299999999863,500,9676.94799999993,338,10,80.33215976331292,31.044250000000012,25,120.5
5,A,PREY,270,14591.34999999987,500,9676.94799999993,338,7,96.89642011834309,38.35571428571431,26,120.5
5,A,PREY,271,10680.079999999909,374,9676.94799999993,337,11,92.04094955489585,42.69113636363642,21,120.5
5,A,PREY,272,3797.489999999991,155,9676.94799999993,337,11,97.03620178041537,74.40772727272716,22,120.5
5,A,PREY,273,-24.289999999999996,29,9676.94799999993,22,11,93.25545454545427,84.1954545454545,9,120.5
5,A,PREY,274,2848.77,101,9676.94799999993,337,12,85.40091988130561,71.96208333333321,19,120.5
5,A,PREY,275,15311.169999999856,500,9676.94799999993,338,8,93.11186390532524,49.29249999999993,23,120.5
5,A,PREY,276,5746.159999999976,190,9676.94799999993,337,11,66.58534124629081,59.87954545454523,21,120.5
5,A,PREY,277,428.75000000000017,14,9676.94799999993,37,11,96.91486486486478,74.71181818181816,2,120.5
5,A,PREY,278,10103.209999999923,326,9676.94799999993,337,169,70.47872403560831,44.59069526627226,902,120.5
5,A,PREY,279,1106.8000000000004,42,9676.94799999993,33,11,89.59363636363612,76.55954545454541,7,120.5
5,A,PREY,280,1027.9800000000005,76,9676.94799999993,177,11,76.9937853107344,69.20477272727254,8,120.5
5,A,PREY,281,8747.919999999925,388,9676.94799999993,337,15,86.94186943620149,51.729000000000006,56,120.5
5,A,PREY,282,11382.699999999903,395,9676.94799999993,337,114,73.22026706231445,45.323859649122944,573,120.5
5,A,PREY,283,15671.079999999854,500,9676.94799999993,338,32,92.76298816568033,43.73023437500002,145,120.5
5,A,PREY,284,15631.089999999856,500,9676.94799999993,338,9,94.24541420118322,41.01277777777782,27,120.5
5,A,PREY,285,13867.029999999879,500,9676.94799999993,338,8,90.25636094674529,35.49562500000016,30,120.5
5,A,PREY,286,14191.449999999873,500,9676.94799999993,338,69,84.58686390532526,16.18978260869583,297,120.5
5,A,PREY,287,28.35000000000003,14,9676.94799999993,33,10,96.66151515151505,82.43799999999996,1,120.5
5,A,PREY,288,178.7500000000004,70,9676.94799999993,57,12,91.3899999999999,65.6935416666666,11,120.5
5,A,PREY,289,15551.109999999857,500,9676.94799999993,338,9,92.24588757396432,12.023055555555803,14,120.5
5,A,PREY,290,8184.749999999945,270,9676.94799999993,337,13,65.40813056379814,49.8846153846151,26,120.5
5,A,PREY,291,16190.949999999855,500,9676.94799999993,338,9,86.2066568047333,51.273333333333184,27,120.5
5,A,PREY,292,9743.719999999932,334,9676.94799999993,337,18,88.52454005934702,57.741805555555594,58,120.5
5,A,PREY,293,707.0100000000003,31,9676.94799999993,26,10,93.31692307692286,92.26374999999994,9,120.5
5,A,PREY,294,15151.20999999986,500,9676.94799999993,338,9,95.44195266272172,45.39333333333337,20,120.5
5,A,PREY,295,380.6800000000001,22,9676.94799999993,25,11,94.55799999999981,79.88909090909091,6,120.5
5,A,PREY,296,2467.0800000000004,80,9676.94799999993,299,11,82.00782608695648,69.44909090909083,10,120.5
5,A,PREY,297,15191.199999999859,500,9676.94799999993,338,128,72.8750295857988,47.5853710937501,636,120.5
5,A,PREY,298,24.820000000000036,17,9676.94799999993,25,11,92.39879999999987,82.47704545454543,7,120.5
5,A,PREY,299,15551.10999999986,500,9676.94799999993,338,8,96.60295857988153,36.3775,19,120.5
5,A,PREY,300,15311.16999999986,500,9676.94799999993,338,8,98.67887573964492,39.2915625,23,120.5
5,A,PREY,301,106.06999999999988,40,9676.94799999993,61,13,91.41868852459007,66.8934615384615,12,120.5
5,A,PREY,302,1148.8500000000004,36,9676.94799999993,34,11,94.84264705882337,82.2611363636363,9,120.5
5,A,PREY,303,68.73999999999995,24,9676.94799999993,30,11,95.21866666666652,78.74818181818179,6,120.5
5,A,PREY,304,389.16000000000014,24,9676.94799999993,23,12,94.82695652173894,72.04645833333336,8,120.5
5,A,PREY,305,7424.149999999955,249,9676.94799999993,337,15,97.28522255192875,51.76999999999999,31,120.5
5,A,PREY,306,3866.2499999999977,128,9676.94799999993,337,41,77.4578931750742,65.79536585365848,185,120.5
5,A,PREY,307,15990.999999999854,500,9676.94799999993,338,9,92.33183431952635,37.74000000000007,21,120.5
5,A,PREY,308,13805.329999999874,470,9676.94799999993,337,35,89.90643916913943,75.53157142857138,191,120.5
5,A,PREY,309,2187.750000000001,70,9676.94799999993,102,11,73.86509803921561,74.2690909090908,11,120.5
5,A,PREY,310,11709.479999999907,358,9676.94799999993,337,9,84.39011869436152,59.40499999999982,24,120.5
5,A,PREY,311,663.5800000000003,25,9676.94799999993,33,11,92.08636363636349,78.92181818181815,6,120.5
5,A,PREY,312,613.0100000000002,33,9676.94799999993,34,12,91.2979411764704,71.346875,8,120.5
5,A,PREY,313,548.2200000000001,14,9676.94799999993,34,10,96.78323529411756,82.37799999999996,1,120.5
5,A,PREY,314,2347.810000000001,110,9676.94799999993,77,13,82.09519480519475,67.29634615384603,21,120.5
5,A,PREY,315,1099.4900000000007,73,9676.94799999993,194,10,81.07520618556696,86.1567499999998,10,120.5
5,A,PREY,316,148.3000000000001,16,9676.94799999993,28,10,95.99285714285699,86.03199999999997,3,120.5
5,A,PREY,317,2987.0899999999992,116,9676.94799999993,157,12,77.05292993630569,62.09104166666651,14,120.5
5,A,PREY,318,16590.849999999853,500,9676.94799999993,338,24,92.89630177514783,65.76822916666671,118,120.5
5,A,PREY,319,7296.9699999999575,270,9676.94799999993,337,50,89.09379821958453,51.01600000000007,195,120.5
5,A,PREY,320,14828.789999999859,500,9676.94799999993,338,8,98.47443786982244,54.97531249999997,38,120.5
5,A,PREY,321,15271.17999999986,500,9676.94799999993,338,10,91.96739644970383,32.50999999999994,22,120.5
5,A,PREY,322,16550.85999999985,500,9676.94799999993,338,5,97.03227810650876,37.58600000000005,25,120.5
5,A,PREY,323,8783.749999999942,305,9676.94799999993,1,119,95.91999999999985,62.31394957983189,888,120.5
5,A,PREY,324,16590.84999999985,500,9676.94799999993,338,9,99.10393491124258,39.41583333333314,25,120.5
5,A,PREY,325,14631.33999999987,500,9676.94799999993,338,43,76.24547337278075,14.27005813953513,171,120.5
5,A,PREY,326,15871.02999999986,500,9676.94799999993,338,7,86.79437869822442,63.804642857142326,30,120.5
5,A,PREY,327,4265.969999999996,146,9676.94799999993,337,13,71.50151335311571,52.00519230769223,13,120.5
5,A,PREY,328,15740.199999999857,486,9676.94799999993,0,163,0.0,24.985736196319156,1733,120.5
5,A,PREY,329,11683.069999999876,500,9676.94799999993,338,9,98.6188461538461,47.70999999999996,35,120.5
5,A,PREY,330,4904.679999999988,159,9676.94799999993,337,11,77.59020771513353,76.0147727272725,20,120.5
5,A,PREY,331,5725.289999999978,177,9676.94799999993,337,12,90.16391691394652,64.75416666666656,22,120.5
5,A,PREY,332,703.6100000000002,21,9676.94799999993,24,10,94.93708333333318,95.39799999999997,8,120.5
5,A,PREY,333,185.81000000000006,14,9676.94799999993,30,11,95.2493333333332,73.96636363636361,2,120.5
5,A,PREY,334,855.9700000000004,31,9676.94799999993,52,10,95.11846153846145,91.62399999999995,8,120.5
5,A,PREY,335,15351.159999999865,500,9676.94799999993,1,107,100.0,64.46355140186913,1030,120.5
5,A,PREY,336,16750.80999999985,500,9676.94799999993,338,7,84.62278106508833,21.888928571428774,15,120.5
5,A,PREY,337,2627.9200000000005,92,9676.94799999993,21,11,89.31380952380914,69.87090909090904,11,120.5
5,A,PREY,338,5666.3299999999745,224,9676.94799999993,337,11,81.7386646884272,56.499545454545434,17,120.5
5,A,PREY,339,16950.759999999857,500,9676.94799999993,1,94,100.0,36.55010638297855,835,120.5
5,A,PREY,340,15751.059999999856,500,9676.94799999993,338,62,84.99035502958579,57.90810483870966,282,120.5
5,A,PREY,341,15271.179999999864,500,9676.94799999993,338,8,90.56461538461504,50.995000000000005,24,120.5
5,A,PREY,342,1131.8500000000004,36,9676.94799999993,43,11,83.81325581395335,84.52954545454544,11,120.5
5,A,PREY,343,15511.119999999863,500,9676.94799999993,338,11,83.56464497041362,34.26931818181806,31,120.5
5,A,PREY,344,3287.95,122,9676.94799999993,337,12,86.00498516320471,69.62874999999988,20,120.5
5,A,PREY,345,778.5400000000003,26,9676.94799999993,24,10,93.43749999999976,91.98399999999995,7,120.5
5,A,PREY,346,6784.089999999967,221,9676.94799999993,337,79,69.06816023738874,50.20246835443043,314,120.5
5,A,PREY,347,3399.1400000000003,100,9676.94799999993,337,10,80.62287833827892,77.98599999999975,8,120.5
5,A,PREY,348,5619.249999999978,183,9676.94799999993,337,13,59.72050445103866,50.57749999999999,21,120.5
5,A,PREY,349,2220.6200000000003,82,9676.94799999993,118,12,84.6733050847457,68.72458333333326,16,120.5
5,A,PREY,350,1108.3600000000004,36,9676.94799999993,48,12,85.53229166666655,67.78333333333332,7,120.5
5,B,PREDATOR,1,-12.209999999999997,221,28.32891666666641,5,11,100.0,56.40181818181807,25,324.7
5,B,PREDATOR,2,14.13999999999969,285,28.32891666666641,337,10,90.80305637982192,69.31399999999951,276,324.7
5,B,PREDATOR,3,-12.239999999999997,224,28.32891666666641,337,10,86.90364985163198,71.50399999999965,175,324.7
5,B,PREDATOR,4,-12.219999999999997,222,28.32891666666641,337,11,79.95664688427291,49.8690909090908,18,324.7
5,B,PREDATOR,5,-12.239999999999997,224,28.32891666666641,6,10,100.0,55.3059999999998,24,324.7
5,B,PREDATOR,6,-12.209999999999997,221,28.32891666666641,9,10,100.0,66.93999999999951,21,324.7
5,B,PREDATOR,7,12.566666666666466,285,28.32891666666641,8,10,99.96625,59.74999999999959,22,324.7
5,B,PREDATOR,8,-12.299999999999995,230,28.32891666666641,337,10,95.21370919881306,63.37799999999968,194,324.7
5,B,PREDATOR,9,12.876666666666269,270,28.32891666666641,334,10,69.62203592814372,63.29199999999963,25,324.7
5,B,PREDATOR,10,-12.169999999999998,217,28.32891666666641,337,24,95.78296735905043,56.70645833333325,603,324.7
5,B,PREDATOR,11,-12.239999999999997,224,28.32891666666641,6,11,100.0,57.37636363636334,24,324.7
5,B,PREDATOR,12,62.75333333333338,371,28.32891666666641,12,8,100.0,37.78499999999988,18,324.7
5,B,PREDATOR,13,344.73750000000274,500,28.32891666666641,0,144,0.0,51.10064236111114,2641,324.7
5,B,PREDATOR,14,12.379999999999837,285,28.32891666666641,6,10,100.0,53.935999999999545,24,324.7
5,B,PREDATOR,15,-12.259999999999996,226,28.32891666666641,8,11,100.0,60.319999999999666,22,324.7
5,B,PREDATOR,16,-12.179999999999998,218,28.32891666666641,38,10,81.02684210526316,60.691999999999666,21,324.7
5,B,PREDATOR,17,-12.269999999999996,227,28.32891666666641,10,11,100.0,50.58909090909069,20,324.7
5,B,PREDATOR,18,-12.199999999999998,220,28.32891666666641,9,10,100.0,64.49399999999953,21,324.7
5,B,PREDATOR,19,-12.159999999999998,216,28.32891666666641,12,11,100.0,54.15454545454515,18,324.7
5,B,PREDATOR,20,54.45499999999995,312,28.32891666666641,7,12,100.0,36.65999999999989,30,324.7
5,B,PREDATOR,21,14.019999999999667,297,28.32891666666641,337,12,95.95655786350146,60.44333333333328,307,324.7
5,B,PREDATOR,22,619.0216666666687,500,28.32891666666641,284,140,65.38919014084506,62.20101785714292,1724,324.7
5,B,PREDATOR,23,-12.309999999999995,231,28.32891666666641,13,11,100.0,49.39636363636344,17,324.7
5,B,PREDATOR,24,-12.159999999999998,216,28.32891666666641,5,11,100.0,50.467272727272594,27,324.7
5,B,PREDATOR,25,12.463333333332928,290,28.32891666666641,9,10,100.0,48.9999999999998,21,324.7
5,B,PREDATOR,26,12.563333333332912,296,28.32891666666641,8,11,100.0,37.261818181818086,22,324.7
5,B,PREDATOR,27,-11.31,131,28.32891666666641,337,12,79.95934718100892,61.76833333333325,57,324.7
5,B,PREDATOR,28,12.306666666666422,287,28.32891666666641,3,10,100.0,53.521999999999515,27,324.7
5,B,PREDATOR,29,37.61666666666718,311,28.32891666666641,1,10,100.0,46.683999999999706,29,324.7
5,B,PREDATOR,30,-12.209999999999997,221,28.32891666666641,6,10,100.0,60.97599999999945,24,324.7
5,B,PREDATOR,31,65.55999999999847,413,28.32891666666641,337,10,98.67528189910979,40.39399999999998,232,324.7
5,B,PREDATOR,32,-11.31,131,28.32891666666641,12,11,100.0,72.84545454545429,18,324.7
5,B,PREDATOR,33,-12.209999999999997,221,28.32891666666641,12,11,100.0,56.2272727272724,18,324.7
5,B,PREDATOR,34,12.646666666666226,293,28.32891666666641,5,10,100.0,55.5659999999995,25,324.7
5,B,PREDATOR,35,13.046666666666267,261,28.32891666666641,11,10,100.0,61.50199999999944,19,324.7
5,B,PREDATOR,36,-12.249999999999996,225,28.32891666666641,12,10,100.0,49.6959999999999,18,324.7
5,B,PREDATOR,37,37.40000000000028,346,28.32891666666641,6,10,100.0,50.44599999999966,28,324.7
5,B,PREDATOR,38,37.50333333333389,349,28.32891666666641,5,10,100.0,47.99924999999976,25,324.7
5,B,PREDATOR,39,12.743333333332926,278,28.32891666666641,7,10,100.0,58.773999999999454,23,324.7
5,B,PREDATOR,40,12.40333333333289,312,28.32891666666641,337,11,88.44735905044507,49.47090909090885,67,324.7
5,B,PREDATOR,41,-12.229999999999997,223,28.32891666666641,9,11,100.0,44.62181818181801,21,324.7
5,B,PREDATOR,42,739.375000000003,500,28.32891666666641,337,8,85.29074183976252,33.42000000000007,377,324.7
5,B,PREDATOR,43,12.156666666666462,302,28.32891666666641,6,11,100.0,40.38909090909087,24,324.7
5,B,PREDATOR,44,12.303333333333237,290,28.32891666666641,6,11,100.0,43.227272727272606,25,324.7
5,B,PREDATOR,45,12.136666666666388,320,28.32891666666641,4,11,100.0,48.36727272727256,26,324.7
5,B,PREDATOR,46,37.50000000000046,320,28.32891666666641,12,11,100.0,34.799999999999926,18,324.7
5,B,PREDATOR,47,61.96666666666561,391,28.32891666666641,4,10,100.0,40.27399999999976,26,324.7
5,B,PREDATOR,48,-12.159999999999998,216,28.32891666666641,6,10,100.0,60.39599999999972,43,324.7
5,B,PREDATOR,49,121.78999999999859,500,28.32891666666641,9,11,100.0,20.174545454545424,21,324.7
5,B,PREDATOR,50,38.57333333333385,330,28.32891666666641,261,147,65.21314176245212,61.99081632653067,1972,324.7
5,B,PREDATOR,51,-12.199999999999998,220,28.32891666666641,10,10,100.0,69.34999999999948,20,324.7
5,B,PREDATOR,52,12.733333333332927,279,28.32891666666641,6,11,100.0,45.843636363636406,24,324.7
5,B,PREDATOR,53,12.793333333332919,281,28.32891666666641,337,10,91.68145400593441,57.68199999999958,22,324.7
5,B,PREDATOR,54,13.866666666666417,195,28.32891666666641,10,19,99.973,61.23447368421026,158,324.7
5,B,PREDATOR,55,12.73333333333291,287,28.32891666666641,8,10,100.0,48.715999999999795,22,324.7
5,B,PREDATOR,56,-12.219999999999997,222,28.32891666666641,6,10,100.0,65.68399999999966,31,324.7
5,B,PREDATOR,57,-12.169999999999998,217,28.32891666666641,4,10,100.0,63.5799999999997,27,324.7
5,B,PREDATOR,58,1924.9675000000013,500,28.32891666666641,337,10,99.79643916913948,26.5099999999999,119,324.7
5,B,PREDATOR,59,37.28333333333377,355,28.32891666666641,5,10,100.0,42.8279999999999,26,324.7
5,B,PREDATOR,60,37.77666666666721,319,28.32891666666641,2,10,100.0,53.77399999999962,28,324.7
5,B,PREDATOR,61,12.999999999999597,263,28.32891666666641,11,11,100.0,42.9581818181817,19,324.7
5,B,PREDATOR,62,12.653333333332933,279,28.32891666666641,6,11,100.0,45.307272727272476,25,324.7
5,B,PREDATOR,63,37.5933333333337,348,28.32891666666641,1,10,100.0,53.535999999999625,34,324.7
5,B,PREDATOR,64,-12.239999999999997,224,28.32891666666641,81,11,87.84604938271605,55.12181818181769,24,324.7
5,B,PREDATOR,65,-12.199999999999998,220,28.32891666666641,8,10,100.0,65.58599999999936,24,324.7
5,B,PREDATOR,66,39.48666666666708,324,28.32891666666641,337,55,98.00112759643916,40.17645454545465,805,324.7
5,B,PREDATOR,67,12.933333333332959,283,28.32891666666641,337,10,72.79991097922851,63.66399999999968,234,324.7
5,B,PREDATOR,68,65.15666666666579,192,28.32891666666641,337,11,90.5485459940653,64.72727272727239,135,324.7
5,B,PREDATOR,69,121.17666666666476,500,28.32891666666641,3,11,100.0,20.665454545454526,27,324.7
5,B,PREDATOR,70,61.83999999999856,425,28.32891666666641,4,10,100.0,35.99599999999988,27,324.7
5,B,PREDATOR,71,12.313333333333025,305,28.32891666666641,12,11,100.0,38.8938636363634,18,324.7
5,B,PREDATOR,72,-12.289999999999996,229,28.32891666666641,16,11,100.0,47.321818181817974,14,324.7
5,B,PREDATOR,73,-12.169999999999998,217,28.32891666666641,7,11,100.0,57.86727272727234,23,324.7
5,B,PREDATOR,74,-12.309999999999995,231,28.32891666666641,6,10,100.0,58.10399999999976,24,324.7
5,B,PREDATOR,75,-12.209999999999997,221,28.32891666666641,337,11,93.05863501483678,65.8927272727271,160,324.7
5,B,PREDATOR,76,-11.31,131,28.32891666666641,7,11,100.0,73.45818181818154,28,324.7
5,B,PREDATOR,77,37.42333333333384,325,28.32891666666641,90,10,83.54244444444443,42.20999999999983,20,324.7
5,B,PREDATOR,78,831.6925000000033,500,28.32891666666641,4,83,100.0,23.455903614457824,922,324.7
5,B,PREDATOR,79,-12.209999999999997,221,28.32891666666641,12,11,100.0,48.60727272727256,20,324.7
5,B,PREDATOR,80,-12.299999999999995,230,28.32891666666641,2,11,100.0,55.09454545454511,28,324.7
5,B,PREDATOR,81,11.94333333333316,310,28.32891666666641,0,11,0.0,42.42363636363614,34,324.7
5,B,PREDATOR,82,67.51999999999931,345,28.32891666666641,337,11,96.89008902077141,33.01818181818168,19,324.7
5,B,PREDATOR,83,91.98666666666499,456,28.32891666666641,118,72,79.70906779661016,74.84413194444441,1466,324.7
5,B,PREDATOR,84,55.814999999998726,312,28.32891666666641,5,10,100.0,47.86599999999979,25,324.7
5,B,PREDATOR,85,5.364999999999686,271,28.32891666666641,4,11,100.0,49.19090909090897,26,324.7
5,B,PREDATOR,86,14.049999999999676,291,28.32891666666641,337,10,96.99821958456972,65.14799999999983,154,324.7
5,B,PREDATOR,87,12.183333333332962,310,28.32891666666641,337,10,92.449881305638,43.79999999999975,27,324.7
5,B,PREDATOR,88,37.330000000000304,353,28.32891666666641,48,10,89.69562499999999,41.41199999999985,23,324.7
5,B,PREDATOR,89,12.77666666666625,280,28.32891666666641,3,10,100.0,56.30524999999953,27,324.7
5,B,PREDATOR,90,-12.179999999999998,218,28.32891666666641,7,10,100.0,65.23399999999948,23,324.7
5,B,PREDATOR,91,12.273333333333083,293,28.32891666666641,6,10,100.0,50.62999999999958,24,324.7
5,B,PREDATOR,92,-12.189999999999998,219,28.32891666666641,6,11,100.0,65.55999999999962,29,324.7
5,B,PREDATOR,93,295.5766666666686,500,28.32891666666641,1,117,100.0,47.76848290598291,2017,324.7
5,B,PREDATOR,94,62.77333333333308,345,28.32891666666641,10,11,100.0,37.743636363636256,20,324.7
5,B,PREDATOR,95,-12.139999999999999,214,28.32891666666641,6,10,100.0,67.84399999999951,24,324.7
5,B,PREDATOR,96,12.20333333333309,300,28.32891666666641,6,10,100.0,44.86799999999984,24,324.7
5,B,PREDATOR,97,12.389999999999558,308,28.32891666666641,4,10,100.0,56.19599999999956,26,324.7
5,B,PREDATOR,98,12.339999999999565,305,28.32891666666641,4,10,100.0,50.79399999999972,26,324.7
5,B,PREDATOR,99,38.35000000000047,283,28.32891666666641,8,10,100.0,56.10199999999976,22,324.7
5,B,PREDATOR,100,-12.239999999999997,224,28.32891666666641,7,10,100.0,68.99399999999949,23,324.7
5,B,PREDATOR,101,12.606666666666259,281,28.32891666666641,4,10,100.0,53.82999999999961,26,324.7
5,B,PREDATOR,102,-12.239999999999997,224,28.32891666666641,4,10,100.0,69.93924999999962,27,324.7
5,B,PREDATOR,103,-12.209999999999997,221,28.32891666666641,6,10,100.0,60.80599999999963,24,324.7
5,B,PREDATOR,104,171.79666666666742,500,28.32891666666641,3,9,100.0,27.203611111111027,27,324.7
5,B,PREDATOR,105,12.339999999999643,289,28.32891666666641,3,11,100.0,45.950909090909,27,324.7
5,B,PREDATOR,106,37.38000000000039,340,28.32891666666641,4,11,100.0,35.214545454545394,26,324.7
5,B,PREDATOR,107,-12.259999999999996,226,28.32891666666641,9,10,100.0,63.35999999999963,21,324.7
5,B,PREDATOR,108,95.54666666666571,500,28.32891666666641,3,11,99.82,24.572727272727196,76,324.7
5,B,PREDATOR,109,5.4891666666663355,268,28.32891666666641,10,10,100.0,46.81999999999972,20,324.7
5,B,PREDATOR,110,12.239999999999762,307,28.32891666666641,1,10,100.0,53.67399999999966,29,324.7
5,B,PREDATOR,111,36.18333333333401,433,28.32891666666641,5,10,100.0,30.469999999999878,25,324.7
5,B,PREDATOR,112,61.936666666666135,410,28.32891666666641,4,9,100.0,36.15777777777756,28,324.7
5,B,PREDATOR,113,61.88333333333208,378,28.32891666666641,5,10,99.946,31.87999999999995,25,324.7
5,B,PREDATOR,114,12.30666666666619,319,28.32891666666641,6,10,100.0,38.133999999999936,24,324.7
5,B,PREDATOR,115,13.919999999999733,179,28.32891666666641,337,11,93.36011869436201,57.834545454545314,29,324.7
5,B,PREDATOR,116,-11.370000000000001,137,28.32891666666641,337,11,83.40240356083089,67.23272727272705,76,324.7
5,B,PREDATOR,117,-12.309999999999995,231,28.32891666666641,9,11,100.0,54.53272727272693,21,324.7
5,B,PREDATOR,118,13.4666666666664,195,28.32891666666641,6,11,100.0,58.76181818181787,24,324.7
5,B,PREDATOR,119,12.179999999999845,305,28.32891666666641,7,10,100.0,46.12999999999984,23,324.7
5,B,PREDATOR,120,37.41333333333363,334,28.32891666666641,6,10,100.0,43.213999999999835,24,324.7
5,B,PREDATOR,121,-12.269999999999996,227,28.32891666666641,6,11,100.0,55.12363636363625,31,324.7
5,B,PREDATOR,122,-12.379999999999994,238,28.32891666666641,7,10,100.0,59.48199999999959,23,324.7
5,B,PREDATOR,123,12.44333333333322,292,28.32891666666641,12,12,100.0,34.70999999999998,18,324.7
5,B,PREDATOR,124,12.099999999999492,345,28.32891666666641,2,10,100.0,51.26199999999949,28,324.7
5,B,PREDATOR,125,-11.350000000000001,135,28.32891666666641,12,11,100.0,69.77454545454515,18,324.7
5,B,PREDATOR,126,12.11333333333303,317,28.32891666666641,9,10,100.0,39.955999999999676,21,324.7
5,B,PREDATOR,127,12.569999999999597,290,28.32891666666641,1,11,100.0,44.565454545454315,29,324.7
5,B,PREDATOR,128,-12.219999999999997,222,28.32891666666641,337,11,87.02385756676559,62.71272727272705,217,324.7
5,B,PREDATOR,129,-12.239999999999997,224,28.32891666666641,337,11,98.74997032640947,56.54909090909063,70,324.7
5,B,PREDATOR,130,-12.309999999999995,231,28.32891666666641,337,11,97.79089020771514,66.04727272727256,126,324.7
5,B,PREDATOR,131,-12.279999999999996,228,28.32891666666641,10,11,99.973,53.614545454545244,20,324.7
5,B,PREDATOR,132,95.83999999999817,500,28.32891666666641,3,11,100.0,23.696363636363547,30,324.7
5,B,PREDATOR,133,61.836666666665245,404,28.32891666666641,1,10,100.0,41.51999999999979,29,324.7
5,B,PREDATOR,134,-12.239999999999997,224,28.32891666666641,6,10,100.0,62.59599999999962,26,324.7
5,B,PREDATOR,135,12.67666666666623,298,28.32891666666641,9,11,100.0,37.57454545454534,32,324.7
5,B,PREDATOR,136,146.85999999999984,500,28.32891666666641,4,11,100.0,19.372727272727104,26,324.7
5,B,PREDATOR,137,209.5225000000012,349,28.32891666666641,18,108,91.21555555555557,62.78039351851849,1157,324.7
5,B,PREDATOR,138,86.16999999999845,459,28.32891666666641,5,9,100.0,19.62222222222232,32,324.7
5,B,PREDATOR,139,36.596666666667204,421,28.32891666666641,6,10,100.0,42.62599999999969,24,324.7
5,B,PREDATOR,140,36.47000000000026,407,28.32891666666641,2,10,100.0,35.34599999999982,28,324.7
5,B,PREDATOR,141,12.369999999999601,302,28.32891666666641,6,11,100.0,50.312727272726804,24,324.7
5,B,PREDATOR,142,12.733333333332892,295,28.32891666666641,15,12,100.0,32.15166666666654,15,324.7
5,B,PREDATOR,143,12.456666666666289,280,28.32891666666641,7,11,100.0,37.30909090909077,30,324.7
5,B,PREDATOR,144,14.03999999999966,295,28.32891666666641,337,10,91.32756676557864,50.6099999999999,323,324.7
5,B,PREDATOR,145,12.70666666666625,287,28.32891666666641,8,11,100.0,50.077499999999695,22,324.7
5,B,PREDATOR,146,-12.199999999999998,220,28.32891666666641,6,10,100.0,64.37999999999968,24,324.7
5,B,PREDATOR,147,121.01666666666499,500,28.32891666666641,4,11,100.0,21.62181818181821,26,324.7
5,B,PREDATOR,148,36.62666666666668,394,28.32891666666641,7,8,100.0,42.774062499999786,23,324.7
5,B,PREDATOR,149,148.00666666666734,500,28.32891666666641,2,96,100.0,25.12135416666689,995,324.7
5,B,PREDATOR,150,96.34666666666543,500,28.32891666666641,5,8,100.0,28.20156249999993,25,324.7
5,B,PREDATOR,151,39.95000000000017,403,28.32891666666641,337,10,97.40700296735902,48.70599999999983,281,324.7
5,B,PREDATOR,152,-12.189999999999998,219,28.32891666666641,6,10,100.0,63.84799999999964,28,324.7
5,B,PREDATOR,153,-12.459999999999992,246,28.32891666666641,337,26,97.05967359050446,52.16028846153855,401,324.7
5,B,PREDATOR,154,-12.269999999999996,227,28.32891666666641,8,10,100.0,60.02399999999964,22,324.7
5,B,PREDATOR,155,96.13333333333222,500,28.32891666666641,4,11,100.0,25.943636363636337,26,324.7
5,B,PREDATOR,156,-12.209999999999997,221,28.32891666666641,8,11,100.0,50.91818181818171,22,324.7
5,B,PREDATOR,157,11.79666666666648,330,28.32891666666641,3,11,100.0,38.939999999999834,27,324.7
5,B,PREDATOR,158,-12.219999999999997,222,28.32891666666641,6,10,100.0,63.235999999999514,24,324.7
5,B,PREDATOR,159,162.7383333333343,500,28.32891666666641,220,111,66.02181818181819,57.82837837837842,2114,324.7
5,B,PREDATOR,160,86.1933333333317,470,28.32891666666641,3,10,100.0,23.809999999999967,27,324.7
5,B,PREDATOR,161,36.873333333333804,412,28.32891666666641,7,9,100.0,36.966666666666576,32,324.7
5,B,PREDATOR,162,38.359166666667164,286,28.32891666666641,337,10,99.56658753709199,53.43199999999989,132,324.7
5,B,PREDATOR,163,38.656666666667114,255,28.32891666666641,2,11,100.0,57.11636363636344,60,324.7
5,B,PREDATOR,164,37.4366666666671,329,28.32891666666641,2,10,100.0,49.46399999999953,28,324.7
5,B,PREDATOR,165,40.4500000000002,353,28.32891666666641,337,11,85.81317507418397,57.49818181818179,496,324.7
5,B,PREDATOR,166,61.34333333333203,432,28.32891666666641,2,10,100.0,32.93599999999977,29,324.7
5,B,PREDATOR,167,12.293333333332845,347,28.32891666666641,337,12,86.55089020771516,37.8833333333333,234,324.7
5,B,PREDATOR,168,12.186666666666282,315,28.32891666666641,337,11,77.98700296735906,47.1636363636361,54,324.7
5,B,PREDATOR,169,12.82333333333292,278,28.32891666666641,6,10,100.0,48.233999999999845,24,324.7
5,B,PREDATOR,170,-12.239999999999997,224,28.32891666666641,8,10,100.0,66.0859999999995,22,324.7
5,B,PREDATOR,171,2830.4599999999887,500,28.32891666666641,337,12,77.48501483679492,25.154999999999934,138,324.7
5,B,PREDATOR,172,1531.0558333333354,500,28.32891666666641,337,162,82.59228486646884,34.19083333333333,2288,324.7
5,B,PREDATOR,173,88.53916666666517,500,28.32891666666641,3,11,100.0,16.543636363636384,27,324.7
5,B,PREDATOR,174,12.259999999999684,297,28.32891666666641,4,11,100.0,41.101818181817954,47,324.7
5,B,PREDATOR,175,38.12666666666714,300,28.32891666666641,337,11,93.25830860534118,46.361818181817846,43,324.7
5,B,PREDATOR,176,-12.239999999999997,224,28.32891666666641,7,10,100.0,64.17199999999958,26,324.7
5,B,PREDATOR,177,1263.0841666666702,500,28.32891666666641,337,12,98.20474777448071,51.05604166666669,672,324.7
5,B,PREDATOR,178,172.86333333333212,500,28.32891666666641,8,11,100.0,21.994545454545406,22,324.7
5,B,PREDATOR,179,11.73666666666609,384,28.32891666666641,1,10,100.0,38.1959999999998,29,324.7
5,B,PREDATOR,180,1973.7991666666676,500,28.32891666666641,337,11,75.69181008902066,21.705454545454586,93,324.7
5,B,PREDATOR,181,-12.949999999999982,295,28.32891666666641,337,11,98.73881305637981,49.29818181818164,124,324.7
5,B,PREDATOR,182,-12.389999999999993,239,28.32891666666641,337,15,85.74498516320475,64.60049999999981,248,324.7
5,B,PREDATOR,183,62.70333333333178,384,28.32891666666641,9,10,100.0,31.777999999999906,21,324.7
5,B,PREDATOR,184,-12.259999999999996,226,28.32891666666641,5,11,100.0,62.45272727272677,46,324.7
5,B,PREDATOR,185,61.16666666666533,487,28.32891666666641,4,9,100.0,29.775555555555286,26,324.7
5,B,PREDATOR,186,-12.419999999999993,242,28.32891666666641,337,11,78.59670623145408,49.66727272727233,23,324.7
5,B,PREDATOR,187,-12.309999999999995,231,28.32891666666641,337,10,97.57991097922847,56.1852499999999,42,324.7
5,B,PREDATOR,188,12.829999999999588,272,28.32891666666641,8,10,100.0,49.99599999999979,22,324.7
5,B,PREDATOR,189,60.999999999999126,461,28.32891666666641,4,9,100.0,25.631111111111174,27,324.7
5,B,PREDATOR,190,89.14666666666523,324,28.32891666666641,337,11,88.62792284866434,33.13272727272732,22,324.7
5,B,PREDATOR,191,-12.509999999999991,251,28.32891666666641,11,10,100.0,57.47399999999949,19,324.7
5,B,PREDATOR,192,-12.58999999999999,259,28.32891666666641,6,10,100.0,59.669999999999504,24,324.7
5,B,PREDATOR,193,-12.609999999999989,261,28.32891666666641,6,10,100.0,53.10999999999948,24,324.7
5,B,PREDATOR,194,61.509999999999344,482,28.32891666666641,1,8,100.0,42.245,31,324.7
5,B,PREDATOR,195,61.8299999999982,410,28.32891666666641,1,9,100.0,36.23111111111088,29,324.7
5,B,PREDATOR,196,12.679999999999554,295,28.32891666666641,3,10,100.0,57.45599999999953,27,324.7
5,B,PREDATOR,197,37.04666666666708,368,28.32891666666641,7,10,100.0,39.2879999999998,23,324.7
5,B,PREDATOR,198,-12.339999999999995,234,28.32891666666641,9,10,100.0,63.407999999999504,21,324.7
5,B,PREDATOR,199,12.31666666666626,310,28.32891666666641,136,10,73.92176470588235,53.529999999999575,22,324.7
5,B,PREDATOR,200,39.95000000000034,403,28.32891666666641,337,8,98.7085756676558,50.20156250000008,242,324.7
5,B,PREDATOR,201,39.590000000000344,303,28.32891666666641,337,12,73.62495548961407,37.54770833333329,21,324.7
5,B,PREDATOR,202,-12.719999999999986,272,28.32891666666641,5,10,100.0,59.7519999999994,25,324.7
5,B,PREDATOR,203,12.01666666666632,332,28.32891666666641,6,10,100.0,47.31999999999976,24,324.7
5,B,PREDATOR,204,-12.629999999999988,263,28.32891666666641,11,11,100.0,39.83454545454527,19,324.7
5,B,PREDATOR,205,3263.4224999999847,500,28.32891666666641,337,10,95.95183976261127,35.97400000000007,433,324.7
5,B,PREDATOR,206,-12.459999999999992,246,28.32891666666641,11,11,100.0,40.078181818181626,21,324.7
5,B,PREDATOR,207,64.23999999999894,481,28.32891666666641,0,75,0.0,34.56860000000011,1179,324.7
5,B,PREDATOR,208,2169.05249999997,500,28.32891666666641,324,124,75.25021604938271,54.87604838709681,1261,324.7
5,B,PREDATOR,209,36.11000000000047,411,28.32891666666641,1,10,100.0,33.147999999999925,29,324.7
5,B,PREDATOR,210,5.534999999999682,254,28.32891666666641,8,10,100.0,58.1359999999997,22,324.7
5,B,PREDATOR,211,-12.159999999999998,216,28.32891666666641,337,10,99.61833827893174,59.78399999999957,16,324.7
5,B,PREDATOR,212,37.15666666666713,349,28.32891666666641,4,10,100.0,42.28799999999985,27,324.7
5,B,PREDATOR,213,-12.189999999999998,219,28.32891666666641,6,10,100.0,68.58999999999952,25,324.7
5,B,PREDATOR,214,-12.259999999999996,226,28.32891666666641,5,12,100.0,52.57499999999984,25,324.7
5,B,PREDATOR,215,12.016666666666223,332,28.32891666666641,337,10,92.79151335311572,48.25999999999977,67,324.7
5,B,PREDATOR,216,11.913333333332895,329,28.32891666666641,2,11,100.0,36.976363636363686,28,324.7
5,B,PREDATOR,217,-12.369999999999994,237,28.32891666666641,11,10,100.0,54.28799999999973,19,324.7
5,B,PREDATOR,218,12.493333333332936,295,28.32891666666641,6,11,100.0,45.85818181818143,24,324.7
5,B,PREDATOR,219,-12.309999999999995,231,28.32891666666641,337,11,91.83830860534127,62.20113636363623,192,324.7
5,B,PREDATOR,220,36.19333333333371,400,28.32891666666641,1,10,100.0,41.117249999999686,29,324.7
5,B,PREDATOR,221,36.70333333333319,397,28.32891666666641,8,10,100.0,32.96399999999986,22,324.7
5,B,PREDATOR,222,12.323333333332942,312,28.32891666666641,10,11,100.0,43.634545454545226,20,324.7
5,B,PREDATOR,223,95.51999999999853,500,28.32891666666641,1,11,100.0,23.729090909090743,29,324.7
5,B,PREDATOR,224,12.269999999999603,312,28.32891666666641,7,10,100.0,52.46799999999966,23,324.7
5,B,PREDATOR,225,115.06333333333107,500,28.32891666666641,7,10,100.0,25.441999999999844,23,324.7
5,B,PREDATOR,226,-12.339999999999995,234,28.32891666666641,3,10,100.0,59.41999999999964,27,324.7
5,B,PREDATOR,227,-12.259999999999996,226,28.32891666666641,9,11,100.0,63.81999999999957,21,324.7
5,B,PREDATOR,228,12.356666666666174,330,28.32891666666641,6,11,100.0,40.943636363636124,30,324.7
5,B,PREDATOR,229,62.56666666666519,395,28.32891666666641,10,10,100.0,34.76399999999979,22,324.7
5,B,PREDATOR,230,12.309999999999642,300,28.32891666666641,6,10,100.0,51.169999999999675,24,324.7
5,B,PREDATOR,231,2049.3249999999966,500,28.32891666666641,337,13,84.97658753709186,47.58865384615376,496,324.7
5,B,PREDATOR,232,-11.370000000000001,137,28.32891666666641,13,11,100.0,72.64545454545413,17,324.7
5,B,PREDATOR,233,13.086666666666472,241,28.32891666666641,15,12,100.0,41.92166666666653,15,324.7
5,B,PREDATOR,234,11.433333333332884,377,28.32891666666641,4,10,100.0,38.30999999999979,30,324.7
5,B,PREDATOR,235,63.56999999999862,292,28.32891666666641,6,10,100.0,50.073999999999714,24,324.7
5,B,PREDATOR,236,86.47999999999814,468,28.32891666666641,7,10,99.96142857142857,23.607999999999876,23,324.7
5,B,PREDATOR,237,123.78999999999846,500,28.32891666666641,337,11,97.1505637982195,16.259999999999913,21,324.7
5,B,PREDATOR,238,148.77999999999997,500,28.32891666666641,337,10,97.34465875370915,31.291999999999867,25,324.7
5,B,PREDATOR,239,182.55416666666775,500,28.32891666666641,337,15,95.58246290801188,42.11449999999994,506,324.7
5,B,PREDATOR,240,-12.349999999999994,235,28.32891666666641,4,11,99.9325,57.85749999999961,33,324.7
5,B,PREDATOR,241,86.28333333333191,461,28.32891666666641,1,10,100.0,29.19199999999995,34,324.7
5,B,PREDATOR,242,61.19249999999841,443,28.32891666666641,2,9,100.0,30.505833333333253,28,324.7
5,B,PREDATOR,243,-12.249999999999996,225,28.32891666666641,337,11,71.29664688427309,50.73272727272728,287,324.7
5,B,PREDATOR,244,-12.279999999999996,228,28.32891666666641,9,10,100.0,61.45999999999947,21,324.7
5,B,PREDATOR,245,-12.339999999999995,234,28.32891666666641,13,10,100.0,48.19999999999983,17,324.7
5,B,PREDATOR,246,36.926666666666584,380,28.32891666666641,7,9,100.0,46.93111111111058,23,324.7
5,B,PREDATOR,247,61.513333333332675,439,28.32891666666641,7,10,99.96142857142857,34.25999999999995,23,324.7
5,B,PREDATOR,248,14.669999999999765,232,28.32891666666641,337,12,94.97284866468841,58.32666666666656,182,324.7
5,B,PREDATOR,249,12.293333333333182,307,28.32891666666641,7,11,100.0,43.53272727272708,23,324.7
5,B,PREDATOR,250,-12.259999999999996,226,28.32891666666641,11,11,100.0,52.4654545454543,19,324.7
5,B,PREDATOR,251,-12.269999999999996,227,28.32891666666641,146,81,72.46486301369862,74.06688271604935,972,324.7
5,B,PREDATOR,252,37.723333333333755,343,28.32891666666641,9,10,100.0,46.61999999999963,21,324.7
5,B,PREDATOR,253,13.659999999999725,197,28.32891666666641,337,14,95.68118694362018,40.45142857142863,52,324.7
5,B,PREDATOR,254,12.0533333333328,355,28.32891666666641,1,27,100.0,35.00388888888876,377,324.7
5,B,PREDATOR,255,-12.319999999999995,232,28.32891666666641,10,11,100.0,54.392727272726944,20,324.7
5,B,PREDATOR,256,-11.34,134,28.32891666666641,337,12,86.27311572700296,50.370000000000026,18,324.7
5,B,PREDATOR,257,1053.4933333333358,500,28.32891666666641,337,12,98.29525222551929,51.69166666666657,908,324.7
5,B,PREDATOR,258,12.233333333333038,313,28.32891666666641,8,10,100.0,51.52999999999977,22,324.7
5,B,PREDATOR,259,-12.249999999999996,225,28.32891666666641,8,11,100.0,50.65818181818154,22,324.7
5,B,PREDATOR,260,37.53333333333384,354,28.32891666666641,337,9,87.30540059347183,40.03777777777765,105,324.7
5,B,PREDATOR,261,37.086666666667085,372,28.32891666666641,5,10,100.0,31.728000000000087,25,324.7
5,B,PREDATOR,262,12.419999999999627,297,28.32891666666641,8,10,100.0,51.843999999999724,22,324.7
5,B,PREDATOR,263,-12.379999999999994,238,28.32891666666641,9,10,100.0,49.93399999999981,21,324.7
5,B,PREDATOR,264,61.19666666666607,436,28.32891666666641,4,10,100.0,29.269999999999904,28,324.7
5,B,PREDATOR,265,13.383333333333164,198,28.32891666666641,9,11,100.0,57.199999999999775,23,324.7
5,B,PREDATOR,266,-12.309999999999995,231,28.32891666666641,337,12,95.54083086053411,51.39333333333307,79,324.7
5,B,PREDATOR,267,-12.339999999999995,234,28.32891666666641,9,11,100.0,51.52363636363593,21,324.7
5,B,PREDATOR,268,35.86999999999988,443,28.32891666666641,3,10,100.0,26.870000000000033,27,324.7
5,B,PREDATOR,269,61.74249999999912,444,28.32891666666641,10,10,100.0,23.480000000000103,24,324.7
5,B,PREDATOR,270,36.360000000000376,394,28.32891666666641,4,10,100.0,34.69999999999992,26,324.7
5,B,PREDATOR,271,36.66666666666695,406,28.32891666666641,6,10,100.0,36.11999999999985,24,324.7
5,B,PREDATOR,272,121.76333333333147,500,28.32891666666641,3,9,100.0,37.31555555555522,27,324.7
5,B,PREDATOR,273,-12.239999999999997,224,28.32891666666641,7,11,100.0,51.54545454545434,24,324.7
5,B,PREDATOR,274,-12.359999999999994,236,28.32891666666641,6,10,100.0,67.5439999999993,24,324.7
5,B,PREDATOR,275,-12.139999999999999,214,28.32891666666641,7,10,100.0,63.397999999999556,23,324.7
5,B,PREDATOR,276,12.35666666666618,322,28.32891666666641,7,11,100.0,34.51999999999986,23,324.7
5,B,PREDATOR,277,12.50999999999957,296,28.32891666666641,10,10,100.0,43.45399999999987,20,324.7
5,B,PREDATOR,278,87.59333333333227,378,28.32891666666641,7,10,100.0,41.643249999999895,25,324.7
5,B,PREDATOR,279,36.646666666666725,392,28.32891666666641,6,10,100.0,29.413999999999866,24,324.7
5,B,PREDATOR,280,-12.459999999999992,246,28.32891666666641,337,11,96.4246587537092,64.1872727272725,224,324.7
5,B,PREDATOR,281,12.296666666666207,312,28.32891666666641,4,10,100.0,52.61199999999959,26,324.7
5,B,PREDATOR,282,61.409999999999435,476,28.32891666666641,4,8,100.0,35.54499999999985,26,324.7
5,B,PREDATOR,283,122.18999999999797,500,28.32891666666641,8,8,100.0,22.099999999999937,23,324.7
5,B,PREDATOR,284,36.920000000000435,386,28.32891666666641,5,10,100.0,39.17399999999994,25,324.7
5,B,PREDATOR,285,37.353333333333914,364,28.32891666666641,9,10,100.0,42.65199999999994,21,324.7
5,B,PREDATOR,286,12.046666666666448,337,28.32891666666641,13,11,100.0,35.554545454545426,17,324.7
5,B,PREDATOR,287,-12.709999999999987,271,28.32891666666641,337,11,96.25065281899109,78.45454545454511,615,324.7
5,B,PREDATOR,288,11.999999999999824,323,28.32891666666641,3,10,100.0,52.681999999999746,27,324.7
5,B,PREDATOR,289,37.330000000000624,353,28.32891666666641,3,10,100.0,39.92199999999985,27,324.7
5,B,PREDATOR,290,66.63999999999925,329,28.32891666666641,337,14,99.81145400593473,22.734285714285782,143,324.7
5,B,PREDATOR,291,372.32000000000073,500,28.32891666666641,337,9,83.36928783382754,26.228888888888918,28,324.7
5,B,PREDATOR,292,-11.260000000000002,126,28.32891666666641,6,12,100.0,64.32166666666654,29,324.7
5,B,PREDATOR,293,119.4175000000014,470,28.32891666666641,174,112,64.33000000000003,58.007031250000104,2001,324.7
5,B,PREDATOR,294,36.843333333333845,399,28.32891666666641,1,10,100.0,40.12799999999974,29,324.7
5,B,PREDATOR,295,11.466666666666237,395,28.32891666666641,208,10,71.65975961538462,38.21199999999968,22,324.7
5,B,PREDATOR,296,-12.259999999999996,226,28.32891666666641,337,10,95.8593471810089,56.61199999999978,58,324.7
5,B,PREDATOR,297,12.009999999999804,322,28.32891666666641,7,10,100.0,44.005249999999805,23,324.7
5,B,PREDATOR,298,-12.339999999999995,234,28.32891666666641,17,10,100.0,51.86199999999978,14,324.7
5,B,PREDATOR,299,-12.309999999999995,231,28.32891666666641,5,10,100.0,57.55599999999963,25,324.7
5,B,PREDATOR,300,13.499999999999671,349,28.32891666666641,337,10,97.64792284866468,59.90600000000005,679,324.7
5,B,PREDATOR,301,11.956666666666395,338,28.32891666666641,6,12,100.0,36.34833333333333,24,324.7
5,B,PREDATOR,302,-11.750000000000002,175,28.32891666666641,12,11,100.0,62.556363636363315,27,324.7
5,B,PREDATOR,303,39.89250000000047,402,28.32891666666641,7,47,100.0,74.22457446808511,1053,324.7
5,B,PREDATOR,304,36.853333333333936,422,28.32891666666641,337,10,98.03311572700295,27.12600000000025,217,324.7
5,B,PREDATOR,305,11.886666666666477,337,28.32891666666641,9,11,100.0,41.65090909090885,21,324.7
5,B,PREDATOR,306,-12.409999999999993,241,28.32891666666641,337,12,95.3677151335311,46.811666666666774,46,324.7
5,B,PREDATOR,307,70.58333333333204,500,28.32891666666641,337,11,99.39296735905043,19.945454545454552,25,324.7
5,B,PREDATOR,308,11.476666666666086,394,28.32891666666641,8,10,100.0,32.0399999999999,24,324.7
5,B,PREDATOR,309,517.8800000000019,500,28.32891666666641,276,141,69.01445652173913,74.06822695035464,1719,324.7
5,B,PREDATOR,310,40.2200000000002,376,28.32891666666641,337,9,89.48462908011871,42.451111111110876,233,324.7
5,B,PREDATOR,311,61.36666666666648,411,28.32891666666641,2,10,100.0,32.86799999999978,28,324.7
5,B,PREDATOR,312,-12.05,205,28.32891666666641,13,10,100.0,64.7559999999997,17,324.7
5,B,PREDATOR,313,5.483333333333029,251,28.32891666666641,6,10,100.0,51.2559999999997,25,324.7
5,B,PREDATOR,314,-12.11,211,28.32891666666641,337,11,91.6874183976261,53.2381818181818,58,324.7
5,B,PREDATOR,315,14.129999999999745,166,28.32891666666641,337,13,86.10952522255197,55.22923076923071,84,324.7
5,B,PREDATOR,316,36.39333333333393,412,28.32891666666641,1,10,100.0,30.907999999999994,29,324.7
5,B,PREDATOR,317,12.363333333333026,308,28.32891666666641,10,11,100.0,33.820000000000164,20,324.7
5,B,PREDATOR,318,101.83999999999793,500,28.32891666666641,337,11,99.54655786350149,37.36545454545451,541,324.7
5,B,PREDATOR,319,12.666666666666211,307,28.32891666666641,12,13,100.0,34.689230769230726,28,324.7
5,B,PREDATOR,320,-12.399999999999993,240,28.32891666666641,337,12,80.57264094955495,47.81833333333313,53,324.7
5,B,PREDATOR,321,2171.8583333333027,500,28.32891666666641,334,88,72.60511976047904,61.83755681818182,1058,324.7
5,B,PREDATOR,322,-12.669999999999987,267,28.32891666666641,11,10,100.0,47.08399999999971,19,324.7
5,B,PREDATOR,323,-12.319999999999995,232,28.32891666666641,9,10,100.0,63.779999999999596,21,324.7
5,B,PREDATOR,324,-12.349999999999994,235,28.32891666666641,5,10,100.0,66.34199999999947,25,324.7
5,B,PREDATOR,325,-12.299999999999995,230,28.32891666666641,8,10,100.0,59.099999999999525,22,324.7
5,B,PREDATOR,326,95.81333333333177,500,28.32891666666641,4,9,100.0,30.17999999999966,26,324.7
5,B,PREDATOR,327,64.93666666666513,470,28.32891666666641,337,8,99.71501483679525,31.617500000000042,234,324.7
5,B,PREDATOR,328,-12.709999999999987,271,28.32891666666641,16,10,100.0,50.663999999999746,30,324.7
5,B,PREDATOR,329,12.946666666666255,271,28.32891666666641,5,10,100.0,56.16599999999953,26,324.7
5,B,PREDATOR,330,-12.209999999999997,221,28.32891666666641,337,10,95.49979228486643,65.24599999999982,109,324.7
5,B,PREDATOR,331,12.06666666666653,311,28.32891666666641,6,10,100.0,46.09199999999982,24,324.7
5,B,PREDATOR,332,14.039999999999774,295,28.32891666666641,337,12,98.88264094955488,46.12333333333327,80,324.7
5,B,PREDATOR,333,70.71666666666673,500,28.32891666666641,3,10,100.0,26.115999999999968,27,324.7
5,B,PREDATOR,334,62.04999999999885,449,28.32891666666641,5,10,100.0,28.64799999999998,25,324.7
5,B,PREDATOR,335,36.23666666666654,417,28.32891666666641,5,10,100.0,33.421999999999954,25,324.7
5,B,PREDATOR,336,36.650000000000524,437,28.32891666666641,6,10,100.0,26.29599999999986,24,324.7
5,B,PREDATOR,337,5000.816666666627,500,28.32891666666641,337,9,98.89094955489614,51.96666666666646,722,324.7
5,B,PREDATOR,338,63.939999999998484,399,28.32891666666641,337,11,65.41412462908015,40.25272727272718,418,324.7
5,B,PREDATOR,339,64.34666666666469,489,28.32891666666641,337,9,67.61032640949524,32.40666666666666,241,324.7
5,B,PREDATOR,340,121.41666666666481,500,28.32891666666641,3,11,100.0,29.9011363636361,27,324.7
5,B,PREDATOR,341,-12.97999999999998,298,28.32891666666641,10,11,100.0,34.71454545454532,22,324.7
5,B,PREDATOR,342,35.97000000000011,473,28.32891666666641,8,10,100.0,26.903999999999826,22,324.7
5,B,PREDATOR,343,61.32583333333174,475,28.32891666666641,8,9,100.0,25.46444444444431,24,324.7
5,B,PREDATOR,344,12.759999999999588,279,28.32891666666641,10,10,100.0,45.45799999999986,24,324.7
5,B,PREDATOR,345,-12.189999999999998,219,28.32891666666641,8,11,100.0,49.17090909090896,22,324.7
5,B,PREDATOR,346,-12.709999999999987,271,28.32891666666641,14,11,100.0,49.44840909090886,16,324.7
5,B,PREDATOR,347,87.28333333333184,393,28.32891666666641,2,10,100.0,40.45199999999953,28,324.7
5,B,PREDATOR,348,-11.440000000000001,144,28.32891666666641,10,11,100.0,72.21636363636331,20,324.7
5,B,PREDATOR,349,-12.499999999999991,250,28.32891666666641,4,10,100.0,66.14199999999946,37,324.7
5,B,PREDATOR,350,-12.769999999999985,277,28.32891666666641,4,10,100.0,51.25799999999979,26,324.7
