cycle,phase,agent_type,episode,reward,steps,eval_reward,prey_population,predator_population,avg_prey_energy,avg_predator_energy,predation_events,eval_predation_events
1,A,PREY,1,1704.5100000000043,500,-78.99700000000033,6,0,99.72999999999998,0.0,1,1.1
1,A,PREY,2,540.3800000000007,97,-78.99700000000033,6,2,100.0,59.992500000000106,1,1.1
1,A,PREY,3,2304.3599999999947,500,-78.99700000000033,7,0,99.88428571428571,0.0,0,1.1
1,A,PREY,4,1984.4400000000046,500,-78.99700000000033,6,0,99.935,0.0,1,1.1
1,A,PREY,5,57.739999999999945,24,-78.99700000000033,5,2,100.0,87.60999999999999,2,1.1
1,A,PREY,6,2224.3799999999887,500,-78.99700000000033,7,0,99.29285714285712,0.0,0,1.1
1,A,PREY,7,2104.410000000002,500,-78.99700000000033,7,0,99.96142857142857,0.0,0,1.1
1,A,PREY,8,2264.369999999998,500,-78.99700000000033,7,0,99.80714285714285,0.0,0,1.1
1,A,PREY,9,2344.3499999999867,500,-78.99700000000033,7,0,99.61857142857141,0.0,0,1.1
1,A,PREY,10,2544.2999999999765,500,-78.99700000000033,7,0,99.82857142857142,0.0,0,1.1
1,A,PREY,11,2744.2499999999773,500,-78.99700000000033,7,0,99.69142857142856,0.0,0,1.1
1,A,PREY,12,2504.309999999991,500,-78.99700000000033,7,0,99.6742857142857,0.0,0,1.1
1,A,PREY,13,2624.279999999987,500,-78.99700000000033,7,0,99.90571428571427,0.0,0,1.1
1,A,PREY,14,2464.3199999999947,500,-78.99700000000033,338,0,86.94961538461492,0.0,0,1.1
1,A,PREY,15,2984.18999999998,500,-78.99700000000033,7,0,99.59714285714283,0.0,0,1.1
1,A,PREY,16,2904.2099999999637,500,-78.99700000000033,338,0,92.24857988165644,0.0,0,1.1
1,A,PREY,17,3064.169999999971,500,-78.99700000000033,7,0,99.88428571428571,0.0,0,1.1
1,A,PREY,18,3344.0999999999713,500,-78.99700000000033,7,0,99.86714285714285,0.0,0,1.1
1,A,PREY,19,2744.249999999983,500,-78.99700000000033,7,0,99.87142857142855,0.0,0,1.1
1,A,PREY,20,2984.1899999999773,500,-78.99700000000033,7,0,100.0,0.0,0,1.1
1,A,PREY,21,3064.1699999999682,500,-78.99700000000033,6,0,99.91000000000001,0.0,1,1.1
1,A,PREY,22,4143.899999999954,500,-78.99700000000033,6,0,99.59999999999998,0.0,1,1.1
1,A,PREY,23,4143.899999999963,500,-78.99700000000033,7,0,99.88428571428571,0.0,0,1.1
1,A,PREY,24,4263.869999999957,500,-78.99700000000033,7,0,99.88428571428571,0.0,0,1.1
1,A,PREY,25,931.6100000000012,114,-78.99700000000033,5,2,100.0,63.348750000000024,2,1.1
1,A,PREY,26,3264.1199999999703,500,-78.99700000000033,7,0,99.78999999999999,0.0,0,1.1
1,A,PREY,27,3224.629999999971,500,-78.99700000000033,338,0,88.81417159763282,0.0,1,1.1
1,A,PREY,28,3704.009999999962,500,-78.99700000000033,7,0,99.84571428571428,0.0,0,1.1
1,A,PREY,29,4303.859999999955,500,-78.99700000000033,6,0,99.865,0.0,1,1.1
1,A,PREY,30,4223.879999999957,500,-78.99700000000033,6,0,99.935,0.0,1,1.1
1,A,PREY,31,1409.150000000002,197,-78.99700000000033,5,2,100.0,30.300000000000207,2,1.1
1,A,PREY,32,3584.039999999965,500,-78.99700000000033,7,0,100.0,0.0,0,1.1
1,A,PREY,33,3943.9499999999666,500,-78.99700000000033,7,0,99.96142857142857,0.0,0,1.1
1,A,PREY,34,4063.9199999999605,500,-78.99700000000033,7,0,99.92285714285715,0.0,0,1.1
1,A,PREY,35,4463.819999999949,500,-78.99700000000033,6,0,100.0,0.0,1,1.1
1,A,PREY,36,4503.809999999957,500,-78.99700000000033,4,0,99.72999999999999,0.0,3,1.1
1,A,PREY,37,1138.700000000001,100,-78.99700000000033,6,2,100.0,59.5350000000001,1,1.1
1,A,PREY,38,4743.749999999947,500,-78.99700000000033,7,0,99.98285714285714,0.0,0,1.1
1,A,PREY,39,4983.689999999944,500,-78.99700000000033,4,0,99.835,0.0,3,1.1
1,A,PREY,40,4623.779999999951,500,-78.99700000000033,6,0,99.955,0.0,1,1.1
1,A,PREY,41,6143.399999999936,500,-78.99700000000033,7,0,99.96142857142857,0.0,0,1.1
1,A,PREY,42,5183.639999999939,500,-78.99700000000033,7,0,100.0,0.0,0,1.1
1,A,PREY,43,287.4800000000003,44,-78.99700000000033,6,2,100.0,80.9362499999999,1,1.1
1,A,PREY,44,4863.719999999953,500,-78.99700000000033,6,0,99.755,0.0,1,1.1
1,A,PREY,45,5024.179999999936,500,-78.99700000000033,338,0,85.43455621301759,0.0,0,1.1
1,A,PREY,46,750.5300000000008,77,-78.99700000000033,5,2,100.0,77.53,2,1.1
1,A,PREY,47,84.46999999999979,50,-78.99700000000033,6,2,100.0,77.22749999999985,1,1.1
1,A,PREY,48,4543.799999999957,500,-78.99700000000033,7,0,100.0,0.0,0,1.1
1,A,PREY,49,4463.819999999956,500,-78.99700000000033,6,0,99.865,0.0,1,1.1
1,A,PREY,50,4783.739999999947,500,-78.99700000000033,6,0,99.91000000000001,0.0,1,1.1
1,A,PREY,51,5943.449999999938,500,-78.99700000000033,5,0,99.946,0.0,2,1.1
1,A,PREY,52,6063.419999999926,500,-78.99700000000033,7,0,99.92285714285715,0.0,0,1.1
1,A,PREY,53,5583.539999999934,500,-78.99700000000033,7,0,100.0,0.0,0,1.1
1,A,PREY,54,5863.469999999949,500,-78.99700000000033,5,0,100.0,0.0,2,1.1
1,A,PREY,55,98.74999999999997,22,-78.99700000000033,6,2,100.0,88.47999999999998,1,1.1
1,A,PREY,56,4503.809999999964,500,-78.99700000000033,6,0,100.0,0.0,1,1.1
1,A,PREY,57,4583.7899999999445,500,-78.99700000000033,338,0,91.98899408283994,0.0,0,1.1
1,A,PREY,58,6863.2199999999275,500,-78.99700000000033,7,0,100.0,0.0,0,1.1
1,A,PREY,59,5423.579999999943,500,-78.99700000000033,7,0,99.81142857142856,0.0,0,1.1
1,A,PREY,60,5503.559999999942,500,-78.99700000000033,5,0,100.0,0.0,2,1.1
1,A,PREY,61,5063.66999999995,500,-78.99700000000033,7,0,99.88428571428571,0.0,0,1.1
1,A,PREY,62,6903.209999999923,500,-78.99700000000033,338,0,87.30455621301726,0.0,0,1.1
1,A,PREY,63,-10.51,1,-78.99700000000033,6,2,100.0,92.44,1,1.1
1,A,PREY,64,6743.249999999926,500,-78.99700000000033,7,0,100.0,0.0,0,1.1
1,A,PREY,65,5783.489999999944,500,-78.99700000000033,7,0,99.80714285714285,0.0,0,1.1
1,A,PREY,66,6823.229999999922,500,-78.99700000000033,5,0,99.946,0.0,2,1.1
1,A,PREY,67,6063.419999999934,500,-78.99700000000033,5,0,100.0,0.0,2,1.1
1,A,PREY,68,5783.489999999947,500,-78.99700000000033,7,0,99.88428571428571,0.0,0,1.1
1,A,PREY,69,7303.109999999915,500,-78.99700000000033,7,0,99.92285714285715,0.0,0,1.1
1,A,PREY,70,7703.009999999917,500,-78.99700000000033,6,0,99.865,0.0,1,1.1
1,A,PREY,71,7063.16999999992,500,-78.99700000000033,6,0,99.955,0.0,1,1.1
1,A,PREY,72,7663.019999999912,500,-78.99700000000033,7,0,99.92285714285715,0.0,0,1.1
1,A,PREY,73,7063.16999999992,500,-78.99700000000033,6,0,99.84499999999998,0.0,1,1.1
1,A,PREY,74,6903.209999999917,500,-78.99700000000033,6,0,100.0,0.0,1,1.1
1,A,PREY,75,6663.269999999935,500,-78.99700000000033,7,0,100.0,0.0,0,1.1
1,A,PREY,76,6783.239999999929,500,-78.99700000000033,6,0,100.0,0.0,1,1.1
1,A,PREY,77,6143.399999999938,500,-78.99700000000033,5,0,100.0,0.0,2,1.1
1,A,PREY,78,7742.999999999921,500,-78.99700000000033,6,0,100.0,0.0,1,1.1
1,A,PREY,79,7063.169999999923,500,-78.99700000000033,6,0,100.0,0.0,1,1.1
1,A,PREY,80,51.620000000000026,36,-78.99700000000033,6,2,99.955,83.63624999999993,1,1.1
1,A,PREY,81,7183.139999999916,500,-78.99700000000033,7,0,100.0,0.0,0,1.1
1,A,PREY,82,235.76000000000022,67,-78.99700000000033,6,2,100.0,72.65999999999991,1,1.1
1,A,PREY,83,7503.059999999922,500,-78.99700000000033,7,0,99.80714285714285,0.0,0,1.1
1,A,PREY,84,7503.059999999914,500,-78.99700000000033,7,0,99.92285714285715,0.0,0,1.1
1,A,PREY,85,8262.869999999913,500,-78.99700000000033,7,0,99.96142857142857,0.0,0,1.1
1,A,PREY,86,8182.889999999908,500,-78.99700000000033,7,0,99.88428571428571,0.0,0,1.1
1,A,PREY,87,609.9500000000004,39,-78.99700000000033,6,2,100.0,83.51999999999991,1,1.1
1,A,PREY,88,6503.309999999932,500,-78.99700000000033,7,0,99.86714285714285,0.0,0,1.1
1,A,PREY,89,8542.799999999901,500,-78.99700000000033,338,0,91.73218934911239,0.0,0,1.1
1,A,PREY,90,8542.799999999903,500,-78.99700000000033,7,0,100.0,0.0,0,1.1
1,A,PREY,91,7663.019999999925,500,-78.99700000000033,7,0,99.96142857142857,0.0,0,1.1
1,A,PREY,92,5545.049999999923,500,-78.99700000000033,338,0,86.25097633136048,0.0,0,1.1
1,A,PREY,93,8422.82999999991,500,-78.99700000000033,6,0,99.955,0.0,1,1.1
1,A,PREY,94,8742.749999999905,500,-78.99700000000033,7,0,99.92285714285715,0.0,0,1.1
1,A,PREY,95,8542.799999999905,500,-78.99700000000033,6,0,99.91000000000001,0.0,1,1.1
1,A,PREY,96,8702.759999999911,500,-78.99700000000033,7,0,100.0,0.0,0,1.1
1,A,PREY,97,7623.029999999926,500,-78.99700000000033,6,0,99.91000000000001,0.0,1,1.1
1,A,PREY,98,9222.629999999905,500,-78.99700000000033,6,0,99.955,0.0,1,1.1
1,A,PREY,99,8702.759999999906,500,-78.99700000000033,7,0,99.98285714285714,0.0,0,1.1
1,A,PREY,100,8222.879999999917,500,-78.99700000000033,7,0,100.0,0.0,0,1.1
1,A,PREY,101,7503.059999999921,500,-78.99700000000033,7,0,100.0,0.0,0,1.1
1,A,PREY,102,8582.78999999991,500,-78.99700000000033,338,0,92.41775147928963,0.0,0,1.1
1,A,PREY,103,8782.739999999902,500,-78.99700000000033,6,0,100.0,0.0,1,1.1
1,A,PREY,104,8422.829999999916,500,-78.99700000000033,7,0,99.96142857142857,0.0,0,1.1
1,A,PREY,105,8942.699999999904,500,-78.99700000000033,7,0,100.0,0.0,0,1.1
1,A,PREY,106,8182.88999999992,500,-78.99700000000033,6,0,99.955,0.0,1,1.1
1,A,PREY,107,9063.169999999902,500,-78.99700000000033,338,0,84.14121301775148,0.0,0,1.1
1,A,PREY,108,9542.549999999901,500,-78.99700000000033,6,0,100.0,0.0,1,1.1
1,A,PREY,109,8422.82999999991,500,-78.99700000000033,6,0,99.91000000000001,0.0,1,1.1
1,A,PREY,110,9342.599999999904,500,-78.99700000000033,7,0,100.0,0.0,0,1.1
1,A,PREY,111,8382.839999999915,500,-78.99700000000033,338,0,85.22828402366765,0.0,0,1.1
1,A,PREY,112,9582.5399999999,500,-78.99700000000033,6,0,100.0,0.0,1,1.1
1,A,PREY,113,9222.629999999906,500,-78.99700000000033,7,0,99.84571428571428,0.0,0,1.1
1,A,PREY,114,9542.549999999897,500,-78.99700000000033,6,0,100.0,0.0,1,1.1
1,A,PREY,115,8222.879999999923,500,-78.99700000000033,7,0,100.0,0.0,0,1.1
1,A,PREY,116,8782.739999999912,500,-78.99700000000033,7,0,99.92285714285715,0.0,0,1.1
1,A,PREY,117,8862.719999999907,500,-78.99700000000033,7,0,100.0,0.0,0,1.1
1,A,PREY,118,8862.719999999914,500,-78.99700000000033,7,0,99.96142857142857,0.0,0,1.1
1,A,PREY,119,10862.219999999885,500,-78.99700000000033,7,0,99.96142857142857,0.0,0,1.1
1,A,PREY,120,9702.509999999895,500,-78.99700000000033,6,0,99.88999999999999,0.0,1,1.1
1,A,PREY,121,9542.549999999897,500,-78.99700000000033,6,0,99.955,0.0,1,1.1
1,A,PREY,122,2363.5999999999995,129,-78.99700000000033,6,2,100.0,45.4687500000003,1,1.1
1,A,PREY,123,10422.32999999989,500,-78.99700000000033,6,0,100.0,0.0,1,1.1
1,A,PREY,124,9222.629999999914,500,-78.99700000000033,7,0,99.88428571428571,0.0,0,1.1
1,A,PREY,125,10702.25999999989,500,-78.99700000000033,5,0,100.0,0.0,2,1.1
1,A,PREY,126,132.10999999999999,35,-78.99700000000033,7,2,100.0,86.04999999999995,6,1.1
1,A,PREY,127,9062.669999999905,500,-78.99700000000033,5,0,99.892,0.0,2,1.1
1,A,PREY,128,10142.399999999892,500,-78.99700000000033,6,0,100.0,0.0,1,1.1
1,A,PREY,129,10142.399999999903,500,-78.99700000000033,6,0,100.0,0.0,1,1.1
1,A,PREY,130,9342.599999999908,500,-78.99700000000033,7,0,100.0,0.0,0,1.1
1,A,PREY,131,9782.489999999907,500,-78.99700000000033,338,0,85.69931952662667,0.0,0,1.1
1,A,PREY,132,10222.379999999894,500,-78.99700000000033,7,0,100.0,0.0,0,1.1
1,A,PREY,133,9982.439999999902,500,-78.99700000000033,7,0,99.96142857142857,0.0,0,1.1
1,A,PREY,134,10382.339999999893,500,-78.99700000000033,7,0,100.0,0.0,0,1.1
1,A,PREY,135,8422.829999999924,500,-78.99700000000033,7,0,100.0,0.0,0,1.1
1,A,PREY,136,9062.669999999911,500,-78.99700000000033,7,0,99.92285714285715,0.0,0,1.1
1,A,PREY,137,11062.169999999887,500,-78.99700000000033,7,0,100.0,0.0,0,1.1
1,A,PREY,138,8862.719999999916,500,-78.99700000000033,5,0,100.0,0.0,2,1.1
1,A,PREY,139,9062.669999999911,500,-78.99700000000033,7,0,100.0,0.0,0,1.1
1,A,PREY,140,9942.449999999903,500,-78.99700000000033,7,0,99.98285714285714,0.0,0,1.1
1,A,PREY,141,11302.109999999884,500,-78.99700000000033,7,0,100.0,0.0,0,1.1
1,A,PREY,142,2237.5100000000007,141,-78.99700000000033,4,2,100.0,57.33000000000011,3,1.1
1,A,PREY,143,9342.599999999911,500,-78.99700000000033,6,0,100.0,0.0,1,1.1
1,A,PREY,144,10582.289999999892,500,-78.99700000000033,6,0,100.0,0.0,1,1.1
1,A,PREY,145,10382.339999999896,500,-78.99700000000033,7,0,100.0,0.0,0,1.1
1,A,PREY,146,10582.289999999895,500,-78.99700000000033,7,0,100.0,0.0,0,1.1
1,A,PREY,147,9662.519999999902,500,-78.99700000000033,7,0,100.0,0.0,0,1.1
1,A,PREY,148,10022.429999999904,500,-78.99700000000033,5,0,99.976,0.0,2,1.1
1,A,PREY,149,11182.139999999883,500,-78.99700000000033,6,0,99.955,0.0,1,1.1
1,A,PREY,150,9582.539999999914,500,-78.99700000000033,7,0,100.0,0.0,0,1.1
1,A,PREY,151,10302.3599999999,500,-78.99700000000033,7,0,99.88428571428571,0.0,0,1.1
1,A,PREY,152,11222.129999999885,500,-78.99700000000033,7,0,99.92285714285715,0.0,0,1.1
1,A,PREY,153,10702.25999999989,500,-78.99700000000033,6,0,100.0,0.0,1,1.1
1,A,PREY,154,9942.449999999906,500,-78.99700000000033,338,0,87.14733727810582,0.0,0,1.1
1,A,PREY,155,9302.609999999908,500,-78.99700000000033,7,0,100.0,0.0,0,1.1
1,A,PREY,156,10862.219999999896,500,-78.99700000000033,7,0,100.0,0.0,0,1.1
1,A,PREY,157,10662.269999999897,500,-78.99700000000033,7,0,100.0,0.0,0,1.1
1,A,PREY,158,9942.449999999904,500,-78.99700000000033,7,0,99.98285714285714,0.0,0,1.1
1,A,PREY,159,11382.089999999882,500,-78.99700000000033,6,0,99.955,0.0,1,1.1
1,A,PREY,160,11901.959999999879,500,-78.99700000000033,6,0,99.955,0.0,1,1.1
1,A,PREY,161,11981.93999999988,500,-78.99700000000033,7,0,100.0,0.0,0,1.1
1,A,PREY,162,9982.439999999911,500,-78.99700000000033,7,0,100.0,0.0,0,1.1
1,A,PREY,163,11262.11999999989,500,-78.99700000000033,6,0,100.0,0.0,1,1.1
1,A,PREY,164,4977.649999999984,257,-78.99700000000033,5,1,100.0,35.760000000000105,2,1.1
1,A,PREY,165,9982.439999999902,500,-78.99700000000033,7,0,100.0,0.0,0,1.1
1,A,PREY,166,10182.389999999901,500,-78.99700000000033,7,0,99.96142857142857,0.0,0,1.1
1,A,PREY,167,12104.90999999988,500,-78.99700000000033,157,0,79.0456050955414,0.0,0,1.1
1,A,PREY,168,10102.409999999909,500,-78.99700000000033,5,0,99.946,0.0,2,1.1
1,A,PREY,169,11901.95999999988,500,-78.99700000000033,7,0,100.0,0.0,0,1.1
1,A,PREY,170,10542.2999999999,500,-78.99700000000033,6,0,99.955,0.0,1,1.1
1,A,PREY,171,10382.339999999898,500,-78.99700000000033,7,0,99.96142857142857,0.0,0,1.1
1,A,PREY,172,11861.969999999881,500,-78.99700000000033,7,0,100.0,0.0,0,1.1
1,A,PREY,173,10302.359999999906,500,-78.99700000000033,6,0,100.0,0.0,1,1.1
1,A,PREY,174,11861.969999999888,500,-78.99700000000033,7,0,100.0,0.0,0,1.1
1,A,PREY,175,10702.259999999895,500,-78.99700000000033,7,0,100.0,0.0,0,1.1
1,A,PREY,176,11781.989999999885,500,-78.99700000000033,6,0,100.0,0.0,1,1.1
1,A,PREY,177,11302.10999999989,500,-78.99700000000033,7,0,99.92285714285715,0.0,0,1.1
1,A,PREY,178,12501.809999999874,500,-78.99700000000033,7,0,100.0,0.0,0,1.1
1,A,PREY,179,11222.129999999896,500,-78.99700000000033,338,0,92.49556213017706,0.0,0,1.1
1,A,PREY,180,8942.699999999897,500,-78.99700000000033,5,0,100.0,0.0,2,1.1
1,A,PREY,181,11062.169999999896,500,-78.99700000000033,7,0,100.0,0.0,0,1.1
1,A,PREY,182,11702.009999999884,500,-78.99700000000033,6,0,99.955,0.0,1,1.1
1,A,PREY,183,12621.779999999877,500,-78.99700000000033,7,0,100.0,0.0,0,1.1
1,A,PREY,184,10462.319999999898,500,-78.99700000000033,7,0,99.88428571428571,0.0,0,1.1
1,A,PREY,185,12781.739999999874,500,-78.99700000000033,6,0,100.0,0.0,1,1.1
1,A,PREY,186,10462.3199999999,500,-78.99700000000033,338,1,90.72272189349081,100.0,101,1.1
1,A,PREY,187,11102.159999999896,500,-78.99700000000033,7,0,100.0,0.0,0,1.1
1,A,PREY,188,12021.929999999882,500,-78.99700000000033,7,0,99.96142857142857,0.0,0,1.1
1,A,PREY,189,67.94000000000001,4,-78.99700000000033,6,2,100.0,91.66,1,1.1
1,A,PREY,190,11781.989999999887,500,-78.99700000000033,7,0,99.96142857142857,0.0,0,1.1
1,A,PREY,191,12061.919999999882,500,-78.99700000000033,6,0,100.0,0.0,1,1.1
1,A,PREY,192,11102.159999999896,500,-78.99700000000033,5,0,100.0,0.0,2,1.1
1,A,PREY,193,12301.859999999886,500,-78.99700000000033,7,0,100.0,0.0,0,1.1
1,A,PREY,194,12221.879999999883,500,-78.99700000000033,6,0,99.91000000000001,0.0,1,1.1
1,A,PREY,195,12901.709999999872,500,-78.99700000000033,6,0,100.0,0.0,1,1.1
1,A,PREY,196,12181.889999999885,500,-78.99700000000033,7,0,99.88428571428571,0.0,0,1.1
1,A,PREY,197,13341.599999999871,500,-78.99700000000033,338,0,91.17204142011794,0.0,0,1.1
1,A,PREY,198,11941.949999999888,500,-78.99700000000033,7,0,100.0,0.0,0,1.1
1,A,PREY,199,12101.909999999887,500,-78.99700000000033,7,0,100.0,0.0,0,1.1
1,A,PREY,200,12661.76999999988,500,-78.99700000000033,6,0,99.955,0.0,1,1.1
1,A,PREY,201,13141.649999999874,500,-78.99700000000033,7,0,99.98285714285714,0.0,0,1.1
1,A,PREY,202,12221.879999999888,500,-78.99700000000033,7,0,99.96142857142857,0.0,0,1.1
1,A,PREY,203,13341.599999999868,500,-78.99700000000033,4,0,99.9325,0.0,3,1.1
1,A,PREY,204,1439.5400000000006,59,-78.99700000000033,27,2,97.87962962962963,82.6799999999999,2,1.1
1,A,PREY,205,11861.969999999892,500,-78.99700000000033,7,0,100.0,0.0,0,1.1
1,A,PREY,206,8504.309999999936,500,-78.99700000000033,338,0,87.88926035502897,0.0,31,1.1
1,A,PREY,207,13221.629999999874,500,-78.99700000000033,6,0,99.955,0.0,1,1.1
1,A,PREY,208,13381.589999999871,500,-78.99700000000033,7,0,100.0,0.0,0,1.1
1,A,PREY,209,12101.909999999883,500,-78.99700000000033,7,0,99.96142857142857,0.0,0,1.1
1,A,PREY,210,12061.919999999885,500,-78.99700000000033,6,0,100.0,0.0,1,1.1
1,A,PREY,211,12181.889999999883,500,-78.99700000000033,7,0,100.0,0.0,0,1.1
1,A,PREY,212,13941.44999999987,500,-78.99700000000033,7,0,100.0,0.0,0,1.1
1,A,PREY,213,12781.739999999882,500,-78.99700000000033,6,0,100.0,0.0,1,1.1
1,A,PREY,214,12101.909999999883,500,-78.99700000000033,7,0,100.0,0.0,0,1.1
1,A,PREY,215,12781.73999999988,500,-78.99700000000033,7,0,100.0,0.0,0,1.1
1,A,PREY,216,13021.679999999877,500,-78.99700000000033,6,0,99.955,0.0,1,1.1
1,A,PREY,217,13701.509999999866,500,-78.99700000000033,7,0,100.0,0.0,0,1.1
1,A,PREY,218,11901.959999999892,500,-78.99700000000033,5,0,100.0,0.0,2,1.1
1,A,PREY,219,13261.619999999879,500,-78.99700000000033,6,0,100.0,0.0,1,1.1
1,A,PREY,220,13261.619999999875,500,-78.99700000000033,7,0,100.0,0.0,0,1.1
1,A,PREY,221,22.340000000000032,15,-78.99700000000033,6,2,100.0,89.49999999999999,1,1.1
1,A,PREY,222,12941.699999999877,500,-78.99700000000033,6,0,100.0,0.0,1,1.1
1,A,PREY,223,12941.699999999879,500,-78.99700000000033,6,0,100.0,0.0,1,1.1
1,A,PREY,224,12821.72999999988,500,-78.99700000000033,7,0,100.0,0.0,0,1.1
1,A,PREY,225,12661.769999999882,500,-78.99700000000033,7,0,100.0,0.0,0,1.1
1,A,PREY,226,12741.749999999878,500,-78.99700000000033,7,0,100.0,0.0,0,1.1
1,A,PREY,227,13261.619999999877,500,-78.99700000000033,7,0,99.96142857142857,0.0,0,1.1
1,A,PREY,228,14101.409999999867,500,-78.99700000000033,7,0,100.0,0.0,0,1.1
1,A,PREY,229,13061.669999999882,500,-78.99700000000033,7,0,100.0,0.0,0,1.1
1,A,PREY,230,13541.549999999876,500,-78.99700000000033,7,0,100.0,0.0,0,1.1
1,A,PREY,231,13061.669999999878,500,-78.99700000000033,6,0,100.0,0.0,1,1.1
1,A,PREY,232,12901.709999999877,500,-78.99700000000033,6,0,99.88999999999999,0.0,1,1.1
1,A,PREY,233,13781.489999999869,500,-78.99700000000033,5,0,99.976,0.0,2,1.1
1,A,PREY,234,14261.369999999863,500,-78.99700000000033,6,0,99.955,0.0,1,1.1
1,A,PREY,235,342.2600000000001,15,-78.99700000000033,6,2,100.0,89.49999999999999,1,1.1
1,A,PREY,236,12501.809999999887,500,-78.99700000000033,7,0,100.0,0.0,0,1.1
1,A,PREY,237,13341.599999999877,500,-78.99700000000033,7,0,100.0,0.0,0,1.1
1,A,PREY,238,13221.629999999877,500,-78.99700000000033,6,0,100.0,0.0,1,1.1
1,A,PREY,239,13581.539999999879,500,-78.99700000000033,7,0,100.0,0.0,0,1.1
1,A,PREY,240,13581.539999999872,500,-78.99700000000033,7,0,100.0,0.0,0,1.1
1,A,PREY,241,13141.649999999878,500,-78.99700000000033,7,0,99.96142857142857,0.0,0,1.1
1,A,PREY,242,5014.879999999985,184,-78.99700000000033,6,2,100.0,27.120000000000246,1,1.1
1,A,PREY,243,12981.689999999882,500,-78.99700000000033,305,0,78.79708196721312,0.0,0,1.1
1,A,PREY,244,13341.599999999877,500,-78.99700000000033,7,0,99.96142857142857,0.0,0,1.1
1,A,PREY,245,14141.399999999865,500,-78.99700000000033,6,0,100.0,0.0,1,1.1
1,A,PREY,246,12621.779999999884,500,-78.99700000000033,7,0,100.0,0.0,0,1.1
1,A,PREY,247,12781.739999999882,500,-78.99700000000033,7,0,100.0,0.0,0,1.1
1,A,PREY,248,13261.619999999879,500,-78.99700000000033,6,0,100.0,0.0,1,1.1
1,A,PREY,249,14141.399999999869,500,-78.99700000000033,7,0,100.0,0.0,0,1.1
1,A,PREY,250,13741.499999999873,500,-78.99700000000033,7,0,99.96142857142857,0.0,0,1.1
1,A,PREY,251,15141.149999999858,500,-78.99700000000033,7,0,100.0,0.0,0,1.1
1,A,PREY,252,13301.609999999879,500,-78.99700000000033,7,0,100.0,0.0,0,1.1
1,A,PREY,253,12821.729999999881,500,-78.99700000000033,7,0,100.0,0.0,0,1.1
1,A,PREY,254,13261.619999999877,500,-78.99700000000033,7,0,99.96142857142857,0.0,0,1.1
1,A,PREY,255,13941.449999999864,500,-78.99700000000033,6,0,100.0,0.0,1,1.1
1,A,PREY,256,13741.499999999876,500,-78.99700000000033,7,0,100.0,0.0,0,1.1
1,A,PREY,257,13701.509999999875,500,-78.99700000000033,4,0,99.9325,0.0,3,1.1
1,A,PREY,258,14981.189999999857,500,-78.99700000000033,6,0,99.955,0.0,1,1.1
1,A,PREY,259,14901.20999999986,500,-78.99700000000033,7,0,100.0,0.0,0,1.1
1,A,PREY,260,12061.919999999893,500,-78.99700000000033,7,0,100.0,0.0,0,1.1
1,A,PREY,261,13381.589999999876,500,-78.99700000000033,6,0,100.0,0.0,1,1.1
1,A,PREY,262,14261.36999999987,500,-78.99700000000033,7,0,99.96142857142857,0.0,0,1.1
1,A,PREY,263,14581.28999999986,500,-78.99700000000033,6,0,100.0,0.0,1,1.1
1,A,PREY,264,12581.789999999886,500,-78.99700000000033,7,0,99.96142857142857,0.0,0,1.1
1,A,PREY,265,14981.189999999859,500,-78.99700000000033,7,0,100.0,0.0,0,1.1
1,A,PREY,266,14221.379999999872,500,-78.99700000000033,7,0,100.0,0.0,0,1.1
1,A,PREY,267,13541.549999999876,500,-78.99700000000033,7,0,100.0,0.0,0,1.1
1,A,PREY,268,13901.459999999874,500,-78.99700000000033,6,0,100.0,0.0,1,1.1
1,A,PREY,269,13941.449999999872,500,-78.99700000000033,6,0,99.91000000000001,0.0,1,1.1
1,A,PREY,270,15021.179999999858,500,-78.99700000000033,6,0,100.0,0.0,1,1.1
1,A,PREY,271,13541.54999999988,500,-78.99700000000033,6,0,99.98,0.0,1,1.1
1,A,PREY,272,15341.099999999857,500,-78.99700000000033,6,0,100.0,0.0,1,1.1
1,A,PREY,273,13501.559999999878,500,-78.99700000000033,5,0,100.0,0.0,2,1.1
1,A,PREY,274,13701.509999999875,500,-78.99700000000033,6,0,99.91000000000001,0.0,1,1.1
1,A,PREY,275,3566.869999999999,122,-78.99700000000033,6,2,100.0,51.810000000000215,1,1.1
1,A,PREY,276,13661.519999999875,500,-78.99700000000033,7,0,100.0,0.0,0,1.1
1,A,PREY,277,14421.32999999987,500,-78.99700000000033,6,0,100.0,0.0,1,1.1
1,A,PREY,278,14221.379999999868,500,-78.99700000000033,7,0,100.0,0.0,0,1.1
1,A,PREY,279,14021.429999999873,500,-78.99700000000033,7,0,100.0,0.0,0,1.1
1,A,PREY,280,14461.319999999869,500,-78.99700000000033,7,0,100.0,0.0,0,1.1
1,A,PREY,281,14381.339999999867,500,-78.99700000000033,6,0,100.0,0.0,1,1.1
1,A,PREY,282,14221.379999999868,500,-78.99700000000033,6,0,100.0,0.0,1,1.1
1,A,PREY,283,14861.219999999865,500,-78.99700000000033,7,0,99.96142857142857,0.0,0,1.1
1,A,PREY,284,14301.359999999873,500,-78.99700000000033,6,0,99.865,0.0,1,1.1
1,A,PREY,285,14581.28999999986,500,-78.99700000000033,7,0,99.96142857142857,0.0,0,1.1
1,A,PREY,286,15501.059999999856,500,-78.99700000000033,5,0,100.0,0.0,2,1.1
1,A,PREY,287,13461.56999999988,500,-78.99700000000033,7,0,100.0,0.0,0,1.1
1,A,PREY,288,14061.419999999873,500,-78.99700000000033,7,0,100.0,0.0,0,1.1
1,A,PREY,289,14541.299999999865,500,-78.99700000000033,7,0,100.0,0.0,0,1.1
1,A,PREY,290,14181.389999999874,500,-78.99700000000033,4,0,100.0,0.0,3,1.1
1,A,PREY,291,15101.159999999862,500,-78.99700000000033,5,0,100.0,0.0,2,1.1
1,A,PREY,292,14341.34999999987,500,-78.99700000000033,6,0,100.0,0.0,1,1.1
1,A,PREY,293,14341.34999999987,500,-78.99700000000033,6,0,100.0,0.0,1,1.1
1,A,PREY,294,14381.33999999987,500,-78.99700000000033,7,0,100.0,0.0,0,1.1
1,A,PREY,295,14901.209999999866,500,-78.99700000000033,7,0,100.0,0.0,0,1.1
1,A,PREY,296,15141.149999999863,500,-78.99700000000033,7,0,100.0,0.0,0,1.1
1,A,PREY,297,15141.149999999861,500,-78.99700000000033,7,0,100.0,0.0,0,1.1
1,A,PREY,298,14621.279999999868,500,-78.99700000000033,7,0,99.96142857142857,0.0,0,1.1
1,A,PREY,299,16340.849999999851,500,-78.99700000000033,6,0,100.0,0.0,1,1.1
1,A,PREY,300,1267.3400000000006,83,-78.99700000000033,6,2,100.0,65.34000000000003,1,1.1
1,A,PREY,301,10982.189999999908,500,-78.99700000000033,7,0,100.0,0.0,0,1.1
1,A,PREY,302,15780.989999999856,500,-78.99700000000033,7,0,100.0,0.0,0,1.1
1,A,PREY,303,15661.019999999859,500,-78.99700000000033,7,0,100.0,0.0,0,1.1
1,A,PREY,304,15780.989999999858,500,-78.99700000000033,6,0,100.0,0.0,1,1.1
1,A,PREY,305,14461.319999999867,500,-78.99700000000033,7,0,99.96142857142857,0.0,0,1.1
1,A,PREY,306,15341.099999999857,500,-78.99700000000033,6,0,100.0,0.0,1,1.1
1,A,PREY,307,13781.489999999878,500,-78.99700000000033,7,0,100.0,0.0,0,1.1
1,A,PREY,308,14981.189999999866,500,-78.99700000000033,6,0,100.0,0.0,1,1.1
1,A,PREY,309,15701.009999999858,500,-78.99700000000033,7,0,100.0,0.0,0,1.1
1,A,PREY,310,22.340000000000032,15,-78.99700000000033,6,2,99.955,89.64999999999998,1,1.1
1,A,PREY,311,15461.069999999858,500,-78.99700000000033,6,0,100.0,0.0,1,1.1
1,A,PREY,312,14821.229999999865,500,-78.99700000000033,7,0,100.0,0.0,0,1.1
1,A,PREY,313,15141.149999999863,500,-78.99700000000033,7,0,100.0,0.0,0,1.1
1,A,PREY,314,14421.329999999869,500,-78.99700000000033,6,0,99.935,0.0,1,1.1
1,A,PREY,315,16060.919999999853,500,-78.99700000000033,7,0,99.96142857142857,0.0,0,1.1
1,A,PREY,316,2742.38,92,-78.99700000000033,5,2,100.0,74.06000000000006,2,1.1
1,A,PREY,317,13541.549999999877,500,-78.99700000000033,6,0,100.0,0.0,1,1.1
1,A,PREY,318,14421.32999999987,500,-78.99700000000033,6,0,100.0,0.0,1,1.1
1,A,PREY,319,15061.169999999864,500,-78.99700000000033,6,0,99.955,0.0,1,1.1
1,A,PREY,320,6804.229999999966,204,-78.99700000000033,5,2,100.0,32.53625000000032,2,1.1
1,A,PREY,321,15940.949999999853,500,-78.99700000000033,7,0,99.92285714285715,0.0,0,1.1
1,A,PREY,322,15860.969999999852,500,-78.99700000000033,6,0,100.0,0.0,1,1.1
1,A,PREY,323,13981.439999999879,500,-78.99700000000033,7,0,99.96142857142857,0.0,0,1.1
1,A,PREY,324,16380.83999999985,500,-78.99700000000033,7,0,100.0,0.0,0,1.1
1,A,PREY,325,14021.429999999877,500,-78.99700000000033,5,0,100.0,0.0,2,1.1
1,A,PREY,326,15221.129999999865,500,-78.99700000000033,7,0,100.0,0.0,0,1.1
1,A,PREY,327,15701.009999999857,500,-78.99700000000033,7,0,100.0,0.0,0,1.1
1,A,PREY,328,15341.099999999864,500,-78.99700000000033,7,0,100.0,0.0,0,1.1
1,A,PREY,329,14941.199999999864,500,-78.99700000000033,7,0,100.0,0.0,0,1.1
1,A,PREY,330,15101.159999999865,500,-78.99700000000033,6,0,100.0,0.0,1,1.1
1,A,PREY,331,6402.289999999972,208,-78.99700000000033,6,2,100.0,20.49000000000023,1,1.1
1,A,PREY,332,14701.259999999873,500,-78.99700000000033,7,0,100.0,0.0,0,1.1
1,A,PREY,333,15900.959999999854,500,-78.99700000000033,7,0,99.98285714285714,0.0,0,1.1
1,A,PREY,334,15621.029999999859,500,-78.99700000000033,6,0,99.955,0.0,1,1.1
1,A,PREY,335,15980.939999999859,500,-78.99700000000033,7,0,100.0,0.0,0,1.1
1,A,PREY,336,16060.919999999855,500,-78.99700000000033,7,0,100.0,0.0,0,1.1
1,A,PREY,337,15661.01999999986,500,-78.99700000000033,7,0,100.0,0.0,0,1.1
1,A,PREY,338,2734.7300000000005,107,-78.99700000000033,6,2,100.0,56.610000000000156,1,1.1
1,A,PREY,339,13501.559999999887,500,-78.99700000000033,6,0,100.0,0.0,1,1.1
1,A,PREY,340,16460.81999999985,500,-78.99700000000033,6,0,100.0,0.0,1,1.1
1,A,PREY,341,15780.989999999856,500,-78.99700000000033,7,0,100.0,0.0,0,1.1
1,A,PREY,342,29.480000000000004,1,-78.99700000000033,6,2,100.0,92.28999999999999,1,1.1
1,A,PREY,343,14301.359999999877,500,-78.99700000000033,7,0,100.0,0.0,0,1.1
1,A,PREY,344,-12.55,5,-78.99700000000033,5,2,100.0,91.6,2,1.1
1,A,PREY,345,14861.219999999868,500,-78.99700000000033,7,0,99.96142857142857,0.0,0,1.1
1,A,PREY,346,16580.789999999848,500,-78.99700000000033,7,0,100.0,0.0,0,1.1
1,A,PREY,347,15261.119999999864,500,-78.99700000000033,5,0,100.0,0.0,2,1.1
1,A,PREY,348,15621.029999999862,500,-78.99700000000033,4,0,100.0,0.0,3,1.1
1,A,PREY,349,15701.009999999858,500,-78.99700000000033,6,0,100.0,0.0,1,1.1
1,A,PREY,350,15940.949999999855,500,-78.99700000000033,7,0,99.96142857142857,0.0,0,1.1
1,A,PREY,351,16140.899999999852,500,-78.99700000000033,7,0,99.96142857142857,0.0,0,1.1
1,A,PREY,352,17140.649999999845,500,-78.99700000000033,7,0,100.0,0.0,0,1.1
1,A,PREY,353,15221.129999999868,500,-78.99700000000033,6,0,100.0,0.0,1,1.1
1,A,PREY,354,2330.750000000001,115,-78.99700000000033,6,2,100.0,54.300000000000175,1,1.1
1,A,PREY,355,13501.559999999889,500,-78.99700000000033,7,0,99.96142857142857,0.0,0,1.1
1,A,PREY,356,16420.82999999985,500,-78.99700000000033,7,0,100.0,0.0,0,1.1
1,A,PREY,357,4157.030000000001,141,-78.99700000000033,5,2,100.0,50.31000000000017,2,1.1
1,A,PREY,358,14901.209999999872,500,-78.99700000000033,6,0,100.0,0.0,1,1.1
1,A,PREY,359,17060.669999999845,500,-78.99700000000033,6,0,100.0,0.0,1,1.1
1,A,PREY,360,16060.919999999855,500,-78.99700000000033,7,0,99.96142857142857,0.0,0,1.1
1,A,PREY,361,16420.82999999985,500,-78.99700000000033,7,0,100.0,0.0,0,1.1
1,A,PREY,362,15021.179999999868,500,-78.99700000000033,6,0,100.0,0.0,1,1.1
1,A,PREY,363,15701.009999999862,500,-78.99700000000033,8,0,100.0,0.0,0,1.1
1,A,PREY,364,5137.399999999988,179,-78.99700000000033,5,2,100.0,42.02000000000038,2,1.1
1,A,PREY,365,14181.389999999878,500,-78.99700000000033,7,0,100.0,0.0,0,1.1
1,A,PREY,366,16900.709999999846,500,-78.99700000000033,7,0,100.0,0.0,0,1.1
1,A,PREY,367,16420.829999999853,500,-78.99700000000033,7,0,100.0,0.0,0,1.1
1,A,PREY,368,16860.719999999852,500,-78.99700000000033,6,0,100.0,0.0,1,1.1
1,A,PREY,369,3527.3900000000003,121,-78.99700000000033,5,2,100.0,64.57999999999997,2,1.1
1,A,PREY,370,13661.519999999886,500,-78.99700000000033,4,0,100.0,0.0,3,1.1
1,A,PREY,371,10582.28999999988,500,-78.99700000000033,338,0,86.59568047337227,0.0,0,1.1
1,A,PREY,372,15820.979999999861,500,-78.99700000000033,6,0,100.0,0.0,1,1.1
1,A,PREY,373,17220.629999999855,500,-78.99700000000033,5,0,99.946,0.0,2,1.1
1,A,PREY,374,17140.649999999856,500,-78.99700000000033,7,0,100.0,0.0,0,1.1
1,A,PREY,375,15501.059999999861,500,-78.99700000000033,6,0,99.955,0.0,1,1.1
1,A,PREY,376,16660.769999999848,500,-78.99700000000033,7,0,100.0,0.0,0,1.1
1,A,PREY,377,15541.049999999863,500,-78.99700000000033,6,0,100.0,0.0,1,1.1
1,A,PREY,378,15980.939999999859,500,-78.99700000000033,6,0,100.0,0.0,1,1.1
1,A,PREY,379,16100.909999999856,500,-78.99700000000033,5,0,99.946,0.0,2,1.1
1,A,PREY,380,17540.54999999985,500,-78.99700000000033,7,0,100.0,0.0,0,1.1
1,A,PREY,381,15621.029999999862,500,-78.99700000000033,5,0,100.0,0.0,2,1.1
1,A,PREY,382,16300.859999999857,500,-78.99700000000033,7,0,100.0,0.0,0,1.1
1,A,PREY,383,16020.929999999857,500,-78.99700000000033,7,0,100.0,0.0,0,1.1
1,A,PREY,384,16420.829999999856,500,-78.99700000000033,7,0,100.0,0.0,0,1.1
1,A,PREY,385,16100.909999999854,500,-78.99700000000033,6,0,99.955,0.0,1,1.1
1,A,PREY,386,16380.839999999855,500,-78.99700000000033,7,0,100.0,0.0,0,1.1
1,A,PREY,387,16500.809999999856,500,-78.99700000000033,4,0,100.0,0.0,3,1.1
1,A,PREY,388,16740.749999999854,500,-78.99700000000033,7,0,100.0,0.0,0,1.1
1,A,PREY,389,16500.809999999852,500,-78.99700000000033,7,0,100.0,0.0,0,1.1
1,A,PREY,390,16260.869999999855,500,-78.99700000000033,6,0,100.0,0.0,1,1.1
1,A,PREY,391,16780.739999999852,500,-78.99700000000033,5,0,100.0,0.0,2,1.1
1,A,PREY,392,2148.650000000001,80,-78.99700000000033,6,2,100.0,67.05000000000001,1,1.1
1,A,PREY,393,12301.859999999902,500,-78.99700000000033,7,0,100.0,0.0,0,1.1
1,A,PREY,394,17300.609999999848,500,-78.99700000000033,7,0,100.0,0.0,0,1.1
1,A,PREY,395,17180.63999999985,500,-78.99700000000033,3,0,100.0,0.0,4,1.1
1,A,PREY,396,16860.719999999852,500,-78.99700000000033,7,0,100.0,0.0,0,1.1
1,A,PREY,397,16140.899999999856,500,-78.99700000000033,7,0,100.0,0.0,0,1.1
1,A,PREY,398,16500.809999999856,500,-78.99700000000033,7,0,100.0,0.0,0,1.1
1,A,PREY,399,17020.679999999855,500,-78.99700000000033,7,0,100.0,0.0,0,1.1
1,A,PREY,400,16260.869999999853,500,-78.99700000000033,6,0,100.0,0.0,1,1.1
1,A,PREY,401,16060.919999999856,500,-78.99700000000033,7,0,99.98285714285714,0.0,0,1.1
1,A,PREY,402,17020.67999999986,500,-78.99700000000033,6,0,99.955,0.0,1,1.1
1,A,PREY,403,17260.61999999985,500,-78.99700000000033,6,0,100.0,0.0,1,1.1
1,A,PREY,404,16500.809999999856,500,-78.99700000000033,6,0,100.0,0.0,1,1.1
1,A,PREY,405,16220.879999999855,500,-78.99700000000033,7,0,100.0,0.0,0,1.1
1,A,PREY,406,16420.829999999853,500,-78.99700000000033,6,0,100.0,0.0,1,1.1
1,A,PREY,407,16340.849999999855,500,-78.99700000000033,6,0,100.0,0.0,1,1.1
1,A,PREY,408,12421.829999999902,500,-78.99700000000033,6,0,100.0,0.0,1,1.1
1,A,PREY,409,17860.46999999985,500,-78.99700000000033,6,0,100.0,0.0,1,1.1
1,A,PREY,410,16940.699999999848,500,-78.99700000000033,7,0,100.0,0.0,0,1.1
1,A,PREY,411,16940.699999999848,500,-78.99700000000033,7,0,100.0,0.0,0,1.1
1,A,PREY,412,17020.679999999847,500,-78.99700000000033,6,0,100.0,0.0,1,1.1
1,A,PREY,413,16420.829999999856,500,-78.99700000000033,7,0,100.0,0.0,0,1.1
1,A,PREY,414,16620.779999999853,500,-78.99700000000033,7,0,100.0,0.0,0,1.1
1,A,PREY,415,16740.749999999854,500,-78.99700000000033,5,0,100.0,0.0,2,1.1
1,A,PREY,416,2541.4100000000003,94,-78.99700000000033,5,2,100.0,68.39624999999997,2,1.1
1,A,PREY,417,17660.519999999848,500,-78.99700000000033,6,0,100.0,0.0,1,1.1
1,A,PREY,418,16900.709999999854,500,-78.99700000000033,7,0,100.0,0.0,0,1.1
1,A,PREY,419,16860.71999999986,500,-78.99700000000033,7,0,100.0,0.0,0,1.1
1,A,PREY,420,15701.009999999866,500,-78.99700000000033,6,0,100.0,0.0,1,1.1
1,A,PREY,421,17540.549999999846,500,-78.99700000000033,7,0,100.0,0.0,0,1.1
1,A,PREY,422,17380.589999999855,500,-78.99700000000033,7,0,99.96142857142857,0.0,0,1.1
1,A,PREY,423,16820.729999999854,500,-78.99700000000033,6,0,100.0,0.0,1,1.1
1,A,PREY,424,4711.279999999993,152,-78.99700000000033,6,2,100.0,38.460000000000264,1,1.1
1,A,PREY,425,14981.189999999873,500,-78.99700000000033,7,0,100.0,0.0,0,1.1
1,A,PREY,426,16860.719999999852,500,-78.99700000000033,7,0,100.0,0.0,0,1.1
1,A,PREY,427,17060.66999999986,500,-78.99700000000033,7,0,99.96142857142857,0.0,0,1.1
1,A,PREY,428,17300.609999999848,500,-78.99700000000033,338,1,88.08511834319484,98.55999999999995,268,1.1
1,A,PREY,429,16300.859999999857,500,-78.99700000000033,6,0,100.0,0.0,1,1.1
1,A,PREY,430,15980.939999999859,500,-78.99700000000033,7,0,99.88428571428571,0.0,0,1.1
1,A,PREY,431,3658.070000000001,100,-78.99700000000033,6,2,100.0,58.800000000000125,1,1.1
1,A,PREY,432,17140.649999999852,500,-78.99700000000033,7,0,100.0,0.0,0,1.1
1,A,PREY,433,17420.579999999853,500,-78.99700000000033,6,0,100.0,0.0,1,1.1
1,A,PREY,434,16300.859999999853,500,-78.99700000000033,7,0,100.0,0.0,0,1.1
1,A,PREY,435,16460.819999999854,500,-78.99700000000033,7,0,100.0,0.0,0,1.1
1,A,PREY,436,17300.609999999848,500,-78.99700000000033,7,0,100.0,0.0,0,1.1
1,A,PREY,437,17580.539999999855,500,-78.99700000000033,7,0,100.0,0.0,0,1.1
1,A,PREY,438,16780.739999999852,500,-78.99700000000033,6,0,100.0,0.0,1,1.1
1,A,PREY,439,17700.509999999853,500,-78.99700000000033,7,0,100.0,0.0,0,1.1
1,A,PREY,440,17540.54999999985,500,-78.99700000000033,7,0,99.96142857142857,0.0,0,1.1
1,A,PREY,441,17860.469999999852,500,-78.99700000000033,7,0,100.0,0.0,0,1.1
1,A,PREY,442,16740.749999999854,500,-78.99700000000033,7,0,100.0,0.0,0,1.1
1,A,PREY,443,16540.799999999854,500,-78.99700000000033,6,0,100.0,0.0,1,1.1
1,A,PREY,444,17260.619999999857,500,-78.99700000000033,7,0,100.0,0.0,0,1.1
1,A,PREY,445,9743.499999999936,500,-78.99700000000033,338,1,90.8506213017748,100.0,63,1.1
1,A,PREY,446,17380.589999999855,500,-78.99700000000033,7,0,100.0,0.0,0,1.1
1,A,PREY,447,17980.439999999842,500,-78.99700000000033,5,0,100.0,0.0,2,1.1
1,A,PREY,448,18020.42999999985,500,-78.99700000000033,7,0,100.0,0.0,0,1.1
1,A,PREY,449,17700.50999999985,500,-78.99700000000033,7,0,100.0,0.0,0,1.1
1,A,PREY,450,6092.059999999978,189,-78.99700000000033,6,2,100.0,28.020000000000234,1,1.1
1,A,PREY,451,26.420000000000016,7,-78.99700000000033,6,2,100.0,91.03,1,1.1
1,A,PREY,452,16460.819999999858,500,-78.99700000000033,7,0,99.96142857142857,0.0,0,1.1
1,A,PREY,453,18020.42999999985,500,-78.99700000000033,7,0,100.0,0.0,0,1.1
1,A,PREY,454,17420.57999999985,500,-78.99700000000033,7,0,100.0,0.0,0,1.1
1,A,PREY,455,17900.45999999985,500,-78.99700000000033,7,0,100.0,0.0,0,1.1
1,A,PREY,456,17740.499999999854,500,-78.99700000000033,6,0,100.0,0.0,1,1.1
1,A,PREY,457,17340.59999999985,500,-78.99700000000033,7,0,99.96142857142857,0.0,0,1.1
1,A,PREY,458,18220.37999999985,500,-78.99700000000033,7,0,100.0,0.0,0,1.1
1,A,PREY,459,17020.679999999855,500,-78.99700000000033,7,0,99.96142857142857,0.0,0,1.1
1,A,PREY,460,17540.549999999846,500,-78.99700000000033,5,0,100.0,0.0,2,1.1
1,A,PREY,461,17100.659999999858,500,-78.99700000000033,3,0,100.0,0.0,4,1.1
1,A,PREY,462,16940.699999999855,500,-78.99700000000033,7,0,100.0,0.0,0,1.1
1,A,PREY,463,17420.57999999985,500,-78.99700000000033,7,0,100.0,0.0,0,1.1
1,A,PREY,464,17260.619999999853,500,-78.99700000000033,6,0,99.955,0.0,1,1.1
1,A,PREY,465,17540.549999999854,500,-78.99700000000033,7,0,100.0,0.0,0,1.1
1,A,PREY,466,17860.46999999985,500,-78.99700000000033,7,0,100.0,0.0,0,1.1
1,A,PREY,467,17460.56999999985,500,-78.99700000000033,5,0,100.0,0.0,2,1.1
1,A,PREY,468,17220.629999999852,500,-78.99700000000033,7,0,99.96142857142857,0.0,0,1.1
1,A,PREY,469,18220.37999999985,500,-78.99700000000033,6,0,99.955,0.0,1,1.1
1,A,PREY,470,18060.41999999985,500,-78.99700000000033,7,0,99.96142857142857,0.0,0,1.1
1,A,PREY,471,18100.40999999985,500,-78.99700000000033,6,0,100.0,0.0,1,1.1
1,A,PREY,472,2408.6900000000005,119,-78.99700000000033,6,2,100.0,50.670000000000236,1,1.1
1,A,PREY,473,14221.379999999885,500,-78.99700000000033,6,0,100.0,0.0,1,1.1
1,A,PREY,474,17780.48999999985,500,-78.99700000000033,6,0,100.0,0.0,1,1.1
1,A,PREY,475,17380.589999999855,500,-78.99700000000033,6,0,100.0,0.0,1,1.1
1,A,PREY,476,18020.429999999847,500,-78.99700000000033,7,0,100.0,0.0,0,1.1
1,A,PREY,477,17980.43999999985,500,-78.99700000000033,7,0,100.0,0.0,0,1.1
1,A,PREY,478,17500.55999999985,500,-78.99700000000033,6,0,99.955,0.0,1,1.1
1,A,PREY,479,17580.539999999848,500,-78.99700000000033,7,0,100.0,0.0,0,1.1
1,A,PREY,480,17740.49999999985,500,-78.99700000000033,7,0,100.0,0.0,0,1.1
1,A,PREY,481,17500.55999999985,500,-78.99700000000033,30,0,96.28433333333334,0.0,0,1.1
1,A,PREY,482,17260.619999999853,500,-78.99700000000033,7,0,100.0,0.0,0,1.1
1,A,PREY,483,17420.579999999853,500,-78.99700000000033,6,0,100.0,0.0,1,1.1
1,A,PREY,484,17820.479999999858,500,-78.99700000000033,5,0,100.0,0.0,2,1.1
1,A,PREY,485,17780.489999999852,500,-78.99700000000033,6,0,100.0,0.0,1,1.1
1,A,PREY,486,17740.49999999985,500,-78.99700000000033,6,0,100.0,0.0,1,1.1
1,A,PREY,487,17740.499999999858,500,-78.99700000000033,7,0,100.0,0.0,0,1.1
1,A,PREY,488,17740.49999999985,500,-78.99700000000033,6,0,99.955,0.0,1,1.1
1,A,PREY,489,18060.419999999853,500,-78.99700000000033,7,0,100.0,0.0,0,1.1
1,A,PREY,490,17140.649999999856,500,-78.99700000000033,7,0,100.0,0.0,0,1.1
1,A,PREY,491,17420.57999999985,500,-78.99700000000033,5,0,100.0,0.0,2,1.1
1,A,PREY,492,17940.449999999848,500,-78.99700000000033,7,0,100.0,0.0,0,1.1
1,A,PREY,493,17820.47999999985,500,-78.99700000000033,7,0,99.96142857142857,0.0,0,1.1
1,A,PREY,494,17260.61999999985,500,-78.99700000000033,7,0,100.0,0.0,0,1.1
1,A,PREY,495,17740.499999999847,500,-78.99700000000033,7,0,99.96142857142857,0.0,0,1.1
1,A,PREY,496,18020.429999999844,500,-78.99700000000033,7,0,100.0,0.0,0,1.1
1,A,PREY,497,17260.619999999857,500,-78.99700000000033,7,0,99.96142857142857,0.0,0,1.1
1,A,PREY,498,17300.60999999985,500,-78.99700000000033,6,0,100.0,0.0,1,1.1
1,A,PREY,499,17900.459999999854,500,-78.99700000000033,7,0,100.0,0.0,0,1.1
1,A,PREY,500,17780.489999999852,500,-78.99700000000033,6,0,100.0,0.0,1,1.1
1,B,PREDATOR,1,-12.179999999999998,218,285.1482499999967,6,2,89.71499999999962,5.29000000000025,0,15.4
1,B,PREDATOR,2,-12.509999999999991,251,285.1482499999967,337,0,87.1513649851629,0.0,0,15.4
1,B,PREDATOR,3,-12.239999999999997,224,285.1482499999967,5,1,90.03999999999962,22.850000000000325,1,15.4
1,B,PREDATOR,4,-12.249999999999996,225,285.1482499999967,6,0,92.88999999999974,0.0,0,15.4
1,B,PREDATOR,5,-12.359999999999994,236,285.1482499999967,6,0,91.63499999999969,0.0,0,15.4
1,B,PREDATOR,6,-12.209999999999997,221,285.1482499999967,4,1,90.33999999999963,50.812500000000334,2,15.4
1,B,PREDATOR,7,-12.289999999999996,229,285.1482499999967,6,0,93.94999999999978,0.0,0,15.4
1,B,PREDATOR,8,-12.309999999999995,231,285.1482499999967,6,0,87.62999999999954,0.0,0,15.4
1,B,PREDATOR,9,-12.189999999999998,219,285.1482499999967,4,2,91.38999999999967,21.975000000000072,2,15.4
1,B,PREDATOR,10,-12.249999999999996,225,285.1482499999967,337,1,80.10584569732875,4.900000000000254,0,15.4
1,B,PREDATOR,11,-12.249999999999996,225,285.1482499999967,43,1,82.87744186046507,18.072500000000122,1,15.4
1,B,PREDATOR,12,10.74666666666637,285,285.1482499999967,4,0,89.19999999999959,0.0,2,15.4
1,B,PREDATOR,13,-12.11,211,285.1482499999967,337,2,86.96557863501454,2.0800000000002474,0,15.4
1,B,PREDATOR,14,-12.239999999999997,224,285.1482499999967,337,1,85.7334718100887,20.855000000000025,1,15.4
1,B,PREDATOR,15,-12.189999999999998,219,285.1482499999967,6,1,92.1599999999997,0.22000000000025083,0,15.4
1,B,PREDATOR,16,-12.269999999999996,227,285.1482499999967,337,0,83.13839762611227,0.0,0,15.4
1,B,PREDATOR,17,-12.239999999999997,224,285.1482499999967,337,0,91.49931750741824,0.0,0,15.4
1,B,PREDATOR,18,-12.209999999999997,221,285.1482499999967,6,1,90.98499999999966,3.280000000000224,0,15.4
1,B,PREDATOR,19,-12.189999999999998,219,285.1482499999967,337,2,87.10910979228453,2.6200000000002506,0,15.4
1,B,PREDATOR,20,-12.269999999999996,227,285.1482499999967,337,0,88.28818991097891,0.0,0,15.4
1,B,PREDATOR,21,-12.249999999999996,225,285.1482499999967,3,2,89.6999999999996,32.112500000000104,3,15.4
1,B,PREDATOR,22,-12.299999999999995,230,285.1482499999967,5,2,88.09599999999955,8.122500000000128,1,15.4
1,B,PREDATOR,23,-12.149999999999999,215,285.1482499999967,6,2,89.05999999999959,5.3500000000002235,0,15.4
1,B,PREDATOR,24,-12.169999999999998,217,285.1482499999967,5,2,91.62399999999968,12.87375000000014,1,15.4
1,B,PREDATOR,25,-12.149999999999999,215,285.1482499999967,4,2,95.22999999999982,22.698750000000153,2,15.4
1,B,PREDATOR,26,12.048333333332911,267,285.1482499999967,5,0,87.56799999999953,0.0,1,15.4
1,B,PREDATOR,27,143.4416666666686,462,285.1482499999967,337,0,73.14151335311468,0.0,9,15.4
1,B,PREDATOR,28,-12.189999999999998,219,285.1482499999967,337,2,91.44836795252215,16.58250000000011,1,15.4
1,B,PREDATOR,29,-12.239999999999997,224,285.1482499999967,337,0,85.80655786350111,0.0,0,15.4
1,B,PREDATOR,30,-12.149999999999999,215,285.1482499999967,5,2,90.74799999999965,14.71875000000014,1,15.4
1,B,PREDATOR,31,-12.299999999999995,230,285.1482499999967,2,1,91.9749999999997,32.80000000000022,4,15.4
1,B,PREDATOR,32,9.650833333333035,323,285.1482499999967,5,0,88.17399999999955,0.0,1,15.4
1,B,PREDATOR,33,-12.309999999999995,231,285.1482499999967,6,0,92.64999999999971,0.0,0,15.4
1,B,PREDATOR,34,-12.289999999999996,229,285.1482499999967,5,1,92.60799999999972,16.677500000000187,1,15.4
1,B,PREDATOR,35,-12.209999999999997,221,285.1482499999967,6,0,90.67499999999966,0.0,0,15.4
1,B,PREDATOR,36,-12.259999999999996,226,285.1482499999967,95,1,85.6516842105263,49.97249999999961,2,15.4
1,B,PREDATOR,37,-12.139999999999999,214,285.1482499999967,6,2,92.1649999999997,1.7200000000002436,0,15.4
1,B,PREDATOR,38,-12.279999999999996,228,285.1482499999967,5,1,87.88599999999954,18.460000000000125,1,15.4
1,B,PREDATOR,39,-12.159999999999998,216,285.1482499999967,6,2,91.9399999999997,4.3300000000002195,0,15.4
1,B,PREDATOR,40,-12.329999999999995,233,285.1482499999967,305,0,74.7718032786885,0.0,0,15.4
1,B,PREDATOR,41,-12.249999999999996,225,285.1482499999967,337,1,85.22370919881277,0.4000000000002301,0,15.4
1,B,PREDATOR,42,-12.189999999999998,219,285.1482499999967,5,2,92.87799999999973,7.990000000000204,1,15.4
1,B,PREDATOR,43,-12.11,211,285.1482499999967,6,2,87.07499999999952,4.930000000000243,0,15.4
1,B,PREDATOR,44,11.573333333333006,301,285.1482499999967,337,0,82.44495548961372,0.0,1,15.4
1,B,PREDATOR,45,-12.189999999999998,219,285.1482499999967,337,2,91.6608011869435,2.920000000000246,0,15.4
1,B,PREDATOR,46,-12.259999999999996,226,285.1482499999967,5,2,91.36599999999967,10.40625000000015,1,15.4
1,B,PREDATOR,47,-12.189999999999998,219,285.1482499999967,5,1,89.19999999999959,17.140000000000185,1,15.4
1,B,PREDATOR,48,-12.309999999999995,231,285.1482499999967,337,0,87.2877448071214,0.0,0,15.4
1,B,PREDATOR,49,-12.169999999999998,217,285.1482499999967,5,2,96.44799999999987,12.280000000000204,1,15.4
1,B,PREDATOR,50,-12.169999999999998,217,285.1482499999967,337,1,89.6940059347179,22.63250000000008,1,15.4
1,B,PREDATOR,51,-12.489999999999991,249,285.1482499999967,337,2,84.62762611275924,12.33750000000025,2,15.4
1,B,PREDATOR,52,-12.249999999999996,225,285.1482499999967,6,1,87.44499999999954,1.3000000000002208,0,15.4
1,B,PREDATOR,53,-12.309999999999995,231,285.1482499999967,6,0,88.77499999999958,0.0,0,15.4
1,B,PREDATOR,54,-12.259999999999996,226,285.1482499999967,337,2,78.42949554896066,21.455000000000183,2,15.4
1,B,PREDATOR,55,-12.369999999999994,237,285.1482499999967,6,0,89.6199999999996,0.0,0,15.4
1,B,PREDATOR,56,-12.359999999999994,236,285.1482499999967,5,1,85.71399999999946,19.460000000000075,1,15.4
1,B,PREDATOR,57,-12.439999999999992,244,285.1482499999967,6,0,89.16999999999958,0.0,0,15.4
1,B,PREDATOR,58,-12.309999999999995,231,285.1482499999967,6,0,88.36499999999955,0.0,0,15.4
1,B,PREDATOR,59,-12.289999999999996,229,285.1482499999967,6,0,85.69999999999946,0.0,0,15.4
1,B,PREDATOR,60,-12.229999999999997,223,285.1482499999967,2,2,89.70999999999961,49.55499999999992,4,15.4
1,B,PREDATOR,61,930.3758333333273,500,285.1482499999967,337,1,74.94492581602277,99.58,43,15.4
1,B,PREDATOR,62,-12.139999999999999,214,285.1482499999967,6,2,89.1099999999996,3.5200000000002336,0,15.4
1,B,PREDATOR,63,-12.239999999999997,224,285.1482499999967,6,1,87.31999999999952,0.8200000000002488,0,15.4
1,B,PREDATOR,64,-12.209999999999997,221,285.1482499999967,6,1,89.09999999999958,0.28000000000024067,0,15.4
1,B,PREDATOR,65,-12.159999999999998,216,285.1482499999967,5,2,94.33599999999979,15.648750000000142,1,15.4
1,B,PREDATOR,66,-12.239999999999997,224,285.1482499999967,6,0,90.31499999999964,0.0,0,15.4
1,B,PREDATOR,67,5.053333333333098,257,285.1482499999967,337,0,80.99373887240304,0.0,1,15.4
1,B,PREDATOR,68,-12.389999999999993,239,285.1482499999967,337,0,83.81943620177996,0.0,0,15.4
1,B,PREDATOR,69,32.3525000000002,330,285.1482499999967,4,0,96.21999999999986,0.0,2,15.4
1,B,PREDATOR,70,10.319166666666197,282,285.1482499999967,3,1,88.95999999999958,2.39749999999996,3,15.4
1,B,PREDATOR,71,-12.329999999999995,233,285.1482499999967,6,0,88.86499999999957,0.0,0,15.4
1,B,PREDATOR,72,-12.53999999999999,254,285.1482499999967,337,1,75.52721068249171,39.22000000000014,34,15.4
1,B,PREDATOR,73,-12.279999999999996,228,285.1482499999967,6,0,89.3599999999996,0.0,0,15.4
1,B,PREDATOR,74,-12.139999999999999,214,285.1482499999967,6,2,88.75999999999958,4.570000000000242,0,15.4
1,B,PREDATOR,75,-12.219999999999997,222,285.1482499999967,6,0,87.72499999999953,0.0,0,15.4
1,B,PREDATOR,76,-12.409999999999993,241,285.1482499999967,4,1,88.85499999999958,45.42750000000018,2,15.4
1,B,PREDATOR,77,-12.179999999999998,218,285.1482499999967,6,2,88.72999999999956,1.540000000000235,0,15.4
1,B,PREDATOR,78,-12.269999999999996,227,285.1482499999967,6,0,91.03499999999967,0.0,0,15.4
1,B,PREDATOR,79,12.310833333332925,261,285.1482499999967,337,0,84.27771513353073,0.0,1,15.4
1,B,PREDATOR,80,-12.239999999999997,224,285.1482499999967,5,1,89.5659999999996,19.527500000000114,1,15.4
1,B,PREDATOR,81,-12.289999999999996,229,285.1482499999967,5,1,90.23799999999963,10.840000000000185,1,15.4
1,B,PREDATOR,82,-12.339999999999995,234,285.1482499999967,5,1,90.61599999999964,9.940000000000168,1,15.4
1,B,PREDATOR,83,30.195000000000114,368,285.1482499999967,4,0,94.07499999999979,0.0,2,15.4
1,B,PREDATOR,84,-12.189999999999998,219,285.1482499999967,6,2,90.39999999999964,2.0200000000002505,0,15.4
1,B,PREDATOR,85,-12.239999999999997,224,285.1482499999967,337,1,87.42338278931719,0.8200000000002248,0,15.4
1,B,PREDATOR,86,-12.169999999999998,217,285.1482499999967,337,1,80.78094955489556,18.400000000000148,1,15.4
1,B,PREDATOR,87,-12.189999999999998,219,285.1482499999967,6,1,93.90999999999978,4.120000000000261,0,15.4
1,B,PREDATOR,88,-12.199999999999998,220,285.1482499999967,5,1,91.35999999999967,22.26500000000004,1,15.4
1,B,PREDATOR,89,-12.189999999999998,219,285.1482499999967,6,0,88.67999999999957,0.0,0,15.4
1,B,PREDATOR,90,-12.239999999999997,224,285.1482499999967,337,0,90.81759643916902,0.0,0,15.4
1,B,PREDATOR,91,-12.209999999999997,221,285.1482499999967,6,2,87.63999999999953,4.180000000000237,0,15.4
1,B,PREDATOR,92,-12.179999999999998,218,285.1482499999967,6,1,89.26499999999959,1.8400000000002297,0,15.4
1,B,PREDATOR,93,35.24000000000002,387,285.1482499999967,4,0,86.20749999999947,0.0,2,15.4
1,B,PREDATOR,94,-12.409999999999993,241,285.1482499999967,6,0,89.4249999999996,0.0,0,15.4
1,B,PREDATOR,95,12.2283333333329,276,285.1482499999967,3,1,90.77999999999965,21.81499999999992,3,15.4
1,B,PREDATOR,96,-12.369999999999994,237,285.1482499999967,6,0,90.44999999999963,0.0,0,15.4
1,B,PREDATOR,97,-12.409999999999993,241,285.1482499999967,5,1,89.18199999999959,20.660000000000046,1,15.4
1,B,PREDATOR,98,-12.369999999999994,237,285.1482499999967,337,2,79.97326409495493,18.915000000000106,3,15.4
1,B,PREDATOR,99,-12.409999999999993,241,285.1482499999967,235,0,80.79242553191487,0.0,0,15.4
1,B,PREDATOR,100,-12.51999999999999,252,285.1482499999967,5,1,86.7459999999995,6.640000000000172,1,15.4
1,B,PREDATOR,101,-12.469999999999992,247,285.1482499999967,6,0,87.40999999999951,0.0,0,15.4
1,B,PREDATOR,102,-12.56999999999999,257,285.1482499999967,6,0,88.53499999999957,0.0,0,15.4
1,B,PREDATOR,103,-12.349999999999994,235,285.1482499999967,337,2,91.04970326409479,18.322500000000097,2,15.4
1,B,PREDATOR,104,12.256666666666222,284,285.1482499999967,2,1,88.65999999999957,20.577500000000022,4,15.4
1,B,PREDATOR,105,-12.289999999999996,229,285.1482499999967,337,0,78.3435608308605,0.0,0,15.4
1,B,PREDATOR,106,-12.509999999999991,251,285.1482499999967,6,0,94.35999999999979,0.0,0,15.4
1,B,PREDATOR,107,11.3816666666663,304,285.1482499999967,4,0,94.95999999999981,0.0,2,15.4
1,B,PREDATOR,108,-12.459999999999992,246,285.1482499999967,6,0,86.21999999999947,0.0,0,15.4
1,B,PREDATOR,109,-12.489999999999991,249,285.1482499999967,4,1,91.27749999999966,32.610000000000625,2,15.4
1,B,PREDATOR,110,-11.49,149,285.1482499999967,148,1,84.22324324324322,51.21499999999979,1,15.4
1,B,PREDATOR,111,11.743333333332883,284,285.1482499999967,5,0,89.5719999999996,0.0,1,15.4
1,B,PREDATOR,112,-12.439999999999992,244,285.1482499999967,6,0,92.11499999999971,0.0,0,15.4
1,B,PREDATOR,113,-12.159999999999998,216,285.1482499999967,4,2,92.52249999999972,19.810000000000173,2,15.4
1,B,PREDATOR,114,7.586666666666181,265,285.1482499999967,4,1,87.04749999999952,5.862499999999993,2,15.4
1,B,PREDATOR,115,-12.419999999999993,242,285.1482499999967,6,0,89.47499999999961,0.0,0,15.4
1,B,PREDATOR,116,33.68000000000035,399,285.1482499999967,4,0,90.17499999999963,0.0,2,15.4
1,B,PREDATOR,117,-12.12,212,285.1482499999967,337,2,87.94293768545965,1.2100000000002418,0,15.4
1,B,PREDATOR,118,-12.289999999999996,229,285.1482499999967,4,2,91.14249999999967,21.500000000000156,2,15.4
1,B,PREDATOR,119,-12.389999999999993,239,285.1482499999967,6,0,88.62499999999956,0.0,0,15.4
1,B,PREDATOR,120,-12.199999999999998,220,285.1482499999967,337,2,86.83335311572696,13.420000000000215,1,15.4
1,B,PREDATOR,121,-12.349999999999994,235,285.1482499999967,6,0,87.47999999999952,0.0,0,15.4
1,B,PREDATOR,122,8.404166666666184,271,285.1482499999967,4,1,87.03249999999952,2.75750000000006,2,15.4
1,B,PREDATOR,123,-12.189999999999998,219,285.1482499999967,6,2,85.36499999999944,4.57000000000024,0,15.4
1,B,PREDATOR,124,-12.289999999999996,229,285.1482499999967,5,1,88.59999999999957,17.442499999999985,1,15.4
1,B,PREDATOR,125,12.230833333332912,269,285.1482499999967,4,1,95.85249999999985,5.260000000000158,2,15.4
1,B,PREDATOR,126,-12.259999999999996,226,285.1482499999967,4,1,86.6949999999995,57.87999999999988,2,15.4
1,B,PREDATOR,127,-12.159999999999998,216,285.1482499999967,337,1,90.98661721068235,2.6800000000002324,0,15.4
1,B,PREDATOR,128,-12.489999999999991,249,285.1482499999967,337,0,81.31267062314483,0.0,0,15.4
1,B,PREDATOR,129,-12.509999999999991,251,285.1482499999967,5,1,89.4519999999996,12.590000000000027,1,15.4
1,B,PREDATOR,130,-12.439999999999992,244,285.1482499999967,337,1,86.38557863501448,1.1200000000002495,0,15.4
1,B,PREDATOR,131,8.319999999999785,338,285.1482499999967,337,0,79.08356083085988,0.0,1,15.4
1,B,PREDATOR,132,-12.229999999999997,223,285.1482499999967,337,1,91.90385756676542,18.580000000000144,1,15.4
1,B,PREDATOR,133,-12.639999999999988,264,285.1482499999967,3,2,85.60999999999945,6.581250000000258,3,15.4
1,B,PREDATOR,134,-12.139999999999999,214,285.1482499999967,337,2,80.86949554896088,4.27000000000025,0,15.4
1,B,PREDATOR,135,-12.179999999999998,218,285.1482499999967,5,2,88.26399999999956,13.455000000000123,1,15.4
1,B,PREDATOR,136,12.015833333332859,304,285.1482499999967,337,1,78.57130563798154,13.695000000000206,3,15.4
1,B,PREDATOR,137,-12.219999999999997,222,285.1482499999967,337,1,82.87151335311566,21.22000000000017,1,15.4
1,B,PREDATOR,138,-12.239999999999997,224,285.1482499999967,337,0,80.1223145400593,0.0,0,15.4
1,B,PREDATOR,139,-12.159999999999998,216,285.1482499999967,337,2,87.61670623145369,4.330000000000238,0,15.4
1,B,PREDATOR,140,-12.269999999999996,227,285.1482499999967,337,1,86.7594955489611,21.14750000000002,1,15.4
1,B,PREDATOR,141,-12.53999999999999,254,285.1482499999967,5,1,91.05999999999966,7.900000000000181,1,15.4
1,B,PREDATOR,142,-12.179999999999998,218,285.1482499999967,5,2,88.50399999999956,17.340000000000447,1,15.4
1,B,PREDATOR,143,6.898333333333008,353,285.1482499999967,5,0,87.65199999999953,0.0,1,15.4
1,B,PREDATOR,144,-12.439999999999992,244,285.1482499999967,337,0,85.32284866468801,0.0,0,15.4
1,B,PREDATOR,145,-12.169999999999998,217,285.1482499999967,4,2,88.14999999999955,21.333750000000098,2,15.4
1,B,PREDATOR,146,-12.169999999999998,217,285.1482499999967,6,2,85.23499999999945,3.4600000000002225,0,15.4
1,B,PREDATOR,147,-12.359999999999994,236,285.1482499999967,6,0,91.60999999999967,0.0,0,15.4
1,B,PREDATOR,148,-12.179999999999998,218,285.1482499999967,337,2,81.21047477744754,12.780000000000149,1,15.4
1,B,PREDATOR,149,-12.169999999999998,217,285.1482499999967,337,1,86.0163501483676,1.6600000000002602,0,15.4
1,B,PREDATOR,150,-12.489999999999991,249,285.1482499999967,4,2,88.53999999999957,9.735000000000086,2,15.4
1,B,PREDATOR,151,10.405833333332835,303,285.1482499999967,337,0,83.42997032640898,0.0,2,15.4
1,B,PREDATOR,152,-12.149999999999999,215,285.1482499999967,337,1,87.25133531157236,26.00000000000004,1,15.4
1,B,PREDATOR,153,-12.309999999999995,231,285.1482499999967,6,0,91.60999999999969,0.0,0,15.4
1,B,PREDATOR,154,-12.509999999999991,251,285.1482499999967,3,2,82.63999999999935,31.638750000000147,5,15.4
1,B,PREDATOR,155,-12.269999999999996,227,285.1482499999967,5,2,90.80199999999965,11.910000000000181,1,15.4
1,B,PREDATOR,156,30.52999999999995,414,285.1482499999967,4,0,89.94999999999962,0.0,2,15.4
1,B,PREDATOR,157,2969.630833333291,500,285.1482499999967,337,1,81.79213649851529,87.51999999999981,134,15.4
1,B,PREDATOR,158,105.43249999999797,500,285.1482499999967,1,1,80.25999999999925,45.82499999999923,5,15.4
1,B,PREDATOR,159,85.67333333333107,500,285.1482499999967,2,1,92.85999999999973,3.339999999999997,4,15.4
1,B,PREDATOR,160,11.515833333332855,300,285.1482499999967,337,0,81.3097922848659,0.0,2,15.4
1,B,PREDATOR,161,-12.209999999999997,221,285.1482499999967,5,1,84.60999999999942,18.27500000000022,1,15.4
1,B,PREDATOR,162,-12.449999999999992,245,285.1482499999967,92,0,84.28630434782605,0.0,0,15.4
1,B,PREDATOR,163,-12.219999999999997,222,285.1482499999967,6,1,91.8749999999997,0.4600000000002457,0,15.4
1,B,PREDATOR,164,-12.509999999999991,251,285.1482499999967,337,0,88.91786350148347,0.0,0,15.4
1,B,PREDATOR,165,-12.609999999999989,261,285.1482499999967,337,0,84.10011869436156,0.0,0,15.4
1,B,PREDATOR,166,10.413333333332828,309,285.1482499999967,4,0,93.44499999999975,0.0,2,15.4
1,B,PREDATOR,167,-12.189999999999998,219,285.1482499999967,6,2,91.7749999999997,3.370000000000235,0,15.4
1,B,PREDATOR,168,-12.159999999999998,216,285.1482499999967,27,2,96.83370370370368,12.581250000000155,1,15.4
1,B,PREDATOR,169,128.82499999999865,500,285.1482499999967,0,1,0.0,58.58500000000049,6,15.4
1,B,PREDATOR,170,11.523333333333072,360,285.1482499999967,5,0,92.27799999999971,0.0,1,15.4
1,B,PREDATOR,171,9.288333333332863,273,285.1482499999967,337,0,80.5339465875365,0.0,1,15.4
1,B,PREDATOR,172,-12.11,211,285.1482499999967,5,2,89.4639999999996,18.52000000000023,1,15.4
1,B,PREDATOR,173,-12.359999999999994,236,285.1482499999967,4,2,86.13249999999947,12.81000000000014,2,15.4
1,B,PREDATOR,174,-12.139999999999999,214,285.1482499999967,5,2,92.87199999999973,9.43000000000023,1,15.4
1,B,PREDATOR,175,-12.179999999999998,218,285.1482499999967,4,2,90.54249999999965,29.547500000000216,2,15.4
1,B,PREDATOR,176,-12.389999999999993,239,285.1482499999967,6,0,89.3799999999996,0.0,0,15.4
1,B,PREDATOR,177,-12.229999999999997,223,285.1482499999967,5,2,90.35199999999963,9.10000000000019,1,15.4
1,B,PREDATOR,178,-12.54999999999999,255,285.1482499999967,337,0,83.30026706231406,0.0,0,15.4
1,B,PREDATOR,179,-12.789999999999985,279,285.1482499999967,337,0,82.92896142433207,0.0,0,15.4
1,B,PREDATOR,180,51.087499999999835,494,285.1482499999967,3,0,91.8799999999997,0.0,3,15.4
1,B,PREDATOR,181,-12.409999999999993,241,285.1482499999967,6,0,93.96499999999976,0.0,0,15.4
1,B,PREDATOR,182,60.62250000000027,500,285.1482499999967,3,1,89.5599999999996,2.4325000000006156,3,15.4
1,B,PREDATOR,183,-12.11,211,285.1482499999967,337,2,84.0407121661717,3.2800000000002374,0,15.4
1,B,PREDATOR,184,-12.209999999999997,221,285.1482499999967,6,2,92.2449999999997,0.43000000000025396,0,15.4
1,B,PREDATOR,185,9.366666666666193,276,285.1482499999967,4,0,87.71499999999953,0.0,2,15.4
1,B,PREDATOR,186,-12.179999999999998,218,285.1482499999967,5,2,92.1339999999997,9.730000000000198,1,15.4
1,B,PREDATOR,187,10.595833333332793,335,285.1482499999967,4,0,86.6649999999995,0.0,2,15.4
1,B,PREDATOR,188,-12.349999999999994,235,285.1482499999967,337,2,90.9982195845696,2.800000000000244,0,15.4
1,B,PREDATOR,189,-12.239999999999997,224,285.1482499999967,5,2,97.2879999999999,9.941250000000158,1,15.4
1,B,PREDATOR,190,-12.209999999999997,221,285.1482499999967,6,1,88.74499999999956,3.8800000000002335,0,15.4
1,B,PREDATOR,191,52.07416666666686,499,285.1482499999967,1,0,92.67999999999972,0.0,5,15.4
1,B,PREDATOR,192,-12.159999999999998,216,285.1482499999967,6,2,92.74999999999973,1.6300000000002162,0,15.4
1,B,PREDATOR,193,-12.55999999999999,256,285.1482499999967,6,0,92.3349999999997,0.0,0,15.4
1,B,PREDATOR,194,-12.689999999999987,269,285.1482499999967,337,0,89.38308605341216,0.0,0,15.4
1,B,PREDATOR,195,-12.509999999999991,251,285.1482499999967,6,0,93.76999999999975,0.0,0,15.4
1,B,PREDATOR,196,11.368333333332883,281,285.1482499999967,337,0,81.36519287833774,0.0,1,15.4
1,B,PREDATOR,197,-12.189999999999998,219,285.1482499999967,5,2,87.63399999999953,12.070000000000206,1,15.4
1,B,PREDATOR,198,-12.689999999999987,269,285.1482499999967,6,0,90.48999999999963,0.0,0,15.4
1,B,PREDATOR,199,11.969166666666295,314,285.1482499999967,337,0,78.89296735904978,0.0,1,15.4
1,B,PREDATOR,200,9.278333333332826,298,285.1482499999967,5,0,89.5839999999996,0.0,1,15.4
1,B,PREDATOR,201,-12.149999999999999,215,285.1482499999967,337,2,90.3176261127595,2.3500000000002568,0,15.4
1,B,PREDATOR,202,-12.159999999999998,216,285.1482499999967,337,2,86.2816617210679,2.08000000000024,0,15.4
1,B,PREDATOR,203,10.24833333333286,285,285.1482499999967,3,1,85.60999999999945,3.477499999999922,3,15.4
1,B,PREDATOR,204,-12.339999999999995,234,285.1482499999967,337,1,79.37489614243285,19.720000000000166,1,15.4
1,B,PREDATOR,205,-12.379999999999994,238,285.1482499999967,6,0,87.27499999999952,0.0,0,15.4
1,B,PREDATOR,206,-12.159999999999998,216,285.1482499999967,337,2,86.56658753709164,2.2300000000002433,0,15.4
1,B,PREDATOR,207,-12.379999999999994,238,285.1482499999967,337,0,92.60813056379811,0.0,0,15.4
1,B,PREDATOR,208,-12.169999999999998,217,285.1482499999967,6,2,90.42499999999963,1.0600000000002383,0,15.4
1,B,PREDATOR,209,-12.639999999999988,264,285.1482499999967,337,0,77.86436201780343,0.0,0,15.4
1,B,PREDATOR,210,-12.159999999999998,216,285.1482499999967,337,2,82.93804154302622,12.610000000000225,1,15.4
1,B,PREDATOR,211,-12.459999999999992,246,285.1482499999967,5,1,92.53599999999972,7.2400000000001885,1,15.4
1,B,PREDATOR,212,-12.129999999999999,213,285.1482499999967,5,2,91.41399999999967,18.720000000000365,1,15.4
1,B,PREDATOR,213,-12.129999999999999,213,285.1482499999967,5,2,92.54199999999972,13.428750000000154,1,15.4
1,B,PREDATOR,214,-12.309999999999995,231,285.1482499999967,6,0,90.87999999999965,0.0,0,15.4
1,B,PREDATOR,215,-12.459999999999992,246,285.1482499999967,337,1,79.67068249258153,10.602500000000004,1,15.4
1,B,PREDATOR,216,10.760833333332835,308,285.1482499999967,4,0,92.2599999999997,0.0,2,15.4
1,B,PREDATOR,217,-12.269999999999996,227,285.1482499999967,5,2,90.32199999999963,9.438750000000294,1,15.4
1,B,PREDATOR,218,-12.189999999999998,219,285.1482499999967,308,2,78.23022727272725,13.03875000000015,1,15.4
1,B,PREDATOR,219,10.745833333332813,323,285.1482499999967,337,0,79.52727002967295,0.0,1,15.4
1,B,PREDATOR,220,7.569166666666186,260,285.1482499999967,4,1,88.95249999999959,1.7200000000001736,2,15.4
1,B,PREDATOR,221,-12.789999999999985,279,285.1482499999967,337,0,81.83302670623094,0.0,0,15.4
1,B,PREDATOR,222,-12.859999999999983,286,285.1482499999967,5,0,88.32999999999956,0.0,1,15.4
1,B,PREDATOR,223,-12.289999999999996,229,285.1482499999967,6,1,92.43999999999971,5.6200000000002435,0,15.4
1,B,PREDATOR,224,-12.169999999999998,217,285.1482499999967,229,2,77.21375545851525,1.5100000000002542,0,15.4
1,B,PREDATOR,225,-12.219999999999997,222,285.1482499999967,337,2,86.26685459940616,18.640000000000168,3,15.4
1,B,PREDATOR,226,-12.489999999999991,249,285.1482499999967,6,0,91.09499999999967,0.0,0,15.4
1,B,PREDATOR,227,-12.209999999999997,221,285.1482499999967,337,1,90.58474777448053,2.0800000000002496,0,15.4
1,B,PREDATOR,228,-12.409999999999993,241,285.1482499999967,6,0,87.87499999999955,0.0,0,15.4
1,B,PREDATOR,229,11.118333333332844,306,285.1482499999967,337,0,78.67477744807059,0.0,1,15.4
1,B,PREDATOR,230,-12.409999999999993,241,285.1482499999967,337,0,89.2396142433234,0.0,0,15.4
1,B,PREDATOR,231,-11.97,197,285.1482499999967,337,2,88.4140949554894,5.873750000000155,1,15.4
1,B,PREDATOR,232,-12.659999999999988,266,285.1482499999967,30,1,91.30899999999997,3.4250000000000735,1,15.4
1,B,PREDATOR,233,-12.759999999999986,276,285.1482499999967,6,0,87.06999999999952,0.0,0,15.4
1,B,PREDATOR,234,-12.739999999999986,274,285.1482499999967,6,0,86.18999999999949,0.0,0,15.4
1,B,PREDATOR,235,-12.199999999999998,220,285.1482499999967,337,1,91.41709198813047,0.4000000000002603,0,15.4
1,B,PREDATOR,236,-12.639999999999988,264,285.1482499999967,6,0,91.88999999999969,0.0,0,15.4
1,B,PREDATOR,237,-12.269999999999996,227,285.1482499999967,6,1,91.69999999999969,0.4600000000002031,0,15.4
1,B,PREDATOR,238,-12.489999999999991,249,285.1482499999967,337,1,89.80320474777426,15.995000000000012,1,15.4
1,B,PREDATOR,239,10.741666666666157,314,285.1482499999967,3,0,89.19999999999959,0.0,3,15.4
1,B,PREDATOR,240,972.1399999999971,500,285.1482499999967,337,1,73.70468842729872,100.0,42,15.4
1,B,PREDATOR,241,316.14250000000163,500,285.1482499999967,337,1,73.45605341246184,26.26999999999998,14,15.4
1,B,PREDATOR,242,-12.409999999999993,241,285.1482499999967,4,1,87.68499999999953,41.30000000000041,2,15.4
1,B,PREDATOR,243,-12.439999999999992,244,285.1482499999967,337,0,85.6418100890204,0.0,0,15.4
1,B,PREDATOR,244,-13.309999999999974,331,285.1482499999967,337,0,69.18528189910874,0.0,1,15.4
1,B,PREDATOR,245,-12.909999999999982,291,285.1482499999967,6,0,92.2799999999997,0.0,0,15.4
1,B,PREDATOR,246,-12.159999999999998,216,285.1482499999967,2,2,83.87499999999939,45.3700000000001,4,15.4
1,B,PREDATOR,247,11.306666666666226,271,285.1482499999967,3,1,86.15999999999947,8.320000000000164,3,15.4
1,B,PREDATOR,248,-12.509999999999991,251,285.1482499999967,6,0,91.23999999999967,0.0,0,15.4
1,B,PREDATOR,249,-12.439999999999992,244,285.1482499999967,5,1,91.89399999999969,6.580000000000177,1,15.4
1,B,PREDATOR,250,-12.229999999999997,223,285.1482499999967,261,0,81.03620689655172,0.0,0,15.4
1,B,PREDATOR,251,-12.709999999999987,271,285.1482499999967,337,0,84.77181008902039,0.0,0,15.4
1,B,PREDATOR,252,-12.509999999999991,251,285.1482499999967,6,0,89.6499999999996,0.0,0,15.4
1,B,PREDATOR,253,-12.689999999999987,269,285.1482499999967,6,0,86.4299999999995,0.0,0,15.4
1,B,PREDATOR,254,-12.159999999999998,216,285.1482499999967,4,2,91.15749999999966,29.656249999999954,2,15.4
1,B,PREDATOR,255,10.408333333332807,323,285.1482499999967,4,0,90.48249999999965,0.0,2,15.4
1,B,PREDATOR,256,10.000833333332677,411,285.1482499999967,337,0,69.9308308605332,0.0,1,15.4
1,B,PREDATOR,257,11.33416666666614,356,285.1482499999967,4,0,93.66999999999976,0.0,2,15.4
1,B,PREDATOR,258,-12.259999999999996,226,285.1482499999967,6,2,89.99499999999962,2.3800000000002273,0,15.4
1,B,PREDATOR,259,-12.209999999999997,221,285.1482499999967,6,1,90.73999999999965,5.3800000000002575,0,15.4
1,B,PREDATOR,260,-12.139999999999999,214,285.1482499999967,204,2,79.00568627450977,1.8700000000002466,0,15.4
1,B,PREDATOR,261,6.974166666665978,397,285.1482499999967,337,1,79.72483679525142,96.63999999999999,156,15.4
1,B,PREDATOR,262,33.91750000000049,421,285.1482499999967,4,0,92.0199999999997,0.0,2,15.4
1,B,PREDATOR,263,-12.719999999999986,272,285.1482499999967,5,0,95.03199999999981,0.0,1,15.4
1,B,PREDATOR,264,8.714166666666083,348,285.1482499999967,4,0,92.1099999999997,0.0,2,15.4
1,B,PREDATOR,265,-12.689999999999987,269,285.1482499999967,337,0,80.49290801186888,0.0,0,15.4
1,B,PREDATOR,266,-12.749999999999986,275,285.1482499999967,337,0,86.35317507418362,0.0,0,15.4
1,B,PREDATOR,267,-12.759999999999986,276,285.1482499999967,5,1,86.12799999999947,3.49250000000042,1,15.4
1,B,PREDATOR,268,-12.739999999999986,274,285.1482499999967,337,1,81.46857566765527,90.63999999999965,25,15.4
1,B,PREDATOR,269,11.440833333332863,294,285.1482499999967,3,1,95.91999999999985,16.1700000000003,3,15.4
1,B,PREDATOR,270,32.71000000000056,400,285.1482499999967,4,0,87.81999999999954,0.0,2,15.4
1,B,PREDATOR,271,-12.839999999999984,284,285.1482499999967,6,0,90.42999999999965,0.0,0,15.4
1,B,PREDATOR,272,-12.299999999999995,230,285.1482499999967,4,2,87.14499999999951,20.426250000000124,2,15.4
1,B,PREDATOR,273,-12.399999999999993,240,285.1482499999967,4,2,90.83499999999965,17.66250000000006,2,15.4
1,B,PREDATOR,274,91.60583333333143,500,285.1482499999967,2,1,90.26499999999963,21.5224999999999,4,15.4
1,B,PREDATOR,275,-12.369999999999994,237,285.1482499999967,4,1,90.06999999999962,35.80000000000018,2,15.4
1,B,PREDATOR,276,40.42750000000067,500,285.1482499999967,337,1,76.29525222551827,0.759999999999694,2,15.4
1,B,PREDATOR,277,8.370833333332806,304,285.1482499999967,5,0,87.25599999999952,0.0,1,15.4
1,B,PREDATOR,278,-12.389999999999993,239,285.1482499999967,6,0,89.8899999999996,0.0,0,15.4
1,B,PREDATOR,279,39.595000000000574,500,285.1482499999967,4,1,91.45749999999968,0.9749999999999358,2,15.4
1,B,PREDATOR,280,10.86666666666646,411,285.1482499999967,4,0,96.29499999999986,0.0,2,15.4
1,B,PREDATOR,281,-12.07,207,285.1482499999967,3,2,84.0999999999994,27.16000000000021,3,15.4
1,B,PREDATOR,282,-12.159999999999998,216,285.1482499999967,337,2,81.70308605341236,16.45125000000015,1,15.4
1,B,PREDATOR,283,-13.04999999999998,305,285.1482499999967,337,1,81.37151335311525,100.0,130,15.4
1,B,PREDATOR,284,-12.209999999999997,221,285.1482499999967,5,2,84.79599999999942,14.186250000000298,1,15.4
1,B,PREDATOR,285,8.70666666666609,342,285.1482499999967,337,0,78.3573293768541,0.0,2,15.4
1,B,PREDATOR,286,-12.339999999999995,234,285.1482499999967,5,1,90.44199999999964,19.12000000000018,1,15.4
1,B,PREDATOR,287,-12.409999999999993,241,285.1482499999967,337,0,81.67507418397574,0.0,0,15.4
1,B,PREDATOR,288,11.628333333332845,309,285.1482499999967,2,1,87.62499999999953,35.24499999999985,4,15.4
1,B,PREDATOR,289,-12.709999999999987,271,285.1482499999967,6,0,92.39999999999971,0.0,0,15.4
1,B,PREDATOR,290,9.830833333332803,320,285.1482499999967,5,0,91.17999999999967,0.0,1,15.4
1,B,PREDATOR,291,-12.789999999999985,279,285.1482499999967,4,1,87.45249999999953,27.712500000000265,2,15.4
1,B,PREDATOR,292,-12.339999999999995,234,285.1482499999967,4,1,89.3199999999996,36.524999999999956,2,15.4
1,B,PREDATOR,293,-12.609999999999989,261,285.1482499999967,337,1,85.82367952522218,5.945000000000034,1,15.4
1,B,PREDATOR,294,-13.089999999999979,309,285.1482499999967,64,0,90.75609374999996,0.0,0,15.4
1,B,PREDATOR,295,-12.619999999999989,262,285.1482499999967,337,0,79.60062314539995,0.0,0,15.4
1,B,PREDATOR,296,-12.11,211,285.1482499999967,6,2,93.60999999999974,3.430000000000229,0,15.4
1,B,PREDATOR,297,61.02500000000003,500,285.1482499999967,1,1,89.07999999999959,5.09499999999991,5,15.4
1,B,PREDATOR,298,-12.55999999999999,256,285.1482499999967,6,0,87.77999999999953,0.0,0,15.4
1,B,PREDATOR,299,-13.05999999999998,306,285.1482499999967,337,0,82.20234421364934,0.0,2,15.4
1,B,PREDATOR,300,-12.839999999999984,284,285.1482499999967,6,0,84.1649999999994,0.0,0,15.4
1,B,PREDATOR,301,31.177499999999654,497,285.1482499999967,4,0,92.28999999999971,0.0,2,15.4
1,B,PREDATOR,302,10.948333333332778,350,285.1482499999967,5,0,95.04399999999981,0.0,1,15.4
1,B,PREDATOR,303,-12.619999999999989,262,285.1482499999967,5,1,90.69399999999965,1.960000000000173,1,15.4
1,B,PREDATOR,304,-12.369999999999994,237,285.1482499999967,6,1,88.49999999999956,1.360000000000216,0,15.4
1,B,PREDATOR,305,-12.239999999999997,224,285.1482499999967,3,2,89.2399999999996,28.020000000000106,3,15.4
1,B,PREDATOR,306,-12.299999999999995,230,285.1482499999967,337,1,92.06148367952513,0.40000000000024183,0,15.4
1,B,PREDATOR,307,11.494166666666134,340,285.1482499999967,4,0,91.82499999999969,0.0,2,15.4
1,B,PREDATOR,308,-12.809999999999985,281,285.1482499999967,337,0,85.63691394658717,0.0,1,15.4
1,B,PREDATOR,309,671.1499999999965,500,285.1482499999967,337,1,82.96290801186831,54.63999999999969,32,15.4
1,B,PREDATOR,310,-12.759999999999986,276,285.1482499999967,5,0,90.48399999999964,0.0,1,15.4
1,B,PREDATOR,311,7.966666666666283,281,285.1482499999967,4,1,89.91999999999962,5.36000000000005,2,15.4
1,B,PREDATOR,312,-12.269999999999996,227,285.1482499999967,5,1,93.51999999999975,22.85000000000012,1,15.4
1,B,PREDATOR,313,-12.809999999999985,281,285.1482499999967,4,0,90.03249999999963,0.0,2,15.4
1,B,PREDATOR,314,-12.219999999999997,222,285.1482499999967,337,2,83.89605341246273,0.46000000000026264,0,15.4
1,B,PREDATOR,315,54.03499999999817,375,285.1482499999967,2,0,96.09999999999985,0.0,4,15.4
1,B,PREDATOR,316,-12.55999999999999,256,285.1482499999967,337,0,73.73649851632044,0.0,1,15.4
1,B,PREDATOR,317,-12.489999999999991,249,285.1482499999967,5,1,92.52999999999972,11.907500000000354,1,15.4
1,B,PREDATOR,318,-12.419999999999993,242,285.1482499999967,4,1,87.08499999999951,38.324999999999804,2,15.4
1,B,PREDATOR,319,-12.58999999999999,259,285.1482499999967,12,1,97.63666666666661,6.522500000000464,1,15.4
1,B,PREDATOR,320,-12.439999999999992,244,285.1482499999967,6,0,89.42999999999961,0.0,0,15.4
1,B,PREDATOR,321,-12.199999999999998,220,285.1482499999967,337,1,86.18468842729948,2.500000000000221,0,15.4
1,B,PREDATOR,322,-12.339999999999995,234,285.1482499999967,337,0,82.72112759643899,0.0,0,15.4
1,B,PREDATOR,323,-12.409999999999993,241,285.1482499999967,337,0,89.85219584569714,0.0,0,15.4
1,B,PREDATOR,324,-12.58999999999999,259,285.1482499999967,337,0,88.42302670623121,0.0,0,15.4
1,B,PREDATOR,325,-12.58999999999999,259,285.1482499999967,6,0,89.40999999999958,0.0,0,15.4
1,B,PREDATOR,326,-13.00999999999998,301,285.1482499999967,6,0,92.05499999999971,0.0,0,15.4
1,B,PREDATOR,327,10.003333333332877,269,285.1482499999967,5,0,85.35399999999944,0.0,1,15.4
1,B,PREDATOR,328,-12.389999999999993,239,285.1482499999967,337,1,74.52762611275874,3.2200000000002333,0,15.4
1,B,PREDATOR,329,-12.199999999999998,220,285.1482499999967,337,1,93.62934718100882,21.027500000000032,1,15.4
1,B,PREDATOR,330,-12.909999999999982,291,285.1482499999967,337,0,78.28528189910911,0.0,0,15.4
1,B,PREDATOR,331,-12.959999999999981,296,285.1482499999967,6,0,90.03999999999962,0.0,0,15.4
1,B,PREDATOR,332,-12.339999999999995,234,285.1482499999967,5,1,90.81399999999965,18.965000000000405,1,15.4
1,B,PREDATOR,333,-12.289999999999996,229,285.1482499999967,6,0,90.31999999999964,0.0,0,15.4
1,B,PREDATOR,334,28.697500000000247,376,285.1482499999967,4,0,90.85749999999965,0.0,2,15.4
1,B,PREDATOR,335,-13.259999999999975,326,285.1482499999967,6,0,89.09999999999958,0.0,0,15.4
1,B,PREDATOR,336,-13.109999999999978,311,285.1482499999967,6,0,92.1349999999997,0.0,0,15.4
1,B,PREDATOR,337,-12.739999999999986,274,285.1482499999967,337,1,82.7501186943615,4.437500000000089,1,15.4
1,B,PREDATOR,338,8.566666666666292,344,285.1482499999967,4,0,91.80999999999969,0.0,2,15.4
1,B,PREDATOR,339,31.380000000000386,455,285.1482499999967,4,0,90.81249999999966,0.0,2,15.4
1,B,PREDATOR,340,-12.409999999999993,241,285.1482499999967,75,1,80.4813333333333,34.12000000000021,2,15.4
1,B,PREDATOR,341,-12.859999999999983,286,285.1482499999967,5,0,89.3919999999996,0.0,1,15.4
1,B,PREDATOR,342,-11.870000000000001,187,285.1482499999967,6,1,94.62499999999979,13.360000000000236,0,15.4
1,B,PREDATOR,343,-12.789999999999985,279,285.1482499999967,4,1,88.68249999999958,14.74000000000017,2,15.4
1,B,PREDATOR,344,-12.909999999999982,291,285.1482499999967,5,0,91.10799999999966,0.0,1,15.4
1,B,PREDATOR,345,8.78333333333286,403,285.1482499999967,5,0,87.51399999999953,0.0,1,15.4
1,B,PREDATOR,346,107.47999999999854,500,285.1482499999967,1,1,99.63999999999999,84.32999999999804,5,15.4
1,B,PREDATOR,347,110.44416666666551,500,285.1482499999967,0,1,0.0,29.52750000000029,6,15.4
1,B,PREDATOR,348,-12.52999999999999,253,285.1482499999967,337,1,83.96379821958415,13.89500000000026,1,15.4
1,B,PREDATOR,349,-12.389999999999993,239,285.1482499999967,2,2,90.42999999999964,28.210000000000207,4,15.4
1,B,PREDATOR,350,8.548333333332897,281,285.1482499999967,4,1,92.1549999999997,0.35000000000004833,2,15.4
1,B,PREDATOR,351,-12.799999999999985,280,285.1482499999967,6,0,91.20999999999965,0.0,0,15.4
1,B,PREDATOR,352,-12.929999999999982,293,285.1482499999967,337,0,90.60878338278907,0.0,1,15.4
1,B,PREDATOR,353,-12.759999999999986,276,285.1482499999967,337,0,89.29519287833804,0.0,0,15.4
1,B,PREDATOR,354,-12.409999999999993,241,285.1482499999967,6,0,87.82999999999954,0.0,0,15.4
1,B,PREDATOR,355,-12.759999999999986,276,285.1482499999967,337,1,84.06356083086008,0.3725000000003475,1,15.4
1,B,PREDATOR,356,-12.399999999999993,240,285.1482499999967,5,1,88.07199999999955,16.52000000000018,1,15.4
1,B,PREDATOR,357,11.040833333332879,280,285.1482499999967,6,1,77.08999999999989,6.950000000000455,3,15.4
1,B,PREDATOR,358,-12.209999999999997,221,285.1482499999967,6,2,89.24499999999959,5.23000000000023,0,15.4
1,B,PREDATOR,359,-12.189999999999998,219,285.1482499999967,304,2,77.45440789473682,0.670000000000248,0,15.4
1,B,PREDATOR,360,4629.792499999945,500,285.1482499999967,337,1,81.26329376854511,100.0,208,15.4
1,B,PREDATOR,361,-13.319999999999974,332,285.1482499999967,6,0,86.11999999999948,0.0,0,15.4
1,B,PREDATOR,362,11.58999999999961,356,285.1482499999967,337,0,77.44442136498444,0.0,1,15.4
1,B,PREDATOR,363,11.700833333332868,295,285.1482499999967,337,0,82.62192878338233,0.0,1,15.4
1,B,PREDATOR,364,-12.189999999999998,219,285.1482499999967,5,2,95.00199999999981,12.280000000000172,1,15.4
1,B,PREDATOR,365,33.172500000000426,347,285.1482499999967,337,0,75.61418397626034,0.0,2,15.4
1,B,PREDATOR,366,-12.859999999999983,286,285.1482499999967,5,0,90.64599999999965,0.0,1,15.4
1,B,PREDATOR,367,-12.609999999999989,261,285.1482499999967,337,0,89.54572700296717,0.0,0,15.4
1,B,PREDATOR,368,-12.469999999999992,247,285.1482499999967,5,1,91.65999999999968,12.252500000000099,1,15.4
1,B,PREDATOR,369,-12.689999999999987,269,285.1482499999967,5,0,89.3799999999996,0.0,1,15.4
1,B,PREDATOR,370,-12.229999999999997,223,285.1482499999967,337,0,88.04545994065253,0.0,0,15.4
1,B,PREDATOR,371,-12.799999999999985,280,285.1482499999967,4,0,93.78999999999976,0.0,2,15.4
1,B,PREDATOR,372,-13.05999999999998,306,285.1482499999967,5,0,91.10799999999966,0.0,1,15.4
1,B,PREDATOR,373,8.428333333332729,359,285.1482499999967,337,0,71.11899109792193,0.0,2,15.4
1,B,PREDATOR,374,-12.209999999999997,221,285.1482499999967,4,1,88.73499999999957,32.32000000000022,2,15.4
1,B,PREDATOR,375,12.01583333333304,277,285.1482499999967,5,0,90.56799999999964,0.0,1,15.4
1,B,PREDATOR,376,-13.109999999999978,311,285.1482499999967,6,0,92.48499999999972,0.0,0,15.4
1,B,PREDATOR,377,-12.489999999999991,249,285.1482499999967,6,0,91.60999999999967,0.0,0,15.4
1,B,PREDATOR,378,-12.629999999999988,263,285.1482499999967,337,0,85.86967359050405,0.0,0,15.4
1,B,PREDATOR,379,-12.389999999999993,239,285.1482499999967,337,0,87.06192878338247,0.0,0,15.4
1,B,PREDATOR,380,-13.00999999999998,301,285.1482499999967,5,0,89.5779999999996,0.0,1,15.4
1,B,PREDATOR,381,-13.189999999999976,319,285.1482499999967,6,0,88.45499999999957,0.0,0,15.4
1,B,PREDATOR,382,11.178333333332892,354,285.1482499999967,5,0,87.59199999999953,0.0,1,15.4
1,B,PREDATOR,383,11.611666666666187,305,285.1482499999967,337,0,83.70522255192833,0.0,2,15.4
1,B,PREDATOR,384,-12.339999999999995,234,285.1482499999967,337,0,82.01364985163183,0.0,0,15.4
1,B,PREDATOR,385,-13.00999999999998,301,285.1482499999967,4,0,89.3799999999996,0.0,2,15.4
1,B,PREDATOR,386,-12.859999999999983,286,285.1482499999967,4,1,90.42999999999964,33.80000000000063,2,15.4
1,B,PREDATOR,387,7.749166666666143,377,285.1482499999967,4,0,90.72999999999965,0.0,2,15.4
1,B,PREDATOR,388,-12.229999999999997,223,285.1482499999967,5,2,92.67399999999972,11.872500000000134,1,15.4
1,B,PREDATOR,389,7.553333333332839,271,285.1482499999967,5,0,87.77199999999954,0.0,1,15.4
1,B,PREDATOR,390,-12.959999999999981,296,285.1482499999967,5,0,94.08399999999978,0.0,1,15.4
1,B,PREDATOR,391,-12.909999999999982,291,285.1482499999967,4,0,94.3824999999998,0.0,2,15.4
1,B,PREDATOR,392,1066.3299999999986,500,285.1482499999967,337,1,73.0325222551919,99.51999999999998,49,15.4
1,B,PREDATOR,393,84.45833333333317,500,285.1482499999967,2,1,86.7699999999995,35.5250000000009,4,15.4
1,B,PREDATOR,394,7.341666666666216,414,285.1482499999967,4,0,93.86499999999977,0.0,2,15.4
1,B,PREDATOR,395,1006.2925000000002,500,285.1482499999967,337,1,71.62670623145299,45.219999999999686,42,15.4
1,B,PREDATOR,396,-13.429999999999971,343,285.1482499999967,5,0,90.93399999999966,0.0,1,15.4
1,B,PREDATOR,397,34.95750000000054,344,285.1482499999967,3,0,89.2699999999996,0.0,3,15.4
1,B,PREDATOR,398,-12.12,212,285.1482499999967,337,2,92.0983086053411,3.3100000000002376,0,15.4
1,B,PREDATOR,399,7.6741666666660695,344,285.1482499999967,4,0,88.91499999999958,0.0,2,15.4
1,B,PREDATOR,400,39.24999999999952,500,285.1482499999967,4,1,89.35749999999959,0.9299999999993976,2,15.4
1,B,PREDATOR,401,8.598333333332603,450,285.1482499999967,4,0,92.67249999999973,0.0,2,15.4
1,B,PREDATOR,402,-13.179999999999977,318,285.1482499999967,6,0,93.60999999999974,0.0,0,15.4
1,B,PREDATOR,403,-12.169999999999998,217,285.1482499999967,337,1,80.44026706231399,4.960000000000265,0,15.4
1,B,PREDATOR,404,-12.709999999999987,271,285.1482499999967,6,0,91.26999999999968,0.0,0,15.4
1,B,PREDATOR,405,9.518333333332746,358,285.1482499999967,3,0,88.51999999999957,0.0,3,15.4
1,B,PREDATOR,406,-12.469999999999992,247,285.1482499999967,6,0,90.09999999999962,0.0,0,15.4
1,B,PREDATOR,407,-13.00999999999998,301,285.1482499999967,337,0,73.06801186943532,0.0,0,15.4
1,B,PREDATOR,408,-12.159999999999998,216,285.1482499999967,337,2,86.24543026706196,3.580000000000218,0,15.4
1,B,PREDATOR,409,12.250833333332915,267,285.1482499999967,4,1,89.3049999999996,13.017500000000283,2,15.4
1,B,PREDATOR,410,-12.659999999999988,266,285.1482499999967,6,0,92.69999999999972,0.0,0,15.4
1,B,PREDATOR,411,-12.649999999999988,265,285.1482499999967,6,0,89.96999999999962,0.0,0,15.4
1,B,PREDATOR,412,32.55083333333376,438,285.1482499999967,337,0,77.93928783382717,0.0,3,15.4
1,B,PREDATOR,413,-13.559999999999969,356,285.1482499999967,6,0,87.92999999999954,0.0,0,15.4
1,B,PREDATOR,414,-13.219999999999976,322,285.1482499999967,337,0,77.84703264094884,0.0,0,15.4
1,B,PREDATOR,415,9.223333333333,350,285.1482499999967,5,0,94.7919999999998,0.0,1,15.4
1,B,PREDATOR,416,8.050833333332603,444,285.1482499999967,337,0,80.92608308605286,0.0,1,15.4
1,B,PREDATOR,417,8.680833333332584,462,285.1482499999967,5,0,92.79999999999973,0.0,1,15.4
1,B,PREDATOR,418,84.78833333333213,500,285.1482499999967,2,1,89.66499999999961,18.75500000000065,4,15.4
1,B,PREDATOR,419,-12.749999999999986,275,285.1482499999967,6,0,91.77999999999969,0.0,0,15.4
1,B,PREDATOR,420,-13.659999999999966,366,285.1482499999967,5,0,93.50799999999975,0.0,1,15.4
1,B,PREDATOR,421,-12.329999999999995,233,285.1482499999967,6,1,93.30499999999977,1.8400000000002619,0,15.4
1,B,PREDATOR,422,33.47750000000072,438,285.1482499999967,337,0,69.73765578634921,0.0,3,15.4
1,B,PREDATOR,423,-12.309999999999995,231,285.1482499999967,337,2,82.96747774480667,7.540000000000198,1,15.4
1,B,PREDATOR,424,-12.769999999999985,277,285.1482499999967,337,0,82.779970326409,0.0,0,15.4
1,B,PREDATOR,425,-12.53999999999999,254,285.1482499999967,337,0,79.62344213649791,0.0,0,15.4
1,B,PREDATOR,426,7.8933333333328175,291,285.1482499999967,4,1,91.65999999999968,5.180000000000481,2,15.4
1,B,PREDATOR,427,-12.53999999999999,254,285.1482499999967,337,1,81.63872403560781,61.17999999999987,20,15.4
1,B,PREDATOR,428,-12.839999999999984,284,285.1482499999967,6,0,86.41999999999949,0.0,0,15.4
1,B,PREDATOR,429,-13.159999999999977,316,285.1482499999967,337,0,68.39495548961318,0.0,0,15.4
1,B,PREDATOR,430,2726.48499999997,500,285.1482499999967,337,1,79.4656083086046,99.75999999999999,131,15.4
1,B,PREDATOR,431,-12.189999999999998,219,285.1482499999967,337,1,90.00504451038569,0.8200000000002283,0,15.4
1,B,PREDATOR,432,-13.799999999999963,380,285.1482499999967,6,0,88.47499999999957,0.0,0,15.4
1,B,PREDATOR,433,-13.309999999999974,331,285.1482499999967,6,0,85.40999999999944,0.0,0,15.4
1,B,PREDATOR,434,-12.229999999999997,223,285.1482499999967,215,2,69.59139534883718,19.060000000000194,2,15.4
1,B,PREDATOR,435,8.033333333332846,271,285.1482499999967,4,1,89.46249999999961,7.595000000000441,2,15.4
1,B,PREDATOR,436,10.544166666666088,362,285.1482499999967,337,0,69.34252225519188,0.0,1,15.4
1,B,PREDATOR,437,-12.869999999999983,287,285.1482499999967,337,0,79.25798219584507,0.0,0,15.4
1,B,PREDATOR,438,-12.379999999999994,238,285.1482499999967,337,1,86.26308605341207,0.9400000000002364,0,15.4
1,B,PREDATOR,439,-12.54999999999999,255,285.1482499999967,6,0,92.93499999999973,0.0,0,15.4
1,B,PREDATOR,440,-12.839999999999984,284,285.1482499999967,337,1,78.27857566765512,43.51750000000038,3,15.4
1,B,PREDATOR,441,-13.00999999999998,301,285.1482499999967,5,0,89.72199999999961,0.0,1,15.4
1,B,PREDATOR,442,32.512500000000514,440,285.1482499999967,3,0,96.59999999999987,0.0,3,15.4
1,B,PREDATOR,443,7.125833333332709,358,285.1482499999967,5,0,93.42399999999975,0.0,1,15.4
1,B,PREDATOR,444,-12.58999999999999,259,285.1482499999967,337,0,91.04525222551912,0.0,0,15.4
1,B,PREDATOR,445,-11.25,125,285.1482499999967,5,2,87.69399999999953,30.090000000000042,1,15.4
1,B,PREDATOR,446,-12.959999999999981,296,285.1482499999967,4,0,89.66499999999962,0.0,2,15.4
1,B,PREDATOR,447,-13.05999999999998,306,285.1482499999967,6,0,91.40999999999967,0.0,0,15.4
1,B,PREDATOR,448,-12.909999999999982,291,285.1482499999967,337,0,81.73878338278874,0.0,0,15.4
1,B,PREDATOR,449,-12.409999999999993,241,285.1482499999967,337,0,85.29353115726967,0.0,0,15.4
1,B,PREDATOR,450,-13.109999999999978,311,285.1482499999967,210,0,80.34642857142856,0.0,0,15.4
1,B,PREDATOR,451,-12.689999999999987,269,285.1482499999967,337,1,85.94183976261087,6.897500000000396,1,15.4
1,B,PREDATOR,452,11.128333333332845,305,285.1482499999967,337,0,82.52091988130513,0.0,1,15.4
1,B,PREDATOR,453,10.639999999999704,359,285.1482499999967,3,0,92.4099999999997,0.0,3,15.4
1,B,PREDATOR,454,-12.54999999999999,255,285.1482499999967,6,0,86.9299999999995,0.0,0,15.4
1,B,PREDATOR,455,6.540833333332708,352,285.1482499999967,5,0,87.28599999999952,0.0,1,15.4
1,B,PREDATOR,456,-13.209999999999976,321,285.1482499999967,4,0,89.37249999999959,0.0,2,15.4
1,B,PREDATOR,457,-12.509999999999991,251,285.1482499999967,337,0,85.5137982195842,0.0,0,15.4
1,B,PREDATOR,458,-13.05999999999998,306,285.1482499999967,5,0,89.03199999999958,0.0,1,15.4
1,B,PREDATOR,459,-12.12,212,285.1482499999967,134,2,83.79611940298506,17.516250000000355,1,15.4
1,B,PREDATOR,460,-13.209999999999976,321,285.1482499999967,6,0,91.13499999999966,0.0,0,15.4
1,B,PREDATOR,461,-13.089999999999979,309,285.1482499999967,5,0,97.86399999999992,0.0,1,15.4
1,B,PREDATOR,462,56.14749999999818,435,285.1482499999967,3,0,86.7599999999995,0.0,3,15.4
1,B,PREDATOR,463,7.204166666665865,487,285.1482499999967,98,0,85.24704081632652,0.0,2,15.4
1,B,PREDATOR,464,8.984999999999642,418,285.1482499999967,337,0,71.00887240355978,0.0,1,15.4
1,B,PREDATOR,465,-12.11,211,285.1482499999967,337,2,88.48353115726977,3.5800000000002385,0,15.4
1,B,PREDATOR,466,32.702500000000356,340,285.1482499999967,3,0,86.60999999999949,0.0,3,15.4
1,B,PREDATOR,467,-12.129999999999999,213,285.1482499999967,6,2,92.1549999999997,7.240000000000235,0,15.4
1,B,PREDATOR,468,-13.03999999999998,304,285.1482499999967,6,0,93.58499999999975,0.0,0,15.4
1,B,PREDATOR,469,8.436666666666278,366,285.1482499999967,337,0,87.47255192878329,0.0,2,15.4
1,B,PREDATOR,470,-12.389999999999993,239,285.1482499999967,337,1,88.4270326409493,10.240000000000165,1,15.4
1,B,PREDATOR,471,6.6908333333329235,370,285.1482499999967,5,0,86.9739999999995,0.0,1,15.4
1,B,PREDATOR,472,-12.209999999999997,221,285.1482499999967,6,2,90.32499999999963,4.030000000000234,0,15.4
1,B,PREDATOR,473,46.15250000000059,500,285.1482499999967,337,1,72.56050445103749,3.1725000000003662,2,15.4
1,B,PREDATOR,474,3360.44749999996,500,285.1482499999967,337,1,72.50456973293687,98.37999999999995,161,15.4
1,B,PREDATOR,475,9.489999999999553,354,285.1482499999967,337,0,70.29943620177951,0.0,1,15.4
1,B,PREDATOR,476,43.937500000000874,500,285.1482499999967,4,1,87.72999999999954,4.8999999999997526,2,15.4
1,B,PREDATOR,477,10.170833333332629,448,285.1482499999967,5,0,91.80999999999969,0.0,1,15.4
1,B,PREDATOR,478,-12.609999999999989,261,285.1482499999967,5,1,89.89599999999962,2.560000000000148,1,15.4
1,B,PREDATOR,479,9.03583333333293,348,285.1482499999967,337,0,81.1623442136493,0.0,1,15.4
1,B,PREDATOR,480,-12.259999999999996,226,285.1482499999967,5,2,93.70599999999976,10.432500000000129,1,15.4
1,B,PREDATOR,481,32.132500000000555,451,285.1482499999967,4,0,89.92749999999961,0.0,2,15.4
1,B,PREDATOR,482,-13.02999999999998,303,285.1482499999967,337,0,78.33468842729923,0.0,0,15.4
1,B,PREDATOR,483,-13.409999999999972,341,285.1482499999967,337,0,80.93302670623088,0.0,0,15.4
1,B,PREDATOR,484,-12.889999999999983,289,285.1482499999967,337,0,80.82712166172072,0.0,1,15.4
1,B,PREDATOR,485,-12.899999999999983,290,285.1482499999967,4,0,91.14999999999966,0.0,2,15.4
1,B,PREDATOR,486,-12.609999999999989,261,285.1482499999967,337,0,82.95531157269977,0.0,0,15.4
1,B,PREDATOR,487,92.40499999999821,500,285.1482499999967,337,1,71.83916913946499,25.625000000000725,4,15.4
1,B,PREDATOR,488,4128.379999999968,500,285.1482499999967,337,1,75.69830860534046,100.0,189,15.4
1,B,PREDATOR,489,10.994166666666212,363,285.1482499999967,337,0,79.33415430266999,0.0,2,15.4
1,B,PREDATOR,490,9.175833333332568,480,285.1482499999967,5,0,90.05199999999962,0.0,1,15.4
1,B,PREDATOR,491,10.983333333332725,387,285.1482499999967,4,0,88.18749999999955,0.0,2,15.4
1,B,PREDATOR,492,9.653333333332677,409,285.1482499999967,5,0,87.98799999999954,0.0,1,15.4
1,B,PREDATOR,493,9.175833333332607,453,285.1482499999967,5,0,92.30799999999971,0.0,1,15.4
1,B,PREDATOR,494,-13.539999999999969,354,285.1482499999967,337,0,70.54629080118605,0.0,0,15.4
1,B,PREDATOR,495,-12.779999999999985,278,285.1482499999967,4,0,86.89749999999951,0.0,2,15.4
1,B,PREDATOR,496,-12.98999999999998,299,285.1482499999967,4,1,91.7724999999997,18.580000000000087,2,15.4
1,B,PREDATOR,497,11.563333333332777,356,285.1482499999967,5,0,92.34999999999971,0.0,1,15.4
1,B,PREDATOR,498,-13.50999999999997,351,285.1482499999967,6,0,91.45499999999969,0.0,0,15.4
1,B,PREDATOR,499,9.643333333332764,386,285.1482499999967,337,0,77.18210682492509,0.0,2,15.4
1,B,PREDATOR,500,11.247499999999684,356,285.1482499999967,337,0,80.53175074183915,0.0,1,15.4
2,A,PREY,1,1864.4700000000048,500,-95.04000000000053,5,1,90.57399999999964,28.36500000000015,2,3.3
2,A,PREY,2,2104.4100000000035,500,-95.04000000000053,3,2,93.34999999999975,59.46499999999892,28,3.3
2,A,PREY,3,2224.3799999999987,500,-95.04000000000053,338,0,86.5924260355017,0.0,1,3.3
2,A,PREY,4,227.59999999999997,83,-95.04000000000053,6,2,91.64499999999968,80.3399999999997,1,3.3
2,A,PREY,5,656.4800000000015,183,-95.04000000000053,5,2,92.1339999999997,48.646250000000094,2,3.3
2,A,PREY,6,2184.3900000000026,500,-95.04000000000053,338,0,77.96798816567937,0.0,0,3.3
2,A,PREY,7,627.710000000001,161,-95.04000000000053,286,2,62.12185314685314,67.08499999999982,2,3.3
2,A,PREY,8,2304.359999999997,500,-95.04000000000053,338,1,82.89171597633047,6.725000000000122,1,3.3
2,A,PREY,9,2744.2499999999764,500,-95.04000000000053,6,0,88.65999999999957,0.0,1,3.3
2,A,PREY,10,2784.2399999999825,500,-95.04000000000053,4,2,94.60749999999979,25.829999999999345,3,3.3
2,A,PREY,11,2184.3900000000017,500,-95.04000000000053,338,0,80.43041420118254,0.0,1,3.3
2,A,PREY,12,3024.179999999973,500,-95.04000000000053,4,2,87.18999999999951,12.294999999999975,3,3.3
2,A,PREY,13,3104.15999999997,500,-95.04000000000053,338,1,79.87834319526569,38.859999999999246,2,3.3
2,A,PREY,14,1707.860000000003,317,-95.04000000000053,337,2,83.45421364985128,37.008749999999864,2,3.3
2,A,PREY,15,2944.1999999999666,500,-95.04000000000053,6,1,89.84999999999961,22.549999999999958,1,3.3
2,A,PREY,16,1881.5900000000026,290,-95.04000000000053,5,2,86.04399999999947,40.70749999999967,2,3.3
2,A,PREY,17,2824.2299999999836,500,-95.04000000000053,338,0,82.39751479289825,0.0,0,3.3
2,A,PREY,18,1549.9400000000026,313,-95.04000000000053,337,2,76.98519287833763,72.45874999999963,44,3.3
2,A,PREY,19,2199.6799999999957,372,-95.04000000000053,5,1,94.23999999999978,60.62749999999941,2,3.3
2,A,PREY,20,3464.0699999999706,500,-95.04000000000053,338,1,86.60372781064969,59.682499999999095,3,3.3
2,A,PREY,21,3104.15999999998,500,-95.04000000000053,6,0,94.99999999999982,0.0,1,3.3
2,A,PREY,22,3344.0999999999567,500,-95.04000000000053,4,2,90.63999999999965,27.823749999999624,3,3.3
2,A,PREY,23,4543.799999999954,500,-95.04000000000053,6,0,92.45499999999971,0.0,1,3.3
2,A,PREY,24,3544.0499999999597,500,-95.04000000000053,338,1,80.85692307692223,98.40999999999914,119,3.3
2,A,PREY,25,25.91000000000001,8,-95.04000000000053,6,2,98.10999999999991,90.97,1,3.3
2,A,PREY,26,4303.85999999996,500,-95.04000000000053,338,0,82.67562130177423,0.0,0,3.3
2,A,PREY,27,3983.9399999999555,500,-95.04000000000053,338,1,77.97322485207003,91.47999999999968,32,3.3
2,A,PREY,28,4543.799999999948,500,-95.04000000000053,338,0,86.71698224851954,0.0,0,3.3
2,A,PREY,29,4063.9199999999582,500,-95.04000000000053,3,1,91.37999999999967,62.37249999999885,4,3.3
2,A,PREY,30,1629.7100000000023,235,-95.04000000000053,337,2,82.83602373887202,39.75000000000014,1,3.3
2,A,PREY,31,3743.999999999971,500,-95.04000000000053,338,0,80.20147928993994,0.0,0,3.3
2,A,PREY,32,4183.889999999966,500,-95.04000000000053,338,0,85.93183431952521,0.0,1,3.3
2,A,PREY,33,63.35,13,-95.04000000000053,6,2,97.26999999999991,91.71999999999997,1,3.3
2,A,PREY,34,4223.879999999963,500,-95.04000000000053,6,0,92.26999999999971,0.0,1,3.3
2,A,PREY,35,476.21000000000055,66,-95.04000000000053,6,2,87.32499999999952,81.73874999999974,1,3.3
2,A,PREY,36,4063.9199999999614,500,-95.04000000000053,338,1,79.67298816567939,71.85999999999903,41,3.3
2,A,PREY,37,4943.699999999946,500,-95.04000000000053,6,1,91.32999999999969,22.924999999999585,1,3.3
2,A,PREY,38,5303.609999999937,500,-95.04000000000053,338,1,83.34085798816459,28.359999999999392,1,3.3
2,A,PREY,39,4744.749999999951,500,-95.04000000000053,338,2,85.62860946745435,18.69124999999918,3,3.3
2,A,PREY,40,524.8700000000005,49,-95.04000000000053,10,2,83.47899999999983,88.5099999999999,1,3.3
2,A,PREY,41,2160.7999999999997,213,-95.04000000000053,169,2,74.67769230769228,60.438749999999644,1,3.3
2,A,PREY,42,5143.6499999999405,500,-95.04000000000053,338,1,85.20310650887461,69.93999999999893,19,3.3
2,A,PREY,43,5423.579999999932,500,-95.04000000000053,338,1,78.78127218934812,91.9599999999997,7,3.3
2,A,PREY,44,5743.4999999999345,500,-95.04000000000053,2,1,95.31999999999982,85.99999999999878,5,3.3
2,A,PREY,45,4783.739999999956,500,-95.04000000000053,338,0,78.9013313609457,0.0,0,3.3
2,A,PREY,46,5943.4499999999225,500,-95.04000000000053,338,1,83.84360946745531,39.11999999999919,2,3.3
2,A,PREY,47,4823.729999999962,500,-95.04000000000053,4,1,90.66249999999965,30.940000000000484,3,3.3
2,A,PREY,48,5263.619999999944,500,-95.04000000000053,338,2,84.38494082840126,14.32499999999957,2,3.3
2,A,PREY,49,3364.249999999983,287,-95.04000000000053,337,2,84.69112759643883,75.40874999999957,7,3.3
2,A,PREY,50,5743.499999999929,500,-95.04000000000053,4,1,94.52499999999979,29.25999999999946,3,3.3
2,A,PREY,51,5783.489999999937,500,-95.04000000000053,3,1,95.02999999999982,20.95999999999948,4,3.3
2,A,PREY,52,5702.689999999938,482,-95.04000000000053,2,2,90.90999999999966,41.4549999999995,5,3.3
2,A,PREY,53,1848.5300000000009,198,-95.04000000000053,5,2,89.21799999999959,60.58249999999963,2,3.3
2,A,PREY,54,6103.40999999993,500,-95.04000000000053,338,1,86.82417159763182,22.87999999999883,1,3.3
2,A,PREY,55,5263.619999999959,500,-95.04000000000053,5,1,92.46399999999971,8.259999999999525,2,3.3
2,A,PREY,56,2392.5799999999995,229,-95.04000000000053,4,2,93.99249999999978,69.14249999999953,3,3.3
2,A,PREY,57,6183.389999999931,500,-95.04000000000053,3,2,94.31999999999978,28.867499999999854,4,3.3
2,A,PREY,58,5943.449999999939,500,-95.04000000000053,6,0,94.5949999999998,0.0,1,3.3
2,A,PREY,59,6343.3499999999285,500,-95.04000000000053,5,1,96.28599999999986,28.207500000000003,2,3.3
2,A,PREY,60,5703.509999999949,500,-95.04000000000053,6,0,93.61999999999976,0.0,1,3.3
2,A,PREY,61,5903.459999999944,500,-95.04000000000053,4,1,92.94249999999974,63.06999999999944,3,3.3
2,A,PREY,62,5983.439999999934,500,-95.04000000000053,5,1,94.37799999999979,30.64500000000026,2,3.3
2,A,PREY,63,6663.269999999932,500,-95.04000000000053,338,1,76.71792899408176,0.21999999999933534,1,3.3
2,A,PREY,64,1484.0300000000018,207,-95.04000000000053,4,2,88.62999999999957,83.5737499999991,3,3.3
2,A,PREY,65,6183.38999999994,500,-95.04000000000053,338,0,84.57562130177381,0.0,0,3.3
2,A,PREY,66,6263.369999999937,500,-95.04000000000053,338,2,80.4063905325433,88.89999999999958,23,3.3
2,A,PREY,67,7583.039999999914,500,-95.04000000000053,338,0,82.64396449704014,0.0,0,3.3
2,A,PREY,68,6303.359999999935,500,-95.04000000000053,338,1,83.08973372780933,25.12500000000059,3,3.3
2,A,PREY,69,3566.269999999983,280,-95.04000000000053,5,1,87.00399999999951,68.27749999999945,2,3.3
2,A,PREY,70,7383.089999999912,500,-95.04000000000053,5,1,92.49999999999972,13.52249999999978,2,3.3
2,A,PREY,71,6983.189999999924,500,-95.04000000000053,4,1,92.47749999999971,3.590000000000222,3,3.3
2,A,PREY,72,7223.129999999914,500,-95.04000000000053,6,0,92.93499999999973,0.0,1,3.3
2,A,PREY,73,340.22000000000014,19,-95.04000000000053,6,2,95.93999999999984,91.35999999999996,1,3.3
2,A,PREY,74,6223.379999999943,500,-95.04000000000053,3,2,93.83999999999976,22.174999999999383,4,3.3
2,A,PREY,75,27.950000000000003,4,-95.04000000000053,6,2,99.18999999999996,92.25999999999999,1,3.3
2,A,PREY,76,949.4600000000008,79,-95.04000000000053,6,2,92.52499999999971,80.93624999999972,1,3.3
2,A,PREY,77,7103.159999999919,500,-95.04000000000053,338,1,87.30665680473251,17.059999999999576,1,3.3
2,A,PREY,78,7663.01999999991,500,-95.04000000000053,338,0,78.64615384615284,0.0,1,3.3
2,A,PREY,79,841.2200000000005,56,-95.04000000000053,6,2,88.32499999999955,86.26499999999979,1,3.3
2,A,PREY,80,7503.059999999922,500,-95.04000000000053,4,2,95.84499999999984,28.929999999999417,3,3.3
2,A,PREY,81,62.32999999999999,15,-95.04000000000053,7,2,96.03428571428563,91.55874999999993,1,3.3
2,A,PREY,82,6503.3099999999295,500,-95.04000000000053,338,0,83.10156804733616,0.0,0,3.3
2,A,PREY,83,7663.019999999912,500,-95.04000000000053,338,1,84.12139053254334,95.79999999999984,71,3.3
2,A,PREY,84,4632.739999999981,306,-95.04000000000053,5,2,92.55999999999972,56.08624999999914,2,3.3
2,A,PREY,85,6543.299999999936,500,-95.04000000000053,338,1,77.37715976331255,30.21000000000016,2,3.3
2,A,PREY,86,4883.899999999973,284,-95.04000000000053,2,2,88.65999999999957,70.84624999999912,5,3.3
2,A,PREY,87,7063.169999999927,500,-95.04000000000053,4,2,93.86499999999977,19.809999999999366,4,3.3
2,A,PREY,88,3213.2899999999954,188,-95.04000000000053,337,2,74.32433234421363,60.92624999999969,2,3.3
2,A,PREY,89,378.6800000000002,22,-95.04000000000053,5,2,94.5999999999998,99.69999999999999,2,3.3
2,A,PREY,90,8702.759999999906,500,-95.04000000000053,338,0,78.39955621301672,0.0,0,3.3
2,A,PREY,91,7822.9799999999195,500,-95.04000000000053,338,1,78.44085798816465,23.674999999999294,2,3.3
2,A,PREY,92,2758.099999999997,218,-95.04000000000053,4,2,92.63499999999972,67.72624999999974,3,3.3
2,A,PREY,93,9062.669999999898,500,-95.04000000000053,338,1,79.65452662721815,98.79999999999995,196,3.3
2,A,PREY,94,8182.889999999922,500,-95.04000000000053,6,0,92.80999999999972,0.0,1,3.3
2,A,PREY,95,7463.069999999921,500,-95.04000000000053,5,1,91.24599999999967,30.63999999999929,2,3.3
2,A,PREY,96,7503.059999999926,500,-95.04000000000053,7,1,94.13714285714263,3.699999999999661,0,3.3
2,A,PREY,97,2143.25,169,-95.04000000000053,5,2,89.91399999999962,72.29624999999979,2,3.3
2,A,PREY,98,7388.179999999929,392,-95.04000000000053,337,1,74.78774480712092,52.6399999999994,2,3.3
2,A,PREY,99,7623.029999999919,500,-95.04000000000053,3,1,90.17999999999962,64.53999999999895,4,3.3
2,A,PREY,100,1352.9300000000007,72,-95.04000000000053,6,2,85.25499999999944,80.00999999999976,1,3.3
2,A,PREY,101,7902.959999999916,500,-95.04000000000053,5,0,92.0079999999997,0.0,2,3.3
2,A,PREY,102,3631.249999999994,231,-95.04000000000053,5,2,89.3439999999996,53.15624999999979,2,3.3
2,A,PREY,103,5321.749999999966,288,-95.04000000000053,337,1,83.309495548961,59.839999999999655,1,3.3
2,A,PREY,104,8382.839999999913,500,-95.04000000000053,5,1,91.08999999999966,37.5899999999988,2,3.3
2,A,PREY,105,8582.789999999904,500,-95.04000000000053,6,0,90.29999999999963,0.0,1,3.3
2,A,PREY,106,9142.6499999999,500,-95.04000000000053,338,0,84.30292899408151,0.0,1,3.3
2,A,PREY,107,5679.319999999965,371,-95.04000000000053,337,2,78.9860237388714,87.57999999999957,14,3.3
2,A,PREY,108,9142.649999999905,500,-95.04000000000053,6,1,91.73999999999968,7.98499999999948,1,3.3
2,A,PREY,109,9342.5999999999,500,-95.04000000000053,338,0,81.34713017751328,0.0,0,3.3
2,A,PREY,110,5059.159999999973,254,-95.04000000000053,3,2,90.95999999999965,59.924999999999955,4,3.3
2,A,PREY,111,6703.249999999939,402,-95.04000000000053,337,1,78.33439169139405,100.0,74,3.3
2,A,PREY,112,9062.669999999902,500,-95.04000000000053,4,1,92.53749999999971,89.51999999999815,3,3.3
2,A,PREY,113,9102.6599999999,500,-95.04000000000053,4,1,94.4424999999998,26.359999999999467,3,3.3
2,A,PREY,114,9942.449999999895,500,-95.04000000000053,6,0,91.86499999999968,0.0,1,3.3
2,A,PREY,115,8182.889999999921,500,-95.04000000000053,5,1,88.50999999999956,15.297499999999433,2,3.3
2,A,PREY,116,4898.689999999979,255,-95.04000000000053,5,2,89.86599999999962,52.384999999999515,2,3.3
2,A,PREY,117,10142.399999999896,500,-95.04000000000053,5,2,91.13799999999966,6.830000000000409,2,3.3
2,A,PREY,118,8542.799999999917,500,-95.04000000000053,3,1,93.43999999999976,72.01999999999907,4,3.3
2,A,PREY,119,8542.799999999917,500,-95.04000000000053,6,1,91.8799999999997,17.02249999999928,1,3.3
2,A,PREY,120,9262.619999999903,500,-95.04000000000053,338,0,84.11464497041284,0.0,1,3.3
2,A,PREY,121,5275.639999999976,300,-95.04000000000053,5,2,90.86199999999965,44.30999999999983,2,3.3
2,A,PREY,122,9222.62999999991,500,-95.04000000000053,4,1,92.98749999999973,22.05999999999925,3,3.3
2,A,PREY,123,437.2400000000002,64,-95.04000000000053,6,2,85.93999999999947,82.91999999999977,1,3.3
2,A,PREY,124,7982.939999999923,500,-95.04000000000053,338,0,77.71568047337173,0.0,0,3.3
2,A,PREY,125,9702.509999999893,500,-95.04000000000053,7,0,90.01428571428535,0.0,0,3.3
2,A,PREY,126,8822.729999999916,500,-95.04000000000053,338,0,78.17230769230699,0.0,0,3.3
2,A,PREY,127,9942.4499999999,500,-95.04000000000053,7,0,92.38857142857114,0.0,0,3.3
2,A,PREY,128,10982.189999999884,500,-95.04000000000053,6,0,96.78999999999989,0.0,1,3.3
2,A,PREY,129,8862.719999999917,500,-95.04000000000053,6,1,90.30499999999962,0.7775000000001893,1,3.3
2,A,PREY,130,9022.679999999913,500,-95.04000000000053,338,2,85.05647928993969,97.4799999999999,124,3.3
2,A,PREY,131,9982.439999999899,500,-95.04000000000053,338,1,84.94068047337166,11.292499999999661,1,3.3
2,A,PREY,132,10102.40999999989,500,-95.04000000000053,4,1,93.69999999999976,54.08249999999903,3,3.3
2,A,PREY,133,8422.829999999916,500,-95.04000000000053,16,0,89.43249999999989,0.0,0,3.3
2,A,PREY,134,9542.549999999908,500,-95.04000000000053,4,1,88.86999999999958,34.38250000000031,3,3.3
2,A,PREY,135,2346.26,163,-95.04000000000053,6,2,86.12499999999947,59.93999999999983,1,3.3
2,A,PREY,136,8702.759999999917,500,-95.04000000000053,7,0,94.26999999999978,0.0,0,3.3
2,A,PREY,137,10062.419999999898,500,-95.04000000000053,338,0,75.5853254437859,0.0,1,3.3
2,A,PREY,138,10702.259999999895,500,-95.04000000000053,338,1,83.13310650887497,3.8749999999993747,1,3.3
2,A,PREY,139,8367.529999999922,432,-95.04000000000053,5,1,89.89599999999962,58.09999999999922,2,3.3
2,A,PREY,140,10022.429999999898,500,-95.04000000000053,7,0,95.24714285714268,0.0,0,3.3
2,A,PREY,141,2857.4599999999978,180,-95.04000000000053,6,2,88.96499999999958,42.00000000000016,1,3.3
2,A,PREY,142,9062.669999999911,500,-95.04000000000053,6,0,91.14499999999965,0.0,1,3.3
2,A,PREY,143,7027.759999999941,393,-95.04000000000053,337,2,75.0343026706224,31.07500000000033,3,3.3
2,A,PREY,144,11382.089999999887,500,-95.04000000000053,2,1,96.33999999999986,76.69749999999775,5,3.3
2,A,PREY,145,4693.639999999983,265,-95.04000000000053,5,2,90.77199999999965,61.66624999999927,2,3.3
2,A,PREY,146,8862.719999999914,500,-95.04000000000053,338,0,79.40644970414101,0.0,1,3.3
2,A,PREY,147,11022.179999999888,500,-95.04000000000053,338,0,74.74789940828319,0.0,2,3.3
2,A,PREY,148,11222.129999999885,500,-95.04000000000053,338,0,78.98053254437768,0.0,1,3.3
2,A,PREY,149,9742.499999999909,500,-95.04000000000053,338,1,77.42245562130074,70.71999999999895,10,3.3
2,A,PREY,150,10662.26999999989,500,-95.04000000000053,5,1,90.38799999999965,53.789999999998024,2,3.3
2,A,PREY,151,9182.63999999991,500,-95.04000000000053,6,0,91.19999999999966,0.0,1,3.3
2,A,PREY,152,9462.569999999909,500,-95.04000000000053,5,1,94.6119999999998,19.999999999999428,2,3.3
2,A,PREY,153,11182.139999999887,500,-95.04000000000053,6,1,93.54999999999977,8.405000000000319,1,3.3
2,A,PREY,154,6695.899999999955,338,-95.04000000000053,6,2,92.37499999999972,19.889999999999883,1,3.3
2,A,PREY,155,9862.469999999907,500,-95.04000000000053,5,1,91.82799999999969,30.34500000000029,2,3.3
2,A,PREY,156,3092.2999999999965,190,-95.04000000000053,5,2,90.04599999999962,65.15749999999963,2,3.3
2,A,PREY,157,11302.109999999886,500,-95.04000000000053,7,0,92.38857142857114,0.0,0,3.3
2,A,PREY,158,10502.309999999901,500,-95.04000000000053,338,2,83.01313609467307,42.46249999999904,16,3.3
2,A,PREY,159,10662.269999999897,500,-95.04000000000053,3,1,91.32999999999966,70.19249999999903,4,3.3
2,A,PREY,160,10862.219999999894,500,-95.04000000000053,338,0,84.49754437869711,0.0,1,3.3
2,A,PREY,161,3656.239999999997,182,-95.04000000000053,114,2,78.83991228070172,52.860000000000106,1,3.3
2,A,PREY,162,5304.9199999999755,321,-95.04000000000053,5,1,91.9539999999997,63.23249999999941,2,3.3
2,A,PREY,163,1436.4800000000007,65,-95.04000000000053,6,2,84.61999999999942,82.91624999999976,1,3.3
2,A,PREY,164,11821.979999999881,500,-95.04000000000053,7,0,91.54857142857112,0.0,1,3.3
2,A,PREY,165,10222.379999999901,500,-95.04000000000053,338,0,79.1912426035493,0.0,0,3.3
2,A,PREY,166,12101.90999999988,500,-95.04000000000053,4,1,88.13499999999955,20.197499999999575,3,3.3
2,A,PREY,167,7394.809999999945,379,-95.04000000000053,5,1,94.08999999999978,52.39999999999941,2,3.3
2,A,PREY,168,352.16000000000014,74,-95.04000000000053,124,2,78.03008064516125,80.96999999999974,1,3.3
2,A,PREY,169,8342.849999999928,500,-95.04000000000053,7,0,91.22285714285681,0.0,0,3.3
2,A,PREY,170,11622.029999999882,500,-95.04000000000053,7,0,94.35571428571407,0.0,0,3.3
2,A,PREY,171,2263.0099999999993,91,-95.04000000000053,6,2,90.53499999999964,76.46249999999972,1,3.3
2,A,PREY,172,12861.71999999987,500,-95.04000000000053,4,1,98.61999999999995,21.699999999999335,3,3.3
2,A,PREY,173,11022.179999999897,500,-95.04000000000053,5,1,94.09599999999978,28.549999999999986,2,3.3
2,A,PREY,174,788.4800000000002,81,-95.04000000000053,10,2,86.15799999999993,76.79624999999974,1,3.3
2,A,PREY,175,12821.729999999874,500,-95.04000000000053,3,1,93.15999999999974,63.12249999999896,4,3.3
2,A,PREY,176,11102.159999999896,500,-95.04000000000053,4,1,94.72749999999981,22.21999999999955,3,3.3
2,A,PREY,177,11981.939999999879,500,-95.04000000000053,338,1,79.46402366863806,25.200000000000326,2,3.3
2,A,PREY,178,10742.249999999898,500,-95.04000000000053,7,0,90.87571428571394,0.0,0,3.3
2,A,PREY,179,10742.249999999896,500,-95.04000000000053,338,1,84.75239644970291,8.000000000000242,1,3.3
2,A,PREY,180,11462.069999999892,500,-95.04000000000053,5,1,93.87399999999977,28.41000000000001,2,3.3
2,A,PREY,181,11062.169999999891,500,-95.04000000000053,4,1,97.6974999999999,38.39499999999972,3,3.3
2,A,PREY,182,13021.679999999875,500,-95.04000000000053,338,1,85.15372781064977,11.167500000000453,2,3.3
2,A,PREY,183,11382.089999999893,500,-95.04000000000053,338,2,81.34097633136028,100.0,340,3.3
2,A,PREY,184,5564.239999999973,283,-95.04000000000053,5,1,92.99199999999973,56.05999999999962,2,3.3
2,A,PREY,185,13101.659999999873,500,-95.04000000000053,5,0,91.9299999999997,0.0,2,3.3
2,A,PREY,186,8582.569999999936,324,-95.04000000000053,4,2,91.71999999999969,52.53999999999949,3,3.3
2,A,PREY,187,10862.219999999901,500,-95.04000000000053,338,0,76.19751479289833,0.0,1,3.3
2,A,PREY,188,3834.0499999999947,147,-95.04000000000053,5,2,86.88399999999952,81.82624999999955,2,3.3
2,A,PREY,189,13021.67999999987,500,-95.04000000000053,3,1,98.35999999999994,61.309999999998745,4,3.3
2,A,PREY,190,10662.269999999904,500,-95.04000000000053,6,0,97.26999999999991,0.0,1,3.3
2,A,PREY,191,12781.739999999874,500,-95.04000000000053,338,0,84.72005917159638,0.0,1,3.3
2,A,PREY,192,7059.889999999954,330,-95.04000000000053,337,2,89.71314540059339,57.41999999999934,3,3.3
2,A,PREY,193,11102.159999999894,500,-95.04000000000053,6,1,91.06999999999965,1.8999999999992763,1,3.3
2,A,PREY,194,11741.999999999885,500,-95.04000000000053,3,2,97.86999999999993,32.83499999999927,4,3.3
2,A,PREY,195,12741.749999999873,500,-95.04000000000053,338,0,79.94860946745453,0.0,0,3.3
2,A,PREY,196,4538.05999999999,178,-95.04000000000053,5,2,92.0079999999997,54.81500000000017,2,3.3
2,A,PREY,197,10342.349999999904,500,-95.04000000000053,4,1,95.70999999999984,62.42499999999862,3,3.3
2,A,PREY,198,6567.049999999962,277,-95.04000000000053,337,2,83.50928783382754,29.90999999999994,1,3.3
2,A,PREY,199,11941.94999999989,500,-95.04000000000053,5,0,96.73599999999988,0.0,2,3.3
2,A,PREY,200,11741.999999999889,500,-95.04000000000053,338,2,81.41926035502797,42.276249999999045,24,3.3
2,A,PREY,201,12781.739999999876,500,-95.04000000000053,338,0,80.83044378698123,0.0,0,3.3
2,A,PREY,202,12981.689999999873,500,-95.04000000000053,5,2,89.21199999999959,20.39374999999923,2,3.3
2,A,PREY,203,11821.979999999892,500,-95.04000000000053,5,1,94.91199999999981,6.47000000000019,2,3.3
2,A,PREY,204,666.4700000000003,85,-95.04000000000053,77,2,82.99922077922075,77.54999999999973,1,3.3
2,A,PREY,205,11142.149999999903,500,-95.04000000000053,338,0,79.56482248520653,0.0,1,3.3
2,A,PREY,206,13141.64999999987,500,-95.04000000000053,6,0,89.6449999999996,0.0,1,3.3
2,A,PREY,207,7326.559999999949,356,-95.04000000000053,337,2,77.33228486646816,32.66624999999966,2,3.3
2,A,PREY,208,13061.669999999871,500,-95.04000000000053,338,1,80.51819526627168,14.859999999999117,1,3.3
2,A,PREY,209,12781.739999999872,500,-95.04000000000053,6,0,89.83999999999962,0.0,1,3.3
2,A,PREY,210,13621.529999999866,500,-95.04000000000053,4,2,91.99749999999969,19.81999999999975,3,3.3
2,A,PREY,211,11781.98999999989,500,-95.04000000000053,7,0,95.15714285714269,0.0,0,3.3
2,A,PREY,212,12221.879999999886,500,-95.04000000000053,4,2,94.7499999999998,13.09374999999988,3,3.3
2,A,PREY,213,11821.979999999887,500,-95.04000000000053,338,0,84.77662721893381,0.0,0,3.3
2,A,PREY,214,4327.909999999995,198,-95.04000000000053,5,2,88.44399999999956,65.62124999999972,2,3.3
2,A,PREY,215,13621.529999999868,500,-95.04000000000053,5,1,89.64399999999961,24.03999999999964,2,3.3
2,A,PREY,216,12981.68999999988,500,-95.04000000000053,338,1,85.55769230769106,17.78749999999936,1,3.3
2,A,PREY,217,11981.939999999886,500,-95.04000000000053,338,0,81.743372781064,0.0,0,3.3
2,A,PREY,218,12381.839999999886,500,-95.04000000000053,4,1,88.23999999999955,13.239999999999387,3,3.3
2,A,PREY,219,994.5500000000005,69,-95.04000000000053,6,2,82.06499999999932,80.96999999999977,1,3.3
2,A,PREY,220,2715.05,224,-95.04000000000053,5,2,89.4039999999996,62.06999999999954,2,3.3
2,A,PREY,221,7535.1799999999475,339,-95.04000000000053,337,2,77.9970029673584,28.91999999999984,2,3.3
2,A,PREY,222,13901.459999999865,500,-95.04000000000053,338,2,83.49121301775038,30.058749999999392,3,3.3
2,A,PREY,223,13181.63999999987,500,-95.04000000000053,5,1,94.38399999999979,26.809999999999846,2,3.3
2,A,PREY,224,11981.93999999989,500,-95.04000000000053,4,1,93.97749999999976,82.67999999999795,3,3.3
2,A,PREY,225,13261.619999999872,500,-95.04000000000053,6,0,94.5549999999998,0.0,1,3.3
2,A,PREY,226,27.440000000000012,5,-95.04000000000053,6,2,98.91999999999996,92.19999999999999,1,3.3
2,A,PREY,227,27.95000000000001,4,-95.04000000000053,6,2,99.18999999999996,92.25999999999999,1,3.3
2,A,PREY,228,4171.009999999996,192,-95.04000000000053,6,2,87.96499999999953,54.02624999999996,1,3.3
2,A,PREY,229,14021.429999999866,500,-95.04000000000053,5,1,92.43999999999971,25.23499999999961,2,3.3
2,A,PREY,230,6361.489999999967,288,-95.04000000000053,337,2,77.3572700296729,41.99999999999969,2,3.3
2,A,PREY,231,12301.859999999886,500,-95.04000000000053,6,0,91.97999999999969,0.0,1,3.3
2,A,PREY,232,13901.45999999987,500,-95.04000000000053,6,1,90.68999999999964,7.7899999999998855,1,3.3
2,A,PREY,233,13021.679999999877,500,-95.04000000000053,4,0,90.72249999999966,0.0,3,3.3
2,A,PREY,234,3505.4599999999987,164,-95.04000000000053,6,2,91.83999999999969,59.21999999999987,1,3.3
2,A,PREY,235,3812.8399999999824,267,-95.04000000000053,337,2,85.99738872403537,62.66999999999954,3,3.3
2,A,PREY,236,1533.7100000000007,188,-95.04000000000053,337,2,86.37640949554871,60.68999999999975,1,3.3
2,A,PREY,237,12101.90999999989,500,-95.04000000000053,6,1,91.7099999999997,14.839999999999284,1,3.3
2,A,PREY,238,14021.42999999987,500,-95.04000000000053,338,0,79.10890532544275,0.0,0,3.3
2,A,PREY,239,14261.369999999863,500,-95.04000000000053,338,1,79.09999999999904,94.11999999999978,58,3.3
2,A,PREY,240,14861.21999999986,500,-95.04000000000053,338,1,79.23198224851971,78.27999999999918,7,3.3
2,A,PREY,241,11901.959999999892,500,-95.04000000000053,7,0,90.6571428571425,0.0,0,3.3
2,A,PREY,242,14021.429999999866,500,-95.04000000000053,338,1,87.48139053254319,25.647499999999088,3,3.3
2,A,PREY,243,13261.619999999883,500,-95.04000000000053,338,1,85.1339644970403,96.39999999999986,37,3.3
2,A,PREY,244,14541.299999999861,500,-95.04000000000053,7,0,93.78999999999976,0.0,0,3.3
2,A,PREY,245,13141.649999999878,500,-95.04000000000053,338,1,82.74502958579758,98.79999999999995,124,3.3
2,A,PREY,246,14821.229999999863,500,-95.04000000000053,338,0,76.65047337278,0.0,0,3.3
2,A,PREY,247,13181.63999999988,500,-95.04000000000053,5,2,88.82199999999959,9.170000000000071,2,3.3
2,A,PREY,248,14661.26999999986,500,-95.04000000000053,5,1,89.99799999999962,30.979999999999716,2,3.3
2,A,PREY,249,12781.739999999883,500,-95.04000000000053,338,2,80.17544378698125,1.7237500000000345,3,3.3
2,A,PREY,250,7041.829999999962,287,-95.04000000000053,337,2,83.13851632047435,55.12749999999936,3,3.3
2,A,PREY,251,13421.579999999878,500,-95.04000000000053,338,2,78.114349112425,23.05999999999916,2,3.3
2,A,PREY,252,1361.6000000000006,55,-95.04000000000053,5,2,91.84599999999969,98.52874999999972,2,3.3
2,A,PREY,253,11142.149999999907,500,-95.04000000000053,4,2,92.84499999999973,28.80999999999926,3,3.3
2,A,PREY,254,14861.219999999857,500,-95.04000000000053,338,1,80.41677514792809,100.0,37,3.3
2,A,PREY,255,5200.039999999981,213,-95.04000000000053,5,2,91.74999999999969,64.2299999999997,2,3.3
2,A,PREY,256,2450.93,193,-95.04000000000053,5,2,87.24399999999952,59.73499999999961,2,3.3
2,A,PREY,257,4743.619999999989,167,-95.04000000000053,337,2,88.20637982195838,59.1262499999999,1,3.3
2,A,PREY,258,14701.25999999986,500,-95.04000000000053,5,1,93.30999999999975,23.48999999999954,2,3.3
2,A,PREY,259,459.6800000000002,20,-95.04000000000053,6,2,95.29499999999983,91.29999999999995,1,3.3
2,A,PREY,260,15301.109999999857,500,-95.04000000000053,338,0,84.12772189348986,0.0,0,3.3
2,A,PREY,261,13741.499999999874,500,-95.04000000000053,7,0,92.525714285714,0.0,0,3.3
2,A,PREY,262,13741.499999999874,500,-95.04000000000053,6,0,88.55499999999957,0.0,1,3.3
2,A,PREY,263,14381.33999999987,500,-95.04000000000053,5,1,96.54399999999987,20.489999999999235,2,3.3
2,A,PREY,264,14261.369999999868,500,-95.04000000000053,4,1,94.09749999999977,63.89499999999885,3,3.3
2,A,PREY,265,1643.0600000000006,52,-95.04000000000053,6,2,87.42999999999954,87.8799999999999,1,3.3
2,A,PREY,266,13981.439999999873,500,-95.04000000000053,338,0,86.83875739644839,0.0,0,3.3
2,A,PREY,267,14141.39999999987,500,-95.04000000000053,338,2,84.34923076922972,49.814999999999195,41,3.3
2,A,PREY,268,7497.019999999955,257,-95.04000000000053,5,2,89.87799999999962,60.83999999999947,2,3.3
2,A,PREY,269,2169.770000000001,117,-95.04000000000053,6,2,88.98999999999957,62.759999999999934,1,3.3
2,A,PREY,270,9263.119999999932,401,-95.04000000000053,4,2,89.6049999999996,28.588749999999756,3,3.3
2,A,PREY,271,15061.16999999986,500,-95.04000000000053,338,2,79.21893491124186,92.76999999999973,266,3.3
2,A,PREY,272,14661.269999999862,500,-95.04000000000053,6,1,89.5749999999996,15.170000000000082,1,3.3
2,A,PREY,273,6815.659999999965,260,-95.04000000000053,5,2,89.07999999999959,44.99750000000002,2,3.3
2,A,PREY,274,14061.419999999873,500,-95.04000000000053,7,0,89.17857142857102,0.0,0,3.3
2,A,PREY,275,14501.309999999867,500,-95.04000000000053,4,1,96.44499999999987,81.67999999999844,3,3.3
2,A,PREY,276,15021.17999999986,500,-95.04000000000053,338,1,79.55701183431894,13.23999999999927,1,3.3
2,A,PREY,277,13621.529999999879,500,-95.04000000000053,6,1,94.26499999999977,9.22249999999933,1,3.3
2,A,PREY,278,14381.33999999987,500,-95.04000000000053,7,0,92.61999999999973,0.0,0,3.3
2,A,PREY,279,14461.319999999869,500,-95.04000000000053,338,1,86.4266568047325,25.179999999999115,3,3.3
2,A,PREY,280,5722.969999999979,207,-95.04000000000053,5,2,93.71199999999976,60.779999999999696,2,3.3
2,A,PREY,281,14061.419999999876,500,-95.04000000000053,338,0,79.42819526627117,0.0,1,3.3
2,A,PREY,282,8060.449999999951,250,-95.04000000000053,337,2,82.14071216617161,30.600000000000044,1,3.3
2,A,PREY,283,5918.329999999975,216,-95.04000000000053,5,2,87.33999999999952,58.23874999999964,2,3.3
2,A,PREY,284,13341.599999999882,500,-95.04000000000053,6,1,90.29999999999963,0.7174999999994236,1,3.3
2,A,PREY,285,15421.079999999856,500,-95.04000000000053,7,0,90.9828571428568,0.0,0,3.3
2,A,PREY,286,14781.239999999865,500,-95.04000000000053,6,1,90.76999999999964,23.487499999999716,1,3.3
2,A,PREY,287,14141.399999999869,500,-95.04000000000053,338,0,76.11245562130068,0.0,0,3.3
2,A,PREY,288,7013.059999999962,265,-95.04000000000053,337,2,84.9646587537089,35.78999999999983,2,3.3
2,A,PREY,289,5598.409999999981,216,-95.04000000000053,5,2,91.53399999999968,50.705000000000155,2,3.3
2,A,PREY,290,8313.349999999946,303,-95.04000000000053,337,2,76.04480712166061,66.20999999999997,6,3.3
2,A,PREY,291,4388.809999999995,157,-95.04000000000053,337,2,71.3534421364985,55.260000000000005,1,3.3
2,A,PREY,292,15021.179999999868,500,-95.04000000000053,338,0,77.54393491124155,0.0,1,3.3
2,A,PREY,293,15701.009999999857,500,-95.04000000000053,338,2,82.17011834319437,96.21999999999986,105,3.3
2,A,PREY,294,14821.229999999861,500,-95.04000000000053,5,1,92.28399999999971,21.459999999999297,2,3.3
2,A,PREY,295,15021.179999999864,500,-95.04000000000053,338,1,81.25748520709983,43.25999999999881,2,3.3
2,A,PREY,296,15261.119999999857,500,-95.04000000000053,338,1,83.10428994082739,41.07999999999964,3,3.3
2,A,PREY,297,14301.359999999873,500,-95.04000000000053,5,1,91.9719999999997,22.245000000000772,2,3.3
2,A,PREY,298,14261.369999999872,500,-95.04000000000053,338,2,85.16505917159654,58.109999999999765,73,3.3
2,A,PREY,299,14941.199999999866,500,-95.04000000000053,6,0,92.4049999999997,0.0,1,3.3
2,A,PREY,300,1792.8200000000006,72,-95.04000000000053,5,2,82.14999999999932,87.8824999999997,2,3.3
2,A,PREY,301,16140.899999999854,500,-95.04000000000053,6,1,91.44999999999966,5.059999999999837,1,3.3
2,A,PREY,302,15141.149999999863,500,-95.04000000000053,3,1,96.51999999999987,67.17499999999917,4,3.3
2,A,PREY,303,14901.209999999865,500,-95.04000000000053,338,0,82.38289940828248,0.0,1,3.3
2,A,PREY,304,15061.169999999862,500,-95.04000000000053,7,0,93.71714285714263,0.0,0,3.3
2,A,PREY,305,15581.03999999986,500,-95.04000000000053,338,0,76.4989349112415,0.0,0,3.3
2,A,PREY,306,15141.149999999863,500,-95.04000000000053,6,1,92.55999999999972,11.937499999999167,1,3.3
2,A,PREY,307,14661.269999999868,500,-95.04000000000053,338,0,80.1423372781055,0.0,0,3.3
2,A,PREY,308,5537.299999999979,179,-95.04000000000053,296,2,71.02108108108106,38.03625000000015,1,3.3
2,A,PREY,309,15740.999999999854,500,-95.04000000000053,7,0,93.33142857142832,0.0,0,3.3
2,A,PREY,310,4374.019999999997,186,-95.04000000000053,31,2,91.9354838709677,65.5924999999996,2,3.3
2,A,PREY,311,13661.51999999988,500,-95.04000000000053,6,0,92.89999999999974,0.0,1,3.3
2,A,PREY,312,15501.059999999856,500,-95.04000000000053,338,1,83.81153846153722,80.07999999999925,35,3.3
2,A,PREY,313,15381.08999999986,500,-95.04000000000053,6,0,95.19499999999982,0.0,1,3.3
2,A,PREY,314,15900.959999999854,500,-95.04000000000053,4,1,87.62499999999953,25.38000000000026,3,3.3
2,A,PREY,315,14461.319999999869,500,-95.04000000000053,6,0,91.7099999999997,0.0,1,3.3
2,A,PREY,316,15181.139999999865,500,-95.04000000000053,4,1,94.95999999999981,46.02749999999936,3,3.3
2,A,PREY,317,7961.089999999948,288,-95.04000000000053,337,2,82.48412462907969,47.83999999999967,2,3.3
2,A,PREY,318,14141.399999999874,500,-95.04000000000053,338,1,86.512426035502,99.75999999999999,122,3.3
2,A,PREY,319,16380.839999999853,500,-95.04000000000053,5,1,91.56999999999968,28.327500000000096,2,3.3
2,A,PREY,320,15301.10999999986,500,-95.04000000000053,4,1,91.61499999999968,22.890000000000352,3,3.3
2,A,PREY,321,15661.019999999853,500,-95.04000000000053,6,0,93.10999999999974,0.0,1,3.3
2,A,PREY,322,12643.399999999894,438,-95.04000000000053,337,2,78.74934718100786,42.195000000000235,4,3.3
2,A,PREY,323,16020.929999999853,500,-95.04000000000053,7,0,91.71571428571397,0.0,0,3.3
2,A,PREY,324,14461.31999999987,500,-95.04000000000053,338,2,80.87198224851943,57.21999999999961,39,3.3
2,A,PREY,325,14821.229999999867,500,-95.04000000000053,338,1,78.37266272189248,89.914999999999,34,3.3
2,A,PREY,326,1605.6200000000006,47,-95.04000000000053,5,2,89.6199999999996,97.4499999999999,2,3.3
2,A,PREY,327,15261.119999999863,500,-95.04000000000053,338,0,85.88890532544255,0.0,1,3.3
2,A,PREY,328,924.7700000000003,49,-95.04000000000053,6,2,88.81499999999959,88.0599999999999,1,3.3
2,A,PREY,329,15581.039999999855,500,-95.04000000000053,6,0,94.95499999999981,0.0,1,3.3
2,A,PREY,330,15021.179999999864,500,-95.04000000000053,338,0,77.7548224852061,0.0,0,3.3
2,A,PREY,331,15581.03999999986,500,-95.04000000000053,5,1,89.88399999999962,10.302499999999688,2,3.3
2,A,PREY,332,15900.959999999859,500,-95.04000000000053,3,1,93.51999999999975,67.10999999999846,4,3.3
2,A,PREY,333,16100.909999999858,500,-95.04000000000053,4,2,91.49499999999968,11.481250000000372,3,3.3
2,A,PREY,334,15461.069999999861,500,-95.04000000000053,5,1,94.07199999999978,5.6199999999994565,2,3.3
2,A,PREY,335,15780.98999999986,500,-95.04000000000053,338,2,84.62183431952587,96.99999999999989,153,3.3
2,A,PREY,336,9051.019999999942,268,-95.04000000000053,5,2,91.43199999999968,50.219999999999644,2,3.3
2,A,PREY,337,14541.299999999868,500,-95.04000000000053,7,0,94.85714285714266,0.0,0,3.3
2,A,PREY,338,15661.019999999862,500,-95.04000000000053,2,1,94.25499999999978,61.219999999999104,5,3.3
2,A,PREY,339,15980.939999999855,500,-95.04000000000053,5,2,95.77599999999984,11.300000000000027,2,3.3
2,A,PREY,340,16420.829999999856,500,-95.04000000000053,6,1,91.47999999999968,11.059999999999928,1,3.3
2,A,PREY,341,15221.129999999861,500,-95.04000000000053,6,1,91.55999999999968,25.129999999999228,1,3.3
2,A,PREY,342,10916.989999999918,373,-95.04000000000053,337,2,81.51089020771437,76.58999999999963,44,3.3
2,A,PREY,343,1630.8200000000006,76,-95.04000000000053,11,2,92.5609090909089,92.59249999999966,2,3.3
2,A,PREY,344,12341.8499999999,500,-95.04000000000053,7,0,90.15571428571391,0.0,0,3.3
2,A,PREY,345,16500.80999999985,500,-95.04000000000053,338,0,85.8762721893479,0.0,1,3.3
2,A,PREY,346,16140.899999999852,500,-95.04000000000053,6,0,97.08999999999988,0.0,1,3.3
2,A,PREY,347,15541.049999999861,500,-95.04000000000053,338,1,81.2831952662717,23.319999999999535,1,3.3
2,A,PREY,348,15541.049999999861,500,-95.04000000000053,6,0,92.42499999999971,0.0,1,3.3
2,A,PREY,349,4730.869999999991,192,-95.04000000000053,95,2,83.33189473684209,58.8012499999996,2,3.3
2,A,PREY,350,14301.359999999873,500,-95.04000000000053,338,1,85.4157692307681,21.05749999999956,2,3.3
2,A,PREY,351,15900.959999999857,500,-95.04000000000053,338,1,75.4660650887566,26.67499999999968,1,3.3
2,A,PREY,352,16500.809999999852,500,-95.04000000000053,7,0,91.30428571428538,0.0,0,3.3
2,A,PREY,353,5297.869999999984,178,-95.04000000000053,5,2,89.5479999999996,59.18374999999975,2,3.3
2,A,PREY,354,13741.499999999882,500,-95.04000000000053,338,0,76.26665680473265,0.0,1,3.3
2,A,PREY,355,16980.68999999985,500,-95.04000000000053,4,2,97.62999999999991,19.209999999999464,3,3.3
2,A,PREY,356,15980.939999999855,500,-95.04000000000053,338,2,86.75218934911126,44.829999999999295,52,3.3
2,A,PREY,357,16740.74999999985,500,-95.04000000000053,5,2,89.76999999999961,19.133749999999516,2,3.3
2,A,PREY,358,6117.769999999976,217,-95.04000000000053,4,2,92.90499999999973,80.31124999999922,3,3.3
2,A,PREY,359,5314.399999999985,224,-95.04000000000053,5,2,90.62199999999964,60.35999999999962,2,3.3
2,A,PREY,360,1344.7700000000004,88,-95.04000000000053,6,2,88.67499999999957,77.48999999999972,1,3.3
2,A,PREY,361,13461.569999999883,500,-95.04000000000053,338,0,76.2693195266261,0.0,1,3.3
2,A,PREY,362,304.3100000000001,11,-95.04000000000053,6,2,97.2999999999999,91.83999999999997,1,3.3
2,A,PREY,363,14141.399999999883,500,-95.04000000000053,338,0,82.49011834319447,0.0,1,3.3
2,A,PREY,364,16460.81999999985,500,-95.04000000000053,5,1,96.99999999999989,30.922499999999875,2,3.3
2,A,PREY,365,11453.179999999913,341,-95.04000000000053,337,2,80.34225519287773,19.229999999999766,1,3.3
2,A,PREY,366,15900.959999999857,500,-95.04000000000053,5,1,91.01199999999966,53.339999999998334,2,3.3
2,A,PREY,367,16380.839999999855,500,-95.04000000000053,6,0,86.8599999999995,0.0,1,3.3
2,A,PREY,368,16260.869999999853,500,-95.04000000000053,338,0,82.47352071005783,0.0,1,3.3
2,A,PREY,369,15740.999999999858,500,-95.04000000000053,338,0,77.38213017751373,0.0,0,3.3
2,A,PREY,370,16620.779999999857,500,-95.04000000000053,338,0,80.10745562130079,0.0,2,3.3
2,A,PREY,371,16580.789999999855,500,-95.04000000000053,7,0,91.92142857142827,0.0,0,3.3
2,A,PREY,372,16580.78999999986,500,-95.04000000000053,3,1,98.30999999999995,66.81499999999872,4,3.3
2,A,PREY,373,17220.62999999985,500,-95.04000000000053,7,0,91.88714285714255,0.0,0,3.3
2,A,PREY,374,15780.989999999862,500,-95.04000000000053,338,1,86.8644674556201,0.759999999999527,1,3.3
2,A,PREY,375,17140.64999999985,500,-95.04000000000053,338,1,77.5431065088747,94.77499999999885,14,3.3
2,A,PREY,376,15621.029999999864,500,-95.04000000000053,5,1,94.6479999999998,23.86999999999969,2,3.3
2,A,PREY,377,16340.849999999855,500,-95.04000000000053,7,0,89.15285714285673,0.0,0,3.3
2,A,PREY,378,16420.829999999856,500,-95.04000000000053,338,1,79.31346153845992,20.619999999999532,29,3.3
2,A,PREY,379,15900.959999999857,500,-95.04000000000053,7,0,91.7542857142854,0.0,0,3.3
2,A,PREY,380,16220.879999999855,500,-95.04000000000053,6,1,92.19499999999971,22.917499999999116,1,3.3
2,A,PREY,381,16260.869999999853,500,-95.04000000000053,2,1,90.26499999999963,86.14999999999893,5,3.3
2,A,PREY,382,1595.4200000000008,67,-95.04000000000053,8,2,85.30999999999949,84.72999999999988,2,3.3
2,A,PREY,383,12141.899999999903,500,-95.04000000000053,5,1,95.17599999999982,6.65000000000027,2,3.3
2,A,PREY,384,16820.729999999847,500,-95.04000000000053,338,1,84.62718934911135,99.75999999999999,73,3.3
2,A,PREY,385,17260.619999999857,500,-95.04000000000053,338,2,75.37772189349036,7.414999999999947,2,3.3
2,A,PREY,386,17140.64999999985,500,-95.04000000000053,338,0,87.68680473372666,0.0,1,3.3
2,A,PREY,387,17220.629999999852,500,-95.04000000000053,338,1,85.52360946745436,26.23249999999906,1,3.3
2,A,PREY,388,15980.939999999859,500,-95.04000000000053,338,1,85.97130177514666,6.399999999999683,0,3.3
2,A,PREY,389,16340.849999999857,500,-95.04000000000053,2,2,99.39999999999998,32.014999999999944,5,3.3
2,A,PREY,390,16740.74999999985,500,-95.04000000000053,5,1,92.53599999999972,29.379999999999242,2,3.3
2,A,PREY,391,16420.829999999856,500,-95.04000000000053,338,1,87.99686390532443,100.0,90,3.3
2,A,PREY,392,16420.829999999856,500,-95.04000000000053,338,0,86.76526627218817,0.0,0,3.3
2,A,PREY,393,3922.700000000001,130,-95.04000000000053,6,2,87.43499999999953,65.8499999999998,1,3.3
2,A,PREY,394,14021.42999999988,500,-95.04000000000053,338,0,81.17748520709966,0.0,0,3.3
2,A,PREY,395,17020.679999999847,500,-95.04000000000053,338,0,76.07952662721785,0.0,2,3.3
2,A,PREY,396,1603.5800000000006,51,-95.04000000000053,6,2,88.04999999999954,88.08999999999989,1,3.3
2,A,PREY,397,13421.579999999893,500,-95.04000000000053,338,1,88.61301775147918,20.029999999999987,1,3.3
2,A,PREY,398,16660.76999999985,500,-95.04000000000053,6,1,94.38499999999978,8.18000000000017,1,3.3
2,A,PREY,399,16700.759999999853,500,-95.04000000000053,338,2,83.29047337277967,15.849999999999449,1,3.3
2,A,PREY,400,16780.739999999856,500,-95.04000000000053,338,1,84.27319526627093,13.15999999999971,1,3.3
2,A,PREY,401,16460.819999999854,500,-95.04000000000053,338,2,87.31239644970324,99.88,95,3.3
2,A,PREY,402,16420.829999999853,500,-95.04000000000053,6,1,94.11999999999978,2.8599999999993786,1,3.3
2,A,PREY,403,16380.839999999856,500,-95.04000000000053,6,1,91.28999999999967,24.639999999999397,1,3.3
2,A,PREY,404,16900.709999999857,500,-95.04000000000053,4,1,90.85749999999966,70.5199999999986,3,3.3
2,A,PREY,405,16260.869999999857,500,-95.04000000000053,4,1,96.21999999999986,37.85249999999975,3,3.3
2,A,PREY,406,6913.999999999968,224,-95.04000000000053,4,2,93.69249999999977,80.7874999999991,3,3.3
2,A,PREY,407,15541.049999999866,500,-95.04000000000053,6,0,89.87499999999962,0.0,1,3.3
2,A,PREY,408,17420.579999999856,500,-95.04000000000053,5,0,93.49599999999975,0.0,2,3.3
2,A,PREY,409,17140.649999999852,500,-95.04000000000053,4,1,89.4774999999996,82.47499999999866,3,3.3
2,A,PREY,410,17780.48999999985,500,-95.04000000000053,338,1,77.68020710059102,23.49499999999978,2,3.3
2,A,PREY,411,4622.629999999995,169,-95.04000000000053,6,2,90.34499999999963,43.02000000000017,1,3.3
2,A,PREY,412,14421.329999999878,500,-95.04000000000053,5,1,93.87399999999977,30.682499999999305,2,3.3
2,A,PREY,413,17500.55999999985,500,-95.04000000000053,6,0,90.29999999999963,0.0,1,3.3
2,A,PREY,414,17500.559999999845,500,-95.04000000000053,6,2,96.53999999999986,4.889999999999468,1,3.3
2,A,PREY,415,17180.63999999985,500,-95.04000000000053,4,1,90.65499999999965,27.48499999999957,3,3.3
2,A,PREY,416,16620.779999999857,500,-95.04000000000053,3,1,94.39999999999979,62.34249999999909,4,3.3
2,A,PREY,417,16820.729999999854,500,-95.04000000000053,5,1,94.6659999999998,27.762499999999527,2,3.3
2,A,PREY,418,28.460000000000008,3,-95.04000000000053,6,2,99.45999999999998,92.32,1,3.3
2,A,PREY,419,5101.999999999986,170,-95.04000000000053,6,2,90.97999999999966,48.90000000000012,1,3.3
2,A,PREY,420,4959.589999999989,214,-95.04000000000053,337,2,87.1992284866467,42.12000000000006,1,3.3
2,A,PREY,421,15541.049999999865,500,-95.04000000000053,338,2,76.63721893491018,60.618749999999494,18,3.3
2,A,PREY,422,6491.44999999997,190,-95.04000000000053,6,2,90.93999999999966,40.76625000000017,1,3.3
2,A,PREY,423,17460.56999999985,500,-95.04000000000053,6,1,92.74499999999972,8.139999999999118,1,3.3
2,A,PREY,424,17060.66999999985,500,-95.04000000000053,3,2,92.73999999999972,26.24374999999945,4,3.3
2,A,PREY,425,16575.37999999986,491,-95.04000000000053,20,1,92.56599999999995,35.13000000000001,2,3.3
2,A,PREY,426,16980.689999999853,500,-95.04000000000053,338,0,83.64428994082736,0.0,0,3.3
2,A,PREY,427,16700.759999999853,500,-95.04000000000053,338,0,77.62248520709957,0.0,0,3.3
2,A,PREY,428,29.480000000000004,1,-95.04000000000053,6,2,100.0,92.44,1,3.3
2,A,PREY,429,15301.10999999987,500,-95.04000000000053,5,1,91.10199999999966,1.2999999999995557,2,3.3
2,A,PREY,430,14941.199999999872,500,-95.04000000000053,338,0,77.42707100591612,0.0,1,3.3
2,A,PREY,431,16940.699999999855,500,-95.04000000000053,338,1,79.04627218934806,78.45999999999928,128,3.3
2,A,PREY,432,17340.59999999985,500,-95.04000000000053,338,1,79.06559171597533,100.0,40,3.3
2,A,PREY,433,17220.629999999852,500,-95.04000000000053,3,2,89.6399999999996,31.389999999999567,4,3.3
2,A,PREY,434,16940.699999999855,500,-95.04000000000053,338,0,86.43455621301652,0.0,1,3.3
2,A,PREY,435,3056.690000000001,103,-95.04000000000053,6,2,90.11499999999963,67.88999999999986,1,3.3
2,A,PREY,436,14941.199999999873,500,-95.04000000000053,338,1,81.60505917159674,47.919999999999284,2,3.3
2,A,PREY,437,9606.799999999936,276,-95.04000000000053,337,2,86.8222551928781,63.308749999999186,2,3.3
2,A,PREY,438,17220.629999999855,500,-95.04000000000053,5,1,92.50599999999972,32.95999999999956,2,3.3
2,A,PREY,439,1799.4500000000007,59,-95.04000000000053,6,2,87.23999999999951,85.76999999999978,1,3.3
2,A,PREY,440,13901.459999999886,500,-95.04000000000053,7,0,89.40142857142817,0.0,0,3.3
2,A,PREY,441,17620.529999999853,500,-95.04000000000053,4,1,90.20499999999963,42.459999999999795,3,3.3
2,A,PREY,442,17540.549999999846,500,-95.04000000000053,338,0,83.98994082840126,0.0,0,3.3
2,A,PREY,443,17860.46999999985,500,-95.04000000000053,7,1,94.5999999999998,1.8999999999997357,0,3.3
2,A,PREY,444,17580.539999999848,500,-95.04000000000053,338,0,87.71639053254323,0.0,1,3.3
2,A,PREY,445,17020.67999999985,500,-95.04000000000053,338,1,87.42831360946617,91.11999999999966,15,3.3
2,A,PREY,446,17220.629999999852,500,-95.04000000000053,338,1,86.13139053254342,92.97999999999975,82,3.3
2,A,PREY,447,25.910000000000018,8,-95.04000000000053,6,2,98.19999999999992,92.01999999999998,1,3.3
2,A,PREY,448,17340.599999999846,500,-95.04000000000053,7,0,90.83714285714252,0.0,0,3.3
2,A,PREY,449,17420.57999999985,500,-95.04000000000053,338,1,77.54414201183347,100.0,117,3.3
2,A,PREY,450,7668.199999999959,235,-95.04000000000053,5,2,90.96399999999967,61.349999999999554,2,3.3
2,A,PREY,451,15900.959999999863,500,-95.04000000000053,338,1,79.60434911242517,100.0,213,3.3
2,A,PREY,452,17780.489999999845,500,-95.04000000000053,338,1,84.71955621301643,2.060000000000165,2,3.3
2,A,PREY,453,17420.579999999845,500,-95.04000000000053,338,1,77.65863905325335,25.359999999999154,2,3.3
2,A,PREY,454,17700.50999999985,500,-95.04000000000053,3,2,97.19999999999989,26.472500000000146,4,3.3
2,A,PREY,455,17340.59999999985,500,-95.04000000000053,338,1,84.6687278106498,96.87999999999988,58,3.3
2,A,PREY,456,17540.54999999985,500,-95.04000000000053,338,0,85.77860946745442,0.0,0,3.3
2,A,PREY,457,10670.209999999925,308,-95.04000000000053,3,2,87.27999999999952,65.80624999999935,4,3.3
2,A,PREY,458,16940.69999999986,500,-95.04000000000053,6,1,93.05499999999972,7.272499999999233,1,3.3
2,A,PREY,459,18020.429999999844,500,-95.04000000000053,6,0,91.39999999999968,0.0,1,3.3
2,A,PREY,460,17420.579999999845,500,-95.04000000000053,338,1,88.1562721893478,17.38999999999944,1,3.3
2,A,PREY,461,17180.639999999854,500,-95.04000000000053,4,1,91.76499999999969,33.81000000000034,3,3.3
2,A,PREY,462,17540.54999999985,500,-95.04000000000053,5,2,96.30999999999986,6.691250000000057,2,3.3
2,A,PREY,463,17780.489999999852,500,-95.04000000000053,338,1,78.2044674556202,35.059999999999484,3,3.3
2,A,PREY,464,17020.679999999855,500,-95.04000000000053,4,1,94.23999999999978,38.817499999999484,3,3.3
2,A,PREY,465,17300.60999999985,500,-95.04000000000053,90,1,83.14233333333328,5.499999999999675,0,3.3
2,A,PREY,466,18020.42999999985,500,-95.04000000000053,338,0,87.00550295857876,0.0,0,3.3
2,A,PREY,467,17860.469999999845,500,-95.04000000000053,338,1,73.27713017751478,6.529999999999974,1,3.3
2,A,PREY,468,17340.599999999857,500,-95.04000000000053,338,1,82.258491124259,22.310000000000333,1,3.3
2,A,PREY,469,17260.619999999853,500,-95.04000000000053,338,1,87.43985207100475,6.657500000000412,1,3.3
2,A,PREY,470,16340.849999999857,500,-95.04000000000053,338,1,83.28683431952562,27.319999999999723,2,3.3
2,A,PREY,471,17580.53999999985,500,-95.04000000000053,338,1,78.28609467455519,24.93999999999951,2,3.3
2,A,PREY,472,17660.519999999848,500,-95.04000000000053,5,1,90.71799999999965,16.669999999999963,2,3.3
2,A,PREY,473,17260.619999999853,500,-95.04000000000053,5,1,89.85999999999962,25.359999999999616,2,3.3
2,A,PREY,474,17300.609999999855,500,-95.04000000000053,338,2,78.20068047337183,93.19499999999951,80,3.3
2,A,PREY,475,17620.52999999985,500,-95.04000000000053,6,0,95.31999999999982,0.0,1,3.3
2,A,PREY,476,17660.519999999855,500,-95.04000000000053,6,0,95.13499999999982,0.0,1,3.3
2,A,PREY,477,12088.42999999991,350,-95.04000000000053,1,2,96.15999999999985,70.93999999999953,6,3.3
2,A,PREY,478,5502.919999999985,168,-95.04000000000053,337,2,90.66338278931742,57.23999999999988,1,3.3
2,A,PREY,479,-3.670000000000014,66,-95.04000000000053,6,2,82.92499999999937,80.07374999999969,1,3.3
2,A,PREY,480,17940.44999999985,500,-95.04000000000053,338,1,84.6786390532532,13.539999999999539,1,3.3
2,A,PREY,481,18420.329999999845,500,-95.04000000000053,338,0,79.43192307692208,0.0,0,3.3
2,A,PREY,482,18220.37999999985,500,-95.04000000000053,338,1,83.54062130177428,17.389999999999993,1,3.3
2,A,PREY,483,6218.149999999976,177,-95.04000000000053,6,2,95.44499999999982,40.042500000000146,1,3.3
2,A,PREY,484,18540.299999999846,500,-95.04000000000053,3,2,91.8799999999997,18.019999999999833,4,3.3
2,A,PREY,485,17980.439999999846,500,-95.04000000000053,4,1,91.9749999999997,66.06999999999968,3,3.3
2,A,PREY,486,17300.60999999985,500,-95.04000000000053,338,1,84.7364792899397,74.73999999999917,26,3.3
2,A,PREY,487,17380.589999999855,500,-95.04000000000053,338,0,80.74399408283917,0.0,1,3.3
2,A,PREY,488,2151.710000000001,74,-95.04000000000053,6,2,84.47999999999941,82.01999999999973,1,3.3
2,A,PREY,489,24.380000000000024,11,-95.04000000000053,6,2,97.2999999999999,91.83999999999997,1,3.3
2,A,PREY,490,14581.289999999879,500,-95.04000000000053,3,2,98.27999999999993,30.873749999999646,4,3.3
2,A,PREY,491,18300.359999999844,500,-95.04000000000053,7,0,90.69571428571393,0.0,0,3.3
2,A,PREY,492,8469.52999999995,232,-95.04000000000053,5,2,91.31199999999967,62.65499999999953,2,3.3
2,A,PREY,493,18460.31999999984,500,-95.04000000000053,5,0,93.64599999999976,0.0,2,3.3
2,A,PREY,494,18300.359999999848,500,-95.04000000000053,338,1,82.1165976331352,14.780000000000241,1,3.3
2,A,PREY,495,17980.439999999846,500,-95.04000000000053,338,1,83.37538461538324,21.159999999999275,3,3.3
2,A,PREY,496,17820.479999999858,500,-95.04000000000053,5,1,94.35399999999979,62.677499999998034,2,3.3
2,A,PREY,497,17540.549999999846,500,-95.04000000000053,6,1,90.34499999999963,10.445000000000022,1,3.3
2,A,PREY,498,17500.559999999856,500,-95.04000000000053,338,0,80.80973372780971,0.0,0,3.3
2,A,PREY,499,18020.429999999844,500,-95.04000000000053,6,1,90.51999999999964,31.539999999999374,1,3.3
2,A,PREY,500,17980.439999999853,500,-95.04000000000053,6,1,90.51999999999964,3.5199999999993077,1,3.3
2,B,PREDATOR,1,-12.229999999999997,223,55.141249999999516,4,2,89.3124999999996,70.12624999999893,2,181.8
2,B,PREDATOR,2,-12.179999999999998,218,55.141249999999516,5,2,89.24799999999959,45.24999999999974,1,181.8
2,B,PREDATOR,3,-12.329999999999995,233,55.141249999999516,3,2,84.45999999999941,82.86749999999977,17,181.8
2,B,PREDATOR,4,-12.289999999999996,229,55.141249999999516,4,2,87.36249999999951,61.93000000000002,2,181.8
2,B,PREDATOR,5,-12.239999999999997,224,55.141249999999516,5,2,91.02999999999966,38.91999999999966,1,181.8
2,B,PREDATOR,6,-12.229999999999997,223,55.141249999999516,337,2,81.20323442136446,73.41999999999982,56,181.8
2,B,PREDATOR,7,-12.269999999999996,227,55.141249999999516,4,2,88.65249999999958,45.00999999999966,2,181.8
2,B,PREDATOR,8,-12.12,212,55.141249999999516,6,2,86.56999999999948,43.35999999999981,0,181.8
2,B,PREDATOR,9,-12.209999999999997,221,55.141249999999516,6,2,88.80499999999957,35.82999999999997,0,181.8
2,B,PREDATOR,10,-12.209999999999997,221,55.141249999999516,5,2,89.13999999999959,52.17749999999958,1,181.8
2,B,PREDATOR,11,-12.329999999999995,233,55.141249999999516,3,2,90.22999999999963,69.63499999999964,3,181.8
2,B,PREDATOR,12,-12.169999999999998,217,55.141249999999516,6,2,91.48499999999967,32.86000000000012,0,181.8
2,B,PREDATOR,13,-12.259999999999996,226,55.141249999999516,5,2,90.42399999999964,38.589999999999556,1,181.8
2,B,PREDATOR,14,-12.209999999999997,221,55.141249999999516,5,2,85.50999999999945,38.16999999999963,1,181.8
2,B,PREDATOR,15,-12.179999999999998,218,55.141249999999516,337,2,88.9599999999998,27.640000000000164,0,181.8
2,B,PREDATOR,16,-12.239999999999997,224,55.141249999999516,4,2,88.10499999999955,66.35249999999905,2,181.8
2,B,PREDATOR,17,-12.189999999999998,219,55.141249999999516,337,2,81.87216617210636,51.49499999999988,1,181.8
2,B,PREDATOR,18,-12.229999999999997,223,55.141249999999516,2,2,86.30499999999948,77.22999999999931,6,181.8
2,B,PREDATOR,19,3.1125000000000362,263,55.141249999999516,337,2,86.98537091988096,31.99000000000003,1,181.8
2,B,PREDATOR,20,4.9733333333331,265,55.141249999999516,4,2,90.39999999999964,45.57999999999956,2,181.8
2,B,PREDATOR,21,10.43333333333308,301,55.141249999999516,5,1,89.21199999999959,9.88000000000007,1,181.8
2,B,PREDATOR,22,-12.219999999999997,222,55.141249999999516,4,2,87.32499999999952,61.3649999999996,2,181.8
2,B,PREDATOR,23,-12.179999999999998,218,55.141249999999516,5,2,90.47799999999964,49.77999999999968,1,181.8
2,B,PREDATOR,24,-12.289999999999996,229,55.141249999999516,4,2,87.35499999999952,57.23999999999962,2,181.8
2,B,PREDATOR,25,-12.189999999999998,219,55.141249999999516,337,2,88.12252225519269,45.43124999999952,1,181.8
2,B,PREDATOR,26,-12.159999999999998,216,55.141249999999516,4,2,90.62499999999964,72.05999999999943,2,181.8
2,B,PREDATOR,27,33.12166666666641,349,55.141249999999516,2,2,94.16499999999978,39.3612499999992,4,181.8
2,B,PREDATOR,28,-12.12,212,55.141249999999516,117,2,82.21452991452989,42.30999999999986,0,181.8
2,B,PREDATOR,29,-12.359999999999994,236,55.141249999999516,4,2,91.70499999999969,65.76999999999967,3,181.8
2,B,PREDATOR,30,-12.139999999999999,214,55.141249999999516,337,2,89.61863501483657,42.609999999999644,1,181.8
2,B,PREDATOR,31,-12.259999999999996,226,55.141249999999516,6,2,87.02499999999952,32.23000000000006,0,181.8
2,B,PREDATOR,32,-12.259999999999996,226,55.141249999999516,4,2,93.00999999999974,67.68999999999942,2,181.8
2,B,PREDATOR,33,-12.259999999999996,226,55.141249999999516,337,2,85.38857566765539,44.879999999999534,1,181.8
2,B,PREDATOR,34,85.98999999999798,500,55.141249999999516,0,3,0.0,11.170833333332668,6,181.8
2,B,PREDATOR,35,-12.239999999999997,224,55.141249999999516,4,2,90.03999999999962,62.112499999999145,2,181.8
2,B,PREDATOR,36,-12.369999999999994,237,55.141249999999516,5,2,89.3619999999996,39.33999999999976,1,181.8
2,B,PREDATOR,37,-12.209999999999997,221,55.141249999999516,2,2,93.33999999999975,83.46624999999898,4,181.8
2,B,PREDATOR,38,-12.279999999999996,228,55.141249999999516,6,2,89.15499999999959,13.090000000000138,0,181.8
2,B,PREDATOR,39,-12.189999999999998,219,55.141249999999516,4,2,87.69249999999954,71.64749999999906,2,181.8
2,B,PREDATOR,40,-12.189999999999998,219,55.141249999999516,3,2,88.9899999999996,86.82999999999913,3,181.8
2,B,PREDATOR,41,-12.259999999999996,226,55.141249999999516,180,59,72.08949999999996,53.009661016949195,576,181.8
2,B,PREDATOR,42,-12.219999999999997,222,55.141249999999516,5,2,91.01199999999966,48.129999999999704,1,181.8
2,B,PREDATOR,43,-12.229999999999997,223,55.141249999999516,337,2,85.65459940652812,41.280000000000264,1,181.8
2,B,PREDATOR,44,-12.259999999999996,226,55.141249999999516,6,2,89.6949999999996,26.080000000000148,0,181.8
2,B,PREDATOR,45,54.032499999998215,381,55.141249999999516,2,2,91.59999999999968,34.46999999999951,4,181.8
2,B,PREDATOR,46,-12.329999999999995,233,55.141249999999516,4,2,91.9599999999997,70.672499999999,2,181.8
2,B,PREDATOR,47,-12.329999999999995,233,55.141249999999516,337,2,79.45112759643862,99.57999999999998,85,181.8
2,B,PREDATOR,48,10.168333333332866,296,55.141249999999516,5,0,84.51399999999941,0.0,1,181.8
2,B,PREDATOR,49,-12.339999999999995,234,55.141249999999516,5,2,89.91999999999962,35.55999999999965,1,181.8
2,B,PREDATOR,50,-12.239999999999997,224,55.141249999999516,6,2,86.43499999999949,35.62000000000019,0,181.8
2,B,PREDATOR,51,-12.199999999999998,220,55.141249999999516,32,2,86.59343749999996,56.72749999999956,2,181.8
2,B,PREDATOR,52,-12.189999999999998,219,55.141249999999516,6,2,88.75499999999958,25.870000000000175,0,181.8
2,B,PREDATOR,53,-12.299999999999995,230,55.141249999999516,337,2,88.64157270029658,44.5299999999996,1,181.8
2,B,PREDATOR,54,-12.259999999999996,226,55.141249999999516,5,2,89.85399999999962,59.04999999999939,1,181.8
2,B,PREDATOR,55,11.350833333332888,276,55.141249999999516,5,1,91.20399999999967,26.680000000000188,1,181.8
2,B,PREDATOR,56,-12.269999999999996,227,55.141249999999516,5,2,89.00799999999958,48.06999999999972,1,181.8
2,B,PREDATOR,57,-12.189999999999998,219,55.141249999999516,4,2,84.07749999999939,73.00124999999899,2,181.8
2,B,PREDATOR,58,-12.219999999999997,222,55.141249999999516,6,2,90.58999999999965,32.559999999999974,0,181.8
2,B,PREDATOR,59,-12.289999999999996,229,55.141249999999516,337,2,85.70329376854592,61.414999999999544,2,181.8
2,B,PREDATOR,60,-12.389999999999993,239,55.141249999999516,4,2,89.92749999999961,54.43499999999976,2,181.8
2,B,PREDATOR,61,-12.319999999999995,232,55.141249999999516,5,2,89.3199999999996,52.269999999999726,1,181.8
2,B,PREDATOR,62,-12.279999999999996,228,55.141249999999516,5,2,89.97399999999962,46.76999999999962,1,181.8
2,B,PREDATOR,63,-12.259999999999996,226,55.141249999999516,337,0,81.9693175074179,0.0,1,181.8
2,B,PREDATOR,64,11.635833333332995,288,55.141249999999516,4,1,87.63249999999952,64.57999999999905,2,181.8
2,B,PREDATOR,65,-12.449999999999992,245,55.141249999999516,337,2,82.76284866468794,46.7199999999996,2,181.8
2,B,PREDATOR,66,-12.169999999999998,217,55.141249999999516,4,2,87.39999999999952,48.72999999999968,2,181.8
2,B,PREDATOR,67,-12.339999999999995,234,55.141249999999516,4,2,91.35999999999967,59.40999999999916,2,181.8
2,B,PREDATOR,68,33.80000000000037,318,55.141249999999516,2,2,93.57999999999976,37.96624999999946,4,181.8
2,B,PREDATOR,69,-12.249999999999996,225,55.141249999999516,337,2,86.66056379821929,51.33999999999968,1,181.8
2,B,PREDATOR,70,10.70083333333283,311,55.141249999999516,5,1,87.91599999999954,10.179999999999819,1,181.8
2,B,PREDATOR,71,9.4091666666662,307,55.141249999999516,337,2,80.66290801186891,71.94999999999973,164,181.8
2,B,PREDATOR,72,-12.219999999999997,222,55.141249999999516,5,2,91.80999999999969,54.51999999999947,1,181.8
2,B,PREDATOR,73,12.06416666666634,283,55.141249999999516,4,1,92.43249999999972,47.259999999999465,2,181.8
2,B,PREDATOR,74,-12.199999999999998,220,55.141249999999516,3,2,87.82999999999954,72.75374999999927,3,181.8
2,B,PREDATOR,75,33.83666666666693,384,55.141249999999516,3,1,88.93999999999959,36.69999999999923,3,181.8
2,B,PREDATOR,76,-12.439999999999992,244,55.141249999999516,5,2,87.39999999999952,39.09999999999955,1,181.8
2,B,PREDATOR,77,-12.309999999999995,231,55.141249999999516,5,2,88.67799999999957,56.212499999999594,1,181.8
2,B,PREDATOR,78,-12.349999999999994,235,55.141249999999516,3,2,84.74999999999942,71.42874999999944,3,181.8
2,B,PREDATOR,79,404.49333333333357,500,55.141249999999516,337,1,79.68112759643792,74.85999999999983,18,181.8
2,B,PREDATOR,80,-12.419999999999993,242,55.141249999999516,4,2,93.09249999999975,65.83499999999935,2,181.8
2,B,PREDATOR,81,-12.339999999999995,234,55.141249999999516,5,2,85.26999999999944,49.86374999999947,1,181.8
2,B,PREDATOR,82,-12.629999999999988,263,55.141249999999516,5,2,93.01599999999974,32.91999999999969,1,181.8
2,B,PREDATOR,83,31.20250000000015,403,55.141249999999516,4,1,93.31749999999974,2.1400000000001276,2,181.8
2,B,PREDATOR,84,10.909166666666332,319,55.141249999999516,4,1,87.62499999999953,20.739999999999554,2,181.8
2,B,PREDATOR,85,-12.309999999999995,231,55.141249999999516,337,2,81.3349258160232,54.63999999999955,1,181.8
2,B,PREDATOR,86,11.216666666666482,286,55.141249999999516,4,2,84.1524999999994,42.80999999999948,2,181.8
2,B,PREDATOR,87,-12.239999999999997,224,55.141249999999516,337,2,83.15118694361965,56.83000000000004,31,181.8
2,B,PREDATOR,88,10.151666666666175,310,55.141249999999516,4,2,91.17999999999967,34.56999999999972,2,181.8
2,B,PREDATOR,89,-12.289999999999996,229,55.141249999999516,337,2,88.94311572700272,52.24000000000002,15,181.8
2,B,PREDATOR,90,-12.439999999999992,244,55.141249999999516,5,2,89.5899999999996,43.762499999999704,1,181.8
2,B,PREDATOR,91,-12.209999999999997,221,55.141249999999516,337,2,84.04053412462859,64.30000000000008,110,181.8
2,B,PREDATOR,92,-12.159999999999998,216,55.141249999999516,337,2,86.61083086053382,33.27999999999997,0,181.8
2,B,PREDATOR,93,-12.189999999999998,219,55.141249999999516,3,2,90.57999999999964,72.61999999999945,3,181.8
2,B,PREDATOR,94,-12.389999999999993,239,55.141249999999516,5,2,91.68999999999969,47.04999999999954,1,181.8
2,B,PREDATOR,95,11.010833333332874,283,55.141249999999516,4,2,93.55749999999975,46.95999999999941,2,181.8
2,B,PREDATOR,96,-12.339999999999995,234,55.141249999999516,337,2,85.27029673590462,52.06000000000005,110,181.8
2,B,PREDATOR,97,-12.209999999999997,221,55.141249999999516,4,2,92.81499999999973,63.746249999999094,2,181.8
2,B,PREDATOR,98,-12.309999999999995,231,55.141249999999516,3,2,94.55999999999979,61.9049999999998,3,181.8
2,B,PREDATOR,99,-12.179999999999998,218,55.141249999999516,6,2,90.74999999999966,26.440000000000097,0,181.8
2,B,PREDATOR,100,10.683333333333136,300,55.141249999999516,5,1,93.77199999999976,28.90000000000008,1,181.8
2,B,PREDATOR,101,-12.259999999999996,226,55.141249999999516,5,2,88.22199999999955,34.912499999999646,1,181.8
2,B,PREDATOR,102,-12.189999999999998,219,55.141249999999516,337,2,88.02967359050429,36.97000000000005,0,181.8
2,B,PREDATOR,103,9.46583333333284,289,55.141249999999516,3,2,91.27999999999967,55.684999999999164,3,181.8
2,B,PREDATOR,104,32.647500000000285,329,55.141249999999516,4,1,93.06999999999974,23.91999999999996,2,181.8
2,B,PREDATOR,105,9.465833333332855,281,55.141249999999516,1,2,99.27999999999997,67.64999999999911,5,181.8
2,B,PREDATOR,106,9.080833333332842,284,55.141249999999516,4,2,91.37499999999967,28.755000000000337,2,181.8
2,B,PREDATOR,107,9.970833333332825,306,55.141249999999516,4,2,93.74499999999976,39.129999999999455,2,181.8
2,B,PREDATOR,108,-12.459999999999992,246,55.141249999999516,5,2,92.33799999999971,48.81999999999958,1,181.8
2,B,PREDATOR,109,10.743333333332822,339,55.141249999999516,3,2,96.67999999999988,35.58874999999951,3,181.8
2,B,PREDATOR,110,648.4174999999968,500,55.141249999999516,337,3,80.24341246290655,39.97166666666559,32,181.8
2,B,PREDATOR,111,-12.299999999999995,230,55.141249999999516,6,0,92.67999999999972,0.0,0,181.8
2,B,PREDATOR,112,-12.509999999999991,251,55.141249999999516,6,2,85.70999999999947,25.9300000000002,0,181.8
2,B,PREDATOR,113,-12.439999999999992,244,55.141249999999516,5,2,86.9799999999995,48.06999999999963,1,181.8
2,B,PREDATOR,114,-12.459999999999992,246,55.141249999999516,4,2,85.80249999999947,50.499999999999666,2,181.8
2,B,PREDATOR,115,-12.199999999999998,220,55.141249999999516,6,2,89.94999999999963,34.150000000000134,0,181.8
2,B,PREDATOR,116,-12.189999999999998,219,55.141249999999516,337,2,84.68934718100887,49.02999999999972,1,181.8
2,B,PREDATOR,117,11.715833333333007,280,55.141249999999516,7,2,97.39714285714282,36.93374999999977,2,181.8
2,B,PREDATOR,118,30.855000000000224,356,55.141249999999516,4,1,88.98999999999958,27.580000000000375,2,181.8
2,B,PREDATOR,119,-12.259999999999996,226,55.141249999999516,337,2,86.86097922848624,17.23000000000011,0,181.8
2,B,PREDATOR,120,-12.289999999999996,229,55.141249999999516,337,2,86.9233827893172,65.08499999999906,2,181.8
2,B,PREDATOR,121,-12.209999999999997,221,55.141249999999516,4,2,87.00999999999951,63.884999999999636,2,181.8
2,B,PREDATOR,122,-12.349999999999994,235,55.141249999999516,337,2,82.32008902077102,33.100000000000044,0,181.8
2,B,PREDATOR,123,8.026666666666356,314,55.141249999999516,4,1,90.48999999999964,51.207499999999044,2,181.8
2,B,PREDATOR,124,-12.439999999999992,244,55.141249999999516,4,2,91.56999999999968,56.93749999999956,2,181.8
2,B,PREDATOR,125,9.09583333333286,272,55.141249999999516,5,2,87.71799999999953,21.610000000000134,1,181.8
2,B,PREDATOR,126,11.403333333332869,291,55.141249999999516,5,2,88.17399999999955,31.179999999999755,1,181.8
2,B,PREDATOR,127,-11.270000000000001,127,55.141249999999516,6,3,94.04999999999977,38.31999999999989,0,181.8
2,B,PREDATOR,128,-12.209999999999997,221,55.141249999999516,337,2,87.861008902077,58.17999999999957,2,181.8
2,B,PREDATOR,129,-12.239999999999997,224,55.141249999999516,5,2,88.63599999999957,51.75999999999972,1,181.8
2,B,PREDATOR,130,4.753333333333105,287,55.141249999999516,3,2,84.3599999999994,50.65874999999912,3,181.8
2,B,PREDATOR,131,-12.459999999999992,246,55.141249999999516,5,1,87.32199999999952,66.70999999999883,1,181.8
2,B,PREDATOR,132,-12.289999999999996,229,55.141249999999516,4,2,87.1224999999995,44.9199999999996,2,181.8
2,B,PREDATOR,133,-12.289999999999996,229,55.141249999999516,6,2,87.56999999999952,14.770000000000103,0,181.8
2,B,PREDATOR,134,33.23000000000047,348,55.141249999999516,337,0,77.99436201780354,0.0,2,181.8
2,B,PREDATOR,135,-12.309999999999995,231,55.141249999999516,4,2,91.74249999999968,71.90999999999921,2,181.8
2,B,PREDATOR,136,-12.229999999999997,223,55.141249999999516,5,2,85.78599999999946,47.85999999999961,1,181.8
2,B,PREDATOR,137,-12.209999999999997,221,55.141249999999516,337,2,81.46430267062262,34.030000000000186,0,181.8
2,B,PREDATOR,138,-12.319999999999995,232,55.141249999999516,4,2,89.93499999999962,67.46374999999922,2,181.8
2,B,PREDATOR,139,11.620833333332898,273,55.141249999999516,4,2,90.11499999999963,28.29999999999972,2,181.8
2,B,PREDATOR,140,-12.169999999999998,217,55.141249999999516,6,2,90.37499999999962,22.660000000000164,0,181.8
2,B,PREDATOR,141,-12.199999999999998,220,55.141249999999516,5,2,87.56199999999953,48.404999999999916,1,181.8
2,B,PREDATOR,142,-12.599999999999989,260,55.141249999999516,337,2,76.46795252225449,50.95124999999941,1,181.8
2,B,PREDATOR,143,-12.619999999999989,262,55.141249999999516,6,2,91.04999999999966,24.760000000000154,0,181.8
2,B,PREDATOR,144,-12.439999999999992,244,55.141249999999516,337,2,90.40195845697309,50.71000000000005,7,181.8
2,B,PREDATOR,145,-12.609999999999989,261,55.141249999999516,337,2,84.38267062314495,29.38000000000018,0,181.8
2,B,PREDATOR,146,-12.609999999999989,261,55.141249999999516,337,2,77.15382789317442,55.41999999999942,1,181.8
2,B,PREDATOR,147,-12.449999999999992,245,55.141249999999516,337,2,88.20516320474756,50.6287499999996,1,181.8
2,B,PREDATOR,148,-12.489999999999991,249,55.141249999999516,337,2,81.1790801186938,27.67000000000008,0,181.8
2,B,PREDATOR,149,31.051666666666947,385,55.141249999999516,3,1,80.92999999999928,25.05999999999959,3,181.8
2,B,PREDATOR,150,-12.55999999999999,256,55.141249999999516,6,2,86.25999999999948,11.980000000000093,0,181.8
2,B,PREDATOR,151,-12.57999999999999,258,55.141249999999516,337,2,86.86181008902042,29.740000000000094,0,181.8
2,B,PREDATOR,152,-12.489999999999991,249,55.141249999999516,4,1,92.57499999999972,68.25999999999898,2,181.8
2,B,PREDATOR,153,-12.189999999999998,219,55.141249999999516,5,2,88.90599999999958,57.85499999999941,1,181.8
2,B,PREDATOR,154,-12.209999999999997,221,55.141249999999516,4,2,89.79249999999962,58.977499999999594,2,181.8
2,B,PREDATOR,155,-12.679999999999987,268,55.141249999999516,337,2,81.61020771513297,28.540000000000113,0,181.8
2,B,PREDATOR,156,-12.609999999999989,261,55.141249999999516,4,2,92.1774999999997,52.71124999999982,2,181.8
2,B,PREDATOR,157,-12.209999999999997,221,55.141249999999516,3,2,89.00999999999958,69.22124999999917,3,181.8
2,B,PREDATOR,158,-12.489999999999991,249,55.141249999999516,337,2,89.14005934718084,60.910000000000046,4,181.8
2,B,PREDATOR,159,-12.52999999999999,253,55.141249999999516,5,2,88.59399999999957,31.839999999999666,1,181.8
2,B,PREDATOR,160,-12.229999999999997,223,55.141249999999516,5,2,90.84999999999965,61.72124999999923,1,181.8
2,B,PREDATOR,161,-12.659999999999988,266,55.141249999999516,5,2,84.49599999999941,36.69999999999985,1,181.8
2,B,PREDATOR,162,-12.56999999999999,257,55.141249999999516,3,2,87.29999999999951,48.2399999999995,3,181.8
2,B,PREDATOR,163,-12.239999999999997,224,55.141249999999516,5,2,91.53399999999968,49.92999999999961,1,181.8
2,B,PREDATOR,164,10.628333333332739,379,55.141249999999516,1,2,97.2099999999999,50.782499999998954,5,181.8
2,B,PREDATOR,165,56.14999999999828,471,55.141249999999516,2,1,82.25499999999933,25.834999999999077,4,181.8
2,B,PREDATOR,166,-13.149999999999977,315,55.141249999999516,2,2,90.63999999999965,43.649999999999544,4,181.8
2,B,PREDATOR,167,-13.02999999999998,303,55.141249999999516,6,2,89.86999999999962,14.740000000000112,0,181.8
2,B,PREDATOR,168,-12.479999999999992,248,55.141249999999516,6,2,90.43999999999964,31.989999999999817,0,181.8
2,B,PREDATOR,169,-12.399999999999993,240,55.141249999999516,337,2,81.68801186943571,64.90000000000012,120,181.8
2,B,PREDATOR,170,-12.53999999999999,254,55.141249999999516,337,2,86.55640949554866,27.93000000000014,1,181.8
2,B,PREDATOR,171,-12.209999999999997,221,55.141249999999516,5,2,91.45599999999968,48.61499999999957,1,181.8
2,B,PREDATOR,172,-12.209999999999997,221,55.141249999999516,2,2,87.48999999999953,79.68999999999929,4,181.8
2,B,PREDATOR,173,9.710833333332863,278,55.141249999999516,5,2,87.72999999999954,23.590000000000046,1,181.8
2,B,PREDATOR,174,11.18166666666619,297,55.141249999999516,65,2,84.68184615384614,46.35374999999922,3,181.8
2,B,PREDATOR,175,32.35833333333367,411,55.141249999999516,1,2,99.39999999999998,39.412499999999085,5,181.8
2,B,PREDATOR,176,-11.420000000000002,142,55.141249999999516,5,3,87.57999999999953,35.82,1,181.8
2,B,PREDATOR,177,-12.469999999999992,247,55.141249999999516,4,2,90.45999999999964,63.00999999999918,2,181.8
2,B,PREDATOR,178,-12.209999999999997,221,55.141249999999516,3,2,92.91999999999973,82.05749999999935,3,181.8
2,B,PREDATOR,179,-12.269999999999996,227,55.141249999999516,6,2,95.87499999999984,35.70999999999976,0,181.8
2,B,PREDATOR,180,1829.3824999999895,500,55.141249999999516,337,1,82.86821958456845,80.73999999999977,83,181.8
2,B,PREDATOR,181,1729.2149999999942,500,55.141249999999516,337,2,78.40118694361897,52.59999999999978,79,181.8
2,B,PREDATOR,182,-12.159999999999998,216,55.141249999999516,5,2,91.82799999999969,56.906249999999496,1,181.8
2,B,PREDATOR,183,10.560833333332804,328,55.141249999999516,3,2,96.99999999999989,30.51999999999974,3,181.8
2,B,PREDATOR,184,-12.939999999999982,294,55.141249999999516,6,2,90.66499999999967,26.769999999999982,0,181.8
2,B,PREDATOR,185,-12.489999999999991,249,55.141249999999516,4,2,87.74499999999954,35.594999999999935,2,181.8
2,B,PREDATOR,186,-12.259999999999996,226,55.141249999999516,337,2,80.07376854599349,31.330000000000148,0,181.8
2,B,PREDATOR,187,11.205833333332846,304,55.141249999999516,337,1,83.0516617210678,1.4200000000000734,1,181.8
2,B,PREDATOR,188,-12.179999999999998,218,55.141249999999516,337,2,88.32640949554876,83.87999999999965,6,181.8
2,B,PREDATOR,189,30.46250000000026,405,55.141249999999516,3,1,91.79999999999968,29.817499999999374,3,181.8
2,B,PREDATOR,190,-12.289999999999996,229,55.141249999999516,337,2,79.36320474777395,88.61999999999959,143,181.8
2,B,PREDATOR,191,-12.289999999999996,229,55.141249999999516,4,2,91.9299999999997,46.59999999999977,2,181.8
2,B,PREDATOR,192,-12.459999999999992,246,55.141249999999516,337,2,84.28605341246254,64.69000000000003,91,181.8
2,B,PREDATOR,193,-12.53999999999999,254,55.141249999999516,4,2,88.55499999999957,52.9049999999996,2,181.8
2,B,PREDATOR,194,10.066666666666185,287,55.141249999999516,4,2,86.33499999999948,34.749999999999474,2,181.8
2,B,PREDATOR,195,8.246666666666131,307,55.141249999999516,4,2,89.07999999999959,43.89999999999932,2,181.8
2,B,PREDATOR,196,-12.97999999999998,298,55.141249999999516,4,2,90.77499999999965,49.778749999999306,2,181.8
2,B,PREDATOR,197,-12.139999999999999,214,55.141249999999516,337,2,88.54495548961404,52.10999999999956,1,181.8
2,B,PREDATOR,198,-12.259999999999996,226,55.141249999999516,4,2,91.21749999999966,67.86999999999946,2,181.8
2,B,PREDATOR,199,-12.419999999999993,242,55.141249999999516,4,2,91.22499999999967,61.11999999999922,2,181.8
2,B,PREDATOR,200,31.990833333333285,417,55.141249999999516,2,2,86.8599999999995,11.774999999999721,4,181.8
2,B,PREDATOR,201,30.092500000000307,487,55.141249999999516,3,0,93.45999999999975,0.0,3,181.8
2,B,PREDATOR,202,-12.509999999999991,251,55.141249999999516,4,1,91.84749999999968,77.0774999999993,2,181.8
2,B,PREDATOR,203,298.74000000000086,500,55.141249999999516,337,1,80.64264094955341,13.060000000000185,14,181.8
2,B,PREDATOR,204,11.23083333333287,288,55.141249999999516,3,2,87.15999999999951,50.509999999999636,3,181.8
2,B,PREDATOR,205,8.49416666666619,286,55.141249999999516,4,2,86.56749999999948,46.139999999999354,2,181.8
2,B,PREDATOR,206,-12.669999999999987,267,55.141249999999516,6,2,87.62499999999955,25.960000000000058,0,181.8
2,B,PREDATOR,207,-12.689999999999987,269,55.141249999999516,6,2,91.08999999999965,26.169999999999906,0,181.8
2,B,PREDATOR,208,-12.189999999999998,219,55.141249999999516,337,2,83.80697329376817,100.0,131,181.8
2,B,PREDATOR,209,11.049999999999494,321,55.141249999999516,3,2,98.59999999999995,15.819999999999752,3,181.8
2,B,PREDATOR,210,-12.339999999999995,234,55.141249999999516,5,2,90.79599999999965,51.10499999999975,1,181.8
2,B,PREDATOR,211,-12.499999999999991,250,55.141249999999516,337,2,80.71540059347124,27.55000000000017,0,181.8
2,B,PREDATOR,212,-12.55999999999999,256,55.141249999999516,4,1,90.16749999999962,82.01999999999876,2,181.8
2,B,PREDATOR,213,31.56333333333368,383,55.141249999999516,2,2,94.92999999999981,41.191249999999144,4,181.8
2,B,PREDATOR,214,-12.239999999999997,224,55.141249999999516,5,2,89.75199999999961,46.629999999999676,1,181.8
2,B,PREDATOR,215,-12.149999999999999,215,55.141249999999516,4,2,91.96749999999969,60.646249999999526,2,181.8
2,B,PREDATOR,216,-12.739999999999986,274,55.141249999999516,5,2,82.13199999999932,35.039999999999836,1,181.8
2,B,PREDATOR,217,-12.199999999999998,220,55.141249999999516,337,2,75.11430267062312,51.81999999999967,1,181.8
2,B,PREDATOR,218,-12.239999999999997,224,55.141249999999516,4,2,84.71499999999942,47.8899999999998,2,181.8
2,B,PREDATOR,219,-12.239999999999997,224,55.141249999999516,4,2,95.01249999999982,58.839999999999705,2,181.8
2,B,PREDATOR,220,29.74833333333325,354,55.141249999999516,2,2,93.93999999999977,28.11374999999969,4,181.8
2,B,PREDATOR,221,-12.259999999999996,226,55.141249999999516,5,2,86.40999999999948,48.18999999999967,1,181.8
2,B,PREDATOR,222,10.745833333332735,377,55.141249999999516,5,2,92.96199999999973,13.510000000000105,1,181.8
2,B,PREDATOR,223,-13.109999999999978,311,55.141249999999516,4,2,96.48999999999987,61.52374999999906,2,181.8
2,B,PREDATOR,224,-12.99999999999998,300,55.141249999999516,4,2,88.59249999999957,45.6399999999995,2,181.8
2,B,PREDATOR,225,-12.499999999999991,250,55.141249999999516,4,2,84.3249999999994,68.67999999999904,2,181.8
2,B,PREDATOR,226,-12.269999999999996,227,55.141249999999516,4,2,85.60749999999945,52.149999999999665,2,181.8
2,B,PREDATOR,227,-12.289999999999996,229,55.141249999999516,6,2,88.93999999999959,31.269999999999982,0,181.8
2,B,PREDATOR,228,-12.56999999999999,257,55.141249999999516,5,1,93.36399999999975,68.13499999999877,1,181.8
2,B,PREDATOR,229,-12.709999999999987,271,55.141249999999516,337,2,78.21231454005868,43.28624999999971,1,181.8
2,B,PREDATOR,230,-12.789999999999985,279,55.141249999999516,4,2,93.15999999999974,50.70499999999974,2,181.8
2,B,PREDATOR,231,-12.709999999999987,271,55.141249999999516,5,2,88.70199999999957,47.16749999999926,1,181.8
2,B,PREDATOR,232,8.225833333332764,332,55.141249999999516,5,1,93.53199999999975,12.160000000000124,1,181.8
2,B,PREDATOR,233,-12.669999999999987,267,55.141249999999516,6,2,85.30499999999944,28.510000000000154,0,181.8
2,B,PREDATOR,234,-12.709999999999987,271,55.141249999999516,5,2,87.09999999999951,47.043749999999704,1,181.8
2,B,PREDATOR,235,10.46583333333277,351,55.141249999999516,5,0,91.21599999999967,0.0,1,181.8
2,B,PREDATOR,236,-12.309999999999995,231,55.141249999999516,4,2,88.89249999999959,65.69624999999917,2,181.8
2,B,PREDATOR,237,-12.659999999999988,266,55.141249999999516,3,2,94.6599999999998,73.99999999999893,3,181.8
2,B,PREDATOR,238,-12.169999999999998,217,55.141249999999516,337,2,87.7488130563796,22.660000000000117,0,181.8
2,B,PREDATOR,239,-12.58999999999999,259,55.141249999999516,4,2,89.04249999999959,56.58999999999956,2,181.8
2,B,PREDATOR,240,-12.189999999999998,219,55.141249999999516,337,2,87.99744807121643,52.207499999999534,1,181.8
2,B,PREDATOR,241,-12.209999999999997,221,55.141249999999516,4,2,92.70999999999972,59.40999999999981,2,181.8
2,B,PREDATOR,242,-12.829999999999984,283,55.141249999999516,3,2,83.8999999999994,62.727499999999,3,181.8
2,B,PREDATOR,243,33.41666666666704,297,55.141249999999516,3,1,84.54999999999941,20.859999999999847,3,181.8
2,B,PREDATOR,244,-12.809999999999985,281,55.141249999999516,19,1,91.23473684210519,67.64749999999859,1,181.8
2,B,PREDATOR,245,-12.199999999999998,220,55.141249999999516,4,2,90.08499999999962,66.92999999999918,2,181.8
2,B,PREDATOR,246,-12.299999999999995,230,55.141249999999516,4,2,87.66249999999953,69.47749999999905,2,181.8
2,B,PREDATOR,247,-12.389999999999993,239,55.141249999999516,4,2,87.18999999999951,63.42999999999988,2,181.8
2,B,PREDATOR,248,-12.709999999999987,271,55.141249999999516,337,2,76.41436201780346,37.11499999999999,2,181.8
2,B,PREDATOR,249,9.423333333332787,327,55.141249999999516,4,1,95.52999999999983,49.57999999999963,2,181.8
2,B,PREDATOR,250,-13.03999999999998,304,55.141249999999516,5,2,95.16399999999982,28.419999999999682,1,181.8
2,B,PREDATOR,251,-12.359999999999994,236,55.141249999999516,6,2,86.6799999999995,41.0799999999998,0,181.8
2,B,PREDATOR,252,10.730833333332791,338,55.141249999999516,3,2,96.15999999999985,53.08999999999909,3,181.8
2,B,PREDATOR,253,-12.759999999999986,276,55.141249999999516,6,1,87.36999999999951,24.5800000000002,0,181.8
2,B,PREDATOR,254,-12.11,211,55.141249999999516,337,2,89.42388724035605,56.294999999999646,1,181.8
2,B,PREDATOR,255,-12.169999999999998,217,55.141249999999516,337,2,82.72421364985112,35.11000000000001,0,181.8
2,B,PREDATOR,256,2646.1824999999876,500,55.141249999999516,337,3,84.72091988130502,74.13083333333297,267,181.8
2,B,PREDATOR,257,-12.199999999999998,220,55.141249999999516,5,2,87.82599999999954,59.019999999999314,1,181.8
2,B,PREDATOR,258,-12.179999999999998,218,55.141249999999516,337,2,85.77762611275924,36.3400000000001,0,181.8
2,B,PREDATOR,259,-12.169999999999998,217,55.141249999999516,5,2,87.96999999999954,47.5049999999996,1,181.8
2,B,PREDATOR,260,57.19999999999979,500,55.141249999999516,1,1,89.3199999999996,8.170000000000249,5,181.8
2,B,PREDATOR,261,-12.53999999999999,254,55.141249999999516,4,2,87.37749999999951,59.427499999999284,2,181.8
2,B,PREDATOR,262,-12.53999999999999,254,55.141249999999516,337,2,83.06875370919836,43.02999999999962,1,181.8
2,B,PREDATOR,263,-12.54999999999999,255,55.141249999999516,337,2,81.9444213649847,100.0,90,181.8
2,B,PREDATOR,264,33.16500000000052,365,55.141249999999516,4,2,89.6049999999996,5.500000000000133,2,181.8
2,B,PREDATOR,265,-12.53999999999999,254,55.141249999999516,5,2,90.06999999999962,47.49999999999942,1,181.8
2,B,PREDATOR,266,-12.809999999999985,281,55.141249999999516,337,2,79.91243323442073,59.950000000000024,29,181.8
2,B,PREDATOR,267,-12.189999999999998,219,55.141249999999516,171,2,73.72274853801167,29.020000000000124,0,181.8
2,B,PREDATOR,268,5.973333333333079,165,55.141249999999516,5,3,93.36399999999976,31.43999999999977,1,181.8
2,B,PREDATOR,269,-12.809999999999985,281,55.141249999999516,6,2,88.66499999999957,27.880000000000184,0,181.8
2,B,PREDATOR,270,-12.909999999999982,291,55.141249999999516,2,2,84.0849999999994,73.7574999999989,4,181.8
2,B,PREDATOR,271,-12.489999999999991,249,55.141249999999516,337,2,85.57118694361976,29.469999999999978,0,181.8
2,B,PREDATOR,272,-12.959999999999981,296,55.141249999999516,3,2,82.13999999999932,68.8349999999989,3,181.8
2,B,PREDATOR,273,-12.179999999999998,218,55.141249999999516,4,2,90.98499999999966,50.34999999999966,2,181.8
2,B,PREDATOR,274,29.037500000000243,447,55.141249999999516,4,0,95.63499999999983,0.0,2,181.8
2,B,PREDATOR,275,-12.939999999999982,294,55.141249999999516,4,2,87.60999999999953,52.20999999999961,3,181.8
2,B,PREDATOR,276,92.34999999999897,500,55.141249999999516,0,2,0.0,22.858750000000004,6,181.8
2,B,PREDATOR,277,-13.389999999999972,339,55.141249999999516,4,1,91.9599999999997,75.80999999999882,2,181.8
2,B,PREDATOR,278,-13.089999999999979,309,55.141249999999516,337,1,77.4029970326399,8.320000000000075,0,181.8
2,B,PREDATOR,279,-12.859999999999983,286,55.141249999999516,4,2,91.8999999999997,61.9624999999989,2,181.8
2,B,PREDATOR,280,10.359166666666203,278,55.141249999999516,4,2,84.45999999999941,36.36999999999974,2,181.8
2,B,PREDATOR,281,-12.389999999999993,239,55.141249999999516,5,2,87.59799999999953,49.299999999999585,1,181.8
2,B,PREDATOR,282,-12.349999999999994,235,55.141249999999516,5,2,90.02799999999964,36.729999999999606,1,181.8
2,B,PREDATOR,283,1321.2524999999962,500,55.141249999999516,337,1,76.59106824925681,100.0,57,181.8
2,B,PREDATOR,284,31.48750000000028,343,55.141249999999516,3,2,90.55999999999965,31.84499999999989,3,181.8
2,B,PREDATOR,285,-13.359999999999973,336,55.141249999999516,5,2,93.53199999999975,34.899999999999444,1,181.8
2,B,PREDATOR,286,-12.739999999999986,274,55.141249999999516,5,2,86.11599999999947,40.23374999999957,1,181.8
2,B,PREDATOR,287,-12.159999999999998,216,55.141249999999516,337,2,88.53887240356075,53.4299999999996,1,181.8
2,B,PREDATOR,288,-12.459999999999992,246,55.141249999999516,337,2,76.47439169139402,45.12999999999964,0,181.8
2,B,PREDATOR,289,-12.509999999999991,251,55.141249999999516,5,2,86.11599999999947,44.20874999999959,1,181.8
2,B,PREDATOR,290,-11.57,157,55.141249999999516,259,3,78.82679536679534,46.220000000000034,9,181.8
2,B,PREDATOR,291,-12.709999999999987,271,55.141249999999516,4,2,90.75249999999966,54.23999999999916,2,181.8
2,B,PREDATOR,292,-12.789999999999985,279,55.141249999999516,4,2,87.77499999999954,47.949999999999605,2,181.8
2,B,PREDATOR,293,-12.239999999999997,224,55.141249999999516,337,2,84.65979228486607,46.81999999999965,2,181.8
2,B,PREDATOR,294,7.70833333333273,350,55.141249999999516,5,2,87.83799999999954,15.549999999999905,1,181.8
2,B,PREDATOR,295,-12.789999999999985,279,55.141249999999516,337,1,83.53172106824844,80.27999999999938,2,181.8
2,B,PREDATOR,296,-12.349999999999994,235,55.141249999999516,4,2,90.51999999999964,64.26874999999949,2,181.8
2,B,PREDATOR,297,-12.289999999999996,229,55.141249999999516,4,2,87.32499999999952,68.4299999999993,2,181.8
2,B,PREDATOR,298,-12.389999999999993,239,55.141249999999516,337,2,85.64771513353092,43.83999999999962,1,181.8
2,B,PREDATOR,299,-12.209999999999997,221,55.141249999999516,337,2,79.95765578634946,53.379999999999455,0,181.8
2,B,PREDATOR,300,11.845833333332907,267,55.141249999999516,4,2,95.45499999999983,52.94999999999946,2,181.8
2,B,PREDATOR,301,-13.05999999999998,306,55.141249999999516,337,2,89.53768545994039,37.41999999999945,1,181.8
2,B,PREDATOR,302,28.759166666667006,474,55.141249999999516,337,0,88.00919881305619,0.0,3,181.8
2,B,PREDATOR,303,-12.809999999999985,281,55.141249999999516,337,2,85.42949554896109,40.71999999999954,1,181.8
2,B,PREDATOR,304,-12.309999999999995,231,55.141249999999516,337,2,82.68640949554843,34.48000000000006,0,181.8
2,B,PREDATOR,305,-12.179999999999998,218,55.141249999999516,3,2,90.41999999999963,78.724999999999,3,181.8
2,B,PREDATOR,306,-12.189999999999998,219,55.141249999999516,5,2,89.89599999999962,49.569999999999695,1,181.8
2,B,PREDATOR,307,-12.159999999999998,216,55.141249999999516,6,2,88.62499999999956,33.58000000000015,0,181.8
2,B,PREDATOR,308,-12.12,212,55.141249999999516,337,2,88.37608308605314,66.88000000000011,112,181.8
2,B,PREDATOR,309,9.773333333332767,346,55.141249999999516,5,2,92.47599999999971,23.830000000000013,1,181.8
2,B,PREDATOR,310,9.659999999999384,379,55.141249999999516,3,2,88.19999999999955,32.58999999999945,3,181.8
2,B,PREDATOR,311,-12.219999999999997,222,55.141249999999516,5,2,90.91599999999966,33.999999999999694,1,181.8
2,B,PREDATOR,312,-12.639999999999988,264,55.141249999999516,6,1,89.8099999999996,30.52000000000002,0,181.8
2,B,PREDATOR,313,-12.729999999999986,273,55.141249999999516,6,1,87.94499999999955,18.64000000000008,0,181.8
2,B,PREDATOR,314,10.313333333332812,319,55.141249999999516,5,2,91.06599999999966,26.770000000000007,1,181.8
2,B,PREDATOR,315,-12.939999999999982,294,55.141249999999516,337,1,76.31744807121595,47.259999999999394,1,181.8
2,B,PREDATOR,316,10.73583333333285,297,55.141249999999516,4,1,88.14249999999956,50.224999999999405,2,181.8
2,B,PREDATOR,317,-12.359999999999994,236,55.141249999999516,6,2,89.00499999999958,20.980000000000057,0,181.8
2,B,PREDATOR,318,-11.830000000000002,183,55.141249999999516,297,1,71.95969696969696,26.440000000000143,0,181.8
2,B,PREDATOR,319,-12.55999999999999,256,55.141249999999516,5,2,83.7519999999994,26.872499999999853,1,181.8
2,B,PREDATOR,320,-12.189999999999998,219,55.141249999999516,5,2,89.3919999999996,50.80499999999972,1,181.8
2,B,PREDATOR,321,-12.789999999999985,279,55.141249999999516,5,2,88.47999999999956,37.372499999999775,1,181.8
2,B,PREDATOR,322,-12.479999999999992,248,55.141249999999516,5,2,92.61399999999972,38.49999999999974,1,181.8
2,B,PREDATOR,323,-12.209999999999997,221,55.141249999999516,5,2,91.9479999999997,59.85999999999929,1,181.8
2,B,PREDATOR,324,55.47749999999831,379,55.141249999999516,3,2,87.96999999999953,19.720000000000006,3,181.8
2,B,PREDATOR,325,-12.239999999999997,224,55.141249999999516,3,2,89.33999999999959,74.40999999999917,3,181.8
2,B,PREDATOR,326,-13.149999999999977,315,55.141249999999516,3,2,89.77999999999962,61.771249999999185,3,181.8
2,B,PREDATOR,327,-13.089999999999979,309,55.141249999999516,4,2,92.55249999999972,50.20999999999967,2,181.8
2,B,PREDATOR,328,8.944166666666268,217,55.141249999999516,4,2,91.38999999999967,39.754999999999804,2,181.8
2,B,PREDATOR,329,9.638333333332687,400,55.141249999999516,337,0,74.63483679525113,0.0,1,181.8
2,B,PREDATOR,330,9.57333333333281,312,55.141249999999516,5,0,85.98399999999947,0.0,1,181.8
2,B,PREDATOR,331,-12.58999999999999,259,55.141249999999516,5,2,89.09799999999959,43.81124999999977,1,181.8
2,B,PREDATOR,332,545.4158333333341,500,55.141249999999516,337,3,76.50421364985031,42.42916666666631,26,181.8
2,B,PREDATOR,333,-12.189999999999998,219,55.141249999999516,4,2,89.75499999999961,70.26749999999906,2,181.8
2,B,PREDATOR,334,13.159999999999775,317,55.141249999999516,337,2,80.7309495548956,58.930000000000064,121,181.8
2,B,PREDATOR,335,30.22500000000054,491,55.141249999999516,4,0,89.2599999999996,0.0,2,181.8
2,B,PREDATOR,336,10.915833333332879,279,55.141249999999516,4,2,94.05249999999978,44.50874999999942,2,181.8
2,B,PREDATOR,337,-12.98999999999998,299,55.141249999999516,6,2,89.3899999999996,27.069999999999837,0,181.8
2,B,PREDATOR,338,-12.399999999999993,240,55.141249999999516,3,2,93.27999999999975,75.45999999999918,9,181.8
2,B,PREDATOR,339,-12.609999999999989,261,55.141249999999516,4,2,84.72999999999942,58.419999999999135,2,181.8
2,B,PREDATOR,340,-12.309999999999995,231,55.141249999999516,4,2,92.2974999999997,55.21999999999964,2,181.8
2,B,PREDATOR,341,-11.3,130,55.141249999999516,4,3,86.03499999999947,37.225833333333256,2,181.8
2,B,PREDATOR,342,11.10083333333281,328,55.141249999999516,4,2,89.3499999999996,40.128749999999755,2,181.8
2,B,PREDATOR,343,-12.809999999999985,281,55.141249999999516,4,2,91.22499999999968,50.16999999999946,2,181.8
2,B,PREDATOR,344,-12.159999999999998,216,55.141249999999516,5,2,95.27199999999982,48.554999999999836,1,181.8
2,B,PREDATOR,345,-13.259999999999975,326,55.141249999999516,337,1,83.31062314539984,66.45999999999874,1,181.8
2,B,PREDATOR,346,-13.50999999999997,351,55.141249999999516,3,2,93.59999999999975,43.564999999999245,3,181.8
2,B,PREDATOR,347,32.472500000000586,478,55.141249999999516,1,1,80.16999999999925,65.29999999999856,5,181.8
2,B,PREDATOR,348,-12.689999999999987,269,55.141249999999516,4,2,92.73249999999973,60.191249999999215,2,181.8
2,B,PREDATOR,349,-12.459999999999992,246,55.141249999999516,6,2,86.95499999999952,13.18000000000012,0,181.8
2,B,PREDATOR,350,296.49999999999835,500,55.141249999999516,337,2,84.53364985163108,99.16,270,181.8
2,B,PREDATOR,351,-13.439999999999971,344,55.141249999999516,4,2,93.44499999999975,57.837499999999146,2,181.8
2,B,PREDATOR,352,-12.58999999999999,259,55.141249999999516,5,2,93.08799999999974,34.77999999999975,1,181.8
2,B,PREDATOR,353,-13.089999999999979,309,55.141249999999516,4,2,93.39249999999976,54.11374999999941,2,181.8
2,B,PREDATOR,354,84.60666666666496,500,55.141249999999516,1,2,95.55999999999983,17.765000000000175,5,181.8
2,B,PREDATOR,355,-13.05999999999998,306,55.141249999999516,337,1,87.3498516320472,11.98000000000008,0,181.8
2,B,PREDATOR,356,-13.439999999999971,344,55.141249999999516,2,2,91.40499999999967,72.57999999999927,4,181.8
2,B,PREDATOR,357,-12.749999999999986,275,55.141249999999516,6,2,87.08499999999951,23.350000000000154,0,181.8
2,B,PREDATOR,358,-12.389999999999993,239,55.141249999999516,6,2,86.5349999999995,32.31999999999999,0,181.8
2,B,PREDATOR,359,-12.759999999999986,276,55.141249999999516,6,2,92.0599999999997,20.980000000000025,0,181.8
2,B,PREDATOR,360,-12.389999999999993,239,55.141249999999516,4,2,90.39249999999964,63.518749999999,2,181.8
2,B,PREDATOR,361,-12.179999999999998,218,55.141249999999516,4,2,93.12249999999975,65.85999999999927,2,181.8
2,B,PREDATOR,362,-12.599999999999989,260,55.141249999999516,4,2,89.58249999999961,44.46999999999945,2,181.8
2,B,PREDATOR,363,-11.82,182,55.141249999999516,6,3,93.05999999999973,27.299999999999883,0,181.8
2,B,PREDATOR,364,-12.179999999999998,218,55.141249999999516,5,2,91.71399999999969,55.78499999999942,1,181.8
2,B,PREDATOR,365,2231.9008333333068,500,55.141249999999516,337,2,80.67679525222458,53.37999999999984,105,181.8
2,B,PREDATOR,366,-13.03999999999998,304,55.141249999999516,337,2,85.08065281899063,100.0,206,181.8
2,B,PREDATOR,367,-12.689999999999987,269,55.141249999999516,5,2,87.51399999999953,48.251249999999764,1,181.8
2,B,PREDATOR,368,-12.509999999999991,251,55.141249999999516,5,2,92.29599999999971,50.74124999999944,1,181.8
2,B,PREDATOR,369,-13.05999999999998,306,55.141249999999516,5,2,90.30999999999963,45.922499999999395,1,181.8
2,B,PREDATOR,370,-13.00999999999998,301,55.141249999999516,5,2,92.39799999999971,39.939999999999394,1,181.8
2,B,PREDATOR,371,-13.089999999999979,309,55.141249999999516,4,2,91.32249999999968,47.041249999999714,2,181.8
2,B,PREDATOR,372,-12.969999999999981,297,55.141249999999516,337,2,79.84166172106755,34.23999999999964,1,181.8
2,B,PREDATOR,373,10.319999999999544,469,55.141249999999516,337,1,82.73139465875249,10.119999999999772,1,181.8
2,B,PREDATOR,374,-12.209999999999997,221,55.141249999999516,6,2,92.85499999999973,40.92999999999979,0,181.8
2,B,PREDATOR,375,-12.939999999999982,294,55.141249999999516,337,2,81.69329376854547,42.10499999999959,3,181.8
2,B,PREDATOR,376,-13.069999999999979,307,55.141249999999516,5,2,86.24799999999948,35.7699999999995,1,181.8
2,B,PREDATOR,377,-12.209999999999997,221,55.141249999999516,337,2,84.30516320474736,84.48999999999961,107,181.8
2,B,PREDATOR,378,-12.199999999999998,220,55.141249999999516,337,2,86.27721068249221,100.0,41,181.8
2,B,PREDATOR,379,32.130000000000315,350,55.141249999999516,3,1,91.14999999999968,22.489999999999906,3,181.8
2,B,PREDATOR,380,-12.55999999999999,256,55.141249999999516,337,2,86.66118694361997,64.25999999999904,2,181.8
2,B,PREDATOR,381,-12.189999999999998,219,55.141249999999516,4,2,88.64499999999957,75.11249999999906,2,181.8
2,B,PREDATOR,382,-12.689999999999987,269,55.141249999999516,337,1,76.48629080118624,33.51999999999972,0,181.8
2,B,PREDATOR,383,-12.959999999999981,296,55.141249999999516,4,2,91.46499999999968,47.7724999999996,2,181.8
2,B,PREDATOR,384,11.685833333332807,337,55.141249999999516,5,2,93.56199999999976,17.109999999999946,1,181.8
2,B,PREDATOR,385,9.65666666666632,337,55.141249999999516,4,2,91.86999999999969,39.79499999999958,2,181.8
2,B,PREDATOR,386,-12.809999999999985,281,55.141249999999516,5,1,91.01799999999966,65.31999999999886,1,181.8
2,B,PREDATOR,387,-12.609999999999989,261,55.141249999999516,5,2,89.13999999999959,45.09999999999948,1,181.8
2,B,PREDATOR,388,10.59083333333273,379,55.141249999999516,337,1,82.78976261127525,100.0,59,181.8
2,B,PREDATOR,389,-12.609999999999989,261,55.141249999999516,6,2,90.88499999999965,23.530000000000133,0,181.8
2,B,PREDATOR,390,-12.129999999999999,213,55.141249999999516,4,2,91.58499999999968,69.829999999999,2,181.8
2,B,PREDATOR,391,-12.159999999999998,216,55.141249999999516,4,2,93.13749999999975,73.18999999999896,2,181.8
2,B,PREDATOR,392,27.944166666667115,467,55.141249999999516,3,1,92.98999999999974,8.139999999999324,3,181.8
2,B,PREDATOR,393,36.4516666666664,500,55.141249999999516,3,1,89.52999999999959,2.9849999999995562,3,181.8
2,B,PREDATOR,394,-13.45999999999997,346,55.141249999999516,337,2,77.13492581602273,27.729999999999933,0,181.8
2,B,PREDATOR,395,-13.389999999999972,339,55.141249999999516,337,1,85.20186943620055,47.25999999999914,1,181.8
2,B,PREDATOR,396,32.271666666667116,428,55.141249999999516,2,2,86.30499999999948,29.019999999999477,4,181.8
2,B,PREDATOR,397,34.61083333333387,430,55.141249999999516,2,2,88.92999999999958,32.37874999999915,4,181.8
2,B,PREDATOR,398,-13.699999999999966,370,55.141249999999516,3,2,83.9299999999994,39.49874999999958,3,181.8
2,B,PREDATOR,399,-12.309999999999995,231,55.141249999999516,337,2,87.51614243323424,25.629999999999935,0,181.8
2,B,PREDATOR,400,-12.789999999999985,279,55.141249999999516,337,2,79.12916913946525,32.46999999999988,0,181.8
2,B,PREDATOR,401,-12.759999999999986,276,55.141249999999516,337,1,82.31216617210626,26.38000000000021,0,181.8
2,B,PREDATOR,402,-13.02999999999998,303,55.141249999999516,337,2,79.16872403560767,29.889999999999716,0,181.8
2,B,PREDATOR,403,-12.849999999999984,285,55.141249999999516,337,2,83.56629080118623,52.27,10,181.8
2,B,PREDATOR,404,-12.289999999999996,229,55.141249999999516,3,2,91.24999999999966,82.60624999999908,3,181.8
2,B,PREDATOR,405,9.427499999999418,385,55.141249999999516,2,2,88.58499999999957,41.9799999999992,4,181.8
2,B,PREDATOR,406,-12.679999999999987,268,55.141249999999516,6,2,91.06999999999967,29.14000000000001,0,181.8
2,B,PREDATOR,407,-13.00999999999998,301,55.141249999999516,3,2,85.41999999999945,72.47999999999878,3,181.8
2,B,PREDATOR,408,-12.12,212,55.141249999999516,5,2,92.32599999999971,52.58999999999956,1,181.8
2,B,PREDATOR,409,-12.169999999999998,217,55.141249999999516,4,2,88.25499999999955,70.62999999999924,2,181.8
2,B,PREDATOR,410,-12.609999999999989,261,55.141249999999516,3,1,88.48999999999955,83.13999999999938,3,181.8
2,B,PREDATOR,411,-12.399999999999993,240,55.141249999999516,5,2,90.59799999999964,48.13874999999965,1,181.8
2,B,PREDATOR,412,-12.199999999999998,220,55.141249999999516,5,2,87.65799999999953,47.879999999999995,1,181.8
2,B,PREDATOR,413,-12.859999999999983,286,55.141249999999516,3,2,89.4599999999996,64.2699999999989,3,181.8
2,B,PREDATOR,414,-12.189999999999998,219,55.141249999999516,337,2,83.77899109792246,43.50374999999991,1,181.8
2,B,PREDATOR,415,-12.439999999999992,244,55.141249999999516,3,2,87.52999999999952,80.20624999999905,3,181.8
2,B,PREDATOR,416,1101.4724999999964,500,55.141249999999516,337,2,79.72593471809947,70.46999999999925,52,181.8
2,B,PREDATOR,417,1922.6349999999934,500,55.141249999999516,337,2,79.15557863501374,64.70374999999996,84,181.8
2,B,PREDATOR,418,9.984999999999497,387,55.141249999999516,3,2,94.6399999999998,37.989999999999185,3,181.8
2,B,PREDATOR,419,-12.489999999999991,249,55.141249999999516,6,2,88.92999999999957,29.770000000000067,0,181.8
2,B,PREDATOR,420,-12.789999999999985,279,55.141249999999516,4,2,90.80499999999965,59.566249999999485,2,181.8
2,B,PREDATOR,421,-12.159999999999998,216,55.141249999999516,337,2,85.82632047477709,34.77999999999974,0,181.8
2,B,PREDATOR,422,-12.789999999999985,279,55.141249999999516,4,2,93.06999999999974,59.021249999999,2,181.8
2,B,PREDATOR,423,-12.969999999999981,297,55.141249999999516,4,2,86.31999999999948,46.41999999999935,2,181.8
2,B,PREDATOR,424,10.974166666666092,365,55.141249999999516,4,2,93.02499999999974,5.979999999999628,2,181.8
2,B,PREDATOR,425,-12.959999999999981,296,55.141249999999516,3,2,90.40999999999963,55.023749999999296,3,181.8
2,B,PREDATOR,426,-12.429999999999993,243,55.141249999999516,5,2,90.56199999999964,49.26999999999964,1,181.8
2,B,PREDATOR,427,908.5524999999989,500,55.141249999999516,337,2,75.97178041542902,49.20999999999984,41,181.8
2,B,PREDATOR,428,7.808333333332785,313,55.141249999999516,337,1,76.18362017804088,57.43249999999892,2,181.8
2,B,PREDATOR,429,-13.05999999999998,306,55.141249999999516,297,2,72.1900673400673,44.83499999999942,1,181.8
2,B,PREDATOR,430,-12.959999999999981,296,55.141249999999516,4,1,93.23499999999974,79.35999999999922,28,181.8
2,B,PREDATOR,431,-13.03999999999998,304,55.141249999999516,6,2,92.05499999999971,5.020000000000094,0,181.8
2,B,PREDATOR,432,9.763333333332879,266,55.141249999999516,5,2,94.95999999999981,27.430000000000014,1,181.8
2,B,PREDATOR,433,-13.139999999999977,314,55.141249999999516,337,2,83.69551928783314,83.51624999999936,57,181.8
2,B,PREDATOR,434,-12.040000000000001,204,55.141249999999516,6,3,89.54999999999961,19.34,0,181.8
2,B,PREDATOR,435,9.146666666665952,445,55.141249999999516,2,2,83.96499999999939,36.97999999999936,4,181.8
2,B,PREDATOR,436,-13.209999999999976,321,55.141249999999516,3,2,94.81999999999981,68.5174999999988,3,181.8
2,B,PREDATOR,437,-12.209999999999997,221,55.141249999999516,3,2,84.1599999999994,66.3699999999996,17,181.8
2,B,PREDATOR,438,-13.04999999999998,305,55.141249999999516,6,1,90.28999999999962,26.50000000000027,0,181.8
2,B,PREDATOR,439,-13.639999999999967,364,55.141249999999516,3,2,94.3899999999998,47.97999999999962,3,181.8
2,B,PREDATOR,440,9.471666666666076,360,55.141249999999516,3,2,87.68999999999953,20.38499999999999,3,181.8
2,B,PREDATOR,441,-12.339999999999995,234,55.141249999999516,5,2,87.34599999999952,57.12999999999943,1,181.8
2,B,PREDATOR,442,-13.089999999999979,309,55.141249999999516,5,2,89.66799999999961,44.21999999999938,1,181.8
2,B,PREDATOR,443,-12.739999999999986,274,55.141249999999516,5,2,87.13599999999951,46.58624999999941,1,181.8
2,B,PREDATOR,444,-12.489999999999991,249,55.141249999999516,4,2,91.06749999999967,52.50999999999972,4,181.8
2,B,PREDATOR,445,-13.409999999999972,341,55.141249999999516,5,2,93.08799999999974,30.37499999999998,1,181.8
2,B,PREDATOR,446,3857.789999999968,500,55.141249999999516,337,2,83.50222551928701,97.53999999999996,450,181.8
2,B,PREDATOR,447,-12.709999999999987,271,55.141249999999516,5,2,93.15999999999974,42.48999999999961,1,181.8
2,B,PREDATOR,448,9.603333333333017,339,55.141249999999516,5,1,88.26399999999956,24.819999999999972,1,181.8
2,B,PREDATOR,449,11.025833333332743,376,55.141249999999516,3,1,86.27999999999948,63.889999999998516,3,181.8
2,B,PREDATOR,450,5767.059999999969,500,55.141249999999516,337,2,82.62136498516256,100.0,563,181.8
2,B,PREDATOR,451,-13.359999999999973,336,55.141249999999516,2,2,85.65999999999946,32.969999999999615,4,181.8
2,B,PREDATOR,452,67.20749999999863,500,55.141249999999516,3,1,92.0399999999997,25.620000000000218,3,181.8
2,B,PREDATOR,453,-12.679999999999987,268,55.141249999999516,5,2,91.56399999999968,44.78999999999949,1,181.8
2,B,PREDATOR,454,8.813333333332617,442,55.141249999999516,337,0,84.32264094955374,0.0,1,181.8
2,B,PREDATOR,455,-12.909999999999982,291,55.141249999999516,337,2,78.6926706231447,32.43999999999961,1,181.8
2,B,PREDATOR,456,-12.309999999999995,231,55.141249999999516,5,2,91.32999999999967,54.54749999999951,1,181.8
2,B,PREDATOR,457,30.919166666667188,432,55.141249999999516,2,1,80.79999999999927,67.09999999999805,4,181.8
2,B,PREDATOR,458,-11.520000000000001,152,55.141249999999516,337,3,89.47973293768531,30.96333333333317,1,181.8
2,B,PREDATOR,459,-13.439999999999971,344,55.141249999999516,5,2,92.55999999999972,28.649999999999736,1,181.8
2,B,PREDATOR,460,-12.239999999999997,224,55.141249999999516,6,2,92.66999999999973,14.320000000000118,0,181.8
2,B,PREDATOR,461,-12.789999999999985,279,55.141249999999516,3,2,92.74999999999973,73.40749999999895,3,181.8
2,B,PREDATOR,462,-12.179999999999998,218,55.141249999999516,4,2,91.50999999999968,72.46624999999912,2,181.8
2,B,PREDATOR,463,8.809166666665961,433,55.141249999999516,3,2,84.2999999999994,27.129999999999487,3,181.8
2,B,PREDATOR,464,-13.03999999999998,304,55.141249999999516,337,1,83.23483679525154,100.0,216,181.8
2,B,PREDATOR,465,-13.239999999999975,324,55.141249999999516,337,2,83.88192878338234,54.67000000000005,42,181.8
2,B,PREDATOR,466,33.37250000000064,414,55.141249999999516,3,1,93.59999999999975,24.77000000000007,3,181.8
2,B,PREDATOR,467,33.02250000000053,375,55.141249999999516,1,2,90.51999999999964,50.72624999999903,5,181.8
2,B,PREDATOR,468,32.70666666666659,374,55.141249999999516,3,2,86.9199999999995,34.65999999999943,3,181.8
2,B,PREDATOR,469,-12.229999999999997,223,55.141249999999516,5,2,85.98999999999947,46.269999999999726,1,181.8
2,B,PREDATOR,470,-12.639999999999988,264,55.141249999999516,5,2,87.44199999999952,40.08374999999943,1,181.8
2,B,PREDATOR,471,-12.289999999999996,229,55.141249999999516,6,2,90.45999999999964,22.720000000000148,0,181.8
2,B,PREDATOR,472,-12.359999999999994,236,55.141249999999516,4,2,93.09999999999974,74.64749999999916,2,181.8
2,B,PREDATOR,473,-13.109999999999978,311,55.141249999999516,6,2,94.8649999999998,25.330000000000016,0,181.8
2,B,PREDATOR,474,98.31916666666473,433,55.141249999999516,3,1,85.25999999999944,35.059999999998865,6,181.8
2,B,PREDATOR,475,-12.259999999999996,226,55.141249999999516,4,2,88.87749999999959,71.47499999999917,2,181.8
2,B,PREDATOR,476,-12.439999999999992,244,55.141249999999516,5,2,88.9719999999996,32.33624999999975,1,181.8
2,B,PREDATOR,477,10.048333333332865,278,55.141249999999516,5,1,84.3159999999994,41.440000000000154,1,181.8
2,B,PREDATOR,478,-12.839999999999984,284,55.141249999999516,337,2,80.01136498516269,63.249999999999844,10,181.8
2,B,PREDATOR,479,-12.209999999999997,221,55.141249999999516,5,2,91.14399999999966,37.6599999999997,1,181.8
2,B,PREDATOR,480,8.708333333332815,301,55.141249999999516,337,2,81.94732937685409,66.60999999999974,145,181.8
2,B,PREDATOR,481,-13.48999999999997,349,55.141249999999516,2,2,92.49999999999972,67.34749999999849,4,181.8
2,B,PREDATOR,482,-12.259999999999996,226,55.141249999999516,3,2,91.47999999999968,77.88999999999896,3,181.8
2,B,PREDATOR,483,-12.479999999999992,248,55.141249999999516,5,2,88.13799999999955,59.45249999999932,1,181.8
2,B,PREDATOR,484,-12.189999999999998,219,55.141249999999516,5,2,90.36399999999963,37.02999999999963,1,181.8
2,B,PREDATOR,485,-12.429999999999993,243,55.141249999999516,5,2,93.00399999999975,40.36874999999988,1,181.8
2,B,PREDATOR,486,10.500833333332833,307,55.141249999999516,337,2,83.62053412462839,74.20124999999967,28,181.8
2,B,PREDATOR,487,11.113333333332706,401,55.141249999999516,3,2,85.77999999999946,31.26124999999981,3,181.8
2,B,PREDATOR,488,-12.98999999999998,299,55.141249999999516,337,2,79.30807121661661,59.449999999999044,3,181.8
2,B,PREDATOR,489,9.723333333332642,432,55.141249999999516,337,1,83.39851632047365,7.359999999999902,1,181.8
2,B,PREDATOR,490,7.029166666666038,485,55.141249999999516,4,2,93.99249999999978,6.639999999999632,2,181.8
2,B,PREDATOR,491,12.176666666666401,284,55.141249999999516,337,2,84.26231454005897,13.996250000000156,2,181.8
2,B,PREDATOR,492,-13.409999999999972,341,55.141249999999516,3,2,92.51999999999971,56.97749999999928,3,181.8
2,B,PREDATOR,493,10.3083333333326,468,55.141249999999516,5,0,92.30199999999971,0.0,1,181.8
2,B,PREDATOR,494,-12.139999999999999,214,55.141249999999516,5,2,91.38399999999967,57.399999999999466,1,181.8
2,B,PREDATOR,495,-12.389999999999993,239,55.141249999999516,6,2,85.71999999999946,22.720000000000176,0,181.8
2,B,PREDATOR,496,-12.279999999999996,228,55.141249999999516,337,2,90.99258160237369,43.83999999999977,0,181.8
2,B,PREDATOR,497,-13.139999999999977,314,55.141249999999516,337,2,83.41130563798164,100.0,227,181.8
2,B,PREDATOR,498,-12.209999999999997,221,55.141249999999516,337,2,84.60884272996996,64.39000000000009,78,181.8
2,B,PREDATOR,499,10.951666666666233,347,55.141249999999516,3,1,87.17999999999951,69.03999999999886,3,181.8
2,B,PREDATOR,500,11.485833333332776,357,55.141249999999516,3,2,87.29999999999951,32.88499999999952,3,181.8
3,A,PREY,1,1744.5000000000048,500,15275.708999999872,338,1,88.15967455621198,99.58,63,51.5
3,A,PREY,2,1864.4700000000043,500,15275.708999999872,6,1,94.7149999999998,4.6000000000004535,1,51.5
3,A,PREY,3,798.0800000000019,219,15275.708999999872,5,2,91.35999999999967,57.86250000000007,2,51.5
3,A,PREY,4,2184.390000000001,500,15275.708999999872,5,1,94.08399999999978,1.8449999999999411,2,51.5
3,A,PREY,5,1904.4600000000044,500,15275.708999999872,4,1,93.78249999999977,41.40000000000049,3,51.5
3,A,PREY,6,56.20999999999999,27,15275.708999999872,5,2,93.42999999999975,86.82999999999998,2,51.5
3,A,PREY,7,2064.420000000001,500,15275.708999999872,7,0,94.85714285714266,0.0,0,51.5
3,A,PREY,8,1662.2600000000032,328,15275.708999999872,4,2,93.81249999999977,49.43874999999986,3,51.5
3,A,PREY,9,2344.349999999995,500,15275.708999999872,2,2,96.14499999999985,29.775000000000105,5,51.5
3,A,PREY,10,275.2400000000003,68,15275.708999999872,6,2,87.55999999999953,76.18874999999986,1,51.5
3,A,PREY,11,2384.3399999999965,500,15275.708999999872,7,0,91.34285714285681,0.0,0,51.5
3,A,PREY,12,2504.3099999999754,500,15275.708999999872,338,1,78.60414201183349,98.74,71,51.5
3,A,PREY,13,3064.1699999999837,500,15275.708999999872,4,1,93.65499999999976,39.15500000000012,3,51.5
3,A,PREY,14,2984.1899999999787,500,15275.708999999872,4,1,94.28499999999978,45.967500000000115,3,51.5
3,A,PREY,15,2664.269999999988,500,15275.708999999872,5,1,90.84399999999964,0.4550000000001134,2,51.5
3,A,PREY,16,3104.159999999971,500,15275.708999999872,6,0,95.61999999999983,0.0,1,51.5
3,A,PREY,17,2784.2399999999784,500,15275.708999999872,7,0,91.02571428571393,0.0,0,51.5
3,A,PREY,18,3184.139999999976,500,15275.708999999872,5,1,93.43599999999975,5.195000000000254,2,51.5
3,A,PREY,19,3024.1799999999716,500,15275.708999999872,7,0,97.2699999999999,0.0,0,51.5
3,A,PREY,20,3624.0299999999706,500,15275.708999999872,338,2,86.22482248520639,100.0,170,51.5
3,A,PREY,21,3424.079999999955,500,15275.708999999872,338,2,84.36476331360792,95.95999999999988,35,51.5
3,A,PREY,22,3664.0199999999763,500,15275.708999999872,338,1,86.41275147928856,98.91999999999996,55,51.5
3,A,PREY,23,2664.269999999979,500,15275.708999999872,338,2,83.03816568047195,59.497500000000244,30,51.5
3,A,PREY,24,3823.979999999961,500,15275.708999999872,6,0,92.65999999999973,0.0,1,51.5
3,A,PREY,25,3584.0399999999627,500,15275.708999999872,338,2,82.20840236686288,99.78999999999999,150,51.5
3,A,PREY,26,3384.0899999999733,500,15275.708999999872,338,2,85.09816568047242,50.787499999999966,89,51.5
3,A,PREY,27,338.3900000000007,101,15275.708999999872,5,2,91.31199999999967,73.13999999999982,2,51.5
3,A,PREY,28,4783.739999999941,500,15275.708999999872,338,2,81.7400887573953,85.47999999999988,120,51.5
3,A,PREY,29,1472.6000000000013,151,15275.708999999872,5,2,90.27999999999963,74.15624999999972,2,51.5
3,A,PREY,30,3624.029999999956,500,15275.708999999872,338,64,89.71905325443782,67.1509765625,852,51.5
3,A,PREY,31,141.29000000000002,17,15275.708999999872,5,2,96.78399999999988,97.05999999999999,2,51.5
3,A,PREY,32,2734.8499999999917,342,15275.708999999872,337,1,81.41682492581504,28.67250000000049,2,51.5
3,A,PREY,33,3943.9499999999653,500,15275.708999999872,5,2,96.20799999999986,8.116250000000209,2,51.5
3,A,PREY,34,4663.7699999999595,500,15275.708999999872,7,0,94.82714285714268,0.0,0,51.5
3,A,PREY,35,2770.2499999999814,351,15275.708999999872,5,2,92.94399999999973,23.708750000000315,2,51.5
3,A,PREY,36,4943.69999999995,500,15275.708999999872,6,0,92.67499999999973,0.0,1,51.5
3,A,PREY,37,4623.779999999951,500,15275.708999999872,5,1,93.65799999999976,7.567500000000049,2,51.5
3,A,PREY,38,4743.74999999995,500,15275.708999999872,5,1,94.35399999999979,2.082500000000225,2,51.5
3,A,PREY,39,4623.779999999948,500,15275.708999999872,4,1,91.56249999999969,32.12000000000041,3,51.5
3,A,PREY,40,4903.709999999939,500,15275.708999999872,5,1,90.26199999999963,11.384999999999962,2,51.5
3,A,PREY,41,4783.73999999995,500,15275.708999999872,5,0,93.12399999999974,0.0,2,51.5
3,A,PREY,42,4783.739999999955,500,15275.708999999872,338,1,84.64630177514714,100.0,159,51.5
3,A,PREY,43,5103.659999999945,500,15275.708999999872,4,2,98.38749999999993,3.8200000000002055,3,51.5
3,A,PREY,44,4703.7599999999475,500,15275.708999999872,5,1,92.87199999999973,1.535000000000382,2,51.5
3,A,PREY,45,5783.4899999999325,500,15275.708999999872,3,1,95.45999999999982,7.520000000000852,5,51.5
3,A,PREY,46,4663.76999999996,500,15275.708999999872,338,1,80.06520710059021,88.35999999999956,10,51.5
3,A,PREY,47,5543.549999999936,500,15275.708999999872,7,0,96.15999999999985,0.0,0,51.5
3,A,PREY,48,3940.3699999999717,409,15275.708999999872,4,2,86.26749999999947,27.3449999999999,3,51.5
3,A,PREY,49,6143.399999999932,500,15275.708999999872,338,1,85.39355029585708,100.0,154,51.5
3,A,PREY,50,5463.569999999936,500,15275.708999999872,7,0,91.35571428571396,0.0,0,51.5
3,A,PREY,51,5743.499999999941,500,15275.708999999872,5,0,92.36799999999971,0.0,2,51.5
3,A,PREY,52,5463.569999999945,500,15275.708999999872,338,2,81.28644970414032,48.910000000000075,173,51.5
3,A,PREY,53,6423.329999999926,500,15275.708999999872,4,2,93.84999999999977,8.807499999999955,3,51.5
3,A,PREY,54,4863.719999999956,500,15275.708999999872,338,1,82.00511834319401,31.22000000000052,38,51.5
3,A,PREY,55,26.930000000000007,6,15275.708999999872,6,2,98.64999999999996,91.24,1,51.5
3,A,PREY,56,5383.589999999941,500,15275.708999999872,338,2,82.2047633136083,74.64999999999984,124,51.5
3,A,PREY,57,6863.219999999921,500,15275.708999999872,338,0,79.49106508875612,0.0,1,51.5
3,A,PREY,58,5903.459999999927,500,15275.708999999872,5,1,93.20199999999974,46.987500000000125,2,51.5
3,A,PREY,59,4173.469999999976,344,15275.708999999872,337,1,84.9230860534118,51.7175000000002,1,51.5
3,A,PREY,60,5903.459999999937,500,15275.708999999872,5,1,94.35399999999979,71.19999999999919,8,51.5
3,A,PREY,61,6423.3299999999335,500,15275.708999999872,4,2,91.83999999999969,13.795000000000629,3,51.5
3,A,PREY,62,6583.289999999923,500,15275.708999999872,338,2,81.059615384614,72.89874999999927,79,51.5
3,A,PREY,63,7183.139999999919,500,15275.708999999872,6,1,95.80999999999983,23.614999999999817,1,51.5
3,A,PREY,64,127.52000000000014,44,15275.708999999872,6,2,91.61499999999968,78.6337499999999,1,51.5
3,A,PREY,65,6175.939999999929,495,15275.708999999872,337,1,81.96537091987967,81.73999999999992,18,51.5
3,A,PREY,66,6343.349999999923,500,15275.708999999872,6,0,92.78999999999972,0.0,1,51.5
3,A,PREY,67,7063.169999999921,500,15275.708999999872,338,1,84.97896449704025,100.0,218,51.5
3,A,PREY,68,5229.629999999953,500,15275.708999999872,338,2,82.04748520709947,90.21999999999991,111,51.5
3,A,PREY,69,5783.489999999946,500,15275.708999999872,5,0,96.11199999999985,0.0,2,51.5
3,A,PREY,70,6703.259999999931,500,15275.708999999872,5,1,95.48199999999983,9.604999999999839,2,51.5
3,A,PREY,71,7583.039999999918,500,15275.708999999872,5,0,91.41399999999967,0.0,2,51.5
3,A,PREY,72,4463.809999999969,402,15275.708999999872,5,1,88.11999999999955,40.39999999999998,2,51.5
3,A,PREY,73,6783.2399999999325,500,15275.708999999872,338,2,86.5988165680458,81.57999999999987,75,51.5
3,A,PREY,74,8222.879999999914,500,15275.708999999872,3,1,88.80999999999956,12.96000000000029,4,51.5
3,A,PREY,75,7143.1499999999205,500,15275.708999999872,338,2,84.81742603550175,68.13999999999983,113,51.5
3,A,PREY,76,6423.329999999928,500,15275.708999999872,7,0,90.78142857142822,0.0,0,51.5
3,A,PREY,77,7583.03999999991,500,15275.708999999872,338,1,79.15656804733604,91.59999999999988,103,51.5
3,A,PREY,78,8062.91999999991,500,15275.708999999872,338,2,79.77233727810503,13.69250000000038,2,51.5
3,A,PREY,79,7703.009999999919,500,15275.708999999872,6,1,92.0799999999997,8.637499999999713,1,51.5
3,A,PREY,80,333.0800000000002,33,15275.708999999872,6,2,91.9599999999997,83.74124999999995,1,51.5
3,A,PREY,81,28.460000000000004,3,15275.708999999872,5,2,99.45999999999998,100.0,2,51.5
3,A,PREY,82,5827.5499999999465,394,15275.708999999872,337,2,88.51091988130452,92.39249999999987,28,51.5
3,A,PREY,83,7423.079999999919,500,15275.708999999872,338,1,79.51286982248412,97.4799999999999,197,51.5
3,A,PREY,84,8022.929999999909,500,15275.708999999872,338,2,82.32384615384481,88.53999999999995,77,51.5
3,A,PREY,85,6863.21999999993,500,15275.708999999872,7,0,96.78999999999988,0.0,0,51.5
3,A,PREY,86,4963.069999999968,364,15275.708999999872,5,2,89.5839999999996,22.60875000000027,2,51.5
3,A,PREY,87,7503.059999999914,500,15275.708999999872,6,0,94.14499999999977,0.0,1,51.5
3,A,PREY,88,7426.0799999999135,500,15275.708999999872,338,0,90.80857988165661,0.0,1,51.5
3,A,PREY,89,7822.9799999999195,500,15275.708999999872,338,2,86.90405325443714,100.0,176,51.5
3,A,PREY,90,8462.819999999909,500,15275.708999999872,4,2,95.34999999999982,6.809999999999873,3,51.5
3,A,PREY,91,7183.139999999926,500,15275.708999999872,338,2,78.15488165680333,43.92999999999987,67,51.5
3,A,PREY,92,7183.139999999929,500,15275.708999999872,338,2,82.99023668638966,100.0,175,51.5
3,A,PREY,93,8062.919999999912,500,15275.708999999872,5,0,93.08199999999974,0.0,2,51.5
3,A,PREY,94,7982.9399999999105,500,15275.708999999872,338,1,84.93384615384498,100.0,266,51.5
3,A,PREY,95,7583.0399999999245,500,15275.708999999872,4,1,91.05249999999967,31.584999999999958,3,51.5
3,A,PREY,96,9142.6499999999,500,15275.708999999872,338,4,83.4632248520704,90.45874999999982,233,51.5
3,A,PREY,97,8262.869999999908,500,15275.708999999872,4,1,91.50999999999968,9.70499999999986,3,51.5
3,A,PREY,98,8502.809999999918,500,15275.708999999872,4,1,95.82999999999984,39.47999999999993,3,51.5
3,A,PREY,99,7663.019999999925,500,15275.708999999872,5,1,92.47599999999971,9.135000000000067,2,51.5
3,A,PREY,100,7343.099999999924,500,15275.708999999872,338,2,79.90171597633012,52.987499999999976,143,51.5
3,A,PREY,101,9382.5899999999,500,15275.708999999872,338,1,83.34686390532413,99.39999999999998,166,51.5
3,A,PREY,102,9102.659999999902,500,15275.708999999872,338,9,85.56727810650847,82.92444444444442,322,51.5
3,A,PREY,103,7935.499999999907,495,15275.708999999872,337,31,85.96762611275935,65.71693548387091,444,51.5
3,A,PREY,104,771.4400000000004,36,15275.708999999872,5,2,91.41999999999969,85.98999999999995,2,51.5
3,A,PREY,105,3934.639999999995,185,15275.708999999872,182,2,72.20780219780218,56.400000000000304,1,51.5
3,A,PREY,106,1102.2800000000004,93,15275.708999999872,4,2,85.35999999999945,79.11999999999993,3,51.5
3,A,PREY,107,7103.1599999999335,500,15275.708999999872,338,2,78.11609467455445,81.95749999999956,20,51.5
3,A,PREY,108,9182.639999999901,500,15275.708999999872,6,2,98.21999999999993,4.1400000000000885,1,51.5
3,A,PREY,109,8582.78999999991,500,15275.708999999872,338,0,85.83127218934885,0.0,1,51.5
3,A,PREY,110,10382.339999999895,500,15275.708999999872,6,0,93.13499999999975,0.0,1,51.5
3,A,PREY,111,9462.5699999999,500,15275.708999999872,338,2,85.07109467455507,99.69999999999999,159,51.5
3,A,PREY,112,9382.5899999999,500,15275.708999999872,4,1,94.34499999999979,27.47999999999993,3,51.5
3,A,PREY,113,961.1900000000005,56,15275.708999999872,3,2,88.54999999999957,97.05999999999999,4,51.5
3,A,PREY,114,9422.579999999894,500,15275.708999999872,5,1,94.93599999999981,33.319999999999396,2,51.5
3,A,PREY,115,8582.789999999917,500,15275.708999999872,338,1,82.75198224851967,100.0,120,51.5
3,A,PREY,116,9062.669999999898,500,15275.708999999872,4,1,91.86999999999969,22.427499999999913,3,51.5
3,A,PREY,117,4514.089999999983,225,15275.708999999872,6,2,89.04999999999957,53.400000000000375,1,51.5
3,A,PREY,118,8382.839999999918,500,15275.708999999872,4,1,95.07249999999982,8.622499999999967,3,51.5
3,A,PREY,119,2130.800000000001,115,15275.708999999872,3,2,89.8899999999996,91.87874999999981,4,51.5
3,A,PREY,120,2634.859999999998,146,15275.708999999872,235,2,76.05085106382977,62.13000000000014,1,51.5
3,A,PREY,121,5616.169999999965,338,15275.708999999872,5,2,93.05799999999974,33.83625000000028,2,51.5
3,A,PREY,122,10582.289999999888,500,15275.708999999872,6,0,92.19499999999971,0.0,1,51.5
3,A,PREY,123,10062.419999999893,500,15275.708999999872,7,0,94.71142857142839,0.0,0,51.5
3,A,PREY,124,7982.939999999925,500,15275.708999999872,338,2,83.54908284023585,50.73000000000015,276,51.5
3,A,PREY,125,6257.74999999995,413,15275.708999999872,337,2,86.2367952522243,89.53124999999969,50,51.5
3,A,PREY,126,10382.339999999891,500,15275.708999999872,2,1,95.60499999999983,27.160000000000412,5,51.5
3,A,PREY,127,27.95000000000001,4,15275.708999999872,6,2,99.27999999999997,91.66,1,51.5
3,A,PREY,128,9662.519999999902,500,15275.708999999872,338,1,80.23926035502858,81.09999999999987,24,51.5
3,A,PREY,129,9302.609999999906,500,15275.708999999872,6,0,94.33999999999979,0.0,1,51.5
3,A,PREY,130,9902.459999999899,500,15275.708999999872,6,2,93.88999999999977,9.73500000000038,1,51.5
3,A,PREY,131,10382.339999999887,500,15275.708999999872,7,0,94.46285714285693,0.0,0,51.5
3,A,PREY,132,7423.079999999919,500,15275.708999999872,338,1,84.71582840236482,25.43000000000071,3,51.5
3,A,PREY,133,11542.049999999881,500,15275.708999999872,5,1,90.24999999999963,3.087499999999923,2,51.5
3,A,PREY,134,1829.750000000001,78,15275.708999999872,5,2,86.04399999999946,85.94624999999976,2,51.5
3,A,PREY,135,5253.499999999973,265,15275.708999999872,337,2,83.97715133531125,71.99250000000015,85,51.5
3,A,PREY,136,9502.559999999896,500,15275.708999999872,5,2,94.13199999999978,15.60000000000022,2,51.5
3,A,PREY,137,10982.18999999989,500,15275.708999999872,6,1,94.9749999999998,12.462500000000006,1,51.5
3,A,PREY,138,7503.0599999999195,500,15275.708999999872,338,1,77.70668639053115,94.95499999999852,63,51.5
3,A,PREY,139,262.7900000000001,14,15275.708999999872,6,2,96.53999999999989,89.55999999999999,1,51.5
3,A,PREY,140,10462.319999999892,500,15275.708999999872,6,0,89.53999999999961,0.0,1,51.5
3,A,PREY,141,10902.209999999888,500,15275.708999999872,338,0,82.60857988165526,0.0,0,51.5
3,A,PREY,142,93.64999999999988,32,15275.708999999872,6,2,92.65499999999973,83.45624999999991,1,51.5
3,A,PREY,143,10662.269999999893,500,15275.708999999872,6,1,96.17499999999986,0.5000000000004011,1,51.5
3,A,PREY,144,10822.22999999989,500,15275.708999999872,7,0,90.41714285714248,0.0,0,51.5
3,A,PREY,145,9622.529999999906,500,15275.708999999872,5,1,91.9179999999997,26.990000000000435,2,51.5
3,A,PREY,146,1402.3100000000009,132,15275.708999999872,5,2,94.17399999999978,66.74374999999998,2,51.5
3,A,PREY,147,13.670000000000007,32,15275.708999999872,5,2,92.91999999999973,85.77999999999997,2,51.5
3,A,PREY,148,9942.449999999906,500,15275.708999999872,6,0,92.95999999999974,0.0,1,51.5
3,A,PREY,149,9742.4999999999,500,15275.708999999872,7,0,92.3114285714283,0.0,0,51.5
3,A,PREY,150,7577.719999999939,334,15275.708999999872,6,1,93.51999999999975,28.820000000000327,1,51.5
3,A,PREY,151,8564.419999999922,438,15275.708999999872,337,2,84.53994065281806,99.45999999999998,111,51.5
3,A,PREY,152,731.4500000000004,36,15275.708999999872,6,2,91.44999999999966,87.89624999999988,1,51.5
3,A,PREY,153,10902.209999999885,500,15275.708999999872,338,0,89.82535502958555,0.0,1,51.5
3,A,PREY,154,9782.489999999907,500,15275.708999999872,3,1,89.75999999999961,12.180000000000652,4,51.5
3,A,PREY,155,11901.959999999879,500,15275.708999999872,6,0,94.18499999999979,0.0,1,51.5
3,A,PREY,156,10742.2499999999,500,15275.708999999872,3,2,92.0999999999997,11.055000000000007,7,51.5
3,A,PREY,157,11861.96999999988,500,15275.708999999872,5,1,96.08799999999985,20.00999999999982,2,51.5
3,A,PREY,158,10022.429999999906,500,15275.708999999872,7,0,93.21571428571403,0.0,0,51.5
3,A,PREY,159,11062.169999999893,500,15275.708999999872,2,2,97.59999999999991,13.305000000000378,5,51.5
3,A,PREY,160,10462.319999999901,500,15275.708999999872,5,1,92.0979999999997,2.079999999999931,2,51.5
3,A,PREY,161,11781.989999999883,500,15275.708999999872,7,0,93.98285714285691,0.0,0,51.5
3,A,PREY,162,10302.359999999904,500,15275.708999999872,3,1,94.99999999999982,44.66749999999872,4,51.5
3,A,PREY,163,11222.129999999894,500,15275.708999999872,4,1,95.30499999999982,33.390000000000725,3,51.5
3,A,PREY,164,11222.12999999989,500,15275.708999999872,7,0,93.30142857142833,0.0,0,51.5
3,A,PREY,165,10582.289999999895,500,15275.708999999872,338,1,84.46523668638989,83.19999999999993,62,51.5
3,A,PREY,166,8526.25999999993,356,15275.708999999872,5,2,90.47799999999964,18.16250000000026,2,51.5
3,A,PREY,167,89.56999999999994,40,15275.708999999872,6,2,91.30499999999967,80.59874999999992,1,51.5
3,A,PREY,168,568.9400000000003,41,15275.708999999872,5,2,89.19999999999959,85.98999999999995,2,51.5
3,A,PREY,169,12021.929999999878,500,15275.708999999872,7,0,92.37571428571401,0.0,0,51.5
3,A,PREY,170,12221.879999999877,500,15275.708999999872,338,2,85.37920118343122,98.97999999999996,236,51.5
3,A,PREY,171,10502.309999999901,500,15275.708999999872,3,2,96.93999999999988,31.42874999999971,4,51.5
3,A,PREY,172,785.4200000000003,87,15275.708999999872,48,2,90.1008333333333,84.71999999999986,3,51.5
3,A,PREY,173,8468.629999999925,469,15275.708999999872,5,1,86.60199999999949,29.167499999999965,2,51.5
3,A,PREY,174,6640.399999999957,290,15275.708999999872,6,2,91.8199999999997,32.10000000000035,1,51.5
3,A,PREY,175,11302.109999999886,500,15275.708999999872,338,2,82.67363905325327,91.59999999999997,154,51.5
3,A,PREY,176,11382.08999999988,500,15275.708999999872,6,0,94.08499999999977,0.0,1,51.5
3,A,PREY,177,460.7000000000002,18,15275.708999999872,5,2,95.88999999999984,88.71999999999998,3,51.5
3,A,PREY,178,12181.889999999878,500,15275.708999999872,4,0,94.98249999999982,0.0,3,51.5
3,A,PREY,179,12221.879999999877,500,15275.708999999872,6,0,91.57499999999969,0.0,1,51.5
3,A,PREY,180,10502.309999999903,500,15275.708999999872,7,0,96.382857142857,0.0,0,51.5
3,A,PREY,181,11981.939999999888,500,15275.708999999872,338,2,86.81366863905224,72.00125000000024,136,51.5
3,A,PREY,182,7546.9099999999435,316,15275.708999999872,337,2,83.3901483679517,70.77000000000018,223,51.5
3,A,PREY,183,11262.119999999893,500,15275.708999999872,8,0,95.23749999999981,0.0,0,51.5
3,A,PREY,184,11741.999999999889,500,15275.708999999872,338,2,86.07343195266185,91.68999999999997,163,51.5
3,A,PREY,185,11262.119999999892,500,15275.708999999872,7,0,91.50571428571395,0.0,0,51.5
3,A,PREY,186,12101.909999999885,500,15275.708999999872,338,2,86.83446745562071,98.64999999999998,228,51.5
3,A,PREY,187,12101.909999999883,500,15275.708999999872,7,0,89.40571428571388,0.0,0,51.5
3,A,PREY,188,11781.989999999887,500,15275.708999999872,338,1,83.42020710059045,48.13000000000045,3,51.5
3,A,PREY,189,13461.569999999869,500,15275.708999999872,338,1,87.39295857988063,100.0,85,51.5
3,A,PREY,190,10782.239999999896,500,15275.708999999872,338,2,86.17417159763218,100.0,96,51.5
3,A,PREY,191,12581.789999999874,500,15275.708999999872,338,1,80.26103550295726,88.23999999999995,37,51.5
3,A,PREY,192,12821.729999999872,500,15275.708999999872,338,2,87.19612426035428,99.78999999999999,167,51.5
3,A,PREY,193,54.17000000000001,31,15275.708999999872,6,2,93.18999999999976,84.92999999999994,1,51.5
3,A,PREY,194,11622.02999999989,500,15275.708999999872,2,1,95.13999999999982,6.520000000000366,5,51.5
3,A,PREY,195,11981.93999999988,500,15275.708999999872,6,1,97.51999999999991,4.895000000000191,1,51.5
3,A,PREY,196,11422.079999999893,500,15275.708999999872,338,36,73.5479881656803,70.84999999999997,537,51.5
3,A,PREY,197,10502.309999999901,500,15275.708999999872,4,1,88.95999999999958,26.942500000000084,3,51.5
3,A,PREY,198,12181.889999999885,500,15275.708999999872,338,2,87.13917159763245,98.04999999999998,214,51.5
3,A,PREY,199,12181.889999999881,500,15275.708999999872,4,1,93.75249999999977,6.940000000000404,3,51.5
3,A,PREY,200,13461.569999999869,500,15275.708999999872,5,1,91.54599999999968,41.27250000000008,2,51.5
3,A,PREY,201,13941.449999999868,500,15275.708999999872,4,1,88.08999999999955,7.600000000000417,3,51.5
3,A,PREY,202,438.77000000000044,61,15275.708999999872,6,2,85.44999999999946,77.4299999999999,1,51.5
3,A,PREY,203,9902.459999999917,500,15275.708999999872,338,1,87.03896449704038,100.0,233,51.5
3,A,PREY,204,12221.879999999881,500,15275.708999999872,6,1,95.28499999999981,0.06500000000022865,1,51.5
3,A,PREY,205,12901.709999999874,500,15275.708999999872,4,1,90.81249999999964,1.299999999999999,3,51.5
3,A,PREY,206,815.0000000000003,29,15275.708999999872,6,2,93.38999999999976,85.46999999999994,1,51.5
3,A,PREY,207,11702.009999999887,500,15275.708999999872,338,3,83.40272189349048,99.86,272,51.5
3,A,PREY,208,13101.659999999873,500,15275.708999999872,3,1,94.4599999999998,14.800000000000349,4,51.5
3,A,PREY,209,14061.419999999865,500,15275.708999999872,338,20,84.56307692307675,82.23962499999992,292,51.5
3,A,PREY,210,11462.069999999896,500,15275.708999999872,5,0,92.99799999999973,0.0,2,51.5
3,A,PREY,211,11702.00999999989,500,15275.708999999872,338,2,88.26636094674446,72.76250000000012,89,51.5
3,A,PREY,212,10872.91999999991,381,15275.708999999872,5,2,85.64199999999946,22.05500000000025,2,51.5
3,A,PREY,213,11302.109999999895,500,15275.708999999872,5,1,90.19599999999963,6.0600000000002305,2,51.5
3,A,PREY,214,11702.009999999891,500,15275.708999999872,338,0,82.272633136093,0.0,1,51.5
3,A,PREY,215,13741.499999999869,500,15275.708999999872,7,0,92.99714285714258,0.0,0,51.5
3,A,PREY,216,13701.509999999871,500,15275.708999999872,6,1,89.17499999999957,8.480000000000063,1,51.5
3,A,PREY,217,11182.139999999901,500,15275.708999999872,338,2,80.1668934911226,48.71374999999952,38,51.5
3,A,PREY,218,12821.729999999883,500,15275.708999999872,7,0,94.65999999999981,0.0,0,51.5
3,A,PREY,219,13221.629999999876,500,15275.708999999872,6,0,94.8599999999998,0.0,1,51.5
3,A,PREY,220,5394.889999999979,223,15275.708999999872,337,2,87.70409495548951,65.14874999999986,4,51.5
3,A,PREY,221,11502.059999999892,500,15275.708999999872,338,2,86.5313313609459,97.29999999999998,226,51.5
3,A,PREY,222,249.0200000000001,41,15275.708999999872,20,2,90.79349999999991,80.39624999999992,1,51.5
3,A,PREY,223,8357.41999999994,295,15275.708999999872,2,2,89.73999999999961,47.02624999999998,6,51.5
3,A,PREY,224,13941.449999999866,500,15275.708999999872,338,1,83.67618343195174,100.0,181,51.5
3,A,PREY,225,13021.67999999988,500,15275.708999999872,338,1,82.05369822485089,75.6399999999999,107,51.5
3,A,PREY,226,14181.389999999863,500,15275.708999999872,5,1,90.50199999999964,4.959999999999839,2,51.5
3,A,PREY,227,12141.89999999989,500,15275.708999999872,338,2,84.87982248520608,96.00999999999996,230,51.5
3,A,PREY,228,3458.4499999999784,265,15275.708999999872,337,2,89.12050445103836,98.69375000000002,103,51.5
3,A,PREY,229,13501.559999999876,500,15275.708999999872,7,0,94.49714285714265,0.0,0,51.5
3,A,PREY,230,14141.399999999867,500,15275.708999999872,338,1,84.29985207100452,99.88,120,51.5
3,A,PREY,231,12701.75999999988,500,15275.708999999872,6,1,95.77999999999984,3.400000000000449,1,51.5
3,A,PREY,232,12661.76999999988,500,15275.708999999872,6,1,89.87999999999961,28.947500000000677,1,51.5
3,A,PREY,233,13381.589999999876,500,15275.708999999872,7,0,92.66714285714258,0.0,0,51.5
3,A,PREY,234,13741.499999999873,500,15275.708999999872,5,1,95.45799999999983,45.80250000000014,2,51.5
3,A,PREY,235,11901.959999999892,500,15275.708999999872,338,1,80.96186390532388,45.9875000000002,3,51.5
3,A,PREY,236,12612.289999999879,499,15275.708999999872,337,2,84.77011869436093,78.13625000000037,86,51.5
3,A,PREY,237,12541.799999999883,500,15275.708999999872,11,0,85.81545454545443,0.0,1,51.5
3,A,PREY,238,13541.549999999872,500,15275.708999999872,7,0,91.88714285714255,0.0,0,51.5
3,A,PREY,239,13941.449999999872,500,15275.708999999872,338,2,85.06795857988084,86.16999999999987,297,51.5
3,A,PREY,240,13181.639999999876,500,15275.708999999872,338,2,85.91674556212922,99.94,167,51.5
3,A,PREY,241,13381.589999999876,500,15275.708999999872,338,1,84.36553254437757,100.0,106,51.5
3,A,PREY,242,14341.349999999864,500,15275.708999999872,7,0,91.42428571428539,0.0,0,51.5
3,A,PREY,243,12342.55999999989,479,15275.708999999872,2,142,90.21999999999963,78.2730633802817,1448,51.5
3,A,PREY,244,13221.62999999988,500,15275.708999999872,6,1,92.0699999999997,1.6100000000003554,1,51.5
3,A,PREY,245,13981.439999999866,500,15275.708999999872,338,7,86.9219526627215,85.66749999999995,282,51.5
3,A,PREY,246,12221.879999999886,500,15275.708999999872,6,0,89.32999999999959,0.0,1,51.5
3,A,PREY,247,9235.879999999932,376,15275.708999999872,337,2,80.96118694361937,70.29000000000006,147,51.5
3,A,PREY,248,13301.609999999877,500,15275.708999999872,5,1,88.67199999999957,50.45250000000006,2,51.5
3,A,PREY,249,13021.679999999877,500,15275.708999999872,338,1,82.70112426035405,100.0,130,51.5
3,A,PREY,250,12781.73999999988,500,15275.708999999872,338,2,89.32905325443622,34.84500000000019,46,51.5
3,A,PREY,251,12901.709999999879,500,15275.708999999872,7,0,90.87142857142824,0.0,0,51.5
3,A,PREY,252,14021.429999999864,500,15275.708999999872,338,2,84.01301775147805,76.89500000000004,153,51.5
3,A,PREY,253,2089.280000000001,118,15275.708999999872,19,2,93.29999999999983,64.8900000000001,1,51.5
3,A,PREY,254,10782.23999999991,500,15275.708999999872,7,0,93.27999999999975,0.0,0,51.5
3,A,PREY,255,15541.049999999857,500,15275.708999999872,5,1,94.5759999999998,16.67999999999984,2,51.5
3,A,PREY,256,12981.689999999875,500,15275.708999999872,338,2,84.55852071005775,53.109999999999914,103,51.5
3,A,PREY,257,14181.389999999863,500,15275.708999999872,338,0,79.41677514792713,0.0,0,51.5
3,A,PREY,258,13541.54999999988,500,15275.708999999872,2,2,96.75999999999988,37.85874999999913,5,51.5
3,A,PREY,259,13941.44999999987,500,15275.708999999872,7,0,91.82714285714255,0.0,0,51.5
3,A,PREY,260,10763.149999999912,361,15275.708999999872,337,2,86.44887240356022,68.78249999999997,53,51.5
3,A,PREY,261,12701.759999999884,500,15275.708999999872,338,2,89.27647928993942,96.27999999999986,63,51.5
3,A,PREY,262,14221.37999999987,500,15275.708999999872,338,71,88.25307692307689,74.40563380281688,748,51.5
3,A,PREY,263,13701.509999999875,500,15275.708999999872,338,1,81.8481656804725,100.0,183,51.5
3,A,PREY,264,13981.439999999875,500,15275.708999999872,338,0,88.097130177513,0.0,1,51.5
3,A,PREY,265,14741.249999999864,500,15275.708999999872,7,0,92.44857142857116,0.0,0,51.5
3,A,PREY,266,14221.37999999987,500,15275.708999999872,6,1,93.63499999999976,1.5124999999999504,1,51.5
3,A,PREY,267,1834.3400000000008,69,15275.708999999872,6,2,87.53999999999952,79.16999999999979,1,51.5
3,A,PREY,268,3473.6299999999983,148,15275.708999999872,246,2,73.61825203252032,74.62000000000009,3,51.5
3,A,PREY,269,15261.119999999859,500,15275.708999999872,338,0,82.55816568047157,0.0,0,51.5
3,A,PREY,270,15621.029999999855,500,15275.708999999872,6,0,94.90999999999981,0.0,1,51.5
3,A,PREY,271,359.81000000000006,59,15275.708999999872,6,2,87.83999999999953,74.51999999999992,1,51.5
3,A,PREY,272,11462.069999999909,500,15275.708999999872,5,1,94.07199999999978,21.540000000000262,2,51.5
3,A,PREY,273,15261.119999999855,500,15275.708999999872,338,2,82.31272189348992,51.50750000000001,65,51.5
3,A,PREY,274,14821.229999999865,500,15275.708999999872,338,1,83.70426035502885,100.0,121,51.5
3,A,PREY,275,21.830000000000034,16,15275.708999999872,6,2,96.29999999999986,89.13999999999999,1,51.5
3,A,PREY,276,14301.359999999864,500,15275.708999999872,338,1,86.17248520709954,100.0,78,51.5
3,A,PREY,277,15181.13999999986,500,15275.708999999872,6,0,92.83999999999973,0.0,1,51.5
3,A,PREY,278,15381.089999999855,500,15275.708999999872,338,2,81.97387573964431,99.94,312,51.5
3,A,PREY,279,15301.109999999857,500,15275.708999999872,338,2,82.7976923076914,89.85999999999993,201,51.5
3,A,PREY,280,13061.669999999885,500,15275.708999999872,3,1,93.55999999999976,89.61999999999976,4,51.5
3,A,PREY,281,23.360000000000028,13,15275.708999999872,6,2,96.75999999999988,89.76999999999998,1,51.5
3,A,PREY,282,14501.309999999869,500,15275.708999999872,3,2,92.4099999999997,52.64249999999986,7,51.5
3,A,PREY,283,14221.37999999987,500,15275.708999999872,6,1,91.37999999999967,5.240000000000156,1,51.5
3,A,PREY,284,15101.159999999863,500,15275.708999999872,6,0,95.24499999999982,0.0,1,51.5
3,A,PREY,285,14781.23999999986,500,15275.708999999872,338,1,81.21491124260218,99.58,63,51.5
3,A,PREY,286,15181.139999999858,500,15275.708999999872,338,1,85.69378698224757,100.0,121,51.5
3,A,PREY,287,15101.159999999856,500,15275.708999999872,5,0,94.8639999999998,0.0,2,51.5
3,A,PREY,288,12941.699999999888,500,15275.708999999872,338,1,85.64926035502856,100.0,82,51.5
3,A,PREY,289,14141.399999999872,500,15275.708999999872,3,2,92.47999999999972,25.222500000000032,4,51.5
3,A,PREY,290,13941.449999999872,500,15275.708999999872,338,1,88.20538461538266,6.700000000000469,0,51.5
3,A,PREY,291,14381.33999999987,500,15275.708999999872,5,0,96.50799999999987,0.0,2,51.5
3,A,PREY,292,15461.06999999986,500,15275.708999999872,4,2,96.77499999999988,6.39250000000011,3,51.5
3,A,PREY,293,14581.289999999868,500,15275.708999999872,2,2,96.57999999999987,35.10500000000019,5,51.5
3,A,PREY,294,14581.289999999864,500,15275.708999999872,7,0,93.6528571428569,0.0,0,51.5
3,A,PREY,295,14221.379999999868,500,15275.708999999872,338,2,86.57742603550147,93.45999999999977,64,51.5
3,A,PREY,296,14341.349999999868,500,15275.708999999872,4,1,94.98999999999981,45.137500000000095,3,51.5
3,A,PREY,297,15221.129999999865,500,15275.708999999872,7,0,91.41142857142826,0.0,0,51.5
3,A,PREY,298,14981.189999999864,500,15275.708999999872,338,2,84.21606508875628,91.38999999999993,116,51.5
3,A,PREY,299,14261.369999999872,500,15275.708999999872,4,1,96.47499999999987,16.424999999999645,3,51.5
3,A,PREY,300,14701.259999999866,500,15275.708999999872,6,0,95.87999999999984,0.0,1,51.5
3,A,PREY,301,15740.999999999854,500,15275.708999999872,338,2,87.16032544378622,96.85,189,51.5
3,A,PREY,302,14141.399999999872,500,15275.708999999872,6,0,92.93499999999973,0.0,1,51.5
3,A,PREY,303,7527.319999999957,276,15275.708999999872,6,2,88.76999999999957,43.496250000000444,1,51.5
3,A,PREY,304,15820.979999999854,500,15275.708999999872,338,2,87.96801775147817,81.72999999999993,144,51.5
3,A,PREY,305,13861.469999999877,500,15275.708999999872,7,0,92.705714285714,0.0,1,51.5
3,A,PREY,306,15661.019999999857,500,15275.708999999872,5,1,91.26399999999967,42.65250000000065,2,51.5
3,A,PREY,307,15860.969999999857,500,15275.708999999872,5,1,93.49599999999975,88.53999999999961,59,51.5
3,A,PREY,308,15141.149999999863,500,15275.708999999872,4,2,97.74249999999992,23.882500000000096,3,51.5
3,A,PREY,309,14741.249999999867,500,15275.708999999872,338,2,83.96263313609376,84.90999999999988,268,51.5
3,A,PREY,310,16020.929999999851,500,15275.708999999872,5,0,96.08799999999985,0.0,2,51.5
3,A,PREY,311,14661.269999999868,500,15275.708999999872,6,1,93.83999999999976,2.2174999999998652,1,51.5
3,A,PREY,312,14781.239999999869,500,15275.708999999872,4,2,94.44999999999979,18.261250000000324,3,51.5
3,A,PREY,313,15141.149999999863,500,15275.708999999872,4,1,93.33249999999975,15.457499999999706,5,51.5
3,A,PREY,314,6127.969999999974,197,15275.708999999872,337,2,83.97685459940648,58.56500000000017,2,51.5
3,A,PREY,315,14421.32999999987,500,15275.708999999872,338,3,80.10565088757279,43.033333333333324,74,51.5
3,A,PREY,316,14981.189999999864,500,15275.708999999872,6,0,91.01499999999965,0.0,1,51.5
3,A,PREY,317,16220.879999999854,500,15275.708999999872,5,1,95.07399999999981,17.362500000000054,2,51.5
3,A,PREY,318,14541.299999999868,500,15275.708999999872,6,0,94.07999999999977,0.0,1,51.5
3,A,PREY,319,14781.239999999867,500,15275.708999999872,338,2,85.29112426035368,97.59999999999991,133,51.5
3,A,PREY,320,14941.199999999866,500,15275.708999999872,6,1,93.15499999999975,5.495000000000371,1,51.5
3,A,PREY,321,13423.57999999987,500,15275.708999999872,338,2,82.61360946745455,98.10999999999993,97,51.5
3,A,PREY,322,13061.66999999987,500,15275.708999999872,338,1,81.15156804733591,93.75999999999976,31,51.5
3,A,PREY,323,14141.399999999876,500,15275.708999999872,338,1,83.50988165680376,100.0,238,51.5
3,A,PREY,324,16140.899999999852,500,15275.708999999872,338,2,85.23556213017658,89.31999999999994,117,51.5
3,A,PREY,325,13294.969999999888,415,15275.708999999872,337,1,86.96465875370814,100.0,75,51.5
3,A,PREY,326,852.9500000000004,33,15275.708999999872,6,2,91.62999999999967,84.38999999999993,1,51.5
3,A,PREY,327,12181.8899999999,500,15275.708999999872,4,1,89.4399999999996,21.43249999999963,3,51.5
3,A,PREY,328,16020.929999999851,500,15275.708999999872,3,1,96.71999999999987,3.285000000000238,4,51.5
3,A,PREY,329,16380.83999999985,500,15275.708999999872,6,0,91.9049999999997,0.0,1,51.5
3,A,PREY,330,15461.069999999861,500,15275.708999999872,5,1,97.62399999999991,14.550000000000631,2,51.5
3,A,PREY,331,13043.299999999888,438,15275.708999999872,2,2,86.06499999999947,35.63499999999998,5,51.5
3,A,PREY,332,15341.099999999862,500,15275.708999999872,6,0,96.18999999999987,0.0,1,51.5
3,A,PREY,333,15421.079999999862,500,15275.708999999872,245,31,78.52110204081623,80.75266129032252,694,51.5
3,A,PREY,334,15141.149999999861,500,15275.708999999872,7,0,93.21142857142831,0.0,0,51.5
3,A,PREY,335,14901.209999999863,500,15275.708999999872,5,0,93.89199999999977,0.0,2,51.5
3,A,PREY,336,15940.949999999853,500,15275.708999999872,4,1,98.94999999999996,7.770000000000216,3,51.5
3,A,PREY,337,15101.159999999867,500,15275.708999999872,338,2,81.94215976331306,98.32,413,51.5
3,A,PREY,338,16180.88999999985,500,15275.708999999872,4,1,92.70999999999972,25.757499999999396,3,51.5
3,A,PREY,339,15101.159999999869,500,15275.708999999872,338,1,77.70603550295696,93.75999999999976,13,51.5
3,A,PREY,340,15341.099999999864,500,15275.708999999872,3,2,94.98999999999982,8.55749999999993,4,51.5
3,A,PREY,341,15621.02999999986,500,15275.708999999872,10,0,83.83599999999984,0.0,0,51.5
3,A,PREY,342,2659.3400000000006,98,15275.708999999872,4,2,91.44249999999968,83.21999999999986,3,51.5
3,A,PREY,343,16220.879999999852,500,15275.708999999872,6,1,92.97999999999973,23.90000000000036,1,51.5
3,A,PREY,344,15701.009999999858,500,15275.708999999872,3,0,96.37999999999987,0.0,4,51.5
3,A,PREY,345,15900.959999999859,500,15275.708999999872,6,0,88.38499999999955,0.0,1,51.5
3,A,PREY,346,12304.9099999999,396,15275.708999999872,337,12,87.54896142433203,87.5791666666666,229,51.5
3,A,PREY,347,16140.89999999985,500,15275.708999999872,327,30,80.58119266055031,82.94083333333333,481,51.5
3,A,PREY,348,16300.85999999985,500,15275.708999999872,6,0,96.81999999999988,0.0,1,51.5
3,A,PREY,349,15021.17999999987,500,15275.708999999872,338,2,82.15118343195152,93.06999999999996,100,51.5
3,A,PREY,350,15661.019999999859,500,15275.708999999872,338,2,80.76207100591533,49.87500000000012,32,51.5
3,A,PREY,351,16020.929999999858,500,15275.708999999872,4,1,94.29249999999979,21.220000000000393,4,51.5
3,A,PREY,352,15581.039999999859,500,15275.708999999872,6,1,92.92999999999972,2.4399999999998903,1,51.5
3,A,PREY,353,15381.089999999864,500,15275.708999999872,5,1,95.22399999999982,5.980000000000344,2,51.5
3,A,PREY,354,15940.949999999857,500,15275.708999999872,4,2,95.55249999999984,6.013750000000116,3,51.5
3,A,PREY,355,16540.79999999985,500,15275.708999999872,3,1,89.2299999999996,45.900000000001,4,51.5
3,A,PREY,356,15820.979999999861,500,15275.708999999872,5,1,92.60199999999972,2.4050000000003893,2,51.5
3,A,PREY,357,15541.049999999863,500,15275.708999999872,338,2,84.60079881656762,100.0,305,51.5
3,A,PREY,358,11791.669999999907,383,15275.708999999872,337,2,88.29919881305548,97.98999999999992,51,51.5
3,A,PREY,359,53.66000000000001,32,15275.708999999872,5,2,91.92999999999968,96.1024999999999,2,51.5
3,A,PREY,360,11981.939999999904,500,15275.708999999872,5,1,94.30599999999978,5.3600000000003085,2,51.5
3,A,PREY,361,16860.71999999985,500,15275.708999999872,338,0,76.43088757396238,0.0,0,51.5
3,A,PREY,362,16340.849999999851,500,15275.708999999872,5,1,96.30999999999986,18.24000000000058,2,51.5
3,A,PREY,363,16260.86999999985,500,15275.708999999872,338,0,83.13724852070939,0.0,1,51.5
3,A,PREY,364,15141.149999999867,500,15275.708999999872,4,0,89.6574999999996,0.0,3,51.5
3,A,PREY,365,169.03999999999996,41,15275.708999999872,6,2,91.61999999999968,80.42999999999992,1,51.5
3,A,PREY,366,11781.989999999909,500,15275.708999999872,338,2,80.18887573964348,89.07999999999996,76,51.5
3,A,PREY,367,16460.81999999985,500,15275.708999999872,4,0,93.90249999999978,0.0,3,51.5
3,A,PREY,368,17020.67999999985,500,15275.708999999872,338,0,83.61784023668497,0.0,0,51.5
3,A,PREY,369,16620.779999999857,500,15275.708999999872,338,1,79.224408284022,3.634999999999999,1,51.5
3,A,PREY,370,16460.819999999854,500,15275.708999999872,6,1,94.91499999999981,2.795000000000236,1,51.5
3,A,PREY,371,15860.969999999857,500,15275.708999999872,6,1,93.04999999999973,0.2225000000004999,4,51.5
3,A,PREY,372,16100.909999999858,500,15275.708999999872,338,2,77.35819526627085,56.14500000000007,47,51.5
3,A,PREY,373,15980.939999999857,500,15275.708999999872,338,2,83.0848816568039,85.56999999999991,177,51.5
3,A,PREY,374,15900.959999999857,500,15275.708999999872,5,1,90.46599999999964,22.73000000000039,2,51.5
3,A,PREY,375,16060.919999999855,500,15275.708999999872,338,2,86.27647928993959,56.60499999999999,150,51.5
3,A,PREY,376,14765.929999999873,432,15275.708999999872,3,2,84.1299999999994,29.38000000000006,4,51.5
3,A,PREY,377,28.460000000000008,3,15275.708999999872,6,2,99.45999999999998,91.87,1,51.5
3,A,PREY,378,16740.749999999854,500,15275.708999999872,338,0,78.63322485206997,0.0,2,51.5
3,A,PREY,379,11992.639999999903,381,15275.708999999872,337,2,76.93869436201668,27.89750000000015,2,51.5
3,A,PREY,380,16260.869999999855,500,15275.708999999872,2,2,92.43999999999971,33.196249999999615,5,51.5
3,A,PREY,381,16500.809999999852,500,15275.708999999872,6,0,92.56999999999971,0.0,1,51.5
3,A,PREY,382,16380.839999999855,500,15275.708999999872,338,2,84.06544378698099,90.15999999999991,118,51.5
3,A,PREY,383,19.790000000000028,20,15275.708999999872,5,2,94.8699999999998,90.99999999999996,2,51.5
3,A,PREY,384,10629.709999999923,309,15275.708999999872,6,2,92.59999999999972,21.420000000000375,1,51.5
3,A,PREY,385,16420.829999999856,500,15275.708999999872,338,0,87.67455621301622,0.0,2,51.5
3,A,PREY,386,16540.799999999857,500,15275.708999999872,338,2,89.26437869822338,50.02500000000018,30,51.5
3,A,PREY,387,16940.69999999985,500,15275.708999999872,6,0,93.78499999999978,0.0,1,51.5
3,A,PREY,388,28.460000000000008,3,15275.708999999872,6,2,99.45999999999998,91.87,1,51.5
3,A,PREY,389,16900.70999999985,500,15275.708999999872,5,1,95.31399999999982,2.8000000000001712,2,51.5
3,A,PREY,390,15860.969999999856,500,15275.708999999872,3,1,92.29999999999971,55.9699999999986,4,51.5
3,A,PREY,391,16980.689999999853,500,15275.708999999872,6,1,94.8499999999998,24.867500000000412,1,51.5
3,A,PREY,392,15061.169999999865,500,15275.708999999872,338,2,84.6450887573956,87.06999999999994,257,51.5
3,A,PREY,393,7882.639999999955,285,15275.708999999872,6,2,89.01499999999959,41.250000000000284,1,51.5
3,A,PREY,394,16140.899999999856,500,15275.708999999872,338,1,81.30482248520627,100.0,61,51.5
3,A,PREY,395,17020.67999999985,500,15275.708999999872,6,1,94.41999999999979,9.52250000000042,1,51.5
3,A,PREY,396,17100.65999999985,500,15275.708999999872,5,1,96.10599999999985,4.9250000000002885,2,51.5
3,A,PREY,397,16260.869999999855,500,15275.708999999872,338,0,85.37384615384491,0.0,0,51.5
3,A,PREY,398,16700.759999999853,500,15275.708999999872,4,1,95.16999999999982,23.19250000000011,3,51.5
3,A,PREY,399,17020.679999999855,500,15275.708999999872,6,1,92.27499999999971,1.4224999999999888,1,51.5
3,A,PREY,400,16900.709999999854,500,15275.708999999872,7,1,92.47857142857114,0.4000000000002585,0,51.5
3,A,PREY,401,13312.819999999896,380,15275.708999999872,5,2,91.79799999999969,32.82,2,51.5
3,A,PREY,402,14981.18999999986,500,15275.708999999872,338,1,81.10162721893383,86.97999999999995,124,51.5
3,A,PREY,403,17820.479999999847,500,15275.708999999872,7,0,93.45571428571404,0.0,0,51.5
3,A,PREY,404,16860.719999999852,500,15275.708999999872,338,2,83.54183431952545,99.00999999999996,267,51.5
3,A,PREY,405,12781.739999999878,500,15275.708999999872,338,1,80.1973964497029,83.61999999999993,100,51.5
3,A,PREY,406,12781.739999999896,500,15275.708999999872,7,0,93.18999999999974,0.0,0,51.5
3,A,PREY,407,17380.58999999985,500,15275.708999999872,6,1,89.46999999999962,2.922500000000709,1,51.5
3,A,PREY,408,17060.669999999853,500,15275.708999999872,338,2,78.45804733727674,71.49999999999983,66,51.5
3,A,PREY,409,16740.749999999854,500,15275.708999999872,4,1,96.87999999999988,6.820000000000102,3,51.5
3,A,PREY,410,17100.65999999986,500,15275.708999999872,3,1,96.06999999999987,11.500000000000082,5,51.5
3,A,PREY,411,17180.639999999847,500,15275.708999999872,6,0,95.45499999999983,0.0,1,51.5
3,A,PREY,412,14781.239999999867,500,15275.708999999872,338,2,84.70677514792798,61.89499999999995,150,51.5
3,A,PREY,413,13141.649999999892,500,15275.708999999872,338,2,83.04449704141888,98.61999999999995,88,51.5
3,A,PREY,414,17300.609999999855,500,15275.708999999872,338,2,84.6518047337269,99.78999999999999,257,51.5
3,A,PREY,415,17500.55999999985,500,15275.708999999872,7,0,92.02428571428541,0.0,0,51.5
3,A,PREY,416,767.3600000000002,44,15275.708999999872,6,2,89.46499999999959,81.86999999999989,1,51.5
3,A,PREY,417,13061.669999999896,500,15275.708999999872,7,0,90.46857142857107,0.0,0,51.5
3,A,PREY,418,3180.2300000000005,96,15275.708999999872,6,3,86.43999999999949,29.504166666666702,1,51.5
3,A,PREY,419,17540.54999999985,500,15275.708999999872,338,2,85.22355029585725,90.63999999999992,307,51.5
3,A,PREY,420,17460.569999999843,500,15275.708999999872,338,2,84.70189349112282,100.0,52,51.5
3,A,PREY,421,24.380000000000024,11,15275.708999999872,5,2,97.3299999999999,97.89999999999999,2,51.5
3,A,PREY,422,17340.599999999853,500,15275.708999999872,5,0,92.40399999999971,0.0,2,51.5
3,A,PREY,423,12326.839999999904,353,15275.708999999872,337,2,87.24474777448013,60.740000000000094,61,51.5
3,A,PREY,424,16380.839999999858,500,15275.708999999872,7,0,91.09857142857109,0.0,0,51.5
3,A,PREY,425,17340.599999999853,500,15275.708999999872,7,0,96.29714285714272,0.0,0,51.5
3,A,PREY,426,16900.709999999854,500,15275.708999999872,6,1,92.67499999999973,36.680000000000625,1,51.5
3,A,PREY,427,17540.54999999985,500,15275.708999999872,5,0,91.9359999999997,0.0,2,51.5
3,A,PREY,428,16420.829999999856,500,15275.708999999872,5,2,94.17399999999978,20.097499999999883,2,51.5
3,A,PREY,429,12437.119999999906,372,15275.708999999872,337,1,81.64222551928687,34.932500000000175,2,51.5
3,A,PREY,430,16232.80999999986,457,15275.708999999872,3,2,93.27999999999975,22.067500000000308,6,51.5
3,A,PREY,431,3211.5500000000006,113,15275.708999999872,5,2,92.91599999999988,100.0,5,51.5
3,A,PREY,432,1441.2800000000002,134,15275.708999999872,337,2,81.28329376854596,75.71999999999987,3,51.5
3,A,PREY,433,12981.689999999897,500,15275.708999999872,338,2,82.45050295857892,99.45999999999998,247,51.5
3,A,PREY,434,17740.499999999844,500,15275.708999999872,5,1,95.82399999999984,18.222499999999638,2,51.5
3,A,PREY,435,17660.519999999844,500,15275.708999999872,5,0,90.44199999999964,0.0,2,51.5
3,A,PREY,436,27.95000000000001,4,15275.708999999872,6,2,99.18999999999996,91.66,1,51.5
3,A,PREY,437,17820.479999999847,500,15275.708999999872,7,0,92.09285714285684,0.0,0,51.5
3,A,PREY,438,17660.519999999848,500,15275.708999999872,3,2,98.39999999999993,31.33625,5,51.5
3,A,PREY,439,17660.519999999848,500,15275.708999999872,338,2,85.45251479289871,96.63999999999999,259,51.5
3,A,PREY,440,10988.08999999992,312,15275.708999999872,4,2,96.33249999999987,55.337499999999764,3,51.5
3,A,PREY,441,16780.739999999856,500,15275.708999999872,5,2,94.50399999999979,3.8450000000005415,2,51.5
3,A,PREY,442,17700.50999999985,500,15275.708999999872,6,0,91.69999999999969,0.0,1,51.5
3,A,PREY,443,17460.56999999985,500,15275.708999999872,6,0,94.13499999999978,0.0,1,51.5
3,A,PREY,444,16580.789999999855,500,15275.708999999872,7,0,94.0985714285712,0.0,0,51.5
3,A,PREY,445,17060.669999999853,500,15275.708999999872,338,2,81.21656804733574,74.40999999999997,42,51.5
3,A,PREY,446,28.460000000000008,3,15275.708999999872,6,2,99.45999999999998,91.87,1,51.5
3,A,PREY,447,10940.449999999923,327,15275.708999999872,337,2,75.46649851631939,51.73000000000017,6,51.5
3,A,PREY,448,17980.43999999985,500,15275.708999999872,5,1,93.78399999999976,17.287499999999607,2,51.5
3,A,PREY,449,16780.739999999856,500,15275.708999999872,5,0,92.70999999999972,0.0,2,51.5
3,A,PREY,450,18020.429999999847,500,15275.708999999872,338,1,84.13292899408133,7.655000000000567,1,51.5
3,A,PREY,451,17340.599999999857,500,15275.708999999872,6,0,96.78999999999989,0.0,1,51.5
3,A,PREY,452,17260.619999999853,500,15275.708999999872,5,1,92.28999999999971,4.355000000000605,2,51.5
3,A,PREY,453,7553.83999999996,224,15275.708999999872,337,2,85.56471810089015,57.300000000000146,2,51.5
3,A,PREY,454,16180.889999999861,500,15275.708999999872,338,1,83.7000295857975,63.57999999999975,10,51.5
3,A,PREY,455,12964.1299999999,358,15275.708999999872,337,2,79.34427299703172,54.07000000000023,11,51.5
3,A,PREY,456,17780.489999999845,500,15275.708999999872,7,0,96.2371428571427,0.0,0,51.5
3,A,PREY,457,17620.52999999985,500,15275.708999999872,338,1,79.96411242603419,97.2399999999999,89,51.5
3,A,PREY,458,1.4299999999999837,56,15275.708999999872,5,2,92.1999999999997,85.23999999999991,2,51.5
3,A,PREY,459,17661.519999999844,500,15275.708999999872,338,1,82.17452662721786,74.79999999999905,12,51.5
3,A,PREY,460,17860.46999999985,500,15275.708999999872,338,2,85.34124260354947,87.87999999999991,260,51.5
3,A,PREY,461,17300.609999999848,500,15275.708999999872,7,0,91.55285714285684,0.0,0,51.5
3,A,PREY,462,14060.389999999887,404,15275.708999999872,337,2,82.25166172106745,93.00999999999996,47,51.5
3,A,PREY,463,17260.61999999986,500,15275.708999999872,338,1,80.24360946745412,1.0700000000001388,1,51.5
3,A,PREY,464,18180.38999999985,500,15275.708999999872,338,1,80.22713017751379,6.3800000000003365,1,51.5
3,A,PREY,465,17860.469999999852,500,15275.708999999872,338,1,84.17816568047195,65.13999999999986,37,51.5
3,A,PREY,466,16380.839999999856,500,15275.708999999872,338,2,84.39775147928886,99.88,209,51.5
3,A,PREY,467,974.4500000000004,30,15275.708999999872,5,2,94.50999999999979,86.19999999999997,2,51.5
3,A,PREY,468,18100.409999999843,500,15275.708999999872,338,2,86.20213017751365,85.29999999999994,89,51.5
3,A,PREY,469,17740.499999999847,500,15275.708999999872,338,2,83.89082840236576,88.50999999999993,193,51.5
3,A,PREY,470,16740.749999999854,500,15275.708999999872,338,0,87.90692307692144,0.0,0,51.5
3,A,PREY,471,17260.619999999853,500,15275.708999999872,338,0,82.52642011834153,0.0,1,51.5
3,A,PREY,472,18260.369999999846,500,15275.708999999872,338,1,80.68547337277947,4.6100000000002135,2,51.5
3,A,PREY,473,17620.52999999985,500,15275.708999999872,5,1,89.2719999999996,8.812500000000526,2,51.5
3,A,PREY,474,17340.599999999853,500,15275.708999999872,4,1,94.12749999999978,18.442500000000567,3,51.5
3,A,PREY,475,17460.569999999858,500,15275.708999999872,338,2,80.92849112425898,95.25999999999982,60,51.5
3,A,PREY,476,17100.659999999854,500,15275.708999999872,338,2,78.53464497041318,87.06999999999982,230,51.5
3,A,PREY,477,17380.58999999985,500,15275.708999999872,4,2,91.05999999999966,9.56874999999996,3,51.5
3,A,PREY,478,17540.549999999846,500,15275.708999999872,338,2,82.23911242603401,48.54999999999986,32,51.5
3,A,PREY,479,13231.819999999896,382,15275.708999999872,3,2,90.90999999999967,42.079999999999814,4,51.5
3,A,PREY,480,16980.689999999857,500,15275.708999999872,5,1,91.7799999999997,36.00750000000068,2,51.5
3,A,PREY,481,18180.389999999854,500,15275.708999999872,6,0,92.0949999999997,0.0,1,51.5
3,A,PREY,482,17380.58999999986,500,15275.708999999872,6,1,94.90999999999981,13.077500000000624,1,51.5
3,A,PREY,483,18140.39999999985,500,15275.708999999872,5,1,94.8819999999998,32.60999999999954,2,51.5
3,A,PREY,484,17260.61999999986,500,15275.708999999872,4,2,91.8024999999997,13.371250000000309,3,51.5
3,A,PREY,485,16940.69999999985,500,15275.708999999872,338,2,82.49449704141891,60.75000000000022,169,51.5
3,A,PREY,486,17340.599999999857,500,15275.708999999872,338,1,86.24606508875613,97.89999999999999,43,51.5
3,A,PREY,487,17540.54999999985,500,15275.708999999872,338,2,83.96517751479203,99.27999999999997,289,51.5
3,A,PREY,488,16500.80999999986,500,15275.708999999872,338,2,79.95535502958488,100.0,164,51.5
3,A,PREY,489,11191.609999999919,305,15275.708999999872,6,2,85.43499999999945,22.500000000000426,1,51.5
3,A,PREY,490,2233.730000000001,70,15275.708999999872,5,2,83.91999999999939,84.24874999999977,2,51.5
3,A,PREY,491,14421.329999999884,500,15275.708999999872,7,0,94.76285714285696,0.0,0,51.5
3,A,PREY,492,17383.33999999985,475,15275.708999999872,3,2,92.39999999999971,19.237500000000217,4,51.5
3,A,PREY,493,17980.43999999985,500,15275.708999999872,7,0,97.01714285714274,0.0,0,51.5
3,A,PREY,494,18140.399999999845,500,15275.708999999872,6,1,94.70999999999981,0.2900000000003631,1,51.5
3,A,PREY,495,18460.319999999847,500,15275.708999999872,338,2,81.07428994082704,15.840000000000256,4,51.5
3,A,PREY,496,17220.62999999985,500,15275.708999999872,338,2,85.43825443786933,98.32,245,51.5
3,A,PREY,497,18460.31999999984,500,15275.708999999872,6,0,93.13499999999975,0.0,1,51.5
3,A,PREY,498,17940.449999999844,500,15275.708999999872,338,1,81.64038461538371,100.0,174,51.5
3,A,PREY,499,11102.959999999921,322,15275.708999999872,5,2,95.63199999999983,27.330000000000346,2,51.5
3,A,PREY,500,17380.589999999855,500,15275.708999999872,338,10,82.33136094674485,89.14699999999999,248,51.5
3,B,PREDATOR,1,-12.209999999999997,221,2.5343333333333815,6,2,100.0,41.38000000000027,0,1.6
3,B,PREDATOR,2,-12.179999999999998,218,2.5343333333333815,6,2,100.0,41.14000000000037,0,1.6
3,B,PREDATOR,3,-12.269999999999996,227,2.5343333333333815,6,2,100.0,39.310000000000386,0,1.6
3,B,PREDATOR,4,12.216666666666553,288,2.5343333333333815,4,2,100.0,37.15000000000026,2,1.6
3,B,PREDATOR,5,-12.169999999999998,217,2.5343333333333815,6,2,100.0,41.11000000000037,0,1.6
3,B,PREDATOR,6,-12.319999999999995,232,2.5343333333333815,5,2,100.0,47.60999999999989,1,1.6
3,B,PREDATOR,7,-12.159999999999998,216,2.5343333333333815,6,2,100.0,47.0800000000001,0,1.6
3,B,PREDATOR,8,-12.259999999999996,226,2.5343333333333815,6,2,100.0,49.62999999999991,0,1.6
3,B,PREDATOR,9,12.393333333332917,273,2.5343333333333815,5,2,100.0,32.59000000000025,1,1.6
3,B,PREDATOR,10,-12.239999999999997,224,2.5343333333333815,5,2,99.946,46.4800000000001,1,1.6
3,B,PREDATOR,11,-12.269999999999996,227,2.5343333333333815,6,2,99.98,38.710000000000406,0,1.6
3,B,PREDATOR,12,-12.209999999999997,221,2.5343333333333815,4,2,100.0,50.31999999999999,2,1.6
3,B,PREDATOR,13,-12.209999999999997,221,2.5343333333333815,5,2,100.0,42.6400000000003,1,1.6
3,B,PREDATOR,14,-12.339999999999995,234,2.5343333333333815,5,2,100.0,44.710000000000186,1,1.6
3,B,PREDATOR,15,-12.209999999999997,221,2.5343333333333815,4,2,100.0,51.179999999999936,2,1.6
3,B,PREDATOR,16,-12.359999999999994,236,2.5343333333333815,6,2,100.0,36.73000000000044,0,1.6
3,B,PREDATOR,17,12.216666666666478,288,2.5343333333333815,3,2,100.0,48.71624999999975,3,1.6
3,B,PREDATOR,18,-12.209999999999997,221,2.5343333333333815,6,2,100.0,41.83000000000034,0,1.6
3,B,PREDATOR,19,-12.139999999999999,214,2.5343333333333815,6,2,100.0,42.52000000000035,0,1.6
3,B,PREDATOR,20,-12.339999999999995,234,2.5343333333333815,5,2,100.0,44.07000000000022,1,1.6
3,B,PREDATOR,21,-12.209999999999997,221,2.5343333333333815,6,2,99.955,49.02999999999996,0,1.6
3,B,PREDATOR,22,-12.259999999999996,226,2.5343333333333815,6,2,100.0,39.28000000000036,0,1.6
3,B,PREDATOR,23,-12.249999999999996,225,2.5343333333333815,6,2,100.0,47.650000000000034,0,1.6
3,B,PREDATOR,24,-12.269999999999996,227,2.5343333333333815,6,2,100.0,38.41000000000041,0,1.6
3,B,PREDATOR,25,-12.209999999999997,221,2.5343333333333815,4,2,100.0,49.43000000000008,2,1.6
3,B,PREDATOR,26,12.333333333332929,279,2.5343333333333815,4,2,100.0,42.719999999999885,2,1.6
3,B,PREDATOR,27,-12.189999999999998,219,2.5343333333333815,4,2,100.0,47.31000000000016,2,1.6
3,B,PREDATOR,28,-12.229999999999997,223,2.5343333333333815,6,2,100.0,42.19000000000034,0,1.6
3,B,PREDATOR,29,-12.179999999999998,218,2.5343333333333815,5,2,100.0,54.50624999999995,1,1.6
3,B,PREDATOR,30,-12.189999999999998,219,2.5343333333333815,6,2,100.0,47.77000000000005,0,1.6
3,B,PREDATOR,31,-12.239999999999997,224,2.5343333333333815,6,2,100.0,40.870000000000346,0,1.6
3,B,PREDATOR,32,-12.199999999999998,220,2.5343333333333815,337,2,79.9382492581601,45.25000000000013,0,1.6
3,B,PREDATOR,33,-12.189999999999998,219,2.5343333333333815,6,2,100.0,45.07000000000014,0,1.6
3,B,PREDATOR,34,12.276666666666513,282,2.5343333333333815,4,2,100.0,35.050000000000075,2,1.6
3,B,PREDATOR,35,-12.299999999999995,230,2.5343333333333815,5,2,100.0,46.050000000000196,1,1.6
3,B,PREDATOR,36,-12.329999999999995,233,2.5343333333333815,6,2,100.0,40.99000000000021,0,1.6
3,B,PREDATOR,37,-12.359999999999994,236,2.5343333333333815,6,2,100.0,39.8800000000003,0,1.6
3,B,PREDATOR,38,36.660000000000224,356,2.5343333333333815,4,2,100.0,3.1300000000002726,2,1.6
3,B,PREDATOR,39,-12.149999999999999,215,2.5343333333333815,6,2,100.0,46.600000000000136,0,1.6
3,B,PREDATOR,40,-12.189999999999998,219,2.5343333333333815,6,2,100.0,41.6200000000003,0,1.6
3,B,PREDATOR,41,-12.469999999999992,247,2.5343333333333815,6,2,100.0,31.660000000000494,0,1.6
3,B,PREDATOR,42,-12.189999999999998,219,2.5343333333333815,5,2,100.0,44.97000000000024,1,1.6
3,B,PREDATOR,43,-12.259999999999996,226,2.5343333333333815,5,2,100.0,48.48000000000002,1,1.6
3,B,PREDATOR,44,-12.239999999999997,224,2.5343333333333815,6,2,100.0,48.070000000000014,0,1.6
3,B,PREDATOR,45,-12.279999999999996,228,2.5343333333333815,5,2,100.0,45.67000000000015,1,1.6
3,B,PREDATOR,46,-12.179999999999998,218,2.5343333333333815,5,2,99.946,44.64000000000027,1,1.6
3,B,PREDATOR,47,-12.179999999999998,218,2.5343333333333815,5,2,100.0,45.76000000000013,1,1.6
3,B,PREDATOR,48,12.366666666666253,273,2.5343333333333815,4,2,100.0,38.68000000000008,2,1.6
3,B,PREDATOR,49,-12.239999999999997,224,2.5343333333333815,6,2,100.0,41.02000000000038,0,1.6
3,B,PREDATOR,50,-12.249999999999996,225,2.5343333333333815,6,2,100.0,40.30000000000034,0,1.6
3,B,PREDATOR,51,-12.189999999999998,219,2.5343333333333815,5,2,100.0,45.72000000000021,1,1.6
3,B,PREDATOR,52,-12.259999999999996,226,2.5343333333333815,5,2,100.0,45.18000000000014,1,1.6
3,B,PREDATOR,53,12.323333333332913,280,2.5343333333333815,5,2,100.0,16.300000000000416,1,1.6
3,B,PREDATOR,54,-12.209999999999997,221,2.5343333333333815,6,2,100.0,41.53000000000034,0,1.6
3,B,PREDATOR,55,-12.189999999999998,219,2.5343333333333815,6,2,100.0,41.62000000000032,0,1.6
3,B,PREDATOR,56,-12.209999999999997,221,2.5343333333333815,5,2,100.0,43.23000000000026,1,1.6
3,B,PREDATOR,57,-12.389999999999993,239,2.5343333333333815,4,2,100.0,47.44000000000012,2,1.6
3,B,PREDATOR,58,-12.359999999999994,236,2.5343333333333815,5,2,100.0,42.79000000000024,1,1.6
3,B,PREDATOR,59,-12.309999999999995,231,2.5343333333333815,5,2,100.0,43.60000000000029,1,1.6
3,B,PREDATOR,60,-12.359999999999994,236,2.5343333333333815,4,3,100.0,15.026666666667056,2,1.6
3,B,PREDATOR,61,-12.359999999999994,236,2.5343333333333815,6,2,100.0,41.83000000000025,0,1.6
3,B,PREDATOR,62,-12.249999999999996,225,2.5343333333333815,5,2,100.0,54.09999999999984,1,1.6
3,B,PREDATOR,63,-12.339999999999995,234,2.5343333333333815,4,2,100.0,45.79000000000016,2,1.6
3,B,PREDATOR,64,12.163333333333165,296,2.5343333333333815,5,2,99.976,11.980000000000413,1,1.6
3,B,PREDATOR,65,11.673333333332968,345,2.5343333333333815,5,2,100.0,19.150000000000286,1,1.6
3,B,PREDATOR,66,-12.209999999999997,221,2.5343333333333815,4,2,100.0,52.27999999999993,2,1.6
3,B,PREDATOR,67,-12.189999999999998,219,2.5343333333333815,6,2,99.955,42.37000000000035,0,1.6
3,B,PREDATOR,68,-12.259999999999996,226,2.5343333333333815,6,2,100.0,48.42999999999998,0,1.6
3,B,PREDATOR,69,-12.209999999999997,221,2.5343333333333815,5,2,100.0,45.3300000000002,1,1.6
3,B,PREDATOR,70,-12.289999999999996,229,2.5343333333333815,3,2,100.0,49.05999999999992,3,1.6
3,B,PREDATOR,71,-12.189999999999998,219,2.5343333333333815,6,2,100.0,43.57000000000027,0,1.6
3,B,PREDATOR,72,-12.179999999999998,218,2.5343333333333815,5,2,100.0,50.94,1,1.6
3,B,PREDATOR,73,-12.189999999999998,219,2.5343333333333815,6,2,100.0,40.72000000000037,0,1.6
3,B,PREDATOR,74,12.02999999999985,304,2.5343333333333815,3,2,100.0,50.57999999999964,3,1.6
3,B,PREDATOR,75,12.06333333333315,306,2.5343333333333815,5,2,100.0,27.880000000000255,1,1.6
3,B,PREDATOR,76,-12.499999999999991,250,2.5343333333333815,5,2,100.0,40.35000000000019,1,1.6
3,B,PREDATOR,77,36.44999999999973,377,2.5343333333333815,4,2,100.0,12.010000000000186,2,1.6
3,B,PREDATOR,78,-12.269999999999996,227,2.5343333333333815,5,2,100.0,43.3000000000003,1,1.6
3,B,PREDATOR,79,-12.369999999999994,237,2.5343333333333815,5,2,100.0,50.0100000000004,1,1.6
3,B,PREDATOR,80,-12.219999999999997,222,2.5343333333333815,6,2,100.0,44.41000000000025,0,1.6
3,B,PREDATOR,81,-12.439999999999992,244,2.5343333333333815,6,2,100.0,39.52000000000024,0,1.6
3,B,PREDATOR,82,-12.259999999999996,226,2.5343333333333815,4,2,100.0,45.45000000000019,2,1.6
3,B,PREDATOR,83,12.066666666666334,303,2.5343333333333815,4,2,100.0,22.140000000000413,2,1.6
3,B,PREDATOR,84,12.046666666666278,305,2.5343333333333815,4,2,100.0,18.610000000000426,2,1.6
3,B,PREDATOR,85,12.253333333333016,287,2.5343333333333815,5,2,100.0,27.310000000000322,1,1.6
3,B,PREDATOR,86,-12.249999999999996,225,2.5343333333333815,6,2,100.0,40.45000000000039,0,1.6
3,B,PREDATOR,87,-12.259999999999996,226,2.5343333333333815,6,2,99.955,40.33000000000038,0,1.6
3,B,PREDATOR,88,-12.309999999999995,231,2.5343333333333815,6,2,100.0,40.93000000000034,0,1.6
3,B,PREDATOR,89,-12.379999999999994,238,2.5343333333333815,6,2,100.0,41.89000000000023,0,1.6
3,B,PREDATOR,90,-12.289999999999996,229,2.5343333333333815,6,2,100.0,46.870000000000076,0,1.6
3,B,PREDATOR,91,36.660000000000004,356,2.5343333333333815,4,0,100.0,0.0,2,1.6
3,B,PREDATOR,92,-12.289999999999996,229,2.5343333333333815,6,2,100.0,48.51999999999997,0,1.6
3,B,PREDATOR,93,-12.219999999999997,222,2.5343333333333815,6,2,99.955,47.86000000000003,0,1.6
3,B,PREDATOR,94,-12.219999999999997,222,2.5343333333333815,5,2,100.0,45.88000000000015,1,1.6
3,B,PREDATOR,95,36.595833333333516,353,2.5343333333333815,3,2,100.0,27.540000000000127,3,1.6
3,B,PREDATOR,96,-12.219999999999997,222,2.5343333333333815,4,2,100.0,49.149999999999984,2,1.6
3,B,PREDATOR,97,-12.249999999999996,225,2.5343333333333815,5,2,100.0,51.89999999999989,1,1.6
3,B,PREDATOR,98,95.33333333333185,500,2.5343333333333815,2,1,100.0,7.399999999999748,4,1.6
3,B,PREDATOR,99,-12.369999999999994,237,2.5343333333333815,5,2,100.0,43.260000000000275,1,1.6
3,B,PREDATOR,100,-12.629999999999988,263,2.5343333333333815,6,2,100.0,35.59000000000021,0,1.6
3,B,PREDATOR,101,12.203333333333008,292,2.5343333333333815,5,2,100.0,25.210000000000356,1,1.6
3,B,PREDATOR,102,-12.459999999999992,246,2.5343333333333815,5,2,100.0,46.23000000000005,1,1.6
3,B,PREDATOR,103,12.26333333333321,286,2.5343333333333815,5,2,100.0,22.780000000000463,1,1.6
3,B,PREDATOR,104,-12.209999999999997,221,2.5343333333333815,4,2,100.0,60.749999999999815,2,1.6
3,B,PREDATOR,105,12.2933333333332,283,2.5343333333333815,5,2,100.0,28.840000000000472,1,1.6
3,B,PREDATOR,106,12.073333333332942,305,2.5343333333333815,5,2,100.0,23.200000000000387,1,1.6
3,B,PREDATOR,107,-12.189999999999998,219,2.5343333333333815,5,2,100.0,44.82000000000021,1,1.6
3,B,PREDATOR,108,11.92333333333289,320,2.5343333333333815,4,2,100.0,20.85000000000043,2,1.6
3,B,PREDATOR,109,-12.259999999999996,226,2.5343333333333815,6,2,99.98,44.530000000000214,0,1.6
3,B,PREDATOR,110,-12.389999999999993,239,2.5343333333333815,5,2,100.0,51.12000000000039,1,1.6
3,B,PREDATOR,111,61.04999999999989,424,2.5343333333333815,2,1,100.0,12.020000000000183,4,1.6
3,B,PREDATOR,112,12.243333333333231,288,2.5343333333333815,5,2,100.0,25.990000000000364,1,1.6
3,B,PREDATOR,113,12.353333333333067,277,2.5343333333333815,5,2,100.0,29.560000000000386,1,1.6
3,B,PREDATOR,114,-12.199999999999998,220,2.5343333333333815,6,2,100.0,40.30000000000038,0,1.6
3,B,PREDATOR,115,-12.259999999999996,226,2.5343333333333815,5,2,100.0,44.73000000000016,1,1.6
3,B,PREDATOR,116,-12.389999999999993,239,2.5343333333333815,6,2,100.0,47.46999999999997,0,1.6
3,B,PREDATOR,117,-12.439999999999992,244,2.5343333333333815,5,2,100.0,40.69000000000035,1,1.6
3,B,PREDATOR,118,-12.459999999999992,246,2.5343333333333815,6,2,100.0,37.18000000000032,0,1.6
3,B,PREDATOR,119,12.133333333333004,299,2.5343333333333815,4,2,99.97,28.470000000000436,2,1.6
3,B,PREDATOR,120,12.306666666666493,279,2.5343333333333815,4,2,100.0,37.62,2,1.6
3,B,PREDATOR,121,-12.209999999999997,221,2.5343333333333815,5,2,100.0,54.47999999999975,1,1.6
3,B,PREDATOR,122,-12.379999999999994,238,2.5343333333333815,337,2,95.69590504451027,73.70624999999953,5,1.6
3,B,PREDATOR,123,-12.379999999999994,238,2.5343333333333815,5,2,100.0,46.89000000000003,1,1.6
3,B,PREDATOR,124,-12.189999999999998,219,2.5343333333333815,5,2,100.0,46.62000000000016,1,1.6
3,B,PREDATOR,125,-12.169999999999998,217,2.5343333333333815,5,2,100.0,48.81000000000022,1,1.6
3,B,PREDATOR,126,-12.169999999999998,217,2.5343333333333815,6,2,100.0,42.91000000000031,0,1.6
3,B,PREDATOR,127,-12.189999999999998,219,2.5343333333333815,6,2,100.0,45.37000000000012,0,1.6
3,B,PREDATOR,128,-12.239999999999997,224,2.5343333333333815,5,2,100.0,46.84000000000008,1,1.6
3,B,PREDATOR,129,-12.189999999999998,219,2.5343333333333815,6,2,100.0,41.320000000000306,0,1.6
3,B,PREDATOR,130,-12.659999999999988,266,2.5343333333333815,5,2,100.0,36.18000000000032,1,1.6
3,B,PREDATOR,131,-12.479999999999992,248,2.5343333333333815,5,2,100.0,40.42000000000033,1,1.6
3,B,PREDATOR,132,-12.219999999999997,222,2.5343333333333815,6,2,99.955,44.1100000000002,0,1.6
3,B,PREDATOR,133,-12.379999999999994,238,2.5343333333333815,6,2,100.0,39.04000000000037,0,1.6
3,B,PREDATOR,134,-12.429999999999993,243,2.5343333333333815,6,2,100.0,42.3400000000002,0,1.6
3,B,PREDATOR,135,12.243333333333046,288,2.5343333333333815,5,2,100.0,15.490000000000428,1,1.6
3,B,PREDATOR,136,-12.139999999999999,214,2.5343333333333815,6,2,100.0,45.370000000000175,0,1.6
3,B,PREDATOR,137,12.086666666666224,301,2.5343333333333815,4,2,100.0,35.80000000000012,2,1.6
3,B,PREDATOR,138,12.003333333333147,312,2.5343333333333815,5,2,100.0,21.460000000000267,1,1.6
3,B,PREDATOR,139,-12.55999999999999,256,2.5343333333333815,6,2,100.0,39.58000000000039,0,1.6
3,B,PREDATOR,140,-12.629999999999988,263,2.5343333333333815,5,2,100.0,40.420000000000094,1,1.6
3,B,PREDATOR,141,-12.53999999999999,254,2.5343333333333815,5,2,100.0,44.169999999999916,1,1.6
3,B,PREDATOR,142,36.60000000000006,362,2.5343333333333815,4,0,100.0,0.0,2,1.6
3,B,PREDATOR,143,12.326666666666314,277,2.5343333333333815,3,2,100.0,40.12625000000024,3,1.6
3,B,PREDATOR,144,-12.58999999999999,259,2.5343333333333815,5,2,100.0,40.77000000000023,1,1.6
3,B,PREDATOR,145,-12.179999999999998,218,2.5343333333333815,6,2,100.0,45.04000000000015,0,1.6
3,B,PREDATOR,146,36.57583333333355,355,2.5343333333333815,3,2,100.0,16.050000000000253,3,1.6
3,B,PREDATOR,147,12.09666666666641,300,2.5343333333333815,4,2,100.0,37.35000000000022,2,1.6
3,B,PREDATOR,148,-12.289999999999996,229,2.5343333333333815,6,2,100.0,42.97000000000031,0,1.6
3,B,PREDATOR,149,-12.159999999999998,216,2.5343333333333815,6,2,100.0,41.380000000000365,0,1.6
3,B,PREDATOR,150,-12.209999999999997,221,2.5343333333333815,4,2,100.0,52.57999999999984,2,1.6
3,B,PREDATOR,151,-12.439999999999992,244,2.5343333333333815,5,2,100.0,48.536250000000194,1,1.6
3,B,PREDATOR,152,-12.459999999999992,246,2.5343333333333815,6,2,100.0,40.78000000000033,0,1.6
3,B,PREDATOR,153,36.33666666666684,383,2.5343333333333815,3,1,100.0,41.83999999999986,3,1.6
3,B,PREDATOR,154,-12.329999999999995,233,2.5343333333333815,6,2,100.0,42.49000000000019,0,1.6
3,B,PREDATOR,155,12.146666666666492,295,2.5343333333333815,4,2,100.0,37.20000000000029,2,1.6
3,B,PREDATOR,156,-12.239999999999997,224,2.5343333333333815,6,2,99.955,40.570000000000384,0,1.6
3,B,PREDATOR,157,-12.279999999999996,228,2.5343333333333815,6,2,100.0,40.84000000000029,0,1.6
3,B,PREDATOR,158,12.053333333332878,307,2.5343333333333815,4,2,100.0,35.17000000000025,2,1.6
3,B,PREDATOR,159,-12.239999999999997,224,2.5343333333333815,5,2,100.0,53.91999999999963,1,1.6
3,B,PREDATOR,160,-12.189999999999998,219,2.5343333333333815,6,2,100.0,45.67000000000013,0,1.6
3,B,PREDATOR,161,-12.189999999999998,219,2.5343333333333815,4,2,100.0,62.81999999999972,2,1.6
3,B,PREDATOR,162,12.133333333333004,299,2.5343333333333815,5,2,100.0,14.920000000000444,1,1.6
3,B,PREDATOR,163,-12.139999999999999,214,2.5343333333333815,4,2,100.0,52.21999999999987,2,1.6
3,B,PREDATOR,164,-12.189999999999998,219,2.5343333333333815,337,2,83.81409495548958,47.52999999999997,1,1.6
3,B,PREDATOR,165,-12.159999999999998,216,2.5343333333333815,6,2,100.0,43.63000000000025,0,1.6
3,B,PREDATOR,166,-12.269999999999996,227,2.5343333333333815,6,2,100.0,39.76000000000039,0,1.6
3,B,PREDATOR,167,-12.399999999999993,240,2.5343333333333815,5,2,100.0,42.49000000000022,1,1.6
3,B,PREDATOR,168,-12.139999999999999,214,2.5343333333333815,6,2,100.0,45.22000000000018,0,1.6
3,B,PREDATOR,169,36.82999999999982,339,2.5343333333333815,4,2,100.0,9.820000000000446,2,1.6
3,B,PREDATOR,170,-12.169999999999998,217,2.5343333333333815,5,2,100.0,50.67999999999978,1,1.6
3,B,PREDATOR,171,36.200000000000315,402,2.5343333333333815,4,1,100.0,4.660000000000425,2,1.6
3,B,PREDATOR,172,11.913333333332988,321,2.5343333333333815,5,2,100.0,30.730000000000253,1,1.6
3,B,PREDATOR,173,12.003333333333215,312,2.5343333333333815,4,2,100.0,21.960000000000427,2,1.6
3,B,PREDATOR,174,12.293333333332965,283,2.5343333333333815,5,2,100.0,23.440000000000467,1,1.6
3,B,PREDATOR,175,11.573333333333148,355,2.5343333333333815,4,2,99.9325,14.25000000000033,2,1.6
3,B,PREDATOR,176,-12.12,212,2.5343333333333815,6,2,100.0,42.31000000000035,0,1.6
3,B,PREDATOR,177,-12.369999999999994,237,2.5343333333333815,6,2,100.0,41.410000000000295,0,1.6
3,B,PREDATOR,178,-12.289999999999996,229,2.5343333333333815,5,2,100.0,48.099999999999966,1,1.6
3,B,PREDATOR,179,12.053333333332942,307,2.5343333333333815,5,2,100.0,28.21000000000023,1,1.6
3,B,PREDATOR,180,60.61999999999882,459,2.5343333333333815,2,1,100.0,5.120000000000397,4,1.6
3,B,PREDATOR,181,-12.679999999999987,268,2.5343333333333815,6,2,100.0,23.140000000000455,0,1.6
3,B,PREDATOR,182,-12.229999999999997,223,2.5343333333333815,6,2,99.955,50.28999999999987,0,1.6
3,B,PREDATOR,183,-12.209999999999997,221,2.5343333333333815,5,2,100.0,45.63000000000022,1,1.6
3,B,PREDATOR,184,-12.189999999999998,219,2.5343333333333815,6,2,100.0,47.32000000000011,0,1.6
3,B,PREDATOR,185,-12.169999999999998,217,2.5343333333333815,6,2,100.0,44.71000000000012,0,1.6
3,B,PREDATOR,186,-12.189999999999998,219,2.5343333333333815,204,2,73.92411764705882,42.700000000000294,1,1.6
3,B,PREDATOR,187,-12.319999999999995,232,2.5343333333333815,5,2,100.0,52.17999999999968,1,1.6
3,B,PREDATOR,188,-12.289999999999996,229,2.5343333333333815,5,2,100.0,40.99000000000032,1,1.6
3,B,PREDATOR,189,12.25333333333319,287,2.5343333333333815,5,2,100.0,30.01000000000034,1,1.6
3,B,PREDATOR,190,12.313333333332904,281,2.5343333333333815,5,2,100.0,19.180000000000444,1,1.6
3,B,PREDATOR,191,-12.389999999999993,239,2.5343333333333815,5,2,100.0,54.23624999999991,1,1.6
3,B,PREDATOR,192,-12.189999999999998,219,2.5343333333333815,6,2,99.98,44.3200000000003,0,1.6
3,B,PREDATOR,193,-12.199999999999998,220,2.5343333333333815,6,2,100.0,45.2500000000002,0,1.6
3,B,PREDATOR,194,-12.209999999999997,221,2.5343333333333815,6,2,99.955,45.73000000000011,0,1.6
3,B,PREDATOR,195,-12.289999999999996,229,2.5343333333333815,6,2,100.0,44.17000000000013,0,1.6
3,B,PREDATOR,196,-12.409999999999993,241,2.5343333333333815,6,2,100.0,47.22999999999997,0,1.6
3,B,PREDATOR,197,-12.189999999999998,219,2.5343333333333815,5,2,100.0,47.22000000000017,1,1.6
3,B,PREDATOR,198,-12.319999999999995,232,2.5343333333333815,6,2,100.0,39.01000000000039,0,1.6
3,B,PREDATOR,199,36.29000000000018,393,2.5343333333333815,4,2,100.0,9.040000000000214,2,1.6
3,B,PREDATOR,200,11.929999999999792,314,2.5343333333333815,3,2,100.0,24.070000000000285,3,1.6
3,B,PREDATOR,201,36.35666666666647,381,2.5343333333333815,2,2,100.0,20.1900000000004,4,1.6
3,B,PREDATOR,202,-12.639999999999988,264,2.5343333333333815,6,2,100.0,32.92000000000033,0,1.6
3,B,PREDATOR,203,-12.349999999999994,235,2.5343333333333815,4,2,100.0,49.40000000000009,2,1.6
3,B,PREDATOR,204,36.23666666666672,393,2.5343333333333815,3,1,100.0,42.45999999999966,3,1.6
3,B,PREDATOR,205,12.226666666666267,287,2.5343333333333815,3,2,100.0,34.29000000000038,3,1.6
3,B,PREDATOR,206,11.196666666666212,390,2.5343333333333815,3,2,100.0,28.850000000000158,3,1.6
3,B,PREDATOR,207,-12.58999999999999,259,2.5343333333333815,3,2,100.0,53.81999999999955,3,1.6
3,B,PREDATOR,208,11.879166666666249,315,2.5343333333333815,3,2,100.0,35.04000000000039,3,1.6
3,B,PREDATOR,209,-12.53999999999999,254,2.5343333333333815,6,2,100.0,38.320000000000334,0,1.6
3,B,PREDATOR,210,12.203333333333171,292,2.5343333333333815,5,2,100.0,31.660000000000323,1,1.6
3,B,PREDATOR,211,11.653333333333078,347,2.5343333333333815,5,2,100.0,9.310000000000368,1,1.6
3,B,PREDATOR,212,-12.879999999999983,288,2.5343333333333815,6,2,100.0,17.890000000000434,0,1.6
3,B,PREDATOR,213,-12.269999999999996,227,2.5343333333333815,5,2,99.976,43.26000000000026,1,1.6
3,B,PREDATOR,214,-12.239999999999997,224,2.5343333333333815,6,2,100.0,40.57000000000037,0,1.6
3,B,PREDATOR,215,-12.289999999999996,229,2.5343333333333815,6,2,100.0,41.620000000000346,0,1.6
3,B,PREDATOR,216,-12.259999999999996,226,2.5343333333333815,5,2,100.0,44.8000000000001,1,1.6
3,B,PREDATOR,217,-12.239999999999997,224,2.5343333333333815,5,2,100.0,48.420000000000016,1,1.6
3,B,PREDATOR,218,-12.259999999999996,226,2.5343333333333815,5,2,100.0,43.3600000000003,1,1.6
3,B,PREDATOR,219,-12.499999999999991,250,2.5343333333333815,6,2,99.955,40.60000000000022,0,1.6
3,B,PREDATOR,220,11.713333333332896,341,2.5343333333333815,3,2,100.0,37.8462500000004,3,1.6
3,B,PREDATOR,221,-12.319999999999995,232,2.5343333333333815,6,2,100.0,48.00999999999996,0,1.6
3,B,PREDATOR,222,-12.55999999999999,256,2.5343333333333815,5,2,100.0,36.33000000000023,1,1.6
3,B,PREDATOR,223,-12.55999999999999,256,2.5343333333333815,4,2,100.0,49.6299999999997,2,1.6
3,B,PREDATOR,224,-12.289999999999996,229,2.5343333333333815,6,2,100.0,42.67000000000016,0,1.6
3,B,PREDATOR,225,-12.309999999999995,231,2.5343333333333815,6,2,100.0,38.53000000000041,0,1.6
3,B,PREDATOR,226,-12.489999999999991,249,2.5343333333333815,337,2,80.4066765578635,45.07000000000007,0,1.6
3,B,PREDATOR,227,-12.869999999999983,287,2.5343333333333815,6,2,100.0,40.66000000000016,0,1.6
3,B,PREDATOR,228,11.3533333333328,374,2.5343333333333815,5,2,100.0,8.020000000000444,1,1.6
3,B,PREDATOR,229,-12.149999999999999,215,2.5343333333333815,6,2,100.0,40.90000000000037,0,1.6
3,B,PREDATOR,230,-12.169999999999998,217,2.5343333333333815,6,2,100.0,41.410000000000295,0,1.6
3,B,PREDATOR,231,-12.659999999999988,266,2.5343333333333815,4,2,100.0,50.93000000000037,2,1.6
3,B,PREDATOR,232,-12.609999999999989,261,2.5343333333333815,5,2,100.0,36.550000000000296,1,1.6
3,B,PREDATOR,233,-12.169999999999998,217,2.5343333333333815,6,2,100.0,40.81000000000037,0,1.6
3,B,PREDATOR,234,-12.149999999999999,215,2.5343333333333815,6,2,100.0,46.0000000000001,0,1.6
3,B,PREDATOR,235,12.136666666666441,296,2.5343333333333815,4,2,100.0,25.38000000000035,2,1.6
3,B,PREDATOR,236,11.629999999999866,344,2.5343333333333815,3,2,100.0,19.89000000000041,3,1.6
3,B,PREDATOR,237,11.973333333332961,315,2.5343333333333815,5,2,100.0,21.85000000000029,1,1.6
3,B,PREDATOR,238,-12.939999999999982,294,2.5343333333333815,6,2,100.0,24.520000000000444,0,1.6
3,B,PREDATOR,239,36.210000000000655,401,2.5343333333333815,3,1,100.0,9.080000000000414,3,1.6
3,B,PREDATOR,240,-12.839999999999984,284,2.5343333333333815,4,2,100.0,48.62000000000011,2,1.6
3,B,PREDATOR,241,-12.169999999999998,217,2.5343333333333815,5,2,100.0,47.31000000000014,1,1.6
3,B,PREDATOR,242,-12.509999999999991,251,2.5343333333333815,5,2,100.0,43.53000000000024,1,1.6
3,B,PREDATOR,243,-12.169999999999998,217,2.5343333333333815,6,2,100.0,44.41000000000021,0,1.6
3,B,PREDATOR,244,-12.57999999999999,258,2.5343333333333815,6,2,100.0,42.04000000000023,0,1.6
3,B,PREDATOR,245,-12.259999999999996,226,2.5343333333333815,6,2,100.0,41.9800000000003,0,1.6
3,B,PREDATOR,246,-12.389999999999993,239,2.5343333333333815,6,2,100.0,38.47000000000039,0,1.6
3,B,PREDATOR,247,12.273333333333165,285,2.5343333333333815,5,2,100.0,38.20000000000029,1,1.6
3,B,PREDATOR,248,-12.689999999999987,269,2.5343333333333815,4,2,100.0,45.600000000000136,2,1.6
3,B,PREDATOR,249,-12.359999999999994,236,2.5343333333333815,6,2,100.0,41.8300000000002,0,1.6
3,B,PREDATOR,250,-12.269999999999996,227,2.5343333333333815,5,2,100.0,42.81000000000025,1,1.6
3,B,PREDATOR,251,-12.689999999999987,269,2.5343333333333815,5,2,100.0,49.62000000000009,1,1.6
3,B,PREDATOR,252,12.296666666666406,280,2.5343333333333815,4,2,100.0,34.15000000000004,2,1.6
3,B,PREDATOR,253,-12.159999999999998,216,2.5343333333333815,6,2,100.0,41.530000000000314,0,1.6
3,B,PREDATOR,254,70.28999999999843,500,2.5343333333333815,3,2,100.0,3.8500000000002843,3,1.6
3,B,PREDATOR,255,11.673333333333014,345,2.5343333333333815,5,2,100.0,7.300000000000452,1,1.6
3,B,PREDATOR,256,-12.889999999999983,289,2.5343333333333815,5,2,100.0,34.62000000000033,1,1.6
3,B,PREDATOR,257,-12.689999999999987,269,2.5343333333333815,6,2,100.0,35.77000000000031,0,1.6
3,B,PREDATOR,258,11.643333333332864,348,2.5343333333333815,5,2,100.0,8.44000000000033,1,1.6
3,B,PREDATOR,259,-12.57999999999999,258,2.5343333333333815,6,2,100.0,36.04000000000022,0,1.6
3,B,PREDATOR,260,-12.169999999999998,217,2.5343333333333815,5,2,100.0,46.27000000000014,1,1.6
3,B,PREDATOR,261,-12.809999999999985,281,2.5343333333333815,6,2,100.0,19.330000000000446,0,1.6
3,B,PREDATOR,262,-12.199999999999998,220,2.5343333333333815,5,2,100.0,47.7000000000001,1,1.6
3,B,PREDATOR,263,-12.889999999999983,289,2.5343333333333815,6,2,100.0,20.770000000000465,0,1.6
3,B,PREDATOR,264,-12.55999999999999,256,2.5343333333333815,3,2,100.0,42.61000000000021,3,1.6
3,B,PREDATOR,265,-12.179999999999998,218,2.5343333333333815,6,2,100.0,43.090000000000344,0,1.6
3,B,PREDATOR,266,-12.219999999999997,222,2.5343333333333815,5,2,100.0,53.259999999999664,1,1.6
3,B,PREDATOR,267,-12.289999999999996,229,2.5343333333333815,4,2,100.0,58.379999999999654,2,1.6
3,B,PREDATOR,268,-12.309999999999995,231,2.5343333333333815,6,2,100.0,38.68000000000041,0,1.6
3,B,PREDATOR,269,1047.1750000000036,481,2.5343333333333815,337,0,83.0425519287832,0.0,49,1.6
3,B,PREDATOR,270,35.363333333333294,483,2.5343333333333815,2,2,100.0,3.440000000000259,4,1.6
3,B,PREDATOR,271,-12.55999999999999,256,2.5343333333333815,5,2,100.0,35.58000000000034,1,1.6
3,B,PREDATOR,272,-12.659999999999988,266,2.5343333333333815,6,2,100.0,46.380000000000074,1,1.6
3,B,PREDATOR,273,-12.239999999999997,224,2.5343333333333815,23,2,100.0,46.92000000000013,1,1.6
3,B,PREDATOR,274,-12.229999999999997,223,2.5343333333333815,6,2,100.0,41.440000000000374,0,1.6
3,B,PREDATOR,275,11.803333333333095,332,2.5343333333333815,5,2,100.0,18.01000000000034,1,1.6
3,B,PREDATOR,276,11.793333333333111,333,2.5343333333333815,5,1,100.0,10.840000000000451,1,1.6
3,B,PREDATOR,277,-11.98,198,2.5343333333333815,6,3,100.0,18.34000000000025,0,1.6
3,B,PREDATOR,278,-12.859999999999983,286,2.5343333333333815,6,2,100.0,19.78000000000045,0,1.6
3,B,PREDATOR,279,-12.639999999999988,264,2.5343333333333815,6,2,100.0,44.76999999999999,0,1.6
3,B,PREDATOR,280,-12.609999999999989,261,2.5343333333333815,4,2,100.0,58.57999999999974,2,1.6
3,B,PREDATOR,281,-12.169999999999998,217,2.5343333333333815,6,2,100.0,48.01000000000005,0,1.6
3,B,PREDATOR,282,-12.409999999999993,241,2.5343333333333815,6,2,100.0,33.88000000000047,0,1.6
3,B,PREDATOR,283,35.95000000000044,427,2.5343333333333815,3,2,100.0,16.110000000000312,3,1.6
3,B,PREDATOR,284,-12.389999999999993,239,2.5343333333333815,6,2,100.0,36.22000000000038,0,1.6
3,B,PREDATOR,285,12.013333333333156,311,2.5343333333333815,4,2,100.0,18.180000000000458,2,1.6
3,B,PREDATOR,286,-12.739999999999986,274,2.5343333333333815,5,2,100.0,32.82000000000034,1,1.6
3,B,PREDATOR,287,-12.97999999999998,298,2.5343333333333815,5,2,100.0,29.340000000000497,1,1.6
3,B,PREDATOR,288,-12.889999999999983,289,2.5343333333333815,6,2,100.0,30.220000000000198,0,1.6
3,B,PREDATOR,289,12.206666666666544,289,2.5343333333333815,4,2,100.0,43.959999999999894,2,1.6
3,B,PREDATOR,290,36.47999999999981,374,2.5343333333333815,4,2,100.0,11.620000000000307,2,1.6
3,B,PREDATOR,291,11.853333333332953,327,2.5343333333333815,5,2,100.0,28.96000000000024,1,1.6
3,B,PREDATOR,292,-12.289999999999996,229,2.5343333333333815,6,2,100.0,44.020000000000266,0,1.6
3,B,PREDATOR,293,-12.189999999999998,219,2.5343333333333815,5,2,100.0,51.86999999999995,1,1.6
3,B,PREDATOR,294,-12.169999999999998,217,2.5343333333333815,6,2,100.0,41.5600000000003,0,1.6
3,B,PREDATOR,295,-11.25,125,2.5343333333333815,6,3,100.0,29.480000000000114,0,1.6
3,B,PREDATOR,296,-12.609999999999989,261,2.5343333333333815,5,2,100.0,34.36000000000041,1,1.6
3,B,PREDATOR,297,12.12333333333323,300,2.5343333333333815,5,2,100.0,11.950000000000422,1,1.6
3,B,PREDATOR,298,36.53000000000066,366,2.5343333333333815,4,1,100.0,4.180000000000449,2,1.6
3,B,PREDATOR,299,35.97000000000044,425,2.5343333333333815,4,0,100.0,0.0,2,1.6
3,B,PREDATOR,300,12.173333333333174,295,2.5343333333333815,5,2,100.0,35.80000000000028,1,1.6
3,B,PREDATOR,301,12.276666666666282,282,2.5343333333333815,4,2,100.0,46.05999999999979,2,1.6
3,B,PREDATOR,302,-12.139999999999999,214,2.5343333333333815,4,2,100.0,51.920000000000016,2,1.6
3,B,PREDATOR,303,-12.789999999999985,279,2.5343333333333815,6,2,100.0,25.270000000000472,0,1.6
3,B,PREDATOR,304,-12.239999999999997,224,2.5343333333333815,6,2,100.0,44.77000000000021,0,1.6
3,B,PREDATOR,305,-12.229999999999997,223,2.5343333333333815,5,2,100.0,44.650000000000176,1,1.6
3,B,PREDATOR,306,-12.229999999999997,223,2.5343333333333815,6,2,100.0,46.39000000000004,0,1.6
3,B,PREDATOR,307,11.073333333332771,405,2.5343333333333815,5,0,100.0,0.0,1,1.6
3,B,PREDATOR,308,-13.289999999999974,329,2.5343333333333815,5,1,100.0,47.12000000000071,1,1.6
3,B,PREDATOR,309,11.053333333332743,407,2.5343333333333815,4,1,100.0,20.060000000000198,2,1.6
3,B,PREDATOR,310,-13.149999999999977,315,2.5343333333333815,5,2,100.0,29.70000000000042,1,1.6
3,B,PREDATOR,311,-13.139999999999977,314,2.5343333333333815,5,2,100.0,26.32,1,1.6
3,B,PREDATOR,312,4.9033333333331015,272,2.5343333333333815,5,2,100.0,31.060000000000286,1,1.6
3,B,PREDATOR,313,45.16666666666701,500,2.5343333333333815,3,1,100.0,1.5000000000006013,3,1.6
3,B,PREDATOR,314,-12.939999999999982,294,2.5343333333333815,337,2,95.42551928783371,56.68000000000016,180,1.6
3,B,PREDATOR,315,-13.659999999999966,366,2.5343333333333815,4,2,100.0,23.03000000000018,2,1.6
3,B,PREDATOR,316,-12.789999999999985,279,2.5343333333333815,5,2,100.0,37.62000000000046,1,1.6
3,B,PREDATOR,317,-12.959999999999981,296,2.5343333333333815,4,2,100.0,43.13000000000011,2,1.6
3,B,PREDATOR,318,60.779999999999326,451,2.5343333333333815,2,1,100.0,8.480000000000082,4,1.6
3,B,PREDATOR,319,-13.189999999999976,319,2.5343333333333815,5,2,100.0,17.37000000000036,1,1.6
3,B,PREDATOR,320,12.093333333332863,303,2.5343333333333815,3,2,100.0,42.72000000000003,3,1.6
3,B,PREDATOR,321,-12.53999999999999,254,2.5343333333333815,3,2,100.0,43.53000000000023,3,1.6
3,B,PREDATOR,322,11.82666666666636,327,2.5343333333333815,3,2,100.0,19.530000000000378,3,1.6
3,B,PREDATOR,323,11.97333333333309,315,2.5343333333333815,4,2,100.0,34.64999999999989,2,1.6
3,B,PREDATOR,324,-12.309999999999995,231,2.5343333333333815,5,2,100.0,42.78000000000022,1,1.6
3,B,PREDATOR,325,-12.439999999999992,244,2.5343333333333815,6,2,100.0,31.420000000000428,0,1.6
3,B,PREDATOR,326,12.236666666666244,286,2.5343333333333815,2,2,100.0,46.529999999999916,4,1.6
3,B,PREDATOR,327,36.1400000000001,408,2.5343333333333815,4,1,100.0,0.6400000000004645,2,1.6
3,B,PREDATOR,328,-12.659999999999988,266,2.5343333333333815,6,2,100.0,33.88000000000031,0,1.6
3,B,PREDATOR,329,-12.279999999999996,228,2.5343333333333815,5,2,100.0,43.45000000000014,1,1.6
3,B,PREDATOR,330,-12.259999999999996,226,2.5343333333333815,337,2,95.44097922848657,46.38000000000023,1,1.6
3,B,PREDATOR,331,-12.869999999999983,287,2.5343333333333815,6,2,100.0,28.660000000000238,0,1.6
3,B,PREDATOR,332,-12.339999999999995,234,2.5343333333333815,6,2,100.0,39.22000000000041,0,1.6
3,B,PREDATOR,333,-12.759999999999986,276,2.5343333333333815,4,2,100.0,41.28000000000021,2,1.6
3,B,PREDATOR,334,-12.97999999999998,298,2.5343333333333815,4,2,100.0,45.269999999999925,2,1.6
3,B,PREDATOR,335,-13.339999999999973,334,2.5343333333333815,5,2,100.0,30.010000000000122,1,1.6
3,B,PREDATOR,336,-12.05,205,2.5343333333333815,4,3,100.0,24.17333333333327,2,1.6
3,B,PREDATOR,337,11.603333333332825,352,2.5343333333333815,3,2,100.0,31.01000000000031,3,1.6
3,B,PREDATOR,338,36.3500000000007,387,2.5343333333333815,3,2,100.0,7.8600000000004,3,1.6
3,B,PREDATOR,339,-12.739999999999986,274,2.5343333333333815,5,2,100.0,35.800000000000026,1,1.6
3,B,PREDATOR,340,-12.239999999999997,224,2.5343333333333815,5,2,100.0,46.32000000000018,1,1.6
3,B,PREDATOR,341,11.719999999999589,335,2.5343333333333815,2,2,100.0,30.69000000000034,4,1.6
3,B,PREDATOR,342,-12.349999999999994,235,2.5343333333333815,5,2,100.0,44.080000000000084,1,1.6
3,B,PREDATOR,343,36.27666666666703,389,2.5343333333333815,2,1,100.0,17.780000000000328,4,1.6
3,B,PREDATOR,344,-12.139999999999999,214,2.5343333333333815,5,2,100.0,44.14000000000027,1,1.6
3,B,PREDATOR,345,12.16333333333291,296,2.5343333333333815,4,2,100.0,26.430000000000362,2,1.6
3,B,PREDATOR,346,-12.509999999999991,251,2.5343333333333815,5,2,100.0,39.25000000000013,1,1.6
3,B,PREDATOR,347,-12.739999999999986,274,2.5343333333333815,6,2,100.0,26.17000000000044,0,1.6
3,B,PREDATOR,348,-12.689999999999987,269,2.5343333333333815,5,2,100.0,40.77000000000027,1,1.6
3,B,PREDATOR,349,-12.739999999999986,274,2.5343333333333815,6,2,100.0,32.170000000000236,0,1.6
3,B,PREDATOR,350,11.5333333333328,359,2.5343333333333815,3,1,100.0,39.420000000000215,3,1.6
3,B,PREDATOR,351,-13.139999999999977,314,2.5343333333333815,4,2,100.0,34.5000000000003,2,1.6
3,B,PREDATOR,352,10.956666666666043,414,2.5343333333333815,3,1,100.0,9.020000000000422,3,1.6
3,B,PREDATOR,353,60.41999999999883,487,2.5343333333333815,3,0,100.0,0.0,3,1.6
3,B,PREDATOR,354,60.30999999999823,498,2.5343333333333815,3,0,100.0,0.0,3,1.6
3,B,PREDATOR,355,10.723333333332723,440,2.5343333333333815,4,0,100.0,0.0,2,1.6
3,B,PREDATOR,356,11.59333333333281,353,2.5343333333333815,5,1,100.0,12.640000000000313,1,1.6
3,B,PREDATOR,357,37.03000000000057,319,2.5343333333333815,4,2,100.0,10.570000000000375,2,1.6
3,B,PREDATOR,358,-12.809999999999985,281,2.5343333333333815,5,2,100.0,38.08000000000021,1,1.6
3,B,PREDATOR,359,35.92333333333312,427,2.5343333333333815,3,2,100.0,5.760000000000424,3,1.6
3,B,PREDATOR,360,10.963333333333052,416,2.5343333333333815,5,0,100.0,0.0,1,1.6
3,B,PREDATOR,361,35.71000000000034,451,2.5343333333333815,4,1,100.0,5.3800000000002335,2,1.6
3,B,PREDATOR,362,60.21666666666518,494,2.5343333333333815,1,1,100.0,10.252500000000053,5,1.6
3,B,PREDATOR,363,10.903333333332712,422,2.5343333333333815,4,2,100.0,11.460000000000447,2,1.6
3,B,PREDATOR,364,-12.689999999999987,269,2.5343333333333815,5,2,100.0,32.67000000000036,1,1.6
3,B,PREDATOR,365,36.353333333333296,376,2.5343333333333815,2,1,100.0,31.980000000000377,4,1.6
3,B,PREDATOR,366,-12.839999999999984,284,2.5343333333333815,6,2,100.0,22.720000000000475,0,1.6
3,B,PREDATOR,367,12.146666666666503,295,2.5343333333333815,4,2,100.0,23.700000000000383,2,1.6
3,B,PREDATOR,368,10.313333333332606,481,2.5343333333333815,5,0,100.0,0.0,1,1.6
3,B,PREDATOR,369,35.71000000000058,451,2.5343333333333815,4,0,100.0,0.0,2,1.6
3,B,PREDATOR,370,-13.239999999999975,324,2.5343333333333815,5,2,100.0,22.620000000000452,1,1.6
3,B,PREDATOR,371,11.413333333332753,371,2.5343333333333815,5,0,100.0,0.0,1,1.6
3,B,PREDATOR,372,11.426666666666344,367,2.5343333333333815,4,1,100.0,9.100000000000396,2,1.6
3,B,PREDATOR,373,-12.12,212,2.5343333333333815,6,2,100.0,44.8600000000003,0,1.6
3,B,PREDATOR,374,12.093333333332884,303,2.5343333333333815,5,2,100.0,11.890000000000434,1,1.6
3,B,PREDATOR,375,-12.289999999999996,229,2.5343333333333815,5,2,100.0,54.26999999999989,1,1.6
3,B,PREDATOR,376,-12.409999999999993,241,2.5343333333333815,3,2,100.0,54.14999999999961,3,1.6
3,B,PREDATOR,377,-12.149999999999999,215,2.5343333333333815,6,2,100.0,44.650000000000205,0,1.6
3,B,PREDATOR,378,-12.959999999999981,296,2.5343333333333815,5,2,100.0,35.58000000000036,1,1.6
3,B,PREDATOR,379,-12.909999999999982,291,2.5343333333333815,6,2,100.0,30.8800000000003,0,1.6
3,B,PREDATOR,380,35.57000000000065,465,2.5343333333333815,4,0,100.0,0.0,2,1.6
3,B,PREDATOR,381,35.61333333333344,458,2.5343333333333815,3,1,100.0,4.340000000000685,3,1.6
3,B,PREDATOR,382,-12.509999999999991,251,2.5343333333333815,3,2,100.0,66.88999999999956,3,1.6
3,B,PREDATOR,383,-12.219999999999997,222,2.5343333333333815,6,2,99.955,45.91000000000008,0,1.6
3,B,PREDATOR,384,11.153333333332794,397,2.5343333333333815,4,2,100.0,21.360000000000525,2,1.6
3,B,PREDATOR,385,11.843333333332977,328,2.5343333333333815,4,2,100.0,28.140000000000413,2,1.6
3,B,PREDATOR,386,-12.429999999999993,243,2.5343333333333815,5,2,100.0,43.000000000000014,1,1.6
3,B,PREDATOR,387,-12.55999999999999,256,2.5343333333333815,4,2,100.0,41.78000000000023,2,1.6
3,B,PREDATOR,388,12.246666666666398,285,2.5343333333333815,4,2,100.0,33.01000000000025,2,1.6
3,B,PREDATOR,389,-12.889999999999983,289,2.5343333333333815,6,2,100.0,14.020000000000422,0,1.6
3,B,PREDATOR,390,11.353333333332786,377,2.5343333333333815,4,2,100.0,12.060000000000413,2,1.6
3,B,PREDATOR,391,-13.559999999999969,356,2.5343333333333815,5,2,100.0,10.080000000000396,1,1.6
3,B,PREDATOR,392,-12.58999999999999,259,2.5343333333333815,6,2,100.0,43.570000000000135,0,1.6
3,B,PREDATOR,393,-12.389999999999993,239,2.5343333333333815,6,2,100.0,41.92000000000025,0,1.6
3,B,PREDATOR,394,-12.859999999999983,286,2.5343333333333815,5,2,100.0,34.080000000000496,1,1.6
3,B,PREDATOR,395,-12.53999999999999,254,2.5343333333333815,6,2,100.0,36.370000000000275,0,1.6
3,B,PREDATOR,396,-12.289999999999996,229,2.5343333333333815,6,2,100.0,42.520000000000195,0,1.6
3,B,PREDATOR,397,11.343333333332842,378,2.5343333333333815,3,2,100.0,30.290000000000585,3,1.6
3,B,PREDATOR,398,-13.48999999999997,349,2.5343333333333815,4,2,100.0,21.770000000000262,2,1.6
3,B,PREDATOR,399,11.456666666666278,364,2.5343333333333815,3,2,100.0,10.290000000000301,3,1.6
3,B,PREDATOR,400,-12.97999999999998,298,2.5343333333333815,3,2,100.0,45.33999999999984,3,1.6
3,B,PREDATOR,401,12.083333333332876,304,2.5343333333333815,5,2,100.0,19.870000000000474,1,1.6
3,B,PREDATOR,402,-12.389999999999993,239,2.5343333333333815,6,2,100.0,44.02000000000021,0,1.6
3,B,PREDATOR,403,11.646666666666421,345,2.5343333333333815,4,2,100.0,6.610000000000406,2,1.6
3,B,PREDATOR,404,35.93666666666696,423,2.5343333333333815,3,1,100.0,6.820000000000091,3,1.6
3,B,PREDATOR,405,11.27333333333297,377,2.5343333333333815,2,2,100.0,10.320000000000181,4,1.6
3,B,PREDATOR,406,-12.54999999999999,255,2.5343333333333815,6,2,100.0,35.050000000000324,0,1.6
3,B,PREDATOR,407,-13.05999999999998,306,2.5343333333333815,5,2,100.0,23.73000000000039,1,1.6
3,B,PREDATOR,408,-12.339999999999995,234,2.5343333333333815,6,2,100.0,39.97000000000036,0,1.6
3,B,PREDATOR,409,-12.55999999999999,256,2.5343333333333815,5,2,100.0,36.03000000000026,1,1.6
3,B,PREDATOR,410,-12.149999999999999,215,2.5343333333333815,4,2,100.0,55.53999999999978,2,1.6
3,B,PREDATOR,411,-12.959999999999981,296,2.5343333333333815,6,2,100.0,16.930000000000373,0,1.6
3,B,PREDATOR,412,-13.139999999999977,314,2.5343333333333815,6,2,100.0,8.92000000000035,0,1.6
3,B,PREDATOR,413,-12.789999999999985,279,2.5343333333333815,5,2,100.0,37.300000000000324,1,1.6
3,B,PREDATOR,414,11.599999999999762,347,2.5343333333333815,3,2,100.0,26.95999999999977,3,1.6
3,B,PREDATOR,415,-12.609999999999989,261,2.5343333333333815,6,2,100.0,26.380000000000475,0,1.6
3,B,PREDATOR,416,11.993333333332865,313,2.5343333333333815,5,2,99.946,20.89000000000032,1,1.6
3,B,PREDATOR,417,36.490000000000435,373,2.5343333333333815,4,2,100.0,3.1900000000004547,2,1.6
3,B,PREDATOR,418,-12.889999999999983,289,2.5343333333333815,6,2,100.0,15.52000000000043,0,1.6
3,B,PREDATOR,419,11.643333333332853,348,2.5343333333333815,5,2,100.0,11.440000000000408,1,1.6
3,B,PREDATOR,420,-13.409999999999972,341,2.5343333333333815,6,2,100.0,28.33000000000019,0,1.6
3,B,PREDATOR,421,-12.159999999999998,216,2.5343333333333815,6,2,100.0,50.67999999999989,0,1.6
3,B,PREDATOR,422,-12.729999999999986,273,2.5343333333333815,6,2,100.0,24.490000000000475,0,1.6
3,B,PREDATOR,423,-12.149999999999999,215,2.5343333333333815,5,2,100.0,44.55000000000024,1,1.6
3,B,PREDATOR,424,-12.239999999999997,224,2.5343333333333815,6,2,100.0,41.020000000000294,0,1.6
3,B,PREDATOR,425,11.786666666666457,331,2.5343333333333815,4,2,100.0,21.930000000000266,2,1.6
3,B,PREDATOR,426,-12.789999999999985,279,2.5343333333333815,5,2,100.0,27.87000000000031,1,1.6
3,B,PREDATOR,427,11.003333333332892,412,2.5343333333333815,4,2,99.9325,9.360000000000305,2,1.6
3,B,PREDATOR,428,10.153333333332734,497,2.5343333333333815,4,1,100.0,5.360000000000422,2,1.6
3,B,PREDATOR,429,-12.809999999999985,281,2.5343333333333815,6,2,100.0,17.23000000000042,0,1.6
3,B,PREDATOR,430,-13.139999999999977,314,2.5343333333333815,6,2,100.0,35.6200000000002,0,1.6
3,B,PREDATOR,431,-13.03999999999998,304,2.5343333333333815,6,2,100.0,15.370000000000351,0,1.6
3,B,PREDATOR,432,35.18666666666715,498,2.5343333333333815,2,0,100.0,0.0,4,1.6
3,B,PREDATOR,433,-12.739999999999986,274,2.5343333333333815,6,2,100.0,28.120000000000424,0,1.6
3,B,PREDATOR,434,-13.609999999999967,361,2.5343333333333815,4,2,100.0,23.18000000000027,2,1.6
3,B,PREDATOR,435,11.74666666666649,335,2.5343333333333815,4,2,100.0,30.97000000000014,2,1.6
3,B,PREDATOR,436,-12.299999999999995,230,2.5343333333333815,6,2,100.0,43.000000000000156,0,1.6
3,B,PREDATOR,437,10.773333333332863,435,2.5343333333333815,4,2,100.0,13.050000000000145,2,1.6
3,B,PREDATOR,438,11.173333333332755,395,2.5343333333333815,5,1,100.0,6.100000000000422,1,1.6
3,B,PREDATOR,439,-13.539999999999969,354,2.5343333333333815,5,2,100.0,25.620000000000516,1,1.6
3,B,PREDATOR,440,-12.509999999999991,251,2.5343333333333815,6,2,100.0,40.330000000000275,0,1.6
3,B,PREDATOR,441,-13.089999999999979,309,2.5343333333333815,6,2,100.0,16.270000000000405,0,1.6
3,B,PREDATOR,442,-13.109999999999978,311,2.5343333333333815,5,2,100.0,20.35000000000035,1,1.6
3,B,PREDATOR,443,-13.109999999999978,311,2.5343333333333815,6,2,100.0,23.230000000000246,0,1.6
3,B,PREDATOR,444,-12.609999999999989,261,2.5343333333333815,6,2,100.0,43.780000000000086,0,1.6
3,B,PREDATOR,445,-13.189999999999976,319,2.5343333333333815,6,2,100.0,5.920000000000444,0,1.6
3,B,PREDATOR,446,70.2899999999986,500,2.5343333333333815,3,1,100.0,10.159999999999682,3,1.6
3,B,PREDATOR,447,70.21000000000024,500,2.5343333333333815,2,1,100.0,23.459999999999233,4,1.6
3,B,PREDATOR,448,-12.139999999999999,214,2.5343333333333815,6,2,100.0,41.020000000000366,0,1.6
3,B,PREDATOR,449,35.56000000000023,466,2.5343333333333815,4,1,100.0,6.580000000000155,2,1.6
3,B,PREDATOR,450,45.22000000000064,500,2.5343333333333815,4,1,100.0,5.620000000000246,2,1.6
3,B,PREDATOR,451,-13.359999999999973,336,2.5343333333333815,5,2,100.0,18.330000000000457,1,1.6
3,B,PREDATOR,452,-12.469999999999992,247,2.5343333333333815,4,2,100.0,50.51000000000035,2,1.6
3,B,PREDATOR,453,36.00250000000017,415,2.5343333333333815,3,2,100.0,4.800000000000451,3,1.6
3,B,PREDATOR,454,10.95333333333304,417,2.5343333333333815,3,1,100.0,20.760000000000353,3,1.6
3,B,PREDATOR,455,-12.359999999999994,236,2.5343333333333815,6,2,100.0,39.280000000000356,0,1.6
3,B,PREDATOR,456,12.363333333332951,276,2.5343333333333815,3,2,100.0,32.08000000000001,3,1.6
3,B,PREDATOR,457,12.299999999999615,277,2.5343333333333815,3,2,100.0,28.270000000000373,3,1.6
3,B,PREDATOR,458,11.233333333332743,389,2.5343333333333815,4,2,100.0,28.170000000000417,2,1.6
3,B,PREDATOR,459,-13.809999999999963,381,2.5343333333333815,6,1,100.0,4.780000000000279,0,1.6
3,B,PREDATOR,460,-12.389999999999993,239,2.5343333333333815,6,2,100.0,39.22000000000037,0,1.6
3,B,PREDATOR,461,-12.159999999999998,216,2.5343333333333815,5,2,100.0,51.129999999999804,1,1.6
3,B,PREDATOR,462,36.54999999999974,367,2.5343333333333815,4,2,100.0,10.210000000000363,2,1.6
3,B,PREDATOR,463,-13.259999999999975,326,2.5343333333333815,4,2,100.0,36.08000000000049,2,1.6
3,B,PREDATOR,464,-12.859999999999983,286,2.5343333333333815,2,2,100.0,49.76999999999986,5,1.6
3,B,PREDATOR,465,-12.399999999999993,240,2.5343333333333815,6,2,100.0,44.80000000000013,0,1.6
3,B,PREDATOR,466,-13.239999999999975,324,2.5343333333333815,337,2,75.56436201780389,13.620000000000392,1,1.6
3,B,PREDATOR,467,-13.089999999999979,309,2.5343333333333815,3,2,100.0,47.44999999999983,3,1.6
3,B,PREDATOR,468,-12.209999999999997,221,2.5343333333333815,5,2,100.0,53.279999999999845,1,1.6
3,B,PREDATOR,469,-12.809999999999985,281,2.5343333333333815,5,2,100.0,29.280000000000342,1,1.6
3,B,PREDATOR,470,-13.089999999999979,309,2.5343333333333815,6,2,100.0,18.82000000000034,0,1.6
3,B,PREDATOR,471,85.4833333333324,485,2.5343333333333815,1,1,100.0,4.40000000000022,5,1.6
3,B,PREDATOR,472,-12.409999999999993,241,2.5343333333333815,6,2,100.0,41.830000000000226,0,1.6
3,B,PREDATOR,473,20.096666666665932,500,2.5343333333333815,1,2,100.0,13.040000000000475,5,1.6
3,B,PREDATOR,474,20.096666666666373,500,2.5343333333333815,3,2,100.0,3.020000000000239,3,1.6
3,B,PREDATOR,475,-12.689999999999987,269,2.5343333333333815,4,2,100.0,40.23999999999999,2,1.6
3,B,PREDATOR,476,-12.609999999999989,261,2.5343333333333815,4,2,100.0,39.070000000000285,2,1.6
3,B,PREDATOR,477,-13.05999999999998,306,2.5343333333333815,5,2,100.0,26.130000000000233,1,1.6
3,B,PREDATOR,478,-13.209999999999976,321,2.5343333333333815,4,2,100.0,27.0300000000004,2,1.6
3,B,PREDATOR,479,-12.209999999999997,221,2.5343333333333815,6,2,100.0,44.83000000000024,0,1.6
3,B,PREDATOR,480,-12.439999999999992,244,2.5343333333333815,6,2,100.0,44.02000000000008,0,1.6
3,B,PREDATOR,481,10.793333333332855,433,2.5343333333333815,5,2,100.0,3.940000000000229,1,1.6
3,B,PREDATOR,482,10.57666666666609,452,2.5343333333333815,3,1,99.96,14.760000000000398,3,1.6
3,B,PREDATOR,483,-13.48999999999997,349,2.5343333333333815,6,1,100.0,13.120000000000466,0,1.6
3,B,PREDATOR,484,11.993333333332894,313,2.5343333333333815,4,1,100.0,37.94000000000047,2,1.6
3,B,PREDATOR,485,45.11333333333401,500,2.5343333333333815,2,1,100.0,9.000000000000703,4,1.6
3,B,PREDATOR,486,-14.039999999999958,404,2.5343333333333815,5,1,100.0,3.520000000000456,1,1.6
3,B,PREDATOR,487,70.28999999999948,500,2.5343333333333815,3,1,100.0,31.300000000000484,3,1.6
3,B,PREDATOR,488,11.463333333332896,366,2.5343333333333815,5,1,100.0,14.980000000000171,1,1.6
3,B,PREDATOR,489,11.263333333332758,386,2.5343333333333815,3,2,100.0,27.98000000000021,3,1.6
3,B,PREDATOR,490,-13.00999999999998,301,2.5343333333333815,337,2,96.87495548961415,49.149999999999906,85,1.6
3,B,PREDATOR,491,-13.229999999999976,323,2.5343333333333815,4,2,100.0,22.60000000000032,2,1.6
3,B,PREDATOR,492,-12.759999999999986,276,2.5343333333333815,5,2,100.0,42.55000000000004,1,1.6
3,B,PREDATOR,493,11.553333333332821,357,2.5343333333333815,4,2,100.0,24.510000000000524,2,1.6
3,B,PREDATOR,494,-12.169999999999998,217,2.5343333333333815,5,2,99.946,48.36000000000007,1,1.6
3,B,PREDATOR,495,-12.489999999999991,249,2.5343333333333815,5,2,100.0,44.520000000000195,1,1.6
3,B,PREDATOR,496,-12.639999999999988,264,2.5343333333333815,5,2,100.0,43.48000000000008,1,1.6
3,B,PREDATOR,497,-12.309999999999995,231,2.5343333333333815,6,2,100.0,43.180000000000305,0,1.6
3,B,PREDATOR,498,-12.739999999999986,274,2.5343333333333815,5,2,100.0,36.4200000000005,1,1.6
3,B,PREDATOR,499,-12.209999999999997,221,2.5343333333333815,4,2,100.0,51.15999999999979,2,1.6
3,B,PREDATOR,500,10.876666666666123,422,2.5343333333333815,4,1,100.0,6.880000000000141,2,1.6
4,A,PREY,1,2064.4200000000033,500,-31.925000000000193,7,2,99.81142857142856,10.300000000000235,0,26.2
4,A,PREY,2,1990.4400000000044,500,-31.925000000000193,338,2,99.95020710059171,13.300000000000315,0,26.2
4,A,PREY,3,1944.4500000000046,500,-31.925000000000193,4,2,98.99499999999996,30.539999999999978,3,26.2
4,A,PREY,4,1744.5000000000039,500,-31.925000000000193,5,2,99.68199999999999,23.890000000000203,2,26.2
4,A,PREY,5,47.54,44,-31.925000000000193,19,2,98.8778947368421,87.00999999999993,2,26.2
4,A,PREY,6,506.51000000000056,85,-31.925000000000193,41,2,84.52121951219512,83.49999999999984,28,26.2
4,A,PREY,7,2504.309999999989,500,-31.925000000000193,5,2,99.946,26.000000000000338,2,26.2
4,A,PREY,8,2064.420000000004,500,-31.925000000000193,6,2,99.955,26.099999999999838,1,26.2
4,A,PREY,9,2224.3799999999937,500,-31.925000000000193,338,2,99.34766272189347,15.850000000000204,0,26.2
4,A,PREY,10,2504.3099999999804,500,-31.925000000000193,7,2,99.7685714285714,15.250000000000208,0,26.2
4,A,PREY,11,100.27999999999999,19,-31.925000000000193,5,2,100.0,88.50999999999999,2,26.2
4,A,PREY,12,138.23000000000005,23,-31.925000000000193,6,2,100.0,87.96999999999997,1,26.2
4,A,PREY,13,2104.4100000000035,500,-31.925000000000193,6,2,99.88999999999999,28.539999999999743,1,26.2
4,A,PREY,14,2384.339999999997,500,-31.925000000000193,32,2,91.91499999999999,20.26000000000008,1,26.2
4,A,PREY,15,2424.3299999999895,500,-31.925000000000193,5,2,99.946,27.95999999999993,2,26.2
4,A,PREY,16,3704.009999999959,500,-31.925000000000193,7,2,99.82857142857142,4.900000000000259,0,26.2
4,A,PREY,17,3108.6599999999717,500,-31.925000000000193,338,2,93.78434911242596,67.50000000000033,21,26.2
4,A,PREY,18,2624.279999999988,500,-31.925000000000193,6,2,99.59499999999998,18.15000000000019,1,26.2
4,A,PREY,19,3424.0799999999717,500,-31.925000000000193,6,2,99.98,22.800000000000114,1,26.2
4,A,PREY,20,4103.909999999965,500,-31.925000000000193,4,2,100.0,39.65999999999947,3,26.2
4,A,PREY,21,2784.23999999999,500,-31.925000000000193,6,2,99.64999999999998,13.500000000000309,1,26.2
4,A,PREY,22,3664.0199999999595,500,-31.925000000000193,5,2,99.54999999999998,19.350000000000257,2,26.2
4,A,PREY,23,4063.919999999953,500,-31.925000000000193,7,2,99.96142857142857,9.85000000000024,0,26.2
4,A,PREY,24,3544.0499999999683,500,-31.925000000000193,7,2,99.96142857142857,13.000000000000313,0,26.2
4,A,PREY,25,3504.059999999964,500,-31.925000000000193,7,2,99.86714285714285,14.350000000000222,0,26.2
4,A,PREY,26,4743.7499999999445,500,-31.925000000000193,6,2,99.865,21.14999999999997,1,26.2
4,A,PREY,27,4103.909999999955,500,-31.925000000000193,6,2,99.98,15.150000000000265,1,26.2
4,A,PREY,28,3863.9699999999693,500,-31.925000000000193,6,2,99.865,20.170000000000126,1,26.2
4,A,PREY,29,3983.93999999996,500,-31.925000000000193,6,2,99.91000000000001,8.080000000000314,1,26.2
4,A,PREY,30,-13.57,7,-31.925000000000193,6,2,100.0,90.74249999999998,1,26.2
4,A,PREY,31,3983.939999999959,500,-31.925000000000193,5,2,99.976,17.62000000000008,2,26.2
4,A,PREY,32,4223.879999999959,500,-31.925000000000193,6,2,99.72999999999998,14.100000000000284,1,26.2
4,A,PREY,33,4063.9199999999523,500,-31.925000000000193,6,2,99.755,25.209999999999862,1,26.2
4,A,PREY,34,3943.9499999999643,500,-31.925000000000193,7,2,99.58,3.7000000000003954,0,26.2
4,A,PREY,35,4423.829999999958,500,-31.925000000000193,6,2,99.88999999999999,13.780000000000134,1,26.2
4,A,PREY,36,4383.83999999996,500,-31.925000000000193,7,2,99.81142857142856,5.800000000000252,0,26.2
4,A,PREY,37,4943.699999999945,500,-31.925000000000193,7,2,99.96142857142857,11.200000000000195,0,26.2
4,A,PREY,38,4383.839999999962,500,-31.925000000000193,6,1,99.36999999999996,35.00000000000004,1,26.2
4,A,PREY,39,4903.709999999947,500,-31.925000000000193,5,2,99.892,28.980000000000054,2,26.2
4,A,PREY,40,4783.739999999952,500,-31.925000000000193,6,2,99.61999999999999,18.75999999999994,1,26.2
4,A,PREY,41,67.94,4,-31.925000000000193,6,2,99.955,91.66,1,26.2
4,A,PREY,42,4943.699999999953,500,-31.925000000000193,6,2,99.84499999999998,19.390000000000047,1,26.2
4,A,PREY,43,2103.98,246,-31.925000000000193,6,2,100.0,55.36125000000007,1,26.2
4,A,PREY,44,4783.739999999947,500,-31.925000000000193,4,2,100.0,24.870000000000136,3,26.2
4,A,PREY,45,4663.769999999954,500,-31.925000000000193,7,2,100.0,20.049999999999983,0,26.2
4,A,PREY,46,4503.809999999962,500,-31.925000000000193,6,2,99.91000000000001,21.750000000000043,1,26.2
4,A,PREY,47,5103.659999999949,500,-31.925000000000193,7,2,100.0,17.950000000000095,0,26.2
4,A,PREY,48,5023.679999999948,500,-31.925000000000193,6,2,99.955,17.950000000000188,1,26.2
4,A,PREY,49,303.50000000000045,91,-31.925000000000193,4,2,100.0,84.72999999999985,3,26.2
4,A,PREY,50,4343.849999999968,500,-31.925000000000193,7,2,99.92285714285715,7.000000000000346,0,26.2
4,A,PREY,51,5823.4799999999395,500,-31.925000000000193,6,2,100.0,16.20000000000049,1,26.2
4,A,PREY,52,4903.709999999948,500,-31.925000000000193,7,2,99.90571428571427,18.700000000000045,0,26.2
4,A,PREY,53,6063.41999999993,500,-31.925000000000193,7,2,100.0,17.350000000000122,0,26.2
4,A,PREY,54,5263.619999999949,500,-31.925000000000193,5,2,100.0,20.620000000000182,2,26.2
4,A,PREY,55,5663.519999999945,500,-31.925000000000193,7,2,99.84571428571428,15.550000000000157,0,26.2
4,A,PREY,56,5663.519999999926,500,-31.925000000000193,6,2,99.77499999999999,27.57999999999985,1,26.2
4,A,PREY,57,1052.600000000001,112,-31.925000000000193,4,2,100.0,82.02999999999977,3,26.2
4,A,PREY,58,5903.459999999935,500,-31.925000000000193,7,2,100.0,15.700000000000177,0,26.2
4,A,PREY,59,5543.549999999949,500,-31.925000000000193,6,2,99.935,16.54000000000001,1,26.2
4,A,PREY,60,6503.309999999926,500,-31.925000000000193,7,2,99.96142857142857,10.6000000000002,0,26.2
4,A,PREY,61,6023.42999999993,500,-31.925000000000193,7,2,100.0,8.50000000000031,0,26.2
4,A,PREY,62,5543.549999999944,500,-31.925000000000193,6,2,99.955,20.100000000000083,1,26.2
4,A,PREY,63,5343.599999999949,500,-31.925000000000193,7,1,100.0,16.60000000000016,0,26.2
4,A,PREY,64,4306.859999999965,500,-31.925000000000193,338,2,99.24991124260352,19.500000000000107,1,26.2
4,A,PREY,65,6463.319999999931,500,-31.925000000000193,6,0,99.935,0.0,1,26.2
4,A,PREY,66,7063.169999999921,500,-31.925000000000193,6,2,99.91000000000001,22.650000000000034,1,26.2
4,A,PREY,67,1196.5400000000006,65,-31.925000000000193,5,2,100.0,81.84999999999992,2,26.2
4,A,PREY,68,6423.329999999928,500,-31.925000000000193,5,2,100.0,19.48000000000018,2,26.2
4,A,PREY,69,5703.509999999945,500,-31.925000000000193,5,2,99.78399999999999,16.260000000000307,2,26.2
4,A,PREY,70,7023.179999999916,500,-31.925000000000193,6,2,100.0,10.950000000000172,1,26.2
4,A,PREY,71,6023.429999999942,500,-31.925000000000193,6,2,100.0,19.5000000000001,1,26.2
4,A,PREY,72,6623.279999999932,500,-31.925000000000193,5,2,99.67599999999999,24.40000000000022,2,26.2
4,A,PREY,73,7263.119999999916,500,-31.925000000000193,6,2,99.955,20.25000000000025,1,26.2
4,A,PREY,74,7463.06999999992,500,-31.925000000000193,4,2,100.0,26.199999999999967,3,26.2
4,A,PREY,75,6183.3899999999385,500,-31.925000000000193,5,2,100.0,18.64000000000001,2,26.2
4,A,PREY,76,6183.389999999935,500,-31.925000000000193,6,1,100.0,4.960000000000333,1,26.2
4,A,PREY,77,6863.2199999999275,500,-31.925000000000193,5,2,99.946,24.33,2,26.2
4,A,PREY,78,7463.069999999915,500,-31.925000000000193,27,2,87.90148148148147,16.300000000000118,0,26.2
4,A,PREY,79,6303.359999999936,500,-31.925000000000193,4,2,100.0,26.479999999999936,3,26.2
4,A,PREY,80,7183.139999999923,500,-31.925000000000193,7,2,100.0,8.800000000000033,0,26.2
4,A,PREY,81,6063.419999999935,500,-31.925000000000193,7,2,99.92285714285715,9.550000000000264,0,26.2
4,A,PREY,82,1843.2200000000014,130,-31.925000000000193,5,2,100.0,76.21624999999977,2,26.2
4,A,PREY,83,8702.759999999904,500,-31.925000000000193,5,2,100.0,17.4900000000002,2,26.2
4,A,PREY,84,7143.149999999927,500,-31.925000000000193,6,2,100.0,19.91624999999993,1,26.2
4,A,PREY,85,7503.059999999932,500,-31.925000000000193,7,2,100.0,11.350000000000085,0,26.2
4,A,PREY,86,7023.179999999926,500,-31.925000000000193,7,2,100.0,11.35000000000012,0,26.2
4,A,PREY,87,7223.129999999923,500,-31.925000000000193,5,2,99.844,17.11000000000021,2,26.2
4,A,PREY,88,448.9700000000003,41,-31.925000000000193,6,2,100.0,83.6624999999999,1,26.2
4,A,PREY,89,8302.859999999908,500,-31.925000000000193,7,1,100.0,9.400000000000437,0,26.2
4,A,PREY,90,7822.979999999917,500,-31.925000000000193,6,1,99.955,16.700000000000365,1,26.2
4,A,PREY,91,8262.869999999906,500,-31.925000000000193,7,2,100.0,7.450000000000278,0,26.2
4,A,PREY,92,7183.139999999931,500,-31.925000000000193,6,2,100.0,21.96999999999996,1,26.2
4,A,PREY,93,54.16999999999992,31,-31.925000000000193,6,2,100.0,85.37999999999991,1,26.2
4,A,PREY,94,2499.5899999999983,176,-31.925000000000193,2,2,100.0,94.09249999999946,5,26.2
4,A,PREY,95,8942.699999999903,500,-31.925000000000193,6,2,100.0,15.150000000000135,1,26.2
4,A,PREY,96,8662.769999999913,500,-31.925000000000193,7,2,100.0,13.600000000000238,0,26.2
4,A,PREY,97,7862.969999999919,500,-31.925000000000193,6,2,100.0,12.600000000000337,1,26.2
4,A,PREY,98,8182.889999999915,500,-31.925000000000193,6,2,100.0,18.75000000000012,1,26.2
4,A,PREY,99,8182.889999999919,500,-31.925000000000193,7,2,99.90571428571427,19.000000000000025,0,26.2
4,A,PREY,100,8542.79999999991,500,-31.925000000000193,6,2,100.0,20.250000000000117,1,26.2
4,A,PREY,101,7982.939999999922,500,-31.925000000000193,7,2,100.0,14.800000000000122,0,26.2
4,A,PREY,102,3167.6899999999955,199,-31.925000000000193,5,2,99.946,59.87000000000003,2,26.2
4,A,PREY,103,7623.029999999926,500,-31.925000000000193,6,2,99.82,25.199999999999896,1,26.2
4,A,PREY,104,8382.83999999991,500,-31.925000000000193,6,2,99.91000000000001,16.030000000000246,1,26.2
4,A,PREY,105,9022.6799999999,500,-31.925000000000193,7,2,99.92285714285715,9.100000000000115,0,26.2
4,A,PREY,106,28.460000000000008,3,-31.925000000000193,6,2,100.0,91.87,1,26.2
4,A,PREY,107,2950.6999999999953,154,-31.925000000000193,5,2,100.0,79.2599999999996,2,26.2
4,A,PREY,108,8142.8999999999205,500,-31.925000000000193,5,2,99.892,18.100000000000076,2,26.2
4,A,PREY,109,8902.709999999903,500,-31.925000000000193,7,1,100.0,4.900000000000311,0,26.2
4,A,PREY,110,8542.799999999914,500,-31.925000000000193,4,2,99.79749999999999,33.499999999999986,3,26.2
4,A,PREY,111,9262.6199999999,500,-31.925000000000193,6,2,100.0,13.350000000000398,1,26.2
4,A,PREY,112,7742.999999999925,500,-31.925000000000193,6,2,99.955,19.090000000000156,1,26.2
4,A,PREY,113,2210.7800000000007,115,-31.925000000000193,5,2,100.0,79.2262499999996,2,26.2
4,A,PREY,114,9262.6199999999,500,-31.925000000000193,7,2,100.0,10.000000000000147,0,26.2
4,A,PREY,115,8182.889999999921,500,-31.925000000000193,5,2,99.946,22.51000000000012,2,26.2
4,A,PREY,116,9662.519999999895,500,-31.925000000000193,6,2,100.0,16.36000000000021,1,26.2
4,A,PREY,117,8102.90999999992,500,-31.925000000000193,7,2,99.94428571428571,14.500000000000242,0,26.2
4,A,PREY,118,9102.659999999913,500,-31.925000000000193,7,2,100.0,20.64999999999995,0,26.2
4,A,PREY,119,50.599999999999945,38,-31.925000000000193,6,2,100.0,81.3337499999999,1,26.2
4,A,PREY,120,9902.459999999897,500,-31.925000000000193,6,2,100.0,10.650000000000247,1,26.2
4,A,PREY,121,8742.749999999916,500,-31.925000000000193,6,2,99.955,10.3500000000004,1,26.2
4,A,PREY,122,7387.589999999914,500,-31.925000000000193,338,2,97.67902366863895,8.500000000000453,0,26.2
4,A,PREY,123,10062.419999999896,500,-31.925000000000193,5,2,99.976,18.060000000000343,2,26.2
4,A,PREY,124,8622.77999999991,500,-31.925000000000193,7,2,100.0,14.500000000000203,0,26.2
4,A,PREY,125,9422.579999999913,500,-31.925000000000193,7,1,100.0,13.900000000000187,0,26.2
4,A,PREY,126,8942.699999999915,500,-31.925000000000193,7,2,99.96142857142857,13.00000000000028,0,26.2
4,A,PREY,127,9902.459999999894,500,-31.925000000000193,7,2,99.80714285714285,10.000000000000322,0,26.2
4,A,PREY,128,9222.629999999901,500,-31.925000000000193,6,2,100.0,22.350000000000268,1,26.2
4,A,PREY,129,9422.579999999907,500,-31.925000000000193,5,2,100.0,31.550000000000303,2,26.2
4,A,PREY,130,209.03000000000003,41,-31.925000000000193,6,2,100.0,83.88999999999996,1,26.2
4,A,PREY,131,9742.499999999898,500,-31.925000000000193,7,2,99.96142857142857,15.10000000000012,0,26.2
4,A,PREY,132,10542.299999999888,500,-31.925000000000193,4,2,100.0,37.509999999999664,3,26.2
4,A,PREY,133,9542.54999999991,500,-31.925000000000193,6,2,100.0,24.599999999999966,1,26.2
4,A,PREY,134,5427.94999999997,315,-31.925000000000193,6,2,100.0,35.95125000000031,1,26.2
4,A,PREY,135,10222.379999999892,500,-31.925000000000193,7,2,100.0,9.550000000000487,0,26.2
4,A,PREY,136,9662.519999999908,500,-31.925000000000193,7,2,99.88428571428571,15.400000000000155,0,26.2
4,A,PREY,137,145.37000000000003,9,-31.925000000000193,6,2,100.0,90.60999999999999,1,26.2
4,A,PREY,138,3387.529999999996,160,-31.925000000000193,4,2,100.0,79.79624999999966,3,26.2
4,A,PREY,139,11981.93999999988,500,-31.925000000000193,6,2,99.96,17.380000000000148,1,26.2
4,A,PREY,140,6720.259999999913,500,-31.925000000000193,338,2,99.90414201183434,50.24999999999994,23,26.2
4,A,PREY,141,10702.259999999891,500,-31.925000000000193,6,2,99.955,16.650000000000297,1,26.2
4,A,PREY,142,2511.8299999999913,152,-31.925000000000193,337,2,89.09356083086053,73.78000000000003,8,26.2
4,A,PREY,143,10622.279999999893,500,-31.925000000000193,4,2,99.97,30.440000000000296,3,26.2
4,A,PREY,144,1708.250000000001,81,-31.925000000000193,5,2,100.0,80.81999999999978,2,26.2
4,A,PREY,145,5680.129999999968,291,-31.925000000000193,4,2,100.0,63.22249999999961,3,26.2
4,A,PREY,146,11821.979999999881,500,-31.925000000000193,5,2,100.0,18.350000000000293,2,26.2
4,A,PREY,147,9062.669999999915,500,-31.925000000000193,6,2,100.0,8.29000000000041,1,26.2
4,A,PREY,148,1952.9700000000012,152,-31.925000000000193,332,2,70.92472891566266,70.78000000000014,8,26.2
4,A,PREY,149,9062.669999999918,500,-31.925000000000193,5,2,100.0,24.50000000000012,2,26.2
4,A,PREY,150,10182.389999999898,500,-31.925000000000193,7,2,99.96142857142857,16.750000000000135,0,26.2
4,A,PREY,151,340.7300000000002,18,-31.925000000000193,6,2,100.0,89.01999999999998,1,26.2
4,A,PREY,152,10862.219999999885,500,-31.925000000000193,3,2,100.0,30.720000000000056,4,26.2
4,A,PREY,153,10782.239999999898,500,-31.925000000000193,6,2,100.0,12.750000000000275,1,26.2
4,A,PREY,154,9782.489999999903,500,-31.925000000000193,6,2,99.735,21.460000000000015,1,26.2
4,A,PREY,155,11741.999999999884,500,-31.925000000000193,5,2,99.838,19.85000000000007,2,26.2
4,A,PREY,156,11582.03999999988,500,-31.925000000000193,7,2,100.0,19.150000000000034,0,26.2
4,A,PREY,157,10062.419999999904,500,-31.925000000000193,6,2,99.955,21.15000000000003,1,26.2
4,A,PREY,158,12061.91999999988,500,-31.925000000000193,4,2,99.9325,36.96000000000005,3,26.2
4,A,PREY,159,11781.98999999988,500,-31.925000000000193,7,2,100.0,9.550000000000221,0,26.2
4,A,PREY,160,10502.309999999901,500,-31.925000000000193,6,2,100.0,19.200000000000163,1,26.2
4,A,PREY,161,11741.999999999887,500,-31.925000000000193,7,2,99.92285714285715,6.70000000000045,0,26.2
4,A,PREY,162,11702.009999999878,500,-31.925000000000193,5,2,100.0,11.290000000000372,2,26.2
4,A,PREY,163,10022.429999999904,500,-31.925000000000193,7,2,100.0,8.05000000000038,0,26.2
4,A,PREY,164,27.95000000000001,4,-31.925000000000193,6,2,99.955,91.66,1,26.2
4,A,PREY,165,10142.399999999903,500,-31.925000000000193,5,2,100.0,27.179999999999875,2,26.2
4,A,PREY,166,10622.279999999897,500,-31.925000000000193,7,2,99.92285714285715,6.700000000000468,0,26.2
4,A,PREY,167,12021.929999999878,500,-31.925000000000193,7,2,99.96142857142857,10.000000000000272,0,26.2
4,A,PREY,168,9582.539999999908,500,-31.925000000000193,7,1,99.88428571428571,4.600000000000447,0,26.2
4,A,PREY,169,9624.529999999893,500,-31.925000000000193,338,2,94.04393491124257,9.2500000000001,0,26.2
4,A,PREY,170,11102.15999999989,500,-31.925000000000193,5,2,99.78399999999999,30.649999999999736,2,26.2
4,A,PREY,171,4731.889999999985,190,-31.925000000000193,4,2,100.0,78.99999999999977,3,26.2
4,A,PREY,172,10982.189999999895,500,-31.925000000000193,6,2,100.0,23.769999999999925,1,26.2
4,A,PREY,173,10902.209999999894,500,-31.925000000000193,5,2,100.0,22.33000000000017,2,26.2
4,A,PREY,174,65.90000000000002,8,-31.925000000000193,6,2,100.0,91.71999999999998,1,26.2
4,A,PREY,175,2156.720000000001,221,-31.925000000000193,4,2,100.0,70.09000000000019,3,26.2
4,A,PREY,176,10422.329999999904,500,-31.925000000000193,4,2,100.0,31.229999999999976,3,26.2
4,A,PREY,177,12861.719999999874,500,-31.925000000000193,6,1,99.955,27.200000000000614,1,26.2
4,A,PREY,178,11662.019999999882,500,-31.925000000000193,6,1,100.0,41.79999999999921,1,26.2
4,A,PREY,179,10102.409999999905,500,-31.925000000000193,7,2,99.84571428571428,5.65000000000046,0,26.2
4,A,PREY,180,13021.679999999875,500,-31.925000000000193,6,2,99.955,16.500000000000277,1,26.2
4,A,PREY,181,4966.729999999982,200,-31.925000000000193,4,2,100.0,66.29624999999987,3,26.2
4,A,PREY,182,12261.869999999879,500,-31.925000000000193,6,2,99.955,21.879999999999978,1,26.2
4,A,PREY,183,11981.939999999879,500,-31.925000000000193,3,2,99.91000000000001,23.426250000000227,4,26.2
4,A,PREY,184,12341.849999999877,500,-31.925000000000193,7,2,99.96142857142857,11.35000000000036,0,26.2
4,A,PREY,185,12141.899999999878,500,-31.925000000000193,7,2,99.84571428571428,14.500000000000233,0,26.2
4,A,PREY,186,12141.89999999988,500,-31.925000000000193,4,2,99.9325,33.21624999999965,3,26.2
4,A,PREY,187,655.0400000000003,29,-31.925000000000193,6,2,100.0,85.91999999999994,1,26.2
4,A,PREY,188,10542.299999999905,500,-31.925000000000193,5,2,100.0,25.57000000000027,2,26.2
4,A,PREY,189,11662.019999999893,500,-31.925000000000193,7,2,100.0,12.85000000000027,0,26.2
4,A,PREY,190,11502.05999999989,500,-31.925000000000193,5,2,100.0,28.799999999999834,2,26.2
4,A,PREY,191,11142.14999999989,500,-31.925000000000193,6,2,99.91000000000001,13.540000000000342,1,26.2
4,A,PREY,192,12701.759999999873,500,-31.925000000000193,6,2,100.0,20.10000000000026,1,26.2
4,A,PREY,193,11022.179999999897,500,-31.925000000000193,7,2,100.0,11.800000000000276,0,26.2
4,A,PREY,194,66.92,6,-31.925000000000193,6,2,100.0,91.24,1,26.2
4,A,PREY,195,11821.979999999889,500,-31.925000000000193,3,2,99.82,41.529999999999376,4,26.2
4,A,PREY,196,12781.739999999874,500,-31.925000000000193,6,2,99.955,20.40000000000014,1,26.2
4,A,PREY,197,12661.769999999873,500,-31.925000000000193,338,2,98.56928994082837,48.370000000000104,10,26.2
4,A,PREY,198,54.6799999999999,30,-31.925000000000193,6,2,100.0,88.49624999999988,1,26.2
4,A,PREY,199,12421.829999999882,500,-31.925000000000193,6,2,100.0,18.580000000000194,1,26.2
4,A,PREY,200,11662.019999999891,500,-31.925000000000193,7,2,100.0,7.60000000000038,0,26.2
4,A,PREY,201,9586.5399999999,500,-31.925000000000193,338,3,98.7943786982248,63.68499999999995,29,26.2
4,A,PREY,202,3625.429999999999,164,-31.925000000000193,5,2,100.0,76.80999999999999,2,26.2
4,A,PREY,203,12461.819999999874,500,-31.925000000000193,7,2,100.0,9.25000000000021,0,26.2
4,A,PREY,204,12501.809999999881,500,-31.925000000000193,6,2,100.0,27.14999999999997,1,26.2
4,A,PREY,205,12181.889999999883,500,-31.925000000000193,7,2,99.96142857142857,18.70000000000004,0,26.2
4,A,PREY,206,13341.59999999987,500,-31.925000000000193,6,2,100.0,24.59999999999972,1,26.2
4,A,PREY,207,11502.059999999892,500,-31.925000000000193,6,2,99.955,21.129999999999978,1,26.2
4,A,PREY,208,13541.54999999987,500,-31.925000000000193,7,2,100.0,9.550000000000376,0,26.2
4,A,PREY,209,8103.9099999999125,500,-31.925000000000193,338,2,98.28038461538456,50.3199999999999,13,26.2
4,A,PREY,210,11542.049999999897,500,-31.925000000000193,4,2,100.0,33.2500000000002,3,26.2
4,A,PREY,211,13382.08999999987,500,-31.925000000000193,39,2,89.00794871794872,15.300000000000159,1,26.2
4,A,PREY,212,10784.23999999989,500,-31.925000000000193,338,2,99.06671597633132,31.550000000000033,2,26.2
4,A,PREY,213,2033.7800000000009,70,-31.925000000000193,6,2,100.0,70.34999999999997,1,26.2
4,A,PREY,214,11821.979999999887,500,-31.925000000000193,6,2,100.0,22.500000000000036,1,26.2
4,A,PREY,215,13301.609999999871,500,-31.925000000000193,5,2,100.0,18.399999999999874,2,26.2
4,A,PREY,216,12981.689999999877,500,-31.925000000000193,6,2,99.955,15.600000000000325,1,26.2
4,A,PREY,217,12744.74999999987,500,-31.925000000000193,338,2,96.60757396449692,21.95000000000033,2,26.2
4,A,PREY,218,11462.069999999898,500,-31.925000000000193,6,2,100.0,21.750000000000075,1,26.2
4,A,PREY,219,13141.649999999872,500,-31.925000000000193,7,1,99.96142857142857,20.200000000000006,0,26.2
4,A,PREY,220,14421.329999999864,500,-31.925000000000193,7,2,100.0,10.000000000000272,0,26.2
4,A,PREY,221,12741.749999999885,500,-31.925000000000193,7,2,100.0,14.800000000000214,0,26.2
4,A,PREY,222,12461.819999999885,500,-31.925000000000193,4,2,100.0,31.12999999999998,3,26.2
4,A,PREY,223,12861.71999999988,500,-31.925000000000193,338,2,99.86748520710059,14.650000000000082,0,26.2
4,A,PREY,224,11861.96999999989,500,-31.925000000000193,6,2,99.91000000000001,20.590000000000074,1,26.2
4,A,PREY,225,2188.640000000001,80,-31.925000000000193,6,2,100.0,73.64999999999988,1,26.2
4,A,PREY,226,12781.739999999876,500,-31.925000000000193,7,2,100.0,14.950000000000234,0,26.2
4,A,PREY,227,12581.789999999879,500,-31.925000000000193,5,2,99.946,26.716249999999857,2,26.2
4,A,PREY,228,14141.399999999865,500,-31.925000000000193,5,2,100.0,24.72000000000021,2,26.2
4,A,PREY,229,12541.799999999888,500,-31.925000000000193,5,2,100.0,32.07000000000029,2,26.2
4,A,PREY,230,25.910000000000018,8,-31.925000000000193,6,2,100.0,90.82,1,26.2
4,A,PREY,231,13221.629999999876,500,-31.925000000000193,338,2,87.55618343195262,61.74000000000028,43,26.2
4,A,PREY,232,23.870000000000026,12,-31.925000000000193,6,2,100.0,89.97999999999999,1,26.2
4,A,PREY,233,11382.089999999887,500,-31.925000000000193,338,2,99.9131952662722,51.29999999999955,13,26.2
4,A,PREY,234,11981.939999999895,500,-31.925000000000193,7,2,100.0,9.100000000000335,0,26.2
4,A,PREY,235,13541.54999999987,500,-31.925000000000193,5,2,99.838,29.339999999999836,2,26.2
4,A,PREY,236,14181.389999999863,500,-31.925000000000193,6,2,100.0,18.000000000000686,1,26.2
4,A,PREY,237,12741.749999999885,500,-31.925000000000193,5,2,100.0,24.42000000000003,2,26.2
4,A,PREY,238,13221.629999999877,500,-31.925000000000193,6,2,100.0,23.55000000000051,1,26.2
4,A,PREY,239,13301.609999999873,500,-31.925000000000193,6,2,100.0,23.589999999999954,1,26.2
4,A,PREY,240,14061.419999999871,500,-31.925000000000193,7,2,100.0,15.550000000000185,0,26.2
4,A,PREY,241,13301.609999999875,500,-31.925000000000193,7,2,100.0,16.600000000000147,0,26.2
4,A,PREY,242,13261.619999999877,500,-31.925000000000193,6,2,100.0,23.25000000000005,1,26.2
4,A,PREY,243,55.69999999999998,28,-31.925000000000193,6,2,100.0,85.50374999999994,1,26.2
4,A,PREY,244,14301.359999999864,500,-31.925000000000193,6,2,100.0,16.84000000000015,1,26.2
4,A,PREY,245,9863.469999999897,500,-31.925000000000193,338,2,99.95340236686391,22.10000000000025,2,26.2
4,A,PREY,246,11502.059999999896,500,-31.925000000000193,7,2,99.96142857142857,12.400000000000297,0,26.2
4,A,PREY,247,14661.26999999986,500,-31.925000000000193,7,1,100.0,13.000000000000169,0,26.2
4,A,PREY,248,13581.53999999987,500,-31.925000000000193,5,2,100.0,18.780000000000257,2,26.2
4,A,PREY,249,13501.559999999874,500,-31.925000000000193,6,2,99.955,19.18000000000011,1,26.2
4,A,PREY,250,14941.199999999859,500,-31.925000000000193,3,2,100.0,42.969999999999885,4,26.2
4,A,PREY,251,13541.549999999877,500,-31.925000000000193,7,2,99.96142857142857,7.750000000000276,0,26.2
4,A,PREY,252,14141.399999999865,500,-31.925000000000193,5,2,100.0,19.440000000000516,2,26.2
4,A,PREY,253,551.6,75,-31.925000000000193,6,2,100.0,73.16624999999988,1,26.2
4,A,PREY,254,421.2200000000002,17,-31.925000000000193,5,2,100.0,97.89999999999999,2,26.2
4,A,PREY,255,59.270000000000024,21,-31.925000000000193,6,2,100.0,88.08999999999997,1,26.2
4,A,PREY,256,8782.739999999938,500,-31.925000000000193,7,2,100.0,7.7500000000003055,0,26.2
4,A,PREY,257,15141.149999999856,500,-31.925000000000193,6,2,100.0,21.300000000000203,1,26.2
4,A,PREY,258,15301.10999999986,500,-31.925000000000193,7,2,100.0,19.150000000000055,0,26.2
4,A,PREY,259,14821.229999999863,500,-31.925000000000193,7,2,100.0,15.700000000000172,0,26.2
4,A,PREY,260,13621.529999999875,500,-31.925000000000193,7,2,100.0,12.100000000000238,0,26.2
4,A,PREY,261,67.43,5,-31.925000000000193,6,2,100.0,91.44999999999999,1,26.2
4,A,PREY,262,14381.339999999867,500,-31.925000000000193,5,2,99.946,16.20000000000033,2,26.2
4,A,PREY,263,1604.0900000000006,50,-31.925000000000193,6,2,100.0,80.08499999999988,1,26.2
4,A,PREY,264,14741.249999999862,500,-31.925000000000193,338,2,89.69585798816566,12.94000000000006,2,26.2
4,A,PREY,265,13661.519999999875,500,-31.925000000000193,6,2,99.865,22.119999999999994,1,26.2
4,A,PREY,266,14541.299999999865,500,-31.925000000000193,5,2,100.0,31.399999999999967,2,26.2
4,A,PREY,267,13381.589999999882,500,-31.925000000000193,5,2,99.946,30.349999999999838,2,26.2
4,A,PREY,268,13981.439999999871,500,-31.925000000000193,7,1,99.98285714285714,11.800000000000411,0,26.2
4,A,PREY,269,14981.189999999859,500,-31.925000000000193,7,2,100.0,13.45000000000016,0,26.2
4,A,PREY,270,3737.749999999998,179,-31.925000000000193,6,2,100.0,59.82000000000002,1,26.2
4,A,PREY,271,12541.79999999989,500,-31.925000000000193,7,2,99.98285714285714,14.95000000000024,0,26.2
4,A,PREY,272,14901.20999999986,500,-31.925000000000193,6,2,100.0,17.55000000000025,1,26.2
4,A,PREY,273,14701.259999999871,500,-31.925000000000193,7,2,100.0,13.600000000000264,0,26.2
4,A,PREY,274,14141.39999999987,500,-31.925000000000193,5,1,100.0,23.38000000000021,2,26.2
4,A,PREY,275,9983.439999999919,500,-31.925000000000193,338,2,99.95189349112425,10.90000000000026,0,26.2
4,A,PREY,276,15501.059999999856,500,-31.925000000000193,5,2,100.0,34.34624999999991,2,26.2
4,A,PREY,277,14741.249999999864,500,-31.925000000000193,4,2,99.9325,34.279999999999674,3,26.2
4,A,PREY,278,14381.33999999987,500,-31.925000000000193,7,2,100.0,13.900000000000256,0,26.2
4,A,PREY,279,14101.409999999873,500,-31.925000000000193,5,2,100.0,16.92000000000035,2,26.2
4,A,PREY,280,15021.179999999864,500,-31.925000000000193,6,2,100.0,23.25000000000049,1,26.2
4,A,PREY,281,15101.159999999863,500,-31.925000000000193,7,2,100.0,9.2500000000003,0,26.2
4,A,PREY,282,14581.289999999868,500,-31.925000000000193,6,2,100.0,12.45000000000024,1,26.2
4,A,PREY,283,14021.429999999871,500,-31.925000000000193,5,2,100.0,27.50999999999967,2,26.2
4,A,PREY,284,12661.769999999891,500,-31.925000000000193,7,2,100.0,17.50000000000011,0,26.2
4,A,PREY,285,14741.249999999864,500,-31.925000000000193,5,2,100.0,26.02000000000007,2,26.2
4,A,PREY,286,14861.219999999863,500,-31.925000000000193,5,2,99.892,28.59999999999983,2,26.2
4,A,PREY,287,15221.129999999857,500,-31.925000000000193,6,2,100.0,17.10000000000036,1,26.2
4,A,PREY,288,14181.389999999874,500,-31.925000000000193,5,2,100.0,22.699999999999925,2,26.2
4,A,PREY,289,14421.329999999869,500,-31.925000000000193,7,2,100.0,15.100000000000167,0,26.2
4,A,PREY,290,14821.229999999867,500,-31.925000000000193,7,2,100.0,9.700000000000406,0,26.2
4,A,PREY,291,14781.239999999865,500,-31.925000000000193,6,2,100.0,12.750000000000256,1,26.2
4,A,PREY,292,14541.299999999868,500,-31.925000000000193,7,2,100.0,7.600000000000236,0,26.2
4,A,PREY,293,14501.309999999867,500,-31.925000000000193,7,1,100.0,1.6000000000004153,0,26.2
4,A,PREY,294,10063.419999999893,500,-31.925000000000193,338,2,98.8373964497041,72.54999999999973,19,26.2
4,A,PREY,295,10822.229999999916,500,-31.925000000000193,5,2,99.89200000000001,22.516250000000166,2,26.2
4,A,PREY,296,15701.009999999853,500,-31.925000000000193,5,2,99.946,22.850000000000044,2,26.2
4,A,PREY,297,15820.979999999854,500,-31.925000000000193,6,2,100.0,13.05000000000018,1,26.2
4,A,PREY,298,13781.489999999874,500,-31.925000000000193,5,2,100.0,29.600000000000215,2,26.2
4,A,PREY,299,13821.479999999874,500,-31.925000000000193,7,2,100.0,9.550000000000423,0,26.2
4,A,PREY,300,4775.449999999991,183,-31.925000000000193,6,2,100.0,59.63999999999992,1,26.2
4,A,PREY,301,13781.48999999988,500,-31.925000000000193,7,2,100.0,12.400000000000293,0,26.2
4,A,PREY,302,15980.939999999853,500,-31.925000000000193,6,2,100.0,17.700000000000184,1,26.2
4,A,PREY,303,10147.399999999889,500,-31.925000000000193,338,2,98.64565088757391,13.350000000000385,1,26.2
4,A,PREY,304,61.30999999999995,17,-31.925000000000193,6,2,100.0,88.92999999999998,1,26.2
4,A,PREY,305,15900.959999999852,500,-31.925000000000193,5,2,99.946,26.30000000000018,2,26.2
4,A,PREY,306,15621.029999999855,500,-31.925000000000193,6,2,99.91000000000001,10.35000000000036,1,26.2
4,A,PREY,307,15581.039999999855,500,-31.925000000000193,6,2,100.0,20.700000000000095,1,26.2
4,A,PREY,308,14021.429999999877,500,-31.925000000000193,7,2,99.98285714285714,4.600000000000453,0,26.2
4,A,PREY,309,14461.31999999987,500,-31.925000000000193,7,1,99.98285714285714,17.800000000000114,0,26.2
4,A,PREY,310,15940.949999999853,500,-31.925000000000193,6,2,100.0,24.450000000000273,1,26.2
4,A,PREY,311,14341.349999999871,500,-31.925000000000193,4,2,100.0,40.59999999999975,3,26.2
4,A,PREY,312,14701.259999999867,500,-31.925000000000193,6,2,100.0,19.950000000000045,1,26.2
4,A,PREY,313,14861.219999999867,500,-31.925000000000193,7,2,99.96142857142857,7.300000000000493,0,26.2
4,A,PREY,314,29.480000000000004,1,-31.925000000000193,6,2,100.0,92.28999999999999,1,26.2
4,A,PREY,315,15661.019999999859,500,-31.925000000000193,5,2,99.946,17.49000000000023,2,26.2
4,A,PREY,316,12187.489999999898,391,-31.925000000000193,6,2,99.955,34.38000000000008,1,26.2
4,A,PREY,317,43.970000000000006,51,-31.925000000000193,6,2,100.0,83.51249999999983,1,26.2
4,A,PREY,318,15621.029999999855,500,-31.925000000000193,76,2,83.18539473684211,12.300000000000244,1,26.2
4,A,PREY,319,12262.369999999899,401,-31.925000000000193,3,2,100.0,46.79999999999984,4,26.2
4,A,PREY,320,15181.139999999863,500,-31.925000000000193,7,2,100.0,19.75000000000003,0,26.2
4,A,PREY,321,14941.199999999862,500,-31.925000000000193,7,2,100.0,17.6500000000001,0,26.2
4,A,PREY,322,15221.129999999863,500,-31.925000000000193,6,2,100.0,22.95000000000052,1,26.2
4,A,PREY,323,15221.129999999863,500,-31.925000000000193,5,2,100.0,16.980000000000246,2,26.2
4,A,PREY,324,15341.099999999862,500,-31.925000000000193,7,2,100.0,6.700000000000416,0,26.2
4,A,PREY,325,14342.849999999866,500,-31.925000000000193,338,2,95.33576923076919,15.850000000000174,0,26.2
4,A,PREY,326,15740.999999999854,500,-31.925000000000193,4,2,100.0,27.59999999999961,3,26.2
4,A,PREY,327,14101.40999999987,500,-31.925000000000193,6,2,100.0,18.750000000000135,1,26.2
4,A,PREY,328,209.03000000000003,41,-31.925000000000193,6,2,100.0,80.42999999999992,1,26.2
4,A,PREY,329,10342.349999999922,500,-31.925000000000193,7,2,100.0,10.450000000000234,0,26.2
4,A,PREY,330,16980.68999999985,500,-31.925000000000193,4,2,100.0,21.990000000000304,3,26.2
4,A,PREY,331,16100.909999999853,500,-31.925000000000193,5,2,100.0,20.739999999999924,2,26.2
4,A,PREY,332,531.5000000000002,36,-31.925000000000193,6,2,100.0,85.52999999999992,1,26.2
4,A,PREY,333,26.930000000000014,6,-31.925000000000193,6,2,100.0,91.24,1,26.2
4,A,PREY,334,11182.139999999908,500,-31.925000000000193,6,2,100.0,13.650000000000324,1,26.2
4,A,PREY,335,776.0300000000003,27,-31.925000000000193,5,2,100.0,86.82999999999998,2,26.2
4,A,PREY,336,12741.749999999893,500,-31.925000000000193,7,2,99.96142857142857,15.250000000000146,0,26.2
4,A,PREY,337,16500.80999999985,500,-31.925000000000193,6,2,100.0,12.450000000000248,1,26.2
4,A,PREY,338,4553.8699999999935,147,-31.925000000000193,4,2,100.0,67.58999999999997,3,26.2
4,A,PREY,339,14341.349999999873,500,-31.925000000000193,6,2,100.0,25.3500000000001,1,26.2
4,A,PREY,340,16140.899999999852,500,-31.925000000000193,7,2,100.0,12.550000000000262,0,26.2
4,A,PREY,341,60.290000000000035,19,-31.925000000000193,6,2,100.0,88.65999999999998,1,26.2
4,A,PREY,342,11941.949999999904,500,-31.925000000000193,7,2,100.0,6.700000000000256,0,26.2
4,A,PREY,343,15701.009999999855,500,-31.925000000000193,5,2,100.0,22.250000000000206,2,26.2
4,A,PREY,344,15860.969999999856,500,-31.925000000000193,5,2,100.0,25.410000000000373,2,26.2
4,A,PREY,345,15780.989999999856,500,-31.925000000000193,6,2,99.935,15.300000000000336,1,26.2
4,A,PREY,346,7154.95999999996,222,-31.925000000000193,5,2,100.0,71.68000000000018,2,26.2
4,A,PREY,347,14941.199999999866,500,-31.925000000000193,6,2,100.0,25.6499999999995,1,26.2
4,A,PREY,348,16060.919999999856,500,-31.925000000000193,6,2,100.0,25.800000000000026,1,26.2
4,A,PREY,349,15701.00999999986,500,-31.925000000000193,7,2,100.0,6.550000000000368,0,26.2
4,A,PREY,350,16380.839999999855,500,-31.925000000000193,4,2,100.0,24.77999999999993,3,26.2
4,A,PREY,351,1318.0400000000006,62,-31.925000000000193,5,2,100.0,83.2299999999999,2,26.2
4,A,PREY,352,13621.529999999888,500,-31.925000000000193,7,2,100.0,11.650000000000365,0,26.2
4,A,PREY,353,16700.759999999857,500,-31.925000000000193,7,2,99.94428571428571,11.800000000000034,0,26.2
4,A,PREY,354,16260.86999999985,500,-31.925000000000193,7,1,99.96142857142857,8.800000000000502,0,26.2
4,A,PREY,355,14501.309999999872,500,-31.925000000000193,4,2,100.0,33.88999999999912,3,26.2
4,A,PREY,356,16020.929999999858,500,-31.925000000000193,5,2,100.0,17.730000000000203,2,26.2
4,A,PREY,357,15421.079999999858,500,-31.925000000000193,5,2,99.946,24.990000000000038,2,26.2
4,A,PREY,358,15860.96999999986,500,-31.925000000000193,7,2,100.0,7.300000000000406,0,26.2
4,A,PREY,359,15301.10999999986,500,-31.925000000000193,338,2,96.58600591715972,67.43999999999987,231,26.2
4,A,PREY,360,1909.730000000001,78,-31.925000000000193,4,2,100.0,87.39999999999995,3,26.2
4,A,PREY,361,8987.689999999935,500,-31.925000000000193,338,2,96.62721893491124,26.90000000000041,2,26.2
4,A,PREY,362,375.6200000000001,28,-31.925000000000193,5,2,100.0,86.61999999999998,2,26.2
4,A,PREY,363,14141.399999999881,500,-31.925000000000193,7,2,100.0,18.100000000000083,0,26.2
4,A,PREY,364,14150.399999999865,500,-31.925000000000193,338,2,98.66730769230766,14.200000000000212,0,26.2
4,A,PREY,365,8655.709999999945,259,-31.925000000000193,4,2,100.0,66.1699999999998,3,26.2
4,A,PREY,366,7121.599999999964,209,-31.925000000000193,3,2,100.0,76.65999999999988,4,26.2
4,A,PREY,367,17140.64999999985,500,-31.925000000000193,6,2,100.0,22.949999999999996,1,26.2
4,A,PREY,368,1213.8800000000003,31,-31.925000000000193,6,2,100.0,84.62999999999994,1,26.2
4,A,PREY,369,13261.619999999892,500,-31.925000000000193,5,2,100.0,25.04999999999994,2,26.2
4,A,PREY,370,7477.93999999996,216,-31.925000000000193,5,2,100.0,73.2899999999994,2,26.2
4,A,PREY,371,16900.709999999846,500,-31.925000000000193,7,2,100.0,15.100000000000172,0,26.2
4,A,PREY,372,17220.62999999986,500,-31.925000000000193,7,2,100.0,8.050000000000383,0,26.2
4,A,PREY,373,16180.889999999856,500,-31.925000000000193,6,2,99.98,6.820000000000415,1,26.2
4,A,PREY,374,16820.729999999858,500,-31.925000000000193,6,2,100.0,21.6000000000003,1,26.2
4,A,PREY,375,16780.739999999852,500,-31.925000000000193,5,2,100.0,21.800000000000168,2,26.2
4,A,PREY,376,136.19000000000003,27,-31.925000000000193,6,2,100.0,86.90999999999994,1,26.2
4,A,PREY,377,11901.959999999903,500,-31.925000000000193,7,2,100.0,17.500000000000078,0,26.2
4,A,PREY,378,17020.679999999855,500,-31.925000000000193,4,2,99.9325,40.370000000000246,3,26.2
4,A,PREY,379,16980.689999999853,500,-31.925000000000193,5,2,100.0,19.090000000000018,2,26.2
4,A,PREY,380,529.4600000000002,40,-31.925000000000193,6,2,100.0,83.9999999999999,1,26.2
4,A,PREY,381,11861.969999999908,500,-31.925000000000193,7,2,99.96142857142857,11.05000000000036,0,26.2
4,A,PREY,382,3536.06,104,-31.925000000000193,6,2,100.0,66.27000000000007,1,26.2
4,A,PREY,383,16940.69999999985,500,-31.925000000000193,6,2,100.0,12.000000000000313,1,26.2
4,A,PREY,384,17140.64999999985,500,-31.925000000000193,7,2,100.0,8.800000000000397,0,26.2
4,A,PREY,385,16740.74999999986,500,-31.925000000000193,5,1,100.0,46.80000000000049,2,26.2
4,A,PREY,386,16540.799999999854,500,-31.925000000000193,338,2,91.55198224852062,28.898750000000497,3,26.2
4,A,PREY,387,26.930000000000014,6,-31.925000000000193,6,2,100.0,91.24,1,26.2
4,A,PREY,388,16860.719999999856,500,-31.925000000000193,5,2,99.946,28.619999999999884,2,26.2
4,A,PREY,389,17660.51999999985,500,-31.925000000000193,6,2,100.0,10.90000000000024,1,26.2
4,A,PREY,390,12429.329999999878,500,-31.925000000000193,338,2,98.7300591715976,21.75000000000029,1,26.2
4,A,PREY,391,17340.599999999846,500,-31.925000000000193,338,2,95.10284023668635,3.4000000000004027,0,26.2
4,A,PREY,392,17820.47999999985,500,-31.925000000000193,6,2,100.0,24.600000000000048,1,26.2
4,A,PREY,393,17500.55999999985,500,-31.925000000000193,5,2,100.0,26.349999999999888,2,26.2
4,A,PREY,394,16700.759999999853,500,-31.925000000000193,6,2,100.0,13.050000000000223,1,26.2
4,A,PREY,395,16420.829999999853,500,-31.925000000000193,6,2,99.955,17.680000000000184,1,26.2
4,A,PREY,396,16380.839999999855,500,-31.925000000000193,4,2,100.0,30.160000000000156,3,26.2
4,A,PREY,397,16540.799999999857,500,-31.925000000000193,7,1,100.0,13.00000000000029,0,26.2
4,A,PREY,398,135.68000000000004,28,-31.925000000000193,6,2,100.0,87.98999999999992,1,26.2
4,A,PREY,399,11702.009999999911,500,-31.925000000000193,6,2,100.0,23.999999999999993,1,26.2
4,A,PREY,400,17180.63999999985,500,-31.925000000000193,7,2,100.0,10.300000000000118,0,26.2
4,A,PREY,401,17100.659999999854,500,-31.925000000000193,4,2,100.0,30.369999999999536,3,26.2
4,A,PREY,402,17420.579999999845,500,-31.925000000000193,5,1,100.0,36.25999999999966,2,26.2
4,A,PREY,403,17420.57999999985,500,-31.925000000000193,6,2,100.0,21.300000000000075,1,26.2
4,A,PREY,404,16820.729999999854,500,-31.925000000000193,4,2,100.0,34.119999999999756,3,26.2
4,A,PREY,405,16020.929999999858,500,-31.925000000000193,7,2,100.0,6.400000000000386,0,26.2
4,A,PREY,406,16420.829999999856,500,-31.925000000000193,6,2,100.0,20.10000000000007,1,26.2
4,A,PREY,407,16300.859999999855,500,-31.925000000000193,5,2,100.0,26.849999999999987,2,26.2
4,A,PREY,408,16620.779999999857,500,-31.925000000000193,6,2,100.0,21.600000000000083,1,26.2
4,A,PREY,409,16500.809999999856,500,-31.925000000000193,5,2,100.0,22.300000000000146,2,26.2
4,A,PREY,410,691.4600000000003,36,-31.925000000000193,6,2,100.0,82.52999999999994,1,26.2
4,A,PREY,411,41.92999999999992,55,-31.925000000000193,5,2,100.0,81.09999999999997,2,26.2
4,A,PREY,412,14901.209999999874,500,-31.925000000000193,5,2,100.0,30.19999999999967,2,26.2
4,A,PREY,413,17380.589999999847,500,-31.925000000000193,6,2,100.0,25.269999999999946,1,26.2
4,A,PREY,414,17700.509999999853,500,-31.925000000000193,7,2,100.0,11.650000000000082,0,26.2
4,A,PREY,415,17220.629999999852,500,-31.925000000000193,5,2,100.0,25.659999999999965,2,26.2
4,A,PREY,416,16900.70999999985,500,-31.925000000000193,5,2,100.0,16.390000000000203,2,26.2
4,A,PREY,417,17180.639999999854,500,-31.925000000000193,7,2,100.0,7.300000000000483,0,26.2
4,A,PREY,418,22.85000000000003,14,-31.925000000000193,6,2,100.0,89.55999999999999,1,26.2
4,A,PREY,419,17500.55999999985,500,-31.925000000000193,6,1,100.0,14.600000000000339,1,26.2
4,A,PREY,420,16940.69999999985,500,-31.925000000000193,7,2,99.96142857142857,18.40000000000007,0,26.2
4,A,PREY,421,658.6100000000002,22,-31.925000000000193,6,2,100.0,89.97999999999996,1,26.2
4,A,PREY,422,17900.45999999985,500,-31.925000000000193,7,2,100.0,14.050000000000189,0,26.2
4,A,PREY,423,16460.819999999854,500,-31.925000000000193,6,1,100.0,17.600000000000325,1,26.2
4,A,PREY,424,16740.749999999854,500,-31.925000000000193,7,2,100.0,12.55000000000022,0,26.2
4,A,PREY,425,16980.689999999853,500,-31.925000000000193,6,2,100.0,15.450000000000387,1,26.2
4,A,PREY,426,16460.819999999858,500,-31.925000000000193,6,2,99.955,15.750000000000265,1,26.2
4,A,PREY,427,17020.679999999855,500,-31.925000000000193,5,2,100.0,23.58000000000009,2,26.2
4,A,PREY,428,15980.939999999859,500,-31.925000000000193,6,2,100.0,21.909999999999947,1,26.2
4,A,PREY,429,881.7200000000004,55,-31.925000000000193,6,2,100.0,77.84999999999988,1,26.2
4,A,PREY,430,12181.889999999907,500,-31.925000000000193,6,1,99.955,27.199999999999907,1,26.2
4,A,PREY,431,463.76000000000016,12,-31.925000000000193,6,2,100.0,89.97999999999999,1,26.2
4,A,PREY,432,17380.58999999985,500,-31.925000000000193,6,2,100.0,13.360000000000309,1,26.2
4,A,PREY,433,17540.54999999985,500,-31.925000000000193,7,2,100.0,17.0500000000001,0,26.2
4,A,PREY,434,17420.579999999853,500,-31.925000000000193,7,2,100.0,19.45000000000003,0,26.2
4,A,PREY,435,17780.48999999985,500,-31.925000000000193,5,2,100.0,18.050000000000175,2,26.2
4,A,PREY,436,17860.469999999852,500,-31.925000000000193,7,2,100.0,18.550000000000068,0,26.2
4,A,PREY,437,16780.73999999985,500,-31.925000000000193,5,2,100.0,28.400000000000322,2,26.2
4,A,PREY,438,16740.749999999858,500,-31.925000000000193,5,2,100.0,34.69999999999948,2,26.2
4,A,PREY,439,16660.769999999855,500,-31.925000000000193,5,2,100.0,26.049999999999905,2,26.2
4,A,PREY,440,17500.55999999985,500,-31.925000000000193,6,2,100.0,14.100000000000177,1,26.2
4,A,PREY,441,17340.599999999853,500,-31.925000000000193,2,2,100.0,41.9899999999993,5,26.2
4,A,PREY,442,967.3100000000004,44,-31.925000000000193,6,2,100.0,79.16999999999993,1,26.2
4,A,PREY,443,12421.829999999904,500,-31.925000000000193,4,2,100.0,28.219999999999814,3,26.2
4,A,PREY,444,17700.509999999853,500,-31.925000000000193,6,2,100.0,28.500000000000302,1,26.2
4,A,PREY,445,17540.54999999985,500,-31.925000000000193,7,2,100.0,7.300000000000164,0,26.2
4,A,PREY,446,1760.4800000000007,57,-31.925000000000193,6,2,100.0,79.10999999999986,1,26.2
4,A,PREY,447,56.71999999999992,26,-31.925000000000193,6,2,100.0,87.47999999999992,1,26.2
4,A,PREY,448,11223.129999999921,500,-31.925000000000193,338,2,99.31860946745559,17.400000000000365,1,26.2
4,A,PREY,449,17460.56999999985,500,-31.925000000000193,7,2,100.0,18.700000000000024,0,26.2
4,A,PREY,450,18260.369999999843,500,-31.925000000000193,7,2,99.96142857142857,13.750000000000256,0,26.2
4,A,PREY,451,18340.34999999984,500,-31.925000000000193,6,2,99.955,21.300000000000487,1,26.2
4,A,PREY,452,18100.409999999847,500,-31.925000000000193,3,2,100.0,40.929999999999694,4,26.2
4,A,PREY,453,17340.599999999857,500,-31.925000000000193,7,2,100.0,13.150000000000134,0,26.2
4,A,PREY,454,17060.669999999856,500,-31.925000000000193,7,2,100.0,7.000000000000262,0,26.2
4,A,PREY,455,17380.58999999985,500,-31.925000000000193,6,2,100.0,11.800000000000336,1,26.2
4,A,PREY,456,17100.659999999854,500,-31.925000000000193,7,2,100.0,12.250000000000338,0,26.2
4,A,PREY,457,17660.51999999985,500,-31.925000000000193,3,2,100.0,45.59999999999934,4,26.2
4,A,PREY,458,16900.70999999985,500,-31.925000000000193,6,2,100.0,19.86999999999999,1,26.2
4,A,PREY,459,17300.60999999986,500,-31.925000000000193,7,2,99.96142857142857,11.35000000000029,0,26.2
4,A,PREY,460,17980.439999999846,500,-31.925000000000193,6,2,100.0,17.550000000000225,1,26.2
4,A,PREY,461,16860.719999999856,500,-31.925000000000193,6,2,100.0,19.720000000000162,1,26.2
4,A,PREY,462,17140.649999999856,500,-31.925000000000193,7,2,100.0,19.150000000000023,0,26.2
4,A,PREY,463,177.71000000000004,24,-31.925000000000193,6,2,100.0,87.45999999999998,1,26.2
4,A,PREY,464,13021.679999999897,500,-31.925000000000193,7,2,100.0,2.6500000000002073,0,26.2
4,A,PREY,465,17980.439999999853,500,-31.925000000000193,5,2,100.0,32.69999999999984,2,26.2
4,A,PREY,466,304.8200000000001,10,-31.925000000000193,6,2,100.0,90.69999999999999,1,26.2
4,A,PREY,467,17740.499999999844,500,-31.925000000000193,7,2,100.0,15.1000000000002,0,26.2
4,A,PREY,468,17260.619999999846,500,-31.925000000000193,6,2,100.0,11.100000000000254,1,26.2
4,A,PREY,469,17540.54999999985,500,-31.925000000000193,6,2,100.0,22.04999999999995,1,26.2
4,A,PREY,470,17340.59999999985,500,-31.925000000000193,6,2,100.0,13.570000000000288,1,26.2
4,A,PREY,471,17820.47999999985,500,-31.925000000000193,6,2,100.0,17.250000000000234,1,26.2
4,A,PREY,472,17780.489999999845,500,-31.925000000000193,7,2,100.0,6.1000000000002395,0,26.2
4,A,PREY,473,17660.51999999985,500,-31.925000000000193,5,2,100.0,29.00999999999961,2,26.2
4,A,PREY,474,178.22000000000003,23,-31.925000000000193,6,2,100.0,87.66999999999999,1,26.2
4,A,PREY,475,11781.989999999912,500,-31.925000000000193,6,2,100.0,7.8400000000002885,1,26.2
4,A,PREY,476,18180.389999999847,500,-31.925000000000193,7,2,100.0,12.700000000000164,0,26.2
4,A,PREY,477,423.77000000000015,12,-31.925000000000193,6,2,100.0,89.97999999999999,1,26.2
4,A,PREY,478,17900.45999999985,500,-31.925000000000193,6,2,100.0,12.450000000000422,1,26.2
4,A,PREY,479,739.1000000000003,21,-31.925000000000193,6,2,100.0,88.68999999999997,1,26.2
4,A,PREY,480,13941.449999999888,500,-31.925000000000193,7,2,100.0,12.400000000000169,0,26.2
4,A,PREY,481,18100.40999999986,500,-31.925000000000193,5,2,100.0,23.050000000000118,2,26.2
4,A,PREY,482,18180.389999999847,500,-31.925000000000193,7,2,100.0,3.400000000000302,0,26.2
4,A,PREY,483,18420.329999999845,500,-31.925000000000193,6,2,100.0,19.050000000000345,1,26.2
4,A,PREY,484,18100.409999999843,500,-31.925000000000193,7,2,100.0,17.35,0,26.2
4,A,PREY,485,17420.579999999856,500,-31.925000000000193,4,2,100.0,21.280000000000207,3,26.2
4,A,PREY,486,13066.169999999871,500,-31.925000000000193,338,1,90.78011834319503,100.0,77,26.2
4,A,PREY,487,17940.449999999844,500,-31.925000000000193,5,2,99.946,23.600000000000136,2,26.2
4,A,PREY,488,17860.469999999845,500,-31.925000000000193,7,0,100.0,0.0,0,26.2
4,A,PREY,489,18100.409999999843,500,-31.925000000000193,7,2,100.0,14.05000000000024,0,26.2
4,A,PREY,490,655.5500000000002,28,-31.925000000000193,6,2,100.0,89.48999999999992,1,26.2
4,A,PREY,491,13101.659999999896,500,-31.925000000000193,7,1,100.0,17.500000000000124,0,26.2
4,A,PREY,492,18100.409999999847,500,-31.925000000000193,7,0,100.0,0.0,0,26.2
4,A,PREY,493,18260.36999999985,500,-31.925000000000193,7,2,100.0,14.800000000000189,0,26.2
4,A,PREY,494,17580.539999999848,500,-31.925000000000193,6,2,100.0,18.15000000000018,1,26.2
4,A,PREY,495,17780.48999999985,500,-31.925000000000193,4,2,100.0,19.540000000000106,3,26.2
4,A,PREY,496,142.31000000000003,15,-31.925000000000193,6,2,100.0,89.35,1,26.2
4,A,PREY,497,12061.919999999911,500,-31.925000000000193,6,2,100.0,17.700000000000152,1,26.2
4,A,PREY,498,18100.409999999847,500,-31.925000000000193,4,2,100.0,23.19000000000008,3,26.2
4,A,PREY,499,18140.39999999985,500,-31.925000000000193,7,2,100.0,3.550000000000341,0,26.2
4,A,PREY,500,9837.479999999894,500,-31.925000000000193,338,2,99.8785798816568,44.1699999999998,78,26.2
4,B,PREDATOR,1,8.476666666666292,281,-0.9394166666668754,4,2,87.35499999999952,46.16624999999988,2,8.7
4,B,PREDATOR,2,-12.309999999999995,231,-0.9394166666668754,3,2,90.89999999999965,56.35874999999962,3,8.7
4,B,PREDATOR,3,-12.149999999999999,215,-0.9394166666668754,239,2,76.85702928870289,76.59999999999987,33,8.7
4,B,PREDATOR,4,11.796666666666228,276,-0.9394166666668754,4,2,86.54499999999949,43.33000000000013,2,8.7
4,B,PREDATOR,5,-12.209999999999997,221,-0.9394166666668754,4,2,92.94999999999973,53.67999999999998,2,8.7
4,B,PREDATOR,6,-12.329999999999995,233,-0.9394166666668754,6,2,91.50499999999967,44.44000000000008,0,8.7
4,B,PREDATOR,7,-12.219999999999997,222,-0.9394166666668754,4,2,92.73999999999972,57.22874999999944,2,8.7
4,B,PREDATOR,8,-12.209999999999997,221,-0.9394166666668754,337,2,89.13768545994053,56.57249999999974,2,8.7
4,B,PREDATOR,9,-12.159999999999998,216,-0.9394166666668754,6,2,89.21999999999959,36.73000000000033,0,8.7
4,B,PREDATOR,10,-12.189999999999998,219,-0.9394166666668754,267,2,72.16101123595504,47.80875000000009,1,8.7
4,B,PREDATOR,11,-12.239999999999997,224,-0.9394166666668754,4,2,93.78999999999976,49.87249999999982,2,8.7
4,B,PREDATOR,12,-12.259999999999996,226,-0.9394166666668754,5,2,91.77399999999969,51.494999999999806,1,8.7
4,B,PREDATOR,13,9.994166666666205,274,-0.9394166666668754,4,2,91.16499999999967,43.629999999999946,2,8.7
4,B,PREDATOR,14,-12.209999999999997,221,-0.9394166666668754,2,2,89.3499999999996,59.84249999999949,4,8.7
4,B,PREDATOR,15,-12.209999999999997,221,-0.9394166666668754,337,2,86.8661721068247,55.147499999999866,1,8.7
4,B,PREDATOR,16,-12.239999999999997,224,-0.9394166666668754,4,2,92.1849999999997,58.477499999999466,2,8.7
4,B,PREDATOR,17,-12.189999999999998,219,-0.9394166666668754,206,2,78.00635922330095,49.26999999999996,0,8.7
4,B,PREDATOR,18,-12.169999999999998,217,-0.9394166666668754,6,2,89.87499999999962,55.959999999999525,0,8.7
4,B,PREDATOR,19,-12.169999999999998,217,-0.9394166666668754,203,2,76.14300492610835,45.910000000000196,0,8.7
4,B,PREDATOR,20,-12.289999999999996,229,-0.9394166666668754,337,2,86.10724035608274,50.29624999999973,2,8.7
4,B,PREDATOR,21,10.250833333332872,275,-0.9394166666668754,337,2,86.45566765578604,66.04000000000026,5,8.7
4,B,PREDATOR,22,32.48500000000024,343,-0.9394166666668754,4,2,98.52999999999994,28.240000000000514,2,8.7
4,B,PREDATOR,23,-12.259999999999996,226,-0.9394166666668754,6,2,87.76499999999953,38.38000000000018,0,8.7
4,B,PREDATOR,24,-12.149999999999999,215,-0.9394166666668754,337,2,87.66480712166167,49.299999999999955,0,8.7
4,B,PREDATOR,25,9.76083333333287,273,-0.9394166666668754,5,2,90.08199999999962,42.790000000000084,1,8.7
4,B,PREDATOR,26,-12.209999999999997,221,-0.9394166666668754,5,2,89.64399999999961,56.14874999999962,1,8.7
4,B,PREDATOR,27,-12.339999999999995,234,-0.9394166666668754,337,2,85.60020771513318,47.01000000000011,1,8.7
4,B,PREDATOR,28,-12.12,212,-0.9394166666668754,4,2,85.86999999999946,60.2937499999996,2,8.7
4,B,PREDATOR,29,-12.199999999999998,220,-0.9394166666668754,4,2,94.95249999999982,58.69624999999945,2,8.7
4,B,PREDATOR,30,-12.239999999999997,224,-0.9394166666668754,337,2,86.11593471810068,48.30000000000004,1,8.7
4,B,PREDATOR,31,-12.219999999999997,222,-0.9394166666668754,6,2,92.88999999999972,48.759999999999906,0,8.7
4,B,PREDATOR,32,-12.209999999999997,221,-0.9394166666668754,4,2,91.77999999999969,59.109999999999516,2,8.7
4,B,PREDATOR,33,11.223333333332876,282,-0.9394166666668754,337,2,85.97032640949519,50.2049999999996,2,8.7
4,B,PREDATOR,34,-12.159999999999998,216,-0.9394166666668754,5,2,89.80599999999961,42.937499999999986,1,8.7
4,B,PREDATOR,35,-12.209999999999997,221,-0.9394166666668754,6,2,92.1349999999997,42.730000000000345,0,8.7
4,B,PREDATOR,36,11.52583333333312,299,-0.9394166666668754,5,2,89.03199999999958,40.27000000000012,1,8.7
4,B,PREDATOR,37,-11.270000000000001,127,-0.9394166666668754,6,3,88.38499999999955,37.07999999999989,0,8.7
4,B,PREDATOR,38,-12.179999999999998,218,-0.9394166666668754,337,2,88.54385756676544,59.149999999999444,2,8.7
4,B,PREDATOR,39,-12.209999999999997,221,-0.9394166666668754,5,2,89.15799999999959,52.469999999999786,1,8.7
4,B,PREDATOR,40,-12.289999999999996,229,-0.9394166666668754,337,2,82.66465875370884,48.948749999999926,1,8.7
4,B,PREDATOR,41,-12.159999999999998,216,-0.9394166666668754,4,2,88.28499999999956,57.79499999999959,2,8.7
4,B,PREDATOR,42,12.300833333332923,262,-0.9394166666668754,4,2,91.12749999999967,43.80750000000012,2,8.7
4,B,PREDATOR,43,11.299166666666197,292,-0.9394166666668754,2,2,91.8999999999997,45.009999999999934,4,8.7
4,B,PREDATOR,44,-12.239999999999997,224,-0.9394166666668754,337,2,88.85359050445088,48.400000000000006,1,8.7
4,B,PREDATOR,45,-12.239999999999997,224,-0.9394166666668754,5,2,90.60399999999964,46.6599999999999,1,8.7
4,B,PREDATOR,46,335.27999999999986,500,-0.9394166666668754,337,3,78.0764391691382,60.779999999999745,27,8.7
4,B,PREDATOR,47,-12.379999999999994,238,-0.9394166666668754,5,2,92.2479999999997,49.74374999999985,1,8.7
4,B,PREDATOR,48,-12.209999999999997,221,-0.9394166666668754,4,2,83.04249999999936,58.909999999999556,2,8.7
4,B,PREDATOR,49,-12.209999999999997,221,-0.9394166666668754,5,2,90.15999999999963,45.56999999999991,1,8.7
4,B,PREDATOR,50,8.918333333332841,283,-0.9394166666668754,5,2,84.67599999999942,42.79000000000003,1,8.7
4,B,PREDATOR,51,-12.179999999999998,218,-0.9394166666668754,32,2,90.25499999999994,46.539999999999964,0,8.7
4,B,PREDATOR,52,9.007499999999501,289,-0.9394166666668754,3,2,86.9999999999995,38.890000000000185,3,8.7
4,B,PREDATOR,53,-12.339999999999995,234,-0.9394166666668754,5,2,89.3379999999996,46.181250000000034,1,8.7
4,B,PREDATOR,54,4.847499999999918,263,-0.9394166666668754,337,2,80.58970326409441,50.229999999999706,2,8.7
4,B,PREDATOR,55,-12.179999999999998,218,-0.9394166666668754,3,2,86.68999999999949,54.59249999999999,3,8.7
4,B,PREDATOR,56,7.205833333332793,299,-0.9394166666668754,5,2,84.89199999999944,42.66999999999995,1,8.7
4,B,PREDATOR,57,-12.469999999999992,247,-0.9394166666668754,333,2,71.69324324324322,51.48374999999969,1,8.7
4,B,PREDATOR,58,-12.259999999999996,226,-0.9394166666668754,337,2,71.42949554896141,52.316249999999776,1,8.7
4,B,PREDATOR,59,-12.159999999999998,216,-0.9394166666668754,5,2,93.19599999999974,51.81374999999984,1,8.7
4,B,PREDATOR,60,11.898333333332888,282,-0.9394166666668754,3,2,95.93999999999984,57.78125000000031,3,8.7
4,B,PREDATOR,61,-12.229999999999997,223,-0.9394166666668754,5,2,88.76799999999957,44.44500000000031,1,8.7
4,B,PREDATOR,62,-12.239999999999997,224,-0.9394166666668754,3,2,91.71999999999969,49.48000000000003,3,8.7
4,B,PREDATOR,63,-12.239999999999997,224,-0.9394166666668754,337,2,88.18602373887232,48.80000000000028,1,8.7
4,B,PREDATOR,64,-11.3,130,-0.9394166666668754,154,3,82.94435064935062,43.97833333333333,1,8.7
4,B,PREDATOR,65,-12.279999999999996,228,-0.9394166666668754,4,2,87.56499999999953,59.18624999999943,2,8.7
4,B,PREDATOR,66,7.557499999999505,272,-0.9394166666668754,3,2,95.67999999999984,47.49499999999989,3,8.7
4,B,PREDATOR,67,-12.359999999999994,236,-0.9394166666668754,337,2,88.11442136498508,49.37999999999985,1,8.7
4,B,PREDATOR,68,1474.2649999999944,500,-0.9394166666668754,337,3,80.22050445103764,87.85999999999977,119,8.7
4,B,PREDATOR,69,-12.189999999999998,219,-0.9394166666668754,5,2,91.79199999999969,46.84000000000006,1,8.7
4,B,PREDATOR,70,54.89749999999872,404,-0.9394166666668754,3,2,87.93999999999954,26.47000000000017,3,8.7
4,B,PREDATOR,71,-12.189999999999998,219,-0.9394166666668754,5,2,87.49599999999953,59.47874999999948,1,8.7
4,B,PREDATOR,72,-12.219999999999997,222,-0.9394166666668754,6,2,91.01499999999965,49.35999999999994,0,8.7
4,B,PREDATOR,73,-12.159999999999998,216,-0.9394166666668754,337,2,87.92715133531141,54.72374999999967,1,8.7
4,B,PREDATOR,74,-12.239999999999997,224,-0.9394166666668754,5,2,90.99999999999966,50.01999999999979,1,8.7
4,B,PREDATOR,75,-12.419999999999993,242,-0.9394166666668754,337,2,85.37928783382753,43.14375000000011,1,8.7
4,B,PREDATOR,76,-12.309999999999995,231,-0.9394166666668754,4,2,85.05999999999943,53.3799999999998,2,8.7
4,B,PREDATOR,77,-12.289999999999996,229,-0.9394166666668754,4,2,88.60749999999956,45.78500000000008,2,8.7
4,B,PREDATOR,78,-12.259999999999996,226,-0.9394166666668754,6,2,90.28999999999962,42.42999999999995,0,8.7
4,B,PREDATOR,79,11.560833333332882,282,-0.9394166666668754,5,2,87.90999999999954,31.8100000000005,1,8.7
4,B,PREDATOR,80,11.428333333332892,275,-0.9394166666668754,5,2,90.95799999999966,35.950000000000436,1,8.7
4,B,PREDATOR,81,-12.159999999999998,216,-0.9394166666668754,5,2,88.04199999999955,43.290000000000106,1,8.7
4,B,PREDATOR,82,-12.259999999999996,226,-0.9394166666668754,337,2,85.9638872403558,52.95999999999974,1,8.7
4,B,PREDATOR,83,-12.389999999999993,239,-0.9394166666668754,3,2,85.44999999999943,46.72000000000014,3,8.7
4,B,PREDATOR,84,-12.219999999999997,222,-0.9394166666668754,244,2,70.50831967213112,55.676249999999754,1,8.7
4,B,PREDATOR,85,-12.239999999999997,224,-0.9394166666668754,6,2,90.33999999999963,48.519999999999975,0,8.7
4,B,PREDATOR,86,-12.56999999999999,257,-0.9394166666668754,5,2,85.43799999999945,37.94625000000011,1,8.7
4,B,PREDATOR,87,8.847499999999515,278,-0.9394166666668754,2,2,86.36499999999948,51.46124999999962,4,8.7
4,B,PREDATOR,88,8.675833333332795,314,-0.9394166666668754,4,2,86.19999999999948,47.88375000000006,2,8.7
4,B,PREDATOR,89,-12.289999999999996,229,-0.9394166666668754,337,2,78.08756676557802,76.38999999999979,19,8.7
4,B,PREDATOR,90,-12.249999999999996,225,-0.9394166666668754,4,2,91.46499999999969,53.199999999999804,2,8.7
4,B,PREDATOR,91,-12.199999999999998,220,-0.9394166666668754,4,2,87.54999999999953,55.89999999999967,2,8.7
4,B,PREDATOR,92,-12.239999999999997,224,-0.9394166666668754,337,2,83.03394658753662,56.95999999999984,2,8.7
4,B,PREDATOR,93,-12.199999999999998,220,-0.9394166666668754,337,2,90.03652818991088,46.90000000000009,0,8.7
4,B,PREDATOR,94,-12.199999999999998,220,-0.9394166666668754,5,2,91.22199999999967,55.78874999999975,1,8.7
4,B,PREDATOR,95,-12.259999999999996,226,-0.9394166666668754,4,2,93.36999999999975,58.149999999999565,2,8.7
4,B,PREDATOR,96,-12.189999999999998,219,-0.9394166666668754,6,2,89.45499999999959,45.370000000000175,0,8.7
4,B,PREDATOR,97,33.68000000000038,303,-0.9394166666668754,337,2,84.75919881305607,61.870000000000104,33,8.7
4,B,PREDATOR,98,-12.349999999999994,235,-0.9394166666668754,6,2,93.89499999999977,49.89999999999981,0,8.7
4,B,PREDATOR,99,-12.389999999999993,239,-0.9394166666668754,4,2,91.23999999999967,60.77624999999941,2,8.7
4,B,PREDATOR,100,8.43166666666618,275,-0.9394166666668754,4,2,87.90999999999954,42.849999999999994,2,8.7
4,B,PREDATOR,101,-12.209999999999997,221,-0.9394166666668754,306,2,73.62049019607842,38.53000000000033,0,8.7
4,B,PREDATOR,102,11.226666666666214,279,-0.9394166666668754,3,2,92.16999999999969,52.58249999999944,3,8.7
4,B,PREDATOR,103,-12.199999999999998,220,-0.9394166666668754,337,2,88.5212166172105,70.33000000000008,13,8.7
4,B,PREDATOR,104,10.818333333332872,282,-0.9394166666668754,4,2,91.38999999999967,49.86749999999964,2,8.7
4,B,PREDATOR,105,11.510833333332874,287,-0.9394166666668754,337,2,73.56367952522181,50.75999999999952,2,8.7
4,B,PREDATOR,106,-12.359999999999994,236,-0.9394166666668754,337,2,87.48353115727,58.272499999999425,2,8.7
4,B,PREDATOR,107,1427.77583333333,500,-0.9394166666668754,337,3,79.41566765578531,65.47999999999986,126,8.7
4,B,PREDATOR,108,66.97749999999874,500,-0.9394166666668754,2,3,93.44499999999975,18.081666666666845,4,8.7
4,B,PREDATOR,109,34.71250000000053,352,-0.9394166666668754,3,2,86.86999999999951,32.463750000000175,3,8.7
4,B,PREDATOR,110,12.050833333332923,260,-0.9394166666668754,4,2,87.38499999999952,40.856250000000074,2,8.7
4,B,PREDATOR,111,-12.159999999999998,216,-0.9394166666668754,5,2,88.90599999999958,57.058749999999776,2,8.7
4,B,PREDATOR,112,12.330833333332928,259,-0.9394166666668754,3,2,86.4299999999995,50.584999999999624,3,8.7
4,B,PREDATOR,113,-12.169999999999998,217,-0.9394166666668754,6,2,87.62999999999954,36.760000000000375,0,8.7
4,B,PREDATOR,114,-12.139999999999999,214,-0.9394166666668754,155,2,71.99516129032256,48.97,0,8.7
4,B,PREDATOR,115,-12.459999999999992,246,-0.9394166666668754,337,2,85.55148367952498,73.54874999999963,21,8.7
4,B,PREDATOR,116,-12.199999999999998,220,-0.9394166666668754,5,2,89.3079999999996,46.11749999999995,1,8.7
4,B,PREDATOR,117,11.775833333332896,274,-0.9394166666668754,3,2,87.53999999999952,43.609999999999935,3,8.7
4,B,PREDATOR,118,-12.189999999999998,219,-0.9394166666668754,5,2,86.9859999999995,55.03499999999962,1,8.7
4,B,PREDATOR,119,-12.169999999999998,217,-0.9394166666668754,6,2,92.38999999999972,42.76000000000004,0,8.7
4,B,PREDATOR,120,9.233333333332835,292,-0.9394166666668754,3,2,91.9499999999997,52.861249999999444,3,8.7
4,B,PREDATOR,121,32.56500000000034,416,-0.9394166666668754,4,2,88.40499999999956,24.88000000000025,2,8.7
4,B,PREDATOR,122,-12.139999999999999,214,-0.9394166666668754,5,2,88.49799999999956,45.85000000000002,1,8.7
4,B,PREDATOR,123,9.528333333332862,276,-0.9394166666668754,4,2,91.62999999999968,51.41624999999956,2,8.7
4,B,PREDATOR,124,-12.289999999999996,229,-0.9394166666668754,5,2,86.37999999999948,53.799999999999685,1,8.7
4,B,PREDATOR,125,28.211666666666794,345,-0.9394166666668754,1,2,94.5999999999998,47.698749999999436,5,8.7
4,B,PREDATOR,126,3671.3016666666367,500,-0.9394166666668754,337,3,79.48145400593398,74.57999999999984,317,8.7
4,B,PREDATOR,127,-12.709999999999987,271,-0.9394166666668754,5,2,92.50599999999972,44.02000000000004,1,8.7
4,B,PREDATOR,128,-12.139999999999999,214,-0.9394166666668754,3,2,91.65999999999968,61.696249999999594,3,8.7
4,B,PREDATOR,129,-12.379999999999994,238,-0.9394166666668754,5,2,88.01799999999955,50.67999999999978,1,8.7
4,B,PREDATOR,130,-11.25,125,-0.9394166666668754,5,3,93.82599999999977,35.95333333333322,1,8.7
4,B,PREDATOR,131,-12.209999999999997,221,-0.9394166666668754,296,2,71.31375,45.90999999999984,1,8.7
4,B,PREDATOR,132,9.553333333332807,314,-0.9394166666668754,5,2,92.1699999999997,27.07000000000049,1,8.7
4,B,PREDATOR,133,12.300833333332923,262,-0.9394166666668754,5,2,86.8719999999995,47.25999999999986,1,8.7
4,B,PREDATOR,134,108.62749999999855,500,-0.9394166666668754,337,3,79.86703264094864,39.03916666666683,38,8.7
4,B,PREDATOR,135,8.806666666666343,320,-0.9394166666668754,4,2,93.39999999999975,38.730000000000125,2,8.7
4,B,PREDATOR,136,7.9816666666660705,347,-0.9394166666668754,2,2,96.42999999999986,46.27749999999985,4,8.7
4,B,PREDATOR,137,-12.149999999999999,215,-0.9394166666668754,5,2,88.07199999999955,53.9362499999997,1,8.7
4,B,PREDATOR,138,-12.239999999999997,224,-0.9394166666668754,6,2,92.2099999999997,44.02000000000008,0,8.7
4,B,PREDATOR,139,-12.139999999999999,214,-0.9394166666668754,5,2,87.27999999999952,57.42999999999951,1,8.7
4,B,PREDATOR,140,-12.179999999999998,218,-0.9394166666668754,337,2,88.94602373887236,59.696249999999395,1,8.7
4,B,PREDATOR,141,-12.199999999999998,220,-0.9394166666668754,337,2,87.26646884272986,50.49999999999988,0,8.7
4,B,PREDATOR,142,-12.189999999999998,219,-0.9394166666668754,337,2,74.97587537091987,47.62000000000006,0,8.7
4,B,PREDATOR,143,-12.57999999999999,258,-0.9394166666668754,6,2,93.55999999999976,40.990000000000244,0,8.7
4,B,PREDATOR,144,-12.429999999999993,243,-0.9394166666668754,337,2,89.16062314540055,57.154999999999816,2,8.7
4,B,PREDATOR,145,9.779166666666152,309,-0.9394166666668754,337,2,85.3581008902074,28.390000000000235,2,8.7
4,B,PREDATOR,146,-12.289999999999996,229,-0.9394166666668754,337,2,87.24373887240351,52.26749999999973,1,8.7
4,B,PREDATOR,147,-12.229999999999997,223,-0.9394166666668754,3,2,92.0799999999997,60.89999999999961,3,8.7
4,B,PREDATOR,148,-12.409999999999993,241,-0.9394166666668754,3,2,91.63999999999969,44.11000000000021,4,8.7
4,B,PREDATOR,149,11.246666666666181,304,-0.9394166666668754,4,2,87.0474999999995,41.88999999999992,2,8.7
4,B,PREDATOR,150,-12.209999999999997,221,-0.9394166666668754,4,2,90.42999999999964,52.10749999999961,2,8.7
4,B,PREDATOR,151,-12.239999999999997,224,-0.9394166666668754,6,2,92.2449999999997,42.070000000000164,0,8.7
4,B,PREDATOR,152,-12.309999999999995,231,-0.9394166666668754,264,2,68.7109090909091,43.179999999999964,0,8.7
4,B,PREDATOR,153,-12.209999999999997,221,-0.9394166666668754,202,2,73.44227722772276,51.9262499999999,1,8.7
4,B,PREDATOR,154,9.94166666666615,313,-0.9394166666668754,4,2,93.74499999999976,29.829999999999977,2,8.7
4,B,PREDATOR,155,-12.489999999999991,249,-0.9394166666668754,4,2,94.5624999999998,44.02000000000022,2,8.7
4,B,PREDATOR,156,11.753333333332963,310,-0.9394166666668754,5,2,88.17399999999955,30.100000000000335,1,8.7
4,B,PREDATOR,157,7.458333333332844,267,-0.9394166666668754,5,2,92.55999999999972,37.210000000000164,1,8.7
4,B,PREDATOR,158,-12.359999999999994,236,-0.9394166666668754,5,2,92.97999999999975,54.609999999999616,1,8.7
4,B,PREDATOR,159,-12.159999999999998,216,-0.9394166666668754,337,2,84.04311572700259,60.37124999999948,1,8.7
4,B,PREDATOR,160,-12.289999999999996,229,-0.9394166666668754,4,2,92.02749999999969,58.23124999999945,2,8.7
4,B,PREDATOR,161,-12.189999999999998,219,-0.9394166666668754,337,2,89.44430267062303,47.79999999999997,1,8.7
4,B,PREDATOR,162,-12.189999999999998,219,-0.9394166666668754,337,2,86.9129970326409,51.093749999999766,2,8.7
4,B,PREDATOR,163,-12.189999999999998,219,-0.9394166666668754,5,2,95.33799999999982,54.59999999999978,1,8.7
4,B,PREDATOR,164,-12.189999999999998,219,-0.9394166666668754,337,2,87.69753709198791,43.33000000000003,2,8.7
4,B,PREDATOR,165,11.633333333332905,268,-0.9394166666668754,5,2,92.58999999999972,39.640000000000185,1,8.7
4,B,PREDATOR,166,-12.189999999999998,219,-0.9394166666668754,4,2,88.68249999999958,57.339999999999904,2,8.7
4,B,PREDATOR,167,-12.249999999999996,225,-0.9394166666668754,5,2,84.39999999999941,46.63000000000005,1,8.7
4,B,PREDATOR,168,-12.459999999999992,246,-0.9394166666668754,5,2,83.30799999999937,44.54249999999989,1,8.7
4,B,PREDATOR,169,-12.289999999999996,229,-0.9394166666668754,6,2,90.05999999999962,47.46999999999993,0,8.7
4,B,PREDATOR,170,-12.179999999999998,218,-0.9394166666668754,3,2,87.67999999999954,68.78874999999944,3,8.7
4,B,PREDATOR,171,-12.189999999999998,219,-0.9394166666668754,207,2,76.18497584541059,47.920000000000016,0,8.7
4,B,PREDATOR,172,-12.53999999999999,254,-0.9394166666668754,6,2,88.80499999999957,33.820000000000206,0,8.7
4,B,PREDATOR,173,7.705833333332839,309,-0.9394166666668754,5,2,92.1039999999997,36.970000000000276,1,8.7
4,B,PREDATOR,174,-12.169999999999998,217,-0.9394166666668754,4,2,88.28499999999956,54.136249999999634,2,8.7
4,B,PREDATOR,175,27.65750000000039,297,-0.9394166666668754,337,2,86.11204747774451,43.32000000000022,3,8.7
4,B,PREDATOR,176,86.47416666666491,500,-0.9394166666668754,1,3,93.87999999999977,15.875833333333228,5,8.7
4,B,PREDATOR,177,7.780833333333005,312,-0.9394166666668754,5,2,90.77799999999965,30.01000000000046,1,8.7
4,B,PREDATOR,178,-12.56999999999999,257,-0.9394166666668754,337,2,87.59329376854576,43.66000000000011,0,8.7
4,B,PREDATOR,179,-12.189999999999998,219,-0.9394166666668754,3,2,96.31999999999987,56.87749999999974,3,8.7
4,B,PREDATOR,180,11.712499999999602,329,-0.9394166666668754,2,2,83.49999999999937,47.46999999999975,4,8.7
4,B,PREDATOR,181,-12.299999999999995,230,-0.9394166666668754,6,2,89.92999999999961,42.850000000000186,0,8.7
4,B,PREDATOR,182,-12.229999999999997,223,-0.9394166666668754,4,2,88.97499999999958,51.70624999999977,2,8.7
4,B,PREDATOR,183,11.226666666666214,279,-0.9394166666668754,3,2,95.67999999999984,54.68249999999939,3,8.7
4,B,PREDATOR,184,8.655833333332831,289,-0.9394166666668754,5,2,86.30799999999948,42.67000000000001,1,8.7
4,B,PREDATOR,185,62.34249999999932,500,-0.9394166666668754,2,3,98.85999999999996,10.170833333333583,4,8.7
4,B,PREDATOR,186,30.73666666666628,436,-0.9394166666668754,3,2,88.66999999999958,28.45000000000004,3,8.7
4,B,PREDATOR,187,89.34499999999916,500,-0.9394166666668754,0,3,0.0,20.887500000000227,6,8.7
4,B,PREDATOR,188,-12.239999999999997,224,-0.9394166666668754,5,2,88.84599999999958,51.45999999999986,2,8.7
4,B,PREDATOR,189,-12.239999999999997,224,-0.9394166666668754,337,2,89.02753709198794,55.49249999999951,1,8.7
4,B,PREDATOR,190,10.913333333332792,340,-0.9394166666668754,5,2,90.62799999999964,28.000000000000448,1,8.7
4,B,PREDATOR,191,-12.669999999999987,267,-0.9394166666668754,5,2,93.67599999999976,41.92000000000013,1,8.7
4,B,PREDATOR,192,-12.309999999999995,231,-0.9394166666668754,5,2,92.59599999999973,51.30999999999982,1,8.7
4,B,PREDATOR,193,-12.429999999999993,243,-0.9394166666668754,3,2,91.75999999999969,54.078749999999815,3,8.7
4,B,PREDATOR,194,12.165833333332882,289,-0.9394166666668754,4,2,88.86999999999958,39.970000000000084,2,8.7
4,B,PREDATOR,195,-12.359999999999994,236,-0.9394166666668754,337,2,87.03240356083057,42.580000000000105,1,8.7
4,B,PREDATOR,196,32.53000000000028,337,-0.9394166666668754,337,2,78.12685459940587,27.4600000000003,2,8.7
4,B,PREDATOR,197,-12.179999999999998,218,-0.9394166666668754,4,2,89.4924999999996,47.32000000000015,2,8.7
4,B,PREDATOR,198,-12.179999999999998,218,-0.9394166666668754,6,2,88.36999999999956,41.59000000000027,0,8.7
4,B,PREDATOR,199,-12.219999999999997,222,-0.9394166666668754,5,2,94.13799999999978,50.54624999999982,1,8.7
4,B,PREDATOR,200,-12.249999999999996,225,-0.9394166666668754,337,2,82.65756676557861,45.51999999999991,2,8.7
4,B,PREDATOR,201,11.29083333333284,309,-0.9394166666668754,3,2,87.87999999999954,42.69999999999996,3,8.7
4,B,PREDATOR,202,-12.299999999999995,230,-0.9394166666668754,5,2,87.29799999999952,48.99374999999996,1,8.7
4,B,PREDATOR,203,36.048333333333765,320,-0.9394166666668754,2,2,90.74499999999965,45.14375000000019,4,8.7
4,B,PREDATOR,204,-12.339999999999995,234,-0.9394166666668754,337,2,85.98967359050411,44.62000000000019,0,8.7
4,B,PREDATOR,205,-12.159999999999998,216,-0.9394166666668754,5,2,91.76799999999969,48.77624999999981,1,8.7
4,B,PREDATOR,206,-12.219999999999997,222,-0.9394166666668754,5,2,87.86199999999954,41.43375000000025,1,8.7
4,B,PREDATOR,207,-12.209999999999997,221,-0.9394166666668754,201,2,75.5220895522388,63.14999999999928,3,8.7
4,B,PREDATOR,208,-12.399999999999993,240,-0.9394166666668754,5,2,90.02799999999962,41.557500000000275,1,8.7
4,B,PREDATOR,209,9.339166666666307,274,-0.9394166666668754,337,2,84.34216617210643,62.049999999999876,54,8.7
4,B,PREDATOR,210,-12.439999999999992,244,-0.9394166666668754,4,2,90.71499999999965,55.41999999999966,2,8.7
4,B,PREDATOR,211,-12.139999999999999,214,-0.9394166666668754,6,2,89.74999999999962,40.870000000000196,0,8.7
4,B,PREDATOR,212,-12.229999999999997,223,-0.9394166666668754,6,2,88.56499999999956,42.93999999999991,0,8.7
4,B,PREDATOR,213,-12.189999999999998,219,-0.9394166666668754,5,2,95.11599999999981,52.559999999999924,1,8.7
4,B,PREDATOR,214,-11.670000000000002,167,-0.9394166666668754,5,3,92.2539999999997,26.133333333333557,1,8.7
4,B,PREDATOR,215,8.764999999999455,320,-0.9394166666668754,337,2,86.00406528189883,30.607500000000393,3,8.7
4,B,PREDATOR,216,9.368333333332805,316,-0.9394166666668754,5,2,91.73799999999969,31.780000000000108,1,8.7
4,B,PREDATOR,217,-12.859999999999983,286,-0.9394166666668754,6,2,87.77499999999954,39.58000000000024,0,8.7
4,B,PREDATOR,218,-12.329999999999995,233,-0.9394166666668754,337,2,91.09813056379811,74.43999999999978,11,8.7
4,B,PREDATOR,219,7.9024999999994225,332,-0.9394166666668754,3,2,93.71999999999976,28.270000000000046,3,8.7
4,B,PREDATOR,220,-12.239999999999997,224,-0.9394166666668754,337,2,88.87311572700273,52.86999999999968,0,8.7
4,B,PREDATOR,221,8.615833333333066,311,-0.9394166666668754,5,2,88.68399999999957,40.330000000000055,1,8.7
4,B,PREDATOR,222,7.279166666666066,343,-0.9394166666668754,4,2,90.03999999999962,39.25124999999997,2,8.7
4,B,PREDATOR,223,-12.159999999999998,216,-0.9394166666668754,4,2,92.95749999999973,44.590000000000174,2,8.7
4,B,PREDATOR,224,-12.339999999999995,234,-0.9394166666668754,6,2,89.27999999999959,38.62000000000034,0,8.7
4,B,PREDATOR,225,-12.829999999999984,283,-0.9394166666668754,337,2,77.65881305637919,42.49000000000007,0,8.7
4,B,PREDATOR,226,-12.609999999999989,261,-0.9394166666668754,337,2,80.93139465875332,33.1300000000004,0,8.7
4,B,PREDATOR,227,-12.189999999999998,219,-0.9394166666668754,5,2,92.44599999999971,50.259999999999934,1,8.7
4,B,PREDATOR,228,-12.379999999999994,238,-0.9394166666668754,324,2,72.93861111111109,50.362499999999976,1,8.7
4,B,PREDATOR,229,658.0074999999983,500,-0.9394166666668754,337,3,84.46786350148287,69.43999999999998,177,8.7
4,B,PREDATOR,230,-12.359999999999994,236,-0.9394166666668754,5,2,86.04399999999949,48.22124999999981,1,8.7
4,B,PREDATOR,231,-12.659999999999988,266,-0.9394166666668754,337,2,82.14869436201731,54.28999999999961,2,8.7
4,B,PREDATOR,232,-12.259999999999996,226,-0.9394166666668754,5,2,93.74799999999976,54.61499999999954,1,8.7
4,B,PREDATOR,233,-12.889999999999983,289,-0.9394166666668754,4,2,92.2599999999997,49.63999999999968,2,8.7
4,B,PREDATOR,234,9.424999999999676,329,-0.9394166666668754,337,2,77.80498516320421,26.77000000000047,1,8.7
4,B,PREDATOR,235,-12.689999999999987,269,-0.9394166666668754,5,2,91.31199999999967,38.410000000000075,1,8.7
4,B,PREDATOR,236,-12.639999999999988,264,-0.9394166666668754,6,2,86.62499999999949,44.769999999999996,0,8.7
4,B,PREDATOR,237,-12.189999999999998,219,-0.9394166666668754,4,2,90.33249999999964,63.54124999999955,2,8.7
4,B,PREDATOR,238,-12.259999999999996,226,-0.9394166666668754,4,2,86.25999999999948,37.15000000000035,2,8.7
4,B,PREDATOR,239,-12.189999999999998,219,-0.9394166666668754,113,2,80.83831858407079,50.46999999999983,1,8.7
4,B,PREDATOR,240,-12.239999999999997,224,-0.9394166666668754,6,2,87.48499999999952,46.570000000000064,0,8.7
4,B,PREDATOR,241,-12.439999999999992,244,-0.9394166666668754,4,2,89.32749999999959,55.57874999999942,2,8.7
4,B,PREDATOR,242,30.930000000000256,335,-0.9394166666668754,3,2,85.85999999999946,37.012499999999925,3,8.7
4,B,PREDATOR,243,-12.349999999999994,235,-0.9394166666668754,6,2,89.99999999999962,36.25000000000041,0,8.7
4,B,PREDATOR,244,-12.419999999999993,242,-0.9394166666668754,4,2,86.79249999999949,54.89999999999951,2,8.7
4,B,PREDATOR,245,10.748333333332821,316,-0.9394166666668754,4,2,91.06749999999965,33.09000000000023,2,8.7
4,B,PREDATOR,246,-12.739999999999986,274,-0.9394166666668754,6,2,88.21499999999956,32.32000000000042,0,8.7
4,B,PREDATOR,247,-12.319999999999995,232,-0.9394166666668754,268,2,71.20358208955223,59.67374999999936,1,8.7
4,B,PREDATOR,248,-12.889999999999983,289,-0.9394166666668754,4,2,89.0649999999996,48.63999999999983,2,8.7
4,B,PREDATOR,249,-12.779999999999985,278,-0.9394166666668754,337,2,85.94255192878312,34.09000000000037,0,8.7
4,B,PREDATOR,250,-12.609999999999989,261,-0.9394166666668754,5,2,91.47399999999968,37.13625000000027,1,8.7
4,B,PREDATOR,251,-12.489999999999991,249,-0.9394166666668754,3,2,89.4399999999996,55.30374999999954,3,8.7
4,B,PREDATOR,252,-12.509999999999991,251,-0.9394166666668754,6,2,92.97499999999974,42.13000000000024,0,8.7
4,B,PREDATOR,253,32.05249999999975,414,-0.9394166666668754,4,2,93.86499999999977,23.320000000000086,2,8.7
4,B,PREDATOR,254,-12.839999999999984,284,-0.9394166666668754,337,2,85.95255192878312,47.08000000000015,3,8.7
4,B,PREDATOR,255,10.599166666666127,335,-0.9394166666668754,4,2,89.94999999999962,32.82999999999996,2,8.7
4,B,PREDATOR,256,-12.289999999999996,229,-0.9394166666668754,2,2,89.94999999999962,56.328749999999665,4,8.7
4,B,PREDATOR,257,-12.189999999999998,219,-0.9394166666668754,337,2,84.06543026706191,74.35,45,8.7
4,B,PREDATOR,258,-12.229999999999997,223,-0.9394166666668754,5,2,92.36799999999971,50.16999999999986,1,8.7
4,B,PREDATOR,259,-12.699999999999987,270,-0.9394166666668754,5,2,89.5359999999996,43.12000000000003,1,8.7
4,B,PREDATOR,260,-12.639999999999988,264,-0.9394166666668754,337,2,87.37103857566744,37.51000000000016,1,8.7
4,B,PREDATOR,261,-12.659999999999988,266,-0.9394166666668754,337,2,82.55762611275922,66.5699999999999,8,8.7
4,B,PREDATOR,262,-12.58999999999999,259,-0.9394166666668754,337,2,88.85908011869422,47.739999999999995,4,8.7
4,B,PREDATOR,263,3423.094999999955,500,-0.9394166666668754,337,3,82.21851632047395,45.26000000000005,162,8.7
4,B,PREDATOR,264,11.913333333332831,321,-0.9394166666668754,4,2,87.45999999999952,45.10124999999972,2,8.7
4,B,PREDATOR,265,-13.349999999999973,335,-0.9394166666668754,4,2,87.81999999999954,42.15374999999978,2,8.7
4,B,PREDATOR,266,32.27500000000022,370,-0.9394166666668754,4,2,90.20499999999963,27.850000000000104,2,8.7
4,B,PREDATOR,267,-13.05999999999998,306,-0.9394166666668754,6,2,90.25499999999964,35.680000000000234,0,8.7
4,B,PREDATOR,268,6.989166666666298,351,-0.9394166666668754,4,2,89.22999999999959,39.13499999999989,2,8.7
4,B,PREDATOR,269,30.286666666666875,340,-0.9394166666668754,3,2,86.5499999999995,36.01000000000012,3,8.7
4,B,PREDATOR,270,-12.509999999999991,251,-0.9394166666668754,5,2,88.62999999999957,52.184999999999604,1,8.7
4,B,PREDATOR,271,12.028333333332869,296,-0.9394166666668754,4,2,89.82249999999962,46.721249999999706,2,8.7
4,B,PREDATOR,272,28.87833333333341,392,-0.9394166666668754,3,2,89.3599999999996,31.170000000000115,3,8.7
4,B,PREDATOR,273,-12.209999999999997,221,-0.9394166666668754,337,2,88.38994065281881,48.00999999999995,2,8.7
4,B,PREDATOR,274,-12.229999999999997,223,-0.9394166666668754,337,2,88.26896142433218,74.49999999999994,8,8.7
4,B,PREDATOR,275,-12.209999999999997,221,-0.9394166666668754,337,2,87.2799109792284,52.24124999999975,1,8.7
4,B,PREDATOR,276,-12.859999999999983,286,-0.9394166666668754,33,2,94.53181818181815,49.83999999999965,1,8.7
4,B,PREDATOR,277,-12.869999999999983,287,-0.9394166666668754,337,2,87.53198813056349,43.20999999999995,0,8.7
4,B,PREDATOR,278,-12.53999999999999,254,-0.9394166666668754,337,2,80.06875370919826,44.79999999999981,1,8.7
4,B,PREDATOR,279,-12.839999999999984,284,-0.9394166666668754,4,2,90.80499999999965,39.69999999999999,2,8.7
4,B,PREDATOR,280,-12.599999999999989,260,-0.9394166666668754,337,2,88.55213649851619,35.50000000000038,0,8.7
4,B,PREDATOR,281,-12.239999999999997,224,-0.9394166666668754,5,2,88.22199999999955,53.63624999999975,1,8.7
4,B,PREDATOR,282,-12.619999999999989,262,-0.9394166666668754,4,2,91.59999999999968,49.696249999999736,2,8.7
4,B,PREDATOR,283,5660.094999999958,500,-0.9394166666668754,337,3,82.84839762611195,96.21999999999998,297,8.7
4,B,PREDATOR,284,-12.189999999999998,219,-0.9394166666668754,337,2,91.28451038575655,42.97000000000027,0,8.7
4,B,PREDATOR,285,-12.259999999999996,226,-0.9394166666668754,5,2,88.92999999999958,37.54000000000035,1,8.7
4,B,PREDATOR,286,-12.209999999999997,221,-0.9394166666668754,4,2,88.96749999999957,47.772499999999866,2,8.7
4,B,PREDATOR,287,-11.25,125,-0.9394166666668754,6,3,88.33499999999957,36.78000000000019,0,8.7
4,B,PREDATOR,288,-12.759999999999986,276,-0.9394166666668754,337,2,81.590207715133,36.58000000000008,0,8.7
4,B,PREDATOR,289,8.789166666666071,354,-0.9394166666668754,3,2,85.58999999999946,39.870000000000445,3,8.7
4,B,PREDATOR,290,183.75833333333347,500,-0.9394166666668754,337,3,83.76821958456878,83.01249999999983,45,8.7
4,B,PREDATOR,291,-12.289999999999996,229,-0.9394166666668754,5,2,90.29799999999963,45.05625000000005,1,8.7
4,B,PREDATOR,292,-12.279999999999996,228,-0.9394166666668754,6,2,93.62999999999977,46.989999999999924,0,8.7
4,B,PREDATOR,293,-12.209999999999997,221,-0.9394166666668754,4,2,89.04999999999959,57.083749999999526,2,8.7
4,B,PREDATOR,294,-12.179999999999998,218,-0.9394166666668754,337,2,87.51139465875366,44.38000000000005,1,8.7
4,B,PREDATOR,295,-12.249999999999996,225,-0.9394166666668754,3,2,88.77999999999957,64.26999999999941,10,8.7
4,B,PREDATOR,296,10.94916666666626,327,-0.9394166666668754,4,2,90.75999999999965,34.00000000000043,2,8.7
4,B,PREDATOR,297,-13.309999999999974,331,-0.9394166666668754,337,2,84.00388724035568,34.090000000000046,1,8.7
4,B,PREDATOR,298,-12.909999999999982,291,-0.9394166666668754,337,2,78.79623145400531,61.62999999999988,5,8.7
4,B,PREDATOR,299,-12.499999999999991,250,-0.9394166666668754,10,2,93.52099999999983,44.35000000000004,0,8.7
4,B,PREDATOR,300,11.415833333332765,364,-0.9394166666668754,5,2,92.0199999999997,27.970000000000155,1,8.7
4,B,PREDATOR,301,8.625833333332826,292,-0.9394166666668754,4,2,87.81999999999954,38.88374999999984,2,8.7
4,B,PREDATOR,302,10.416666666666126,333,-0.9394166666668754,3,2,88.95999999999958,40.143750000000246,3,8.7
4,B,PREDATOR,303,-12.53999999999999,254,-0.9394166666668754,6,2,91.09999999999967,41.170000000000165,0,8.7
4,B,PREDATOR,304,-12.889999999999983,289,-0.9394166666668754,5,2,87.02799999999951,54.70499999999997,1,8.7
4,B,PREDATOR,305,-12.689999999999987,269,-0.9394166666668754,5,2,88.71999999999957,45.3600000000005,1,8.7
4,B,PREDATOR,306,-12.209999999999997,221,-0.9394166666668754,337,2,85.81596439169105,47.52999999999998,0,8.7
4,B,PREDATOR,307,-12.349999999999994,235,-0.9394166666668754,6,2,92.0849999999997,44.35000000000019,0,8.7
4,B,PREDATOR,308,-12.289999999999996,229,-0.9394166666668754,7,2,93.5228571428568,47.17000000000005,0,8.7
4,B,PREDATOR,309,-12.189999999999998,219,-0.9394166666668754,6,2,91.53499999999968,43.87000000000013,0,8.7
4,B,PREDATOR,310,8.983333333332832,290,-0.9394166666668754,5,2,91.9779999999997,29.800000000000416,1,8.7
4,B,PREDATOR,311,-12.699999999999987,270,-0.9394166666668754,3,2,93.39999999999975,52.109999999999786,5,8.7
4,B,PREDATOR,312,-12.53999999999999,254,-0.9394166666668754,337,2,88.49008902077131,40.42000000000013,0,8.7
4,B,PREDATOR,313,8.470833333332857,267,-0.9394166666668754,337,2,84.43661721068209,43.81000000000006,1,8.7
4,B,PREDATOR,314,-12.789999999999985,279,-0.9394166666668754,5,2,84.81399999999942,46.751249999999864,1,8.7
4,B,PREDATOR,315,-12.58999999999999,259,-0.9394166666668754,6,2,87.34499999999952,41.32000000000022,0,8.7
4,B,PREDATOR,316,-12.689999999999987,269,-0.9394166666668754,337,2,85.23952522255156,53.74000000000021,3,8.7
4,B,PREDATOR,317,-12.689999999999987,269,-0.9394166666668754,337,3,84.98525222551892,1.1533333333334028,0,8.7
4,B,PREDATOR,318,-12.339999999999995,234,-0.9394166666668754,5,2,87.30999999999952,53.63624999999969,1,8.7
4,B,PREDATOR,319,-12.459999999999992,246,-0.9394166666668754,5,2,89.4159999999996,42.58875000000006,1,8.7
4,B,PREDATOR,320,-12.289999999999996,229,-0.9394166666668754,59,3,89.27050847457625,18.493333333333233,0,8.7
4,B,PREDATOR,321,-12.199999999999998,220,-0.9394166666668754,258,2,75.71550387596899,47.95000000000002,0,8.7
4,B,PREDATOR,322,-12.179999999999998,218,-0.9394166666668754,6,2,90.75499999999965,49.989999999999924,0,8.7
4,B,PREDATOR,323,-12.55999999999999,256,-0.9394166666668754,337,2,78.93198813056318,63.04000000000021,5,8.7
4,B,PREDATOR,324,-12.939999999999982,294,-0.9394166666668754,337,2,87.19721068249234,37.270000000000245,0,8.7
4,B,PREDATOR,325,-12.319999999999995,232,-0.9394166666668754,5,2,93.57999999999976,42.570000000000036,1,8.7
4,B,PREDATOR,326,-12.58999999999999,259,-0.9394166666668754,6,2,90.60999999999963,37.42000000000037,0,8.7
4,B,PREDATOR,327,9.117499999999518,278,-0.9394166666668754,3,2,89.04999999999957,42.84999999999998,3,8.7
4,B,PREDATOR,328,63.212499999998364,500,-0.9394166666668754,2,3,89.5599999999996,15.219999999999814,4,8.7
4,B,PREDATOR,329,-12.439999999999992,244,-0.9394166666668754,5,2,91.28199999999967,47.7225,1,8.7
4,B,PREDATOR,330,-12.289999999999996,229,-0.9394166666668754,337,2,89.67124629080105,42.04000000000029,2,8.7
4,B,PREDATOR,331,-11.82,182,-0.9394166666668754,5,3,89.96199999999962,38.22833333333326,1,8.7
4,B,PREDATOR,332,-12.189999999999998,219,-0.9394166666668754,4,2,88.05999999999955,53.73999999999984,2,8.7
4,B,PREDATOR,333,-12.58999999999999,259,-0.9394166666668754,337,2,88.9131454005933,46.41999999999991,0,8.7
4,B,PREDATOR,334,-12.439999999999992,244,-0.9394166666668754,6,2,87.54999999999954,50.619999999999735,0,8.7
4,B,PREDATOR,335,-12.199999999999998,220,-0.9394166666668754,337,2,86.96575667655762,75.06999999999987,76,8.7
4,B,PREDATOR,336,-12.329999999999995,233,-0.9394166666668754,6,2,92.1249999999997,50.289999999999786,0,8.7
4,B,PREDATOR,337,-12.709999999999987,271,-0.9394166666668754,337,2,80.40626112759593,69.91124999999941,30,8.7
4,B,PREDATOR,338,6.774166666666021,434,-0.9394166666668754,4,2,89.90499999999962,32.26499999999999,2,8.7
4,B,PREDATOR,339,-12.689999999999987,269,-0.9394166666668754,337,2,87.80219584569713,48.99999999999977,1,8.7
4,B,PREDATOR,340,-13.03999999999998,304,-0.9394166666668754,337,2,78.75762611275904,51.49000000000007,23,8.7
4,B,PREDATOR,341,-13.03999999999998,304,-0.9394166666668754,4,2,91.9524999999997,43.69499999999981,2,8.7
4,B,PREDATOR,342,67.59583333333151,500,-0.9394166666668754,1,2,98.55999999999995,19.7174999999999,5,8.7
4,B,PREDATOR,343,7.738333333332696,374,-0.9394166666668754,4,2,88.98249999999959,25.905000000000364,2,8.7
4,B,PREDATOR,344,-12.449999999999992,245,-0.9394166666668754,5,2,88.67799999999957,56.12249999999941,1,8.7
4,B,PREDATOR,345,-12.129999999999999,213,-0.9394166666668754,6,2,92.51999999999971,49.83999999999997,0,8.7
4,B,PREDATOR,346,29.13749999999981,446,-0.9394166666668754,4,2,85.04499999999943,14.980000000000295,2,8.7
4,B,PREDATOR,347,-13.609999999999967,361,-0.9394166666668754,337,2,77.91329376854509,46.42000000000007,21,8.7
4,B,PREDATOR,348,-13.589999999999968,359,-0.9394166666668754,337,2,83.76649851631969,87.1299999999998,20,8.7
4,B,PREDATOR,349,8.82666666666629,387,-0.9394166666668754,4,2,92.2299999999997,7.090000000000266,2,8.7
4,B,PREDATOR,350,11.250833333332872,286,-0.9394166666668754,4,2,91.18749999999966,40.50000000000022,2,8.7
4,B,PREDATOR,351,61.005000000000194,500,-0.9394166666668754,3,3,90.32999999999963,13.005000000000225,3,8.7
4,B,PREDATOR,352,-12.669999999999987,267,-0.9394166666668754,4,2,85.96749999999946,37.39000000000005,2,8.7
4,B,PREDATOR,353,-12.309999999999995,231,-0.9394166666668754,5,2,85.89399999999947,53.13999999999962,1,8.7
4,B,PREDATOR,354,9.240833333332825,298,-0.9394166666668754,3,2,88.66999999999958,42.010000000000176,3,8.7
4,B,PREDATOR,355,7.34666666666603,370,-0.9394166666668754,2,2,97.5399999999999,42.186249999999724,4,8.7
4,B,PREDATOR,356,-13.339999999999973,334,-0.9394166666668754,5,2,85.75599999999946,32.88750000000054,1,8.7
4,B,PREDATOR,357,7.43416666666611,314,-0.9394166666668754,4,2,85.56999999999945,38.31999999999992,2,8.7
4,B,PREDATOR,358,-13.109999999999978,311,-0.9394166666668754,4,2,86.18499999999948,49.09999999999965,2,8.7
4,B,PREDATOR,359,-12.419999999999993,242,-0.9394166666668754,6,2,84.42999999999941,42.91000000000017,0,8.7
4,B,PREDATOR,360,705.2333333333327,500,-0.9394166666668754,337,14,88.25442136498476,71.86035714285701,178,8.7
4,B,PREDATOR,361,-13.659999999999966,366,-0.9394166666668754,5,2,95.00199999999981,35.40750000000008,1,8.7
4,B,PREDATOR,362,6.233333333332743,412,-0.9394166666668754,5,2,91.00599999999966,29.860000000000078,1,8.7
4,B,PREDATOR,363,11.573333333332778,355,-0.9394166666668754,337,2,80.41872403560777,29.650000000000396,1,8.7
4,B,PREDATOR,364,9.478333333332662,416,-0.9394166666668754,337,2,72.34308605341167,55.839999999999975,9,8.7
4,B,PREDATOR,365,8.780833333332966,335,-0.9394166666668754,5,2,88.20999999999955,32.95000000000016,1,8.7
4,B,PREDATOR,366,-12.409999999999993,241,-0.9394166666668754,5,2,91.35399999999967,52.20749999999967,1,8.7
4,B,PREDATOR,367,-13.309999999999974,331,-0.9394166666668754,6,2,91.66999999999969,34.78000000000026,0,8.7
4,B,PREDATOR,368,-12.899999999999983,290,-0.9394166666668754,3,2,89.6199999999996,52.40624999999967,3,8.7
4,B,PREDATOR,369,-13.209999999999976,321,-0.9394166666668754,5,2,96.07599999999985,43.6762499999998,1,8.7
4,B,PREDATOR,370,-12.809999999999985,281,-0.9394166666668754,5,2,91.9899999999997,38.950000000000244,1,8.7
4,B,PREDATOR,371,8.309166666665961,429,-0.9394166666668754,3,2,89.13999999999959,32.306250000000105,3,8.7
4,B,PREDATOR,372,-12.98999999999998,299,-0.9394166666668754,337,2,76.72715133531091,42.27374999999979,1,8.7
4,B,PREDATOR,373,-12.959999999999981,296,-0.9394166666668754,4,2,92.10249999999971,51.41249999999948,2,8.7
4,B,PREDATOR,374,39.56416666666691,500,-0.9394166666668754,337,1,88.71667655786338,1.5975000000002177,3,8.7
4,B,PREDATOR,375,63.68499999999865,500,-0.9394166666668754,2,3,97.02999999999989,8.395833333333577,4,8.7
4,B,PREDATOR,376,-13.05999999999998,306,-0.9394166666668754,3,2,90.86999999999966,51.219999999999615,3,8.7
4,B,PREDATOR,377,10.628333333332884,355,-0.9394166666668754,5,2,88.20999999999955,30.100000000000257,1,8.7
4,B,PREDATOR,378,32.01416666666714,409,-0.9394166666668754,1,2,87.27999999999952,38.261249999999755,5,8.7
4,B,PREDATOR,379,-12.289999999999996,229,-0.9394166666668754,6,2,88.65999999999957,44.77000000000022,0,8.7
4,B,PREDATOR,380,-12.189999999999998,219,-0.9394166666668754,273,2,74.90677655677653,55.40999999999957,1,8.7
4,B,PREDATOR,381,-12.809999999999985,281,-0.9394166666668754,337,2,79.04537091988072,74.28999999999994,55,8.7
4,B,PREDATOR,382,7.382499999999494,276,-0.9394166666668754,2,2,88.77999999999957,52.77624999999966,4,8.7
4,B,PREDATOR,383,9.573333333332771,339,-0.9394166666668754,4,2,90.45999999999964,34.23000000000052,2,8.7
4,B,PREDATOR,384,8.43583333333268,392,-0.9394166666668754,5,2,91.9179999999997,31.510000000000154,1,8.7
4,B,PREDATOR,385,10.21083333333267,417,-0.9394166666668754,337,2,76.56311572700199,46.44999999999992,25,8.7
4,B,PREDATOR,386,33.11500000000058,427,-0.9394166666668754,4,2,91.63749999999968,9.910000000000231,2,8.7
4,B,PREDATOR,387,-12.199999999999998,220,-0.9394166666668754,3,2,96.19999999999986,63.35874999999919,3,8.7
4,B,PREDATOR,388,-12.359999999999994,236,-0.9394166666668754,337,4,81.47697329376803,65.93999999999993,49,8.7
4,B,PREDATOR,389,-12.189999999999998,219,-0.9394166666668754,6,2,91.9599999999997,48.670000000000016,0,8.7
4,B,PREDATOR,390,29.237499999999912,334,-0.9394166666668754,4,2,96.36999999999986,30.970000000000383,2,8.7
4,B,PREDATOR,391,29.097500000000004,483,-0.9394166666668754,4,2,92.49249999999972,9.640000000000267,2,8.7
4,B,PREDATOR,392,4123.752499999982,500,-0.9394166666668754,337,1,79.64988130563695,98.79999999999995,182,8.7
4,B,PREDATOR,393,-12.199999999999998,220,-0.9394166666668754,6,2,85.24999999999945,49.29999999999994,0,8.7
4,B,PREDATOR,394,-12.269999999999996,227,-0.9394166666668754,5,2,92.82399999999973,48.033750000000055,1,8.7
4,B,PREDATOR,395,-12.889999999999983,289,-0.9394166666668754,337,2,82.94373887240309,34.27000000000026,0,8.7
4,B,PREDATOR,396,-12.189999999999998,219,-0.9394166666668754,5,2,92.0319999999997,48.28874999999968,1,8.7
4,B,PREDATOR,397,-12.859999999999983,286,-0.9394166666668754,337,2,79.41985163204687,54.97375000000001,2,8.7
4,B,PREDATOR,398,-12.08,208,-0.9394166666668754,4,2,89.82249999999962,55.77874999999972,2,8.7
4,B,PREDATOR,399,-12.239999999999997,224,-0.9394166666668754,337,2,89.45183976261107,37.42000000000031,0,8.7
4,B,PREDATOR,400,12.29333333333289,283,-0.9394166666668754,3,2,88.19999999999955,42.79000000000009,3,8.7
4,B,PREDATOR,401,9.98666666666614,319,-0.9394166666668754,3,2,94.13999999999977,50.069999999999894,3,8.7
4,B,PREDATOR,402,6.622499999999375,352,-0.9394166666668754,3,2,90.85999999999966,37.26874999999991,3,8.7
4,B,PREDATOR,403,-12.98999999999998,299,-0.9394166666668754,337,2,84.32454005934682,38.94999999999995,1,8.7
4,B,PREDATOR,404,-12.58999999999999,259,-0.9394166666668754,337,2,88.50370919881291,34.27000000000049,0,8.7
4,B,PREDATOR,405,536.232499999993,500,-0.9394166666668754,337,16,89.14272997032613,63.278906249999835,249,8.7
4,B,PREDATOR,406,-13.659999999999966,366,-0.9394166666668754,5,2,86.7159999999995,38.894999999999825,1,8.7
4,B,PREDATOR,407,11.239166666666074,379,-0.9394166666668754,4,2,90.12249999999962,28.38999999999998,2,8.7
4,B,PREDATOR,408,32.850000000000286,332,-0.9394166666668754,4,2,93.24249999999975,41.70999999999984,2,8.7
4,B,PREDATOR,409,11.255833333332893,272,-0.9394166666668754,4,2,92.67999999999972,48.19874999999975,2,8.7
4,B,PREDATOR,410,10.125833333332602,466,-0.9394166666668754,5,2,87.93399999999954,2.6800000000003896,1,8.7
4,B,PREDATOR,411,-13.159999999999977,316,-0.9394166666668754,3,2,93.77999999999976,50.688749999999786,3,8.7
4,B,PREDATOR,412,-13.259999999999975,326,-0.9394166666668754,4,2,85.35999999999945,41.71124999999995,2,8.7
4,B,PREDATOR,413,-12.57999999999999,258,-0.9394166666668754,337,2,76.68718100890139,47.73999999999984,0,8.7
4,B,PREDATOR,414,-12.189999999999998,219,-0.9394166666668754,230,2,74.72921739130432,53.23874999999967,1,8.7
4,B,PREDATOR,415,-12.239999999999997,224,-0.9394166666668754,337,2,88.34878338278911,64.30000000000021,28,8.7
4,B,PREDATOR,416,83.65083333333202,500,-0.9394166666668754,1,3,96.39999999999986,35.95416666666609,5,8.7
4,B,PREDATOR,417,9.184166666666078,355,-0.9394166666668754,4,2,89.00499999999958,39.9999999999999,2,8.7
4,B,PREDATOR,418,8.923333333332822,296,-0.9394166666668754,337,2,85.53578635014807,53.23624999999964,3,8.7
4,B,PREDATOR,419,-12.599999999999989,260,-0.9394166666668754,337,2,87.804777448071,47.011249999999855,2,8.7
4,B,PREDATOR,420,31.543333333333315,422,-0.9394166666668754,2,2,90.93999999999966,30.664999999999765,4,8.7
4,B,PREDATOR,421,-12.809999999999985,281,-0.9394166666668754,337,2,87.93329376854575,32.53000000000024,0,8.7
4,B,PREDATOR,422,-13.189999999999976,319,-0.9394166666668754,4,2,93.72249999999977,46.636249999999684,2,8.7
4,B,PREDATOR,423,-12.639999999999988,264,-0.9394166666668754,6,2,91.72499999999968,37.87000000000016,0,8.7
4,B,PREDATOR,424,-12.439999999999992,244,-0.9394166666668754,5,2,89.81799999999961,38.490000000000194,1,8.7
4,B,PREDATOR,425,5388.612499999966,500,-0.9394166666668754,337,3,82.93839762611209,93.43999999999994,299,8.7
4,B,PREDATOR,426,11.513333333332769,361,-0.9394166666668754,2,2,87.87999999999954,40.02999999999972,4,8.7
4,B,PREDATOR,427,-12.739999999999986,274,-0.9394166666668754,4,2,83.10999999999936,53.66249999999951,2,8.7
4,B,PREDATOR,428,33.26333333333385,396,-0.9394166666668754,3,2,90.59999999999964,29.710000000000107,3,8.7
4,B,PREDATOR,429,-12.959999999999981,296,-0.9394166666668754,337,2,80.79982195845648,36.40000000000016,1,8.7
4,B,PREDATOR,430,-13.05999999999998,306,-0.9394166666668754,5,2,88.62399999999957,40.71750000000027,1,8.7
4,B,PREDATOR,431,9.035833333332812,305,-0.9394166666668754,337,2,86.88979228486619,27.25000000000045,1,8.7
4,B,PREDATOR,432,-12.129999999999999,213,-0.9394166666668754,6,2,91.09999999999967,41.440000000000154,0,8.7
4,B,PREDATOR,433,-12.339999999999995,234,-0.9394166666668754,5,2,89.71599999999961,48.18374999999972,1,8.7
4,B,PREDATOR,434,-12.159999999999998,216,-0.9394166666668754,6,2,88.75499999999958,49.92999999999991,0,8.7
4,B,PREDATOR,435,-12.159999999999998,216,-0.9394166666668754,4,2,90.63999999999965,57.826249999999646,2,8.7
4,B,PREDATOR,436,-12.839999999999984,284,-0.9394166666668754,337,2,70.99750741839682,60.33999999999982,4,8.7
4,B,PREDATOR,437,6.334999999999342,374,-0.9394166666668754,3,2,88.25999999999955,40.519999999999825,3,8.7
4,B,PREDATOR,438,27.88000000000048,322,-0.9394166666668754,4,2,92.94999999999973,34.06000000000019,2,8.7
4,B,PREDATOR,439,-13.789999999999964,379,-0.9394166666668754,2,2,83.00499999999936,30.700000000000287,4,8.7
4,B,PREDATOR,440,-13.109999999999978,311,-0.9394166666668754,6,2,89.3799999999996,32.23000000000057,0,8.7
4,B,PREDATOR,441,-13.05999999999998,306,-0.9394166666668754,337,2,78.22759643916848,27.280000000000484,0,8.7
4,B,PREDATOR,442,162.5624999999976,500,-0.9394166666668754,337,3,80.77578635014748,81.0449999999994,85,8.7
4,B,PREDATOR,443,-13.559999999999969,356,-0.9394166666668754,5,2,93.42399999999975,34.567500000000116,1,8.7
4,B,PREDATOR,444,-13.409999999999972,341,-0.9394166666668754,4,2,90.45999999999964,36.086250000000135,2,8.7
4,B,PREDATOR,445,-12.55999999999999,256,-0.9394166666668754,337,2,89.70531157270013,48.27999999999987,1,8.7
4,B,PREDATOR,446,-12.98999999999998,299,-0.9394166666668754,5,2,89.3559999999996,43.76250000000023,1,8.7
4,B,PREDATOR,447,9.031666666666007,404,-0.9394166666668754,4,2,90.01749999999961,22.59999999999998,2,8.7
4,B,PREDATOR,448,-13.709999999999965,371,-0.9394166666668754,337,2,73.50314540059267,28.51000000000015,1,8.7
4,B,PREDATOR,449,-12.359999999999994,236,-0.9394166666668754,4,2,87.48999999999953,57.037499999999476,2,8.7
4,B,PREDATOR,450,-12.209999999999997,221,-0.9394166666668754,6,2,89.3649999999996,48.28000000000003,0,8.7
4,B,PREDATOR,451,65.60499999999773,500,-0.9394166666668754,2,3,96.02499999999985,8.020000000000074,4,8.7
4,B,PREDATOR,452,10.533333333332768,351,-0.9394166666668754,1,2,87.99999999999955,52.72874999999944,5,8.7
4,B,PREDATOR,453,7.344166666665982,404,-0.9394166666668754,4,2,91.56999999999968,22.455000000000304,2,8.7
4,B,PREDATOR,454,-12.749999999999986,275,-0.9394166666668754,6,2,89.03999999999958,37.60000000000005,0,8.7
4,B,PREDATOR,455,42.20333333333344,500,-0.9394166666668754,2,3,92.43999999999971,19.9766666666666,4,8.7
4,B,PREDATOR,456,6.689166666666031,441,-0.9394166666668754,4,1,91.29249999999968,8.480000000000542,2,8.7
4,B,PREDATOR,457,-13.02999999999998,303,-0.9394166666668754,3,2,91.07999999999966,44.956249999999756,3,8.7
4,B,PREDATOR,458,-12.939999999999982,294,-0.9394166666668754,5,2,91.37199999999967,38.66250000000025,1,8.7
4,B,PREDATOR,459,12.213333333332878,291,-0.9394166666668754,2,2,88.74999999999957,45.66999999999989,4,8.7
4,B,PREDATOR,460,-12.339999999999995,234,-0.9394166666668754,4,2,92.31249999999972,54.639999999999624,2,8.7
4,B,PREDATOR,461,10.97083333333279,341,-0.9394166666668754,5,2,95.88399999999984,36.28000000000013,1,8.7
4,B,PREDATOR,462,-12.959999999999981,296,-0.9394166666668754,5,2,91.14399999999966,44.61999999999993,1,8.7
4,B,PREDATOR,463,9.775833333332857,366,-0.9394166666668754,337,2,77.37792284866403,26.38000000000011,1,8.7
4,B,PREDATOR,464,-12.409999999999993,241,-0.9394166666668754,4,2,97.56999999999991,46.2974999999999,2,8.7
4,B,PREDATOR,465,30.958333333333343,472,-0.9394166666668754,3,2,91.06999999999967,23.520000000000557,3,8.7
4,B,PREDATOR,466,9.573333333332618,447,-0.9394166666668754,337,2,81.13329376854544,62.830000000000034,206,8.7
4,B,PREDATOR,467,32.05416666666657,440,-0.9394166666668754,3,2,94.35999999999979,19.78000000000018,3,8.7
4,B,PREDATOR,468,-13.109999999999978,311,-0.9394166666668754,337,2,71.43091988130482,57.35749999999945,27,8.7
4,B,PREDATOR,469,-12.959999999999981,296,-0.9394166666668754,337,2,86.27430267062286,79.65999999999944,13,8.7
4,B,PREDATOR,470,-12.159999999999998,216,-0.9394166666668754,6,2,94.30999999999979,42.13000000000024,0,8.7
4,B,PREDATOR,471,-12.709999999999987,271,-0.9394166666668754,6,2,85.85999999999946,47.079999999999814,0,8.7
4,B,PREDATOR,472,33.87500000000042,324,-0.9394166666668754,4,2,91.68999999999969,37.270000000000195,2,8.7
4,B,PREDATOR,473,7.701666666665952,429,-0.9394166666668754,4,2,88.20999999999955,21.370000000000182,2,8.7
4,B,PREDATOR,474,10.3233333333327,399,-0.9394166666668754,5,2,85.46199999999945,24.520000000000408,1,8.7
4,B,PREDATOR,475,-12.149999999999999,215,-0.9394166666668754,337,2,87.0486053412461,70.00000000000018,114,8.7
4,B,PREDATOR,476,8.5658333333327,379,-0.9394166666668754,4,2,87.99999999999955,38.07749999999982,2,8.7
4,B,PREDATOR,477,31.41916666666706,409,-0.9394166666668754,3,2,88.43999999999956,19.420000000000183,3,8.7
4,B,PREDATOR,478,-12.289999999999996,229,-0.9394166666668754,3,2,90.45999999999964,59.111249999999345,3,8.7
4,B,PREDATOR,479,-13.00999999999998,301,-0.9394166666668754,337,2,80.49682492581546,42.21000000000011,1,8.7
4,B,PREDATOR,480,-12.259999999999996,226,-0.9394166666668754,337,2,85.47768545994032,35.68000000000043,0,8.7
4,B,PREDATOR,481,-12.839999999999984,284,-0.9394166666668754,337,2,84.04537091988088,67.87375000000027,3,8.7
4,B,PREDATOR,482,-13.00999999999998,301,-0.9394166666668754,337,2,85.95112759643911,35.830000000000396,0,8.7
4,B,PREDATOR,483,-13.05999999999998,306,-0.9394166666668754,5,2,92.84199999999973,47.85999999999966,1,8.7
4,B,PREDATOR,484,-12.12,212,-0.9394166666668754,3,2,87.0599999999995,64.32999999999954,3,8.7
4,B,PREDATOR,485,-12.289999999999996,229,-0.9394166666668754,4,2,92.46999999999971,52.179999999999836,2,8.7
4,B,PREDATOR,486,-12.939999999999982,294,-0.9394166666668754,4,2,89.4099999999996,46.2699999999999,2,8.7
4,B,PREDATOR,487,-12.55999999999999,256,-0.9394166666668754,5,2,85.14999999999944,52.74374999999962,1,8.7
4,B,PREDATOR,488,9.950833333332708,389,-0.9394166666668754,4,2,90.33249999999964,27.307500000000356,2,8.7
4,B,PREDATOR,489,10.80666666666623,348,-0.9394166666668754,3,2,97.1599999999999,42.39000000000011,3,8.7
4,B,PREDATOR,490,8.326666666665991,407,-0.9394166666668754,4,2,90.54999999999964,31.998750000000136,2,8.7
4,B,PREDATOR,491,-13.559999999999969,356,-0.9394166666668754,6,2,91.63999999999969,34.03000000000017,0,8.7
4,B,PREDATOR,492,-13.339999999999973,334,-0.9394166666668754,337,2,78.20605341246223,31.023750000000415,1,8.7
4,B,PREDATOR,493,-13.439999999999971,344,-0.9394166666668754,3,2,96.07999999999986,49.55624999999975,4,8.7
4,B,PREDATOR,494,-12.309999999999995,231,-0.9394166666668754,5,2,85.18599999999944,41.230000000000004,1,8.7
4,B,PREDATOR,495,8.239166666666025,382,-0.9394166666668754,4,2,91.11999999999966,28.78000000000001,2,8.7
4,B,PREDATOR,496,-12.169999999999998,217,-0.9394166666668754,337,2,83.1888130563794,51.4599999999998,2,8.7
4,B,PREDATOR,497,-12.859999999999983,286,-0.9394166666668754,6,2,91.75999999999969,29.83000000000022,0,8.7
4,B,PREDATOR,498,-13.209999999999976,321,-0.9394166666668754,5,2,94.04799999999977,40.78125,1,8.7
4,B,PREDATOR,499,-12.889999999999983,289,-0.9394166666668754,337,2,77.42676557863435,47.379999999999725,1,8.7
4,B,PREDATOR,500,-13.05999999999998,306,-0.9394166666668754,5,2,93.85599999999977,41.71000000000005,1,8.7
5,A,PREY,1,2224.3799999999974,500,14733.88399999988,6,1,96.32999999999986,3.39999999999982,1,1.0
5,A,PREY,2,22.340000000000018,15,14733.88399999988,6,2,96.39499999999987,89.35,1,1.0
5,A,PREY,3,1384.5900000000036,500,14733.88399999988,7,0,90.51571428571391,0.0,0,1.0
5,A,PREY,4,1864.4700000000046,500,14733.88399999988,5,0,92.90199999999973,0.0,2,1.0
5,A,PREY,5,1584.5400000000045,500,14733.88399999988,338,0,76.78198224851971,0.0,2,1.0
5,A,PREY,6,2144.4000000000005,500,14733.88399999988,6,0,93.05999999999973,0.0,1,1.0
5,A,PREY,7,2424.3299999999927,500,14733.88399999988,338,1,78.8677514792886,2.6199999999992967,1,1.0
5,A,PREY,8,103.85000000000001,12,14733.88399999988,6,2,97.02999999999987,89.97999999999999,1,1.0
5,A,PREY,9,700.5500000000013,175,14733.88399999988,15,2,94.72199999999988,47.74875000000005,1,1.0
5,A,PREY,10,2984.189999999978,500,14733.88399999988,7,0,88.20999999999955,0.0,0,1.0
5,A,PREY,11,2984.1899999999755,500,14733.88399999988,7,0,91.89571428571399,0.0,0,1.0
5,A,PREY,12,2664.269999999988,500,14733.88399999988,338,0,81.29091715976222,0.0,0,1.0
5,A,PREY,13,3384.0899999999738,500,14733.88399999988,338,0,79.02405325443644,0.0,1,1.0
5,A,PREY,14,1017.9200000000012,180,14733.88399999988,8,2,78.17999999999962,44.63249999999995,1,1.0
5,A,PREY,15,3144.1499999999714,500,14733.88399999988,338,0,79.17266272189208,0.0,1,1.0
5,A,PREY,16,96.19999999999993,27,14733.88399999988,6,2,93.57999999999976,86.24249999999995,1,1.0
5,A,PREY,17,3224.1299999999737,500,14733.88399999988,7,0,92.645714285714,0.0,0,1.0
5,A,PREY,18,2824.229999999976,500,14733.88399999988,338,0,78.49053254437761,0.0,0,1.0
5,A,PREY,19,3304.1099999999633,500,14733.88399999988,7,0,88.59999999999957,0.0,0,1.0
5,A,PREY,20,2786.239999999969,500,14733.88399999988,338,0,78.53736686390467,0.0,0,1.0
5,A,PREY,21,3544.0499999999643,500,14733.88399999988,7,0,89.87714285714249,0.0,0,1.0
5,A,PREY,22,3823.9799999999655,500,14733.88399999988,338,0,83.35517751479176,0.0,0,1.0
5,A,PREY,23,3783.9899999999666,500,14733.88399999988,338,0,79.57565088757258,0.0,1,1.0
5,A,PREY,24,3064.169999999964,500,14733.88399999988,5,0,93.15999999999974,0.0,2,1.0
5,A,PREY,25,3544.049999999968,500,14733.88399999988,338,0,82.65304733727693,0.0,0,1.0
5,A,PREY,26,4023.9299999999594,500,14733.88399999988,338,0,86.34949704141972,0.0,0,1.0
5,A,PREY,27,3504.059999999967,500,14733.88399999988,338,0,79.97576923076802,0.0,0,1.0
5,A,PREY,28,2293.9399999999987,344,14733.88399999988,5,1,93.39399999999975,28.204999999999664,2,1.0
5,A,PREY,29,4583.789999999957,500,14733.88399999988,7,0,89.4399999999996,0.0,0,1.0
5,A,PREY,30,85.4899999999998,48,14733.88399999988,6,2,88.08499999999954,77.56499999999986,1,1.0
5,A,PREY,31,3664.019999999965,500,14733.88399999988,338,1,82.59251479289824,4.922499999999592,3,1.0
5,A,PREY,32,4383.839999999955,500,14733.88399999988,338,1,80.89582840236567,5.499999999999882,0,1.0
5,A,PREY,33,4583.789999999944,500,14733.88399999988,7,0,93.90571428571407,0.0,0,1.0
5,A,PREY,34,1703.8700000000017,168,14733.88399999988,337,3,88.80284866468833,15.675000000000153,3,1.0
5,A,PREY,35,797.6600000000007,63,14733.88399999988,6,2,83.48499999999937,80.03999999999985,1,1.0
5,A,PREY,36,3983.9399999999723,500,14733.88399999988,338,0,82.98414201183311,0.0,0,1.0
5,A,PREY,37,4463.819999999953,500,14733.88399999988,6,1,96.31499999999987,5.379999999999413,1,1.0
5,A,PREY,38,4183.889999999961,500,14733.88399999988,338,0,80.03914201183322,0.0,0,1.0
5,A,PREY,39,5423.579999999938,500,14733.88399999988,7,0,90.32714285714249,0.0,0,1.0
5,A,PREY,40,262.79,14,14733.88399999988,6,2,96.81499999999988,90.15999999999998,1,1.0
5,A,PREY,41,5023.679999999948,500,14733.88399999988,7,0,91.63857142857113,0.0,0,1.0
5,A,PREY,42,5183.639999999946,500,14733.88399999988,6,0,92.06499999999971,0.0,1,1.0
5,A,PREY,43,4783.739999999947,500,14733.88399999988,7,0,90.81142857142822,0.0,0,1.0
5,A,PREY,44,4463.819999999963,500,14733.88399999988,338,2,87.4267751479281,89.20124999999942,57,1.0
5,A,PREY,45,5223.62999999994,500,14733.88399999988,7,0,95.01571428571411,0.0,0,1.0
5,A,PREY,46,1303.4600000000014,169,14733.88399999988,131,2,80.21206106870228,59.41874999999999,1,1.0
5,A,PREY,47,793.0700000000006,72,14733.88399999988,5,2,82.74399999999935,87.22999999999976,2,1.0
5,A,PREY,48,2838.589999999991,217,14733.88399999988,337,2,90.74468842729952,44.09249999999999,1,1.0
5,A,PREY,49,5783.489999999933,500,14733.88399999988,338,1,83.43230769230657,7.899999999999845,0,1.0
5,A,PREY,50,26.42000000000001,7,14733.88399999988,5,2,98.37999999999994,99.16,2,1.0
5,A,PREY,51,5423.579999999948,500,14733.88399999988,6,0,92.98999999999974,0.0,1,1.0
5,A,PREY,52,5623.529999999951,500,14733.88399999988,5,1,93.88599999999977,8.81749999999928,2,1.0
5,A,PREY,53,6103.4099999999335,500,14733.88399999988,338,0,86.94497041420013,0.0,0,1.0
5,A,PREY,54,4693.849999999969,343,14733.88399999988,337,2,77.80602373887174,53.939999999999344,2,1.0
5,A,PREY,55,5103.659999999948,500,14733.88399999988,338,0,80.46905325443672,0.0,0,1.0
5,A,PREY,56,2943.2599999999925,247,14733.88399999988,337,1,82.26545994065229,64.56499999999974,2,1.0
5,A,PREY,57,6343.349999999927,500,14733.88399999988,5,0,92.73999999999972,0.0,2,1.0
5,A,PREY,58,65.89999999999999,8,14733.88399999988,6,2,98.10999999999991,90.82,1,1.0
5,A,PREY,59,2798.599999999994,217,14733.88399999988,337,2,91.64089020771502,61.25624999999953,1,1.0
5,A,PREY,60,3166.159999999991,202,14733.88399999988,337,2,83.6250741839757,34.71000000000035,1,1.0
5,A,PREY,61,5903.459999999936,500,14733.88399999988,6,0,92.1299999999997,0.0,1,1.0
5,A,PREY,62,7023.179999999925,500,14733.88399999988,6,0,90.08999999999962,0.0,1,1.0
5,A,PREY,63,2610.5899999999933,272,14733.88399999988,337,2,89.0421661721066,37.80749999999993,1,1.0
5,A,PREY,64,6983.189999999917,500,14733.88399999988,338,1,84.19538461538369,74.25999999999966,62,1.0
5,A,PREY,65,757.6700000000005,63,14733.88399999988,5,2,86.28999999999948,85.4812499999999,2,1.0
5,A,PREY,66,6903.2099999999255,500,14733.88399999988,7,0,90.93999999999964,0.0,0,1.0
5,A,PREY,67,27.440000000000005,5,14733.88399999988,6,2,98.91999999999996,91.44999999999999,1,1.0
5,A,PREY,68,6303.359999999926,500,14733.88399999988,5,0,92.43999999999971,0.0,2,1.0
5,A,PREY,69,846.3200000000005,46,14733.88399999988,5,2,89.46999999999962,95.24999999999983,2,1.0
5,A,PREY,70,6663.26999999993,500,14733.88399999988,338,0,78.48798816567952,0.0,0,1.0
5,A,PREY,71,3352.5499999999874,307,14733.88399999988,5,1,87.93999999999954,67.64249999999936,2,1.0
5,A,PREY,72,6023.429999999945,500,14733.88399999988,6,1,91.54499999999969,16.77999999999922,1,1.0
5,A,PREY,73,7143.149999999917,500,14733.88399999988,6,0,90.10499999999963,0.0,1,1.0
5,A,PREY,74,7263.119999999915,500,14733.88399999988,338,0,74.09908284023568,0.0,1,1.0
5,A,PREY,75,7183.139999999919,500,14733.88399999988,6,0,92.49999999999972,0.0,1,1.0
5,A,PREY,76,881.7200000000006,55,14733.88399999988,3,2,87.26999999999953,80.94999999999997,4,1.0
5,A,PREY,77,7822.979999999921,500,14733.88399999988,338,0,73.89784023668555,0.0,0,1.0
5,A,PREY,78,6623.279999999934,500,14733.88399999988,338,0,78.28686390532442,0.0,0,1.0
5,A,PREY,79,8102.909999999912,500,14733.88399999988,7,0,95.18285714285696,0.0,0,1.0
5,A,PREY,80,7663.019999999918,500,14733.88399999988,6,0,93.31999999999975,0.0,1,1.0
5,A,PREY,81,3451.3999999999915,270,14733.88399999988,337,2,87.56516320474756,38.96624999999982,1,1.0
5,A,PREY,82,27.950000000000003,4,14733.88399999988,6,2,99.18999999999996,91.66,1,1.0
5,A,PREY,83,3592.2799999999907,229,14733.88399999988,337,2,87.84338278931723,63.409999999999506,2,1.0
5,A,PREY,84,7543.049999999914,500,14733.88399999988,6,0,92.19499999999971,0.0,1,1.0
5,A,PREY,85,7583.03999999992,500,14733.88399999988,5,0,91.74399999999969,0.0,2,1.0
5,A,PREY,86,3830.1799999999844,233,14733.88399999988,6,2,89.72999999999962,38.25749999999992,1,1.0
5,A,PREY,87,963.2300000000006,52,14733.88399999988,6,2,88.92999999999957,77.44499999999991,1,1.0
5,A,PREY,88,8222.879999999908,500,14733.88399999988,7,0,90.99999999999966,0.0,0,1.0
5,A,PREY,89,7463.069999999927,500,14733.88399999988,338,0,85.27322485206997,0.0,0,1.0
5,A,PREY,90,8782.7399999999,500,14733.88399999988,338,0,78.20275147928892,0.0,0,1.0
5,A,PREY,91,7663.019999999923,500,14733.88399999988,338,0,80.35387573964373,0.0,1,1.0
5,A,PREY,92,195.26000000000016,68,14733.88399999988,6,2,85.47499999999944,77.57249999999979,1,1.0
5,A,PREY,93,8262.86999999991,500,14733.88399999988,7,0,92.80428571428544,0.0,0,1.0
5,A,PREY,94,8022.929999999917,500,14733.88399999988,7,0,92.47857142857114,0.0,0,1.0
5,A,PREY,95,7583.039999999927,500,14733.88399999988,338,0,83.26008875739599,0.0,1,1.0
5,A,PREY,96,8702.759999999906,500,14733.88399999988,338,0,78.46627218934778,0.0,0,1.0
5,A,PREY,97,9622.529999999893,500,14733.88399999988,6,1,95.91999999999985,1.7799999999991627,1,1.0
5,A,PREY,98,7343.099999999924,500,14733.88399999988,7,0,92.86428571428544,0.0,0,1.0
5,A,PREY,99,7463.069999999923,500,14733.88399999988,338,0,75.13177514792899,0.0,1,1.0
5,A,PREY,100,9022.679999999902,500,14733.88399999988,338,0,82.84082840236573,0.0,1,1.0
5,A,PREY,101,7423.079999999927,500,14733.88399999988,338,0,79.93044378698113,0.0,0,1.0
5,A,PREY,102,3495.259999999989,184,14733.88399999988,337,2,87.13884272996992,60.352499999999765,1,1.0
5,A,PREY,103,8582.789999999906,500,14733.88399999988,6,0,91.85999999999969,0.0,1,1.0
5,A,PREY,104,4470.019999999986,233,14733.88399999988,337,2,80.42252225519229,62.666249999999536,4,1.0
5,A,PREY,105,5007.439999999974,277,14733.88399999988,4,2,89.11749999999958,56.66124999999943,3,1.0
5,A,PREY,106,735.7400000000005,106,14733.88399999988,5,2,92.2599999999997,73.23124999999987,2,1.0
5,A,PREY,107,213.32000000000022,111,14733.88399999988,21,2,95.25904761904746,57.7462500000001,1,1.0
5,A,PREY,108,9622.529999999893,500,14733.88399999988,71,0,86.16816901408447,0.0,0,1.0
5,A,PREY,109,8222.87999999991,500,14733.88399999988,338,0,78.79127218934798,0.0,0,1.0
5,A,PREY,110,9622.529999999895,500,14733.88399999988,7,0,90.42999999999964,0.0,0,1.0
5,A,PREY,111,9022.679999999913,500,14733.88399999988,338,0,79.81698224851944,0.0,0,1.0
5,A,PREY,112,418.6700000000002,22,14733.88399999988,5,2,94.32999999999979,99.82124999999995,2,1.0
5,A,PREY,113,9102.65999999991,500,14733.88399999988,7,0,90.93142857142823,0.0,0,1.0
5,A,PREY,114,10062.419999999896,500,14733.88399999988,6,0,94.98999999999982,0.0,1,1.0
5,A,PREY,115,3108.1099999999974,159,14733.88399999988,19,2,80.37526315789465,72.74624999999956,2,1.0
5,A,PREY,116,8822.729999999903,500,14733.88399999988,7,0,92.41857142857114,0.0,0,1.0
5,A,PREY,117,9462.569999999896,500,14733.88399999988,7,0,88.12428571428528,0.0,0,1.0
5,A,PREY,118,9022.6799999999,500,14733.88399999988,338,1,76.12005917159662,4.419999999999306,1,1.0
5,A,PREY,119,9942.449999999892,500,14733.88399999988,338,0,71.94044378698064,0.0,0,1.0
5,A,PREY,120,3575.2399999999943,184,14733.88399999988,265,2,82.51705660377357,45.12000000000006,1,1.0
5,A,PREY,121,9102.659999999913,500,14733.88399999988,5,0,94.07799999999978,0.0,2,1.0
5,A,PREY,122,9822.479999999896,500,14733.88399999988,338,0,80.45911242603432,0.0,0,1.0
5,A,PREY,123,145.88000000000002,8,14733.88399999988,6,2,98.10999999999991,90.82,1,1.0
5,A,PREY,124,8462.81999999992,500,14733.88399999988,338,0,82.56278106508758,0.0,0,1.0
5,A,PREY,125,9262.619999999913,500,14733.88399999988,7,0,91.1328571428568,0.0,0,1.0
5,A,PREY,126,6143.179999999956,324,14733.88399999988,3,2,91.05999999999966,54.56999999999952,4,1.0
5,A,PREY,127,9502.559999999905,500,14733.88399999988,6,0,91.65499999999969,0.0,1,1.0
5,A,PREY,128,9742.499999999905,500,14733.88399999988,4,0,91.04499999999966,0.0,3,1.0
5,A,PREY,129,9462.569999999903,500,14733.88399999988,7,0,92.67142857142828,0.0,0,1.0
5,A,PREY,130,2216.9,103,14733.88399999988,6,2,90.09499999999963,71.57249999999985,1,1.0
5,A,PREY,131,10782.239999999889,500,14733.88399999988,338,0,78.63236686390437,0.0,0,1.0
5,A,PREY,132,9102.659999999913,500,14733.88399999988,338,0,83.67109467455501,0.0,0,1.0
5,A,PREY,133,9902.459999999906,500,14733.88399999988,6,0,94.7799999999998,0.0,1,1.0
5,A,PREY,134,26.930000000000014,6,14733.88399999988,6,2,98.64999999999996,91.24,1,1.0
5,A,PREY,135,1259.6900000000007,98,14733.88399999988,128,2,84.33976562499998,82.43999999999987,2,1.0
5,A,PREY,136,11.63,36,14733.88399999988,5,2,90.60999999999963,89.3587499999999,2,1.0
5,A,PREY,137,9422.579999999909,500,14733.88399999988,6,0,95.06999999999982,0.0,1,1.0
5,A,PREY,138,10142.399999999894,500,14733.88399999988,5,0,91.32399999999969,0.0,2,1.0
5,A,PREY,139,10902.209999999886,500,14733.88399999988,6,0,92.66499999999974,0.0,1,1.0
5,A,PREY,140,10102.409999999893,500,14733.88399999988,338,0,80.7195857988153,0.0,0,1.0
5,A,PREY,141,10822.229999999885,500,14733.88399999988,6,0,92.47999999999972,0.0,1,1.0
5,A,PREY,142,92.62999999999998,34,14733.88399999988,6,2,91.65999999999968,87.5024999999999,1,1.0
5,A,PREY,143,282.8900000000001,53,14733.88399999988,20,2,94.16299999999987,90.86999999999989,2,1.0
5,A,PREY,144,8222.879999999928,500,14733.88399999988,7,0,93.03571428571402,0.0,0,1.0
5,A,PREY,145,251.06000000000006,37,14733.88399999988,6,2,91.57999999999969,83.45999999999992,1,1.0
5,A,PREY,146,8862.719999999923,500,14733.88399999988,7,0,90.83714285714252,0.0,0,1.0
5,A,PREY,147,10942.199999999888,500,14733.88399999988,6,0,90.13499999999964,0.0,1,1.0
5,A,PREY,148,2422.1599999999994,171,14733.88399999988,337,2,91.61118694362007,65.87999999999971,1,1.0
5,A,PREY,149,9142.649999999916,500,14733.88399999988,7,0,90.17285714285677,0.0,0,1.0
5,A,PREY,150,11262.119999999884,500,14733.88399999988,6,0,92.55999999999972,0.0,1,1.0
5,A,PREY,151,10262.369999999903,500,14733.88399999988,7,0,93.44714285714261,0.0,0,1.0
5,A,PREY,152,10702.259999999898,500,14733.88399999988,338,1,76.8797337278096,1.8999999999998023,0,1.0
5,A,PREY,153,9982.439999999902,500,14733.88399999988,7,0,90.12571428571391,0.0,0,1.0
5,A,PREY,154,9942.449999999903,500,14733.88399999988,6,0,94.33999999999979,0.0,1,1.0
5,A,PREY,155,10462.319999999896,500,14733.88399999988,7,0,89.75714285714248,0.0,0,1.0
5,A,PREY,156,12141.899999999881,500,14733.88399999988,7,0,91.91714285714254,0.0,0,1.0
5,A,PREY,157,9982.439999999904,500,14733.88399999988,7,0,90.87571428571394,0.0,0,1.0
5,A,PREY,158,11941.949999999879,500,14733.88399999988,338,0,82.1531952662717,0.0,0,1.0
5,A,PREY,159,11182.139999999883,500,14733.88399999988,6,0,92.60499999999972,0.0,1,1.0
5,A,PREY,160,9742.49999999991,500,14733.88399999988,7,0,90.79857142857108,0.0,0,1.0
5,A,PREY,161,10662.269999999895,500,14733.88399999988,338,0,75.96304733727715,0.0,0,1.0
5,A,PREY,162,10822.229999999883,500,14733.88399999988,338,0,81.2260059171586,0.0,0,1.0
5,A,PREY,163,10702.259999999891,500,14733.88399999988,338,0,74.3866568047327,0.0,0,1.0
5,A,PREY,164,5198.509999999979,216,14733.88399999988,337,2,75.57157270029673,43.82999999999987,1,1.0
5,A,PREY,165,4193.659999999993,226,14733.88399999988,6,2,93.33499999999975,44.12999999999986,1,1.0
5,A,PREY,166,63.85999999999998,12,14733.88399999988,6,2,97.02999999999987,89.97999999999999,1,1.0
5,A,PREY,167,10782.2399999999,500,14733.88399999988,338,0,80.15142011834185,0.0,1,1.0
5,A,PREY,168,11582.03999999989,500,14733.88399999988,338,1,87.62434911242494,72.57999999999946,69,1.0
5,A,PREY,169,11062.169999999893,500,14733.88399999988,6,0,95.64499999999983,0.0,1,1.0
5,A,PREY,170,11502.059999999881,500,14733.88399999988,338,1,79.91381656804602,64.53999999999907,5,1.0
5,A,PREY,171,12061.919999999878,500,14733.88399999988,338,0,75.28926035502856,0.0,1,1.0
5,A,PREY,172,9742.499999999907,500,14733.88399999988,338,1,80.42254437869704,71.31999999999942,19,1.0
5,A,PREY,173,12381.839999999875,500,14733.88399999988,7,0,89.1442857142853,0.0,0,1.0
5,A,PREY,174,11901.959999999879,500,14733.88399999988,338,0,79.95056213017622,0.0,0,1.0
5,A,PREY,175,4813.909999999985,186,14733.88399999988,6,2,88.73499999999957,64.4962499999996,1,1.0
5,A,PREY,176,3978.709999999994,177,14733.88399999988,6,2,92.2149999999997,59.1599999999999,1,1.0
5,A,PREY,177,10702.2599999999,500,14733.88399999988,338,0,77.43562130177385,0.0,0,1.0
5,A,PREY,178,863.3600000000004,91,14733.88399999988,6,2,85.84499999999946,68.42999999999991,1,1.0
5,A,PREY,179,9102.659999999922,500,14733.88399999988,338,0,79.74973372780963,0.0,0,1.0
5,A,PREY,180,12541.799999999874,500,14733.88399999988,338,0,74.23831360946639,0.0,1,1.0
5,A,PREY,181,12661.769999999873,500,14733.88399999988,7,0,92.16571428571399,0.0,0,1.0
5,A,PREY,182,10102.409999999905,500,14733.88399999988,338,0,80.46357988165556,0.0,0,1.0
5,A,PREY,183,13341.599999999871,500,14733.88399999988,6,0,93.44499999999975,0.0,1,1.0
5,A,PREY,184,12181.889999999878,500,14733.88399999988,6,0,94.22999999999979,0.0,1,1.0
5,A,PREY,185,10702.259999999902,500,14733.88399999988,6,0,90.71499999999965,0.0,1,1.0
5,A,PREY,186,12621.779999999873,500,14733.88399999988,7,0,91.7885714285711,0.0,0,1.0
5,A,PREY,187,6583.879999999964,244,14733.88399999988,6,2,91.9699999999997,28.470000000000027,1,1.0
5,A,PREY,188,-6.730000000000013,72,14733.88399999988,4,2,85.12749999999943,80.71874999999987,3,1.0
5,A,PREY,189,2175.3800000000006,106,14733.88399999988,6,2,92.22999999999972,75.62999999999977,1,1.0
5,A,PREY,190,10462.319999999905,500,14733.88399999988,7,0,92.13571428571399,0.0,0,1.0
5,A,PREY,191,63.34999999999999,13,14733.88399999988,5,2,96.75999999999988,99.58,2,1.0
5,A,PREY,192,12581.789999999877,500,14733.88399999988,338,0,78.79139053254306,0.0,0,1.0
5,A,PREY,193,7964.359999999939,360,14733.88399999988,5,1,90.47799999999964,38.41999999999966,2,1.0
5,A,PREY,194,12461.819999999881,500,14733.88399999988,7,0,89.28142857142815,0.0,0,1.0
5,A,PREY,195,11741.999999999884,500,14733.88399999988,338,0,80.81568047337161,0.0,1,1.0
5,A,PREY,196,12141.899999999885,500,14733.88399999988,6,1,93.70999999999977,8.439999999999248,1,1.0
5,A,PREY,197,13621.52999999987,500,14733.88399999988,7,0,92.88999999999973,0.0,0,1.0
5,A,PREY,198,11781.989999999892,500,14733.88399999988,6,0,93.24999999999973,0.0,1,1.0
5,A,PREY,199,11981.93999999989,500,14733.88399999988,7,0,93.00571428571402,0.0,0,1.0
5,A,PREY,200,12741.74999999988,500,14733.88399999988,6,0,88.73499999999957,0.0,1,1.0
5,A,PREY,201,12021.929999999884,500,14733.88399999988,338,0,78.78073964496932,0.0,1,1.0
5,A,PREY,202,1286.7200000000005,45,14733.88399999988,6,2,90.54999999999963,81.56624999999988,1,1.0
5,A,PREY,203,12781.739999999874,500,14733.88399999988,338,0,76.20928994082735,0.0,0,1.0
5,A,PREY,204,13341.59999999987,500,14733.88399999988,7,0,91.5442857142854,0.0,0,1.0
5,A,PREY,205,10982.1899999999,500,14733.88399999988,6,0,92.31999999999971,0.0,1,1.0
5,A,PREY,206,11462.069999999894,500,14733.88399999988,7,0,92.0799999999997,0.0,0,1.0
5,A,PREY,207,12661.769999999882,500,14733.88399999988,338,0,77.74541420118207,0.0,1,1.0
5,A,PREY,208,27.95000000000001,4,14733.88399999988,6,2,99.30999999999996,91.66,1,1.0
5,A,PREY,209,12542.799999999877,500,14733.88399999988,338,0,79.5735502958567,0.0,0,1.0
5,A,PREY,210,13461.569999999869,500,14733.88399999988,338,0,79.94532544378576,0.0,0,1.0
5,A,PREY,211,13421.579999999869,500,14733.88399999988,338,0,78.60940828402242,0.0,1,1.0
5,A,PREY,212,11422.079999999893,500,14733.88399999988,7,0,90.62285714285679,0.0,0,1.0
5,A,PREY,213,46.52,46,14733.88399999988,6,2,89.0249999999996,77.44124999999988,1,1.0
5,A,PREY,214,13661.51999999987,500,14733.88399999988,7,0,93.42999999999975,0.0,0,1.0
5,A,PREY,215,2701.88,93,14733.88399999988,5,2,88.08399999999956,79.38124999999988,2,1.0
5,A,PREY,216,17.75000000000002,24,14733.88399999988,6,2,93.86499999999977,86.86874999999993,1,1.0
5,A,PREY,217,13621.52999999987,500,14733.88399999988,7,0,90.15999999999963,0.0,0,1.0
5,A,PREY,218,6859.729999999959,252,14733.88399999988,337,2,85.89925816023703,53.45999999999964,1,1.0
5,A,PREY,219,12301.859999999888,500,14733.88399999988,338,0,78.76890532544274,0.0,0,1.0
5,A,PREY,220,13421.579999999876,500,14733.88399999988,4,0,94.4424999999998,0.0,3,1.0
5,A,PREY,221,3591.5599999999986,152,14733.88399999988,64,2,92.42703124999998,59.41124999999988,1,1.0
5,A,PREY,222,2696.7799999999997,103,14733.88399999988,9,2,81.59666666666648,60.990000000000066,1,1.0
5,A,PREY,223,12581.789999999884,500,14733.88399999988,6,0,93.19999999999975,0.0,1,1.0
5,A,PREY,224,13701.50999999987,500,14733.88399999988,7,0,92.74857142857117,0.0,0,1.0
5,A,PREY,225,13421.579999999874,500,14733.88399999988,7,0,86.57285714285662,0.0,0,1.0
5,A,PREY,226,12981.689999999871,500,14733.88399999988,6,0,91.40499999999967,0.0,1,1.0
5,A,PREY,227,14301.359999999862,500,14733.88399999988,338,0,83.05621301775024,0.0,2,1.0
5,A,PREY,228,12261.86999999989,500,14733.88399999988,338,0,78.86218934911102,0.0,1,1.0
5,A,PREY,229,19.790000000000028,20,14733.88399999988,5,2,94.8699999999998,88.29999999999998,2,1.0
5,A,PREY,230,13141.649999999874,500,14733.88399999988,338,0,81.30230769230643,0.0,0,1.0
5,A,PREY,231,12861.719999999877,500,14733.88399999988,338,0,86.76088757396424,0.0,0,1.0
5,A,PREY,232,14781.23999999986,500,14733.88399999988,7,0,94.15857142857121,0.0,0,1.0
5,A,PREY,233,383.27000000000015,13,14733.88399999988,6,2,96.75999999999988,89.76999999999998,1,1.0
5,A,PREY,234,12861.719999999885,500,14733.88399999988,338,0,88.45420118343097,0.0,0,1.0
5,A,PREY,235,5574.229999999981,185,14733.88399999988,6,2,91.38499999999966,41.250000000000185,1,1.0
5,A,PREY,236,13581.539999999874,500,14733.88399999988,338,0,74.24997041420015,0.0,0,1.0
5,A,PREY,237,12581.789999999884,500,14733.88399999988,7,0,93.51571428571404,0.0,0,1.0
5,A,PREY,238,12461.819999999885,500,14733.88399999988,7,0,88.86571428571388,0.0,0,1.0
5,A,PREY,239,2835.319999999999,145,14733.88399999988,4,2,90.06999999999962,85.85999999999947,3,1.0
5,A,PREY,240,3846.4999999999973,201,14733.88399999988,6,2,88.05999999999955,41.73000000000013,1,1.0
5,A,PREY,241,13061.669999999878,500,14733.88399999988,7,0,93.05285714285688,0.0,0,1.0
5,A,PREY,242,14661.269999999862,500,14733.88399999988,338,0,81.56236686390417,0.0,0,1.0
5,A,PREY,243,13781.489999999869,500,14733.88399999988,6,0,93.84499999999976,0.0,1,1.0
5,A,PREY,244,14221.379999999866,500,14733.88399999988,338,2,75.85958579881519,3.3999999999998,0,1.0
5,A,PREY,245,14781.239999999862,500,14733.88399999988,338,1,81.16958579881536,2.7999999999998746,0,1.0
5,A,PREY,246,20.300000000000026,19,14733.88399999988,5,2,96.69999999999987,88.50999999999999,2,1.0
5,A,PREY,247,13661.519999999875,500,14733.88399999988,4,0,91.05999999999966,0.0,3,1.0
5,A,PREY,248,344.8100000000001,10,14733.88399999988,6,2,97.56999999999992,90.39999999999999,1,1.0
5,A,PREY,249,13781.489999999874,500,14733.88399999988,7,0,93.23714285714262,0.0,0,1.0
5,A,PREY,250,14461.319999999867,500,14733.88399999988,338,0,82.09718934911119,0.0,0,1.0
5,A,PREY,251,3337.6399999999994,101,14733.88399999988,6,2,92.48499999999972,69.17999999999988,1,1.0
5,A,PREY,252,13981.439999999871,500,14733.88399999988,7,0,93.33999999999976,0.0,0,1.0
5,A,PREY,253,250.04000000000002,39,14733.88399999988,6,2,89.73999999999961,81.23624999999993,1,1.0
5,A,PREY,254,14741.24999999986,500,14733.88399999988,5,0,95.91399999999985,0.0,2,1.0
5,A,PREY,255,15181.13999999986,500,14733.88399999988,338,0,80.78198224851953,0.0,0,1.0
5,A,PREY,256,12901.709999999879,500,14733.88399999988,7,0,92.17857142857113,0.0,0,1.0
5,A,PREY,257,6425.449999999969,241,14733.88399999988,337,2,86.36753709198787,50.72999999999993,1,1.0
5,A,PREY,258,12821.729999999883,500,14733.88399999988,7,0,92.70999999999972,0.0,0,1.0
5,A,PREY,259,14861.21999999986,500,14733.88399999988,6,0,91.60999999999967,0.0,1,1.0
5,A,PREY,260,13101.659999999882,500,14733.88399999988,338,0,76.45766272189249,0.0,0,1.0
5,A,PREY,261,13261.619999999877,500,14733.88399999988,338,0,84.57745562130135,0.0,1,1.0
5,A,PREY,262,13581.539999999875,500,14733.88399999988,338,0,80.90991124260202,0.0,0,1.0
5,A,PREY,263,14701.25999999986,500,14733.88399999988,7,1,91.31285714285681,6.699999999999794,0,1.0
5,A,PREY,264,13261.619999999879,500,14733.88399999988,338,1,78.34612426035393,1.8999999999998431,1,1.0
5,A,PREY,265,29.480000000000004,1,14733.88399999988,6,2,100.0,92.28999999999999,1,1.0
5,A,PREY,266,11741.999999999898,500,14733.88399999988,6,0,93.27999999999975,0.0,1,1.0
5,A,PREY,267,13461.56999999988,500,14733.88399999988,6,0,94.23499999999979,0.0,1,1.0
5,A,PREY,268,14621.279999999866,500,14733.88399999988,4,1,94.8399999999998,3.6999999999998554,3,1.0
5,A,PREY,269,14301.359999999866,500,14733.88399999988,338,1,80.33349112425903,69.90749999999777,5,1.0
5,A,PREY,270,14581.289999999866,500,14733.88399999988,338,0,83.30597633135974,0.0,0,1.0
5,A,PREY,271,14381.33999999987,500,14733.88399999988,6,1,90.78999999999967,8.499999999999282,1,1.0
5,A,PREY,272,7339.609999999956,252,14733.88399999988,6,2,86.46499999999948,44.46000000000005,1,1.0
5,A,PREY,273,7837.549999999952,295,14733.88399999988,337,2,78.31706231453941,32.85499999999978,2,1.0
5,A,PREY,274,4646.299999999991,201,14733.88399999988,6,2,88.37499999999955,50.51250000000009,1,1.0
5,A,PREY,275,15661.019999999853,500,14733.88399999988,7,0,92.49999999999973,0.0,0,1.0
5,A,PREY,276,15141.149999999863,500,14733.88399999988,6,0,90.37499999999964,0.0,1,1.0
5,A,PREY,277,14421.329999999867,500,14733.88399999988,338,0,81.63517751479175,0.0,1,1.0
5,A,PREY,278,1233.4700000000003,71,14733.88399999988,5,2,84.54999999999941,83.28874999999988,2,1.0
5,A,PREY,279,89.05999999999992,41,14733.88399999988,4,2,92.91249999999974,87.63999999999993,3,1.0
5,A,PREY,280,13421.57999999988,500,14733.88399999988,338,1,82.86103550295759,98.32,45,1.0
5,A,PREY,281,14981.18999999986,500,14733.88399999988,338,0,80.51600591715861,0.0,0,1.0
5,A,PREY,282,15301.10999999986,500,14733.88399999988,338,0,77.09612426035373,0.0,0,1.0
5,A,PREY,283,14381.339999999867,500,14733.88399999988,6,0,89.14499999999958,0.0,1,1.0
5,A,PREY,284,11726.179999999898,433,14733.88399999988,5,1,88.15599999999955,30.132499999999233,2,1.0
5,A,PREY,285,15621.029999999855,500,14733.88399999988,7,1,89.1142857142853,1.5999999999997776,0,1.0
5,A,PREY,286,8383.639999999943,322,14733.88399999988,5,2,92.73999999999972,51.149999999999565,2,1.0
5,A,PREY,287,14421.32999999987,500,14733.88399999988,338,0,81.55508875739521,0.0,0,1.0
5,A,PREY,288,14821.229999999861,500,14733.88399999988,338,0,79.8001479289928,0.0,1,1.0
5,A,PREY,289,9221.389999999936,326,14733.88399999988,5,2,82.02399999999932,39.509999999999394,2,1.0
5,A,PREY,290,18.770000000000024,22,14733.88399999988,5,2,94.35999999999979,88.02999999999997,2,1.0
5,A,PREY,291,15701.009999999857,500,14733.88399999988,338,1,75.17754437869719,1.0599999999993592,1,1.0
5,A,PREY,292,456.6200000000002,26,14733.88399999988,4,2,94.03749999999977,98.76999999999998,3,1.0
5,A,PREY,293,12.140000000000002,35,14733.88399999988,6,2,92.1649999999997,81.8587499999999,1,1.0
5,A,PREY,294,12541.799999999896,500,14733.88399999988,338,0,80.74813609467336,0.0,1,1.0
5,A,PREY,295,11920.309999999905,366,14733.88399999988,337,1,89.12673590504428,42.019999999999534,3,1.0
5,A,PREY,296,15381.089999999856,500,14733.88399999988,338,0,77.26769230769123,0.0,1,1.0
5,A,PREY,297,15421.07999999986,500,14733.88399999988,338,1,80.85644970414089,40.59999999999982,7,1.0
5,A,PREY,298,14541.299999999866,500,14733.88399999988,7,0,93.54999999999976,0.0,0,1.0
5,A,PREY,299,14941.199999999864,500,14733.88399999988,6,0,93.83499999999977,0.0,1,1.0
5,A,PREY,300,14701.259999999866,500,14733.88399999988,6,0,94.03999999999978,0.0,1,1.0
5,A,PREY,301,24.380000000000024,11,14733.88399999988,6,2,97.2999999999999,90.19,1,1.0
5,A,PREY,302,15061.169999999862,500,14733.88399999988,338,0,79.40142011834219,0.0,0,1.0
5,A,PREY,303,1876.3700000000008,65,14733.88399999988,3,2,83.76999999999938,94.05999999999987,4,1.0
5,A,PREY,304,15780.989999999852,500,14733.88399999988,6,0,91.31999999999967,0.0,1,1.0
5,A,PREY,305,13821.479999999878,500,14733.88399999988,307,0,74.35954397394136,0.0,0,1.0
5,A,PREY,306,15101.159999999863,500,14733.88399999988,7,0,93.44285714285691,0.0,0,1.0
5,A,PREY,307,3205.4300000000007,125,14733.88399999988,6,2,87.44499999999952,51.90000000000026,1,1.0
5,A,PREY,308,3367.6399999999994,199,14733.88399999988,337,2,86.52729970326375,55.07999999999978,2,1.0
5,A,PREY,309,13821.479999999878,500,14733.88399999988,338,0,81.80514792899285,0.0,0,1.0
5,A,PREY,310,16340.84999999985,500,14733.88399999988,338,0,77.2301479289927,0.0,0,1.0
5,A,PREY,311,15581.039999999855,500,14733.88399999988,338,0,80.47591715976223,0.0,0,1.0
5,A,PREY,312,14621.27999999987,500,14733.88399999988,338,0,80.820147928993,0.0,2,1.0
5,A,PREY,313,4368.409999999994,197,14733.88399999988,117,2,74.96769230769229,34.11000000000034,1,1.0
5,A,PREY,314,13901.45999999988,500,14733.88399999988,338,1,80.46917159763188,0.3999999999997239,0,1.0
5,A,PREY,315,5302.459999999984,169,14733.88399999988,14,2,97.93714285714282,77.96999999999949,2,1.0
5,A,PREY,316,14861.219999999868,500,14733.88399999988,338,0,89.97544378698208,0.0,0,1.0
5,A,PREY,317,16740.74999999985,500,14733.88399999988,338,0,76.3939644970404,0.0,0,1.0
5,A,PREY,318,3560.24,135,14733.88399999988,329,2,85.35167173252276,74.03999999999982,2,1.0
5,A,PREY,319,22.04000000000002,94,14733.88399999988,6,2,91.66999999999969,67.04999999999995,1,1.0
5,A,PREY,320,16380.839999999851,500,14733.88399999988,7,0,88.74142857142814,0.0,0,1.0
5,A,PREY,321,15780.989999999856,500,14733.88399999988,338,0,79.74713017751348,0.0,0,1.0
5,A,PREY,322,15261.119999999859,500,14733.88399999988,338,0,74.81467455621201,0.0,0,1.0
5,A,PREY,323,15661.019999999859,500,14733.88399999988,338,0,77.69606508875601,0.0,1,1.0
5,A,PREY,324,15341.099999999862,500,14733.88399999988,4,1,93.00999999999974,41.027500000000806,3,1.0
5,A,PREY,325,14941.199999999864,500,14733.88399999988,338,0,86.23849112426005,0.0,1,1.0
5,A,PREY,326,14861.219999999868,500,14733.88399999988,7,0,93.30571428571402,0.0,0,1.0
5,A,PREY,327,16020.929999999855,500,14733.88399999988,338,1,74.89375739644824,0.10000000000004,0,1.0
5,A,PREY,328,451.01000000000016,37,14733.88399999988,6,2,91.00499999999965,86.27624999999989,1,1.0
5,A,PREY,329,383.78000000000014,12,14733.88399999988,6,2,97.07499999999989,89.97999999999999,1,1.0
5,A,PREY,330,12381.8399999999,500,14733.88399999988,7,0,90.87571428571394,0.0,0,1.0
5,A,PREY,331,15820.979999999856,500,14733.88399999988,7,0,91.47999999999966,0.0,0,1.0
5,A,PREY,332,15541.04999999986,500,14733.88399999988,66,0,85.64424242424239,0.0,1,1.0
5,A,PREY,333,16020.929999999857,500,14733.88399999988,6,0,93.45999999999975,0.0,1,1.0
5,A,PREY,334,15541.049999999861,500,14733.88399999988,338,0,80.83991124260234,0.0,0,1.0
5,A,PREY,335,2066.6300000000006,84,14733.88399999988,135,2,76.97266666666667,71.96999999999989,1,1.0
5,A,PREY,336,12901.709999999892,500,14733.88399999988,338,0,76.45857988165581,0.0,2,1.0
5,A,PREY,337,1209.2900000000004,40,14733.88399999988,4,2,90.10749999999962,87.54999999999993,3,1.0
5,A,PREY,338,12621.779999999893,500,14733.88399999988,338,0,83.16144970414086,0.0,0,1.0
5,A,PREY,339,16260.86999999985,500,14733.88399999988,338,0,82.50559171597519,0.0,0,1.0
5,A,PREY,340,16540.799999999854,500,14733.88399999988,338,0,76.7103846153832,0.0,0,1.0
5,A,PREY,341,16140.899999999856,500,14733.88399999988,6,0,95.37499999999983,0.0,1,1.0
5,A,PREY,342,16620.77999999985,500,14733.88399999988,338,0,77.34204142011728,0.0,0,1.0
5,A,PREY,343,680.2400000000002,58,14733.88399999988,6,2,85.43499999999945,83.1899999999998,1,1.0
5,A,PREY,344,12941.699999999892,500,14733.88399999988,5,1,92.1099999999997,7.380000000000785,2,1.0
5,A,PREY,345,16540.79999999985,500,14733.88399999988,6,0,96.93499999999989,0.0,1,1.0
5,A,PREY,346,16340.849999999853,500,14733.88399999988,4,0,96.09999999999985,0.0,3,1.0
5,A,PREY,347,16340.849999999855,500,14733.88399999988,338,0,80.31088757396313,0.0,1,1.0
5,A,PREY,348,20.300000000000026,19,14733.88399999988,6,2,95.51499999999983,89.85999999999997,1,1.0
5,A,PREY,349,28.970000000000006,2,14733.88399999988,6,2,99.73,92.08,1,1.0
5,A,PREY,350,343.28000000000014,13,14733.88399999988,6,2,96.98499999999989,89.76999999999998,1,1.0
5,A,PREY,351,12021.929999999902,500,14733.88399999988,6,0,95.19499999999982,0.0,1,1.0
5,A,PREY,352,16460.81999999985,500,14733.88399999988,338,0,80.99366863905207,0.0,0,1.0
5,A,PREY,353,16540.79999999985,500,14733.88399999988,338,0,80.76023668638915,0.0,0,1.0
5,A,PREY,354,16540.799999999854,500,14733.88399999988,5,0,90.12999999999963,0.0,2,1.0
5,A,PREY,355,17300.609999999848,500,14733.88399999988,338,0,84.16964497041309,0.0,0,1.0
5,A,PREY,356,15740.999999999862,500,14733.88399999988,338,0,79.6760650887561,0.0,2,1.0
5,A,PREY,357,28.460000000000008,3,14733.88399999988,6,2,99.45999999999998,91.87,1,1.0
5,A,PREY,358,24.890000000000022,10,14733.88399999988,6,2,97.56999999999992,91.74999999999997,1,1.0
5,A,PREY,359,16020.929999999857,500,14733.88399999988,338,1,80.41707100591594,75.33999999999956,26,1.0
5,A,PREY,360,16180.889999999856,500,14733.88399999988,7,0,90.07857142857107,0.0,0,1.0
5,A,PREY,361,16300.859999999853,500,14733.88399999988,338,0,78.99485207100484,0.0,2,1.0
5,A,PREY,362,1015.9700000000004,27,14733.88399999988,6,2,92.97999999999973,86.30999999999995,1,1.0
5,A,PREY,363,15980.939999999857,500,14733.88399999988,4,0,91.65249999999969,0.0,3,1.0
5,A,PREY,364,16700.759999999857,500,14733.88399999988,4,0,95.57499999999983,0.0,3,1.0
5,A,PREY,365,16860.71999999985,500,14733.88399999988,338,0,73.15621301775062,0.0,1,1.0
5,A,PREY,366,66.92,6,14733.88399999988,6,2,97.09833333333329,91.24,2,1.0
5,A,PREY,367,14983.189999999864,500,14733.88399999988,338,0,82.20565088757272,0.0,0,1.0
5,A,PREY,368,4505.719999999993,163,14733.88399999988,8,2,94.26499999999983,73.46999999999967,2,1.0
5,A,PREY,369,14621.279999999873,500,14733.88399999988,7,0,91.39428571428539,0.0,0,1.0
5,A,PREY,370,4243.129999999999,129,14733.88399999988,6,2,91.03999999999967,66.08624999999977,1,1.0
5,A,PREY,371,17220.62999999986,500,14733.88399999988,338,0,79.02266272189225,0.0,0,1.0
5,A,PREY,372,16660.76999999985,500,14733.88399999988,6,1,93.95499999999977,4.299999999999803,1,1.0
5,A,PREY,373,16980.68999999985,500,14733.88399999988,7,0,94.57428571428552,0.0,0,1.0
5,A,PREY,374,5.509999999999982,48,14733.88399999988,6,2,89.20499999999959,80.25374999999983,1,1.0
5,A,PREY,375,17340.59999999985,500,14733.88399999988,6,1,91.15499999999967,0.6999999999998344,1,1.0
5,A,PREY,376,16340.849999999855,500,14733.88399999988,6,0,93.11999999999973,0.0,1,1.0
5,A,PREY,377,16500.809999999852,500,14733.88399999988,7,0,94.06428571428549,0.0,0,1.0
5,A,PREY,378,16060.919999999856,500,14733.88399999988,338,1,79.46363905325337,3.399999999999763,0,1.0
5,A,PREY,379,17020.67999999985,500,14733.88399999988,5,0,92.76399999999973,0.0,2,1.0
5,A,PREY,380,15581.03999999986,500,14733.88399999988,7,0,93.34428571428546,0.0,0,1.0
5,A,PREY,381,17180.63999999985,500,14733.88399999988,6,0,93.92999999999977,0.0,1,1.0
5,A,PREY,382,14621.27999999987,500,14733.88399999988,338,0,74.61298816567945,0.0,0,1.0
5,A,PREY,383,17220.629999999852,500,14733.88399999988,6,0,89.82999999999963,0.0,1,1.0
5,A,PREY,384,15221.129999999866,500,14733.88399999988,5,0,88.95399999999958,0.0,2,1.0
5,A,PREY,385,16100.909999999858,500,14733.88399999988,338,1,82.5267455621291,70.65999999999944,41,1.0
5,A,PREY,386,16020.929999999855,500,14733.88399999988,338,0,78.55550295857853,0.0,0,1.0
5,A,PREY,387,16860.719999999852,500,14733.88399999988,7,0,92.71857142857117,0.0,0,1.0
5,A,PREY,388,15621.029999999862,500,14733.88399999988,6,0,95.61999999999983,0.0,1,1.0
5,A,PREY,389,28.460000000000008,3,14733.88399999988,6,2,99.45999999999998,92.16999999999999,1,1.0
5,A,PREY,390,14547.299999999866,500,14733.88399999988,338,0,89.40310650887568,0.0,0,1.0
5,A,PREY,391,12581.789999999897,500,14733.88399999988,7,0,91.5442857142854,0.0,0,1.0
5,A,PREY,392,11926.429999999906,354,14733.88399999988,337,1,84.1916617210675,45.020000000000024,1,1.0
5,A,PREY,393,16660.769999999855,500,14733.88399999988,6,0,90.30999999999965,0.0,1,1.0
5,A,PREY,394,4362.079999999996,131,14733.88399999988,6,2,89.5149999999996,71.27999999999969,1,1.0
5,A,PREY,395,14861.219999999872,500,14733.88399999988,338,1,75.25414201183331,0.5199999999992603,1,1.0
5,A,PREY,396,226.37000000000006,7,14733.88399999988,6,2,98.40499999999993,91.03,1,1.0
5,A,PREY,397,11821.979999999907,500,14733.88399999988,7,0,93.51999999999975,0.0,0,1.0
5,A,PREY,398,17620.529999999853,500,14733.88399999988,6,0,89.61499999999961,0.0,1,1.0
5,A,PREY,399,17140.649999999852,500,14733.88399999988,338,1,85.86532544378593,17.104999999999755,3,1.0
5,A,PREY,400,16340.849999999858,500,14733.88399999988,338,0,82.73402366863795,0.0,1,1.0
5,A,PREY,401,17300.60999999985,500,14733.88399999988,7,0,97.38142857142847,0.0,0,1.0
5,A,PREY,402,16940.69999999985,500,14733.88399999988,7,0,92.40999999999971,0.0,0,1.0
5,A,PREY,403,28.460000000000008,3,14733.88399999988,6,2,99.45999999999998,91.87,1,1.0
5,A,PREY,404,16300.859999999857,500,14733.88399999988,7,0,90.02285714285676,0.0,0,1.0
5,A,PREY,405,17500.55999999985,500,14733.88399999988,7,0,89.80857142857103,0.0,0,1.0
5,A,PREY,406,5608.099999999982,197,14733.88399999988,5,2,88.88799999999958,70.28374999999949,2,1.0
5,A,PREY,407,15021.17999999987,500,14733.88399999988,5,0,94.41999999999979,0.0,2,1.0
5,A,PREY,408,7165.159999999965,202,14733.88399999988,5,2,93.32199999999975,46.87999999999971,2,1.0
5,A,PREY,409,16060.91999999986,500,14733.88399999988,338,0,77.51597633135984,0.0,0,1.0
5,A,PREY,410,17580.539999999855,500,14733.88399999988,338,0,79.81517751479181,0.0,0,1.0
5,A,PREY,411,17980.43999999985,500,14733.88399999988,7,0,95.30285714285696,0.0,0,1.0
5,A,PREY,412,17620.52999999985,500,14733.88399999988,338,0,80.18112426035385,0.0,0,1.0
5,A,PREY,413,16580.78999999986,500,14733.88399999988,6,0,88.70999999999958,0.0,1,1.0
5,A,PREY,414,16060.919999999858,500,14733.88399999988,338,1,82.29715976331254,74.31999999999945,37,1.0
5,A,PREY,415,9948.859999999931,311,14733.88399999988,5,2,95.32599999999982,34.14874999999963,2,1.0
5,A,PREY,416,16300.859999999857,500,14733.88399999988,338,0,78.49609467455494,0.0,2,1.0
5,A,PREY,417,17380.589999999847,500,14733.88399999988,338,0,83.41384615384568,0.0,1,1.0
5,A,PREY,418,27.440000000000012,5,14733.88399999988,5,2,98.91999999999996,99.16,2,1.0
5,A,PREY,419,16540.799999999854,500,14733.88399999988,338,0,77.5881360946732,0.0,2,1.0
5,A,PREY,420,16460.819999999858,500,14733.88399999988,338,0,79.08183431952534,0.0,0,1.0
5,A,PREY,421,16220.879999999855,500,14733.88399999988,7,1,93.7728571428569,1.299999999999903,0,1.0
5,A,PREY,422,17020.67999999985,500,14733.88399999988,7,1,89.87285714285677,3.6999999999997666,0,1.0
5,A,PREY,423,16700.759999999853,500,14733.88399999988,7,0,97.42857142857133,0.0,0,1.0
5,A,PREY,424,17380.58999999985,500,14733.88399999988,338,0,76.16328402366763,0.0,0,1.0
5,A,PREY,425,29.480000000000004,1,14733.88399999988,6,2,100.0,92.28999999999999,1,1.0
5,A,PREY,426,16340.849999999855,500,14733.88399999988,5,0,94.19199999999978,0.0,2,1.0
5,A,PREY,427,-11.02,2,14733.88399999988,6,2,99.73,92.08,1,1.0
5,A,PREY,428,-17.65,15,14733.88399999988,6,2,96.39499999999987,87.13124999999997,1,1.0
5,A,PREY,429,16740.749999999858,500,14733.88399999988,6,0,89.5749999999996,0.0,1,1.0
5,A,PREY,430,18140.399999999845,500,14733.88399999988,7,0,91.93857142857112,0.0,0,1.0
5,A,PREY,431,17620.529999999846,500,14733.88399999988,4,0,90.45999999999964,0.0,3,1.0
5,A,PREY,432,18.770000000000024,22,14733.88399999988,6,2,94.8549999999998,89.14124999999993,1,1.0
5,A,PREY,433,16780.739999999852,500,14733.88399999988,7,0,92.36714285714257,0.0,0,1.0
5,A,PREY,434,17860.469999999845,500,14733.88399999988,338,0,77.02470414201078,0.0,0,1.0
5,A,PREY,435,16700.75999999986,500,14733.88399999988,338,0,74.26437869822323,0.0,1,1.0
5,A,PREY,436,15900.959999999859,500,14733.88399999988,338,0,76.97458579881516,0.0,0,1.0
5,A,PREY,437,570.9800000000002,37,14733.88399999988,5,2,91.23999999999967,89.67999999999992,2,1.0
5,A,PREY,438,17580.539999999844,500,14733.88399999988,338,0,81.52204142011722,0.0,0,1.0
5,A,PREY,439,1322.6300000000006,53,14733.88399999988,5,2,88.06599999999955,88.11999999999989,2,1.0
5,A,PREY,440,13421.57999999989,500,14733.88399999988,338,1,79.31683431952541,3.999999999999858,0,1.0
5,A,PREY,441,17700.509999999853,500,14733.88399999988,338,0,83.03133136094552,0.0,1,1.0
5,A,PREY,442,5037.319999999989,140,14733.88399999988,18,2,85.84055555555551,84.14999999999962,2,1.0
5,A,PREY,443,17500.559999999852,500,14733.88399999988,338,0,77.11855029585695,0.0,2,1.0
5,A,PREY,444,17780.489999999852,500,14733.88399999988,7,0,90.79428571428537,0.0,0,1.0
5,A,PREY,445,17140.64999999986,500,14733.88399999988,338,0,79.56085798816441,0.0,0,1.0
5,A,PREY,446,17180.639999999854,500,14733.88399999988,338,0,81.29869822485078,0.0,0,1.0
5,A,PREY,447,17340.599999999853,500,14733.88399999988,338,1,74.94082840236585,6.579999999999358,1,1.0
5,A,PREY,448,17380.58999999985,500,14733.88399999988,338,0,79.98816568047208,0.0,0,1.0
5,A,PREY,449,17220.62999999985,500,14733.88399999988,338,1,75.09905325443701,86.01999999999977,33,1.0
5,A,PREY,450,17180.639999999854,500,14733.88399999988,6,0,89.04499999999958,0.0,1,1.0
5,A,PREY,451,7474.879999999962,222,14733.88399999988,6,2,90.60499999999963,35.160000000000224,1,1.0
5,A,PREY,452,16300.85999999986,500,14733.88399999988,338,0,84.0514201183421,0.0,1,1.0
5,A,PREY,453,9097.129999999943,256,14733.88399999988,337,2,78.52786350148305,30.479999999999933,1,1.0
5,A,PREY,454,17140.649999999856,500,14733.88399999988,44,0,94.4920454545454,0.0,0,1.0
5,A,PREY,455,17900.45999999985,500,14733.88399999988,338,0,81.49023668638944,0.0,1,1.0
5,A,PREY,456,16460.819999999854,500,14733.88399999988,338,0,82.28213017751364,0.0,1,1.0
5,A,PREY,457,16540.799999999857,500,14733.88399999988,7,0,89.61999999999962,0.0,0,1.0
5,A,PREY,458,17180.639999999854,500,14733.88399999988,338,0,77.6199408284009,0.0,0,1.0
5,A,PREY,459,17540.54999999985,500,14733.88399999988,338,1,83.0887278106497,21.699999999999253,1,1.0
5,A,PREY,460,8417.809999999952,255,14733.88399999988,337,2,83.63172106824881,58.411249999999534,2,1.0
5,A,PREY,461,16500.80999999986,500,14733.88399999988,6,0,89.6199999999996,0.0,1,1.0
5,A,PREY,462,10281.01999999993,287,14733.88399999988,5,2,88.19799999999955,46.85999999999953,2,1.0
5,A,PREY,463,17420.57999999985,500,14733.88399999988,7,0,93.42571428571405,0.0,0,1.0
5,A,PREY,464,17820.479999999847,500,14733.88399999988,6,0,95.81499999999984,0.0,1,1.0
5,A,PREY,465,17780.489999999845,500,14733.88399999988,7,0,89.73142857142818,0.0,0,1.0
5,A,PREY,466,17700.509999999853,500,14733.88399999988,338,0,85.44396449704105,0.0,0,1.0
5,A,PREY,467,17060.669999999856,500,14733.88399999988,6,0,93.97499999999978,0.0,1,1.0
5,A,PREY,468,16100.909999999853,500,14733.88399999988,338,0,79.09828402366743,0.0,0,1.0
5,A,PREY,469,17.75000000000002,24,14733.88399999988,6,2,93.78999999999975,86.83124999999993,1,1.0
5,A,PREY,470,4986.10999999999,162,14733.88399999988,30,2,97.35133333333327,65.87624999999971,1,1.0
5,A,PREY,471,6773.929999999969,185,14733.88399999988,337,2,91.20501483679513,57.75000000000003,1,1.0
5,A,PREY,472,17820.479999999847,500,14733.88399999988,6,0,91.08999999999965,0.0,1,1.0
5,A,PREY,473,18140.399999999845,500,14733.88399999988,6,0,92.66499999999972,0.0,1,1.0
5,A,PREY,474,14735.62999999988,413,14733.88399999988,337,1,73.54382789317405,34.4425000000007,3,1.0
5,A,PREY,475,17820.479999999847,500,14733.88399999988,5,0,89.65599999999961,0.0,2,1.0
5,A,PREY,476,17380.589999999855,500,14733.88399999988,7,0,94.70285714285694,0.0,0,1.0
5,A,PREY,477,17740.49999999985,500,14733.88399999988,338,0,81.14399408283903,0.0,0,1.0
5,A,PREY,478,17980.43999999985,500,14733.88399999988,338,0,78.77041420118215,0.0,1,1.0
5,A,PREY,479,16700.759999999857,500,14733.88399999988,338,0,83.48467455621187,0.0,1,1.0
5,A,PREY,480,18140.399999999852,500,14733.88399999988,338,0,80.63384615384497,0.0,0,1.0
5,A,PREY,481,18140.39999999985,500,14733.88399999988,338,0,73.97239644970308,0.0,0,1.0
5,A,PREY,482,15940.949999999864,500,14733.88399999988,7,0,88.92571428571387,0.0,0,1.0
5,A,PREY,483,18140.39999999985,500,14733.88399999988,6,0,91.23499999999967,0.0,1,1.0
5,A,PREY,484,18100.409999999847,500,14733.88399999988,7,0,91.71571428571396,0.0,0,1.0
5,A,PREY,485,17460.56999999985,500,14733.88399999988,7,0,92.11428571428542,0.0,0,1.0
5,A,PREY,486,17740.49999999985,500,14733.88399999988,6,0,91.30499999999967,0.0,1,1.0
5,A,PREY,487,4555.909999999996,143,14733.88399999988,4,2,92.05749999999969,84.17999999999964,3,1.0
5,A,PREY,488,8187.769999999952,314,14733.88399999988,337,2,79.25528189910887,38.72749999999996,2,1.0
5,A,PREY,489,17820.47999999985,500,14733.88399999988,338,0,76.90189349112288,0.0,0,1.0
5,A,PREY,490,18060.41999999985,500,14733.88399999988,338,0,87.3527514792897,0.0,0,1.0
5,A,PREY,491,16272.869999999848,500,14733.88399999988,338,0,84.62133136094572,0.0,0,1.0
5,A,PREY,492,18180.38999999984,500,14733.88399999988,7,1,90.66571428571395,6.39999999999978,0,1.0
5,A,PREY,493,17900.45999999985,500,14733.88399999988,8,0,96.70624999999993,0.0,0,1.0
5,A,PREY,494,16866.219999999852,500,14733.88399999988,338,1,83.85162721893394,99.58,51,1.0
5,A,PREY,495,16260.86999999986,500,14733.88399999988,6,0,91.67499999999968,0.0,1,1.0
5,A,PREY,496,18420.32999999984,500,14733.88399999988,338,1,78.16819526627113,0.0999999999997696,0,1.0
5,A,PREY,497,17940.449999999848,500,14733.88399999988,338,0,77.80970414201086,0.0,1,1.0
5,A,PREY,498,4208.239999999999,119,14733.88399999988,5,2,92.57799999999972,81.92749999999974,2,1.0
5,A,PREY,499,4523.269999999997,207,14733.88399999988,6,2,91.24999999999966,30.66000000000022,1,1.0
5,A,PREY,500,16900.709999999857,500,14733.88399999988,6,0,94.27999999999979,0.0,1,1.0
5,B,PREDATOR,1,-12.199999999999998,220,7.548333333333235,6,2,100.0,34.29999999999987,0,2.4
5,B,PREDATOR,2,-12.279999999999996,228,7.548333333333235,5,2,100.0,53.48999999999967,1,2.4
5,B,PREDATOR,3,-12.189999999999998,219,7.548333333333235,5,2,100.0,63.15999999999928,1,2.4
5,B,PREDATOR,4,-12.359999999999994,236,7.548333333333235,4,2,100.0,47.70999999999959,2,2.4
5,B,PREDATOR,5,-12.189999999999998,219,7.548333333333235,4,2,100.0,63.019999999999314,2,2.4
5,B,PREDATOR,6,-11.290000000000001,129,7.548333333333235,6,3,100.0,14.420000000000115,0,2.4
5,B,PREDATOR,7,-12.189999999999998,219,7.548333333333235,6,2,100.0,7.420000000000224,0,2.4
5,B,PREDATOR,8,12.233333333332935,289,7.548333333333235,4,1,99.9325,60.01999999999937,2,2.4
5,B,PREDATOR,9,-12.309999999999995,231,7.548333333333235,3,2,100.0,64.02999999999967,3,2.4
5,B,PREDATOR,10,-12.439999999999992,244,7.548333333333235,4,2,100.0,50.639999999999674,2,2.4
5,B,PREDATOR,11,-12.179999999999998,218,7.548333333333235,5,2,100.0,46.589999999999904,1,2.4
5,B,PREDATOR,12,-12.159999999999998,216,7.548333333333235,3,2,100.0,61.779999999999774,3,2.4
5,B,PREDATOR,13,-12.199999999999998,220,7.548333333333235,5,2,100.0,48.44999999999981,1,2.4
5,B,PREDATOR,14,-12.309999999999995,231,7.548333333333235,5,2,100.0,39.02999999999962,1,2.4
5,B,PREDATOR,15,-12.269999999999996,227,7.548333333333235,5,2,100.0,45.819999999999794,1,2.4
5,B,PREDATOR,16,-12.309999999999995,231,7.548333333333235,5,2,100.0,47.88000000000005,1,2.4
5,B,PREDATOR,17,12.17333333333301,295,7.548333333333235,3,1,100.0,68.69999999999968,3,2.4
5,B,PREDATOR,18,-12.199999999999998,220,7.548333333333235,5,2,100.0,55.95999999999946,1,2.4
5,B,PREDATOR,19,12.119999999999541,303,7.548333333333235,337,1,85.54952522255157,28.539999999999715,1,2.4
5,B,PREDATOR,20,-12.259999999999996,226,7.548333333333235,5,2,100.0,51.029999999999895,1,2.4
5,B,PREDATOR,21,-12.339999999999995,234,7.548333333333235,4,2,100.0,63.47999999999922,2,2.4
5,B,PREDATOR,22,-12.289999999999996,229,7.548333333333235,6,1,100.0,49.41999999999946,0,2.4
5,B,PREDATOR,23,-12.209999999999997,221,7.548333333333235,5,2,100.0,46.67999999999965,1,2.4
5,B,PREDATOR,24,-12.269999999999996,227,7.548333333333235,5,2,100.0,33.05999999999994,1,2.4
5,B,PREDATOR,25,-12.259999999999996,226,7.548333333333235,5,1,100.0,57.97999999999983,1,2.4
5,B,PREDATOR,26,36.536666666666804,355,7.548333333333235,1,2,100.0,38.66999999999948,5,2.4
5,B,PREDATOR,27,-12.389999999999993,239,7.548333333333235,4,2,100.0,45.61999999999987,2,2.4
5,B,PREDATOR,28,-12.309999999999995,231,7.548333333333235,5,2,99.946,30.39999999999982,1,2.4
5,B,PREDATOR,29,-12.229999999999997,223,7.548333333333235,4,2,100.0,37.149999999999736,2,2.4
5,B,PREDATOR,30,12.20333333333294,292,7.548333333333235,4,1,100.0,53.359999999999786,2,2.4
5,B,PREDATOR,31,-12.249999999999996,225,7.548333333333235,5,2,100.0,30.1499999999999,1,2.4
5,B,PREDATOR,32,-12.279999999999996,228,7.548333333333235,4,2,100.0,35.09000000000027,2,2.4
5,B,PREDATOR,33,-12.209999999999997,221,7.548333333333235,5,2,100.0,42.479999999999634,1,2.4
5,B,PREDATOR,34,-12.239999999999997,224,7.548333333333235,5,2,100.0,43.020000000000195,1,2.4
5,B,PREDATOR,35,-12.249999999999996,225,7.548333333333235,4,2,100.0,66.80999999999938,2,2.4
5,B,PREDATOR,36,-12.339999999999995,234,7.548333333333235,5,2,100.0,30.489999999999807,1,2.4
5,B,PREDATOR,37,-12.209999999999997,221,7.548333333333235,4,2,100.0,61.55999999999956,2,2.4
5,B,PREDATOR,38,-12.149999999999999,215,7.548333333333235,4,2,100.0,61.26999999999952,2,2.4
5,B,PREDATOR,39,-12.179999999999998,218,7.548333333333235,4,2,100.0,65.68999999999939,2,2.4
5,B,PREDATOR,40,12.273333333333072,285,7.548333333333235,4,1,100.0,14.900000000000297,2,2.4
5,B,PREDATOR,41,12.206666666666235,289,7.548333333333235,4,2,100.0,22.029999999999863,2,2.4
5,B,PREDATOR,42,-12.189999999999998,219,7.548333333333235,5,2,100.0,53.219999999999594,1,2.4
5,B,PREDATOR,43,12.403333333332926,272,7.548333333333235,3,2,100.0,41.65999999999989,3,2.4
5,B,PREDATOR,44,-12.159999999999998,216,7.548333333333235,4,1,99.9325,90.17999999999955,2,2.4
5,B,PREDATOR,45,-12.239999999999997,224,7.548333333333235,5,2,100.0,53.369999999999735,1,2.4
5,B,PREDATOR,46,-12.299999999999995,230,7.548333333333235,3,2,100.0,65.98999999999963,3,2.4
5,B,PREDATOR,47,12.226666666666537,287,7.548333333333235,4,2,100.0,50.159999999999386,2,2.4
5,B,PREDATOR,48,-12.189999999999998,219,7.548333333333235,6,2,100.0,42.66999999999986,0,2.4
5,B,PREDATOR,49,-12.219999999999997,222,7.548333333333235,5,2,100.0,42.06000000000018,1,2.4
5,B,PREDATOR,50,-12.409999999999993,241,7.548333333333235,5,2,100.0,29.20000000000001,1,2.4
5,B,PREDATOR,51,12.133333333333118,299,7.548333333333235,3,2,100.0,61.33624999999934,3,2.4
5,B,PREDATOR,52,-12.199999999999998,220,7.548333333333235,5,2,100.0,50.549999999999926,1,2.4
5,B,PREDATOR,53,-12.209999999999997,221,7.548333333333235,5,1,100.0,51.08000000000005,1,2.4
5,B,PREDATOR,54,-12.459999999999992,246,7.548333333333235,5,2,100.0,39.27999999999965,1,2.4
5,B,PREDATOR,55,12.253333333332948,287,7.548333333333235,2,1,100.0,67.85999999999949,4,2.4
5,B,PREDATOR,56,-12.259999999999996,226,7.548333333333235,4,2,100.0,45.2499999999997,2,2.4
5,B,PREDATOR,57,-12.239999999999997,224,7.548333333333235,3,2,100.0,63.81999999999988,3,2.4
5,B,PREDATOR,58,-12.309999999999995,231,7.548333333333235,4,2,100.0,57.5299999999997,2,2.4
5,B,PREDATOR,59,-12.319999999999995,232,7.548333333333235,4,2,100.0,42.939999999999735,2,2.4
5,B,PREDATOR,60,-12.219999999999997,222,7.548333333333235,4,2,100.0,61.319999999999446,2,2.4
5,B,PREDATOR,61,-12.239999999999997,224,7.548333333333235,5,2,100.0,32.520000000000394,1,2.4
5,B,PREDATOR,62,12.07666666666646,302,7.548333333333235,4,2,100.0,32.010000000000346,2,2.4
5,B,PREDATOR,63,12.156666666666323,294,7.548333333333235,4,2,100.0,24.420000000000122,2,2.4
5,B,PREDATOR,64,-12.179999999999998,218,7.548333333333235,5,2,100.0,49.13999999999989,1,2.4
5,B,PREDATOR,65,-12.369999999999994,237,7.548333333333235,5,2,100.0,47.30999999999992,1,2.4
5,B,PREDATOR,66,12.173333333333202,295,7.548333333333235,5,2,100.0,5.3500000000003745,1,2.4
5,B,PREDATOR,67,-12.289999999999996,229,7.548333333333235,5,1,99.946,61.51999999999931,1,2.4
5,B,PREDATOR,68,12.073333333332977,305,7.548333333333235,4,2,100.0,36.89999999999958,2,2.4
5,B,PREDATOR,69,-12.479999999999992,248,7.548333333333235,5,2,100.0,49.71999999999958,1,2.4
5,B,PREDATOR,70,-12.149999999999999,215,7.548333333333235,6,2,100.0,19.900000000000148,0,2.4
5,B,PREDATOR,71,-12.349999999999994,235,7.548333333333235,5,2,100.0,48.12999999999947,1,2.4
5,B,PREDATOR,72,12.226666666666409,287,7.548333333333235,4,1,100.0,52.83999999999936,2,2.4
5,B,PREDATOR,73,-12.259999999999996,226,7.548333333333235,5,2,100.0,46.67999999999972,1,2.4
5,B,PREDATOR,74,12.123333333333074,300,7.548333333333235,5,1,100.0,27.6999999999997,1,2.4
5,B,PREDATOR,75,-12.199999999999998,220,7.548333333333235,6,2,100.0,40.29999999999973,0,2.4
5,B,PREDATOR,76,-12.349999999999994,235,7.548333333333235,6,2,100.0,23.95000000000008,0,2.4
5,B,PREDATOR,77,36.68000000000045,354,7.548333333333235,3,1,100.0,31.820000000000096,3,2.4
5,B,PREDATOR,78,-12.189999999999998,219,7.548333333333235,4,2,100.0,44.420000000000385,2,2.4
5,B,PREDATOR,79,-12.409999999999993,241,7.548333333333235,4,2,100.0,45.99999999999952,2,2.4
5,B,PREDATOR,80,-12.229999999999997,223,7.548333333333235,5,2,100.0,18.240000000000332,1,2.4
5,B,PREDATOR,81,-12.229999999999997,223,7.548333333333235,6,2,100.0,29.140000000000214,0,2.4
5,B,PREDATOR,82,-12.259999999999996,226,7.548333333333235,5,2,100.0,61.8299999999996,1,2.4
5,B,PREDATOR,83,-12.339999999999995,234,7.548333333333235,4,2,100.0,55.25999999999986,2,2.4
5,B,PREDATOR,84,12.06666666666637,303,7.548333333333235,4,2,100.0,33.75999999999982,2,2.4
5,B,PREDATOR,85,12.216666666666365,288,7.548333333333235,4,2,100.0,44.0199999999994,2,2.4
5,B,PREDATOR,86,-12.419999999999993,242,7.548333333333235,4,2,100.0,53.80999999999983,2,2.4
5,B,PREDATOR,87,-12.259999999999996,226,7.548333333333235,5,2,100.0,43.0799999999999,1,2.4
5,B,PREDATOR,88,-12.239999999999997,224,7.548333333333235,2,2,100.0,70.6499999999995,4,2.4
5,B,PREDATOR,89,-12.239999999999997,224,7.548333333333235,4,2,100.0,56.119999999999884,2,2.4
5,B,PREDATOR,90,-12.249999999999996,225,7.548333333333235,5,1,100.0,61.999999999999524,1,2.4
5,B,PREDATOR,91,-12.219999999999997,222,7.548333333333235,4,2,100.0,55.23999999999988,2,2.4
5,B,PREDATOR,92,-12.289999999999996,229,7.548333333333235,5,2,100.0,28.32000000000029,1,2.4
5,B,PREDATOR,93,-12.239999999999997,224,7.548333333333235,3,2,100.0,61.34999999999986,3,2.4
5,B,PREDATOR,94,-12.329999999999995,233,7.548333333333235,5,2,100.0,36.239999999999895,1,2.4
5,B,PREDATOR,95,-12.259999999999996,226,7.548333333333235,5,2,100.0,53.73999999999961,1,2.4
5,B,PREDATOR,96,-12.229999999999997,223,7.548333333333235,5,2,100.0,58.359999999999516,1,2.4
5,B,PREDATOR,97,-12.309999999999995,231,7.548333333333235,5,2,100.0,36.630000000000024,1,2.4
5,B,PREDATOR,98,-12.189999999999998,219,7.548333333333235,4,2,100.0,46.06999999999968,2,2.4
5,B,PREDATOR,99,-12.279999999999996,228,7.548333333333235,6,2,100.0,13.840000000000137,0,2.4
5,B,PREDATOR,100,-12.469999999999992,247,7.548333333333235,5,2,100.0,48.50999999999968,1,2.4
5,B,PREDATOR,101,-12.259999999999996,226,7.548333333333235,5,2,100.0,36.189999999999806,1,2.4
5,B,PREDATOR,102,-12.189999999999998,219,7.548333333333235,5,2,100.0,32.52000000000018,1,2.4
5,B,PREDATOR,103,-12.199999999999998,220,7.548333333333235,6,1,100.0,54.09999999999938,0,2.4
5,B,PREDATOR,104,-12.209999999999997,221,7.548333333333235,6,2,100.0,38.52999999999988,0,2.4
5,B,PREDATOR,105,12.223333333332905,290,7.548333333333235,4,2,100.0,37.94999999999935,2,2.4
5,B,PREDATOR,106,-12.259999999999996,226,7.548333333333235,4,2,100.0,60.41999999999956,2,2.4
5,B,PREDATOR,107,-12.239999999999997,224,7.548333333333235,4,2,100.0,52.04999999999988,2,2.4
5,B,PREDATOR,108,12.203333333332958,292,7.548333333333235,5,1,100.0,13.66000000000036,1,2.4
5,B,PREDATOR,109,-12.609999999999989,261,7.548333333333235,5,2,100.0,39.78000000000011,1,2.4
5,B,PREDATOR,110,12.303333333332931,282,7.548333333333235,3,2,100.0,35.51000000000001,3,2.4
5,B,PREDATOR,111,-12.159999999999998,216,7.548333333333235,4,2,100.0,45.36999999999972,2,2.4
5,B,PREDATOR,112,-12.209999999999997,221,7.548333333333235,4,2,100.0,63.22999999999978,2,2.4
5,B,PREDATOR,113,-12.249999999999996,225,7.548333333333235,5,1,100.0,65.2999999999994,1,2.4
5,B,PREDATOR,114,-12.209999999999997,221,7.548333333333235,5,2,100.0,37.98000000000023,1,2.4
5,B,PREDATOR,115,-12.51999999999999,252,7.548333333333235,6,2,100.0,10.210000000000342,0,2.4
5,B,PREDATOR,116,-12.169999999999998,217,7.548333333333235,5,2,99.946,31.41000000000039,1,2.4
5,B,PREDATOR,117,36.48000000000053,374,7.548333333333235,2,2,100.0,12.920000000000156,4,2.4
5,B,PREDATOR,118,12.253333333332959,287,7.548333333333235,5,2,100.0,31.05999999999971,1,2.4
5,B,PREDATOR,119,-12.209999999999997,221,7.548333333333235,5,2,100.0,56.12999999999951,1,2.4
5,B,PREDATOR,120,11.993333333332993,305,7.548333333333235,2,2,100.0,51.92999999999922,4,2.4
5,B,PREDATOR,121,-12.689999999999987,269,7.548333333333235,4,2,100.0,46.67000000000007,2,2.4
5,B,PREDATOR,122,12.13333333333294,299,7.548333333333235,3,2,100.0,12.320000000000235,3,2.4
5,B,PREDATOR,123,12.196666666666447,290,7.548333333333235,3,2,100.0,45.049999999999706,3,2.4
5,B,PREDATOR,124,-12.359999999999994,236,7.548333333333235,6,2,100.0,27.430000000000163,0,2.4
5,B,PREDATOR,125,11.793333333333175,325,7.548333333333235,2,2,100.0,49.639999999999475,4,2.4
5,B,PREDATOR,126,-12.349999999999994,235,7.548333333333235,3,2,100.0,39.399999999999736,3,2.4
5,B,PREDATOR,127,-12.309999999999995,231,7.548333333333235,4,2,100.0,58.729999999999514,2,2.4
5,B,PREDATOR,128,-12.249999999999996,225,7.548333333333235,3,2,100.0,57.35999999999993,3,2.4
5,B,PREDATOR,129,12.203333333332887,292,7.548333333333235,4,2,100.0,26.460000000000203,2,2.4
5,B,PREDATOR,130,36.579999999999714,356,7.548333333333235,1,2,100.0,24.546249999999993,5,2.4
5,B,PREDATOR,131,-11.680000000000001,168,7.548333333333235,6,3,100.0,9.58000000000016,0,2.4
5,B,PREDATOR,132,-12.439999999999992,244,7.548333333333235,5,2,100.0,38.669999999999824,1,2.4
5,B,PREDATOR,133,-12.159999999999998,216,7.548333333333235,5,2,100.0,43.37999999999998,1,2.4
5,B,PREDATOR,134,-12.289999999999996,229,7.548333333333235,4,2,100.0,57.16999999999996,2,2.4
5,B,PREDATOR,135,-12.189999999999998,219,7.548333333333235,4,2,100.0,39.92000000000014,2,2.4
5,B,PREDATOR,136,-12.259999999999996,226,7.548333333333235,5,2,100.0,39.02999999999991,1,2.4
5,B,PREDATOR,137,-12.229999999999997,223,7.548333333333235,4,2,100.0,61.03999999999982,2,2.4
5,B,PREDATOR,138,-12.309999999999995,231,7.548333333333235,5,2,100.0,60.3299999999995,1,2.4
5,B,PREDATOR,139,-12.419999999999993,242,7.548333333333235,3,2,100.0,57.799999999999834,3,2.4
5,B,PREDATOR,140,12.259999999999883,281,7.548333333333235,3,2,100.0,38.330000000000425,3,2.4
5,B,PREDATOR,141,-12.229999999999997,223,7.548333333333235,5,2,100.0,42.989999999999924,1,2.4
5,B,PREDATOR,142,12.303333333333105,282,7.548333333333235,5,1,100.0,13.660000000000414,1,2.4
5,B,PREDATOR,143,-12.689999999999987,269,7.548333333333235,5,0,100.0,0.0,1,2.4
5,B,PREDATOR,144,-12.289999999999996,229,7.548333333333235,5,2,100.0,63.41999999999942,1,2.4
5,B,PREDATOR,145,-12.629999999999988,263,7.548333333333235,5,2,100.0,46.14000000000003,1,2.4
5,B,PREDATOR,146,13.15666666666655,194,7.548333333333235,3,3,100.0,11.15333333333357,3,2.4
5,B,PREDATOR,147,-12.219999999999997,222,7.548333333333235,2,2,100.0,61.64999999999965,4,2.4
5,B,PREDATOR,148,-11.31,131,7.548333333333235,6,2,100.0,23.880000000000113,0,2.4
5,B,PREDATOR,149,-12.439999999999992,244,7.548333333333235,5,2,100.0,32.820000000000135,1,2.4
5,B,PREDATOR,150,-12.159999999999998,216,7.548333333333235,6,3,100.0,3.0333333333333843,0,2.4
5,B,PREDATOR,151,-12.359999999999994,236,7.548333333333235,5,2,100.0,46.97999999999979,1,2.4
5,B,PREDATOR,152,-12.329999999999995,233,7.548333333333235,6,0,100.0,0.0,0,2.4
5,B,PREDATOR,153,-12.339999999999995,234,7.548333333333235,5,2,100.0,29.67000000000026,1,2.4
5,B,PREDATOR,154,-12.299999999999995,230,7.548333333333235,4,2,100.0,36.90999999999977,2,2.4
5,B,PREDATOR,155,-12.189999999999998,219,7.548333333333235,5,2,100.0,47.07000000000012,1,2.4
5,B,PREDATOR,156,12.303333333332917,282,7.548333333333235,5,2,100.0,20.710000000000107,1,2.4
5,B,PREDATOR,157,12.163333333332998,296,7.548333333333235,2,2,100.0,60.12999999999991,4,2.4
5,B,PREDATOR,158,-12.58999999999999,259,7.548333333333235,5,1,100.0,18.32000000000025,1,2.4
5,B,PREDATOR,159,-12.389999999999993,239,7.548333333333235,4,2,100.0,52.55999999999971,2,2.4
5,B,PREDATOR,160,-12.469999999999992,247,7.548333333333235,5,1,100.0,52.45999999999994,1,2.4
5,B,PREDATOR,161,-12.459999999999992,246,7.548333333333235,4,2,100.0,50.43999999999944,2,2.4
5,B,PREDATOR,162,12.193333333332896,293,7.548333333333235,5,0,99.946,0.0,1,2.4
5,B,PREDATOR,163,12.246666666666522,285,7.548333333333235,4,2,100.0,34.94999999999994,2,2.4
5,B,PREDATOR,164,-12.739999999999986,274,7.548333333333235,4,2,100.0,64.0799999999991,2,2.4
5,B,PREDATOR,165,-11.350000000000001,135,7.548333333333235,6,3,100.0,12.040000000000193,0,2.4
5,B,PREDATOR,166,-12.909999999999982,291,7.548333333333235,4,0,100.0,0.0,2,2.4
5,B,PREDATOR,167,12.019999999999646,305,7.548333333333235,3,2,100.0,24.519999999999662,3,2.4
5,B,PREDATOR,168,12.263333333333067,278,7.548333333333235,2,2,100.0,59.94999999999936,4,2.4
5,B,PREDATOR,169,36.716666666667294,345,7.548333333333235,3,1,100.0,15.87999999999963,3,2.4
5,B,PREDATOR,170,12.393333333332999,273,7.548333333333235,4,1,100.0,29.840000000000284,2,2.4
5,B,PREDATOR,171,-12.149999999999999,215,7.548333333333235,4,2,100.0,67.34999999999941,2,2.4
5,B,PREDATOR,172,-12.219999999999997,222,7.548333333333235,6,2,100.0,39.91,0,2.4
5,B,PREDATOR,173,-11.350000000000001,135,7.548333333333235,5,3,100.0,27.533333333333243,1,2.4
5,B,PREDATOR,174,12.0766666666665,302,7.548333333333235,4,2,100.0,25.40999999999999,2,2.4
5,B,PREDATOR,175,11.863333333332852,326,7.548333333333235,5,0,100.0,0.0,1,2.4
5,B,PREDATOR,176,60.899999999999814,431,7.548333333333235,1,2,100.0,6.449999999999878,5,2.4
5,B,PREDATOR,177,-12.12,212,7.548333333333235,4,2,100.0,64.30999999999945,2,2.4
5,B,PREDATOR,178,-12.179999999999998,218,7.548333333333235,4,2,100.0,40.089999999999804,2,2.4
5,B,PREDATOR,179,-12.189999999999998,219,7.548333333333235,5,2,100.0,31.209999999999763,1,2.4
5,B,PREDATOR,180,-12.369999999999994,237,7.548333333333235,3,2,100.0,61.18999999999977,3,2.4
5,B,PREDATOR,181,-12.459999999999992,246,7.548333333333235,3,2,100.0,52.48000000000029,3,2.4
5,B,PREDATOR,182,-12.289999999999996,229,7.548333333333235,5,2,99.946,41.52000000000011,1,2.4
5,B,PREDATOR,183,-12.209999999999997,221,7.548333333333235,5,2,100.0,49.37999999999956,1,2.4
5,B,PREDATOR,184,-12.239999999999997,224,7.548333333333235,4,2,100.0,68.84999999999923,2,2.4
5,B,PREDATOR,185,11.453333333332884,367,7.548333333333235,5,1,100.0,28.959999999999813,1,2.4
5,B,PREDATOR,186,-12.409999999999993,241,7.548333333333235,5,2,100.0,57.51999999999927,1,2.4
5,B,PREDATOR,187,-12.789999999999985,279,7.548333333333235,5,1,100.0,29.720000000000404,1,2.4
5,B,PREDATOR,188,-12.759999999999986,276,7.548333333333235,4,2,100.0,51.23999999999964,2,2.4
5,B,PREDATOR,189,-12.499999999999991,250,7.548333333333235,5,2,100.0,50.28999999999935,1,2.4
5,B,PREDATOR,190,-12.799999999999985,280,7.548333333333235,4,2,100.0,34.849999999999866,2,2.4
5,B,PREDATOR,191,-12.609999999999989,261,7.548333333333235,4,2,100.0,59.36999999999936,2,2.4
5,B,PREDATOR,192,11.906666666666203,319,7.548333333333235,2,2,100.0,28.69999999999996,4,2.4
5,B,PREDATOR,193,-12.459999999999992,246,7.548333333333235,4,2,100.0,42.690000000000104,2,2.4
5,B,PREDATOR,194,-12.249999999999996,225,7.548333333333235,4,2,100.0,64.46999999999935,2,2.4
5,B,PREDATOR,195,11.649999999999517,342,7.548333333333235,3,1,100.0,30.579999999999504,3,2.4
5,B,PREDATOR,196,-12.289999999999996,229,7.548333333333235,5,2,100.0,55.919999999999455,1,2.4
5,B,PREDATOR,197,-12.459999999999992,246,7.548333333333235,5,2,100.0,54.17999999999962,1,2.4
5,B,PREDATOR,198,-12.339999999999995,234,7.548333333333235,4,2,100.0,50.52999999999981,2,2.4
5,B,PREDATOR,199,11.563333333332826,356,7.548333333333235,3,2,100.0,3.679999999999932,3,2.4
5,B,PREDATOR,200,-12.959999999999981,296,7.548333333333235,5,1,100.0,41.47999999999952,1,2.4
5,B,PREDATOR,201,12.336666666666536,276,7.548333333333235,4,2,100.0,35.73999999999993,2,2.4
5,B,PREDATOR,202,-12.189999999999998,219,7.548333333333235,5,1,100.0,57.320000000000455,1,2.4
5,B,PREDATOR,203,-12.209999999999997,221,7.548333333333235,4,2,100.0,64.43999999999916,2,2.4
5,B,PREDATOR,204,-13.03999999999998,304,7.548333333333235,5,1,100.0,45.31999999999999,1,2.4
5,B,PREDATOR,205,11.913333333332849,321,7.548333333333235,4,2,100.0,5.579999999999986,2,2.4
5,B,PREDATOR,206,-12.249999999999996,225,7.548333333333235,6,2,100.0,35.80000000000013,0,2.4
5,B,PREDATOR,207,-12.369999999999994,237,7.548333333333235,4,2,100.0,39.10999999999992,2,2.4
5,B,PREDATOR,208,-12.229999999999997,223,7.548333333333235,4,2,100.0,46.04999999999983,2,2.4
5,B,PREDATOR,209,12.026666666666506,307,7.548333333333235,4,2,100.0,32.909999999999926,2,2.4
5,B,PREDATOR,210,-12.499999999999991,250,7.548333333333235,5,2,100.0,22.200000000000262,1,2.4
5,B,PREDATOR,211,11.653333333333178,339,7.548333333333235,1,2,100.0,43.77000000000032,5,2.4
5,B,PREDATOR,212,-12.339999999999995,234,7.548333333333235,4,2,100.0,51.93999999999947,2,2.4
5,B,PREDATOR,213,-12.329999999999995,233,7.548333333333235,5,2,100.0,25.590000000000252,1,2.4
5,B,PREDATOR,214,-12.909999999999982,291,7.548333333333235,6,1,100.0,44.079999999999565,0,2.4
5,B,PREDATOR,215,-12.299999999999995,230,7.548333333333235,5,2,100.0,48.45999999999949,1,2.4
5,B,PREDATOR,216,12.273333333332962,285,7.548333333333235,5,1,100.0,1.5999999999999899,1,2.4
5,B,PREDATOR,217,36.26000000000014,396,7.548333333333235,4,1,100.0,2.0799999999998473,2,2.4
5,B,PREDATOR,218,12.226666666666448,319,7.548333333333235,337,2,89.10044510385754,100.0,94,2.4
5,B,PREDATOR,219,-12.55999999999999,256,7.548333333333235,5,1,100.0,37.28000000000042,1,2.4
5,B,PREDATOR,220,36.29000000000068,393,7.548333333333235,4,0,100.0,0.0,2,2.4
5,B,PREDATOR,221,12.253333333332995,287,7.548333333333235,4,2,100.0,9.360000000000447,2,2.4
5,B,PREDATOR,222,-12.12,212,7.548333333333235,5,2,100.0,33.96000000000033,1,2.4
5,B,PREDATOR,223,-13.03999999999998,304,7.548333333333235,5,1,100.0,59.11999999999901,1,2.4
5,B,PREDATOR,224,-12.399999999999993,240,7.548333333333235,4,2,100.0,23.940000000000115,2,2.4
5,B,PREDATOR,225,12.416666666666272,268,7.548333333333235,3,2,100.0,30.960000000000232,3,2.4
5,B,PREDATOR,226,11.903333333333139,322,7.548333333333235,5,0,100.0,0.0,1,2.4
5,B,PREDATOR,227,-12.379999999999994,238,7.548333333333235,7,2,100.0,24.190000000000033,0,2.4
5,B,PREDATOR,228,-12.209999999999997,221,7.548333333333235,5,2,100.0,51.32999999999965,1,2.4
5,B,PREDATOR,229,-12.359999999999994,236,7.548333333333235,5,2,100.0,46.37999999999951,1,2.4
5,B,PREDATOR,230,-12.239999999999997,224,7.548333333333235,6,2,100.0,29.169999999999952,0,2.4
5,B,PREDATOR,231,-12.339999999999995,234,7.548333333333235,4,2,100.0,42.17000000000047,2,2.4
5,B,PREDATOR,232,-12.339999999999995,234,7.548333333333235,5,2,100.0,35.669999999999774,1,2.4
5,B,PREDATOR,233,-12.459999999999992,246,7.548333333333235,5,2,100.0,36.0300000000002,1,2.4
5,B,PREDATOR,234,-12.409999999999993,241,7.548333333333235,4,2,100.0,48.829999999999785,2,2.4
5,B,PREDATOR,235,-12.719999999999986,272,7.548333333333235,6,1,100.0,20.560000000000038,0,2.4
5,B,PREDATOR,236,-12.709999999999987,271,7.548333333333235,4,2,100.0,60.05999999999946,2,2.4
5,B,PREDATOR,237,-12.419999999999993,242,7.548333333333235,6,1,100.0,28.959999999999884,0,2.4
5,B,PREDATOR,238,-12.239999999999997,224,7.548333333333235,6,2,100.0,46.71999999999993,0,2.4
5,B,PREDATOR,239,-12.199999999999998,220,7.548333333333235,5,2,100.0,59.69999999999969,1,2.4
5,B,PREDATOR,240,-12.53999999999999,254,7.548333333333235,5,2,100.0,42.56999999999991,1,2.4
5,B,PREDATOR,241,11.753333333332852,337,7.548333333333235,3,2,100.0,17.66000000000002,3,2.4
5,B,PREDATOR,242,-12.759999999999986,276,7.548333333333235,5,2,100.0,49.52999999999959,1,2.4
5,B,PREDATOR,243,-12.149999999999999,215,7.548333333333235,5,2,100.0,39.449999999999754,1,2.4
5,B,PREDATOR,244,-12.369999999999994,237,7.548333333333235,5,1,100.0,41.66000000000047,1,2.4
5,B,PREDATOR,245,-12.659999999999988,266,7.548333333333235,4,2,100.0,50.45999999999961,2,2.4
5,B,PREDATOR,246,-12.759999999999986,276,7.548333333333235,5,1,100.0,55.71999999999921,1,2.4
5,B,PREDATOR,247,1214.3150000000023,500,7.548333333333235,337,2,87.92166172106826,53.69999999999966,55,2.4
5,B,PREDATOR,248,-12.939999999999982,294,7.548333333333235,6,2,100.0,9.669999999999861,0,2.4
5,B,PREDATOR,249,-11.57,157,7.548333333333235,6,1,100.0,60.759999999999515,0,2.4
5,B,PREDATOR,250,-12.629999999999988,263,7.548333333333235,5,2,100.0,37.73999999999996,1,2.4
5,B,PREDATOR,251,-12.58999999999999,259,7.548333333333235,1,2,100.0,76.20999999999952,5,2.4
5,B,PREDATOR,252,12.723333333332969,240,7.548333333333235,4,2,100.0,34.69999999999962,2,2.4
5,B,PREDATOR,253,-12.439999999999992,244,7.548333333333235,6,1,100.0,31.419999999999856,0,2.4
5,B,PREDATOR,254,60.28666666666559,495,7.548333333333235,2,0,100.0,0.0,4,2.4
5,B,PREDATOR,255,-12.859999999999983,286,7.548333333333235,4,2,99.97,48.63999999999941,2,2.4
5,B,PREDATOR,256,-13.50999999999997,351,7.548333333333235,5,0,100.0,0.0,1,2.4
5,B,PREDATOR,257,-12.449999999999992,245,7.548333333333235,5,2,100.0,37.800000000000296,1,2.4
5,B,PREDATOR,258,60.72999999999889,456,7.548333333333235,3,0,100.0,0.0,3,2.4
5,B,PREDATOR,259,-12.219999999999997,222,7.548333333333235,5,2,100.0,55.40999999999957,1,2.4
5,B,PREDATOR,260,-12.499999999999991,250,7.548333333333235,6,2,100.0,13.90000000000027,0,2.4
5,B,PREDATOR,261,-12.759999999999986,276,7.548333333333235,3,2,100.0,60.91999999999953,3,2.4
5,B,PREDATOR,262,-11.530000000000001,153,7.548333333333235,5,3,100.0,29.873333333333246,1,2.4
5,B,PREDATOR,263,36.536666666666335,363,7.548333333333235,2,1,100.0,23.239999999999498,4,2.4
5,B,PREDATOR,264,-12.309999999999995,231,7.548333333333235,3,2,100.0,81.18999999999932,3,2.4
5,B,PREDATOR,265,-12.55999999999999,256,7.548333333333235,4,2,100.0,53.87999999999971,2,2.4
5,B,PREDATOR,266,-11.55,155,7.548333333333235,3,3,100.0,44.26666666666665,3,2.4
5,B,PREDATOR,267,70.18333333333254,500,7.548333333333235,1,2,100.0,21.900000000000144,5,2.4
5,B,PREDATOR,268,-12.459999999999992,246,7.548333333333235,5,2,100.0,43.35999999999952,1,2.4
5,B,PREDATOR,269,12.323333333332902,280,7.548333333333235,3,2,100.0,55.88999999999943,3,2.4
5,B,PREDATOR,270,11.96333333333285,316,7.548333333333235,4,2,100.0,36.47999999999978,2,2.4
5,B,PREDATOR,271,11.78333333333284,334,7.548333333333235,4,2,100.0,27.1200000000002,2,2.4
5,B,PREDATOR,272,11.846666666666374,325,7.548333333333235,4,2,100.0,52.49999999999925,2,2.4
5,B,PREDATOR,273,12.203333333332923,292,7.548333333333235,5,2,100.0,30.009999999999962,1,2.4
5,B,PREDATOR,274,-12.889999999999983,289,7.548333333333235,5,2,100.0,27.12000000000024,1,2.4
5,B,PREDATOR,275,-12.439999999999992,244,7.548333333333235,5,2,100.0,47.67999999999964,1,2.4
5,B,PREDATOR,276,11.769999999999802,330,7.548333333333235,3,2,100.0,17.280000000000534,3,2.4
5,B,PREDATOR,277,-12.509999999999991,251,7.548333333333235,5,2,100.0,52.37999999999958,1,2.4
5,B,PREDATOR,278,-12.369999999999994,237,7.548333333333235,6,2,100.0,41.259999999999664,0,2.4
5,B,PREDATOR,279,-12.689999999999987,269,7.548333333333235,3,2,100.0,66.20999999999901,3,2.4
5,B,PREDATOR,280,-12.789999999999985,279,7.548333333333235,4,2,100.0,53.11999999999983,2,2.4
5,B,PREDATOR,281,95.22666666666481,500,7.548333333333235,1,1,100.0,20.21999999999958,5,2.4
5,B,PREDATOR,282,36.69000000000037,353,7.548333333333235,4,0,100.0,0.0,2,2.4
5,B,PREDATOR,283,11.72999999999969,334,7.548333333333235,3,2,100.0,51.16999999999939,3,2.4
5,B,PREDATOR,284,-12.1,210,7.548333333333235,4,2,100.0,60.49999999999965,2,2.4
5,B,PREDATOR,285,-12.479999999999992,248,7.548333333333235,5,2,100.0,32.04999999999987,1,2.4
5,B,PREDATOR,286,-12.259999999999996,226,7.548333333333235,6,2,100.0,13.18000000000008,0,2.4
5,B,PREDATOR,287,-12.169999999999998,217,7.548333333333235,6,2,100.0,45.00999999999965,0,2.4
5,B,PREDATOR,288,11.22666666666615,387,7.548333333333235,2,1,100.0,61.259999999999415,4,2.4
5,B,PREDATOR,289,-12.509999999999991,251,7.548333333333235,4,1,100.0,63.179999999999914,2,2.4
5,B,PREDATOR,290,-12.169999999999998,217,7.548333333333235,5,2,100.0,54.9262499999997,1,2.4
5,B,PREDATOR,291,-12.209999999999997,221,7.548333333333235,6,1,100.0,46.77999999999969,0,2.4
5,B,PREDATOR,292,-12.97999999999998,298,7.548333333333235,5,2,100.0,37.140000000000256,1,2.4
5,B,PREDATOR,293,11.806666666666173,329,7.548333333333235,2,2,100.0,63.169999999999064,4,2.4
5,B,PREDATOR,294,-12.839999999999984,284,7.548333333333235,4,2,100.0,52.66999999999987,2,2.4
5,B,PREDATOR,295,-12.839999999999984,284,7.548333333333235,5,2,100.0,54.86999999999922,1,2.4
5,B,PREDATOR,296,-12.409999999999993,241,7.548333333333235,5,2,100.0,42.02999999999975,1,2.4
5,B,PREDATOR,297,-12.58999999999999,259,7.548333333333235,6,1,100.0,42.21999999999959,0,2.4
5,B,PREDATOR,298,36.476666666667185,369,7.548333333333235,2,1,100.0,38.90000000000036,4,2.4
5,B,PREDATOR,299,36.12666666666728,404,7.548333333333235,337,1,94.92545994065273,100.0,62,2.4
5,B,PREDATOR,300,-12.619999999999989,262,7.548333333333235,4,1,100.0,72.75999999999905,2,2.4
5,B,PREDATOR,301,-12.299999999999995,230,7.548333333333235,5,2,100.0,49.49999999999966,1,2.4
5,B,PREDATOR,302,36.656666666666936,351,7.548333333333235,3,1,100.0,16.58000000000075,3,2.4
5,B,PREDATOR,303,60.44999999999822,484,7.548333333333235,3,0,100.0,0.0,3,2.4
5,B,PREDATOR,304,36.469999999999864,375,7.548333333333235,4,0,100.0,0.0,2,2.4
5,B,PREDATOR,305,-12.689999999999987,269,7.548333333333235,3,2,100.0,53.7799999999998,3,2.4
5,B,PREDATOR,306,-12.199999999999998,220,7.548333333333235,5,3,100.0,1.3333333333334052,1,2.4
5,B,PREDATOR,307,-12.229999999999997,223,7.548333333333235,5,2,100.0,61.7399999999993,1,2.4
5,B,PREDATOR,308,-12.289999999999996,229,7.548333333333235,6,1,100.0,0.22000000000028652,0,2.4
5,B,PREDATOR,309,36.120000000000495,410,7.548333333333235,4,0,100.0,0.0,2,2.4
5,B,PREDATOR,310,11.653333333333146,347,7.548333333333235,4,2,100.0,26.01000000000013,2,2.4
5,B,PREDATOR,311,-12.239999999999997,224,7.548333333333235,6,2,100.0,47.76999999999953,0,2.4
5,B,PREDATOR,312,-12.199999999999998,220,7.548333333333235,5,2,100.0,49.539999999999495,1,2.4
5,B,PREDATOR,313,-12.759999999999986,276,7.548333333333235,5,2,100.0,39.189999999999785,1,2.4
5,B,PREDATOR,314,-12.409999999999993,241,7.548333333333235,5,2,100.0,44.72999999999975,1,2.4
5,B,PREDATOR,315,-12.409999999999993,241,7.548333333333235,5,2,100.0,51.17999999999941,1,2.4
5,B,PREDATOR,316,-13.00999999999998,301,7.548333333333235,3,2,100.0,45.88999999999967,3,2.4
5,B,PREDATOR,317,-12.839999999999984,284,7.548333333333235,4,2,100.0,25.519999999999996,2,2.4
5,B,PREDATOR,318,-12.509999999999991,251,7.548333333333235,3,2,99.91000000000001,31.17000000000023,3,2.4
5,B,PREDATOR,319,12.15999999999986,291,7.548333333333235,3,2,100.0,44.01999999999927,3,2.4
5,B,PREDATOR,320,11.293333333332813,383,7.548333333333235,3,1,100.0,38.34000000000037,3,2.4
5,B,PREDATOR,321,-12.159999999999998,216,7.548333333333235,5,2,100.0,57.479999999999464,1,2.4
5,B,PREDATOR,322,12.286666666666237,281,7.548333333333235,3,2,100.0,59.78999999999941,3,2.4
5,B,PREDATOR,323,-12.179999999999998,218,7.548333333333235,5,2,100.0,51.09000000000007,1,2.4
5,B,PREDATOR,324,-12.58999999999999,259,7.548333333333235,6,1,100.0,2.620000000000318,0,2.4
5,B,PREDATOR,325,-11.750000000000002,175,7.548333333333235,5,3,100.0,23.513333333333364,1,2.4
5,B,PREDATOR,326,12.069999999999558,300,7.548333333333235,1,2,100.0,58.19999999999925,5,2.4
5,B,PREDATOR,327,-12.759999999999986,276,7.548333333333235,5,1,100.0,0.4800000000001191,1,2.4
5,B,PREDATOR,328,-12.689999999999987,269,7.548333333333235,5,1,100.0,54.919999999999405,1,2.4
5,B,PREDATOR,329,11.603333333332808,352,7.548333333333235,3,1,100.0,67.25999999999895,3,2.4
5,B,PREDATOR,330,-12.53999999999999,254,7.548333333333235,5,2,100.0,40.47000000000007,1,2.4
5,B,PREDATOR,331,-12.659999999999988,266,7.548333333333235,5,2,100.0,30.789999999999626,1,2.4
5,B,PREDATOR,332,12.546666666666441,255,7.548333333333235,4,1,100.0,44.799999999999756,2,2.4
5,B,PREDATOR,333,11.373333333332939,375,7.548333333333235,5,0,100.0,0.0,1,2.4
5,B,PREDATOR,334,-13.269999999999975,327,7.548333333333235,5,2,100.0,39.65999999999945,1,2.4
5,B,PREDATOR,335,966.4150000000029,500,7.548333333333235,337,3,96.19442136498506,60.98666666666629,109,2.4
5,B,PREDATOR,336,10.756666666666257,434,7.548333333333235,4,0,100.0,0.0,2,2.4
5,B,PREDATOR,337,-12.759999999999986,276,7.548333333333235,4,2,100.0,48.96999999999938,2,2.4
5,B,PREDATOR,338,-12.839999999999984,284,7.548333333333235,4,2,100.0,50.71999999999954,2,2.4
5,B,PREDATOR,339,-13.069999999999979,307,7.548333333333235,4,2,100.0,38.49999999999966,2,2.4
5,B,PREDATOR,340,-13.00999999999998,301,7.548333333333235,5,2,100.0,46.5299999999998,1,2.4
5,B,PREDATOR,341,-12.329999999999995,233,7.548333333333235,4,2,100.0,63.98999999999931,2,2.4
5,B,PREDATOR,342,-12.98999999999998,299,7.548333333333235,5,1,99.946,45.919999999999334,1,2.4
5,B,PREDATOR,343,-12.909999999999982,291,7.548333333333235,4,1,100.0,35.739999999999654,2,2.4
5,B,PREDATOR,344,11.649999999999762,342,7.548333333333235,2,2,100.0,58.80999999999972,4,2.4
5,B,PREDATOR,345,-12.939999999999982,294,7.548333333333235,6,1,100.0,21.819999999999684,0,2.4
5,B,PREDATOR,346,-12.179999999999998,218,7.548333333333235,4,2,100.0,42.590000000000074,2,2.4
5,B,PREDATOR,347,36.0066666666668,416,7.548333333333235,3,1,100.0,38.91999999999929,3,2.4
5,B,PREDATOR,348,45.19333333333363,500,7.548333333333235,3,1,100.0,7.200000000000953,3,2.4
5,B,PREDATOR,349,11.003333333332742,412,7.548333333333235,3,1,100.0,28.259999999999856,3,2.4
5,B,PREDATOR,350,35.16666666666694,500,7.548333333333235,2,1,100.0,29.41999999999967,4,2.4
5,B,PREDATOR,351,-11.450000000000001,145,7.548333333333235,6,2,100.0,22.950000000000117,0,2.4
5,B,PREDATOR,352,-12.58999999999999,259,7.548333333333235,5,2,100.0,38.069999999999474,1,2.4
5,B,PREDATOR,353,-12.639999999999988,264,7.548333333333235,6,2,99.955,15.369999999999923,0,2.4
5,B,PREDATOR,354,11.323333333332867,380,7.548333333333235,4,1,100.0,30.20000000000019,2,2.4
5,B,PREDATOR,355,95.22666666666572,500,7.548333333333235,1,1,100.0,34.100000000001224,5,2.4
5,B,PREDATOR,356,35.359999999999964,478,7.548333333333235,1,1,100.0,4.3400000000000505,5,2.4
5,B,PREDATOR,357,-12.609999999999989,261,7.548333333333235,4,2,100.0,48.68000000000019,2,2.4
5,B,PREDATOR,358,10.983333333332913,414,7.548333333333235,5,0,100.0,0.0,1,2.4
5,B,PREDATOR,359,36.27999999999971,386,7.548333333333235,2,2,100.0,23.759999999999625,4,2.4
5,B,PREDATOR,360,36.753333333333885,344,7.548333333333235,2,2,100.0,32.7199999999997,4,2.4
5,B,PREDATOR,361,60.70999999999882,442,7.548333333333235,0,2,0.0,26.669999999999163,6,2.4
5,B,PREDATOR,362,11.176666666666142,392,7.548333333333235,4,1,100.0,21.63999999999939,2,2.4
5,B,PREDATOR,363,12.093333333332952,303,7.548333333333235,5,0,100.0,0.0,1,2.4
5,B,PREDATOR,364,11.676666666666415,342,7.548333333333235,3,2,100.0,37.30999999999985,3,2.4
5,B,PREDATOR,365,35.22666666666743,494,7.548333333333235,1,1,100.0,43.32000000000052,5,2.4
5,B,PREDATOR,366,-12.409999999999993,241,7.548333333333235,4,2,100.0,31.580000000000418,2,2.4
5,B,PREDATOR,367,11.59999999999953,347,7.548333333333235,1,2,100.0,49.859999999999246,5,2.4
5,B,PREDATOR,368,-13.089999999999979,309,7.548333333333235,5,2,100.0,24.26999999999997,1,2.4
5,B,PREDATOR,369,11.199999999999752,387,7.548333333333235,2,2,100.0,5.710000000000456,4,2.4
5,B,PREDATOR,370,-12.839999999999984,284,7.548333333333235,4,2,99.97,35.37999999999941,2,2.4
5,B,PREDATOR,371,11.573333333332988,355,7.548333333333235,5,1,100.0,3.4000000000004027,1,2.4
5,B,PREDATOR,372,60.519999999999335,469,7.548333333333235,2,0,100.0,0.0,4,2.4
5,B,PREDATOR,373,-13.089999999999979,309,7.548333333333235,5,0,100.0,0.0,1,2.4
5,B,PREDATOR,374,-12.709999999999987,271,7.548333333333235,5,0,100.0,0.0,1,2.4
5,B,PREDATOR,375,-12.199999999999998,220,7.548333333333235,3,2,100.0,65.50999999999947,3,2.4
5,B,PREDATOR,376,-12.189999999999998,219,7.548333333333235,6,2,100.0,39.21999999999992,0,2.4
5,B,PREDATOR,377,-12.499999999999991,250,7.548333333333235,2,2,100.0,73.94999999999993,4,2.4
5,B,PREDATOR,378,-12.899999999999983,290,7.548333333333235,5,1,100.0,62.43999999999885,1,2.4
5,B,PREDATOR,379,-12.909999999999982,291,7.548333333333235,4,1,100.0,41.85999999999959,2,2.4
5,B,PREDATOR,380,-13.069999999999979,307,7.548333333333235,5,2,100.0,36.51000000000039,1,2.4
5,B,PREDATOR,381,-13.219999999999976,322,7.548333333333235,6,2,100.0,2.8599999999999874,0,2.4
5,B,PREDATOR,382,-12.99999999999998,300,7.548333333333235,3,2,100.0,32.35000000000011,3,2.4
5,B,PREDATOR,383,-12.909999999999982,291,7.548333333333235,3,2,100.0,54.80999999999949,3,2.4
5,B,PREDATOR,384,-12.11,211,7.548333333333235,5,2,100.0,43.529999999999916,1,2.4
5,B,PREDATOR,385,-13.03999999999998,304,7.548333333333235,5,1,100.0,41.120000000000125,1,2.4
5,B,PREDATOR,386,-12.199999999999998,220,7.548333333333235,5,2,100.0,52.11999999999951,1,2.4
5,B,PREDATOR,387,-12.439999999999992,244,7.548333333333235,3,2,100.0,53.00999999999952,3,2.4
5,B,PREDATOR,388,36.64333333333316,355,7.548333333333235,3,2,100.0,17.84999999999993,3,2.4
5,B,PREDATOR,389,-12.439999999999992,244,7.548333333333235,4,2,100.0,38.420000000000655,2,2.4
5,B,PREDATOR,390,-12.809999999999985,281,7.548333333333235,5,1,100.0,51.979999999999634,1,2.4
5,B,PREDATOR,391,-13.089999999999979,309,7.548333333333235,5,2,100.0,10.17000000000018,1,2.4
5,B,PREDATOR,392,-12.179999999999998,218,7.548333333333235,6,2,100.0,38.13999999999989,0,2.4
5,B,PREDATOR,393,-12.459999999999992,246,7.548333333333235,4,2,100.0,55.87999999999995,2,2.4
5,B,PREDATOR,394,-13.139999999999977,314,7.548333333333235,4,2,100.0,17.370000000000143,2,2.4
5,B,PREDATOR,395,-12.189999999999998,219,7.548333333333235,4,2,100.0,66.00999999999918,2,2.4
5,B,PREDATOR,396,-13.089999999999979,309,7.548333333333235,6,2,100.0,37.11999999999971,0,2.4
5,B,PREDATOR,397,11.533333333332907,359,7.548333333333235,5,0,100.0,0.0,1,2.4
5,B,PREDATOR,398,-13.639999999999967,364,7.548333333333235,5,1,100.0,17.419999999999543,1,2.4
5,B,PREDATOR,399,-12.219999999999997,222,7.548333333333235,5,2,100.0,32.309999999999896,1,2.4
5,B,PREDATOR,400,-13.03999999999998,304,7.548333333333235,5,2,100.0,22.319999999999936,1,2.4
5,B,PREDATOR,401,11.559999999999787,351,7.548333333333235,2,2,100.0,24.88000000000006,4,2.4
5,B,PREDATOR,402,-12.329999999999995,233,7.548333333333235,4,1,100.0,75.87999999999914,2,2.4
5,B,PREDATOR,403,-12.139999999999999,214,7.548333333333235,5,2,100.0,56.799999999999436,1,2.4
5,B,PREDATOR,404,12.28333333333297,284,7.548333333333235,5,1,100.0,3.2200000000003346,1,2.4
5,B,PREDATOR,405,-12.819999999999984,282,7.548333333333235,5,2,100.0,39.20999999999956,1,2.4
5,B,PREDATOR,406,35.263333333333954,485,7.548333333333235,2,1,100.0,0.3999999999997843,4,2.4
5,B,PREDATOR,407,-13.05999999999998,306,7.548333333333235,4,2,100.0,43.57999999999975,2,2.4
5,B,PREDATOR,408,10.85333333333275,427,7.548333333333235,4,0,100.0,0.0,2,2.4
5,B,PREDATOR,409,-13.159999999999977,316,7.548333333333235,5,2,99.946,6.780000000000108,1,2.4
5,B,PREDATOR,410,-11.870000000000001,187,7.548333333333235,6,1,100.0,56.55999999999951,0,2.4
5,B,PREDATOR,411,-13.03999999999998,304,7.548333333333235,6,0,100.0,0.0,0,2.4
5,B,PREDATOR,412,11.746666666666409,335,7.548333333333235,4,1,100.0,2.900000000000566,2,2.4
5,B,PREDATOR,413,-12.139999999999999,214,7.548333333333235,4,2,100.0,44.82999999999982,2,2.4
5,B,PREDATOR,414,-12.839999999999984,284,7.548333333333235,6,2,100.0,15.96999999999995,0,2.4
5,B,PREDATOR,415,3571.2083333333294,500,7.548333333333235,337,2,98.21074183976258,87.09999999999994,206,2.4
5,B,PREDATOR,416,45.16666666666629,500,7.548333333333235,2,2,100.0,43.60999999999955,4,2.4
5,B,PREDATOR,417,11.596666666666314,350,7.548333333333235,3,2,100.0,31.550000000000203,3,2.4
5,B,PREDATOR,418,-12.469999999999992,247,7.548333333333235,5,2,100.0,54.95999999999954,1,2.4
5,B,PREDATOR,419,-12.619999999999989,262,7.548333333333235,5,1,100.0,55.159999999999364,1,2.4
5,B,PREDATOR,420,-12.369999999999994,237,7.548333333333235,6,2,100.0,43.50999999999975,0,2.4
5,B,PREDATOR,421,-12.449999999999992,245,7.548333333333235,6,1,100.0,36.399999999999714,0,2.4
5,B,PREDATOR,422,-13.089999999999979,309,7.548333333333235,5,2,100.0,5.370000000000317,1,2.4
5,B,PREDATOR,423,10.773333333332838,435,7.548333333333235,4,1,100.0,3.4999999999999094,2,2.4
5,B,PREDATOR,424,11.47666666666653,362,7.548333333333235,4,2,100.0,9.060000000000311,2,2.4
5,B,PREDATOR,425,-12.409999999999993,241,7.548333333333235,5,2,100.0,60.72999999999931,1,2.4
5,B,PREDATOR,426,-13.03999999999998,304,7.548333333333235,5,2,100.0,17.819999999999947,1,2.4
5,B,PREDATOR,427,-12.859999999999983,286,7.548333333333235,5,2,100.0,51.33999999999935,1,2.4
5,B,PREDATOR,428,29.343333333333256,335,7.548333333333235,3,2,100.0,22.650000000000183,3,2.4
5,B,PREDATOR,429,11.153333333332986,397,7.548333333333235,1,1,100.0,36.36000000000031,5,2.4
5,B,PREDATOR,430,10.936666666666055,416,7.548333333333235,4,1,100.0,10.23999999999932,2,2.4
5,B,PREDATOR,431,11.116666666666381,398,7.548333333333235,4,1,100.0,4.5400000000003,2,2.4
5,B,PREDATOR,432,36.440000000000445,378,7.548333333333235,3,0,100.0,0.0,3,2.4
5,B,PREDATOR,433,-13.239999999999975,324,7.548333333333235,5,1,100.0,39.92000000000022,1,2.4
5,B,PREDATOR,434,11.503333333332849,362,7.548333333333235,3,2,100.0,10.01000000000062,3,2.4
5,B,PREDATOR,435,-13.409999999999972,341,7.548333333333235,4,2,100.0,30.529999999999614,2,2.4
5,B,PREDATOR,436,-12.899999999999983,290,7.548333333333235,3,2,100.0,63.69999999999941,3,2.4
5,B,PREDATOR,437,-12.469999999999992,247,7.548333333333235,3,2,100.0,67.95999999999964,3,2.4
5,B,PREDATOR,438,11.623333333332797,350,7.548333333333235,2,1,100.0,67.79999999999939,4,2.4
5,B,PREDATOR,439,-13.05999999999998,306,7.548333333333235,4,2,100.0,53.77999999999956,2,2.4
5,B,PREDATOR,440,-12.969999999999981,297,7.548333333333235,5,1,100.0,42.2600000000007,1,2.4
5,B,PREDATOR,441,-13.00999999999998,301,7.548333333333235,5,2,100.0,18.330000000000258,1,2.4
5,B,PREDATOR,442,-12.739999999999986,274,7.548333333333235,6,1,100.0,14.620000000000406,0,2.4
5,B,PREDATOR,443,-12.709999999999987,271,7.548333333333235,4,2,100.0,64.22999999999908,2,2.4
5,B,PREDATOR,444,-11.270000000000001,127,7.548333333333235,6,3,100.0,28.819999999999855,0,2.4
5,B,PREDATOR,445,12.286666666666429,281,7.548333333333235,4,2,100.0,31.07999999999959,2,2.4
5,B,PREDATOR,446,-13.93999999999996,394,7.548333333333235,3,2,100.0,11.629999999999917,3,2.4
5,B,PREDATOR,447,45.22000000000096,500,7.548333333333235,4,1,100.0,2.5599999999997554,2,2.4
5,B,PREDATOR,448,-13.98999999999996,399,7.548333333333235,5,1,99.946,35.42000000000003,1,2.4
5,B,PREDATOR,449,-12.98999999999998,299,7.548333333333235,3,2,100.0,43.37999999999954,3,2.4
5,B,PREDATOR,450,-13.139999999999977,314,7.548333333333235,5,1,100.0,24.919999999999817,1,2.4
5,B,PREDATOR,451,11.473333333333064,357,7.548333333333235,2,2,100.0,11.759999999999815,4,2.4
5,B,PREDATOR,452,-12.739999999999986,274,7.548333333333235,6,2,100.0,30.519999999999946,0,2.4
5,B,PREDATOR,453,-13.05999999999998,306,7.548333333333235,4,2,100.0,55.129999999999235,2,2.4
5,B,PREDATOR,454,-13.48999999999997,349,7.548333333333235,2,1,100.0,86.03999999999911,4,2.4
5,B,PREDATOR,455,12.703333333332976,242,7.548333333333235,2,3,100.0,31.840000000000146,4,2.4
5,B,PREDATOR,456,11.426666666666359,367,7.548333333333235,3,1,100.0,54.359999999999744,3,2.4
5,B,PREDATOR,457,-13.93999999999996,394,7.548333333333235,4,2,99.9325,21.620000000000047,2,2.4
5,B,PREDATOR,458,-13.309999999999974,331,7.548333333333235,4,2,100.0,34.58000000000007,2,2.4
5,B,PREDATOR,459,-13.259999999999975,326,7.548333333333235,5,1,100.0,9.879999999999619,1,2.4
5,B,PREDATOR,460,-13.209999999999976,321,7.548333333333235,4,2,100.0,54.97999999999948,2,2.4
5,B,PREDATOR,461,-12.759999999999986,276,7.548333333333235,4,2,100.0,39.53000000000007,2,2.4
5,B,PREDATOR,462,-12.229999999999997,223,7.548333333333235,6,2,100.0,32.29000000000039,0,2.4
5,B,PREDATOR,463,11.753333333332863,337,7.548333333333235,3,2,100.0,17.810000000000556,3,2.4
5,B,PREDATOR,464,70.2899999999988,500,7.548333333333235,3,1,100.0,12.10000000000006,3,2.4
5,B,PREDATOR,465,10.603333333332722,452,7.548333333333235,3,1,100.0,44.15999999999949,3,2.4
5,B,PREDATOR,466,11.153333333332762,397,7.548333333333235,4,1,100.0,12.560000000000626,2,2.4
5,B,PREDATOR,467,11.526666666666534,357,7.548333333333235,3,2,100.0,18.710000000000008,3,2.4
5,B,PREDATOR,468,10.753333333332657,437,7.548333333333235,3,1,100.0,0.6600000000005956,3,2.4
5,B,PREDATOR,469,-12.439999999999992,244,7.548333333333235,4,2,100.0,54.129999999999384,2,2.4
5,B,PREDATOR,470,-13.00999999999998,301,7.548333333333235,5,2,100.0,25.239999999999704,1,2.4
5,B,PREDATOR,471,35.51000000000048,471,7.548333333333235,3,0,100.0,0.0,3,2.4
5,B,PREDATOR,472,45.140000000000455,500,7.548333333333235,2,2,100.0,19.650000000000425,4,2.4
5,B,PREDATOR,473,-13.50999999999997,351,7.548333333333235,4,2,100.0,23.109999999999648,2,2.4
5,B,PREDATOR,474,-12.599999999999989,260,7.548333333333235,3,2,100.0,70.59999999999938,3,2.4
5,B,PREDATOR,475,-13.03999999999998,304,7.548333333333235,5,2,100.0,15.309999999999725,1,2.4
5,B,PREDATOR,476,70.20999999999859,500,7.548333333333235,2,1,100.0,31.90000000000111,4,2.4
5,B,PREDATOR,477,10.106666666665939,499,7.548333333333235,3,1,100.0,0.6199999999995822,3,2.4
5,B,PREDATOR,478,-13.789999999999964,379,7.548333333333235,5,1,100.0,3.879999999999564,1,2.4
5,B,PREDATOR,479,-12.409999999999993,241,7.548333333333235,5,2,100.0,53.2899999999995,1,2.4
5,B,PREDATOR,480,-13.209999999999976,321,7.548333333333235,5,1,100.0,57.459999999999,1,2.4
5,B,PREDATOR,481,-12.939999999999982,294,7.548333333333235,5,1,100.0,54.91999999999961,1,2.4
5,B,PREDATOR,482,-13.05999999999998,306,7.548333333333235,6,1,100.0,1.7800000000003458,0,2.4
5,B,PREDATOR,483,11.003333333332899,412,7.548333333333235,5,0,100.0,0.0,1,2.4
5,B,PREDATOR,484,-12.659999999999988,266,7.548333333333235,3,2,100.0,49.2962499999999,3,2.4
5,B,PREDATOR,485,-12.439999999999992,244,7.548333333333235,4,2,100.0,63.14999999999926,2,2.4
5,B,PREDATOR,486,-12.409999999999993,241,7.548333333333235,5,2,100.0,47.879999999999974,1,2.4
5,B,PREDATOR,487,-12.959999999999981,296,7.548333333333235,4,2,100.0,19.280000000000413,2,2.4
5,B,PREDATOR,488,-12.169999999999998,217,7.548333333333235,5,2,100.0,56.609999999999665,1,2.4
5,B,PREDATOR,489,-12.789999999999985,279,7.548333333333235,5,1,100.0,54.51999999999917,1,2.4
5,B,PREDATOR,490,-12.359999999999994,236,7.548333333333235,5,2,100.0,38.43000000000004,1,2.4
5,B,PREDATOR,491,-12.839999999999984,284,7.548333333333235,2,2,100.0,58.97999999999935,4,2.4
5,B,PREDATOR,492,-12.020000000000001,202,7.548333333333235,4,3,100.0,7.5466666666668685,2,2.4
5,B,PREDATOR,493,11.026666666666054,407,7.548333333333235,4,1,100.0,18.879999999999246,2,2.4
5,B,PREDATOR,494,-12.459999999999992,246,7.548333333333235,5,2,100.0,35.079999999999636,1,2.4
5,B,PREDATOR,495,10.49333333333262,463,7.548333333333235,3,1,100.0,4.740000000000151,3,2.4
5,B,PREDATOR,496,-12.909999999999982,291,7.548333333333235,5,2,100.0,27.180000000000145,1,2.4
5,B,PREDATOR,497,-12.459999999999992,246,7.548333333333235,3,2,100.0,70.35999999999905,3,2.4
5,B,PREDATOR,498,-12.689999999999987,269,7.548333333333235,3,2,100.0,62.76999999999975,3,2.4
5,B,PREDATOR,499,-12.58999999999999,259,7.548333333333235,5,2,100.0,45.869999999999756,1,2.4
5,B,PREDATOR,500,-12.809999999999985,281,7.548333333333235,6,1,99.98,37.77999999999987,0,2.4
6,A,PREY,1,1944.4500000000044,500,-67.31300000000046,6,2,99.91000000000001,16.65000000000029,1,1.0
6,A,PREY,2,282.3800000000001,54,-67.31300000000046,6,2,100.0,77.58749999999989,1,1.0
6,A,PREY,3,1864.4700000000046,500,-67.31300000000046,7,2,99.98285714285714,6.400000000000405,0,1.0
6,A,PREY,4,2104.4100000000035,500,-67.31300000000046,7,2,99.84571428571428,8.650000000000388,0,1.0
6,A,PREY,5,1984.4400000000044,500,-67.31300000000046,7,2,99.40857142857142,17.800000000000082,0,1.0
6,A,PREY,6,2824.2299999999736,500,-67.31300000000046,6,2,99.91000000000001,8.800000000000239,1,1.0
6,A,PREY,7,2184.3899999999867,500,-67.31300000000046,6,2,99.91000000000001,12.600000000000636,1,1.0
6,A,PREY,8,2464.3199999999943,500,-67.31300000000046,6,2,99.84499999999998,20.10000000000014,1,1.0
6,A,PREY,9,1784.4900000000046,500,-67.31300000000046,6,2,99.865,14.400000000000311,1,1.0
6,A,PREY,10,2624.279999999977,500,-67.31300000000046,338,2,98.84819526627216,59.59999999999873,14,1.0
6,A,PREY,11,2544.299999999992,500,-67.31300000000046,7,2,99.7685714285714,14.500000000000238,0,1.0
6,A,PREY,12,3144.149999999972,500,-67.31300000000046,5,2,99.976,29.969999999999864,2,1.0
6,A,PREY,13,3344.0999999999613,500,-67.31300000000046,6,2,99.755,8.530000000000392,1,1.0
6,A,PREY,14,2984.189999999979,500,-67.31300000000046,7,1,99.84571428571428,16.30000000000016,0,1.0
6,A,PREY,15,248.00000000000017,43,-67.31300000000046,6,2,100.0,79.63874999999992,1,1.0
6,A,PREY,16,3264.1199999999712,500,-67.31300000000046,7,2,99.90571428571427,8.050000000000338,0,1.0
6,A,PREY,17,-11.02,2,-67.31300000000046,6,2,100.0,92.08,1,1.0
6,A,PREY,18,2745.749999999981,500,-67.31300000000046,338,2,96.82159763313604,99.16,280,1.0
6,A,PREY,19,3424.0799999999635,500,-67.31300000000046,338,2,99.62349112426033,12.40000000000029,0,1.0
6,A,PREY,20,2904.2099999999805,500,-67.31300000000046,4,2,99.6325,22.509999999999973,3,1.0
6,A,PREY,21,3224.629999999969,500,-67.31300000000046,338,2,98.51144970414195,59.99999999999991,23,1.0
6,A,PREY,22,3544.0499999999715,500,-67.31300000000046,7,2,99.84571428571428,11.050000000000274,0,1.0
6,A,PREY,23,2467.319999999994,500,-67.31300000000046,338,2,87.36035502958542,12.100000000000353,0,1.0
6,A,PREY,24,3743.999999999961,500,-67.31300000000046,7,2,99.92285714285715,14.800000000000221,0,1.0
6,A,PREY,25,3624.0299999999615,500,-67.31300000000046,6,2,99.72999999999998,18.45000000000013,1,1.0
6,A,PREY,26,4343.849999999954,500,-67.31300000000046,7,1,99.80714285714285,19.300000000000054,0,1.0
6,A,PREY,27,3584.0399999999654,500,-67.31300000000046,5,2,99.32799999999997,21.699999999999996,2,1.0
6,A,PREY,28,364.91000000000025,49,-67.31300000000046,6,2,100.0,76.98749999999991,1,1.0
6,A,PREY,29,3464.0699999999733,500,-67.31300000000046,338,2,91.95801775147919,12.850000000000243,0,1.0
6,A,PREY,30,4703.759999999947,500,-67.31300000000046,6,2,99.77499999999999,18.700000000000173,1,1.0
6,A,PREY,31,4183.889999999958,500,-67.31300000000046,4,2,99.9325,17.010000000000318,3,1.0
6,A,PREY,32,66.91999999999999,6,-67.31300000000046,6,2,100.0,91.24,1,1.0
6,A,PREY,33,4103.909999999958,500,-67.31300000000046,6,2,99.755,11.70000000000029,1,1.0
6,A,PREY,34,4983.689999999936,500,-67.31300000000046,6,2,99.865,18.45000000000019,1,1.0
6,A,PREY,35,4503.809999999953,500,-67.31300000000046,6,2,99.82,18.750000000000213,1,1.0
6,A,PREY,36,4707.259999999939,500,-67.31300000000046,338,2,94.13488165680461,9.100000000000389,0,1.0
6,A,PREY,37,4663.769999999951,500,-67.31300000000046,7,2,99.88428571428571,16.15000000000016,0,1.0
6,A,PREY,38,256.16000000000014,27,-67.31300000000046,6,2,100.0,86.42624999999995,1,1.0
6,A,PREY,39,4783.739999999943,500,-67.31300000000046,7,2,100.0,1.4500000000004116,0,1.0
6,A,PREY,40,3743.99999999997,500,-67.31300000000046,12,2,94.855,12.550000000000171,0,1.0
6,A,PREY,41,683.8100000000004,51,-67.31300000000046,5,2,100.0,89.3974999999999,2,1.0
6,A,PREY,42,257.18000000000006,25,-67.31300000000046,6,2,100.0,87.24999999999997,4,1.0
6,A,PREY,43,5143.649999999936,500,-67.31300000000046,338,2,97.33488165680465,60.27999999999984,38,1.0
6,A,PREY,44,5063.669999999946,500,-67.31300000000046,6,2,99.91000000000001,13.390000000000175,1,1.0
6,A,PREY,45,1683.2600000000014,130,-67.31300000000046,5,2,100.0,84.4662499999995,2,1.0
6,A,PREY,46,5903.459999999927,500,-67.31300000000046,6,2,99.71,18.900000000000144,1,1.0
6,A,PREY,47,23.87000000000002,12,-67.31300000000046,6,2,100.0,90.42999999999998,1,1.0
6,A,PREY,48,4774.549999999954,420,-67.31300000000046,5,2,100.0,36.36000000000009,2,1.0
6,A,PREY,49,5823.479999999942,500,-67.31300000000046,6,1,99.955,39.20000000000066,1,1.0
6,A,PREY,50,5863.469999999935,500,-67.31300000000046,6,2,99.955,22.79999999999999,1,1.0
6,A,PREY,51,445.9100000000003,47,-67.31300000000046,6,2,100.0,81.1762499999999,1,1.0
6,A,PREY,52,482.84000000000043,53,-67.31300000000046,6,2,100.0,77.78624999999988,1,1.0
6,A,PREY,53,5583.53999999994,500,-67.31300000000046,7,2,100.0,5.95000000000047,0,1.0
6,A,PREY,54,5623.529999999948,500,-67.31300000000046,7,2,99.63571428571427,16.900000000000123,0,1.0
6,A,PREY,55,6028.9299999999275,500,-67.31300000000046,338,2,95.60002958579867,52.33000000000021,13,1.0
6,A,PREY,56,55.70000000000001,28,-67.31300000000046,6,2,100.0,85.78874999999995,1,1.0
6,A,PREY,57,4394.839999999972,500,-67.31300000000046,338,2,98.20363905325438,3.2500000000004396,0,1.0
6,A,PREY,58,6143.39999999993,500,-67.31300000000046,7,2,100.0,14.650000000000219,0,1.0
6,A,PREY,59,6183.389999999929,500,-67.31300000000046,7,2,99.96142857142857,10.750000000000348,0,1.0
6,A,PREY,60,6463.319999999926,500,-67.31300000000046,338,3,99.32162721893489,67.55333333333304,58,1.0
6,A,PREY,61,6743.249999999925,500,-67.31300000000046,4,2,99.9325,29.1000000000004,3,1.0
6,A,PREY,62,6623.279999999921,500,-67.31300000000046,7,2,100.0,14.200000000000266,0,1.0
6,A,PREY,63,5863.469999999942,500,-67.31300000000046,7,2,100.0,8.650000000000363,0,1.0
6,A,PREY,64,6103.409999999939,500,-67.31300000000046,6,2,99.87,14.400000000000265,1,1.0
6,A,PREY,65,6103.409999999927,500,-67.31300000000046,7,2,100.0,4.750000000000453,0,1.0
6,A,PREY,66,5703.5099999999475,500,-67.31300000000046,7,2,100.0,12.550000000000239,0,1.0
6,A,PREY,67,6183.389999999937,500,-67.31300000000046,7,2,99.92285714285715,7.300000000000484,0,1.0
6,A,PREY,68,6024.929999999931,500,-67.31300000000046,338,2,95.6626627218934,25.599999999999902,1,1.0
6,A,PREY,69,7063.16999999991,500,-67.31300000000046,7,2,99.92285714285715,14.800000000000221,0,1.0
6,A,PREY,70,7023.179999999917,500,-67.31300000000046,6,2,100.0,16.350000000000335,1,1.0
6,A,PREY,71,6063.419999999938,500,-67.31300000000046,7,2,99.92285714285715,14.800000000000153,0,1.0
6,A,PREY,72,7263.119999999916,500,-67.31300000000046,7,2,99.96142857142857,10.900000000000395,0,1.0
6,A,PREY,73,7103.15999999992,500,-67.31300000000046,6,2,99.91000000000001,17.550000000000246,1,1.0
6,A,PREY,74,8022.92999999991,500,-67.31300000000046,338,2,97.06541420118333,54.67000000000004,39,1.0
6,A,PREY,75,6063.419999999938,500,-67.31300000000046,7,2,100.0,1.6000000000004215,0,1.0
6,A,PREY,76,1158.2900000000006,140,-67.31300000000046,5,2,100.0,74.01499999999993,2,1.0
6,A,PREY,77,7503.059999999918,500,-67.31300000000046,5,2,99.946,20.05000000000028,2,1.0
6,A,PREY,78,7383.089999999916,500,-67.31300000000046,5,2,100.0,21.0000000000001,2,1.0
6,A,PREY,79,6063.419999999939,500,-67.31300000000046,6,2,100.0,15.300000000000377,1,1.0
6,A,PREY,80,6543.299999999933,500,-67.31300000000046,6,2,100.0,6.5500000000004075,1,1.0
6,A,PREY,81,7383.089999999923,500,-67.31300000000046,7,2,99.76857142857143,14.35000000000024,0,1.0
6,A,PREY,82,219.74000000000012,20,-67.31300000000046,5,2,100.0,97.02999999999997,2,1.0
6,A,PREY,83,6863.2199999999275,500,-67.31300000000046,7,2,100.0,16.3000000000002,0,1.0
6,A,PREY,84,7303.10999999993,500,-67.31300000000046,7,2,99.92285714285715,8.950000000000493,0,1.0
6,A,PREY,85,8902.709999999903,500,-67.31300000000046,4,2,100.0,20.800000000000097,3,1.0
6,A,PREY,86,7103.159999999931,500,-67.31300000000046,7,2,100.0,16.150000000000087,0,1.0
6,A,PREY,87,17.24000000000001,25,-67.31300000000046,6,2,100.0,86.46374999999992,1,1.0
6,A,PREY,88,8022.929999999917,500,-67.31300000000046,6,2,99.955,17.80000000000016,1,1.0
6,A,PREY,89,7583.039999999916,500,-67.31300000000046,7,2,99.92714285714285,9.400000000000404,0,1.0
6,A,PREY,90,7063.169999999921,500,-67.31300000000046,7,2,99.96142857142857,10.000000000000206,0,1.0
6,A,PREY,91,8142.899999999906,500,-67.31300000000046,6,2,99.955,9.600000000000355,1,1.0
6,A,PREY,92,7862.96999999991,500,-67.31300000000046,7,2,99.92714285714285,9.400000000000418,0,1.0
6,A,PREY,93,571.4900000000004,36,-67.31300000000046,6,2,100.0,82.49624999999993,1,1.0
6,A,PREY,94,5348.989999999965,313,-67.31300000000046,6,2,100.0,47.64000000000017,1,1.0
6,A,PREY,95,7982.939999999909,500,-67.31300000000046,6,2,99.91000000000001,11.700000000000289,1,1.0
6,A,PREY,96,8342.84999999991,500,-67.31300000000046,7,2,100.0,9.400000000000318,0,1.0
6,A,PREY,97,8182.889999999918,500,-67.31300000000046,6,2,100.0,12.790000000000433,1,1.0
6,A,PREY,98,7942.949999999921,500,-67.31300000000046,7,2,99.94428571428571,16.300000000000097,0,1.0
6,A,PREY,99,9142.6499999999,500,-67.31300000000046,7,2,100.0,18.85000000000005,0,1.0
6,A,PREY,100,7023.17999999993,500,-67.31300000000046,7,2,100.0,11.200000000000243,0,1.0
6,A,PREY,101,8382.839999999918,500,-67.31300000000046,5,2,100.0,20.44000000000009,2,1.0
6,A,PREY,102,7543.04999999992,500,-67.31300000000046,6,2,100.0,21.940000000000047,1,1.0
6,A,PREY,103,7742.999999999927,500,-67.31300000000046,5,2,100.0,23.04999999999997,2,1.0
6,A,PREY,104,7782.989999999918,500,-67.31300000000046,7,2,99.96142857142857,11.500000000000323,0,1.0
6,A,PREY,105,8742.749999999904,500,-67.31300000000046,6,2,100.0,11.530000000000204,1,1.0
6,A,PREY,106,7742.999999999926,500,-67.31300000000046,6,2,99.955,21.070000000000036,1,1.0
6,A,PREY,107,9302.609999999902,500,-67.31300000000046,5,2,100.0,23.13000000000009,2,1.0
6,A,PREY,108,16.220000000000013,27,-67.31300000000046,4,2,100.0,94.95999999999998,3,1.0
6,A,PREY,109,8662.769999999911,500,-67.31300000000046,6,2,100.0,24.749999999999932,1,1.0
6,A,PREY,110,7782.989999999918,500,-67.31300000000046,6,2,99.955,11.59000000000031,1,1.0
6,A,PREY,111,9142.649999999905,500,-67.31300000000046,7,2,99.96142857142857,13.150000000000302,0,1.0
6,A,PREY,112,8942.699999999903,500,-67.31300000000046,7,2,99.96142857142857,14.200000000000262,0,1.0
6,A,PREY,113,8862.719999999903,500,-67.31300000000046,7,2,99.84571428571428,12.10000000000023,0,1.0
6,A,PREY,114,9022.679999999904,500,-67.31300000000046,7,2,100.0,5.200000000000458,0,1.0
6,A,PREY,115,9262.61999999991,500,-67.31300000000046,6,2,99.865,21.040000000000003,1,1.0
6,A,PREY,116,9262.619999999903,500,-67.31300000000046,5,2,100.0,20.140000000000185,2,1.0
6,A,PREY,117,8662.769999999919,500,-67.31300000000046,7,2,99.96142857142857,13.45000000000023,0,1.0
6,A,PREY,118,8982.6899999999,500,-67.31300000000046,6,2,99.84499999999998,19.33000000000015,1,1.0
6,A,PREY,119,9582.539999999895,500,-67.31300000000046,5,2,99.946,20.400000000000176,2,1.0
6,A,PREY,120,9662.519999999895,500,-67.31300000000046,7,2,100.0,16.6000000000001,0,1.0
6,A,PREY,121,93.13999999999997,33,-67.31300000000046,6,2,100.0,87.21999999999996,1,1.0
6,A,PREY,122,8942.699999999908,500,-67.31300000000046,5,2,100.0,21.30000000000057,2,1.0
6,A,PREY,123,8422.829999999916,500,-67.31300000000046,7,2,100.0,10.30000000000043,0,1.0
6,A,PREY,124,9542.549999999903,500,-67.31300000000046,6,2,100.0,15.900000000000237,1,1.0
6,A,PREY,125,10262.369999999903,500,-67.31300000000046,7,2,100.0,5.500000000000458,0,1.0
6,A,PREY,126,9382.589999999904,500,-67.31300000000046,6,2,99.91000000000001,16.050000000000264,1,1.0
6,A,PREY,127,9422.579999999898,500,-67.31300000000046,7,2,99.96142857142857,6.700000000000459,0,1.0
6,A,PREY,128,9662.519999999899,500,-67.31300000000046,7,2,100.0,3.700000000000437,0,1.0
6,A,PREY,129,8342.849999999922,500,-67.31300000000046,6,2,100.0,16.650000000000315,1,1.0
6,A,PREY,130,8782.739999999909,500,-67.31300000000046,5,2,99.946,32.189999999999564,2,1.0
6,A,PREY,131,9902.459999999895,500,-67.31300000000046,7,2,100.0,9.700000000000177,0,1.0
6,A,PREY,132,9382.58999999991,500,-67.31300000000046,5,1,100.0,43.19999999999923,2,1.0
6,A,PREY,133,167.51000000000028,44,-67.31300000000046,3,2,100.0,92.4674999999999,4,1.0
6,A,PREY,134,28.460000000000004,3,-67.31300000000046,6,2,100.0,91.87,1,1.0
6,A,PREY,135,9942.449999999897,500,-67.31300000000046,7,2,99.88428571428571,19.899999999999995,0,1.0
6,A,PREY,136,10262.369999999892,500,-67.31300000000046,7,0,100.0,0.0,0,1.0
6,A,PREY,137,8982.68999999991,500,-67.31300000000046,6,2,99.865,14.350000000000241,1,1.0
6,A,PREY,138,9902.459999999899,500,-67.31300000000046,7,2,99.77285714285713,8.800000000000415,0,1.0
6,A,PREY,139,11062.169999999885,500,-67.31300000000046,7,2,99.92285714285715,18.550000000000068,0,1.0
6,A,PREY,140,11182.139999999885,500,-67.31300000000046,6,2,99.955,12.0000000000003,1,1.0
6,A,PREY,141,10742.249999999889,500,-67.31300000000046,5,2,100.0,19.270000000000273,2,1.0
6,A,PREY,142,88.54999999999993,42,-67.31300000000046,6,2,100.0,79.58999999999992,1,1.0
6,A,PREY,143,10222.379999999896,500,-67.31300000000046,6,2,99.91000000000001,18.400000000000134,1,1.0
6,A,PREY,144,11102.159999999885,500,-67.31300000000046,5,2,100.0,20.15000000000032,2,1.0
6,A,PREY,145,8505.809999999921,500,-67.31300000000046,338,2,98.1542011834319,13.60000000000029,0,1.0
6,A,PREY,146,11542.049999999883,500,-67.31300000000046,7,2,100.0,6.10000000000047,0,1.0
6,A,PREY,147,7832.479999999914,500,-67.31300000000046,338,2,99.58355029585796,18.10000000000005,0,1.0
6,A,PREY,148,10942.199999999888,500,-67.31300000000046,7,2,100.0,13.150000000000283,0,1.0
6,A,PREY,149,24.380000000000024,11,-67.31300000000046,6,2,100.0,90.93999999999998,1,1.0
6,A,PREY,150,10702.259999999895,500,-67.31300000000046,7,2,99.88428571428571,16.30000000000016,0,1.0
6,A,PREY,151,11342.099999999884,500,-67.31300000000046,6,2,99.955,20.699999999999985,1,1.0
6,A,PREY,152,11102.159999999887,500,-67.31300000000046,7,2,99.88428571428571,10.450000000000196,0,1.0
6,A,PREY,153,12301.859999999875,500,-67.31300000000046,7,1,100.0,19.90000000000003,0,1.0
6,A,PREY,154,57.740000000000016,24,-67.31300000000046,6,2,100.0,87.45999999999998,1,1.0
6,A,PREY,155,9862.469999999905,500,-67.31300000000046,338,2,94.66005917159748,17.010000000000122,2,1.0
6,A,PREY,156,11142.149999999885,500,-67.31300000000046,7,2,99.98285714285714,7.750000000000488,0,1.0
6,A,PREY,157,11821.97999999988,500,-67.31300000000046,7,2,100.0,10.600000000000195,0,1.0
6,A,PREY,158,10222.379999999906,500,-67.31300000000046,7,2,99.96142857142857,3.1000000000003616,0,1.0
6,A,PREY,159,12341.849999999878,500,-67.31300000000046,6,2,100.0,11.980000000000238,1,1.0
6,A,PREY,160,9542.549999999907,500,-67.31300000000046,7,2,100.0,11.95000000000027,0,1.0
6,A,PREY,161,10742.249999999896,500,-67.31300000000046,7,2,99.82857142857142,9.55000000000026,0,1.0
6,A,PREY,162,10468.819999999887,500,-67.31300000000046,338,2,93.1990828402365,16.000000000000195,0,1.0
6,A,PREY,163,11821.979999999883,500,-67.31300000000046,7,2,99.98285714285714,15.400000000000205,0,1.0
6,A,PREY,164,12101.909999999882,500,-67.31300000000046,7,2,99.90571428571427,18.40000000000007,0,1.0
6,A,PREY,165,11781.989999999883,500,-67.31300000000046,6,2,99.865,5.140000000000393,1,1.0
6,A,PREY,166,12221.879999999877,500,-67.31300000000046,7,2,100.0,14.800000000000214,0,1.0
6,A,PREY,167,10102.409999999905,500,-67.31300000000046,7,2,100.0,12.700000000000333,0,1.0
6,A,PREY,168,10422.329999999902,500,-67.31300000000046,6,2,99.96,19.050000000000146,1,1.0
6,A,PREY,169,12461.819999999878,500,-67.31300000000046,6,2,100.0,20.80000000000009,1,1.0
6,A,PREY,170,10342.349999999902,500,-67.31300000000046,7,2,100.0,9.550000000000313,0,1.0
6,A,PREY,171,11901.959999999888,500,-67.31300000000046,7,2,100.0,4.450000000000461,0,1.0
6,A,PREY,172,11382.08999999989,500,-67.31300000000046,5,2,100.0,24.189999999999998,2,1.0
6,A,PREY,173,10662.269999999897,500,-67.31300000000046,7,2,99.96142857142857,14.65000000000024,0,1.0
6,A,PREY,174,12181.88999999988,500,-67.31300000000046,6,2,100.0,18.159999999999982,1,1.0
6,A,PREY,175,10702.2599999999,500,-67.31300000000046,6,2,99.955,12.00000000000037,1,1.0
6,A,PREY,176,12981.689999999871,500,-67.31300000000046,7,2,100.0,14.80000000000022,0,1.0
6,A,PREY,177,10222.379999999903,500,-67.31300000000046,6,2,100.0,16.500000000000128,1,1.0
6,A,PREY,178,11542.049999999892,500,-67.31300000000046,7,2,99.96142857142857,10.600000000000389,0,1.0
6,A,PREY,179,11861.969999999881,500,-67.31300000000046,7,2,100.0,3.2500000000003615,0,1.0
6,A,PREY,180,10822.229999999894,500,-67.31300000000046,7,1,99.96142857142857,16.900000000000112,0,1.0
6,A,PREY,181,11422.079999999887,500,-67.31300000000046,7,2,100.0,13.000000000000274,0,1.0
6,A,PREY,182,11382.089999999893,500,-67.31300000000046,7,2,99.88857142857144,5.200000000000447,0,1.0
6,A,PREY,183,12821.729999999874,500,-67.31300000000046,7,2,100.0,11.050000000000248,0,1.0
6,A,PREY,184,10862.2199999999,500,-67.31300000000046,7,2,100.0,9.250000000000373,0,1.0
6,A,PREY,185,11422.079999999893,500,-67.31300000000046,5,2,100.0,17.110000000000184,2,1.0
6,A,PREY,186,11222.129999999894,500,-67.31300000000046,6,2,100.0,23.549999999999986,1,1.0
6,A,PREY,187,12101.909999999882,500,-67.31300000000046,6,2,99.865,24.339999999999982,1,1.0
6,A,PREY,188,12261.869999999877,500,-67.31300000000046,4,2,99.9325,37.72999999999939,3,1.0
6,A,PREY,189,12101.909999999882,500,-67.31300000000046,7,2,100.0,10.450000000000216,0,1.0
6,A,PREY,190,10942.199999999899,500,-67.31300000000046,5,2,99.946,34.56000000000003,2,1.0
6,A,PREY,191,6689.569999999959,272,-67.31300000000046,6,2,100.0,52.560000000000045,1,1.0
6,A,PREY,192,11142.149999999892,500,-67.31300000000046,6,2,99.84499999999998,13.950000000000324,1,1.0
6,A,PREY,193,12661.769999999875,500,-67.31300000000046,7,2,100.0,5.9500000000004025,0,1.0
6,A,PREY,194,11142.149999999896,500,-67.31300000000046,4,2,100.0,26.79000000000005,3,1.0
6,A,PREY,195,473.1500000000002,72,-67.31300000000046,5,2,100.0,78.71624999999996,2,1.0
6,A,PREY,196,12421.829999999878,500,-67.31300000000046,6,2,100.0,10.390000000000438,1,1.0
6,A,PREY,197,12181.889999999887,500,-67.31300000000046,6,2,100.0,14.850000000000446,1,1.0
6,A,PREY,198,24.890000000000022,10,-67.31300000000046,6,2,100.0,90.39999999999999,1,1.0
6,A,PREY,199,17.75000000000002,24,-67.31300000000046,6,2,100.0,88.49999999999991,1,1.0
6,A,PREY,200,13541.549999999868,500,-67.31300000000046,7,2,100.0,11.350000000000307,0,1.0
6,A,PREY,201,11741.999999999885,500,-67.31300000000046,6,2,100.0,11.56000000000017,1,1.0
6,A,PREY,202,11741.999999999887,500,-67.31300000000046,7,2,99.96142857142857,14.950000000000191,0,1.0
6,A,PREY,203,11741.999999999889,500,-67.31300000000046,6,2,100.0,9.850000000000337,1,1.0
6,A,PREY,204,10624.2799999999,500,-67.31300000000046,338,2,97.66399408284018,11.050000000000388,0,1.0
6,A,PREY,205,12941.699999999873,500,-67.31300000000046,5,2,99.946,27.969999999999914,2,1.0
6,A,PREY,206,13221.629999999874,500,-67.31300000000046,5,2,100.0,19.720000000000198,2,1.0
6,A,PREY,207,8425.829999999936,500,-67.31300000000046,338,4,99.68970414201182,51.94062499999967,18,1.0
6,A,PREY,208,12781.73999999987,500,-67.31300000000046,7,2,100.0,13.600000000000259,0,1.0
6,A,PREY,209,11542.04999999989,500,-67.31300000000046,6,2,100.0,18.300000000000153,1,1.0
6,A,PREY,210,53.14999999999988,33,-67.31300000000046,4,2,100.0,98.64999999999995,3,1.0
6,A,PREY,211,13701.509999999871,500,-67.31300000000046,7,2,99.92285714285715,11.35000000000021,0,1.0
6,A,PREY,212,1363.6400000000006,51,-67.31300000000046,5,2,100.0,81.78999999999996,2,1.0
6,A,PREY,213,11821.979999999887,500,-67.31300000000046,7,1,100.0,19.000000000000068,0,1.0
6,A,PREY,214,12501.809999999878,500,-67.31300000000046,7,2,100.0,5.35000000000046,0,1.0
6,A,PREY,215,12101.909999999887,500,-67.31300000000046,10,2,98.961,15.000000000000322,1,1.0
6,A,PREY,216,13501.559999999869,500,-67.31300000000046,6,2,100.0,18.220000000000198,1,1.0
6,A,PREY,217,12061.91999999989,500,-67.31300000000046,4,2,99.9325,13.090000000000305,3,1.0
6,A,PREY,218,13781.489999999865,500,-67.31300000000046,6,2,100.0,17.10000000000067,1,1.0
6,A,PREY,219,11981.939999999893,500,-67.31300000000046,6,2,99.955,18.04000000000017,1,1.0
6,A,PREY,220,13181.639999999872,500,-67.31300000000046,6,2,100.0,14.260000000000254,1,1.0
6,A,PREY,221,11142.149999999896,500,-67.31300000000046,6,2,99.91000000000001,16.65000000000026,1,1.0
6,A,PREY,222,13261.61999999987,500,-67.31300000000046,7,2,100.0,9.250000000000234,0,1.0
6,A,PREY,223,12181.889999999887,500,-67.31300000000046,7,2,100.0,10.450000000000182,0,1.0
6,A,PREY,224,9112.659999999905,500,-67.31300000000046,338,2,98.46517751479284,16.45000000000015,0,1.0
6,A,PREY,225,9782.489999999922,500,-67.31300000000046,6,1,100.0,1.820000000000416,1,1.0
6,A,PREY,226,12063.419999999876,500,-67.31300000000046,338,2,94.81452662721881,15.400000000000194,0,1.0
6,A,PREY,227,225.35000000000008,9,-67.31300000000046,6,2,100.0,90.60999999999999,1,1.0
6,A,PREY,228,14061.419999999864,500,-67.31300000000046,6,2,100.0,22.330000000000013,1,1.0
6,A,PREY,229,58.24999999999998,23,-67.31300000000046,6,2,100.0,87.66999999999999,1,1.0
6,A,PREY,230,13461.56999999987,500,-67.31300000000046,7,2,100.0,13.450000000000173,0,1.0
6,A,PREY,231,6597.759999999957,305,-67.31300000000046,337,3,78.66302670623146,97.02750000000002,25,1.0
6,A,PREY,232,13861.46999999987,500,-67.31300000000046,7,2,99.96142857142857,18.849999999999994,0,1.0
6,A,PREY,233,14621.27999999986,500,-67.31300000000046,7,2,99.96142857142857,11.800000000000301,0,1.0
6,A,PREY,234,13541.54999999987,500,-67.31300000000046,7,2,99.92285714285715,12.25000000000013,0,1.0
6,A,PREY,235,14661.26999999986,500,-67.31300000000046,6,2,100.0,18.900000000000627,1,1.0
6,A,PREY,236,89.05999999999992,41,-67.31300000000046,5,2,100.0,96.53999999999996,2,1.0
6,A,PREY,237,13381.589999999875,500,-67.31300000000046,6,2,100.0,20.560000000000134,1,1.0
6,A,PREY,238,13461.569999999874,500,-67.31300000000046,7,2,99.96142857142857,8.500000000000279,0,1.0
6,A,PREY,239,2780.33,96,-67.31300000000046,5,2,100.0,85.16999999999979,2,1.0
6,A,PREY,240,13101.65999999988,500,-67.31300000000046,6,2,100.0,18.150000000000322,1,1.0
6,A,PREY,241,13581.539999999874,500,-67.31300000000046,6,2,99.955,15.45000000000013,1,1.0
6,A,PREY,242,1752.8300000000008,72,-67.31300000000046,5,2,100.0,80.05999999999995,2,1.0
6,A,PREY,243,13421.579999999876,500,-67.31300000000046,7,2,100.0,5.200000000000463,0,1.0
6,A,PREY,244,14221.379999999866,500,-67.31300000000046,5,2,100.0,20.760000000000595,2,1.0
6,A,PREY,245,13741.49999999987,500,-67.31300000000046,7,2,100.0,11.65000000000023,0,1.0
6,A,PREY,246,13421.579999999876,500,-67.31300000000046,6,2,100.0,21.15000000000007,1,1.0
6,A,PREY,247,12821.729999999881,500,-67.31300000000046,7,2,100.0,1.6000000000004082,0,1.0
6,A,PREY,248,5533.059999999954,500,-67.31300000000046,338,2,93.70810650887553,13.00000000000012,1,1.0
6,A,PREY,249,12903.709999999872,500,-67.31300000000046,338,2,95.91849112426027,16.300000000000132,0,1.0
6,A,PREY,250,14941.199999999859,500,-67.31300000000046,5,2,100.0,29.859999999999644,2,1.0
6,A,PREY,251,13541.549999999872,500,-67.31300000000046,338,2,94.78384615384603,2.500000000000349,0,1.0
6,A,PREY,252,13341.599999999873,500,-67.31300000000046,7,1,100.0,7.3000000000004945,0,1.0
6,A,PREY,253,13301.609999999875,500,-67.31300000000046,6,2,100.0,26.399999999999814,1,1.0
6,A,PREY,254,13701.509999999875,500,-67.31300000000046,6,2,100.0,22.500000000000618,1,1.0
6,A,PREY,255,13221.629999999876,500,-67.31300000000046,6,2,100.0,21.600000000000037,1,1.0
6,A,PREY,256,12821.729999999878,500,-67.31300000000046,4,2,100.0,20.289999999999907,3,1.0
6,A,PREY,257,13541.549999999877,500,-67.31300000000046,6,2,100.0,13.650000000000226,1,1.0
6,A,PREY,258,14581.289999999868,500,-67.31300000000046,7,2,100.0,14.650000000000208,0,1.0
6,A,PREY,259,14381.33999999987,500,-67.31300000000046,6,2,100.0,9.750000000000359,1,1.0
6,A,PREY,260,14221.379999999866,500,-67.31300000000046,6,2,100.0,15.900000000000244,1,1.0
6,A,PREY,261,13701.509999999873,500,-67.31300000000046,6,1,99.935,27.50000000000086,1,1.0
6,A,PREY,262,14541.299999999863,500,-67.31300000000046,6,2,100.0,23.10000000000001,1,1.0
6,A,PREY,263,12861.719999999885,500,-67.31300000000046,7,2,100.0,12.250000000000327,0,1.0
6,A,PREY,264,13581.539999999874,500,-67.31300000000046,7,1,99.96142857142857,16.900000000000148,0,1.0
6,A,PREY,265,14781.23999999986,500,-67.31300000000046,7,1,99.96142857142857,14.200000000000225,0,1.0
6,A,PREY,266,11102.159999999889,500,-67.31300000000046,338,2,93.02301775147923,8.500000000000338,0,1.0
6,A,PREY,267,116.29999999999978,66,-67.31300000000046,6,2,100.0,75.50999999999986,1,1.0
6,A,PREY,268,13741.499999999876,500,-67.31300000000046,7,1,100.0,6.10000000000047,0,1.0
6,A,PREY,269,14861.21999999986,500,-67.31300000000046,5,2,99.946,27.19999999999998,2,1.0
6,A,PREY,270,5493.739999999979,186,-67.31300000000046,5,2,100.0,71.78999999999972,2,1.0
6,A,PREY,271,13621.529999999875,500,-67.31300000000046,7,2,100.0,14.350000000000254,0,1.0
6,A,PREY,272,13741.499999999876,500,-67.31300000000046,6,2,100.0,13.200000000000252,1,1.0
6,A,PREY,273,13821.47999999987,500,-67.31300000000046,7,2,99.96142857142857,5.500000000000468,0,1.0
6,A,PREY,274,15141.149999999858,500,-67.31300000000046,6,2,99.955,18.450000000000145,1,1.0
6,A,PREY,275,9034.699999999935,300,-67.31300000000046,5,2,100.0,42.11250000000035,2,1.0
6,A,PREY,276,15341.099999999857,500,-67.31300000000046,6,2,99.955,25.19999999999985,1,1.0
6,A,PREY,277,815.5100000000003,28,-67.31300000000046,6,2,100.0,85.88999999999996,1,1.0
6,A,PREY,278,13341.59999999988,500,-67.31300000000046,6,2,100.0,16.480000000000025,1,1.0
6,A,PREY,279,13861.469999999874,500,-67.31300000000046,7,2,99.96142857142857,16.150000000000126,0,1.0
6,A,PREY,280,14941.19999999986,500,-67.31300000000046,7,2,100.0,12.850000000000321,0,1.0
6,A,PREY,281,11904.459999999886,500,-67.31300000000046,338,2,95.21325443786965,33.759999999999664,3,1.0
6,A,PREY,282,14181.389999999872,500,-67.31300000000046,4,2,100.0,22.410000000000053,3,1.0
6,A,PREY,283,15501.059999999856,500,-67.31300000000046,7,2,100.0,11.65000000000027,0,1.0
6,A,PREY,284,216.17000000000007,27,-67.31300000000046,6,2,100.0,86.27624999999995,1,1.0
6,A,PREY,285,15541.049999999856,500,-67.31300000000046,7,2,100.0,13.900000000000237,0,1.0
6,A,PREY,286,14821.229999999867,500,-67.31300000000046,5,2,100.0,27.809999999999718,2,1.0
6,A,PREY,287,15061.169999999862,500,-67.31300000000046,6,2,99.955,23.249999999999975,1,1.0
6,A,PREY,288,15541.049999999856,500,-67.31300000000046,7,2,100.0,5.350000000000419,0,1.0
6,A,PREY,289,14541.299999999874,500,-67.31300000000046,4,2,100.0,25.239999999999814,3,1.0
6,A,PREY,290,12741.749999999878,500,-67.31300000000046,338,1,84.69633136094633,7.900000000000502,0,1.0
6,A,PREY,291,15301.10999999986,500,-67.31300000000046,7,2,99.96142857142857,6.250000000000346,0,1.0
6,A,PREY,292,14781.23999999986,500,-67.31300000000046,7,2,99.96142857142857,8.950000000000237,0,1.0
6,A,PREY,293,15621.029999999853,500,-67.31300000000046,7,2,100.0,1.1500000000004136,0,1.0
6,A,PREY,294,13701.50999999988,500,-67.31300000000046,7,1,100.0,19.899999999999995,0,1.0
6,A,PREY,295,4533.469999999992,187,-67.31300000000046,6,2,100.0,58.41000000000009,1,1.0
6,A,PREY,296,12501.809999999889,500,-67.31300000000046,7,2,100.0,11.200000000000347,0,1.0
6,A,PREY,297,15581.039999999857,500,-67.31300000000046,6,2,100.0,19.33000000000009,1,1.0
6,A,PREY,298,15301.109999999859,500,-67.31300000000046,7,2,100.0,8.950000000000365,0,1.0
6,A,PREY,299,14821.229999999865,500,-67.31300000000046,6,2,99.935,13.350000000000346,1,1.0
6,A,PREY,300,15661.019999999855,500,-67.31300000000046,7,2,100.0,17.35000000000005,0,1.0
6,A,PREY,301,14341.349999999873,500,-67.31300000000046,6,2,100.0,20.380000000000106,1,1.0
6,A,PREY,302,14301.359999999871,500,-67.31300000000046,6,2,100.0,11.560000000000334,1,1.0
6,A,PREY,303,15341.09999999986,500,-67.31300000000046,7,2,100.0,5.9500000000004665,0,1.0
6,A,PREY,304,14781.239999999865,500,-67.31300000000046,7,2,100.0,11.800000000000292,0,1.0
6,A,PREY,305,15381.089999999862,500,-67.31300000000046,5,2,100.0,20.730000000000157,2,1.0
6,A,PREY,306,14221.37999999987,500,-67.31300000000046,338,2,85.39816568047307,46.0600000000002,75,1.0
6,A,PREY,307,14181.389999999868,500,-67.31300000000046,6,2,100.0,20.01999999999998,1,1.0
6,A,PREY,308,1667.2400000000007,83,-67.31300000000046,6,2,100.0,67.59000000000005,1,1.0
6,A,PREY,309,12101.909999999902,500,-67.31300000000046,7,2,100.0,17.05000000000013,0,1.0
6,A,PREY,310,16540.799999999854,500,-67.31300000000046,7,2,100.0,16.000000000000178,0,1.0
6,A,PREY,311,15740.999999999856,500,-67.31300000000046,7,1,100.0,5.500000000000485,0,1.0
6,A,PREY,312,14581.289999999864,500,-67.31300000000046,6,2,100.0,24.449999999999932,1,1.0
6,A,PREY,313,14861.219999999867,500,-67.31300000000046,4,2,99.9325,34.55000000000002,3,1.0
6,A,PREY,314,16460.81999999985,500,-67.31300000000046,7,2,100.0,11.80000000000026,0,1.0
6,A,PREY,315,14901.209999999868,500,-67.31300000000046,6,2,100.0,11.230000000000294,1,1.0
6,A,PREY,316,15021.179999999864,500,-67.31300000000046,5,2,100.0,22.22999999999987,2,1.0
6,A,PREY,317,960.1700000000004,58,-67.31300000000046,6,2,100.0,77.4899999999999,1,1.0
6,A,PREY,318,11342.099999999911,500,-67.31300000000046,5,2,100.0,24.48999999999992,2,1.0
6,A,PREY,319,16300.85999999985,500,-67.31300000000046,5,2,100.0,21.480000000000363,2,1.0
6,A,PREY,320,15900.959999999854,500,-67.31300000000046,7,2,100.0,12.100000000000362,0,1.0
6,A,PREY,321,15820.97999999986,500,-67.31300000000046,7,2,99.92285714285715,19.900000000000034,0,1.0
6,A,PREY,322,16460.81999999985,500,-67.31300000000046,7,2,100.0,11.350000000000238,0,1.0
6,A,PREY,323,14461.319999999872,500,-67.31300000000046,6,1,100.0,18.399999999999956,1,1.0
6,A,PREY,324,15141.149999999863,500,-67.31300000000046,5,2,100.0,20.770000000000103,2,1.0
6,A,PREY,325,14861.219999999863,500,-67.31300000000046,7,2,100.0,12.100000000000232,0,1.0
6,A,PREY,326,14861.219999999865,500,-67.31300000000046,7,2,99.92285714285715,9.550000000000487,0,1.0
6,A,PREY,327,16660.769999999848,500,-67.31300000000046,5,2,100.0,23.30999999999994,2,1.0
6,A,PREY,328,14781.239999999869,500,-67.31300000000046,7,0,100.0,0.0,0,1.0
6,A,PREY,329,15221.129999999865,500,-67.31300000000046,5,2,99.946,23.819999999999936,2,1.0
6,A,PREY,330,16540.799999999857,500,-67.31300000000046,7,2,99.92285714285715,19.75,0,1.0
6,A,PREY,331,16540.79999999985,500,-67.31300000000046,5,2,100.0,24.45999999999997,2,1.0
6,A,PREY,332,14501.309999999874,500,-67.31300000000046,7,2,100.0,5.050000000000401,0,1.0
6,A,PREY,333,10782.739999999918,500,-67.31300000000046,338,1,94.82076923076906,20.500000000000263,2,1.0
6,A,PREY,334,15940.949999999855,500,-67.31300000000046,7,2,100.0,19.749999999999996,0,1.0
6,A,PREY,335,16300.85999999985,500,-67.31300000000046,5,2,100.0,18.660000000000068,2,1.0
6,A,PREY,336,491.5100000000002,36,-67.31300000000046,6,2,100.0,85.2299999999999,1,1.0
6,A,PREY,337,12621.779999999895,500,-67.31300000000046,7,2,100.0,12.100000000000257,0,1.0
6,A,PREY,338,68.45,3,-67.31300000000046,6,2,100.0,91.87,1,1.0
6,A,PREY,339,16620.77999999985,500,-67.31300000000046,7,2,100.0,14.350000000000222,0,1.0
6,A,PREY,340,16620.779999999857,500,-67.31300000000046,5,2,100.0,22.180000000000053,2,1.0
6,A,PREY,341,15820.979999999858,500,-67.31300000000046,7,2,99.96142857142857,10.150000000000205,0,1.0
6,A,PREY,342,16980.68999999985,500,-67.31300000000046,6,2,100.0,14.410000000000188,1,1.0
6,A,PREY,343,14461.31999999987,500,-67.31300000000046,338,2,98.64201183431949,19.600000000000016,0,1.0
6,A,PREY,344,12345.349999999902,500,-67.31300000000046,338,2,91.78618343195254,57.10000000000008,357,1.0
6,A,PREY,345,16660.769999999855,500,-67.31300000000046,5,2,99.946,19.779999999999983,2,1.0
6,A,PREY,346,16340.849999999851,500,-67.31300000000046,7,2,100.0,5.950000000000415,0,1.0
6,A,PREY,347,15501.059999999863,500,-67.31300000000046,6,2,100.0,12.850000000000229,1,1.0
6,A,PREY,348,15381.089999999862,500,-67.31300000000046,6,2,100.0,27.44999999999978,1,1.0
6,A,PREY,349,841.2200000000004,56,-67.31300000000046,6,2,100.0,79.97999999999988,1,1.0
6,A,PREY,350,11626.529999999902,500,-67.31300000000046,338,2,87.00775147928992,11.650000000000151,0,1.0
6,A,PREY,351,16220.87999999985,500,-67.31300000000046,6,2,100.0,13.35000000000066,1,1.0
6,A,PREY,352,16140.899999999854,500,-67.31300000000046,7,2,100.0,12.850000000000254,0,1.0
6,A,PREY,353,14541.299999999874,500,-67.31300000000046,7,2,100.0,14.200000000000202,0,1.0
6,A,PREY,354,17260.619999999846,500,-67.31300000000046,5,2,99.946,26.149999999999963,2,1.0
6,A,PREY,355,2272.7000000000007,72,-67.31300000000046,5,2,100.0,81.70999999999998,2,1.0
6,A,PREY,356,2.4499999999999833,54,-67.31300000000046,6,2,100.0,73.27499999999986,1,1.0
6,A,PREY,357,14981.189999999868,500,-67.31300000000046,7,2,99.98285714285714,16.450000000000163,0,1.0
6,A,PREY,358,17500.559999999852,500,-67.31300000000046,5,2,100.0,26.25999999999992,2,1.0
6,A,PREY,359,16300.859999999851,500,-67.31300000000046,7,2,100.0,13.750000000000288,0,1.0
6,A,PREY,360,15261.119999999863,500,-67.31300000000046,7,2,100.0,13.600000000000218,0,1.0
6,A,PREY,361,16460.819999999858,500,-67.31300000000046,5,2,100.0,14.820000000000293,2,1.0
6,A,PREY,362,16060.919999999855,500,-67.31300000000046,6,2,100.0,22.800000000000015,1,1.0
6,A,PREY,363,16220.879999999855,500,-67.31300000000046,6,1,100.0,20.30000000000023,1,1.0
6,A,PREY,364,29.480000000000004,1,-67.31300000000046,6,2,100.0,92.28999999999999,1,1.0
6,A,PREY,365,15940.949999999859,500,-67.31300000000046,6,2,100.0,13.800000000000283,1,1.0
6,A,PREY,366,22.340000000000025,15,-67.31300000000046,6,2,100.0,89.49999999999999,1,1.0
6,A,PREY,367,-16.119999999999997,12,-67.31300000000046,6,2,100.0,89.07374999999996,1,1.0
6,A,PREY,368,13621.529999999884,500,-67.31300000000046,338,2,92.63884615384593,13.300000000000288,0,1.0
6,A,PREY,369,16340.849999999853,500,-67.31300000000046,7,2,100.0,13.750000000000275,0,1.0
6,A,PREY,370,16300.859999999851,500,-67.31300000000046,7,2,100.0,18.550000000000036,0,1.0
6,A,PREY,371,16060.919999999856,500,-67.31300000000046,6,2,100.0,16.15000000000021,1,1.0
6,A,PREY,372,16500.809999999852,500,-67.31300000000046,6,2,100.0,22.86999999999996,1,1.0
6,A,PREY,373,15900.959999999859,500,-67.31300000000046,4,2,100.0,25.03000000000015,3,1.0
6,A,PREY,374,16500.809999999856,500,-67.31300000000046,7,1,100.0,0.10000000000039311,0,1.0
6,A,PREY,375,16660.76999999986,500,-67.31300000000046,6,2,99.955,16.330000000000236,1,1.0
6,A,PREY,376,816.5300000000003,26,-67.31300000000046,6,2,100.0,86.87999999999995,1,1.0
6,A,PREY,377,15740.999999999858,500,-67.31300000000046,7,1,99.96142857142857,1.6000000000004206,0,1.0
6,A,PREY,378,16980.689999999864,500,-67.31300000000046,5,2,100.0,26.489999999999924,2,1.0
6,A,PREY,379,15181.139999999865,500,-67.31300000000046,7,2,100.0,8.05000000000027,0,1.0
6,A,PREY,380,15860.969999999861,500,-67.31300000000046,6,2,100.0,16.09000000000024,1,1.0
6,A,PREY,381,26.930000000000014,6,-67.31300000000046,6,2,100.0,91.24,1,1.0
6,A,PREY,382,16220.879999999854,500,-67.31300000000046,7,2,100.0,13.750000000000252,0,1.0
6,A,PREY,383,17300.60999999985,500,-67.31300000000046,5,2,100.0,24.609999999999967,2,1.0
6,A,PREY,384,16660.769999999855,500,-67.31300000000046,7,2,100.0,2.800000000000437,0,1.0
6,A,PREY,385,16460.81999999986,500,-67.31300000000046,7,1,100.0,17.800000000000015,0,1.0
6,A,PREY,386,16500.809999999856,500,-67.31300000000046,4,2,100.0,31.40999999999957,3,1.0
6,A,PREY,387,16380.839999999853,500,-67.31300000000046,6,2,100.0,14.290000000000274,1,1.0
6,A,PREY,388,16100.909999999856,500,-67.31300000000046,6,2,100.0,24.29999999999991,1,1.0
6,A,PREY,389,16820.729999999854,500,-67.31300000000046,7,2,99.96142857142857,11.500000000000343,0,1.0
6,A,PREY,390,15662.019999999853,500,-67.31300000000046,338,2,98.45588757396446,60.10000000000001,125,1.0
6,A,PREY,391,17220.629999999852,500,-67.31300000000046,6,2,100.0,19.950000000000134,1,1.0
6,A,PREY,392,15980.939999999859,500,-67.31300000000046,6,1,100.0,24.500000000000725,1,1.0
6,A,PREY,393,15860.96999999986,500,-67.31300000000046,6,2,100.0,9.16000000000041,1,1.0
6,A,PREY,394,1319.0600000000006,60,-67.31300000000046,6,2,100.0,79.94999999999982,1,1.0
6,A,PREY,395,13301.609999999891,500,-67.31300000000046,6,2,99.955,14.470000000000244,1,1.0
6,A,PREY,396,17220.62999999985,500,-67.31300000000046,7,2,100.0,13.600000000000293,0,1.0
6,A,PREY,397,17220.629999999855,500,-67.31300000000046,7,2,99.96142857142857,11.650000000000215,0,1.0
6,A,PREY,398,16900.70999999985,500,-67.31300000000046,7,0,100.0,0.0,0,1.0
6,A,PREY,399,16380.839999999856,500,-67.31300000000046,5,2,100.0,25.216250000000116,2,1.0
6,A,PREY,400,16460.819999999854,500,-67.31300000000046,7,2,99.96142857142857,7.00000000000039,0,1.0
6,A,PREY,401,16820.729999999854,500,-67.31300000000046,5,2,100.0,31.4699999999997,2,1.0
6,A,PREY,402,16780.739999999852,500,-67.31300000000046,7,2,100.0,6.85000000000031,0,1.0
6,A,PREY,403,16820.729999999854,500,-67.31300000000046,4,2,100.0,22.740000000000308,3,1.0
6,A,PREY,404,16780.739999999856,500,-67.31300000000046,7,2,100.0,5.650000000000464,0,1.0
6,A,PREY,405,17500.559999999856,500,-67.31300000000046,6,2,100.0,12.520000000000204,1,1.0
6,A,PREY,406,16860.719999999852,500,-67.31300000000046,7,2,100.0,10.600000000000323,0,1.0
6,A,PREY,407,16780.739999999852,500,-67.31300000000046,7,2,100.0,10.450000000000266,0,1.0
6,A,PREY,408,494.0600000000002,31,-67.31300000000046,5,2,100.0,85.98999999999998,2,1.0
6,A,PREY,409,12421.829999999904,500,-67.31300000000046,7,2,100.0,13.900000000000261,0,1.0
6,A,PREY,410,17380.58999999985,500,-67.31300000000046,6,2,99.955,13.960000000000228,1,1.0
6,A,PREY,411,17340.599999999853,500,-67.31300000000046,7,2,100.0,10.15000000000033,0,1.0
6,A,PREY,412,457.64000000000016,24,-67.31300000000046,5,2,100.0,88.05999999999997,2,1.0
6,A,PREY,413,12101.909999999905,500,-67.31300000000046,6,2,100.0,16.65000000000036,1,1.0
6,A,PREY,414,18060.419999999845,500,-67.31300000000046,6,2,100.0,16.33000000000023,1,1.0
6,A,PREY,415,17940.449999999848,500,-67.31300000000046,6,2,100.0,8.830000000000435,1,1.0
6,A,PREY,416,17380.58999999986,500,-67.31300000000046,5,2,99.946,27.849999999999575,2,1.0
6,A,PREY,417,17340.599999999853,500,-67.31300000000046,6,2,100.0,16.35000000000026,1,1.0
6,A,PREY,418,16500.809999999856,500,-67.31300000000046,7,2,100.0,11.950000000000339,0,1.0
6,A,PREY,419,16780.739999999856,500,-67.31300000000046,7,1,100.0,12.700000000000253,0,1.0
6,A,PREY,420,16460.819999999854,500,-67.31300000000046,7,2,100.0,14.500000000000185,0,1.0
6,A,PREY,421,16500.809999999856,500,-67.31300000000046,6,1,99.91000000000001,5.140000000000528,1,1.0
6,A,PREY,422,17180.63999999985,500,-67.31300000000046,7,2,100.0,10.15000000000035,0,1.0
6,A,PREY,423,16460.819999999858,500,-67.31300000000046,7,2,100.0,13.900000000000162,0,1.0
6,A,PREY,424,16420.829999999856,500,-67.31300000000046,7,2,100.0,15.850000000000197,0,1.0
6,A,PREY,425,17340.599999999853,500,-67.31300000000046,6,2,100.0,16.30000000000024,1,1.0
6,A,PREY,426,17620.52999999985,500,-67.31300000000046,7,2,100.0,3.550000000000363,0,1.0
6,A,PREY,427,257.6900000000001,24,-67.31300000000046,6,2,100.0,87.45999999999998,1,1.0
6,A,PREY,428,11861.969999999908,500,-67.31300000000046,5,2,100.0,25.516250000000007,2,1.0
6,A,PREY,429,17620.529999999846,500,-67.31300000000046,7,2,100.0,18.250000000000078,0,1.0
6,A,PREY,430,17540.54999999985,500,-67.31300000000046,6,2,99.955,16.05000000000028,1,1.0
6,A,PREY,431,17100.659999999847,500,-67.31300000000046,5,2,99.946,24.509999999999884,2,1.0
6,A,PREY,432,17580.53999999985,500,-67.31300000000046,5,2,100.0,17.22999999999988,2,1.0
6,A,PREY,433,28.460000000000008,3,-67.31300000000046,6,2,100.0,91.87,1,1.0
6,A,PREY,434,16580.789999999855,500,-67.31300000000046,5,1,100.0,35.9999999999998,2,1.0
6,A,PREY,435,13544.04999999989,500,-67.31300000000046,338,2,97.54292899408279,45.99999999999962,20,1.0
6,A,PREY,436,17340.599999999853,500,-67.31300000000046,7,2,100.0,9.250000000000304,0,1.0
6,A,PREY,437,7159.549999999966,213,-67.31300000000046,4,2,100.0,68.9200000000002,3,1.0
6,A,PREY,438,15141.149999999869,500,-67.31300000000046,6,2,99.955,21.760000000000012,1,1.0
6,A,PREY,439,17540.54999999985,500,-67.31300000000046,6,2,100.0,19.200000000000205,1,1.0
6,A,PREY,440,16860.719999999856,500,-67.31300000000046,7,2,100.0,13.000000000000279,0,1.0
6,A,PREY,441,16740.749999999854,500,-67.31300000000046,5,2,99.946,28.08000000000001,2,1.0
6,A,PREY,442,17500.559999999856,500,-67.31300000000046,7,2,100.0,15.100000000000204,0,1.0
6,A,PREY,443,1444.6400000000006,49,-67.31300000000046,6,2,100.0,83.36999999999986,1,1.0
6,A,PREY,444,-3.670000000000014,66,-67.31300000000046,6,2,100.0,68.01749999999993,1,1.0
6,A,PREY,445,15061.169999999871,500,-67.31300000000046,6,2,100.0,10.960000000000147,1,1.0
6,A,PREY,446,17980.439999999846,500,-67.31300000000046,7,2,100.0,6.400000000000478,0,1.0
6,A,PREY,447,17700.509999999846,500,-67.31300000000046,7,2,100.0,11.500000000000405,0,1.0
6,A,PREY,448,17940.44999999985,500,-67.31300000000046,7,2,99.96142857142857,12.40000000000033,0,1.0
6,A,PREY,449,18020.429999999844,500,-67.31300000000046,7,2,100.0,15.250000000000226,0,1.0
6,A,PREY,450,16980.689999999857,500,-67.31300000000046,5,2,100.0,23.230000000000096,2,1.0
6,A,PREY,451,17020.67999999985,500,-67.31300000000046,7,2,100.0,11.500000000000409,0,1.0
6,A,PREY,452,17020.679999999855,500,-67.31300000000046,6,2,100.0,6.730000000000318,1,1.0
6,A,PREY,453,694.0100000000002,31,-67.31300000000046,6,2,100.0,84.77999999999994,1,1.0
6,A,PREY,454,12581.789999999903,500,-67.31300000000046,7,2,100.0,15.700000000000102,0,1.0
6,A,PREY,455,18020.429999999844,500,-67.31300000000046,7,2,100.0,10.900000000000336,0,1.0
6,A,PREY,456,17700.50999999985,500,-67.31300000000046,338,2,98.72517751479286,53.1100000000002,53,1.0
6,A,PREY,457,1013.4200000000004,32,-67.31300000000046,6,2,100.0,84.20999999999995,1,1.0
6,A,PREY,458,12981.689999999897,500,-67.31300000000046,6,2,100.0,19.050000000000246,1,1.0
6,A,PREY,459,17940.44999999985,500,-67.31300000000046,7,2,99.96142857142857,9.850000000000264,0,1.0
6,A,PREY,460,18060.419999999845,500,-67.31300000000046,7,2,100.0,7.45000000000049,0,1.0
6,A,PREY,461,17260.61999999985,500,-67.31300000000046,6,2,100.0,23.24999999999998,1,1.0
6,A,PREY,462,17020.679999999855,500,-67.31300000000046,5,2,100.0,25.11000000000009,2,1.0
6,A,PREY,463,17540.54999999985,500,-67.31300000000046,6,2,100.0,18.750000000000213,1,1.0
6,A,PREY,464,17940.44999999985,500,-67.31300000000046,7,1,100.0,10.600000000000454,0,1.0
6,A,PREY,465,17220.629999999852,500,-67.31300000000046,6,2,100.0,17.100000000000627,1,1.0
6,A,PREY,466,27.95000000000001,4,-67.31300000000046,6,2,100.0,91.66,1,1.0
6,A,PREY,467,17500.55999999985,500,-67.31300000000046,7,2,100.0,4.300000000000437,0,1.0
6,A,PREY,468,17940.449999999844,500,-67.31300000000046,5,2,100.0,28.700000000000315,2,1.0
6,A,PREY,469,17020.679999999855,500,-67.31300000000046,338,2,93.27659763313598,10.150000000000215,0,1.0
6,A,PREY,470,17300.609999999848,500,-67.31300000000046,6,1,100.0,20.900000000000173,1,1.0
6,A,PREY,471,1484.1200000000006,50,-67.31300000000046,5,2,100.0,81.99999999999996,2,1.0
6,A,PREY,472,13621.529999999893,500,-67.31300000000046,7,2,100.0,7.900000000000472,0,1.0
6,A,PREY,473,68.96000000000001,2,-67.31300000000046,6,2,100.0,92.08,1,1.0
6,A,PREY,474,14461.31999999988,500,-67.31300000000046,338,2,98.06621301775145,92.37999999999973,259,1.0
6,A,PREY,475,897.5300000000003,24,-67.31300000000046,6,2,100.0,90.90999999999994,1,1.0
6,A,PREY,476,18260.369999999846,500,-67.31300000000046,6,2,100.0,15.00000000000023,1,1.0
6,A,PREY,477,18100.409999999847,500,-67.31300000000046,7,2,100.0,3.8500000000004313,0,1.0
6,A,PREY,478,18500.30999999984,500,-67.31300000000046,6,2,100.0,16.916250000000247,1,1.0
6,A,PREY,479,382.76000000000016,14,-67.31300000000046,6,2,100.0,89.55999999999999,1,1.0
6,A,PREY,480,6.019999999999984,47,-67.31300000000046,4,2,100.0,88.23749999999984,3,1.0
6,A,PREY,481,14821.229999999878,500,-67.31300000000046,7,2,100.0,11.050000000000248,0,1.0
6,A,PREY,482,18300.35999999985,500,-67.31300000000046,7,2,100.0,7.150000000000424,0,1.0
6,A,PREY,483,1844.0300000000007,50,-67.31300000000046,5,2,100.0,89.84999999999991,2,1.0
6,A,PREY,484,15940.949999999864,500,-67.31300000000046,7,2,100.0,16.00000000000015,0,1.0
6,A,PREY,485,18940.19999999985,500,-67.31300000000046,7,2,100.0,11.200000000000326,0,1.0
6,A,PREY,486,18220.37999999985,500,-67.31300000000046,7,1,100.0,5.800000000000335,0,1.0
6,A,PREY,487,18220.379999999852,500,-67.31300000000046,6,1,100.0,35.01999999999944,1,1.0
6,A,PREY,488,17780.489999999852,500,-67.31300000000046,7,2,100.0,9.700000000000468,0,1.0
6,A,PREY,489,17300.609999999855,500,-67.31300000000046,7,2,100.0,15.100000000000247,0,1.0
6,A,PREY,490,4357.999999999998,139,-67.31300000000046,6,2,100.0,74.6699999999995,1,1.0
6,A,PREY,491,15061.169999999876,500,-67.31300000000046,6,2,100.0,17.770000000000184,1,1.0
6,A,PREY,492,18500.309999999845,500,-67.31300000000046,7,2,100.0,10.450000000000443,0,1.0
6,A,PREY,493,1053.4100000000003,32,-67.31300000000046,6,2,100.0,84.20999999999995,1,1.0
6,A,PREY,494,14901.209999999877,500,-67.31300000000046,7,2,100.0,10.150000000000166,0,1.0
6,A,PREY,495,18420.32999999985,500,-67.31300000000046,5,2,100.0,24.19999999999994,2,1.0
6,A,PREY,496,18220.37999999985,500,-67.31300000000046,3,2,100.0,33.70999999999949,4,1.0
6,A,PREY,497,2081.9300000000007,54,-67.31300000000046,5,2,100.0,83.93999999999993,2,1.0
6,A,PREY,498,14781.239999999876,500,-67.31300000000046,6,2,100.0,4.210000000000391,1,1.0
6,A,PREY,499,18140.39999999984,500,-67.31300000000046,6,1,100.0,17.979999999999777,1,1.0
6,A,PREY,500,779.0900000000003,21,-67.31300000000046,6,2,99.955,91.23999999999995,1,1.0
6,B,PREDATOR,1,-12.239999999999997,224,33.935999999999545,4,2,91.14249999999967,51.78999999999978,2,2.5
6,B,PREDATOR,2,-12.179999999999998,218,33.935999999999545,5,2,88.38999999999956,54.87999999999968,1,2.5
6,B,PREDATOR,3,-12.239999999999997,224,33.935999999999545,5,2,90.11799999999963,49.6899999999999,1,2.5
6,B,PREDATOR,4,-12.289999999999996,229,33.935999999999545,5,2,91.52199999999968,52.211249999999794,1,2.5
6,B,PREDATOR,5,-12.159999999999998,216,33.935999999999545,5,2,92.21199999999972,47.31999999999997,1,2.5
6,B,PREDATOR,6,-12.179999999999998,218,33.935999999999545,5,2,92.0199999999997,54.63999999999967,1,2.5
6,B,PREDATOR,7,-12.249999999999996,225,33.935999999999545,5,2,92.58399999999972,45.88000000000007,1,2.5
6,B,PREDATOR,8,-12.239999999999997,224,33.935999999999545,3,2,89.1499999999996,48.37000000000006,3,2.5
6,B,PREDATOR,9,-12.159999999999998,216,33.935999999999545,337,2,90.65999999999983,47.53,0,2.5
6,B,PREDATOR,10,-12.209999999999997,221,33.935999999999545,5,2,89.19999999999959,46.24000000000011,1,2.5
6,B,PREDATOR,11,-12.209999999999997,221,33.935999999999545,6,2,87.0049999999995,47.53000000000008,0,2.5
6,B,PREDATOR,12,-12.209999999999997,221,33.935999999999545,6,2,86.9299999999995,47.98000000000004,0,2.5
6,B,PREDATOR,13,141.96000000000163,500,33.935999999999545,337,3,78.97157270029544,13.400000000000205,6,2.5
6,B,PREDATOR,14,-12.169999999999998,217,33.935999999999545,5,2,87.96399999999956,47.83000000000003,1,2.5
6,B,PREDATOR,15,-12.209999999999997,221,33.935999999999545,5,2,89.71599999999961,52.179999999999765,1,2.5
6,B,PREDATOR,16,-12.199999999999998,220,33.935999999999545,5,2,90.18399999999963,52.10249999999981,1,2.5
6,B,PREDATOR,17,-12.169999999999998,217,33.935999999999545,6,2,88.84999999999957,49.059999999999995,0,2.5
6,B,PREDATOR,18,-12.319999999999995,232,33.935999999999545,6,2,87.80999999999953,40.9600000000003,0,2.5
6,B,PREDATOR,19,-12.199999999999998,220,33.935999999999545,5,2,87.09999999999951,46.300000000000125,1,2.5
6,B,PREDATOR,20,31.247499999999746,346,33.935999999999545,4,2,90.06999999999962,36.28000000000013,2,2.5
6,B,PREDATOR,21,-12.209999999999997,221,33.935999999999545,5,2,90.07599999999962,49.47999999999993,1,2.5
6,B,PREDATOR,22,12.844999999999741,293,33.935999999999545,337,2,84.14712166172042,100.0,93,2.5
6,B,PREDATOR,23,-12.289999999999996,229,33.935999999999545,6,2,89.0699999999996,43.42000000000028,0,2.5
6,B,PREDATOR,24,-12.169999999999998,217,33.935999999999545,6,2,90.17999999999962,42.010000000000176,0,2.5
6,B,PREDATOR,25,-12.269999999999996,227,33.935999999999545,5,2,88.76199999999957,46.81500000000004,1,2.5
6,B,PREDATOR,26,-12.329999999999995,233,33.935999999999545,6,2,91.71999999999969,37.990000000000386,0,2.5
6,B,PREDATOR,27,-12.279999999999996,228,33.935999999999545,6,2,87.38499999999952,39.040000000000404,0,2.5
6,B,PREDATOR,28,167.97749999999962,500,33.935999999999545,337,3,85.39406528189862,51.87583333333359,237,2.5
6,B,PREDATOR,29,-12.319999999999995,232,33.935999999999545,6,2,87.1249999999995,38.86000000000041,0,2.5
6,B,PREDATOR,30,-12.199999999999998,220,33.935999999999545,309,2,72.36074433656957,54.21999999999962,2,2.5
6,B,PREDATOR,31,-12.229999999999997,223,33.935999999999545,6,2,90.84999999999964,46.99000000000001,0,2.5
6,B,PREDATOR,32,-12.189999999999998,219,33.935999999999545,337,2,86.66020771513324,39.07000000000039,0,2.5
6,B,PREDATOR,33,-12.179999999999998,218,33.935999999999545,3,2,89.46999999999962,56.679999999999666,3,2.5
6,B,PREDATOR,34,-12.339999999999995,234,33.935999999999545,337,2,79.08765578634954,52.80999999999969,1,2.5
6,B,PREDATOR,35,-12.259999999999996,226,33.935999999999545,6,2,91.00999999999965,53.379999999999654,0,2.5
6,B,PREDATOR,36,41.279999999999575,353,33.935999999999545,337,2,75.93735905044417,4.930000000000026,3,2.5
6,B,PREDATOR,37,-12.219999999999997,222,33.935999999999545,5,2,93.37599999999975,46.930000000000035,1,2.5
6,B,PREDATOR,38,-12.259999999999996,226,33.935999999999545,6,2,91.03499999999967,42.130000000000294,0,2.5
6,B,PREDATOR,39,-12.189999999999998,219,33.935999999999545,4,2,88.08249999999954,57.24999999999956,2,2.5
6,B,PREDATOR,40,-12.209999999999997,221,33.935999999999545,6,2,87.0449999999995,38.5300000000004,0,2.5
6,B,PREDATOR,41,-11.31,131,33.935999999999545,69,3,87.92275362318838,36.44833333333351,1,2.5
6,B,PREDATOR,42,-12.189999999999998,219,33.935999999999545,5,2,88.68399999999957,45.580000000000254,1,2.5
6,B,PREDATOR,43,-12.259999999999996,226,33.935999999999545,6,2,89.6199999999996,44.53000000000024,0,2.5
6,B,PREDATOR,44,-12.159999999999998,216,33.935999999999545,337,2,84.79448071216576,41.89875000000023,1,2.5
6,B,PREDATOR,45,-12.209999999999997,221,33.935999999999545,6,2,93.10999999999974,47.23000000000009,0,2.5
6,B,PREDATOR,46,57.47499999999905,438,33.935999999999545,3,2,89.71999999999962,13.240000000000435,3,2.5
6,B,PREDATOR,47,-12.349999999999994,235,33.935999999999545,337,2,86.30421364985129,50.79999999999977,0,2.5
6,B,PREDATOR,48,361.0933333333322,500,33.935999999999545,337,3,79.87869436201656,41.34000000000015,16,2.5
6,B,PREDATOR,49,11.343333333332895,270,33.935999999999545,5,2,89.73999999999963,43.90000000000005,1,2.5
6,B,PREDATOR,50,-12.179999999999998,218,33.935999999999545,337,2,90.97474777448055,50.139999999999915,0,2.5
6,B,PREDATOR,51,-12.259999999999996,226,33.935999999999545,6,2,89.0249999999996,42.28000000000029,0,2.5
6,B,PREDATOR,52,10.014166666666208,272,33.935999999999545,4,2,91.13499999999966,48.783749999999664,2,2.5
6,B,PREDATOR,53,-12.189999999999998,219,33.935999999999545,337,2,87.87329376854566,49.75874999999988,1,2.5
6,B,PREDATOR,54,-12.239999999999997,224,33.935999999999545,5,2,89.22399999999959,54.63999999999964,1,2.5
6,B,PREDATOR,55,-12.189999999999998,219,33.935999999999545,337,2,76.01489614243243,44.26000000000021,1,2.5
6,B,PREDATOR,56,-12.249999999999996,225,33.935999999999545,4,2,91.07499999999966,49.24000000000006,2,2.5
6,B,PREDATOR,57,-12.349999999999994,235,33.935999999999545,5,2,86.45799999999949,52.97249999999961,1,2.5
6,B,PREDATOR,58,-12.209999999999997,221,33.935999999999545,337,2,79.08824925815955,41.08000000000028,0,2.5
6,B,PREDATOR,59,12.146666666666244,268,33.935999999999545,4,2,94.32999999999979,40.030000000000115,2,2.5
6,B,PREDATOR,60,155.25750000000207,405,33.935999999999545,337,2,82.22890207715012,23.650000000000325,7,2.5
6,B,PREDATOR,61,-12.209999999999997,221,33.935999999999545,6,2,84.61499999999943,43.63000000000012,0,2.5
6,B,PREDATOR,62,-12.169999999999998,217,33.935999999999545,6,2,89.96499999999962,50.85999999999987,0,2.5
6,B,PREDATOR,63,-12.349999999999994,235,33.935999999999545,337,2,90.48899109792261,47.5,0,2.5
6,B,PREDATOR,64,-12.229999999999997,223,33.935999999999545,337,2,82.27347181008847,51.93999999999974,0,2.5
6,B,PREDATOR,65,9.287499999999584,300,33.935999999999545,337,2,78.79747774480654,33.43500000000032,2,2.5
6,B,PREDATOR,66,-12.189999999999998,219,33.935999999999545,6,2,91.43499999999968,49.26999999999996,0,2.5
6,B,PREDATOR,67,-12.239999999999997,224,33.935999999999545,6,2,91.85999999999969,45.52000000000015,0,2.5
6,B,PREDATOR,68,-12.209999999999997,221,33.935999999999545,337,2,90.28839762611257,42.280000000000356,0,2.5
6,B,PREDATOR,69,-12.249999999999996,225,33.935999999999545,6,2,89.22499999999961,50.94999999999982,0,2.5
6,B,PREDATOR,70,-12.269999999999996,227,33.935999999999545,6,2,94.15499999999979,43.06000000000018,0,2.5
6,B,PREDATOR,71,-12.289999999999996,229,33.935999999999545,337,2,79.71614243323377,44.26000000000022,1,2.5
6,B,PREDATOR,72,-12.259999999999996,226,33.935999999999545,5,2,92.59599999999972,49.31999999999998,1,2.5
6,B,PREDATOR,73,-12.349999999999994,235,33.935999999999545,5,2,93.98199999999977,50.889999999999894,1,2.5
6,B,PREDATOR,74,-12.239999999999997,224,33.935999999999545,337,2,83.70783382789267,49.35999999999978,1,2.5
6,B,PREDATOR,75,-12.239999999999997,224,33.935999999999545,5,2,89.4399999999996,43.240000000000244,1,2.5
6,B,PREDATOR,76,29.968333333333497,356,33.935999999999545,2,2,88.80999999999958,37.69000000000008,4,2.5
6,B,PREDATOR,77,717.2433333333357,500,33.935999999999545,337,3,86.85756676557823,45.73333333333355,235,2.5
6,B,PREDATOR,78,-12.179999999999998,218,33.935999999999545,6,2,91.44499999999967,45.3400000000002,0,2.5
6,B,PREDATOR,79,-12.239999999999997,224,33.935999999999545,6,2,88.22999999999956,41.47000000000028,0,2.5
6,B,PREDATOR,80,-12.199999999999998,220,33.935999999999545,337,2,85.19195845697284,41.65000000000015,0,2.5
6,B,PREDATOR,81,-12.419999999999993,242,33.935999999999545,6,2,88.40499999999956,44.56000000000013,0,2.5
6,B,PREDATOR,82,-12.239999999999997,224,33.935999999999545,5,2,89.2719999999996,46.473750000000145,1,2.5
6,B,PREDATOR,83,-12.189999999999998,219,33.935999999999545,4,2,86.8299999999995,56.34999999999972,2,2.5
6,B,PREDATOR,84,-12.249999999999996,225,33.935999999999545,337,2,83.61910979228439,52.07249999999981,1,2.5
6,B,PREDATOR,85,-12.209999999999997,221,33.935999999999545,5,2,87.53799999999953,46.150000000000155,1,2.5
6,B,PREDATOR,86,-12.249999999999996,225,33.935999999999545,5,2,93.11799999999974,48.76000000000005,1,2.5
6,B,PREDATOR,87,-12.229999999999997,223,33.935999999999545,6,2,92.68999999999971,47.88999999999998,0,2.5
6,B,PREDATOR,88,9.249166666666182,281,33.935999999999545,337,2,84.59305637982149,41.349999999999994,2,2.5
6,B,PREDATOR,89,-12.219999999999997,222,33.935999999999545,6,2,86.7599999999995,43.51000000000006,0,2.5
6,B,PREDATOR,90,-12.55999999999999,256,33.935999999999545,337,2,87.33344213649835,42.73000000000001,0,2.5
6,B,PREDATOR,91,11.773333333332888,281,33.935999999999545,5,2,90.79599999999965,37.930000000000064,1,2.5
6,B,PREDATOR,92,-12.249999999999996,225,33.935999999999545,5,2,91.31799999999967,46.150000000000034,1,2.5
6,B,PREDATOR,93,-12.239999999999997,224,33.935999999999545,5,2,89.5599999999996,47.04375000000002,1,2.5
6,B,PREDATOR,94,-12.239999999999997,224,33.935999999999545,4,2,90.25749999999962,53.28999999999983,2,2.5
6,B,PREDATOR,95,-12.309999999999995,231,33.935999999999545,337,2,88.47646884272983,37.180000000000426,0,2.5
6,B,PREDATOR,96,-12.259999999999996,226,33.935999999999545,4,2,85.57749999999945,46.96000000000012,2,2.5
6,B,PREDATOR,97,-12.259999999999996,226,33.935999999999545,4,2,94.06749999999977,47.531250000000114,2,2.5
6,B,PREDATOR,98,-12.259999999999996,226,33.935999999999545,337,2,83.43362017804151,45.04000000000008,1,2.5
6,B,PREDATOR,99,11.843333333332899,274,33.935999999999545,4,2,87.97749999999954,47.07374999999986,2,2.5
6,B,PREDATOR,100,-12.159999999999998,216,33.935999999999545,6,2,87.02999999999952,46.93000000000009,0,2.5
6,B,PREDATOR,101,-12.219999999999997,222,33.935999999999545,6,2,89.00999999999958,42.610000000000284,0,2.5
6,B,PREDATOR,102,12.176666666666359,292,33.935999999999545,4,2,88.75749999999957,47.769999999999726,2,2.5
6,B,PREDATOR,103,-12.309999999999995,231,33.935999999999545,5,2,90.50799999999964,45.34000000000016,1,2.5
6,B,PREDATOR,104,-12.289999999999996,229,33.935999999999545,6,2,87.81999999999954,43.72000000000024,0,2.5
6,B,PREDATOR,105,12.160833333332901,276,33.935999999999545,4,2,90.63999999999965,49.05999999999975,2,2.5
6,B,PREDATOR,106,-12.179999999999998,218,33.935999999999545,5,2,91.21599999999967,48.70000000000002,1,2.5
6,B,PREDATOR,107,287.6049999999971,500,33.935999999999545,337,1,76.22246290801057,51.33999999999997,15,2.5
6,B,PREDATOR,108,51.592499999999795,439,33.935999999999545,3,2,90.18999999999964,21.670000000000286,3,2.5
6,B,PREDATOR,109,29.654166666666683,428,33.935999999999545,3,2,95.59999999999984,27.49000000000011,3,2.5
6,B,PREDATOR,110,-12.259999999999996,226,33.935999999999545,337,2,76.68400593471736,48.87999999999997,1,2.5
6,B,PREDATOR,111,-12.359999999999994,236,33.935999999999545,6,2,86.8649999999995,43.180000000000064,0,2.5
6,B,PREDATOR,112,-12.159999999999998,216,33.935999999999545,6,2,90.33999999999963,38.38000000000039,0,2.5
6,B,PREDATOR,113,76.19333333333128,493,33.935999999999545,2,2,89.5599999999996,9.940000000000225,4,2.5
6,B,PREDATOR,114,11.183333333332973,316,33.935999999999545,5,2,90.94599999999966,27.73000000000051,1,2.5
6,B,PREDATOR,115,52.36916666666589,404,33.935999999999545,2,2,89.72499999999961,19.661250000000386,4,2.5
6,B,PREDATOR,116,-12.169999999999998,217,33.935999999999545,6,2,89.97999999999963,49.80999999999994,0,2.5
6,B,PREDATOR,117,-12.389999999999993,239,33.935999999999545,1,2,90.15999999999963,48.190000000000055,5,2.5
6,B,PREDATOR,118,11.675833333332976,293,33.935999999999545,298,2,73.14805369127515,30.340000000000458,1,2.5
6,B,PREDATOR,119,52.30000000000018,448,33.935999999999545,2,2,92.43999999999971,23.620000000000232,4,2.5
6,B,PREDATOR,120,-12.439999999999992,244,33.935999999999545,4,2,88.74999999999957,47.140000000000015,2,2.5
6,B,PREDATOR,121,-12.209999999999997,221,33.935999999999545,6,2,93.45999999999975,41.8300000000003,0,2.5
6,B,PREDATOR,122,9.048333333332861,270,33.935999999999545,5,2,88.94199999999958,38.05000000000017,1,2.5
6,B,PREDATOR,123,-12.159999999999998,216,33.935999999999545,6,2,87.93999999999954,44.530000000000015,0,2.5
6,B,PREDATOR,124,1435.5691666666632,500,33.935999999999545,337,3,78.57661721068135,61.0599999999998,119,2.5
6,B,PREDATOR,125,-11.260000000000002,126,33.935999999999545,42,3,95.64523809523806,48.448333333333245,1,2.5
6,B,PREDATOR,126,7.540833333332786,321,33.935999999999545,5,2,94.23999999999978,36.43000000000022,1,2.5
6,B,PREDATOR,127,-12.249999999999996,225,33.935999999999545,5,2,89.07999999999959,46.83750000000006,1,2.5
6,B,PREDATOR,128,-12.239999999999997,224,33.935999999999545,5,2,88.46199999999956,55.6299999999996,1,2.5
6,B,PREDATOR,129,-12.609999999999989,261,33.935999999999545,337,2,86.83884272997011,40.480000000000075,0,2.5
6,B,PREDATOR,130,-12.329999999999995,233,33.935999999999545,337,2,88.38083086053385,46.23999999999995,0,2.5
6,B,PREDATOR,131,-12.239999999999997,224,33.935999999999545,5,2,86.6859999999995,49.029999999999966,1,2.5
6,B,PREDATOR,132,10.535833333332855,290,33.935999999999545,5,2,90.33999999999963,45.549999999999805,1,2.5
6,B,PREDATOR,133,-12.669999999999987,267,33.935999999999545,5,2,88.81599999999958,47.61999999999988,1,2.5
6,B,PREDATOR,134,-12.209999999999997,221,33.935999999999545,6,2,89.7299999999996,48.42999999999989,0,2.5
6,B,PREDATOR,135,-12.209999999999997,221,33.935999999999545,6,2,90.95499999999966,43.780000000000214,0,2.5
6,B,PREDATOR,136,-11.55,155,33.935999999999545,337,3,87.05059347180979,34.63999999999985,1,2.5
6,B,PREDATOR,137,12.203333333332916,265,33.935999999999545,337,2,80.86510385756617,42.70000000000016,1,2.5
6,B,PREDATOR,138,-12.259999999999996,226,33.935999999999545,6,2,88.38999999999955,41.38000000000017,0,2.5
6,B,PREDATOR,139,-12.329999999999995,233,33.935999999999545,5,2,88.78599999999958,46.420000000000115,1,2.5
6,B,PREDATOR,140,-12.509999999999991,251,33.935999999999545,337,2,81.157210682492,41.14000000000011,1,2.5
6,B,PREDATOR,141,12.293333333333011,283,33.935999999999545,5,2,90.18999999999963,33.79000000000033,1,2.5
6,B,PREDATOR,142,-12.359999999999994,236,33.935999999999545,4,2,92.60499999999972,49.44999999999989,2,2.5
6,B,PREDATOR,143,454.7624999999969,500,33.935999999999545,337,3,86.72738872403517,49.66000000000014,224,2.5
6,B,PREDATOR,144,-12.759999999999986,276,33.935999999999545,4,2,90.84999999999965,41.23000000000019,2,2.5
6,B,PREDATOR,145,-12.439999999999992,244,33.935999999999545,6,2,88.09499999999956,43.12000000000009,0,2.5
6,B,PREDATOR,146,11.560833333332882,282,33.935999999999545,5,2,91.23399999999967,36.460000000000115,1,2.5
6,B,PREDATOR,147,-12.309999999999995,231,33.935999999999545,5,2,85.72599999999946,44.452499999999986,1,2.5
6,B,PREDATOR,148,36.00083333333379,291,33.935999999999545,3,2,85.22999999999944,39.76000000000005,3,2.5
6,B,PREDATOR,149,27.565000000000303,415,33.935999999999545,4,2,87.27999999999952,26.950000000000188,2,2.5
6,B,PREDATOR,150,1921.0716666666608,500,33.935999999999545,337,3,80.97982195845582,45.85999999999995,82,2.5
6,B,PREDATOR,151,3697.439999999971,500,33.935999999999545,337,3,80.52578635014721,34.88000000000023,162,2.5
6,B,PREDATOR,152,81.13583333333173,500,33.935999999999545,2,2,86.7999999999995,7.451250000000332,4,2.5
6,B,PREDATOR,153,28.73666666666682,333,33.935999999999545,3,2,88.45999999999957,41.04999999999993,3,2.5
6,B,PREDATOR,154,11.53333333333289,278,33.935999999999545,4,2,85.80249999999947,43.065000000000026,2,2.5
6,B,PREDATOR,155,10.518333333332825,312,33.935999999999545,5,2,95.92599999999985,38.26000000000016,1,2.5
6,B,PREDATOR,156,-12.229999999999997,223,33.935999999999545,6,2,91.38999999999969,42.490000000000144,0,2.5
6,B,PREDATOR,157,9.573333333332817,309,33.935999999999545,5,2,95.03199999999981,26.470000000000475,1,2.5
6,B,PREDATOR,158,-12.679999999999987,268,33.935999999999545,337,2,80.61068249258086,43.24000000000009,0,2.5
6,B,PREDATOR,159,-12.299999999999995,230,33.935999999999545,337,2,86.15952522255166,33.40000000000046,0,2.5
6,B,PREDATOR,160,-12.279999999999996,228,33.935999999999545,6,2,91.73999999999968,39.940000000000396,0,2.5
6,B,PREDATOR,161,10.775833333332857,293,33.935999999999545,5,2,91.73799999999969,26.590000000000387,1,2.5
6,B,PREDATOR,162,11.238333333332799,339,33.935999999999545,4,2,92.88999999999973,39.160000000000096,2,2.5
6,B,PREDATOR,163,-12.53999999999999,254,33.935999999999545,5,2,85.57599999999945,46.120000000000026,1,2.5
6,B,PREDATOR,164,-12.58999999999999,259,33.935999999999545,5,2,90.35799999999963,43.38999999999995,1,2.5
6,B,PREDATOR,165,-12.359999999999994,236,33.935999999999545,6,2,90.24999999999962,38.53000000000024,0,2.5
6,B,PREDATOR,166,-12.339999999999995,234,33.935999999999545,4,2,86.7174999999995,46.870000000000054,2,2.5
6,B,PREDATOR,167,-12.409999999999993,241,33.935999999999545,6,2,89.3049999999996,40.78000000000034,0,2.5
6,B,PREDATOR,168,-12.499999999999991,250,33.935999999999545,5,2,87.29799999999952,38.8387500000003,1,2.5
6,B,PREDATOR,169,-12.199999999999998,220,33.935999999999545,337,2,91.55851632047458,39.55000000000039,0,2.5
6,B,PREDATOR,170,-12.229999999999997,223,33.935999999999545,4,2,90.15999999999963,57.189999999999614,2,2.5
6,B,PREDATOR,171,-12.459999999999992,246,33.935999999999545,337,2,82.7201780415425,45.280000000000086,0,2.5
6,B,PREDATOR,172,-12.259999999999996,226,33.935999999999545,6,2,89.33999999999959,39.28000000000033,0,2.5
6,B,PREDATOR,173,-12.53999999999999,254,33.935999999999545,337,2,83.0104747774476,43.920000000000144,1,2.5
6,B,PREDATOR,174,-12.159999999999998,216,33.935999999999545,6,2,91.9999999999997,45.73000000000009,0,2.5
6,B,PREDATOR,175,-12.159999999999998,216,33.935999999999545,6,2,91.92499999999968,35.080000000000425,0,2.5
6,B,PREDATOR,176,-12.609999999999989,261,33.935999999999545,6,2,89.83499999999962,42.88000000000012,0,2.5
6,B,PREDATOR,177,-11.32,132,33.935999999999545,149,3,82.81187919463086,22.940000000000108,0,2.5
6,B,PREDATOR,178,-12.239999999999997,224,33.935999999999545,5,2,89.4459999999996,51.63999999999976,1,2.5
6,B,PREDATOR,179,-12.209999999999997,221,33.935999999999545,6,2,90.01999999999963,51.42999999999981,0,2.5
6,B,PREDATOR,180,12.385833333332917,267,33.935999999999545,4,2,82.87749999999934,49.20999999999978,2,2.5
6,B,PREDATOR,181,-12.159999999999998,216,33.935999999999545,5,2,90.84999999999965,56.049999999999585,1,2.5
6,B,PREDATOR,182,33.35083333333342,428,33.935999999999545,2,2,90.45999999999964,25.818750000000286,4,2.5
6,B,PREDATOR,183,10.973333333332965,349,33.935999999999545,5,2,90.44799999999964,30.5200000000003,1,2.5
6,B,PREDATOR,184,-12.499999999999991,250,33.935999999999545,337,2,90.48023738872384,43.990000000000144,1,2.5
6,B,PREDATOR,185,12.000833333332915,265,33.935999999999545,5,2,90.96999999999966,42.250000000000114,1,2.5
6,B,PREDATOR,186,9.833333333332812,313,33.935999999999545,5,2,91.15599999999966,29.44000000000039,1,2.5
6,B,PREDATOR,187,-12.309999999999995,231,33.935999999999545,6,2,92.0749999999997,46.92999999999999,0,2.5
6,B,PREDATOR,188,-12.329999999999995,233,33.935999999999545,5,2,87.12999999999951,41.680000000000284,1,2.5
6,B,PREDATOR,189,11.42666666666621,286,33.935999999999545,337,2,79.88373887240293,39.70000000000012,2,2.5
6,B,PREDATOR,190,-12.269999999999996,227,33.935999999999545,337,2,85.98492581602336,37.51000000000042,0,2.5
6,B,PREDATOR,191,33.94250000000044,414,33.935999999999545,4,2,87.31749999999951,17.02000000000039,2,2.5
6,B,PREDATOR,192,9.535833333332851,282,33.935999999999545,5,2,87.86799999999955,36.310000000000215,1,2.5
6,B,PREDATOR,193,-12.279999999999996,228,33.935999999999545,6,2,86.9199999999995,33.94000000000045,0,2.5
6,B,PREDATOR,194,12.298333333332911,269,33.935999999999545,5,2,88.26999999999956,37.7200000000001,1,2.5
6,B,PREDATOR,195,-12.509999999999991,251,33.935999999999545,6,2,87.50999999999954,38.08000000000022,0,2.5
6,B,PREDATOR,196,2619.3149999999832,500,33.935999999999545,337,3,82.90845697329276,39.58000000000023,114,2.5
6,B,PREDATOR,197,-12.499999999999991,250,33.935999999999545,5,2,92.97999999999973,49.68999999999983,1,2.5
6,B,PREDATOR,198,7.494166666666162,362,33.935999999999545,4,2,93.57999999999976,33.4300000000003,2,2.5
6,B,PREDATOR,199,-12.54999999999999,255,33.935999999999545,4,2,94.4724999999998,38.95000000000035,2,2.5
6,B,PREDATOR,200,-12.389999999999993,239,33.935999999999545,6,2,92.47499999999972,50.169999999999796,0,2.5
6,B,PREDATOR,201,7.781666666666167,275,33.935999999999545,337,2,78.35783382789252,44.97999999999996,2,2.5
6,B,PREDATOR,202,-12.289999999999996,229,33.935999999999545,337,2,86.52721068249222,44.17000000000017,1,2.5
6,B,PREDATOR,203,4798.119999999958,500,33.935999999999545,337,3,77.40709198812938,37.50000000000031,204,2.5
6,B,PREDATOR,204,11.843333333332899,274,33.935999999999545,5,2,92.54199999999972,38.320000000000256,1,2.5
6,B,PREDATOR,205,7.352499999999759,345,33.935999999999545,3,2,92.29999999999971,43.41374999999979,3,2.5
6,B,PREDATOR,206,-12.159999999999998,216,33.935999999999545,5,2,88.04199999999955,49.75124999999997,1,2.5
6,B,PREDATOR,207,-12.319999999999995,232,33.935999999999545,6,2,89.20499999999959,43.36000000000017,0,2.5
6,B,PREDATOR,208,-12.58999999999999,259,33.935999999999545,5,2,84.2739999999994,41.77500000000015,1,2.5
6,B,PREDATOR,209,11.200833333332982,291,33.935999999999545,5,2,90.08799999999962,42.580000000000005,1,2.5
6,B,PREDATOR,210,-12.159999999999998,216,33.935999999999545,6,2,88.68999999999956,50.37999999999991,0,2.5
6,B,PREDATOR,211,-12.179999999999998,218,33.935999999999545,6,2,89.22499999999958,40.690000000000374,0,2.5
6,B,PREDATOR,212,-12.179999999999998,218,33.935999999999545,6,2,91.36999999999966,47.88999999999996,0,2.5
6,B,PREDATOR,213,3511.0824999999713,500,33.935999999999545,337,3,82.80127596439063,37.38000000000017,157,2.5
6,B,PREDATOR,214,-12.179999999999998,218,33.935999999999545,6,2,87.0599999999995,46.24000000000004,0,2.5
6,B,PREDATOR,215,9.995833333333026,362,33.935999999999545,5,2,92.90799999999973,22.96000000000042,1,2.5
6,B,PREDATOR,216,894.3099999999924,500,33.935999999999545,337,3,82.97545994065209,61.084166666666626,178,2.5
6,B,PREDATOR,217,-12.869999999999983,287,33.935999999999545,6,2,90.21999999999963,37.510000000000325,0,2.5
6,B,PREDATOR,218,-12.839999999999984,284,33.935999999999545,5,2,89.15199999999959,48.4899999999997,1,2.5
6,B,PREDATOR,219,4025.4399999999773,500,33.935999999999545,337,3,81.08789317507316,39.28000000000008,179,2.5
6,B,PREDATOR,220,-12.189999999999998,219,33.935999999999545,337,2,85.32189910979186,45.97000000000017,0,2.5
6,B,PREDATOR,221,-12.289999999999996,229,33.935999999999545,6,2,88.47499999999957,51.96999999999973,0,2.5
6,B,PREDATOR,222,-12.199999999999998,220,33.935999999999545,6,2,90.97999999999966,46.00000000000004,0,2.5
6,B,PREDATOR,223,11.106666666666237,345,33.935999999999545,4,2,92.75499999999973,28.510000000000183,2,2.5
6,B,PREDATOR,224,-12.239999999999997,224,33.935999999999545,5,2,88.69599999999957,53.17124999999973,1,2.5
6,B,PREDATOR,225,-12.229999999999997,223,33.935999999999545,6,2,89.93999999999961,44.89000000000004,0,2.5
6,B,PREDATOR,226,3674.602499999974,500,33.935999999999545,337,3,82.59011869436097,39.52000000000032,159,2.5
6,B,PREDATOR,227,30.79916666666714,483,33.935999999999545,3,2,94.06999999999978,15.010000000000112,3,2.5
6,B,PREDATOR,228,-13.189999999999976,319,33.935999999999545,4,2,89.44749999999961,40.110000000000014,2,2.5
6,B,PREDATOR,229,-12.199999999999998,220,33.935999999999545,5,2,87.95199999999954,50.469999999999864,1,2.5
6,B,PREDATOR,230,50.3725,420,33.935999999999545,3,2,91.55999999999968,30.400000000000077,3,2.5
6,B,PREDATOR,231,11.202499999999558,272,33.935999999999545,3,2,89.5799999999996,49.35999999999976,3,2.5
6,B,PREDATOR,232,-12.56999999999999,257,33.935999999999545,337,2,75.30629080118621,34.360000000000404,0,2.5
6,B,PREDATOR,233,79.03499999999948,427,33.935999999999545,1,2,83.52999999999938,15.067500000000326,5,2.5
6,B,PREDATOR,234,90.45833333333199,500,33.935999999999545,2,3,94.7799999999998,19.008333333333567,4,2.5
6,B,PREDATOR,235,99.6141666666649,500,33.935999999999545,0,3,0.0,12.639166666666824,6,2.5
6,B,PREDATOR,236,-12.199999999999998,220,33.935999999999545,6,2,88.10999999999954,39.700000000000344,0,2.5
6,B,PREDATOR,237,-12.169999999999998,217,33.935999999999545,6,2,90.93999999999966,45.76000000000005,0,2.5
6,B,PREDATOR,238,-12.229999999999997,223,33.935999999999545,6,2,89.04999999999957,43.99000000000017,0,2.5
6,B,PREDATOR,239,-12.199999999999998,220,33.935999999999545,6,2,87.02499999999951,48.849999999999994,0,2.5
6,B,PREDATOR,240,-12.55999999999999,256,33.935999999999545,6,2,87.87499999999955,32.380000000000486,0,2.5
6,B,PREDATOR,241,-12.289999999999996,229,33.935999999999545,6,2,89.75499999999961,44.620000000000026,0,2.5
6,B,PREDATOR,242,-12.339999999999995,234,33.935999999999545,5,2,94.27599999999978,45.79000000000002,1,2.5
6,B,PREDATOR,243,-12.309999999999995,231,33.935999999999545,337,2,82.14703264094898,52.17999999999968,0,2.5
6,B,PREDATOR,244,11.870833333332895,278,33.935999999999545,5,2,88.71999999999957,42.64000000000007,1,2.5
6,B,PREDATOR,245,-12.419999999999993,242,33.935999999999545,337,2,88.86893175074155,42.670000000000115,1,2.5
6,B,PREDATOR,246,-12.53999999999999,254,33.935999999999545,5,2,89.20599999999959,42.55500000000025,1,2.5
6,B,PREDATOR,247,30.02500000000021,358,33.935999999999545,4,2,86.6424999999995,23.590000000000465,2,2.5
6,B,PREDATOR,248,11.130833333332815,325,33.935999999999545,5,2,92.0979999999997,36.1000000000002,1,2.5
6,B,PREDATOR,249,-12.909999999999982,291,33.935999999999545,5,2,89.18199999999959,36.97125000000029,1,2.5
6,B,PREDATOR,250,-12.349999999999994,235,33.935999999999545,337,2,85.62534124629057,45.99999999999997,0,2.5
6,B,PREDATOR,251,30.427500000000386,389,33.935999999999545,337,2,80.80142433234332,15.070000000000354,2,2.5
6,B,PREDATOR,252,-12.819999999999984,282,33.935999999999545,6,2,88.36999999999955,40.660000000000174,0,2.5
6,B,PREDATOR,253,-12.139999999999999,214,33.935999999999545,6,2,90.09499999999963,49.86999999999996,0,2.5
6,B,PREDATOR,254,-12.249999999999996,225,33.935999999999545,5,2,94.10799999999978,46.09000000000003,1,2.5
6,B,PREDATOR,255,-12.389999999999993,239,33.935999999999545,6,2,87.72999999999952,33.970000000000425,0,2.5
6,B,PREDATOR,256,-12.509999999999991,251,33.935999999999545,337,2,88.16985163204724,32.830000000000496,0,2.5
6,B,PREDATOR,257,-12.229999999999997,223,33.935999999999545,337,2,75.19605341246213,57.247499999999484,1,2.5
6,B,PREDATOR,258,61.71499999999978,500,33.935999999999545,1,3,81.15999999999929,17.215000000000163,5,2.5
6,B,PREDATOR,259,-12.439999999999992,244,33.935999999999545,337,2,86.73121661721026,44.02000000000012,0,2.5
6,B,PREDATOR,260,-12.799999999999985,280,33.935999999999545,6,2,92.35499999999972,41.80000000000012,0,2.5
6,B,PREDATOR,261,-12.259999999999996,226,33.935999999999545,5,2,88.96599999999958,38.56000000000033,1,2.5
6,B,PREDATOR,262,-12.12,212,33.935999999999545,6,2,88.84999999999958,46.959999999999994,0,2.5
6,B,PREDATOR,263,-12.659999999999988,266,33.935999999999545,337,2,84.07005934718053,28.480000000000445,0,2.5
6,B,PREDATOR,264,10.493333333332993,193,33.935999999999545,5,3,94.8519999999998,29.95999999999996,1,2.5
6,B,PREDATOR,265,-12.11,211,33.935999999999545,4,2,84.94749999999942,51.95249999999993,2,2.5
6,B,PREDATOR,266,4013.1449999999777,500,33.935999999999545,337,2,79.54451038575554,53.80000000000024,172,2.5
6,B,PREDATOR,267,-12.899999999999983,290,33.935999999999545,6,2,89.1799999999996,31.600000000000502,0,2.5
6,B,PREDATOR,268,36.15999999999991,358,33.935999999999545,4,2,90.86499999999965,30.640000000000384,2,2.5
6,B,PREDATOR,269,-12.889999999999983,289,33.935999999999545,337,2,80.69946587537031,46.96124999999982,1,2.5
6,B,PREDATOR,270,8.905833333332792,318,33.935999999999545,337,2,79.63839762611211,42.03999999999989,1,2.5
6,B,PREDATOR,271,-12.359999999999994,236,33.935999999999545,6,2,91.28499999999967,45.280000000000044,0,2.5
6,B,PREDATOR,272,-12.159999999999998,216,33.935999999999545,5,2,88.97199999999958,55.23999999999973,1,2.5
6,B,PREDATOR,273,7.895833333332826,297,33.935999999999545,2,2,88.08999999999955,44.38499999999999,4,2.5
6,B,PREDATOR,274,29.46249999999995,463,33.935999999999545,4,2,93.93999999999977,4.090000000000397,2,2.5
6,B,PREDATOR,275,3639.0074999999265,500,33.935999999999545,337,3,87.04804154302629,76.47916666666632,238,2.5
6,B,PREDATOR,276,11.559166666666178,320,33.935999999999545,3,2,88.80999999999956,36.940000000000175,3,2.5
6,B,PREDATOR,277,-12.12,212,33.935999999999545,4,2,88.77249999999958,49.962500000000006,2,2.5
6,B,PREDATOR,278,-12.159999999999998,216,33.935999999999545,4,2,85.38249999999945,51.999999999999844,2,2.5
6,B,PREDATOR,279,9.718333333332739,365,33.935999999999545,5,2,89.71599999999961,24.100000000000307,1,2.5
6,B,PREDATOR,280,8.78916666666611,327,33.935999999999545,4,2,92.85999999999973,37.330000000000226,2,2.5
6,B,PREDATOR,281,9.049999999999484,302,33.935999999999545,2,2,88.89999999999958,48.45999999999968,4,2.5
6,B,PREDATOR,282,-12.439999999999992,244,33.935999999999545,6,2,91.51999999999968,45.820000000000064,0,2.5
6,B,PREDATOR,283,-12.709999999999987,271,33.935999999999545,5,2,88.16199999999955,50.949999999999605,1,2.5
6,B,PREDATOR,284,-12.939999999999982,294,33.935999999999545,5,2,87.52599999999953,39.67000000000002,1,2.5
6,B,PREDATOR,285,-12.959999999999981,296,33.935999999999545,337,2,83.89326409495519,36.640000000000164,1,2.5
6,B,PREDATOR,286,12.053333333332892,280,33.935999999999545,2,2,92.31999999999971,48.57999999999976,4,2.5
6,B,PREDATOR,287,-12.189999999999998,219,33.935999999999545,6,2,88.92499999999957,44.02000000000024,0,2.5
6,B,PREDATOR,288,-12.209999999999997,221,33.935999999999545,337,2,88.45415430267047,55.59999999999958,1,2.5
6,B,PREDATOR,289,10.118333333332833,325,33.935999999999545,5,2,97.62399999999991,33.40000000000043,1,2.5
6,B,PREDATOR,290,11.943333333332836,318,33.935999999999545,4,2,88.21749999999955,45.579999999999764,2,2.5
6,B,PREDATOR,291,-12.53999999999999,254,33.935999999999545,6,2,95.55499999999984,41.020000000000294,0,2.5
6,B,PREDATOR,292,-12.55999999999999,256,33.935999999999545,6,2,89.0249999999996,31.930000000000383,0,2.5
6,B,PREDATOR,293,-12.209999999999997,221,33.935999999999545,4,2,84.72249999999943,47.12625000000012,2,2.5
6,B,PREDATOR,294,-13.00999999999998,301,33.935999999999545,337,2,77.17089020771411,35.38000000000034,0,2.5
6,B,PREDATOR,295,10.76916666666627,318,33.935999999999545,4,2,91.55499999999968,36.070000000000285,2,2.5
6,B,PREDATOR,296,-12.799999999999985,280,33.935999999999545,337,2,84.27041543026661,40.45000000000023,0,2.5
6,B,PREDATOR,297,-12.739999999999986,274,33.935999999999545,337,2,75.3572403560823,38.77000000000011,0,2.5
6,B,PREDATOR,298,7.868333333332862,316,33.935999999999545,5,3,89.3679999999996,4.033333333333407,1,2.5
6,B,PREDATOR,299,-12.659999999999988,266,33.935999999999545,337,2,83.16091988130513,31.480000000000466,0,2.5
6,B,PREDATOR,300,-12.239999999999997,224,33.935999999999545,5,2,88.89999999999958,48.96750000000001,1,2.5
6,B,PREDATOR,301,9.65249999999943,346,33.935999999999545,3,2,94.29999999999978,44.769999999999605,3,2.5
6,B,PREDATOR,302,1791.594999999967,500,33.935999999999545,337,3,80.675816023738,38.500000000000206,87,2.5
6,B,PREDATOR,303,-12.439999999999992,244,33.935999999999545,5,2,84.83799999999944,35.830000000000396,1,2.5
6,B,PREDATOR,304,8.669166666666092,339,33.935999999999545,4,2,89.76249999999962,30.820000000000384,2,2.5
6,B,PREDATOR,305,-12.939999999999982,294,33.935999999999545,337,2,84.81373887240335,30.370000000000527,0,2.5
6,B,PREDATOR,306,-13.109999999999978,311,33.935999999999545,337,2,78.76445103857472,34.33000000000034,0,2.5
6,B,PREDATOR,307,-12.359999999999994,236,33.935999999999545,337,2,79.8848961424326,42.13000000000015,0,2.5
6,B,PREDATOR,308,-12.98999999999998,299,33.935999999999545,337,2,83.60715133531072,65.71000000000028,47,2.5
6,B,PREDATOR,309,-12.289999999999996,229,33.935999999999545,6,2,91.48499999999967,47.17000000000006,0,2.5
6,B,PREDATOR,310,3170.009999999987,500,33.935999999999545,337,3,75.16418397625982,42.46000000000015,138,2.5
6,B,PREDATOR,311,-12.599999999999989,260,33.935999999999545,337,2,83.89884272996994,47.53874999999992,1,2.5
6,B,PREDATOR,312,-13.259999999999975,326,33.935999999999545,6,2,86.6749999999995,37.78000000000014,0,2.5
6,B,PREDATOR,313,-12.239999999999997,224,33.935999999999545,337,2,90.6773887240355,46.63000000000014,1,2.5
6,B,PREDATOR,314,-12.179999999999998,218,33.935999999999545,337,2,87.79014836795245,45.04000000000016,0,2.5
6,B,PREDATOR,315,-12.769999999999985,277,33.935999999999545,3,2,93.63999999999976,40.09000000000026,3,2.5
6,B,PREDATOR,316,-12.139999999999999,214,33.935999999999545,4,2,90.42999999999964,63.90999999999924,2,2.5
6,B,PREDATOR,317,700.4158333333331,500,33.935999999999545,337,2,78.50305637982073,84.24999999999952,74,2.5
6,B,PREDATOR,318,-13.52999999999997,353,33.935999999999545,5,2,89.06199999999959,32.3500000000003,1,2.5
6,B,PREDATOR,319,-12.459999999999992,246,33.935999999999545,5,2,89.25399999999959,41.35000000000012,1,2.5
6,B,PREDATOR,320,65.5649999999984,500,33.935999999999545,3,3,89.75999999999961,11.013333333333359,3,2.5
6,B,PREDATOR,321,-13.289999999999974,329,33.935999999999545,337,2,82.72587537091904,42.78999999999985,1,2.5
6,B,PREDATOR,322,-12.609999999999989,261,33.935999999999545,6,2,87.40499999999952,40.780000000000285,0,2.5
6,B,PREDATOR,323,63.35249999999841,500,33.935999999999545,3,3,97.3399999999999,10.05333333333335,3,2.5
6,B,PREDATOR,324,9.743333333332798,322,33.935999999999545,5,2,90.83799999999965,36.16000000000024,1,2.5
6,B,PREDATOR,325,-12.129999999999999,213,33.935999999999545,4,2,92.16249999999971,51.639999999999944,2,2.5
6,B,PREDATOR,326,10.140833333332774,358,33.935999999999545,5,2,94.5879999999998,20.740000000000325,1,2.5
6,B,PREDATOR,327,-12.169999999999998,217,33.935999999999545,4,2,90.58749999999964,50.61999999999996,2,2.5
6,B,PREDATOR,328,8.83416666666634,282,33.935999999999545,4,2,87.54249999999952,41.358750000000185,2,2.5
6,B,PREDATOR,329,10.275833333332814,316,33.935999999999545,337,2,84.2089614243319,39.28000000000003,1,2.5
6,B,PREDATOR,330,-12.439999999999992,244,33.935999999999545,5,2,89.4639999999996,43.620000000000104,1,2.5
6,B,PREDATOR,331,1017.9841666666562,500,33.935999999999545,337,3,81.2126112759636,42.42000000000013,50,2.5
6,B,PREDATOR,332,4915.006666666638,500,33.935999999999545,337,2,84.52827893175015,95.43999999999983,377,2.5
6,B,PREDATOR,333,-11.5,150,33.935999999999545,187,3,74.25925133689839,31.580000000000194,0,2.5
6,B,PREDATOR,334,-12.959999999999981,296,33.935999999999545,4,2,86.43999999999949,34.96000000000017,2,2.5
6,B,PREDATOR,335,33.162500000000215,423,33.935999999999545,4,2,88.02999999999955,17.590000000000273,2,2.5
6,B,PREDATOR,336,-12.889999999999983,289,33.935999999999545,337,2,79.98646884272934,33.9700000000003,0,2.5
6,B,PREDATOR,337,-12.339999999999995,234,33.935999999999545,6,2,91.84999999999968,34.42000000000046,0,2.5
6,B,PREDATOR,338,10.346666666666115,340,33.935999999999545,4,2,97.86999999999992,40.95999999999991,2,2.5
6,B,PREDATOR,339,-12.58999999999999,259,33.935999999999545,337,2,84.04905044510345,37.72000000000029,0,2.5
6,B,PREDATOR,340,10.790833333332762,359,33.935999999999545,4,2,93.26499999999974,36.9100000000001,2,2.5
6,B,PREDATOR,341,9.764999999999459,328,33.935999999999545,3,2,90.51999999999964,40.96124999999974,3,2.5
6,B,PREDATOR,342,-12.939999999999982,294,33.935999999999545,6,2,92.06999999999971,41.02000000000008,0,2.5
6,B,PREDATOR,343,-13.159999999999977,316,33.935999999999545,5,2,88.92399999999958,41.680000000000035,1,2.5
6,B,PREDATOR,344,-12.329999999999995,233,33.935999999999545,337,2,79.40792284866404,36.19000000000044,0,2.5
6,B,PREDATOR,345,-12.98999999999998,299,33.935999999999545,5,2,88.67199999999957,37.330000000000126,1,2.5
6,B,PREDATOR,346,3124.0849999999778,500,33.935999999999545,337,3,83.53596439169041,43.620000000000175,140,2.5
6,B,PREDATOR,347,3143.0124999999653,500,33.935999999999545,337,3,76.06080118694236,40.50000000000026,131,2.5
6,B,PREDATOR,348,-12.259999999999996,226,33.935999999999545,5,2,87.66999999999953,49.06000000000005,1,2.5
6,B,PREDATOR,349,64.54499999999932,500,33.935999999999545,3,3,96.93999999999988,24.384999999999952,3,2.5
6,B,PREDATOR,350,-12.639999999999988,264,33.935999999999545,337,2,80.85768545994014,42.85000000000023,1,2.5
6,B,PREDATOR,351,-13.03999999999998,304,33.935999999999545,6,2,92.05499999999971,34.42000000000047,0,2.5
6,B,PREDATOR,352,53.78749999999931,432,33.935999999999545,2,2,91.11999999999966,14.320000000000316,4,2.5
6,B,PREDATOR,353,-12.409999999999993,241,33.935999999999545,6,2,89.2699999999996,43.03000000000024,0,2.5
6,B,PREDATOR,354,9.219166666665911,473,33.935999999999545,4,2,91.76499999999969,28.719999999999786,2,2.5
6,B,PREDATOR,355,11.009166666666152,321,33.935999999999545,3,2,95.02999999999982,38.920000000000115,3,2.5
6,B,PREDATOR,356,-12.219999999999997,222,33.935999999999545,337,2,85.94175074183954,46.84000000000016,2,2.5
6,B,PREDATOR,357,448.3724999999967,466,33.935999999999545,337,4,80.07557863501367,23.805000000000234,66,2.5
6,B,PREDATOR,358,-12.659999999999988,266,33.935999999999545,5,2,86.13999999999946,44.200000000000045,1,2.5
6,B,PREDATOR,359,-13.069999999999979,307,33.935999999999545,6,2,90.00999999999964,32.86000000000024,0,2.5
6,B,PREDATOR,360,-12.909999999999982,291,33.935999999999545,6,2,88.67999999999957,33.43000000000055,0,2.5
6,B,PREDATOR,361,-12.53999999999999,254,33.935999999999545,337,2,77.45124629080055,42.370000000000154,0,2.5
6,B,PREDATOR,362,11.80916666666628,322,33.935999999999545,4,2,93.64749999999975,33.430000000000184,2,2.5
6,B,PREDATOR,363,-12.919999999999982,292,33.935999999999545,337,2,81.12213649851577,32.86000000000051,0,2.5
6,B,PREDATOR,364,-12.53999999999999,254,33.935999999999545,4,2,83.46999999999937,47.29124999999996,2,2.5
6,B,PREDATOR,365,-12.179999999999998,218,33.935999999999545,337,2,69.83890207715042,56.60249999999956,2,2.5
6,B,PREDATOR,366,9.45416666666612,328,33.935999999999545,4,2,90.19749999999964,33.43000000000035,2,2.5
6,B,PREDATOR,367,11.750833333332837,317,33.935999999999545,5,2,95.12799999999982,26.41000000000048,1,2.5
6,B,PREDATOR,368,9.405833333332717,376,33.935999999999545,337,2,77.92483679525131,20.38000000000043,1,2.5
6,B,PREDATOR,369,-12.909999999999982,291,33.935999999999545,5,2,88.73199999999957,43.90874999999993,1,2.5
6,B,PREDATOR,370,990.2274999999962,500,33.935999999999545,337,4,86.72065281899071,80.28937499999958,253,2.5
6,B,PREDATOR,371,-13.45999999999997,346,33.935999999999545,2,2,80.88999999999928,40.02750000000006,4,2.5
6,B,PREDATOR,372,97.5091666666645,453,33.935999999999545,3,2,89.83999999999962,15.490000000000439,5,2.5
6,B,PREDATOR,373,-12.639999999999988,264,33.935999999999545,9,2,96.01555555555545,36.970000000000155,0,2.5
6,B,PREDATOR,374,10.854999999999515,381,33.935999999999545,3,2,91.26999999999968,27.580000000000126,10,2.5
6,B,PREDATOR,375,8.0108333333328,313,33.935999999999545,5,2,90.47799999999964,32.44000000000037,1,2.5
6,B,PREDATOR,376,-12.139999999999999,214,33.935999999999545,5,2,93.24999999999974,45.28000000000007,1,2.5
6,B,PREDATOR,377,6.794166666665896,459,33.935999999999545,337,2,84.89237388723917,13.143750000000361,2,2.5
6,B,PREDATOR,378,8.145833333332673,394,33.935999999999545,5,2,92.78799999999973,18.82000000000045,1,2.5
6,B,PREDATOR,379,-12.799999999999985,280,33.935999999999545,5,2,88.04199999999955,40.98375000000018,1,2.5
6,B,PREDATOR,380,-13.03999999999998,304,33.935999999999545,4,2,88.62999999999957,39.580000000000226,2,2.5
6,B,PREDATOR,381,9.048333333332709,378,33.935999999999545,3,2,87.59999999999953,36.64000000000014,3,2.5
6,B,PREDATOR,382,31.836666666666638,416,33.935999999999545,3,2,84.1199999999994,26.703750000000277,3,2.5
6,B,PREDATOR,383,10.463333333332804,328,33.935999999999545,337,2,77.4905637982189,30.490000000000233,1,2.5
6,B,PREDATOR,384,-12.889999999999983,289,33.935999999999545,337,2,80.40050445103797,41.92000000000006,0,2.5
6,B,PREDATOR,385,11.573333333332817,328,33.935999999999545,5,2,90.49599999999964,31.390000000000406,1,2.5
6,B,PREDATOR,386,-12.149999999999999,215,33.935999999999545,5,2,85.87599999999948,45.40000000000015,1,2.5
6,B,PREDATOR,387,-12.499999999999991,250,33.935999999999545,5,2,86.99799999999951,46.359999999999715,1,2.5
6,B,PREDATOR,388,11.23583333333285,301,33.935999999999545,5,2,90.65799999999965,33.43000000000053,1,2.5
6,B,PREDATOR,389,-11.280000000000001,128,33.935999999999545,6,3,95.14499999999983,37.37999999999986,0,2.5
6,B,PREDATOR,390,-12.309999999999995,231,33.935999999999545,337,2,84.43789317507373,51.42999999999974,0,2.5
6,B,PREDATOR,391,8.221666666666186,269,33.935999999999545,4,2,89.73999999999961,45.550000000000004,2,2.5
6,B,PREDATOR,392,-12.839999999999984,284,33.935999999999545,337,2,84.75465875370882,40.990000000000286,1,2.5
6,B,PREDATOR,393,7.897499999999406,346,33.935999999999545,3,2,95.99999999999984,28.57000000000037,3,2.5
6,B,PREDATOR,394,-13.409999999999972,341,33.935999999999545,337,2,84.12364985163103,29.380000000000194,0,2.5
6,B,PREDATOR,395,10.313333333332773,346,33.935999999999545,4,2,92.16249999999971,29.09625000000044,2,2.5
6,B,PREDATOR,396,-12.209999999999997,221,33.935999999999545,5,2,88.88799999999958,41.53000000000026,1,2.5
6,B,PREDATOR,397,-13.359999999999973,336,33.935999999999545,4,2,94.20999999999978,33.310000000000244,2,2.5
6,B,PREDATOR,398,-12.299999999999995,230,33.935999999999545,4,2,86.21499999999948,46.49625000000012,2,2.5
6,B,PREDATOR,399,-12.609999999999989,261,33.935999999999545,4,2,89.63499999999961,42.879999999999974,2,2.5
6,B,PREDATOR,400,7.68583333333296,377,33.935999999999545,5,2,93.02799999999974,25.060000000000265,1,2.5
6,B,PREDATOR,401,-12.709999999999987,271,33.935999999999545,5,2,94.01799999999977,39.018750000000175,1,2.5
6,B,PREDATOR,402,-12.489999999999991,249,33.935999999999545,5,2,87.71199999999953,44.29000000000009,1,2.5
6,B,PREDATOR,403,-13.109999999999978,311,33.935999999999545,5,3,92.49999999999972,10.033333333333559,1,2.5
6,B,PREDATOR,404,-12.269999999999996,227,33.935999999999545,337,2,86.25418397626073,49.6599999999999,1,2.5
6,B,PREDATOR,405,-12.419999999999993,242,33.935999999999545,5,2,89.4339999999996,45.34875000000008,1,2.5
6,B,PREDATOR,406,1657.5824999999754,500,33.935999999999545,337,3,79.68495548961313,38.40000000000018,74,2.5
6,B,PREDATOR,407,-13.50999999999997,351,33.935999999999545,337,2,85.89344213649754,36.580000000000126,1,2.5
6,B,PREDATOR,408,-12.279999999999996,228,33.935999999999545,6,2,89.72499999999961,41.440000000000325,0,2.5
6,B,PREDATOR,409,-12.739999999999986,274,33.935999999999545,5,2,89.14599999999959,32.59000000000046,1,2.5
6,B,PREDATOR,410,-12.509999999999991,251,33.935999999999545,5,2,87.81999999999954,39.73125000000029,1,2.5
6,B,PREDATOR,411,-11.65,165,33.935999999999545,5,3,93.93399999999977,37.735833333333524,1,2.5
6,B,PREDATOR,412,-12.55999999999999,256,33.935999999999545,6,2,85.06499999999943,28.780000000000445,0,2.5
6,B,PREDATOR,413,-12.159999999999998,216,33.935999999999545,5,2,88.61199999999958,45.97000000000014,1,2.5
6,B,PREDATOR,414,-12.129999999999999,213,33.935999999999545,6,2,87.91999999999955,39.64000000000038,0,2.5
6,B,PREDATOR,415,-12.959999999999981,296,33.935999999999545,5,2,92.0139999999997,38.680000000000206,1,2.5
6,B,PREDATOR,416,-13.03999999999998,304,33.935999999999545,5,2,93.47799999999975,32.8000000000005,1,2.5
6,B,PREDATOR,417,-12.53999999999999,254,33.935999999999545,6,2,86.7949999999995,42.670000000000186,0,2.5
6,B,PREDATOR,418,-13.00999999999998,301,33.935999999999545,337,2,74.22020771513255,48.579999999999615,1,2.5
6,B,PREDATOR,419,30.745833333332968,419,33.935999999999545,3,2,90.73999999999965,19.60500000000026,3,2.5
6,B,PREDATOR,420,-12.939999999999982,294,33.935999999999545,5,2,89.03799999999958,44.56124999999993,1,2.5
6,B,PREDATOR,421,-12.209999999999997,221,33.935999999999545,146,2,80.69869863013695,44.980000000000125,0,2.5
6,B,PREDATOR,422,-12.349999999999994,235,33.935999999999545,6,2,91.02999999999967,48.6999999999999,0,2.5
6,B,PREDATOR,423,-12.58999999999999,259,33.935999999999545,4,2,94.5399999999998,39.25000000000024,2,2.5
6,B,PREDATOR,424,4.04333333333312,358,33.935999999999545,5,2,88.04199999999955,28.9900000000003,1,2.5
6,B,PREDATOR,425,-12.189999999999998,219,33.935999999999545,6,2,92.57499999999972,46.720000000000056,0,2.5
6,B,PREDATOR,426,11.349999999999623,354,33.935999999999545,3,2,88.42999999999957,32.213750000000346,3,2.5
6,B,PREDATOR,427,30.677500000000457,424,33.935999999999545,4,2,91.02999999999966,17.620000000000243,2,2.5
6,B,PREDATOR,428,66.98499999999892,500,33.935999999999545,337,3,82.62394658753591,19.105000000000473,3,2.5
6,B,PREDATOR,429,33.067500000000116,398,33.935999999999545,4,2,88.26249999999956,20.740000000000382,2,2.5
6,B,PREDATOR,430,8.746666666665943,446,33.935999999999545,4,2,89.38749999999959,23.020000000000046,2,2.5
6,B,PREDATOR,431,-13.439999999999971,344,33.935999999999545,6,2,93.49499999999976,36.82000000000007,0,2.5
6,B,PREDATOR,432,-12.959999999999981,296,33.935999999999545,6,2,94.02999999999979,40.63000000000012,0,2.5
6,B,PREDATOR,433,180.2041666666666,500,33.935999999999545,337,6,79.88783382789204,35.01666666666652,80,2.5
6,B,PREDATOR,434,-13.03999999999998,304,33.935999999999545,6,2,91.41999999999967,36.670000000000314,0,2.5
6,B,PREDATOR,435,-12.959999999999981,296,33.935999999999545,119,2,85.62537815126049,33.28000000000014,0,2.5
6,B,PREDATOR,436,8.899999999999535,347,33.935999999999545,3,2,93.41999999999975,41.34374999999973,3,2.5
6,B,PREDATOR,437,-13.98999999999996,399,33.935999999999545,337,2,74.50709198812962,33.04000000000012,1,2.5
6,B,PREDATOR,438,-11.950000000000001,195,33.935999999999545,3,3,92.93999999999973,38.210000000000214,3,2.5
6,B,PREDATOR,439,-13.739999999999965,374,33.935999999999545,6,2,89.4399999999996,29.47000000000036,0,2.5
6,B,PREDATOR,440,-12.709999999999987,271,33.935999999999545,5,2,88.02399999999955,46.629999999999846,1,2.5
6,B,PREDATOR,441,212.02666666666585,500,33.935999999999545,337,3,79.17385756676427,36.56000000000014,9,2.5
6,B,PREDATOR,442,-13.789999999999964,379,33.935999999999545,337,2,86.5217210682481,29.793750000000195,1,2.5
6,B,PREDATOR,443,9.495833333332618,448,33.935999999999545,337,2,78.43367952522152,19.030000000000022,2,2.5
6,B,PREDATOR,444,178.68916666666763,500,33.935999999999545,337,3,80.5013056379809,19.768333333333604,9,2.5
6,B,PREDATOR,445,-12.97999999999998,298,33.935999999999545,337,3,75.73637982195778,13.83333333333315,2,2.5
6,B,PREDATOR,446,-13.52999999999997,353,33.935999999999545,337,2,79.89545994065193,35.020000000000124,1,2.5
6,B,PREDATOR,447,11.990833333332874,293,33.935999999999545,5,3,92.2239999999997,12.90000000000027,1,2.5
6,B,PREDATOR,448,-12.889999999999983,289,33.935999999999545,337,2,83.4613649851627,42.900000000000155,2,2.5
6,B,PREDATOR,449,-12.359999999999994,236,33.935999999999545,5,2,94.7739999999998,35.98000000000038,1,2.5
6,B,PREDATOR,450,31.482499999999973,453,33.935999999999545,4,2,88.55499999999957,12.640000000000413,2,2.5
6,B,PREDATOR,451,-12.879999999999983,288,33.935999999999545,337,2,85.48979228486623,34.990000000000265,0,2.5
6,B,PREDATOR,452,10.928333333332775,352,33.935999999999545,337,2,77.47394658753645,38.25999999999996,1,2.5
6,B,PREDATOR,453,8.95499999999961,412,33.935999999999545,337,2,88.43142433234317,17.260000000000417,1,2.5
6,B,PREDATOR,454,-13.159999999999977,316,33.935999999999545,4,2,90.86499999999965,30.370000000000378,2,2.5
6,B,PREDATOR,455,-12.789999999999985,279,33.935999999999545,6,2,88.35999999999956,38.92000000000025,0,2.5
6,B,PREDATOR,456,-12.509999999999991,251,33.935999999999545,5,2,90.48999999999964,45.28,1,2.5
6,B,PREDATOR,457,-12.689999999999987,269,33.935999999999545,5,2,94.45599999999979,42.76000000000012,1,2.5
6,B,PREDATOR,458,-12.12,212,33.935999999999545,6,2,87.91999999999955,44.11000000000011,0,2.5
6,B,PREDATOR,459,-13.239999999999975,324,33.935999999999545,4,2,88.20999999999955,48.663749999999524,2,2.5
6,B,PREDATOR,460,-12.489999999999991,249,33.935999999999545,5,3,89.83599999999963,13.253333333333552,1,2.5
6,B,PREDATOR,461,-12.239999999999997,224,33.935999999999545,5,2,86.42799999999949,49.479999999999905,1,2.5
6,B,PREDATOR,462,187.58500000000075,500,33.935999999999545,337,3,83.08261127596322,22.031666666666748,9,2.5
6,B,PREDATOR,463,7.79416666666606,353,33.935999999999545,4,2,90.72249999999966,26.992500000000202,2,2.5
6,B,PREDATOR,464,-12.409999999999993,241,33.935999999999545,6,2,86.35999999999949,37.180000000000334,0,2.5
6,B,PREDATOR,465,-12.709999999999987,271,33.935999999999545,337,2,85.43163204747741,49.56999999999974,1,2.5
6,B,PREDATOR,466,-13.739999999999965,374,33.935999999999545,5,2,93.66399999999976,28.710000000000065,1,2.5
6,B,PREDATOR,467,10.218333333332739,369,33.935999999999545,337,2,78.18777448071117,27.543750000000227,2,2.5
6,B,PREDATOR,468,9.788333333332718,382,33.935999999999545,5,2,90.86799999999965,27.31000000000037,1,2.5
6,B,PREDATOR,469,-13.159999999999977,316,33.935999999999545,337,2,82.19925816023652,40.060000000000116,1,2.5
6,B,PREDATOR,470,-12.169999999999998,217,33.935999999999545,5,2,87.27399999999952,50.59,1,2.5
6,B,PREDATOR,471,1067.0099999999977,500,33.935999999999545,337,3,82.76839762611169,41.42000000000014,46,2.5
6,B,PREDATOR,472,-12.489999999999991,249,33.935999999999545,6,2,84.85499999999944,38.320000000000306,0,2.5
6,B,PREDATOR,473,-12.98999999999998,299,33.935999999999545,6,2,87.82999999999954,41.32000000000003,0,2.5
6,B,PREDATOR,474,1317.8999999999942,500,33.935999999999545,337,3,80.92225519287716,41.999999999999986,62,2.5
6,B,PREDATOR,475,59.502499999999955,500,33.935999999999545,1,3,95.67999999999984,22.177500000000162,5,2.5
6,B,PREDATOR,476,-13.259999999999975,326,33.935999999999545,4,2,93.12999999999974,35.32000000000014,2,2.5
6,B,PREDATOR,477,10.626666666666162,393,33.935999999999545,4,2,89.7024999999996,30.370000000000232,2,2.5
6,B,PREDATOR,478,5770.641666666635,500,33.935999999999545,337,3,82.21284866468743,39.90000000000021,253,2.5
6,B,PREDATOR,479,38.58250000000061,500,33.935999999999545,4,3,90.21999999999963,9.020000000000051,2,2.5
6,B,PREDATOR,480,-12.55999999999999,256,33.935999999999545,5,2,92.0979999999997,45.821250000000035,1,2.5
6,B,PREDATOR,481,7.549166666666013,436,33.935999999999545,4,2,91.9299999999997,17.29000000000036,2,2.5
6,B,PREDATOR,482,-13.109999999999978,311,33.935999999999545,337,2,81.5047181008897,33.731250000000145,1,2.5
6,B,PREDATOR,483,-12.98999999999998,299,33.935999999999545,337,2,79.18062314539966,40.4200000000001,0,2.5
6,B,PREDATOR,484,-12.209999999999997,221,33.935999999999545,4,2,89.6274999999996,52.49999999999983,2,2.5
6,B,PREDATOR,485,-13.159999999999977,316,33.935999999999545,4,2,88.77999999999957,36.64000000000015,2,2.5
6,B,PREDATOR,486,-12.209999999999997,221,33.935999999999545,337,2,77.5774480712159,44.08000000000011,0,2.5
6,B,PREDATOR,487,9.10583333333283,295,33.935999999999545,5,2,87.27399999999952,31.000000000000302,1,2.5
6,B,PREDATOR,488,19.650833333332546,500,33.935999999999545,5,3,90.46599999999964,4.860000000000123,1,2.5
6,B,PREDATOR,489,-13.259999999999975,326,33.935999999999545,5,2,93.63999999999976,35.020000000000394,1,2.5
6,B,PREDATOR,490,33.062500000000426,385,33.935999999999545,4,2,89.4099999999996,26.800000000000267,2,2.5
6,B,PREDATOR,491,-13.399999999999972,340,33.935999999999545,337,2,88.66519287833717,26.50000000000046,0,2.5
6,B,PREDATOR,492,-12.789999999999985,279,33.935999999999545,337,2,89.88988130563774,42.22000000000006,0,2.5
6,B,PREDATOR,493,-12.639999999999988,264,33.935999999999545,337,2,76.28949554896072,32.77000000000045,0,2.5
6,B,PREDATOR,494,-12.329999999999995,233,33.935999999999545,4,2,91.14249999999967,45.76000000000014,2,2.5
6,B,PREDATOR,495,-13.04999999999998,305,33.935999999999545,5,2,91.23399999999967,43.32374999999996,1,2.5
6,B,PREDATOR,496,-12.199999999999998,220,33.935999999999545,5,2,88.44999999999956,54.90749999999966,1,2.5
6,B,PREDATOR,497,-12.709999999999987,271,33.935999999999545,6,2,84.1399999999994,41.08000000000021,0,2.5
6,B,PREDATOR,498,7.2508333333327055,362,33.935999999999545,5,2,91.07199999999966,25.210000000000473,1,2.5
6,B,PREDATOR,499,232.1191666666677,500,33.935999999999545,337,3,77.84341246290668,25.538333333333387,11,2.5
6,B,PREDATOR,500,-13.789999999999964,379,33.935999999999545,4,2,87.91749999999954,36.91000000000004,2,2.5
7,A,PREY,1,1424.580000000004,500,412.8329999999986,338,2,81.93653846153737,64.32374999999968,10,61.0
7,A,PREY,2,2424.329999999988,500,412.8329999999986,6,2,93.33999999999975,22.706249999999706,1,61.0
7,A,PREY,3,1864.4700000000046,500,412.8329999999986,6,2,91.27999999999967,17.01999999999978,1,61.0
7,A,PREY,4,1864.9700000000046,500,412.8329999999986,338,2,77.19713017751404,14.294999999999824,1,61.0
7,A,PREY,5,2264.369999999992,500,412.8329999999986,7,2,90.7728571428568,19.89999999999996,0,61.0
7,A,PREY,6,2264.3699999999944,500,412.8329999999986,7,2,91.56142857142825,16.599999999999852,0,61.0
7,A,PREY,7,2304.3599999999947,500,412.8329999999986,6,2,95.62999999999984,18.38624999999962,1,61.0
7,A,PREY,8,2304.359999999992,500,412.8329999999986,7,2,89.21285714285673,12.099999999999877,0,61.0
7,A,PREY,9,2424.3299999999927,500,412.8329999999986,7,2,94.41999999999977,12.699999999999886,0,61.0
7,A,PREY,10,2024.4300000000044,500,412.8329999999986,338,2,84.80322485207037,59.85999999999996,160,61.0
7,A,PREY,11,2584.2899999999736,500,412.8329999999986,4,2,91.30749999999966,34.271249999999625,3,61.0
7,A,PREY,12,2544.2999999999765,500,412.8329999999986,338,2,79.12692307692187,19.449999999999942,0,61.0
7,A,PREY,13,2424.3299999999826,500,412.8329999999986,338,2,88.3942603550286,57.39999999999981,15,61.0
7,A,PREY,14,2504.3099999999786,500,412.8329999999986,338,2,77.26369822485077,36.248749999999376,2,61.0
7,A,PREY,15,1113.2000000000014,150,412.8329999999986,5,2,89.1159999999996,82.59999999999967,2,61.0
7,A,PREY,16,3304.1099999999756,500,412.8329999999986,338,2,85.36473372780982,57.60999999999984,64,61.0
7,A,PREY,17,3264.119999999971,500,412.8329999999986,7,2,93.12571428571403,11.649999999999864,0,61.0
7,A,PREY,18,3144.1499999999637,500,412.8329999999986,338,2,83.02923076922976,59.97999999999996,29,61.0
7,A,PREY,19,3104.1599999999785,500,412.8329999999986,6,2,94.19499999999978,21.247499999999732,1,61.0
7,A,PREY,20,1050.2600000000018,195,412.8329999999986,5,2,88.94199999999958,73.39249999999933,2,61.0
7,A,PREY,21,1414.7600000000018,186,412.8329999999986,337,2,87.85097922848632,69.17999999999952,1,61.0
7,A,PREY,22,3144.149999999975,500,412.8329999999986,338,2,82.00834319526531,58.74999999999988,53,61.0
7,A,PREY,23,3903.9599999999464,500,412.8329999999986,6,2,92.75499999999973,24.30999999999976,1,61.0
7,A,PREY,24,3309.1099999999637,500,412.8329999999986,338,2,78.35825443786888,40.631249999999625,3,61.0
7,A,PREY,25,4143.899999999962,500,412.8329999999986,2,2,99.21999999999997,45.333749999999334,26,61.0
7,A,PREY,26,3504.059999999965,500,412.8329999999986,338,2,82.9011538461534,25.22999999999962,1,61.0
7,A,PREY,27,4103.909999999959,500,412.8329999999986,7,2,93.4728571428569,18.999999999999922,0,61.0
7,A,PREY,28,4423.82999999995,500,412.8329999999986,7,2,92.85999999999974,18.549999999999883,0,61.0
7,A,PREY,29,4263.869999999969,500,412.8329999999986,6,2,96.06999999999987,25.586249999999545,1,61.0
7,A,PREY,30,3783.9899999999707,500,412.8329999999986,7,2,94.15857142857121,13.749999999999938,0,61.0
7,A,PREY,31,4623.779999999947,500,412.8329999999986,6,2,92.79999999999973,24.27999999999992,1,61.0
7,A,PREY,32,4023.929999999971,500,412.8329999999986,7,2,92.22571428571398,11.649999999999848,0,61.0
7,A,PREY,33,4263.869999999961,500,412.8329999999986,5,2,92.60799999999972,22.659999999999872,2,61.0
7,A,PREY,34,4343.849999999956,500,412.8329999999986,7,2,91.49285714285682,19.299999999999873,0,61.0
7,A,PREY,35,4463.819999999949,500,412.8329999999986,7,2,92.04571428571398,11.799999999999963,0,61.0
7,A,PREY,36,4623.779999999954,500,412.8329999999986,338,2,83.50144970414104,64.41999999999959,23,61.0
7,A,PREY,37,4703.7599999999575,500,412.8329999999986,7,2,93.06999999999974,19.599999999999955,0,61.0
7,A,PREY,38,1617.7700000000016,180,412.8329999999986,74,2,79.25635135135131,71.63249999999944,1,61.0
7,A,PREY,39,5183.639999999944,500,412.8329999999986,7,2,93.99999999999977,13.89999999999984,0,61.0
7,A,PREY,40,67.43,5,412.8329999999986,6,2,99.01999999999997,91.44999999999999,1,61.0
7,A,PREY,41,4543.799999999958,500,412.8329999999986,5,2,95.79999999999984,34.08124999999965,2,61.0
7,A,PREY,42,4823.729999999955,500,412.8329999999986,6,2,96.24999999999984,16.929999999999886,1,61.0
7,A,PREY,43,4623.779999999962,500,412.8329999999986,338,2,84.34443786982176,94.3599999999998,97,61.0
7,A,PREY,44,5183.639999999949,500,412.8329999999986,338,2,82.13331360946646,60.549999999999976,21,61.0
7,A,PREY,45,5583.53999999994,500,412.8329999999986,7,2,89.60285714285673,18.099999999999913,0,61.0
7,A,PREY,46,5503.559999999943,500,412.8329999999986,6,2,91.86499999999968,21.716249999999658,1,61.0
7,A,PREY,47,294.11000000000024,31,412.8329999999986,3,2,93.29999999999974,96.21999999999998,4,61.0
7,A,PREY,48,4823.729999999948,500,412.8329999999986,6,2,91.04999999999966,25.346250000000108,1,61.0
7,A,PREY,49,5823.479999999933,500,412.8329999999986,6,2,90.01999999999963,21.969999999999644,1,61.0
7,A,PREY,50,5903.459999999934,500,412.8329999999986,7,2,92.28999999999971,16.449999999999847,0,61.0
7,A,PREY,51,5383.589999999937,500,412.8329999999986,7,2,89.6757142857139,19.29999999999994,0,61.0
7,A,PREY,52,5943.449999999931,500,412.8329999999986,5,2,95.15199999999982,28.059999999999803,2,61.0
7,A,PREY,53,6063.419999999934,500,412.8329999999986,338,2,78.94860946745435,59.094999999999125,4,61.0
7,A,PREY,54,5023.679999999947,500,412.8329999999986,338,2,82.57426035502866,95.97999999999985,62,61.0
7,A,PREY,55,4863.719999999955,500,412.8329999999986,7,2,92.37999999999973,1.74999999999977,0,61.0
7,A,PREY,56,483.86000000000047,51,412.8329999999986,4,2,90.05499999999962,92.01999999999997,3,61.0
7,A,PREY,57,6983.189999999922,500,412.8329999999986,6,2,91.26499999999966,25.17999999999962,2,61.0
7,A,PREY,58,6143.399999999935,500,412.8329999999986,338,2,80.27600591715868,57.84999999999993,35,61.0
7,A,PREY,59,5745.499999999951,500,412.8329999999986,338,2,85.99023668638966,57.45999999999988,53,61.0
7,A,PREY,60,6223.379999999925,500,412.8329999999986,7,2,93.08714285714258,11.199999999999866,0,61.0
7,A,PREY,61,6463.319999999926,500,412.8329999999986,7,2,93.25857142857117,6.549999999999818,0,61.0
7,A,PREY,62,6663.269999999923,500,412.8329999999986,5,2,94.7919999999998,26.57999999999981,2,61.0
7,A,PREY,63,5863.46999999994,500,412.8329999999986,338,2,77.74053254437786,61.17999999999995,31,61.0
7,A,PREY,64,6503.309999999926,500,412.8329999999986,6,2,93.75499999999977,17.979999999999798,1,61.0
7,A,PREY,65,5863.469999999939,500,412.8329999999986,5,2,92.88399999999973,34.23999999999957,2,61.0
7,A,PREY,66,2092.5499999999997,190,412.8329999999986,6,2,91.29499999999966,70.13249999999945,1,61.0
7,A,PREY,67,6343.3499999999285,500,412.8329999999986,7,2,94.43285714285693,9.399999999999832,0,61.0
7,A,PREY,68,6823.229999999924,500,412.8329999999986,338,2,84.67065088757343,100.0,388,61.0
7,A,PREY,69,7183.139999999914,500,412.8329999999986,338,2,76.60748520709924,71.2099999999996,8,61.0
7,A,PREY,70,6343.349999999926,500,412.8329999999986,7,2,93.01857142857116,11.49999999999984,0,61.0
7,A,PREY,71,7143.149999999933,500,412.8329999999986,338,2,84.85298816567992,51.69999999999989,167,61.0
7,A,PREY,72,6543.299999999932,500,412.8329999999986,338,2,84.3946745562121,61.53999999999991,65,61.0
7,A,PREY,73,6743.249999999923,500,412.8329999999986,7,2,92.9971428571426,11.34999999999987,0,61.0
7,A,PREY,74,6463.3199999999315,500,412.8329999999986,6,2,94.49499999999979,25.209999999999596,1,61.0
7,A,PREY,75,6943.199999999922,500,412.8329999999986,3,2,93.36999999999973,34.5099999999996,4,61.0
7,A,PREY,76,6983.189999999926,500,412.8329999999986,338,2,84.01979289940752,57.24999999999993,293,61.0
7,A,PREY,77,2683.7299999999955,207,412.8329999999986,6,2,87.13999999999952,65.12624999999954,1,61.0
7,A,PREY,78,7423.079999999915,500,412.8329999999986,6,2,94.33999999999979,15.824999999999694,1,61.0
7,A,PREY,79,7303.109999999916,500,412.8329999999986,4,2,94.5999999999998,31.149999999999736,3,61.0
7,A,PREY,80,6863.219999999919,500,412.8329999999986,6,2,93.83499999999977,24.66999999999979,1,61.0
7,A,PREY,81,6423.32999999994,500,412.8329999999986,6,2,93.46999999999976,32.85000000000007,1,61.0
7,A,PREY,82,8022.929999999909,500,412.8329999999986,7,2,93.93999999999978,16.149999999999885,0,61.0
7,A,PREY,83,8182.889999999909,500,412.8329999999986,338,2,84.58967455621237,100.0,287,61.0
7,A,PREY,84,6623.27999999993,500,412.8329999999986,5,2,95.06799999999983,24.72999999999984,2,61.0
7,A,PREY,85,7543.049999999923,500,412.8329999999986,338,2,85.26201183431878,74.56749999999974,91,61.0
7,A,PREY,86,7303.109999999926,500,412.8329999999986,338,2,80.85695266272089,58.44999999999993,82,61.0
7,A,PREY,87,7383.089999999926,500,412.8329999999986,5,2,91.14399999999966,38.684999999999405,2,61.0
7,A,PREY,88,8542.799999999905,500,412.8329999999986,6,2,94.64999999999979,28.32999999999975,1,61.0
7,A,PREY,89,7543.049999999918,500,412.8329999999986,6,2,91.65999999999968,20.433749999999886,1,61.0
7,A,PREY,90,6703.259999999937,500,412.8329999999986,7,2,94.44571428571408,13.899999999999835,0,61.0
7,A,PREY,91,8142.899999999908,500,412.8329999999986,5,2,92.2659999999997,15.71624999999977,2,61.0
7,A,PREY,92,8022.9299999999075,500,412.8329999999986,6,2,96.63999999999987,21.489999999999796,1,61.0
7,A,PREY,93,7423.079999999926,500,412.8329999999986,338,2,86.39627218934865,60.39999999999991,167,61.0
7,A,PREY,94,6423.329999999936,500,412.8329999999986,338,2,80.58423076922969,99.15999999999997,67,61.0
7,A,PREY,95,7343.099999999926,500,412.8329999999986,338,2,87.30420118343163,26.91999999999984,1,61.0
7,A,PREY,96,21.32000000000003,17,412.8329999999986,6,2,95.99499999999985,89.67999999999998,1,61.0
7,A,PREY,97,7982.939999999914,500,412.8329999999986,6,2,93.89499999999977,19.179999999999637,1,61.0
7,A,PREY,98,4187.539999999983,238,412.8329999999986,4,2,89.79249999999962,74.44374999999911,3,61.0
7,A,PREY,99,8942.699999999899,500,412.8329999999986,7,2,91.75428571428542,8.349999999999843,0,61.0
7,A,PREY,100,8942.699999999903,500,412.8329999999986,5,2,92.34999999999971,24.378749999999773,2,61.0
7,A,PREY,101,22.340000000000032,15,412.8329999999986,6,2,96.36999999999985,90.24999999999997,1,61.0
7,A,PREY,102,7503.059999999931,500,412.8329999999986,338,2,86.19704142011786,60.39999999999998,188,61.0
7,A,PREY,103,8742.749999999905,500,412.8329999999986,338,18,85.37816568047295,56.754722222222135,307,61.0
7,A,PREY,104,8942.699999999906,500,412.8329999999986,5,2,92.61999999999972,24.54999999999973,2,61.0
7,A,PREY,105,8342.849999999915,500,412.8329999999986,7,2,95.64999999999984,11.19999999999984,0,61.0
7,A,PREY,106,9102.659999999902,500,412.8329999999986,8,2,94.01124999999976,16.749999999999865,0,61.0
7,A,PREY,107,9902.459999999897,500,412.8329999999986,338,2,84.53810650887502,64.3299999999999,101,61.0
7,A,PREY,108,8102.9099999999235,500,412.8329999999986,6,2,90.96999999999967,19.359999999999907,1,61.0
7,A,PREY,109,22.85000000000003,14,412.8329999999986,6,2,96.48999999999988,89.85999999999999,1,61.0
7,A,PREY,110,7982.939999999923,500,412.8329999999986,5,2,94.14399999999978,28.406249999999808,3,61.0
7,A,PREY,111,9182.639999999908,500,412.8329999999986,338,2,84.07352071005826,91.14999999999972,43,61.0
7,A,PREY,112,8302.859999999913,500,412.8329999999986,6,2,94.29999999999978,25.844999999999764,1,61.0
7,A,PREY,113,9142.649999999901,500,412.8329999999986,7,2,91.91285714285684,16.749999999999922,0,61.0
7,A,PREY,114,9062.6699999999,500,412.8329999999986,7,2,94.52714285714264,18.39999999999992,0,61.0
7,A,PREY,115,8822.729999999916,500,412.8329999999986,6,2,92.5349999999997,22.263749999999796,1,61.0
7,A,PREY,116,9742.499999999893,500,412.8329999999986,5,2,91.41399999999967,21.21999999999992,2,61.0
7,A,PREY,117,9502.559999999898,500,412.8329999999986,338,2,83.02375739644923,14.199999999999882,0,61.0
7,A,PREY,118,9822.479999999901,500,412.8329999999986,6,2,92.14999999999971,26.71124999999973,1,61.0
7,A,PREY,119,105.88999999999999,8,412.8329999999986,5,2,98.10999999999993,98.53,2,61.0
7,A,PREY,120,9622.529999999897,500,412.8329999999986,338,2,86.58745562130107,91.08999999999972,131,61.0
7,A,PREY,121,9982.439999999893,500,412.8329999999986,5,2,90.91599999999967,27.39999999999964,2,61.0
7,A,PREY,122,9502.559999999901,500,412.8329999999986,7,2,89.22999999999959,15.699999999999907,0,61.0
7,A,PREY,123,10142.399999999894,500,412.8329999999986,6,2,92.53499999999973,28.48499999999984,1,61.0
7,A,PREY,124,343.79000000000013,12,412.8329999999986,6,2,97.2799999999999,89.97999999999999,1,61.0
7,A,PREY,125,9822.479999999892,500,412.8329999999986,7,2,93.31428571428546,21.99999999999989,0,61.0
7,A,PREY,126,10222.379999999894,500,412.8329999999986,7,2,94.2742857142855,12.099999999999863,0,61.0
7,A,PREY,127,10702.259999999886,500,412.8329999999986,338,2,84.50065088757309,60.84999999999998,75,61.0
7,A,PREY,128,8622.779999999913,500,412.8329999999986,338,2,82.98183431952563,94.74999999999983,62,61.0
7,A,PREY,129,9702.5099999999,500,412.8329999999986,6,2,91.19999999999966,26.37999999999974,1,61.0
7,A,PREY,130,9582.539999999908,500,412.8329999999986,5,2,91.52799999999968,35.63374999999945,2,61.0
7,A,PREY,131,10782.239999999885,500,412.8329999999986,5,2,92.66199999999972,35.58124999999923,2,61.0
7,A,PREY,132,1354.9700000000007,68,412.8329999999986,6,2,87.25999999999952,85.65749999999971,1,61.0
7,A,PREY,133,10022.429999999893,500,412.8329999999986,7,2,94.97285714285695,20.499999999999954,0,61.0
7,A,PREY,134,9982.439999999895,500,412.8329999999986,7,2,93.00571428571402,13.599999999999934,0,61.0
7,A,PREY,135,9622.52999999991,500,412.8329999999986,338,2,84.47659763313519,58.569999999999915,55,61.0
7,A,PREY,136,10622.279999999886,500,412.8329999999986,6,2,91.8199999999997,29.349999999999618,1,61.0
7,A,PREY,137,10102.409999999896,500,412.8329999999986,338,2,80.4085502958572,14.049999999999892,0,61.0
7,A,PREY,138,10342.34999999989,500,412.8329999999986,338,2,84.89588757396368,59.559999999999874,102,61.0
7,A,PREY,139,9742.499999999905,500,412.8329999999986,7,2,92.25999999999972,19.749999999999908,0,61.0
7,A,PREY,140,457.13000000000017,25,412.8329999999986,11,2,95.83363636363627,89.19999999999996,2,61.0
7,A,PREY,141,10022.429999999902,500,412.8329999999986,6,2,94.21999999999979,19.316249999999815,1,61.0
7,A,PREY,142,11622.029999999882,500,412.8329999999986,6,2,95.74999999999984,22.683749999999797,1,61.0
7,A,PREY,143,10702.259999999887,500,412.8329999999986,338,2,84.96343195266188,59.04999999999997,74,61.0
7,A,PREY,144,10542.299999999888,500,412.8329999999986,338,2,74.30121301775003,13.59999999999987,0,61.0
7,A,PREY,145,9062.669999999915,500,412.8329999999986,7,2,91.85714285714255,5.499999999999834,0,61.0
7,A,PREY,146,8582.78999999991,500,412.8329999999986,338,2,86.59230769230682,60.54999999999993,73,61.0
7,A,PREY,147,11062.169999999884,500,412.8329999999986,5,2,92.61999999999973,31.53499999999964,2,61.0
7,A,PREY,148,9982.4399999999,500,412.8329999999986,338,2,85.97488165680436,5.04999999999989,0,61.0
7,A,PREY,149,10942.199999999884,500,412.8329999999986,7,2,96.0271428571427,10.749999999999865,0,61.0
7,A,PREY,150,11222.129999999886,500,412.8329999999986,6,2,92.56999999999971,21.412499999999714,1,61.0
7,A,PREY,151,10662.269999999891,500,412.8329999999986,5,2,93.28599999999975,28.91249999999974,2,61.0
7,A,PREY,152,11062.169999999882,500,412.8329999999986,338,2,79.78183431952603,20.199999999999903,0,61.0
7,A,PREY,153,11142.149999999885,500,412.8329999999986,5,2,97.0119999999999,16.44999999999993,2,61.0
7,A,PREY,154,10382.33999999989,500,412.8329999999986,6,2,90.83999999999965,22.959999999999717,1,61.0
7,A,PREY,155,9582.539999999914,500,412.8329999999986,338,2,80.80541420118246,60.408749999999685,73,61.0
7,A,PREY,156,-10.51,1,412.8329999999986,6,2,100.0,92.28999999999999,1,61.0
7,A,PREY,157,11182.139999999881,500,412.8329999999986,338,2,77.6783727810638,43.55499999999912,3,61.0
7,A,PREY,158,10582.289999999899,500,412.8329999999986,5,2,94.5879999999998,27.08999999999996,2,61.0
7,A,PREY,159,10862.219999999896,500,412.8329999999986,6,2,91.60499999999968,12.326249999999751,1,61.0
7,A,PREY,160,10662.269999999893,500,412.8329999999986,6,2,93.54499999999975,25.21499999999972,1,61.0
7,A,PREY,161,10782.239999999896,500,412.8329999999986,5,2,89.25399999999959,24.098749999999747,2,61.0
7,A,PREY,162,11142.14999999989,500,412.8329999999986,338,2,79.10807692307564,22.031249999999773,1,61.0
7,A,PREY,163,10542.299999999901,500,412.8329999999986,338,2,82.07588757396344,62.40999999999986,23,61.0
7,A,PREY,164,12021.929999999878,500,412.8329999999986,7,2,91.81428571428539,22.449999999999886,0,61.0
7,A,PREY,165,11582.03999999988,500,412.8329999999986,7,2,92.1742857142854,7.749999999999856,0,61.0
7,A,PREY,166,341.7500000000001,16,412.8329999999986,6,2,96.32499999999986,89.73999999999998,1,61.0
7,A,PREY,167,10382.339999999904,500,412.8329999999986,6,2,94.06999999999978,24.296249999999787,1,61.0
7,A,PREY,168,12181.889999999878,500,412.8329999999986,7,2,90.42571428571391,16.299999999999883,0,61.0
7,A,PREY,169,11622.02999999988,500,412.8329999999986,338,2,85.7932248520703,93.15999999999974,131,61.0
7,A,PREY,170,10662.2699999999,500,412.8329999999986,338,2,83.51334319526546,57.30999999999994,97,61.0
7,A,PREY,171,10582.289999999899,500,412.8329999999986,338,2,85.90573964496983,97.4799999999999,151,61.0
7,A,PREY,172,11901.959999999886,500,412.8329999999986,5,2,95.70399999999984,25.47999999999979,2,61.0
7,A,PREY,173,11662.01999999989,500,412.8329999999986,6,2,96.44999999999986,19.800000000000004,1,61.0
7,A,PREY,174,11901.95999999989,500,412.8329999999986,4,2,95.91999999999985,27.72999999999979,3,61.0
7,A,PREY,175,11502.05999999989,500,412.8329999999986,6,2,92.37999999999971,24.6399999999999,1,61.0
7,A,PREY,176,11542.049999999888,500,412.8329999999986,6,2,94.91499999999981,24.86249999999962,1,61.0
7,A,PREY,177,4961.119999999983,211,412.8329999999986,6,2,90.59499999999964,59.57999999999964,1,61.0
7,A,PREY,178,11861.969999999888,500,412.8329999999986,7,2,96.43857142857131,22.899999999999903,0,61.0
7,A,PREY,179,11142.149999999896,500,412.8329999999986,78,2,82.68487179487177,22.989999999999835,2,61.0
7,A,PREY,180,11941.949999999886,500,412.8329999999986,6,2,93.96499999999976,20.744999999999997,1,61.0
7,A,PREY,181,10062.4199999999,500,412.8329999999986,338,2,83.4896745562121,61.53999999999993,46,61.0
7,A,PREY,182,10902.209999999897,500,412.8329999999986,6,2,91.66499999999968,25.90499999999983,1,61.0
7,A,PREY,183,12941.699999999875,500,412.8329999999986,338,2,88.71908284023658,14.148749999999737,1,61.0
7,A,PREY,184,11262.119999999895,500,412.8329999999986,6,2,88.88499999999958,21.339999999999918,1,61.0
7,A,PREY,185,11222.129999999896,500,412.8329999999986,6,2,93.45999999999975,31.27124999999998,1,61.0
7,A,PREY,186,11821.97999999988,500,412.8329999999986,338,5,85.12721893491047,66.59849999999975,105,61.0
7,A,PREY,187,9824.979999999907,500,412.8329999999986,338,2,88.17816568047249,65.13999999999996,15,61.0
7,A,PREY,188,11861.969999999892,500,412.8329999999986,5,2,96.87999999999988,29.979999999999755,2,61.0
7,A,PREY,189,11941.94999999988,500,412.8329999999986,338,4,85.1103846153839,77.7912499999998,108,61.0
7,A,PREY,190,12261.869999999877,500,412.8329999999986,7,2,91.92571428571398,18.24999999999991,0,61.0
7,A,PREY,191,10782.239999999896,500,412.8329999999986,6,2,95.54499999999985,22.38999999999975,1,61.0
7,A,PREY,192,13061.669999999871,500,412.8329999999986,7,2,95.2857142857141,12.999999999999943,0,61.0
7,A,PREY,193,10062.419999999902,500,412.8329999999986,338,2,81.59065088757306,56.079999999999814,56,61.0
7,A,PREY,194,11142.1499999999,500,412.8329999999986,338,2,77.06343195266135,19.599999999999863,0,61.0
7,A,PREY,195,12661.769999999875,500,412.8329999999986,6,2,92.86999999999973,16.809999999999906,1,61.0
7,A,PREY,196,13341.599999999868,500,412.8329999999986,7,2,94.76714285714266,12.549999999999873,0,61.0
7,A,PREY,197,13541.54999999987,500,412.8329999999986,338,2,80.67393491124136,69.01999999999977,7,61.0
7,A,PREY,198,11542.049999999896,500,412.8329999999986,6,2,91.84499999999969,24.397499999999717,1,61.0
7,A,PREY,199,13821.479999999867,500,412.8329999999986,338,2,83.30180473372707,60.21999999999995,135,61.0
7,A,PREY,200,23.870000000000026,12,412.8329999999986,6,2,97.20499999999988,89.97999999999999,1,61.0
7,A,PREY,201,11422.07999999989,500,412.8329999999986,7,2,93.57999999999977,11.649999999999856,0,61.0
7,A,PREY,202,11302.109999999895,500,412.8329999999986,8,2,92.95749999999973,5.199999999999795,0,61.0
7,A,PREY,203,12621.779999999873,500,412.8329999999986,5,2,92.1339999999997,27.30999999999967,2,61.0
7,A,PREY,204,12741.749999999874,500,412.8329999999986,6,2,92.95499999999974,18.519999999999868,1,61.0
7,A,PREY,205,10982.689999999904,500,412.8329999999986,338,2,76.38186390532402,50.679999999999836,4,61.0
7,A,PREY,206,11981.939999999884,500,412.8329999999986,5,2,94.97199999999982,30.75999999999976,2,61.0
7,A,PREY,207,12821.72999999988,500,412.8329999999986,6,2,94.43499999999979,23.769999999999634,1,61.0
7,A,PREY,208,13301.60999999987,500,412.8329999999986,7,2,93.13428571428547,17.049999999999905,0,61.0
7,A,PREY,209,12221.879999999885,500,412.8329999999986,7,2,93.70428571428548,20.04999999999987,0,61.0
7,A,PREY,210,12301.859999999886,500,412.8329999999986,338,4,82.56902366863807,54.951250000000066,53,61.0
7,A,PREY,211,12701.759999999882,500,412.8329999999986,7,2,95.1957142857141,18.699999999999868,0,61.0
7,A,PREY,212,13421.579999999869,500,412.8329999999986,4,2,93.12999999999974,25.80999999999967,3,61.0
7,A,PREY,213,11662.019999999893,500,412.8329999999986,5,2,94.25199999999978,17.469999999999857,2,61.0
7,A,PREY,214,11901.959999999886,500,412.8329999999986,6,2,92.2499999999997,22.179999999999545,1,61.0
7,A,PREY,215,1852.400000000001,112,412.8329999999986,6,2,89.40999999999958,79.67624999999953,1,61.0
7,A,PREY,216,13741.499999999867,500,412.8329999999986,7,2,96.81142857142845,8.949999999999836,0,61.0
7,A,PREY,217,13981.439999999864,500,412.8329999999986,338,2,81.59343195266155,66.00999999999964,8,61.0
7,A,PREY,218,12501.809999999889,500,412.8329999999986,5,2,94.03599999999977,29.259999999999714,2,61.0
7,A,PREY,219,13861.469999999868,500,412.8329999999986,6,2,90.72999999999963,18.969999999999906,1,61.0
7,A,PREY,220,13541.54999999987,500,412.8329999999986,5,2,95.43399999999983,27.939999999999685,2,61.0
7,A,PREY,221,10822.229999999896,500,412.8329999999986,338,2,83.94485207100489,55.269999999999825,8,61.0
7,A,PREY,222,11821.979999999894,500,412.8329999999986,338,2,85.18600591715895,58.449999999999946,70,61.0
7,A,PREY,223,13941.449999999864,500,412.8329999999986,338,14,87.95733727810611,67.70214285714259,187,61.0
7,A,PREY,224,13581.539999999868,500,412.8329999999986,338,2,84.16041420118248,41.889999999999475,34,61.0
7,A,PREY,225,13701.509999999867,500,412.8329999999986,338,2,80.18062130177407,47.67999999999961,21,61.0
7,A,PREY,226,13821.479999999865,500,412.8329999999986,7,2,94.3642857142855,19.749999999999954,0,61.0
7,A,PREY,227,9269.239999999929,389,412.8329999999986,5,2,89.06799999999957,53.75999999999962,2,61.0
7,A,PREY,228,12301.859999999886,500,412.8329999999986,6,2,97.81999999999992,29.42999999999961,1,61.0
7,A,PREY,229,12421.829999999884,500,412.8329999999986,338,2,87.46032544378656,99.45999999999998,186,61.0
7,A,PREY,230,12981.689999999877,500,412.8329999999986,338,2,85.50860946745478,57.24999999999988,59,61.0
7,A,PREY,231,14261.369999999866,500,412.8329999999986,6,2,95.33999999999982,22.95999999999986,1,61.0
7,A,PREY,232,14541.299999999863,500,412.8329999999986,5,2,93.02799999999974,22.149999999999878,2,61.0
7,A,PREY,233,12301.85999999989,500,412.8329999999986,338,2,86.94798816567996,94.32999999999979,200,61.0
7,A,PREY,234,12821.729999999881,500,412.8329999999986,338,2,83.10926035502871,92.73999999999972,82,61.0
7,A,PREY,235,12621.77999999988,500,412.8329999999986,6,2,93.53499999999976,28.029999999999646,1,61.0
7,A,PREY,236,13061.669999999884,500,412.8329999999986,338,2,84.14704142011743,60.54999999999998,39,61.0
7,A,PREY,237,12821.72999999988,500,412.8329999999986,338,19,87.77278106508831,58.08710526315776,240,61.0
7,A,PREY,238,68.45000000000002,3,412.8329999999986,6,2,99.45999999999998,91.87,1,61.0
7,A,PREY,239,13981.439999999871,500,412.8329999999986,338,2,82.19278106508767,54.51999999999939,6,61.0
7,A,PREY,240,13621.52999999987,500,412.8329999999986,7,2,93.3871428571426,20.349999999999937,0,61.0
7,A,PREY,241,13381.589999999875,500,412.8329999999986,6,2,94.3499999999998,16.589999999999637,1,61.0
7,A,PREY,242,13061.669999999878,500,412.8329999999986,338,2,82.51813609467345,23.169999999999938,1,61.0
7,A,PREY,243,6035.749999999969,221,412.8329999999986,337,2,84.08688427299657,68.50499999999937,2,61.0
7,A,PREY,244,14021.429999999866,500,412.8329999999986,6,2,93.73999999999974,21.669999999999796,1,61.0
7,A,PREY,245,11702.009999999893,500,412.8329999999986,338,2,85.86621301775065,56.49999999999994,77,61.0
7,A,PREY,246,14141.399999999874,500,412.8329999999986,6,2,93.26499999999974,23.21249999999977,1,61.0
7,A,PREY,247,15021.179999999858,500,412.8329999999986,7,2,93.63999999999976,18.549999999999894,0,61.0
7,A,PREY,248,13301.60999999988,500,412.8329999999986,7,2,90.27999999999963,18.249999999999943,0,61.0
7,A,PREY,249,13141.649999999881,500,412.8329999999986,4,2,91.10499999999966,38.07124999999972,3,61.0
7,A,PREY,250,13701.509999999873,500,412.8329999999986,7,2,93.10857142857117,21.099999999999913,0,61.0
7,A,PREY,251,13182.139999999876,500,412.8329999999986,338,10,83.08576923076843,63.03949999999952,127,61.0
7,A,PREY,252,13221.629999999876,500,412.8329999999986,6,2,90.38499999999965,16.406249999999623,1,61.0
7,A,PREY,253,13941.449999999864,500,412.8329999999986,338,2,86.36943786982219,20.799999999999898,0,61.0
7,A,PREY,254,13861.469999999874,500,412.8329999999986,7,2,93.87142857142832,11.94999999999985,0,61.0
7,A,PREY,255,13581.539999999877,500,412.8329999999986,7,2,92.16571428571399,11.64999999999991,0,61.0
7,A,PREY,256,13061.669999999875,500,412.8329999999986,7,2,92.72285714285685,13.749999999999883,0,61.0
7,A,PREY,257,13421.579999999878,500,412.8329999999986,7,2,96.39999999999986,10.599999999999895,0,61.0
7,A,PREY,258,225.35000000000008,9,412.8329999999986,5,2,97.83999999999992,90.60999999999999,2,61.0
7,A,PREY,259,580.1600000000002,19,412.8329999999986,5,2,95.67999999999984,89.55999999999997,2,61.0
7,A,PREY,260,13901.459999999872,500,412.8329999999986,338,2,84.71976331360842,31.55499999999967,2,61.0
7,A,PREY,261,14301.359999999866,500,412.8329999999986,4,2,99.22749999999998,39.029999999999404,3,61.0
7,A,PREY,262,14821.22999999986,500,412.8329999999986,7,2,90.49428571428537,21.09999999999991,0,61.0
7,A,PREY,263,3517.9099999999994,218,412.8329999999986,337,2,84.0718991097918,93.13874999999973,10,61.0
7,A,PREY,264,12541.799999999892,500,412.8329999999986,7,2,98.02857142857135,21.099999999999902,0,61.0
7,A,PREY,265,15341.099999999858,500,412.8329999999986,7,2,94.68142857142836,18.549999999999844,0,61.0
7,A,PREY,266,14181.389999999868,500,412.8329999999986,6,2,89.2399999999996,21.566249999999798,1,61.0
7,A,PREY,267,14021.429999999871,500,412.8329999999986,6,0,94.5199999999998,0.0,1,61.0
7,A,PREY,268,14621.279999999866,500,412.8329999999986,7,2,89.63285714285676,14.499999999999867,0,61.0
7,A,PREY,269,13421.579999999878,500,412.8329999999986,7,2,93.92285714285693,21.39999999999989,0,61.0
7,A,PREY,270,14581.289999999868,500,412.8329999999986,7,2,88.67285714285671,18.549999999999947,0,61.0
7,A,PREY,271,14221.37999999987,500,412.8329999999986,6,2,95.23999999999982,17.559999999999853,1,61.0
7,A,PREY,272,14701.259999999867,500,412.8329999999986,338,2,79.09153846153731,63.27374999999972,10,61.0
7,A,PREY,273,13781.48999999987,500,412.8329999999986,5,2,92.65599999999972,38.359999999999246,2,61.0
7,A,PREY,274,14021.429999999871,500,412.8329999999986,7,2,90.66142857142823,9.999999999999853,0,61.0
7,A,PREY,275,14501.30999999987,500,412.8329999999986,7,2,93.95714285714261,18.849999999999888,0,61.0
7,A,PREY,276,14781.239999999863,500,412.8329999999986,5,2,92.64999999999972,36.61499999999989,2,61.0
7,A,PREY,277,14141.39999999987,500,412.8329999999986,338,2,80.88455621301684,80.73999999999931,149,61.0
7,A,PREY,278,14421.32999999987,500,412.8329999999986,338,2,92.51254437869817,11.04999999999988,0,61.0
7,A,PREY,279,15021.179999999857,500,412.8329999999986,6,2,93.67999999999977,25.659999999999844,1,61.0
7,A,PREY,280,26.420000000000016,7,412.8329999999986,6,2,98.46999999999996,91.03,1,61.0
7,A,PREY,281,13981.439999999873,500,412.8329999999986,7,2,88.44142857142813,17.349999999999905,0,61.0
7,A,PREY,282,4456.039999999994,182,412.8329999999986,6,2,92.76999999999971,71.45999999999945,1,61.0
7,A,PREY,283,12261.869999999892,500,412.8329999999986,6,2,95.61999999999983,20.576249999999717,1,61.0
7,A,PREY,284,5135.869999999984,182,412.8329999999986,337,2,90.15759643916893,70.8262499999995,1,61.0
7,A,PREY,285,5853.139999999976,187,412.8329999999986,6,2,89.28499999999958,68.00999999999954,1,61.0
7,A,PREY,286,15101.159999999863,500,412.8329999999986,6,2,94.25999999999978,21.66999999999984,1,61.0
7,A,PREY,287,15421.079999999858,500,412.8329999999986,7,2,96.53285714285701,17.199999999999836,0,61.0
7,A,PREY,288,15381.089999999856,500,412.8329999999986,6,2,95.30999999999983,22.994999999999735,1,61.0
7,A,PREY,289,13101.659999999887,500,412.8329999999986,338,2,76.82038461538326,23.199999999999875,0,61.0
7,A,PREY,290,16020.929999999851,500,412.8329999999986,6,2,91.8299999999997,25.5099999999999,1,61.0
7,A,PREY,291,14661.269999999862,500,412.8329999999986,5,2,93.35199999999975,30.9299999999997,2,61.0
7,A,PREY,292,13061.669999999884,500,412.8329999999986,7,2,92.19142857142826,20.949999999999967,0,61.0
7,A,PREY,293,14341.34999999987,500,412.8329999999986,338,2,78.56757396449702,27.089999999999584,1,61.0
7,A,PREY,294,14421.32999999987,500,412.8329999999986,4,2,94.9674999999998,22.8099999999997,3,61.0
7,A,PREY,295,16060.919999999853,500,412.8329999999986,7,2,94.11999999999978,9.69999999999986,0,61.0
7,A,PREY,296,14261.369999999873,500,412.8329999999986,5,2,93.15399999999974,24.819999999999837,2,61.0
7,A,PREY,297,13461.569999999878,500,412.8329999999986,7,2,89.67999999999961,12.549999999999871,0,61.0
7,A,PREY,298,14821.229999999865,500,412.8329999999986,5,2,96.83199999999988,21.102499999999612,2,61.0
7,A,PREY,299,14541.299999999866,500,412.8329999999986,338,3,84.40307692307611,90.15999999999963,172,61.0
7,A,PREY,300,14661.269999999868,500,412.8329999999986,5,2,92.82399999999973,31.409999999999773,2,61.0
7,A,PREY,301,14701.259999999867,500,412.8329999999986,8,2,92.1774999999997,17.94999999999985,0,61.0
7,A,PREY,302,15381.08999999986,500,412.8329999999986,338,2,81.90174556212894,37.2099999999994,2,61.0
7,A,PREY,303,14741.249999999865,500,412.8329999999986,7,2,94.4885714285712,23.94999999999986,0,61.0
7,A,PREY,304,15301.10999999986,500,412.8329999999986,338,2,78.89136094674473,60.549999999999955,29,61.0
7,A,PREY,305,15221.129999999861,500,412.8329999999986,7,2,92.48285714285684,13.449999999999932,0,61.0
7,A,PREY,306,14541.299999999868,500,412.8329999999986,338,2,83.83931952662604,6.791249999999891,1,61.0
7,A,PREY,307,15900.959999999854,500,412.8329999999986,6,2,92.1599999999997,31.957499999999598,1,61.0
7,A,PREY,308,3936.1699999999983,182,412.8329999999986,6,2,92.38999999999972,69.65999999999951,1,61.0
7,A,PREY,309,52.64000000000001,34,412.8329999999986,5,2,92.58399999999973,89.55999999999993,2,61.0
7,A,PREY,310,14621.27999999987,500,412.8329999999986,6,2,91.9499999999997,27.65249999999967,1,61.0
7,A,PREY,311,15621.029999999855,500,412.8329999999986,6,2,88.74999999999959,14.919999999999847,1,61.0
7,A,PREY,312,28.970000000000006,2,412.8329999999986,6,2,99.73,92.08,1,61.0
7,A,PREY,313,1429.8500000000006,78,412.8329999999986,5,2,88.59399999999957,90.65999999999973,2,61.0
7,A,PREY,314,12501.809999999894,500,412.8329999999986,7,2,94.08142857142833,18.099999999999852,0,61.0
7,A,PREY,315,187.40000000000003,5,412.8329999999986,6,2,99.01999999999997,91.44999999999999,1,61.0
7,A,PREY,316,12101.909999999898,500,412.8329999999986,338,2,81.26834319526503,20.049999999999855,0,61.0
7,A,PREY,317,16340.849999999851,500,412.8329999999986,7,2,91.26571428571394,12.549999999999814,0,61.0
7,A,PREY,318,16260.869999999852,500,412.8329999999986,338,2,75.37269230769084,40.41874999999982,3,61.0
7,A,PREY,319,15421.079999999862,500,412.8329999999986,338,2,80.84497041420008,63.39999999999969,21,61.0
7,A,PREY,320,15021.179999999864,500,412.8329999999986,7,2,91.3342857142854,7.449999999999818,0,61.0
7,A,PREY,321,1487.6900000000005,43,412.8329999999986,4,2,90.79749999999964,96.27999999999996,3,61.0
7,A,PREY,322,15381.089999999862,500,412.8329999999986,65,2,85.68830769230767,10.599999999999838,0,61.0
7,A,PREY,323,16060.919999999851,500,412.8329999999986,6,2,91.44999999999966,28.694999999999673,1,61.0
7,A,PREY,324,14541.29999999987,500,412.8329999999986,6,2,94.22999999999979,14.62124999999998,1,61.0
7,A,PREY,325,15061.169999999867,500,412.8329999999986,5,2,94.35999999999979,26.799999999999653,2,61.0
7,A,PREY,326,15421.079999999862,500,412.8329999999986,5,2,94.38999999999979,19.179999999999783,2,61.0
7,A,PREY,327,15665.519999999855,500,412.8329999999986,338,2,83.09002958579794,98.07999999999993,89,61.0
7,A,PREY,328,14901.209999999866,500,412.8329999999986,338,2,79.64650887573833,21.339999999999765,1,61.0
7,A,PREY,329,147.41000000000003,5,412.8329999999986,6,2,99.01999999999997,91.44999999999999,1,61.0
7,A,PREY,330,14461.31999999987,500,412.8329999999986,5,2,92.43999999999971,27.429999999999787,2,61.0
7,A,PREY,331,15541.04999999986,500,412.8329999999986,6,2,91.20999999999965,20.949999999999925,1,61.0
7,A,PREY,332,15381.08999999986,500,412.8329999999986,6,2,91.79999999999968,17.019999999999914,1,61.0
7,A,PREY,333,15261.11999999986,500,412.8329999999986,338,3,83.6041124260345,65.64666666666659,74,61.0
7,A,PREY,334,15661.019999999862,500,412.8329999999986,338,2,83.89698224851979,86.0399999999994,90,61.0
7,A,PREY,335,15381.089999999862,500,412.8329999999986,338,2,82.16218934911161,57.09999999999994,7,61.0
7,A,PREY,336,14741.249999999865,500,412.8329999999986,6,2,94.10499999999978,22.209999999999923,1,61.0
7,A,PREY,337,16100.909999999853,500,412.8329999999986,6,2,96.32499999999986,22.179999999999858,1,61.0
7,A,PREY,338,14901.209999999866,500,412.8329999999986,6,2,92.54499999999972,20.696249999999715,1,61.0
7,A,PREY,339,15581.039999999863,500,412.8329999999986,6,2,96.02999999999986,19.38999999999988,1,61.0
7,A,PREY,340,15740.999999999858,500,412.8329999999986,338,2,81.77065088757294,52.7799999999996,127,61.0
7,A,PREY,341,14301.35999999986,500,412.8329999999986,338,2,80.99366863905207,48.9149999999993,5,61.0
7,A,PREY,342,14621.279999999873,500,412.8329999999986,6,2,94.11499999999978,13.419999999999852,1,61.0
7,A,PREY,343,16420.829999999853,500,412.8329999999986,338,2,83.25479289940735,68.61999999999972,64,61.0
7,A,PREY,344,17140.649999999852,500,412.8329999999986,338,2,84.12931952662639,94.74999999999986,98,61.0
7,A,PREY,345,14341.349999999873,500,412.8329999999986,338,2,84.1105917159754,90.63999999999972,90,61.0
7,A,PREY,346,15501.059999999863,500,412.8329999999986,338,2,80.07428994082716,18.849999999999895,0,61.0
7,A,PREY,347,15860.969999999857,500,412.8329999999986,338,2,84.83819526627136,52.41999999999988,81,61.0
7,A,PREY,348,16660.769999999855,500,412.8329999999986,338,2,84.15887573964416,97.14999999999992,88,61.0
7,A,PREY,349,15461.069999999861,500,412.8329999999986,5,2,94.91199999999981,36.47374999999998,2,61.0
7,A,PREY,350,14901.209999999865,500,412.8329999999986,338,2,79.32630177514686,79.97374999999974,54,61.0
7,A,PREY,351,15581.03999999986,500,412.8329999999986,6,2,92.2199999999997,18.074999999999807,1,61.0
7,A,PREY,352,16140.899999999856,500,412.8329999999986,338,2,78.36094674556094,86.4999999999995,72,61.0
7,A,PREY,353,15461.06999999986,500,412.8329999999986,7,2,91.24857142857108,17.799999999999923,0,61.0
7,A,PREY,354,15381.08999999986,500,412.8329999999986,6,2,91.9149999999997,17.739999999999917,1,61.0
7,A,PREY,355,15501.05999999986,500,412.8329999999986,338,2,80.17071005917049,87.51999999999956,76,61.0
7,A,PREY,356,16500.809999999856,500,412.8329999999986,7,2,92.30285714285685,16.599999999999927,0,61.0
7,A,PREY,357,17060.66999999985,500,412.8329999999986,6,2,94.40999999999978,14.319999999999855,1,61.0
7,A,PREY,358,5476.399999999983,220,412.8329999999986,337,2,89.82768545994051,66.76249999999935,2,61.0
7,A,PREY,359,14501.309999999876,500,412.8329999999986,6,2,89.46999999999962,21.667499999999905,1,61.0
7,A,PREY,360,16540.79999999985,500,412.8329999999986,6,2,89.3099999999996,18.189999999999884,2,61.0
7,A,PREY,361,16500.809999999856,500,412.8329999999986,338,2,85.65002958579815,58.14999999999994,114,61.0
7,A,PREY,362,15501.05999999986,500,412.8329999999986,7,2,91.7542857142854,9.549999999999883,0,61.0
7,A,PREY,363,60.79999999999996,18,412.8329999999986,5,2,96.03999999999985,100.0,2,61.0
7,A,PREY,364,16460.81999999985,500,412.8329999999986,5,2,93.30399999999975,37.959999999999376,2,61.0
7,A,PREY,365,5846.509999999978,200,412.8329999999986,337,2,85.65169139465824,72.29999999999944,2,61.0
7,A,PREY,366,14621.279999999873,500,412.8329999999986,6,2,90.67999999999965,22.029999999999923,1,61.0
7,A,PREY,367,16780.73999999985,500,412.8329999999986,6,2,96.91999999999989,18.579999999999785,1,61.0
7,A,PREY,368,16420.829999999853,500,412.8329999999986,4,2,94.7949999999998,29.979999999999826,3,61.0
7,A,PREY,369,16220.879999999854,500,412.8329999999986,338,2,81.74449704141894,60.69999999999993,60,61.0
7,A,PREY,370,15980.939999999859,500,412.8329999999986,338,13,84.72532544378629,45.633846153846086,119,61.0
7,A,PREY,371,15900.959999999855,500,412.8329999999986,338,2,77.47860946745426,40.719999999999395,3,61.0
7,A,PREY,372,15740.99999999986,500,412.8329999999986,7,2,94.17142857142835,11.349999999999856,0,61.0
7,A,PREY,373,16980.68999999985,500,412.8329999999986,7,2,91.62142857142825,20.649999999999938,0,61.0
7,A,PREY,374,16140.899999999856,500,412.8329999999986,7,2,91.86142857142826,15.999999999999869,0,61.0
7,A,PREY,375,15581.039999999864,500,412.8329999999986,7,2,96.93999999999987,17.799999999999894,0,61.0
7,A,PREY,376,963.7400000000004,51,412.8329999999986,5,2,89.91999999999962,87.3399999999999,2,61.0
7,A,PREY,377,12261.869999999904,500,412.8329999999986,338,2,86.02053254437801,98.93249999999976,104,61.0
7,A,PREY,378,17060.669999999853,500,412.8329999999986,338,2,79.35863905325353,90.09999999999964,145,61.0
7,A,PREY,379,10896.379999999916,335,412.8329999999986,6,2,91.55999999999968,46.64999999999992,1,61.0
7,A,PREY,380,16460.819999999854,500,412.8329999999986,338,3,84.86529585798746,74.32666666666663,137,61.0
7,A,PREY,381,16700.759999999857,500,412.8329999999986,5,2,90.75399999999965,28.26999999999983,2,61.0
7,A,PREY,382,15940.949999999857,500,412.8329999999986,6,2,95.28999999999981,18.939999999999905,1,61.0
7,A,PREY,383,5453.749999999984,186,412.8329999999986,6,2,88.84499999999957,69.62999999999951,1,61.0
7,A,PREY,384,14901.209999999872,500,412.8329999999986,338,2,92.18689349112412,15.39999999999987,0,61.0
7,A,PREY,385,16900.70999999985,500,412.8329999999986,338,2,78.33698224851993,89.22249999999944,56,61.0
7,A,PREY,386,15820.979999999854,500,412.8329999999986,6,2,94.5799999999998,18.609999999999907,1,61.0
7,A,PREY,387,16380.839999999855,500,412.8329999999986,338,2,86.89094674556154,99.45999999999998,124,61.0
7,A,PREY,388,16780.739999999856,500,412.8329999999986,6,2,92.0399999999997,27.279999999999816,1,61.0
7,A,PREY,389,16260.869999999853,500,412.8329999999986,6,2,90.18499999999962,20.349999999999604,1,61.0
7,A,PREY,390,16500.809999999856,500,412.8329999999986,338,2,80.27683431952545,53.499999999999815,15,61.0
7,A,PREY,391,16740.749999999854,500,412.8329999999986,7,2,90.1814285714282,11.499999999999886,0,61.0
7,A,PREY,392,2386.550000000001,84,412.8329999999986,232,2,76.48926724137928,85.35999999999983,2,61.0
7,A,PREY,393,12741.749999999898,500,412.8329999999986,6,2,95.87999999999984,24.579999999999835,1,61.0
7,A,PREY,394,17380.589999999847,500,412.8329999999986,338,2,89.17668639053238,19.64999999999975,1,61.0
7,A,PREY,395,17060.66999999985,500,412.8329999999986,6,2,91.88999999999969,28.449999999999783,1,61.0
7,A,PREY,396,13223.14999999989,399,412.8329999999986,5,2,86.26599999999948,46.73999999999952,2,61.0
7,A,PREY,397,16660.769999999855,500,412.8329999999986,7,2,93.72142857142833,17.6499999999999,0,61.0
7,A,PREY,398,17420.579999999845,500,412.8329999999986,4,2,96.09249999999986,43.44124999999957,3,61.0
7,A,PREY,399,15980.939999999859,500,412.8329999999986,338,2,75.96115384615248,17.499999999999936,0,61.0
7,A,PREY,400,17500.559999999852,500,412.8329999999986,6,2,91.46499999999969,17.069999999999627,1,61.0
7,A,PREY,401,17500.559999999852,500,412.8329999999986,5,2,92.66799999999972,18.099999999999817,2,61.0
7,A,PREY,402,15940.94999999986,500,412.8329999999986,338,2,86.99147928994036,99.51999999999998,207,61.0
7,A,PREY,403,16020.929999999858,500,412.8329999999986,338,2,83.1784319526616,12.999999999999893,0,61.0
7,A,PREY,404,15980.939999999862,500,412.8329999999986,338,2,82.31266272189228,58.68999999999993,4,61.0
7,A,PREY,405,15141.149999999856,500,412.8329999999986,338,2,76.99624260354886,28.569999999999723,1,61.0
7,A,PREY,406,14381.33999999988,500,412.8329999999986,338,2,76.93662721893378,97.77999999999993,118,61.0
7,A,PREY,407,17500.559999999852,500,412.8329999999986,7,2,94.82285714285695,9.999999999999837,0,61.0
7,A,PREY,408,17060.669999999853,500,412.8329999999986,6,2,93.45999999999975,21.13874999999966,1,61.0
7,A,PREY,409,17140.649999999852,500,412.8329999999986,5,2,94.41999999999979,25.14999999999982,2,61.0
7,A,PREY,410,16980.68999999985,500,412.8329999999986,3,3,90.31999999999964,32.743333333333055,10,61.0
7,A,PREY,411,17020.679999999855,500,412.8329999999986,7,2,91.26571428571397,12.849999999999904,0,61.0
7,A,PREY,412,15701.009999999857,500,412.8329999999986,338,2,80.0344674556202,59.289999999999594,33,61.0
7,A,PREY,413,17260.619999999846,500,412.8329999999986,338,19,87.00142011834274,51.840394736842036,258,61.0
7,A,PREY,414,3448.4300000000003,119,412.8329999999986,4,2,88.81749999999957,81.92999999999984,3,61.0
7,A,PREY,415,14221.379999999883,500,412.8329999999986,338,1,83.21159763313507,64.17999999999908,5,61.0
7,A,PREY,416,17380.589999999847,500,412.8329999999986,6,2,89.82999999999963,29.94999999999958,1,61.0
7,A,PREY,417,16860.719999999852,500,412.8329999999986,338,2,80.81221893491009,83.72624999999962,29,61.0
7,A,PREY,418,17220.629999999855,500,412.8329999999986,338,2,84.01594674556121,74.71374999999989,62,61.0
7,A,PREY,419,17340.599999999853,500,412.8329999999986,338,2,82.39828402366773,92.2299999999997,95,61.0
7,A,PREY,420,17300.609999999848,500,412.8329999999986,338,2,79.86810650887493,57.69999999999993,45,61.0
7,A,PREY,421,16460.819999999854,500,412.8329999999986,338,2,81.9710059171586,40.14999999999945,3,61.0
7,A,PREY,422,17860.469999999845,500,412.8329999999986,338,6,86.73065088757352,65.46416666666642,245,61.0
7,A,PREY,423,16260.869999999855,500,412.8329999999986,4,2,95.85999999999984,26.46999999999983,3,61.0
7,A,PREY,424,16940.69999999986,500,412.8329999999986,338,2,89.26414201183422,2.0499999999998195,0,61.0
7,A,PREY,425,12912.409999999898,381,412.8329999999986,6,2,89.5799999999996,32.5799999999999,1,61.0
7,A,PREY,426,17140.649999999852,500,412.8329999999986,338,2,81.78789940828298,59.829999999999856,49,61.0
7,A,PREY,427,17860.46999999985,500,412.8329999999986,338,2,76.53662721893349,17.349999999999916,0,61.0
7,A,PREY,428,17500.559999999845,500,412.8329999999986,6,2,93.88999999999976,16.149999999999835,1,61.0
7,A,PREY,429,5929.039999999977,195,412.8329999999986,166,2,72.79518072289154,68.09999999999954,1,61.0
7,A,PREY,430,14701.259999999878,500,412.8329999999986,338,2,82.31529585798711,98.85999999999996,52,61.0
7,A,PREY,431,7482.529999999962,207,412.8329999999986,6,2,90.14499999999963,61.40999999999961,1,61.0
7,A,PREY,432,17220.629999999852,500,412.8329999999986,338,2,82.71464497041302,30.83249999999998,1,61.0
7,A,PREY,433,17020.67999999985,500,412.8329999999986,7,2,92.42285714285686,19.899999999999967,0,61.0
7,A,PREY,434,16660.769999999855,500,412.8329999999986,6,2,92.73499999999973,23.229999999999833,1,61.0
7,A,PREY,435,17100.65999999985,500,412.8329999999986,338,2,78.91976331360826,62.40999999999961,6,61.0
7,A,PREY,436,16660.76999999985,500,412.8329999999986,7,2,93.93999999999976,19.299999999999883,0,61.0
7,A,PREY,437,16900.709999999854,500,412.8329999999986,338,2,77.18523668638929,86.64999999999952,63,61.0
7,A,PREY,438,17140.649999999852,500,412.8329999999986,48,2,81.4039583333333,24.018749999999645,1,61.0
7,A,PREY,439,17540.549999999854,500,412.8329999999986,7,2,94.80571428571409,6.999999999999817,0,61.0
7,A,PREY,440,6926.749999999967,199,412.8329999999986,6,2,90.40499999999963,62.9699999999996,1,61.0
7,A,PREY,441,17100.659999999858,500,412.8329999999986,5,2,92.60199999999972,33.33999999999962,2,61.0
7,A,PREY,442,16900.70999999985,500,412.8329999999986,7,2,97.02571428571416,11.49999999999985,0,61.0
7,A,PREY,443,16860.719999999856,500,412.8329999999986,7,2,92.44857142857116,17.64999999999985,0,61.0
7,A,PREY,444,17460.569999999847,500,412.8329999999986,338,2,78.02452662721831,12.699999999999871,0,61.0
7,A,PREY,445,17660.51999999985,500,412.8329999999986,7,2,92.54285714285686,18.69999999999992,0,61.0
7,A,PREY,446,16980.689999999853,500,412.8329999999986,7,2,94.22285714285692,14.649999999999876,0,61.0
7,A,PREY,447,17980.43999999985,500,412.8329999999986,338,2,85.44893491124189,96.27999999999986,154,61.0
7,A,PREY,448,17100.659999999858,500,412.8329999999986,6,2,94.8599999999998,19.391249999999772,1,61.0
7,A,PREY,449,22.340000000000032,15,412.8329999999986,6,2,96.44499999999987,89.79999999999998,1,61.0
7,A,PREY,450,17780.489999999852,500,412.8329999999986,6,2,94.55999999999979,22.629999999999626,1,61.0
7,A,PREY,451,17300.60999999985,500,412.8329999999986,338,2,86.06535502958529,95.67999999999984,164,61.0
7,A,PREY,452,17060.669999999853,500,412.8329999999986,5,2,94.23399999999978,31.83999999999962,2,61.0
7,A,PREY,453,17340.59999999985,500,412.8329999999986,7,2,93.98285714285691,16.14999999999989,0,61.0
7,A,PREY,454,17220.629999999855,500,412.8329999999986,6,2,95.09499999999981,19.23999999999956,1,61.0
7,A,PREY,455,6969.799999999967,193,412.8329999999986,6,2,94.11499999999978,70.10624999999948,1,61.0
7,A,PREY,456,17900.459999999854,500,412.8329999999986,6,2,94.95499999999981,16.269999999999904,1,61.0
7,A,PREY,457,16940.69999999986,500,412.8329999999986,338,2,86.33890532544373,12.249999999999853,0,61.0
7,A,PREY,458,16980.689999999857,500,412.8329999999986,6,2,94.5899999999998,28.20000000000007,1,61.0
7,A,PREY,459,1086.2600000000004,46,412.8329999999986,5,2,90.12999999999961,87.93999999999991,2,61.0
7,A,PREY,460,18140.399999999852,500,412.8329999999986,338,0,78.1919230769221,0.0,1,61.0
7,A,PREY,461,16940.699999999866,500,412.8329999999986,7,2,94.26999999999978,3.699999999999855,0,61.0
7,A,PREY,462,17420.579999999856,500,412.8329999999986,7,2,97.02571428571419,10.299999999999851,0,61.0
7,A,PREY,463,12.140000000000002,35,412.8329999999986,5,2,92.49999999999972,98.51749999999981,2,61.0
7,A,PREY,464,17860.469999999852,500,412.8329999999986,7,2,93.96999999999977,15.399999999999903,0,61.0
7,A,PREY,465,17380.589999999847,500,412.8329999999986,7,2,90.49857142857107,11.199999999999875,0,61.0
7,A,PREY,466,17740.49999999985,500,412.8329999999986,338,2,84.09665680473289,59.319999999999865,143,61.0
7,A,PREY,467,17580.539999999855,500,412.8329999999986,6,2,94.37499999999977,27.63999999999983,1,61.0
7,A,PREY,468,17700.509999999853,500,412.8329999999986,5,2,95.70399999999984,27.104999999999837,2,61.0
7,A,PREY,469,17580.539999999855,500,412.8329999999986,338,2,86.06260355029535,97.95999999999995,196,61.0
7,A,PREY,470,17940.44999999985,500,412.8329999999986,338,2,79.17544378698122,91.9299999999997,81,61.0
7,A,PREY,471,16980.689999999857,500,412.8329999999986,338,2,87.17286982248477,97.05999999999989,165,61.0
7,A,PREY,472,17100.65999999985,500,412.8329999999986,7,2,94.12428571428549,17.199999999999896,0,61.0
7,A,PREY,473,17700.50999999985,500,412.8329999999986,338,2,83.9997337278099,99.03999999999996,374,61.0
7,A,PREY,474,17820.479999999847,500,412.8329999999986,338,0,79.34639053254315,0.0,1,61.0
7,A,PREY,475,17620.529999999853,500,412.8329999999986,7,2,95.06285714285696,21.399999999999913,0,61.0
7,A,PREY,476,17900.45999999985,500,412.8329999999986,338,2,84.23727810650792,59.979999999999905,51,61.0
7,A,PREY,477,17660.51999999985,500,412.8329999999986,338,2,81.0834319526616,94.68999999999986,23,61.0
7,A,PREY,478,18220.37999999985,500,412.8329999999986,7,2,95.22571428571412,14.49999999999988,0,61.0
7,A,PREY,479,17660.519999999848,500,412.8329999999986,6,2,96.01999999999985,27.652499999999716,1,61.0
7,A,PREY,480,17700.50999999985,500,412.8329999999986,338,2,82.85769230769132,59.289999999999964,74,61.0
7,A,PREY,481,17580.53999999985,500,412.8329999999986,7,2,94.03428571428549,8.499999999999881,0,61.0
7,A,PREY,482,17140.649999999856,500,412.8329999999986,5,0,88.38999999999956,0.0,2,61.0
7,A,PREY,483,17420.579999999853,500,412.8329999999986,7,2,93.69142857142833,15.099999999999888,0,61.0
7,A,PREY,484,17460.569999999847,500,412.8329999999986,338,2,83.80005917159686,94.98999999999981,109,61.0
7,A,PREY,485,17460.56999999985,500,412.8329999999986,338,2,86.80139053254351,57.06999999999991,57,61.0
7,A,PREY,486,17500.559999999852,500,412.8329999999986,5,2,92.2119999999997,35.04999999999961,2,61.0
7,A,PREY,487,1599.5000000000007,59,412.8329999999986,7,2,92.57142857142834,87.15999999999988,2,61.0
7,A,PREY,488,13661.519999999891,500,412.8329999999986,6,2,92.2499999999997,30.039999999999672,1,61.0
7,A,PREY,489,17980.439999999846,500,412.8329999999986,7,2,94.33857142857121,15.999999999999869,0,61.0
7,A,PREY,490,18060.419999999845,500,412.8329999999986,338,2,78.11073964496899,53.22999999999972,13,61.0
7,A,PREY,491,17940.449999999848,500,412.8329999999986,6,2,89.84499999999962,27.369999999999756,1,61.0
7,A,PREY,492,17660.519999999855,500,412.8329999999986,338,2,84.21742603550236,92.85999999999973,175,61.0
7,A,PREY,493,17500.559999999852,500,412.8329999999986,6,2,94.03499999999978,20.109999999999793,1,61.0
7,A,PREY,494,17820.479999999847,500,412.8329999999986,6,2,96.65999999999987,22.359999999999893,1,61.0
7,A,PREY,495,17620.52999999985,500,412.8329999999986,338,2,81.52414201183306,15.849999999999891,0,61.0
7,A,PREY,496,7436.929999999962,218,412.8329999999986,337,2,88.6374480712163,70.37999999999937,2,61.0
7,A,PREY,497,16540.79999999986,500,412.8329999999986,7,2,93.99142857142836,12.849999999999854,0,61.0
7,A,PREY,498,7801.939999999959,208,412.8329999999986,6,2,90.86499999999965,63.9899999999996,1,61.0
7,A,PREY,499,17260.61999999985,500,412.8329999999986,338,3,84.44828402366808,96.57999999999993,212,61.0
7,A,PREY,500,18220.37999999985,500,412.8329999999986,6,2,91.80499999999968,27.57999999999975,2,61.0
7,B,PREDATOR,1,-11.270000000000001,127,-5.6783333333334545,3,3,86.20999999999947,59.99999999999981,3,7.9
7,B,PREDATOR,2,-12.179999999999998,218,-5.6783333333334545,337,2,81.1512166172105,64.61624999999931,1,7.9
7,B,PREDATOR,3,-12.199999999999998,220,-5.6783333333334545,337,2,79.3032344213649,56.66999999999962,1,7.9
7,B,PREDATOR,4,-12.259999999999996,226,-5.6783333333334545,4,2,88.89249999999959,62.019999999999484,2,7.9
7,B,PREDATOR,5,-12.179999999999998,218,-5.6783333333334545,5,2,91.06599999999966,55.6299999999994,1,7.9
7,B,PREDATOR,6,8.556666666666276,303,-5.6783333333334545,4,2,89.13999999999959,51.50999999999938,2,7.9
7,B,PREDATOR,7,-12.179999999999998,218,-5.6783333333334545,337,2,82.82489614243308,51.93999999999954,0,7.9
7,B,PREDATOR,8,-12.299999999999995,230,-5.6783333333334545,5,2,92.60799999999972,60.9187499999993,1,7.9
7,B,PREDATOR,9,-12.179999999999998,218,-5.6783333333334545,6,2,93.60999999999974,46.38999999999967,0,7.9
7,B,PREDATOR,10,157.6049999999988,500,-5.6783333333334545,337,3,68.59047477744764,14.381666666666645,7,7.9
7,B,PREDATOR,11,-12.189999999999998,219,-5.6783333333334545,337,2,94.21902077151326,47.019999999999655,0,7.9
7,B,PREDATOR,12,-12.349999999999994,235,-5.6783333333334545,6,2,88.84499999999957,50.49999999999959,0,7.9
7,B,PREDATOR,13,-12.209999999999997,221,-5.6783333333334545,5,2,89.07399999999959,63.08624999999931,1,7.9
7,B,PREDATOR,14,-12.219999999999997,222,-5.6783333333334545,337,2,79.64928783382771,51.60999999999965,0,7.9
7,B,PREDATOR,15,-12.249999999999996,225,-5.6783333333334545,4,2,88.05999999999955,68.38874999999918,2,7.9
7,B,PREDATOR,16,-12.219999999999997,222,-5.6783333333334545,5,2,90.28599999999963,57.10124999999935,1,7.9
7,B,PREDATOR,17,-12.209999999999997,221,-5.6783333333334545,3,2,90.63999999999965,70.35999999999953,3,7.9
7,B,PREDATOR,18,-12.309999999999995,231,-5.6783333333334545,5,2,85.19799999999944,59.769999999999335,1,7.9
7,B,PREDATOR,19,-12.179999999999998,218,-5.6783333333334545,337,2,94.90240356083079,64.77999999999918,2,7.9
7,B,PREDATOR,20,-12.199999999999998,220,-5.6783333333334545,337,2,95.34172106824919,48.39999999999965,0,7.9
7,B,PREDATOR,21,-12.219999999999997,222,-5.6783333333334545,6,2,90.52499999999964,49.95999999999963,0,7.9
7,B,PREDATOR,22,8.101666666666253,290,-5.6783333333334545,4,2,87.31749999999951,54.53624999999923,2,7.9
7,B,PREDATOR,23,-12.239999999999997,224,-5.6783333333334545,6,2,88.34999999999957,51.66999999999959,0,7.9
7,B,PREDATOR,24,-12.149999999999999,215,-5.6783333333334545,337,2,80.91145400593466,74.02624999999934,2,7.9
7,B,PREDATOR,25,-12.319999999999995,232,-5.6783333333334545,6,2,86.9249999999995,54.609999999999516,0,7.9
7,B,PREDATOR,26,-12.209999999999997,221,-5.6783333333334545,6,2,88.34499999999956,47.379999999999654,0,7.9
7,B,PREDATOR,27,-12.179999999999998,218,-5.6783333333334545,337,2,77.57994065281885,55.68999999999953,0,7.9
7,B,PREDATOR,28,-12.239999999999997,224,-5.6783333333334545,337,2,81.2124332344212,59.52999999999939,1,7.9
7,B,PREDATOR,29,-12.219999999999997,222,-5.6783333333334545,4,2,89.35749999999959,65.43999999999949,2,7.9
7,B,PREDATOR,30,-12.169999999999998,217,-5.6783333333334545,6,2,91.58999999999969,52.9599999999996,0,7.9
7,B,PREDATOR,31,-12.229999999999997,223,-5.6783333333334545,6,2,88.78499999999958,50.58999999999962,0,7.9
7,B,PREDATOR,32,-12.189999999999998,219,-5.6783333333334545,337,2,81.50362017804146,54.519999999999555,0,7.9
7,B,PREDATOR,33,-12.189999999999998,219,-5.6783333333334545,5,2,89.4399999999996,66.68624999999932,1,7.9
7,B,PREDATOR,34,-12.209999999999997,221,-5.6783333333334545,5,2,83.48199999999937,62.482499999999234,1,7.9
7,B,PREDATOR,35,-12.279999999999996,228,-5.6783333333334545,337,2,85.38554896142423,54.339999999999556,0,7.9
7,B,PREDATOR,36,-12.189999999999998,219,-5.6783333333334545,6,2,90.69999999999965,55.71999999999951,0,7.9
7,B,PREDATOR,37,-12.349999999999994,235,-5.6783333333334545,4,2,91.50249999999967,60.18999999999939,2,7.9
7,B,PREDATOR,38,-12.299999999999995,230,-5.6783333333334545,337,2,96.34691394658746,50.49999999999959,0,7.9
7,B,PREDATOR,39,-12.189999999999998,219,-5.6783333333334545,4,2,89.47749999999961,64.65999999999929,2,7.9
7,B,PREDATOR,40,-12.269999999999996,227,-5.6783333333334545,337,2,77.74068249258141,60.87999999999943,2,7.9
7,B,PREDATOR,41,-12.179999999999998,218,-5.6783333333334545,6,2,86.5899999999995,45.78999999999968,0,7.9
7,B,PREDATOR,42,-12.229999999999997,223,-5.6783333333334545,5,2,90.26799999999963,61.47999999999938,1,7.9
7,B,PREDATOR,43,-12.259999999999996,226,-5.6783333333334545,337,2,82.5002373887239,68.76999999999936,2,7.9
7,B,PREDATOR,44,9.639999999999501,276,-5.6783333333334545,337,2,78.24275964391654,42.57999999999978,1,7.9
7,B,PREDATOR,45,10.163333333333062,286,-5.6783333333334545,5,2,87.45999999999952,32.07999999999989,1,7.9
7,B,PREDATOR,46,-12.189999999999998,219,-5.6783333333334545,3,2,85.01999999999943,64.95999999999952,6,7.9
7,B,PREDATOR,47,10.57666666666647,287,-5.6783333333334545,7,2,82.27999999999993,55.57499999999939,2,7.9
7,B,PREDATOR,48,-12.409999999999993,241,-5.6783333333334545,6,2,85.79999999999946,46.17999999999969,0,7.9
7,B,PREDATOR,49,115.8799999999983,500,-5.6783333333334545,1,3,90.36999999999964,14.976666666666716,5,7.9
7,B,PREDATOR,50,-12.279999999999996,228,-5.6783333333334545,6,2,89.99999999999962,45.4899999999997,0,7.9
7,B,PREDATOR,51,-12.339999999999995,234,-5.6783333333334545,6,2,91.47999999999968,42.96999999999973,0,7.9
7,B,PREDATOR,52,-12.219999999999997,222,-5.6783333333334545,337,2,82.3063501483678,54.00999999999955,0,7.9
7,B,PREDATOR,53,-12.169999999999998,217,-5.6783333333334545,5,2,87.27399999999952,56.2299999999995,1,7.9
7,B,PREDATOR,54,-12.269999999999996,227,-5.6783333333334545,3,2,87.44999999999952,69.81749999999909,3,7.9
7,B,PREDATOR,55,-12.209999999999997,221,-5.6783333333334545,4,2,92.0799999999997,60.90999999999951,2,7.9
7,B,PREDATOR,56,-11.31,131,-5.6783333333334545,3,3,86.07999999999947,51.11166666666666,3,7.9
7,B,PREDATOR,57,-12.329999999999995,233,-5.6783333333334545,4,2,93.24999999999974,64.5999999999994,2,7.9
7,B,PREDATOR,58,-12.239999999999997,224,-5.6783333333334545,6,2,89.85999999999962,42.66999999999972,0,7.9
7,B,PREDATOR,59,-12.269999999999996,227,-5.6783333333334545,4,2,86.31249999999949,62.079999999999494,2,7.9
7,B,PREDATOR,60,-12.259999999999996,226,-5.6783333333334545,6,2,88.11499999999955,55.32999999999947,0,7.9
7,B,PREDATOR,61,-12.259999999999996,226,-5.6783333333334545,5,2,90.27999999999963,57.219999999999445,1,7.9
7,B,PREDATOR,62,-12.209999999999997,221,-5.6783333333334545,337,2,81.01946587537076,57.911249999999455,1,7.9
7,B,PREDATOR,63,-12.239999999999997,224,-5.6783333333334545,337,2,96.9085163204747,93.30999999999975,10,7.9
7,B,PREDATOR,64,-12.259999999999996,226,-5.6783333333334545,337,2,79.0447774480711,78.18999999999971,88,7.9
7,B,PREDATOR,65,-12.229999999999997,223,-5.6783333333334545,5,2,91.08999999999966,57.24999999999942,1,7.9
7,B,PREDATOR,66,-12.269999999999996,227,-5.6783333333334545,3,2,84.0199999999994,63.51999999999958,3,7.9
7,B,PREDATOR,67,11.601666666666334,282,-5.6783333333334545,4,2,91.05249999999965,58.52249999999924,2,7.9
7,B,PREDATOR,68,-12.209999999999997,221,-5.6783333333334545,6,2,88.25999999999955,52.029999999999575,0,7.9
7,B,PREDATOR,69,-12.219999999999997,222,-5.6783333333334545,337,2,94.20934718100868,56.85999999999943,0,7.9
7,B,PREDATOR,70,-12.359999999999994,236,-5.6783333333334545,337,2,79.11694362017792,51.7299999999996,0,7.9
7,B,PREDATOR,71,-12.189999999999998,219,-5.6783333333334545,6,2,83.95499999999939,45.3699999999997,0,7.9
7,B,PREDATOR,72,-12.239999999999997,224,-5.6783333333334545,6,2,87.76499999999953,51.06999999999965,0,7.9
7,B,PREDATOR,73,-12.209999999999997,221,-5.6783333333334545,5,2,87.27399999999952,60.37499999999936,1,7.9
7,B,PREDATOR,74,-12.209999999999997,221,-5.6783333333334545,6,2,88.63499999999958,54.429999999999545,0,7.9
7,B,PREDATOR,75,-12.189999999999998,219,-5.6783333333334545,6,2,90.23999999999963,49.11999999999959,0,7.9
7,B,PREDATOR,76,-12.209999999999997,221,-5.6783333333334545,5,2,92.51799999999972,59.95124999999952,1,7.9
7,B,PREDATOR,77,-12.159999999999998,216,-5.6783333333334545,5,2,83.56599999999938,51.429999999999566,1,7.9
7,B,PREDATOR,78,8.758333333332855,272,-5.6783333333334545,5,2,91.54599999999968,50.40999999999959,1,7.9
7,B,PREDATOR,79,-12.189999999999998,219,-5.6783333333334545,337,2,94.41792284866457,60.58874999999931,1,7.9
7,B,PREDATOR,80,-12.149999999999999,215,-5.6783333333334545,4,2,93.30999999999975,66.97499999999937,2,7.9
7,B,PREDATOR,81,-12.239999999999997,224,-5.6783333333334545,337,2,81.41169139465869,51.36999999999956,0,7.9
7,B,PREDATOR,82,-12.219999999999997,222,-5.6783333333334545,337,2,93.99869436201773,73.38999999999983,8,7.9
7,B,PREDATOR,83,9.498333333332857,279,-5.6783333333334545,5,2,91.04199999999966,34.41999999999985,1,7.9
7,B,PREDATOR,84,-12.209999999999997,221,-5.6783333333334545,4,2,89.2824999999996,63.00999999999942,2,7.9
7,B,PREDATOR,85,-12.169999999999998,217,-5.6783333333334545,6,2,85.83999999999946,55.65999999999949,0,7.9
7,B,PREDATOR,86,-12.309999999999995,231,-5.6783333333334545,337,2,93.34498516320468,78.39999999999964,56,7.9
7,B,PREDATOR,87,-12.339999999999995,234,-5.6783333333334545,6,2,88.85499999999958,43.26999999999971,0,7.9
7,B,PREDATOR,88,-12.459999999999992,246,-5.6783333333334545,5,2,87.06399999999951,53.59499999999931,1,7.9
7,B,PREDATOR,89,-12.229999999999997,223,-5.6783333333334545,337,2,80.19896142433224,51.03999999999954,0,7.9
7,B,PREDATOR,90,-12.309999999999995,231,-5.6783333333334545,337,2,79.89623145400584,52.47999999999959,0,7.9
7,B,PREDATOR,91,-12.209999999999997,221,-5.6783333333334545,5,2,87.35199999999952,55.987499999999685,1,7.9
7,B,PREDATOR,92,10.283333333332807,322,-5.6783333333334545,5,2,91.40799999999967,40.3599999999999,1,7.9
7,B,PREDATOR,93,10.63583333333287,280,-5.6783333333334545,5,2,88.88199999999958,45.99999999999975,1,7.9
7,B,PREDATOR,94,-12.189999999999998,219,-5.6783333333334545,5,2,91.64199999999968,64.27499999999921,1,7.9
7,B,PREDATOR,95,-12.159999999999998,216,-5.6783333333334545,3,2,93.35999999999974,64.16624999999914,3,7.9
7,B,PREDATOR,96,-12.189999999999998,219,-5.6783333333334545,5,2,90.38199999999964,57.794999999999305,1,7.9
7,B,PREDATOR,97,-12.459999999999992,246,-5.6783333333334545,337,2,92.59896142433209,46.4799999999997,0,7.9
7,B,PREDATOR,98,-12.359999999999994,236,-5.6783333333334545,5,2,88.74399999999957,55.90499999999932,1,7.9
7,B,PREDATOR,99,-12.219999999999997,222,-5.6783333333334545,5,2,91.66599999999968,63.129999999999384,1,7.9
7,B,PREDATOR,100,-11.350000000000001,135,-5.6783333333334545,6,3,95.85499999999985,32.979999999999876,0,7.9
7,B,PREDATOR,101,-12.339999999999995,234,-5.6783333333334545,6,2,90.61499999999963,46.2699999999997,0,7.9
7,B,PREDATOR,102,10.518333333332786,339,-5.6783333333334545,5,2,94.92399999999982,24.36999999999982,1,7.9
7,B,PREDATOR,103,-12.289999999999996,229,-5.6783333333334545,4,2,92.88999999999973,71.36999999999915,2,7.9
7,B,PREDATOR,104,1799.6358333333337,500,-5.6783333333334545,337,3,85.59183976261087,67.01999999999991,144,7.9
7,B,PREDATOR,105,-12.149999999999999,215,-5.6783333333334545,5,2,92.91999999999973,59.3799999999994,1,7.9
7,B,PREDATOR,106,-12.12,212,-5.6783333333334545,5,2,89.13399999999959,56.46999999999938,1,7.9
7,B,PREDATOR,107,9.368333333332847,313,-5.6783333333334545,5,2,87.89199999999956,42.48999999999984,1,7.9
7,B,PREDATOR,108,-12.219999999999997,222,-5.6783333333334545,5,2,87.45999999999952,60.64874999999923,1,7.9
7,B,PREDATOR,109,-12.169999999999998,217,-5.6783333333334545,6,2,89.1099999999996,54.909999999999506,0,7.9
7,B,PREDATOR,110,2599.2124999999787,500,-5.6783333333334545,337,3,95.00451038575656,43.69999999999991,98,7.9
7,B,PREDATOR,111,11.65083333333286,300,-5.6783333333334545,3,2,84.97999999999944,63.00999999999934,3,7.9
7,B,PREDATOR,112,-12.279999999999996,228,-5.6783333333334545,6,2,87.87999999999954,49.53999999999967,0,7.9
7,B,PREDATOR,113,-12.459999999999992,246,-5.6783333333334545,337,2,77.02860534124623,45.27999999999972,0,7.9
7,B,PREDATOR,114,-12.289999999999996,229,-5.6783333333334545,5,2,90.67599999999963,58.11999999999934,1,7.9
7,B,PREDATOR,115,-12.269999999999996,227,-5.6783333333334545,5,2,90.41799999999964,57.87749999999954,1,7.9
7,B,PREDATOR,116,-12.259999999999996,226,-5.6783333333334545,3,2,87.02999999999952,73.4324999999992,3,7.9
7,B,PREDATOR,117,-12.259999999999996,226,-5.6783333333334545,337,2,91.22629080118674,62.22374999999923,2,7.9
7,B,PREDATOR,118,-12.279999999999996,228,-5.6783333333334545,337,2,81.2799406528187,76.05999999999912,3,7.9
7,B,PREDATOR,119,-12.289999999999996,229,-5.6783333333334545,5,2,88.81599999999958,55.874999999999616,1,7.9
7,B,PREDATOR,120,-12.269999999999996,227,-5.6783333333334545,337,2,80.64816023738867,59.76999999999934,1,7.9
7,B,PREDATOR,121,-12.419999999999993,242,-5.6783333333334545,337,2,96.7531454005934,72.24999999999983,11,7.9
7,B,PREDATOR,122,-12.339999999999995,234,-5.6783333333334545,337,2,81.89747774480706,51.819999999999624,0,7.9
7,B,PREDATOR,123,-12.279999999999996,228,-5.6783333333334545,337,2,78.43169139465863,50.41499999999969,1,7.9
7,B,PREDATOR,124,-12.209999999999997,221,-5.6783333333334545,337,2,92.0656379821957,70.08999999999986,15,7.9
7,B,PREDATOR,125,-12.189999999999998,219,-5.6783333333334545,337,2,93.45958456973283,75.42999999999975,49,7.9
7,B,PREDATOR,126,-12.269999999999996,227,-5.6783333333334545,5,2,91.50999999999968,64.17749999999926,1,7.9
7,B,PREDATOR,127,-12.199999999999998,220,-5.6783333333334545,5,2,90.84999999999965,63.32249999999923,1,7.9
7,B,PREDATOR,128,-12.259999999999996,226,-5.6783333333334545,5,2,93.35199999999975,63.142499999999416,1,7.9
7,B,PREDATOR,129,9.380833333332847,284,-5.6783333333334545,5,2,88.57599999999957,45.96999999999976,1,7.9
7,B,PREDATOR,130,-12.459999999999992,246,-5.6783333333334545,337,2,93.1486646884271,65.5599999999998,87,7.9
7,B,PREDATOR,131,-12.269999999999996,227,-5.6783333333334545,4,2,84.78249999999943,66.66999999999943,2,7.9
7,B,PREDATOR,132,56.09249999999907,472,-5.6783333333334545,2,2,95.70999999999984,23.23124999999996,4,7.9
7,B,PREDATOR,133,-12.339999999999995,234,-5.6783333333334545,337,2,93.82635014836785,39.36999999999975,0,7.9
7,B,PREDATOR,134,-12.09,209,-5.6783333333334545,5,2,90.06399999999962,58.07999999999946,1,7.9
7,B,PREDATOR,135,-12.139999999999999,214,-5.6783333333334545,5,2,88.50999999999956,62.73999999999932,1,7.9
7,B,PREDATOR,136,-12.219999999999997,222,-5.6783333333334545,337,2,81.31795252225504,62.1099999999995,1,7.9
7,B,PREDATOR,137,-12.359999999999994,236,-5.6783333333334545,5,2,92.95599999999975,56.74499999999962,1,7.9
7,B,PREDATOR,138,31.220000000000304,336,-5.6783333333334545,337,2,77.03335311572684,41.53124999999992,3,7.9
7,B,PREDATOR,139,7.603333333332879,302,-5.6783333333334545,5,2,88.56399999999957,41.559999999999846,1,7.9
7,B,PREDATOR,140,7.445833333332883,323,-5.6783333333334545,5,2,90.21999999999963,41.289999999999836,1,7.9
7,B,PREDATOR,141,-12.259999999999996,226,-5.6783333333334545,6,2,90.87999999999965,46.47999999999967,0,7.9
7,B,PREDATOR,142,-12.169999999999998,217,-5.6783333333334545,3,2,92.71999999999973,62.1099999999995,3,7.9
7,B,PREDATOR,143,-12.209999999999997,221,-5.6783333333334545,4,2,88.71999999999957,59.16999999999943,2,7.9
7,B,PREDATOR,144,-12.459999999999992,246,-5.6783333333334545,5,2,89.12799999999959,53.319999999999425,1,7.9
7,B,PREDATOR,145,12.088333333332878,290,-5.6783333333334545,5,2,87.24399999999952,41.94999999999985,1,7.9
7,B,PREDATOR,146,9.12333333333274,357,-5.6783333333334545,5,2,88.75599999999957,29.259999999999906,1,7.9
7,B,PREDATOR,147,10.570833333332855,297,-5.6783333333334545,5,2,91.04199999999966,43.80999999999975,1,7.9
7,B,PREDATOR,148,-12.209999999999997,221,-5.6783333333334545,4,2,86.9049999999995,69.99999999999957,2,7.9
7,B,PREDATOR,149,-12.609999999999989,261,-5.6783333333334545,6,2,88.30499999999955,40.7799999999998,0,7.9
7,B,PREDATOR,150,108.48499999999848,500,-5.6783333333334545,1,3,93.63999999999976,22.7116666666667,5,7.9
7,B,PREDATOR,151,-12.419999999999993,242,-5.6783333333334545,117,2,81.05786324786322,63.07499999999931,1,7.9
7,B,PREDATOR,152,11.016666666666316,336,-5.6783333333334545,4,2,92.72499999999972,37.3599999999998,2,7.9
7,B,PREDATOR,153,-12.609999999999989,261,-5.6783333333334545,3,2,90.29999999999963,77.01999999999914,3,7.9
7,B,PREDATOR,154,-12.369999999999994,237,-5.6783333333334545,5,2,90.52599999999964,56.20499999999963,1,7.9
7,B,PREDATOR,155,-12.269999999999996,227,-5.6783333333334545,5,2,92.2359999999997,61.66499999999948,1,7.9
7,B,PREDATOR,156,-12.259999999999996,226,-5.6783333333334545,4,2,91.02999999999966,69.92999999999907,2,7.9
7,B,PREDATOR,157,-12.309999999999995,231,-5.6783333333334545,6,2,93.53999999999975,50.979999999999634,0,7.9
7,B,PREDATOR,158,13.015833333333054,177,-5.6783333333334545,5,3,93.56799999999976,33.37999999999991,1,7.9
7,B,PREDATOR,159,10.73833333333298,206,-5.6783333333334545,337,3,81.8117210682491,32.57583333333331,2,7.9
7,B,PREDATOR,160,-12.289999999999996,229,-5.6783333333334545,4,2,90.98499999999966,63.85124999999927,2,7.9
7,B,PREDATOR,161,-12.239999999999997,224,-5.6783333333334545,4,2,86.22999999999948,63.309999999999285,2,7.9
7,B,PREDATOR,162,-12.489999999999991,249,-5.6783333333334545,337,2,85.24228486646864,53.169999999999526,0,7.9
7,B,PREDATOR,163,12.185833333332885,287,-5.6783333333334545,5,2,91.44399999999968,30.909999999999865,1,7.9
7,B,PREDATOR,164,9.95416666666616,305,-5.6783333333334545,4,2,91.7424999999997,54.93999999999919,2,7.9
7,B,PREDATOR,165,-12.399999999999993,240,-5.6783333333334545,4,2,89.19999999999959,72.47749999999917,2,7.9
7,B,PREDATOR,166,-12.259999999999996,226,-5.6783333333334545,5,2,89.2659999999996,63.18999999999935,1,7.9
7,B,PREDATOR,167,4048.2749999999696,500,-5.6783333333334545,337,3,72.02893175074158,51.34333333333342,180,7.9
7,B,PREDATOR,168,-12.409999999999993,241,-5.6783333333334545,6,2,86.37999999999948,48.87999999999966,0,7.9
7,B,PREDATOR,169,-12.189999999999998,219,-5.6783333333334545,6,2,95.47999999999983,55.56999999999948,0,7.9
7,B,PREDATOR,170,-12.169999999999998,217,-5.6783333333334545,5,2,94.6059999999998,64.84124999999926,1,7.9
7,B,PREDATOR,171,-12.349999999999994,235,-5.6783333333334545,5,2,87.18999999999951,51.75999999999961,1,7.9
7,B,PREDATOR,172,-12.159999999999998,216,-5.6783333333334545,337,2,86.81973293768526,53.67999999999955,0,7.9
7,B,PREDATOR,173,8.518333333332857,269,-5.6783333333334545,5,2,92.0079999999997,49.11999999999967,1,7.9
7,B,PREDATOR,174,-12.169999999999998,217,-5.6783333333334545,6,2,88.99999999999959,45.609999999999665,0,7.9
7,B,PREDATOR,175,-12.98999999999998,299,-5.6783333333334545,3,2,94.2699999999998,62.94999999999948,3,7.9
7,B,PREDATOR,176,7.766666666666188,319,-5.6783333333334545,4,2,88.89999999999958,50.703749999999346,2,7.9
7,B,PREDATOR,177,3743.5574999999694,500,-5.6783333333334545,337,3,71.32068249258121,40.459999999999916,171,7.9
7,B,PREDATOR,178,-12.459999999999992,246,-5.6783333333334545,3,2,89.92999999999961,67.43249999999904,3,7.9
7,B,PREDATOR,179,-12.309999999999995,231,-5.6783333333334545,5,2,88.43799999999956,59.681249999999295,1,7.9
7,B,PREDATOR,180,-12.389999999999993,239,-5.6783333333334545,5,2,87.48399999999954,51.449999999999726,1,7.9
7,B,PREDATOR,181,-12.509999999999991,251,-5.6783333333334545,4,2,87.39249999999953,63.60999999999944,2,7.9
7,B,PREDATOR,182,-12.509999999999991,251,-5.6783333333334545,6,2,90.96499999999965,50.22999999999967,0,7.9
7,B,PREDATOR,183,-12.53999999999999,254,-5.6783333333334545,3,2,95.23999999999982,59.16999999999946,3,7.9
7,B,PREDATOR,184,11.148333333332884,276,-5.6783333333334545,337,2,81.99424332344182,44.529999999999774,1,7.9
7,B,PREDATOR,185,-12.439999999999992,244,-5.6783333333334545,2,2,92.88999999999973,63.72999999999949,4,7.9
7,B,PREDATOR,186,-12.639999999999988,264,-5.6783333333334545,4,2,87.24249999999952,61.124999999999325,2,7.9
7,B,PREDATOR,187,-12.189999999999998,219,-5.6783333333334545,5,2,87.54399999999953,61.9874999999992,1,7.9
7,B,PREDATOR,188,-12.159999999999998,216,-5.6783333333334545,337,2,77.39344213649846,51.729999999999606,0,7.9
7,B,PREDATOR,189,31.16666666666689,371,-5.6783333333334545,337,2,75.81038575667635,69.3399999999999,170,7.9
7,B,PREDATOR,190,-12.179999999999998,218,-5.6783333333334545,3,2,92.83999999999973,67.53999999999937,3,7.9
7,B,PREDATOR,191,-12.169999999999998,217,-5.6783333333334545,337,2,81.74252225519274,49.05999999999963,0,7.9
7,B,PREDATOR,192,-12.409999999999993,241,-5.6783333333334545,6,2,87.09999999999951,51.57999999999965,0,7.9
7,B,PREDATOR,193,10.338333333332804,327,-5.6783333333334545,4,2,90.12999999999963,49.13249999999952,2,7.9
7,B,PREDATOR,194,-12.509999999999991,251,-5.6783333333334545,337,2,75.61706231453975,49.539999999999615,1,7.9
7,B,PREDATOR,195,-12.169999999999998,217,-5.6783333333334545,4,2,91.02999999999966,61.26999999999951,2,7.9
7,B,PREDATOR,196,-12.249999999999996,225,-5.6783333333334545,3,2,92.18999999999971,70.32999999999927,3,7.9
7,B,PREDATOR,197,-12.179999999999998,218,-5.6783333333334545,5,2,89.3679999999996,58.68999999999944,1,7.9
7,B,PREDATOR,198,-12.399999999999993,240,-5.6783333333334545,6,2,88.09499999999956,43.899999999999736,0,7.9
7,B,PREDATOR,199,54.51999999999871,495,-5.6783333333334545,3,2,92.59999999999972,9.249999999999817,3,7.9
7,B,PREDATOR,200,-12.139999999999999,214,-5.6783333333334545,5,2,90.08799999999962,58.619999999999344,1,7.9
7,B,PREDATOR,201,82.64333333333245,500,-5.6783333333334545,2,3,84.81999999999942,16.603333333333286,4,7.9
7,B,PREDATOR,202,10.108333333332814,335,-5.6783333333334545,337,2,76.75783382789281,55.44999999999956,3,7.9
7,B,PREDATOR,203,89.68583333333176,500,-5.6783333333334545,2,3,86.18499999999948,25.760000000000137,4,7.9
7,B,PREDATOR,204,-12.689999999999987,269,-5.6783333333334545,337,2,79.83186943620161,41.619999999999735,0,7.9
7,B,PREDATOR,205,-12.359999999999994,236,-5.6783333333334545,6,2,85.84999999999945,50.67999999999964,0,7.9
7,B,PREDATOR,206,9.970833333332864,279,-5.6783333333334545,337,2,75.28379821958431,41.019999999999825,1,7.9
7,B,PREDATOR,207,9.535833333332851,282,-5.6783333333334545,5,2,92.78799999999973,47.10999999999968,1,7.9
7,B,PREDATOR,208,7.795833333332849,267,-5.6783333333334545,4,2,93.18999999999974,54.547499999999296,2,7.9
7,B,PREDATOR,209,-12.57999999999999,258,-5.6783333333334545,5,2,89.24199999999959,54.99999999999941,1,7.9
7,B,PREDATOR,210,11.545833333332824,324,-5.6783333333334545,5,2,91.9839999999997,37.11999999999988,1,7.9
7,B,PREDATOR,211,10.348333333332876,275,-5.6783333333334545,5,2,87.13599999999951,33.849999999999866,1,7.9
7,B,PREDATOR,212,-12.209999999999997,221,-5.6783333333334545,4,2,90.92499999999966,68.55999999999956,2,7.9
7,B,PREDATOR,213,-12.189999999999998,219,-5.6783333333334545,5,2,88.67199999999957,58.7849999999995,1,7.9
7,B,PREDATOR,214,33.59250000000041,380,-5.6783333333334545,4,2,86.9049999999995,32.94999999999983,2,7.9
7,B,PREDATOR,215,-12.139999999999999,214,-5.6783333333334545,4,2,89.4399999999996,62.82999999999947,2,7.9
7,B,PREDATOR,216,-12.179999999999998,218,-5.6783333333334545,4,2,90.86499999999965,69.81999999999941,2,7.9
7,B,PREDATOR,217,57.06749999999838,493,-5.6783333333334545,3,2,93.53999999999975,12.789999999999841,3,7.9
7,B,PREDATOR,218,9.408333333332804,315,-5.6783333333334545,337,2,80.83560830860502,41.94999999999984,1,7.9
7,B,PREDATOR,219,-12.179999999999998,218,-5.6783333333334545,3,2,84.50999999999941,76.44999999999922,3,7.9
7,B,PREDATOR,220,-12.849999999999984,285,-5.6783333333334545,5,2,92.51799999999972,44.31999999999957,1,7.9
7,B,PREDATOR,221,-12.319999999999995,232,-5.6783333333334545,5,2,91.05999999999966,54.45749999999951,1,7.9
7,B,PREDATOR,222,-12.389999999999993,239,-5.6783333333334545,6,2,87.78999999999955,42.369999999999756,0,7.9
7,B,PREDATOR,223,-12.389999999999993,239,-5.6783333333334545,6,2,86.31499999999949,48.219999999999686,0,7.9
7,B,PREDATOR,224,-12.339999999999995,234,-5.6783333333334545,6,2,88.29999999999956,38.619999999999756,0,7.9
7,B,PREDATOR,225,-12.279999999999996,228,-5.6783333333334545,3,2,89.89999999999962,68.46999999999912,3,7.9
7,B,PREDATOR,226,-12.339999999999995,234,-5.6783333333334545,337,2,79.19940652818973,61.35999999999953,2,7.9
7,B,PREDATOR,227,11.198333333332856,298,-5.6783333333334545,337,2,79.63433234421335,39.039999999999914,1,7.9
7,B,PREDATOR,228,38.4000000000003,441,-5.6783333333334545,337,2,73.95910979228448,58.23999999999991,294,7.9
7,B,PREDATOR,229,10.998333333332825,318,-5.6783333333334545,3,2,97.2799999999999,44.01999999999971,3,7.9
7,B,PREDATOR,230,-12.259999999999996,226,-5.6783333333334545,4,2,88.69749999999956,69.71999999999926,2,7.9
7,B,PREDATOR,231,-12.479999999999992,248,-5.6783333333334545,3,2,86.22999999999949,70.57499999999914,3,7.9
7,B,PREDATOR,232,9.965833333332851,311,-5.6783333333334545,5,2,91.29399999999967,29.829999999999888,1,7.9
7,B,PREDATOR,233,-12.259999999999996,226,-5.6783333333334545,337,2,94.8586646884272,42.87999999999971,0,7.9
7,B,PREDATOR,234,-12.279999999999996,228,-5.6783333333334545,289,2,73.2959515570934,42.03999999999972,0,7.9
7,B,PREDATOR,235,4912.664999999972,500,-5.6783333333334545,337,3,89.13925816023715,40.49999999999992,191,7.9
7,B,PREDATOR,236,-12.789999999999985,279,-5.6783333333334545,5,2,91.54599999999968,54.438749999999246,1,7.9
7,B,PREDATOR,237,7.897499999999441,319,-5.6783333333334545,3,2,80.85999999999927,46.56999999999966,3,7.9
7,B,PREDATOR,238,-12.259999999999996,226,-5.6783333333334545,5,2,85.70799999999946,57.809999999999505,1,7.9
7,B,PREDATOR,239,-12.339999999999995,234,-5.6783333333334545,5,2,88.25199999999955,52.29999999999944,1,7.9
7,B,PREDATOR,240,12.393333333332906,273,-5.6783333333334545,3,2,89.99999999999962,59.16999999999959,3,7.9
7,B,PREDATOR,241,-12.489999999999991,249,-5.6783333333334545,4,2,84.62499999999942,54.939999999999415,2,7.9
7,B,PREDATOR,242,-12.369999999999994,237,-5.6783333333334545,6,2,86.76999999999948,38.109999999999765,0,7.9
7,B,PREDATOR,243,35.815000000000595,346,-5.6783333333334545,3,2,88.26999999999957,47.63624999999993,3,7.9
7,B,PREDATOR,244,-12.639999999999988,264,-5.6783333333334545,337,2,79.46854599406494,39.3699999999998,0,7.9
7,B,PREDATOR,245,-12.349999999999994,235,-5.6783333333334545,5,2,86.37399999999948,56.85374999999928,1,7.9
7,B,PREDATOR,246,-12.189999999999998,219,-5.6783333333334545,3,2,89.7699999999996,78.45374999999925,3,7.9
7,B,PREDATOR,247,-12.359999999999994,236,-5.6783333333334545,4,2,91.7274999999997,62.986249999999345,2,7.9
7,B,PREDATOR,248,51.007500000000334,499,-5.6783333333334545,3,2,93.91999999999977,3.3699999999998806,3,7.9
7,B,PREDATOR,249,-12.959999999999981,296,-5.6783333333334545,6,2,88.08999999999953,42.4299999999998,0,7.9
7,B,PREDATOR,250,-12.389999999999993,239,-5.6783333333334545,337,2,86.99459940652811,49.86999999999969,0,7.9
7,B,PREDATOR,251,-12.299999999999995,230,-5.6783333333334545,5,2,90.24999999999963,63.399999999999324,1,7.9
7,B,PREDATOR,252,10.970833333332871,293,-5.6783333333334545,337,2,80.41646884272961,43.389999999999795,1,7.9
7,B,PREDATOR,253,-12.889999999999983,289,-5.6783333333334545,6,2,86.86999999999951,45.96999999999976,0,7.9
7,B,PREDATOR,254,-12.359999999999994,236,-5.6783333333334545,4,2,93.33249999999975,60.51999999999927,2,7.9
7,B,PREDATOR,255,-12.689999999999987,269,-5.6783333333334545,337,2,83.2591097922846,53.291249999999565,1,7.9
7,B,PREDATOR,256,108.88249999999832,500,-5.6783333333334545,1,3,85.71999999999946,26.344166666666563,5,7.9
7,B,PREDATOR,257,-12.609999999999989,261,-5.6783333333334545,4,2,88.06749999999954,53.962499999999665,2,7.9
7,B,PREDATOR,258,2564.14999999999,500,-5.6783333333334545,337,3,71.34059347180971,44.71833333333331,127,7.9
7,B,PREDATOR,259,5128.157499999968,500,-5.6783333333334545,337,3,72.56649851632014,54.89166666666653,255,7.9
7,B,PREDATOR,260,26.978333333333076,394,-5.6783333333334545,2,2,82.64499999999934,36.75999999999943,4,7.9
7,B,PREDATOR,261,10.513333333332804,326,-5.6783333333334545,337,2,89.24703264094941,64.68999999999996,139,7.9
7,B,PREDATOR,262,-12.169999999999998,217,-5.6783333333334545,4,2,88.68999999999957,65.01999999999943,2,7.9
7,B,PREDATOR,263,-12.679999999999987,268,-5.6783333333334545,4,2,92.57499999999972,57.369999999999386,2,7.9
7,B,PREDATOR,264,-12.56999999999999,257,-5.6783333333334545,6,2,88.80499999999957,46.65999999999972,0,7.9
7,B,PREDATOR,265,7.1308333333329035,312,-5.6783333333334545,2,2,89.3199999999996,61.89999999999907,4,7.9
7,B,PREDATOR,266,-12.739999999999986,274,-5.6783333333334545,6,2,90.38999999999965,40.71999999999976,0,7.9
7,B,PREDATOR,267,-12.509999999999991,251,-5.6783333333334545,4,2,83.34249999999938,61.47999999999942,2,7.9
7,B,PREDATOR,268,9.569999999999448,346,-5.6783333333334545,337,2,97.51949554896132,62.55999999999986,146,7.9
7,B,PREDATOR,269,-12.389999999999993,239,-5.6783333333334545,337,2,77.90183976261103,48.72999999999965,1,7.9
7,B,PREDATOR,270,-12.289999999999996,229,-5.6783333333334545,4,2,91.09749999999966,64.14999999999955,4,7.9
7,B,PREDATOR,271,-12.329999999999995,233,-5.6783333333334545,337,2,84.23611275964372,69.53249999999929,2,7.9
7,B,PREDATOR,272,-12.259999999999996,226,-5.6783333333334545,4,2,88.14999999999955,66.5699999999993,2,7.9
7,B,PREDATOR,273,-12.159999999999998,216,-5.6783333333334545,337,2,83.31183976261109,66.4499999999994,1,7.9
7,B,PREDATOR,274,10.598333333332837,304,-5.6783333333334545,5,2,91.03599999999966,39.5199999999998,1,7.9
7,B,PREDATOR,275,-12.319999999999995,232,-5.6783333333334545,4,2,93.93999999999977,70.75124999999903,2,7.9
7,B,PREDATOR,276,-12.469999999999992,247,-5.6783333333334545,337,2,77.617002967359,65.04999999999954,2,7.9
7,B,PREDATOR,277,-12.349999999999994,235,-5.6783333333334545,337,2,86.02700296735877,65.33374999999901,2,7.9
7,B,PREDATOR,278,-12.389999999999993,239,-5.6783333333334545,337,2,82.5236201780413,58.07624999999945,1,7.9
7,B,PREDATOR,279,-12.759999999999986,276,-5.6783333333334545,4,2,84.0399999999994,59.37999999999943,2,7.9
7,B,PREDATOR,280,11.640833333332976,301,-5.6783333333334545,337,2,79.48299703264074,37.32999999999975,1,7.9
7,B,PREDATOR,281,-11.870000000000001,187,-5.6783333333334545,5,3,92.59599999999972,37.59999999999994,1,7.9
7,B,PREDATOR,282,-13.729999999999965,373,-5.6783333333334545,337,2,75.69519287833778,25.539999999999885,0,7.9
7,B,PREDATOR,283,-12.289999999999996,229,-5.6783333333334545,6,2,88.23499999999956,44.6199999999997,0,7.9
7,B,PREDATOR,284,11.300833333332806,335,-5.6783333333334545,5,2,93.08199999999974,34.29999999999995,1,7.9
7,B,PREDATOR,285,-12.739999999999986,274,-5.6783333333334545,337,2,77.62554896142409,38.469999999999814,0,7.9
7,B,PREDATOR,286,8.520833333332751,343,-5.6783333333334545,4,2,92.94999999999973,37.87499999999997,2,7.9
7,B,PREDATOR,287,-12.209999999999997,221,-5.6783333333334545,337,2,73.52237388724033,51.72999999999961,0,7.9
7,B,PREDATOR,288,-12.479999999999992,248,-5.6783333333334545,5,2,85.74399999999946,57.54999999999933,1,7.9
7,B,PREDATOR,289,-12.219999999999997,222,-5.6783333333334545,337,2,78.10240356083067,50.859999999999644,0,7.9
7,B,PREDATOR,290,7.414999999999397,347,-5.6783333333334545,1,2,82.47999999999934,62.57624999999902,5,7.9
7,B,PREDATOR,291,-12.139999999999999,214,-5.6783333333334545,5,2,89.3259999999996,54.57749999999949,1,7.9
7,B,PREDATOR,292,-12.359999999999994,236,-5.6783333333334545,3,2,88.13999999999955,62.13999999999952,3,7.9
7,B,PREDATOR,293,9.683333333332827,301,-5.6783333333334545,4,2,94.49499999999979,48.569999999999496,2,7.9
7,B,PREDATOR,294,-12.159999999999998,216,-5.6783333333334545,19,2,97.83263157894731,48.279999999999646,0,7.9
7,B,PREDATOR,295,-12.939999999999982,294,-5.6783333333334545,6,2,89.03999999999958,42.51999999999977,0,7.9
7,B,PREDATOR,296,8.279166666666013,426,-5.6783333333334545,3,2,91.18999999999967,40.54499999999957,3,7.9
7,B,PREDATOR,297,9.889999999999619,383,-5.6783333333334545,3,2,88.55999999999956,53.94874999999877,3,7.9
7,B,PREDATOR,298,2612.4474999999925,500,-5.6783333333334545,337,3,79.77412462907957,65.14416666666638,110,7.9
7,B,PREDATOR,299,-12.289999999999996,229,-5.6783333333334545,337,2,76.60937685459938,50.769999999999655,0,7.9
7,B,PREDATOR,300,8.048333333332797,307,-5.6783333333334545,5,2,87.96399999999956,30.759999999999863,1,7.9
7,B,PREDATOR,301,-12.57999999999999,258,-5.6783333333334545,5,2,87.33999999999953,45.42749999999979,1,7.9
7,B,PREDATOR,302,-12.409999999999993,241,-5.6783333333334545,4,2,89.04999999999959,66.03999999999938,8,7.9
7,B,PREDATOR,303,-11.280000000000001,128,-5.6783333333334545,5,3,94.20799999999986,53.77333333333334,2,7.9
7,B,PREDATOR,304,-12.149999999999999,215,-5.6783333333334545,5,2,87.18399999999951,67.23999999999927,1,7.9
7,B,PREDATOR,305,-12.309999999999995,231,-5.6783333333334545,337,2,82.98118694362005,51.87999999999958,0,7.9
7,B,PREDATOR,306,-12.789999999999985,279,-5.6783333333334545,337,2,80.2159347181006,47.61999999999965,0,7.9
7,B,PREDATOR,307,7.310833333332761,389,-5.6783333333334545,5,2,89.65599999999961,22.71999999999985,1,7.9
7,B,PREDATOR,308,84.79916666666557,500,-5.6783333333334545,1,3,90.39999999999964,24.964166666666724,5,7.9
7,B,PREDATOR,309,-12.159999999999998,216,-5.6783333333334545,6,2,85.56499999999944,51.12999999999962,0,7.9
7,B,PREDATOR,310,-12.239999999999997,224,-5.6783333333334545,337,2,95.00997032640943,54.21999999999959,0,7.9
7,B,PREDATOR,311,-12.389999999999993,239,-5.6783333333334545,6,2,84.12499999999939,48.06999999999965,0,7.9
7,B,PREDATOR,312,-12.259999999999996,226,-5.6783333333334545,337,2,78.82661721068237,56.349999999999426,1,7.9
7,B,PREDATOR,313,-12.709999999999987,271,-5.6783333333334545,6,2,91.55999999999968,40.029999999999795,0,7.9
7,B,PREDATOR,314,-12.199999999999998,220,-5.6783333333334545,6,2,87.49499999999954,45.84999999999968,0,7.9
7,B,PREDATOR,315,-12.169999999999998,217,-5.6783333333334545,5,2,89.4399999999996,52.17999999999955,1,7.9
7,B,PREDATOR,316,-12.189999999999998,219,-5.6783333333334545,5,2,90.29199999999963,65.88999999999918,1,7.9
7,B,PREDATOR,317,-12.179999999999998,218,-5.6783333333334545,5,2,88.01199999999956,53.019999999999456,1,7.9
7,B,PREDATOR,318,-12.189999999999998,219,-5.6783333333334545,337,2,82.02462908011853,46.41999999999967,0,7.9
7,B,PREDATOR,319,31.87750000000041,352,-5.6783333333334545,337,2,79.1076557863498,32.559999999999974,2,7.9
7,B,PREDATOR,320,-12.639999999999988,264,-5.6783333333334545,6,2,93.36999999999973,39.51999999999978,0,7.9
7,B,PREDATOR,321,-12.359999999999994,236,-5.6783333333334545,337,2,79.6376261127595,49.32999999999957,0,7.9
7,B,PREDATOR,322,-13.03999999999998,304,-5.6783333333334545,337,2,78.28347181008863,49.98999999999957,3,7.9
7,B,PREDATOR,323,-12.789999999999985,279,-5.6783333333334545,337,2,80.25652818991077,32.16999999999985,0,7.9
7,B,PREDATOR,324,-12.639999999999988,264,-5.6783333333334545,337,2,90.93967359050421,37.2699999999998,0,7.9
7,B,PREDATOR,325,10.72999999999969,374,-5.6783333333334545,337,2,75.59501483679496,22.11999999999991,1,7.9
7,B,PREDATOR,326,-12.889999999999983,289,-5.6783333333334545,337,2,82.00026706231432,49.56999999999954,0,7.9
7,B,PREDATOR,327,-12.53999999999999,254,-5.6783333333334545,5,2,88.10199999999955,59.16999999999934,1,7.9
7,B,PREDATOR,328,-12.219999999999997,222,-5.6783333333334545,3,2,89.71999999999962,66.48999999999967,3,7.9
7,B,PREDATOR,329,-13.139999999999977,314,-5.6783333333334545,337,2,73.89694362017771,51.05999999999919,1,7.9
7,B,PREDATOR,330,-12.159999999999998,216,-5.6783333333334545,337,2,83.72044510385739,51.279999999999504,0,7.9
7,B,PREDATOR,331,-12.259999999999996,226,-5.6783333333334545,4,2,91.48749999999967,64.50499999999934,2,7.9
7,B,PREDATOR,332,-12.439999999999992,244,-5.6783333333334545,328,2,70.75076219512194,73.35999999999987,26,7.9
7,B,PREDATOR,333,-12.229999999999997,223,-5.6783333333334545,4,2,88.80999999999958,75.43499999999915,2,7.9
7,B,PREDATOR,334,-12.359999999999994,236,-5.6783333333334545,6,2,90.34999999999964,47.07999999999971,0,7.9
7,B,PREDATOR,335,901.7175000000033,500,-5.6783333333334545,337,4,98.27587537091982,65.95624999999937,76,7.9
7,B,PREDATOR,336,-12.869999999999983,287,-5.6783333333334545,5,2,93.63399999999976,56.7374999999993,1,7.9
7,B,PREDATOR,337,27.597500000000103,480,-5.6783333333334545,4,2,86.48499999999949,25.899999999999856,2,7.9
7,B,PREDATOR,338,-12.789999999999985,279,-5.6783333333334545,337,2,77.9994065281898,43.719999999999786,0,7.9
7,B,PREDATOR,339,-12.329999999999995,233,-5.6783333333334545,4,2,86.10999999999947,60.78999999999958,2,7.9
7,B,PREDATOR,340,6.973333333332709,356,-5.6783333333334545,5,2,91.29999999999968,27.57999999999991,1,7.9
7,B,PREDATOR,341,-12.849999999999984,285,-5.6783333333334545,4,2,93.95499999999977,62.43374999999907,2,7.9
7,B,PREDATOR,342,-12.639999999999988,264,-5.6783333333334545,5,2,96.89199999999988,52.533749999999344,1,7.9
7,B,PREDATOR,343,11.34833333333288,283,-5.6783333333334545,337,2,81.33210682492556,53.91999999999939,2,7.9
7,B,PREDATOR,344,-12.58999999999999,259,-5.6783333333334545,6,2,86.7499999999995,42.51999999999977,0,7.9
7,B,PREDATOR,345,-13.00999999999998,301,-5.6783333333334545,5,2,93.30399999999975,52.77999999999938,1,7.9
7,B,PREDATOR,346,9.398333333332692,394,-5.6783333333334545,4,2,89.32749999999959,38.594999999999644,2,7.9
7,B,PREDATOR,347,-13.409999999999972,341,-5.6783333333334545,337,2,95.1984866468841,22.32999999999986,0,7.9
7,B,PREDATOR,348,-12.98999999999998,299,-5.6783333333334545,6,2,90.03999999999962,40.11999999999978,0,7.9
7,B,PREDATOR,349,9.04666666666638,347,-5.6783333333334545,4,2,98.10999999999993,38.61749999999977,2,7.9
7,B,PREDATOR,350,-12.289999999999996,229,-5.6783333333334545,5,2,86.7519999999995,56.28999999999935,1,7.9
7,B,PREDATOR,351,-12.759999999999986,276,-5.6783333333334545,337,2,77.46353115726994,40.3299999999998,0,7.9
7,B,PREDATOR,352,-12.919999999999982,292,-5.6783333333334545,5,2,92.1639999999997,48.9862499999997,1,7.9
7,B,PREDATOR,353,-12.189999999999998,219,-5.6783333333334545,5,2,88.35399999999956,61.44749999999928,1,7.9
7,B,PREDATOR,354,-12.399999999999993,240,-5.6783333333334545,4,2,84.61749999999941,64.27499999999937,2,7.9
7,B,PREDATOR,355,-12.289999999999996,229,-5.6783333333334545,6,2,89.87999999999961,48.06999999999963,0,7.9
7,B,PREDATOR,356,6.776666666666307,409,-5.6783333333334545,4,2,83.10249999999937,27.999999999999847,2,7.9
7,B,PREDATOR,357,-13.02999999999998,303,-5.6783333333334545,3,2,92.99999999999973,55.38999999999946,3,7.9
7,B,PREDATOR,358,32.67416666666704,366,-5.6783333333334545,2,2,91.9899999999997,50.07499999999956,4,7.9
7,B,PREDATOR,359,11.300833333332905,281,-5.6783333333334545,5,2,87.11199999999951,38.67999999999985,1,7.9
7,B,PREDATOR,360,9.740833333332867,275,-5.6783333333334545,337,2,81.82548961424307,40.2999999999998,1,7.9
7,B,PREDATOR,361,-12.54999999999999,255,-5.6783333333334545,5,2,87.23199999999952,50.46749999999969,1,7.9
7,B,PREDATOR,362,-12.209999999999997,221,-5.6783333333334545,5,2,92.41599999999971,55.80999999999952,1,7.9
7,B,PREDATOR,363,-12.759999999999986,276,-5.6783333333334545,6,2,87.50999999999954,38.679999999999836,0,7.9
7,B,PREDATOR,364,10.723333333332738,377,-5.6783333333334545,4,2,88.74999999999957,42.20624999999941,2,7.9
7,B,PREDATOR,365,-12.279999999999996,228,-5.6783333333334545,5,2,87.17199999999953,56.22999999999951,1,7.9
7,B,PREDATOR,366,-12.359999999999994,236,-5.6783333333334545,5,2,91.15599999999966,50.31999999999961,1,7.9
7,B,PREDATOR,367,-12.779999999999985,278,-5.6783333333334545,5,2,88.82799999999959,54.09999999999932,1,7.9
7,B,PREDATOR,368,11.073333333332892,297,-5.6783333333334545,5,2,91.58799999999968,37.05999999999985,1,7.9
7,B,PREDATOR,369,-12.58999999999999,259,-5.6783333333334545,5,2,94.02999999999977,52.599999999999355,1,7.9
7,B,PREDATOR,370,10.86666666666605,412,-5.6783333333334545,337,2,91.37916913946555,36.369999999999486,2,7.9
7,B,PREDATOR,371,-12.459999999999992,246,-5.6783333333334545,337,2,82.68753709198803,46.92999999999972,0,7.9
7,B,PREDATOR,372,110.68499999999895,500,-5.6783333333334545,0,3,0.0,42.56333333333273,6,7.9
7,B,PREDATOR,373,8.380833333332708,367,-5.6783333333334545,337,2,97.50706231454,60.21999999999989,7,7.9
7,B,PREDATOR,374,10.591666666666134,329,-5.6783333333334545,337,2,74.36729970326397,78.36749999999978,166,7.9
7,B,PREDATOR,375,-12.809999999999985,281,-5.6783333333334545,6,2,93.63999999999976,49.02999999999963,0,7.9
7,B,PREDATOR,376,-13.189999999999976,319,-5.6783333333334545,3,2,91.8799999999997,64.94999999999862,3,7.9
7,B,PREDATOR,377,8.75416666666599,443,-5.6783333333334545,4,2,94.8474999999998,29.238749999999374,2,7.9
7,B,PREDATOR,378,-12.159999999999998,216,-5.6783333333334545,3,2,87.0899999999995,80.56499999999949,3,7.9
7,B,PREDATOR,379,-12.859999999999983,286,-5.6783333333334545,6,2,89.87999999999961,42.2799999999997,0,7.9
7,B,PREDATOR,380,30.963333333332983,443,-5.6783333333334545,3,2,90.11999999999962,30.699999999999847,3,7.9
7,B,PREDATOR,381,-12.459999999999992,246,-5.6783333333334545,6,2,86.32499999999948,44.37999999999972,0,7.9
7,B,PREDATOR,382,-13.03999999999998,304,-5.6783333333334545,5,2,85.16799999999944,41.67999999999974,1,7.9
7,B,PREDATOR,383,30.688333333333972,486,-5.6783333333334545,337,2,73.69456973293713,15.72999999999988,2,7.9
7,B,PREDATOR,384,-12.509999999999991,251,-5.6783333333334545,337,2,82.83848664688408,55.05999999999948,1,7.9
7,B,PREDATOR,385,-12.289999999999996,229,-5.6783333333334545,4,2,86.9649999999995,63.75999999999941,2,7.9
7,B,PREDATOR,386,-12.379999999999994,238,-5.6783333333334545,337,2,95.1117804154302,53.139999999999574,0,7.9
7,B,PREDATOR,387,-12.359999999999994,236,-5.6783333333334545,155,2,79.64477419354837,44.379999999999704,0,7.9
7,B,PREDATOR,388,-12.459999999999992,246,-5.6783333333334545,6,2,84.55499999999941,49.17999999999965,0,7.9
7,B,PREDATOR,389,-12.409999999999993,241,-5.6783333333334545,6,2,87.62499999999955,47.97999999999962,0,7.9
7,B,PREDATOR,390,10.079166666666202,360,-5.6783333333334545,4,2,88.56249999999957,42.14999999999966,2,7.9
7,B,PREDATOR,391,-12.409999999999993,241,-5.6783333333334545,6,2,86.27499999999948,50.8299999999996,0,7.9
7,B,PREDATOR,392,-12.799999999999985,280,-5.6783333333334545,5,2,88.33599999999956,40.803749999999624,1,7.9
7,B,PREDATOR,393,-12.289999999999996,229,-5.6783333333334545,6,2,88.69499999999955,45.66999999999969,0,7.9
7,B,PREDATOR,394,-12.909999999999982,291,-5.6783333333334545,4,2,93.42999999999975,60.67624999999894,2,7.9
7,B,PREDATOR,395,10.599999999999406,374,-5.6783333333334545,337,2,72.80299703264043,41.58999999999941,2,7.9
7,B,PREDATOR,396,-12.189999999999998,219,-5.6783333333334545,337,2,93.34454005934697,49.86999999999963,0,7.9
7,B,PREDATOR,397,-12.299999999999995,230,-5.6783333333334545,6,2,93.24499999999973,47.649999999999636,0,7.9
7,B,PREDATOR,398,-12.97999999999998,298,-5.6783333333334545,6,2,91.09999999999967,35.28999999999983,0,7.9
7,B,PREDATOR,399,-12.829999999999984,283,-5.6783333333334545,337,2,78.84086053412433,48.18999999999964,0,7.9
7,B,PREDATOR,400,-13.089999999999979,309,-5.6783333333334545,5,2,93.35799999999975,49.56999999999932,1,7.9
7,B,PREDATOR,401,-12.199999999999998,220,-5.6783333333334545,337,2,83.24691394658748,54.39999999999951,0,7.9
7,B,PREDATOR,402,-12.809999999999985,281,-5.6783333333334545,5,2,90.55599999999964,47.80124999999957,1,7.9
7,B,PREDATOR,403,-12.169999999999998,217,-5.6783333333334545,6,2,91.49999999999967,42.45999999999971,0,7.9
7,B,PREDATOR,404,-13.00999999999998,301,-5.6783333333334545,5,2,95.19999999999982,41.78624999999968,1,7.9
7,B,PREDATOR,405,-13.00999999999998,301,-5.6783333333334545,6,2,92.71499999999973,33.57999999999989,0,7.9
7,B,PREDATOR,406,-12.779999999999985,278,-5.6783333333334545,337,2,79.72531157270014,53.199999999999484,2,7.9
7,B,PREDATOR,407,11.355833333333022,181,-5.6783333333334545,5,3,92.87199999999973,34.69999999999996,1,7.9
7,B,PREDATOR,408,61.88499999999995,500,-5.6783333333334545,2,3,94.8699999999998,34.06499999999935,4,7.9
7,B,PREDATOR,409,-13.689999999999966,369,-5.6783333333334545,4,2,88.87749999999959,41.962499999999295,2,7.9
7,B,PREDATOR,410,8.805833333332702,382,-5.6783333333334545,337,2,77.12498516320434,20.109999999999822,1,7.9
7,B,PREDATOR,411,10.35333333333274,369,-5.6783333333334545,4,2,89.5299999999996,34.35999999999983,2,7.9
7,B,PREDATOR,412,-13.189999999999976,319,-5.6783333333334545,5,2,89.16399999999959,47.219999999999445,1,7.9
7,B,PREDATOR,413,-12.959999999999981,296,-5.6783333333334545,6,2,92.37999999999971,32.67999999999988,0,7.9
7,B,PREDATOR,414,-13.259999999999975,326,-5.6783333333334545,337,2,88.66863501483644,70.38999999999982,4,7.9
7,B,PREDATOR,415,-13.319999999999974,332,-5.6783333333334545,337,2,79.10611275964368,37.526249999999905,1,7.9
7,B,PREDATOR,416,-12.53999999999999,254,-5.6783333333334545,5,2,88.64799999999957,57.88499999999951,1,7.9
7,B,PREDATOR,417,-12.309999999999995,231,-5.6783333333334545,5,2,91.74399999999969,66.15999999999931,1,7.9
7,B,PREDATOR,418,9.063333333332617,471,-5.6783333333334545,4,2,87.56499999999953,31.432499999999457,2,7.9
7,B,PREDATOR,419,-13.189999999999976,319,-5.6783333333334545,337,2,75.6333531157268,50.24999999999973,1,7.9
7,B,PREDATOR,420,9.353333333332815,307,-5.6783333333334545,5,2,88.49799999999956,35.70999999999992,1,7.9
7,B,PREDATOR,421,-12.509999999999991,251,-5.6783333333334545,5,2,90.93999999999966,56.85749999999953,1,7.9
7,B,PREDATOR,422,92.16083333333181,500,-5.6783333333334545,2,3,89.99499999999962,12.510000000000048,4,7.9
7,B,PREDATOR,423,-12.639999999999988,264,-5.6783333333334545,6,2,87.46999999999953,44.46999999999976,0,7.9
7,B,PREDATOR,424,-11.21,121,-5.6783333333334545,4,3,90.98499999999966,54.56916666666668,2,7.9
7,B,PREDATOR,425,-12.309999999999995,231,-5.6783333333334545,337,2,79.648130563798,42.87999999999971,0,7.9
7,B,PREDATOR,426,-12.389999999999993,239,-5.6783333333334545,5,2,89.3739999999996,55.74999999999933,1,7.9
7,B,PREDATOR,427,-13.909999999999961,391,-5.6783333333334545,3,2,92.0599999999997,54.58124999999933,3,7.9
7,B,PREDATOR,428,9.84999999999935,403,-5.6783333333334545,337,2,71.7587537091982,31.09000000000004,1,7.9
7,B,PREDATOR,429,31.798333333333638,358,-5.6783333333334545,3,2,88.07999999999954,36.96374999999985,3,7.9
7,B,PREDATOR,430,-13.289999999999974,329,-5.6783333333334545,337,2,75.61961424332299,32.91999999999996,0,7.9
7,B,PREDATOR,431,-13.03999999999998,304,-5.6783333333334545,5,2,90.05799999999962,52.53374999999929,1,7.9
7,B,PREDATOR,432,-13.089999999999979,309,-5.6783333333334545,337,2,74.95878338278906,35.76999999999986,0,7.9
7,B,PREDATOR,433,11.163333333332714,396,-5.6783333333334545,3,2,86.23999999999948,37.32999999999937,3,7.9
7,B,PREDATOR,434,-12.11,211,-5.6783333333334545,5,2,93.47199999999975,63.74249999999936,1,7.9
7,B,PREDATOR,435,-12.179999999999998,218,-5.6783333333334545,6,2,88.92999999999957,55.38999999999952,0,7.9
7,B,PREDATOR,436,40.794166666666875,500,-5.6783333333334545,3,3,93.35999999999974,14.789166666666361,3,7.9
7,B,PREDATOR,437,-12.149999999999999,215,-5.6783333333334545,6,2,90.45999999999964,44.199999999999676,0,7.9
7,B,PREDATOR,438,10.013333333332776,343,-5.6783333333334545,4,2,89.94249999999963,39.69374999999989,2,7.9
7,B,PREDATOR,439,-12.639999999999988,264,-5.6783333333334545,337,2,78.60062314540052,46.56999999999974,0,7.9
7,B,PREDATOR,440,-12.809999999999985,281,-5.6783333333334545,4,2,89.64249999999961,69.07249999999922,2,7.9
7,B,PREDATOR,441,8.476666666666132,308,-5.6783333333334545,337,2,98.04385756676554,51.51749999999936,2,7.9
7,B,PREDATOR,442,-14.139999999999956,414,-5.6783333333334545,337,2,75.20219584569688,46.26499999999941,2,7.9
7,B,PREDATOR,443,-12.329999999999995,233,-5.6783333333334545,337,2,79.16264094955483,61.4812499999994,2,7.9
7,B,PREDATOR,444,74.90583333333204,466,-5.6783333333334545,1,2,99.63999999999999,30.618749999999714,5,7.9
7,B,PREDATOR,445,64.4574999999995,500,-5.6783333333334545,2,3,90.21999999999963,30.48249999999959,4,7.9
7,B,PREDATOR,446,33.076666666666675,463,-5.6783333333334545,3,2,82.46999999999933,33.3487499999994,3,7.9
7,B,PREDATOR,447,-12.949999999999982,295,-5.6783333333334545,337,2,81.25973293768529,42.99999999999972,0,7.9
7,B,PREDATOR,448,-12.179999999999998,218,-5.6783333333334545,4,2,87.57999999999953,70.50999999999958,3,7.9
7,B,PREDATOR,449,-12.159999999999998,216,-5.6783333333334545,337,2,90.66919881305633,50.079999999999664,0,7.9
7,B,PREDATOR,450,-13.409999999999972,341,-5.6783333333334545,337,2,98.8202670623145,60.69999999999987,103,7.9
7,B,PREDATOR,451,121.14333333333225,500,-5.6783333333334545,337,3,72.13753709198764,33.63999999999985,6,7.9
7,B,PREDATOR,452,64.76249999999942,500,-5.6783333333334545,3,3,95.71999999999984,20.34166666666663,3,7.9
7,B,PREDATOR,453,17.04833333333251,500,-5.6783333333334545,5,3,91.67799999999968,12.708333333333144,1,7.9
7,B,PREDATOR,454,8.909999999999618,412,-5.6783333333334545,337,2,81.94937685459877,18.759999999999856,1,7.9
7,B,PREDATOR,455,-13.389999999999972,339,-5.6783333333334545,3,2,97.69999999999992,57.6349999999992,3,7.9
7,B,PREDATOR,456,10.466666666666287,427,-5.6783333333334545,4,2,88.32999999999956,32.489999999999625,2,7.9
7,B,PREDATOR,457,7.738333333332774,320,-5.6783333333334545,5,2,94.02399999999977,37.7499999999999,1,7.9
7,B,PREDATOR,458,-13.50999999999997,351,-5.6783333333334545,6,2,90.67999999999965,31.779999999999973,0,7.9
7,B,PREDATOR,459,-11.290000000000001,129,-5.6783333333334545,6,3,87.81499999999954,32.859999999999886,0,7.9
7,B,PREDATOR,460,423.4883333333333,500,-5.6783333333334545,337,3,68.39011869436156,54.503333333333046,19,7.9
7,B,PREDATOR,461,29.705000000000624,492,-5.6783333333334545,3,2,97.1599999999999,22.035000000000046,3,7.9
7,B,PREDATOR,462,-13.409999999999972,341,-5.6783333333334545,5,2,91.9239999999997,44.08499999999967,1,7.9
7,B,PREDATOR,463,9.055833333332588,465,-5.6783333333334545,4,2,94.25499999999978,27.93,2,7.9
7,B,PREDATOR,464,-12.97999999999998,298,-5.6783333333334545,5,2,86.48799999999949,53.129999999999455,1,7.9
7,B,PREDATOR,465,9.731666666666372,358,-5.6783333333334545,4,2,91.33749999999966,33.809999999999775,2,7.9
7,B,PREDATOR,466,-12.239999999999997,224,-5.6783333333334545,337,2,75.50023738872397,76.0599999999998,77,7.9
7,B,PREDATOR,467,83.83583333333105,500,-5.6783333333334545,2,3,90.24999999999963,20.360833333332994,4,7.9
7,B,PREDATOR,468,11.608333333332853,311,-5.6783333333334545,5,2,89.11599999999959,44.22999999999972,1,7.9
7,B,PREDATOR,469,-12.439999999999992,244,-5.6783333333334545,4,2,89.6199999999996,60.219999999999445,2,7.9
7,B,PREDATOR,470,-12.939999999999982,294,-5.6783333333334545,337,2,80.92077151335306,65.31999999999967,2,7.9
7,B,PREDATOR,471,-13.209999999999976,321,-5.6783333333334545,337,2,78.95964391691369,33.27999999999987,0,7.9
7,B,PREDATOR,472,-12.909999999999982,291,-5.6783333333334545,5,2,88.43799999999956,42.96374999999952,1,7.9
7,B,PREDATOR,473,-13.129999999999978,313,-5.6783333333334545,5,2,88.25799999999956,48.42999999999955,1,7.9
7,B,PREDATOR,474,-13.359999999999973,336,-5.6783333333334545,337,2,72.2743026706228,47.37999999999942,2,7.9
7,B,PREDATOR,475,9.509166666666149,309,-5.6783333333334545,2,2,94.11999999999978,66.74749999999878,4,7.9
7,B,PREDATOR,476,-12.139999999999999,214,-5.6783333333334545,5,2,92.2359999999997,60.374999999999346,1,7.9
7,B,PREDATOR,477,-13.109999999999978,311,-5.6783333333334545,337,2,80.01937685459916,37.47999999999988,0,7.9
7,B,PREDATOR,478,-12.459999999999992,246,-5.6783333333334545,6,2,89.3199999999996,47.52999999999963,0,7.9
7,B,PREDATOR,479,-12.189999999999998,219,-5.6783333333334545,6,2,94.18499999999979,54.51999999999958,0,7.9
7,B,PREDATOR,480,-13.289999999999974,329,-5.6783333333334545,6,2,94.07999999999977,32.9199999999999,0,7.9
7,B,PREDATOR,481,10.143333333332746,363,-5.6783333333334545,4,2,93.36999999999975,37.17999999999976,2,7.9
7,B,PREDATOR,482,-13.05999999999998,306,-5.6783333333334545,337,2,76.37548961424291,37.47999999999986,0,7.9
7,B,PREDATOR,483,9.100833333332615,447,-5.6783333333334545,5,2,91.16199999999967,17.109999999999854,1,7.9
7,B,PREDATOR,484,-12.399999999999993,240,-5.6783333333334545,4,2,92.55999999999972,63.069999999999446,2,7.9
7,B,PREDATOR,485,31.247500000000393,418,-5.6783333333334545,3,2,89.84999999999961,30.119999999999962,3,7.9
7,B,PREDATOR,486,213.88416666667058,500,-5.6783333333334545,3,3,96.13999999999986,13.295833333333151,9,7.9
7,B,PREDATOR,487,32.49500000000044,414,-5.6783333333334545,337,2,75.49424332344165,32.22999999999984,3,7.9
7,B,PREDATOR,488,30.76750000000039,445,-5.6783333333334545,3,2,86.7399999999995,26.039999999999925,3,7.9
7,B,PREDATOR,489,-13.359999999999973,336,-5.6783333333334545,5,2,93.19599999999976,40.89999999999982,1,7.9
7,B,PREDATOR,490,10.91333333333314,340,-5.6783333333334545,5,2,92.37999999999971,33.099999999999966,1,7.9
7,B,PREDATOR,491,-13.859999999999962,386,-5.6783333333334545,5,2,90.81999999999965,40.068749999999696,1,7.9
7,B,PREDATOR,492,9.938333333332656,430,-5.6783333333334545,337,2,79.99219584569695,20.799999999999883,1,7.9
7,B,PREDATOR,493,-12.189999999999998,219,-5.6783333333334545,5,3,89.5179999999996,24.513333333333563,1,7.9
7,B,PREDATOR,494,-12.98999999999998,299,-5.6783333333334545,6,2,90.15999999999963,41.01999999999984,0,7.9
7,B,PREDATOR,495,-13.04999999999998,305,-5.6783333333334545,6,2,84.51999999999941,34.299999999999834,0,7.9
7,B,PREDATOR,496,-13.409999999999972,341,-5.6783333333334545,3,2,90.51999999999964,69.78999999999851,3,7.9
7,B,PREDATOR,497,-13.139999999999977,314,-5.6783333333334545,4,2,89.12499999999959,57.16249999999944,2,7.9
7,B,PREDATOR,498,-12.98999999999998,299,-5.6783333333334545,3,2,82.59999999999934,53.499999999999446,4,7.9
7,B,PREDATOR,499,7.874999999999639,352,-5.6783333333334545,3,2,93.11999999999973,57.7799999999989,3,7.9
7,B,PREDATOR,500,224.48000000000243,500,-5.6783333333334545,337,3,71.09655786350095,20.859999999999996,9,7.9
8,A,PREY,1,1504.5600000000045,500,15540.275999999873,2,1,94.32999999999979,42.69750000000109,5,2.1
8,A,PREY,2,1864.4700000000046,500,15540.275999999873,7,0,91.47999999999968,0.0,0,2.1
8,A,PREY,3,1744.5000000000045,500,15540.275999999873,5,1,96.12999999999985,0.5599999999999841,2,2.1
8,A,PREY,4,2384.3399999999833,500,15540.275999999873,6,1,93.32999999999974,0.6399999999997772,1,2.1
8,A,PREY,5,2104.4100000000035,500,15540.275999999873,338,1,80.75076923076846,96.75999999999988,25,2.1
8,A,PREY,6,2064.4200000000005,500,15540.275999999873,6,0,91.70499999999969,0.0,1,2.1
8,A,PREY,7,867.8600000000013,239,15540.275999999873,6,2,93.98833333333317,29.911250000000223,2,2.1
8,A,PREY,8,2424.3299999999963,500,15540.275999999873,338,0,85.56127218934861,0.0,0,2.1
8,A,PREY,9,968.7500000000017,198,15540.275999999873,3,2,87.88999999999953,72.14999999999999,4,2.1
8,A,PREY,10,229.6400000000005,79,15540.275999999873,5,2,91.17399999999967,81.72749999999982,2,2.1
8,A,PREY,11,287.4800000000003,44,15540.275999999873,4,2,89.13999999999959,88.05999999999992,3,2.1
8,A,PREY,12,2624.279999999988,500,15540.275999999873,6,0,93.26499999999974,0.0,1,2.1
8,A,PREY,13,2664.2699999999745,500,15540.275999999873,338,2,86.10511834319477,52.14000000000002,196,2.1
8,A,PREY,14,1333.7600000000018,188,15540.275999999873,337,2,81.80836795252206,76.6687499999993,3,2.1
8,A,PREY,15,242.39000000000016,54,15540.275999999873,72,2,78.59263888888887,79.28624999999988,1,2.1
8,A,PREY,16,3264.119999999969,500,15540.275999999873,7,0,93.03999999999974,0.0,0,2.1
8,A,PREY,17,3704.009999999962,500,15540.275999999873,6,0,93.80499999999977,0.0,1,2.1
8,A,PREY,18,3743.9999999999654,500,15540.275999999873,338,0,69.74713017751414,0.0,0,2.1
8,A,PREY,19,2891.7199999999743,500,15540.275999999873,338,0,87.263313609467,0.0,0,2.1
8,A,PREY,20,3464.06999999997,500,15540.275999999873,2,1,99.33999999999997,34.51249999999991,5,2.1
8,A,PREY,21,3104.159999999958,500,15540.275999999873,1,2,97.71999999999991,10.093749999999723,14,2.1
8,A,PREY,22,4143.899999999958,500,15540.275999999873,338,0,85.11349112425974,0.0,1,2.1
8,A,PREY,23,3783.9899999999648,500,15540.275999999873,338,0,86.25772189349063,0.0,0,2.1
8,A,PREY,24,4343.8499999999585,500,15540.275999999873,5,1,91.46799999999969,18.015000000000835,2,2.1
8,A,PREY,25,4103.909999999969,500,15540.275999999873,5,1,92.27799999999971,7.882500000000145,2,2.1
8,A,PREY,26,1597.8800000000022,219,15540.275999999873,4,1,86.26749999999947,45.675,3,2.1
8,A,PREY,27,1106.5700000000015,163,15540.275999999873,323,2,66.8995975232198,45.855000000000146,1,2.1
8,A,PREY,28,4383.839999999958,500,15540.275999999873,338,0,80.45375739644898,0.0,0,2.1
8,A,PREY,29,3863.969999999957,500,15540.275999999873,4,1,99.03999999999996,13.820000000000492,3,2.1
8,A,PREY,30,3943.949999999961,500,15540.275999999873,4,1,95.60499999999983,39.92499999999991,3,2.1
8,A,PREY,31,4623.77999999995,500,15540.275999999873,338,1,87.70221893491085,100.0,186,2.1
8,A,PREY,32,1235.9300000000019,223,15540.275999999873,6,2,91.64499999999968,43.241250000000036,1,2.1
8,A,PREY,33,4423.829999999949,500,15540.275999999873,4,1,97.86249999999993,18.0800000000001,3,2.1
8,A,PREY,34,22.850000000000016,14,15540.275999999873,6,2,96.81499999999988,90.75999999999998,1,2.1
8,A,PREY,35,4463.819999999944,500,15540.275999999873,338,1,79.08479289940763,26.427499999999696,3,2.1
8,A,PREY,36,4303.859999999968,500,15540.275999999873,5,1,94.7139999999998,9.817500000000763,2,2.1
8,A,PREY,37,2150.390000000001,155,15540.275999999873,6,2,90.51499999999965,59.399999999999935,1,2.1
8,A,PREY,38,4583.789999999964,500,15540.275999999873,338,0,81.3039940828396,0.0,1,2.1
8,A,PREY,39,689.1200000000007,119,15540.275999999873,5,2,91.89399999999969,59.29250000000005,2,2.1
8,A,PREY,40,417.65000000000015,24,15540.275999999873,6,2,94.33999999999979,87.45999999999998,1,2.1
8,A,PREY,41,4023.9299999999635,500,15540.275999999873,7,0,93.7728571428569,0.0,0,2.1
8,A,PREY,42,4743.749999999951,500,15540.275999999873,338,0,78.74464497041352,0.0,2,2.1
8,A,PREY,43,5703.509999999932,500,15540.275999999873,338,1,85.9028994082836,100.0,185,2.1
8,A,PREY,44,5223.629999999944,500,15540.275999999873,5,1,97.2999999999999,2.2599999999995806,2,2.1
8,A,PREY,45,5583.539999999932,500,15540.275999999873,93,1,81.80032258064514,47.925000000000324,3,2.1
8,A,PREY,46,6863.219999999925,500,15540.275999999873,3,1,93.77999999999976,32.75000000000046,4,2.1
8,A,PREY,47,2137.340000000001,259,15540.275999999873,337,2,83.38489614243302,27.986250000000204,1,2.1
8,A,PREY,48,5503.5599999999395,500,15540.275999999873,338,0,88.58177514792854,0.0,0,2.1
8,A,PREY,49,6143.399999999925,500,15540.275999999873,338,1,82.71278106508828,100.0,388,2.1
8,A,PREY,50,5143.649999999958,500,15540.275999999873,2,1,91.56999999999968,35.71250000000069,5,2.1
8,A,PREY,51,5423.579999999936,500,15540.275999999873,338,2,84.12269230769189,58.57250000000041,296,2.1
8,A,PREY,52,5983.439999999928,500,15540.275999999873,5,1,92.97399999999973,9.579999999999579,2,2.1
8,A,PREY,53,2901.2299999999905,251,15540.275999999873,4,2,90.69999999999965,39.80500000000003,3,2.1
8,A,PREY,54,4756.489999999966,377,15540.275999999873,337,1,78.58252225519223,37.484999999999566,3,2.1
8,A,PREY,55,5543.549999999931,500,15540.275999999873,338,1,85.65650887573928,24.619999999999823,3,2.1
8,A,PREY,56,5543.549999999944,500,15540.275999999873,4,2,94.34499999999979,0.12499999999957698,3,2.1
8,A,PREY,57,6063.419999999928,500,15540.275999999873,338,1,90.81502958579853,100.0,237,2.1
8,A,PREY,58,1753.0400000000016,150,15540.275999999873,5,2,91.04799999999966,65.83999999999988,2,2.1
8,A,PREY,59,57.23000000000001,25,15540.275999999873,6,2,93.96999999999976,87.05249999999995,1,2.1
8,A,PREY,60,6183.389999999935,500,15540.275999999873,7,0,90.72999999999965,0.0,0,2.1
8,A,PREY,61,6503.309999999924,500,15540.275999999873,4,1,97.65999999999991,19.522500000000985,3,2.1
8,A,PREY,62,6063.419999999945,500,15540.275999999873,338,1,84.44189349112371,0.37999999999984513,1,2.1
8,A,PREY,63,451.0100000000004,37,15540.275999999873,5,2,90.51999999999964,85.17999999999996,2,2.1
8,A,PREY,64,6943.199999999915,500,15540.275999999873,2,2,92.0049999999997,12.981249999999918,5,2.1
8,A,PREY,65,6183.389999999925,500,15540.275999999873,3,2,93.96999999999976,9.027499999999863,4,2.1
8,A,PREY,66,65.38999999999999,9,15540.275999999873,5,2,97.86999999999992,98.74,2,2.1
8,A,PREY,67,-12.04,4,15540.275999999873,6,2,99.21499999999996,91.66,1,2.1
8,A,PREY,68,6383.339999999934,500,15540.275999999873,5,0,94.36599999999979,0.0,2,2.1
8,A,PREY,69,856.7300000000009,104,15540.275999999873,258,2,78.50895348837207,76.23499999999967,2,2.1
8,A,PREY,70,7543.049999999911,500,15540.275999999873,338,0,83.44689349112363,0.0,1,2.1
8,A,PREY,71,684.3200000000004,50,15540.275999999873,5,2,88.41999999999958,86.66999999999993,2,2.1
8,A,PREY,72,5863.469999999937,500,15540.275999999873,2,1,99.82,37.85999999999899,5,2.1
8,A,PREY,73,6383.3399999999365,500,15540.275999999873,4,1,92.60499999999972,51.49000000000043,3,2.1
8,A,PREY,74,6823.229999999929,500,15540.275999999873,6,0,94.7149999999998,0.0,1,2.1
8,A,PREY,75,372.0500000000002,35,15540.275999999873,6,2,93.18499999999973,82.84874999999994,1,2.1
8,A,PREY,76,7103.159999999922,500,15540.275999999873,4,1,89.72499999999961,7.072499999999726,3,2.1
8,A,PREY,77,6183.389999999942,500,15540.275999999873,338,1,82.09428994082788,96.57999999999988,52,2.1
8,A,PREY,78,3281.0299999999893,212,15540.275999999873,337,2,89.84732937685433,31.192500000000287,1,2.1
8,A,PREY,79,7942.949999999912,500,15540.275999999873,1,2,98.55999999999995,35.43250000000079,6,2.1
8,A,PREY,80,7303.10999999992,500,15540.275999999873,338,2,84.55547337278067,100.0,529,2.1
8,A,PREY,81,7343.099999999929,500,15540.275999999873,338,2,78.58428994082787,47.386249999999734,169,2.1
8,A,PREY,82,7902.959999999912,500,15540.275999999873,4,2,97.86999999999992,5.892499999999869,3,2.1
8,A,PREY,83,8182.889999999911,500,15540.275999999873,4,1,95.52999999999983,38.23750000000058,3,2.1
8,A,PREY,84,7023.179999999927,500,15540.275999999873,7,0,91.1885714285711,0.0,0,2.1
8,A,PREY,85,7303.109999999912,500,15540.275999999873,7,1,93.15999999999974,5.029999999999933,1,2.1
8,A,PREY,86,814.1900000000006,109,15540.275999999873,6,2,87.76999999999953,56.520000000000124,1,2.1
8,A,PREY,87,6343.349999999943,500,15540.275999999873,338,1,86.5247041420114,100.0,286,2.1
8,A,PREY,88,8342.849999999904,500,15540.275999999873,338,0,87.49408284023619,0.0,0,2.1
8,A,PREY,89,8102.909999999911,500,15540.275999999873,338,0,85.60565088757343,0.0,1,2.1
8,A,PREY,90,27.95000000000001,4,15540.275999999873,6,2,99.18999999999996,91.66,1,2.1
8,A,PREY,91,7866.469999999919,500,15540.275999999873,338,0,84.25094674556188,0.0,1,2.1
8,A,PREY,92,7663.019999999924,500,15540.275999999873,338,1,92.79284023668619,100.0,221,2.1
8,A,PREY,93,8782.739999999903,500,15540.275999999873,6,0,96.47999999999986,0.0,1,2.1
8,A,PREY,94,7663.019999999925,500,15540.275999999873,338,0,80.44911242603482,0.0,1,2.1
8,A,PREY,95,132.11000000000013,35,15540.275999999873,5,2,91.32999999999967,94.90124999999992,2,2.1
8,A,PREY,96,8062.9199999999155,500,15540.275999999873,7,0,93.96999999999977,0.0,0,2.1
8,A,PREY,97,8342.84999999992,500,15540.275999999873,5,1,88.8999999999996,7.319999999999784,2,2.1
8,A,PREY,98,28.460000000000004,3,15540.275999999873,6,2,99.45999999999998,91.87,1,2.1
8,A,PREY,99,7623.029999999919,500,15540.275999999873,2,2,91.25499999999967,20.374999999999986,6,2.1
8,A,PREY,100,9182.639999999901,500,15540.275999999873,338,0,82.0259763313603,0.0,0,2.1
8,A,PREY,101,7065.669999999936,500,15540.275999999873,338,1,79.60896449704069,11.150000000000551,1,2.1
8,A,PREY,102,8662.769999999908,500,15540.275999999873,4,2,95.19249999999982,2.1737500000004077,3,2.1
8,A,PREY,103,9022.679999999902,500,15540.275999999873,6,1,91.80499999999968,2.9199999999998445,1,2.1
8,A,PREY,104,3640.129999999987,292,15540.275999999873,2,2,91.64499999999968,65.22000000000004,5,2.1
8,A,PREY,105,7383.0899999999265,500,15540.275999999873,4,0,94.9374999999998,0.0,3,2.1
8,A,PREY,106,9822.479999999892,500,15540.275999999873,338,1,76.24059171597555,98.55999999999995,16,2.1
8,A,PREY,107,8742.749999999902,500,15540.275999999873,5,1,90.11199999999963,27.439999999999873,2,2.1
8,A,PREY,108,9302.6099999999,500,15540.275999999873,338,1,88.06150887573921,4.719999999999601,2,2.1
8,A,PREY,109,8942.699999999904,500,15540.275999999873,6,1,94.5949999999998,6.320000000000078,1,2.1
8,A,PREY,110,8822.729999999901,500,15540.275999999873,6,0,92.64999999999971,0.0,1,2.1
8,A,PREY,111,2367.89,199,15540.275999999873,6,2,85.80499999999945,31.402500000000153,1,2.1
8,A,PREY,112,9104.659999999902,500,15540.275999999873,338,2,89.34144970414167,100.0,308,2.1
8,A,PREY,113,9222.629999999903,500,15540.275999999873,6,0,92.36999999999972,0.0,1,2.1
8,A,PREY,114,8942.699999999903,500,15540.275999999873,4,1,93.42249999999976,40.022499999999326,3,2.1
8,A,PREY,115,3991.879999999989,308,15540.275999999873,3,2,83.91999999999939,66.88499999999986,4,2.1
8,A,PREY,116,300.7400000000002,18,15540.275999999873,6,2,95.73499999999984,91.11999999999996,1,2.1
8,A,PREY,117,10222.37999999989,500,15540.275999999873,7,0,93.20285714285687,0.0,0,2.1
8,A,PREY,118,9622.529999999899,500,15540.275999999873,6,1,92.94999999999975,5.374999999999769,1,2.1
8,A,PREY,119,9982.439999999895,500,15540.275999999873,7,0,93.99999999999977,0.0,0,2.1
8,A,PREY,120,8542.799999999917,500,15540.275999999873,338,0,88.89130177514754,0.0,1,2.1
8,A,PREY,121,9462.569999999901,500,15540.275999999873,338,1,83.23834319526553,83.91999999999942,49,2.1
8,A,PREY,122,5230.639999999919,500,15540.275999999873,338,0,85.56065088757342,0.0,2,2.1
8,A,PREY,123,7517.32999999994,374,15540.275999999873,337,1,83.91596439169082,36.76000000000012,3,2.1
8,A,PREY,124,9422.579999999898,500,15540.275999999873,4,1,93.07749999999973,40.41250000000134,3,2.1
8,A,PREY,125,9262.619999999913,500,15540.275999999873,6,0,96.16999999999985,0.0,1,2.1
8,A,PREY,126,10102.409999999894,500,15540.275999999873,338,1,85.09159763313548,27.42499999999971,3,2.1
8,A,PREY,127,9062.66999999991,500,15540.275999999873,2,2,99.03999999999996,23.73875000000063,5,2.1
8,A,PREY,128,10622.279999999892,500,15540.275999999873,6,0,92.64999999999971,0.0,1,2.1
8,A,PREY,129,10062.419999999895,500,15540.275999999873,2,1,95.13999999999982,45.125000000000675,5,2.1
8,A,PREY,130,11222.129999999886,500,15540.275999999873,5,0,91.07799999999966,0.0,2,2.1
8,A,PREY,131,26.930000000000014,6,15540.275999999873,6,2,98.64999999999996,92.13999999999999,1,2.1
8,A,PREY,132,9262.61999999991,500,15540.275999999873,338,2,87.79147928994044,50.85374999999985,315,2.1
8,A,PREY,133,9422.579999999907,500,15540.275999999873,7,0,90.42999999999964,0.0,0,2.1
8,A,PREY,134,9262.61999999991,500,15540.275999999873,338,0,82.37236686390469,0.0,1,2.1
8,A,PREY,135,10302.359999999893,500,15540.275999999873,7,0,89.6457142857139,0.0,0,2.1
8,A,PREY,136,9142.649999999914,500,15540.275999999873,338,2,90.58656804733701,99.78999999999999,482,2.1
8,A,PREY,137,11102.159999999885,500,15540.275999999873,338,0,88.84887573964458,0.0,0,2.1
8,A,PREY,138,76.30999999999977,66,15540.275999999873,5,2,85.41999999999946,82.68999999999991,2,2.1
8,A,PREY,139,6007.699999999964,276,15540.275999999873,4,2,90.60999999999964,58.703749999999495,3,2.1
8,A,PREY,140,2093.8700000000003,109,15540.275999999873,6,2,85.04999999999943,63.802499999999924,1,2.1
8,A,PREY,141,11062.169999999885,500,15540.275999999873,6,0,91.8999999999997,0.0,1,2.1
8,A,PREY,142,8822.729999999914,500,15540.275999999873,338,1,84.57914201183384,100.0,420,2.1
8,A,PREY,143,182.81,14,15540.275999999873,6,2,96.53999999999986,89.55999999999999,1,2.1
8,A,PREY,144,10542.299999999892,500,15540.275999999873,5,1,91.66599999999968,1.1799999999995796,2,2.1
8,A,PREY,145,10982.189999999886,500,15540.275999999873,5,1,91.9599999999997,5.19999999999955,2,2.1
8,A,PREY,146,9695.569999999909,494,15540.275999999873,1,1,88.80999999999958,59.002499999998946,6,2.1
8,A,PREY,147,4071.649999999995,230,15540.275999999873,337,2,83.03258160237374,45.119999999999834,2,2.1
8,A,PREY,148,9022.679999999917,500,15540.275999999873,7,0,94.07714285714262,0.0,0,2.1
8,A,PREY,149,10182.389999999898,500,15540.275999999873,338,1,91.94065088757375,100.0,233,2.1
8,A,PREY,150,11262.119999999883,500,15540.275999999873,3,1,98.49999999999994,57.469999999999224,4,2.1
8,A,PREY,151,9502.55999999991,500,15540.275999999873,6,0,89.4799999999996,0.0,1,2.1
8,A,PREY,152,10702.259999999898,500,15540.275999999873,5,1,96.44199999999987,23.542500000000206,2,2.1
8,A,PREY,153,9982.4399999999,500,15540.275999999873,3,1,91.16999999999966,41.49000000000047,4,2.1
8,A,PREY,154,11662.019999999882,500,15540.275999999873,338,1,87.06221893491076,99.58,187,2.1
8,A,PREY,155,10422.3299999999,500,15540.275999999873,338,1,82.401183431952,28.410000000000416,2,2.1
8,A,PREY,156,11582.039999999883,500,15540.275999999873,338,0,86.4928994082835,0.0,1,2.1
8,A,PREY,157,146.39000000000001,7,15540.275999999873,5,2,98.37999999999994,91.03,3,2.1
8,A,PREY,158,10782.2399999999,500,15540.275999999873,338,0,82.05724852070949,0.0,1,2.1
8,A,PREY,159,5367.859999999976,276,15540.275999999873,5,2,93.56799999999976,38.738750000000294,2,2.1
8,A,PREY,160,10462.319999999905,500,15540.275999999873,338,1,85.12491124260295,2.8100000000006418,1,2.1
8,A,PREY,161,4659.279999999966,500,15540.275999999873,338,0,89.62875739644929,0.0,0,2.1
8,A,PREY,162,11104.159999999887,500,15540.275999999873,338,0,72.3056804733722,0.0,0,2.1
8,A,PREY,163,6272.329999999958,306,15540.275999999873,6,2,96.13499999999986,31.012500000000134,1,2.1
8,A,PREY,164,11741.999999999882,500,15540.275999999873,3,1,98.34999999999995,17.347499999999407,4,2.1
8,A,PREY,165,8687.749999999929,353,15540.275999999873,4,2,88.77249999999958,35.92000000000003,3,2.1
8,A,PREY,166,9662.519999999911,500,15540.275999999873,7,0,97.56142857142848,0.0,0,2.1
8,A,PREY,167,10782.239999999898,500,15540.275999999873,338,1,82.60118343195207,9.159999999999542,3,2.1
8,A,PREY,168,12461.819999999874,500,15540.275999999873,338,0,81.06044378698186,0.0,1,2.1
8,A,PREY,169,10382.339999999904,500,15540.275999999873,338,1,87.81961538461495,5.060000000000145,1,2.1
8,A,PREY,170,3643.9999999999936,206,15540.275999999873,6,2,90.10999999999963,33.63000000000023,1,2.1
8,A,PREY,171,10102.409999999903,500,15540.275999999873,6,0,91.5849999999997,0.0,1,2.1
8,A,PREY,172,10982.18999999989,500,15540.275999999873,338,1,79.91937869822418,4.970000000000111,1,2.1
8,A,PREY,173,11382.089999999887,500,15540.275999999873,338,1,83.15109467455572,100.0,363,2.1
8,A,PREY,174,11022.179999999893,500,15540.275999999873,338,0,84.7553254437864,0.0,1,2.1
8,A,PREY,175,4587.949999999985,237,15540.275999999873,3,2,89.71999999999962,59.16375000000018,4,2.1
8,A,PREY,176,10822.229999999898,500,15540.275999999873,2,1,95.36499999999982,24.449999999999235,5,2.1
8,A,PREY,177,5828.149999999972,236,15540.275999999873,6,2,90.80999999999965,25.68000000000027,1,2.1
8,A,PREY,178,11702.00999999989,500,15540.275999999873,338,0,80.66863905325376,0.0,0,2.1
8,A,PREY,179,12861.719999999876,500,15540.275999999873,6,0,93.39499999999975,0.0,1,2.1
8,A,PREY,180,12781.739999999872,500,15540.275999999873,7,0,94.2442857142855,0.0,0,2.1
8,A,PREY,181,12541.799999999874,500,15540.275999999873,5,1,93.15999999999974,27.23000000000006,2,2.1
8,A,PREY,182,9982.43999999991,500,15540.275999999873,4,1,92.80749999999973,22.009999999999945,3,2.1
8,A,PREY,183,11901.959999999879,500,15540.275999999873,338,0,83.90186390532484,0.0,0,2.1
8,A,PREY,184,12021.929999999878,500,15540.275999999873,5,0,92.0439999999997,0.0,2,2.1
8,A,PREY,185,12461.819999999874,500,15540.275999999873,338,0,75.5454437869817,0.0,0,2.1
8,A,PREY,186,6149.299999999967,312,15540.275999999873,5,2,90.87999999999965,30.177499999999736,2,2.1
8,A,PREY,187,4070.629999999995,232,15540.275999999873,5,2,89.99199999999962,43.259999999999806,2,2.1
8,A,PREY,188,11062.1699999999,500,15540.275999999873,3,101,97.3799999999999,63.12599009900983,1564,2.1
8,A,PREY,189,12581.789999999875,500,15540.275999999873,4,0,95.76999999999984,0.0,3,2.1
8,A,PREY,190,11662.019999999891,500,15540.275999999873,3,2,98.11999999999993,15.088750000000099,4,2.1
8,A,PREY,191,11781.989999999885,500,15540.275999999873,6,0,92.77499999999974,0.0,1,2.1
8,A,PREY,192,11462.06999999989,500,15540.275999999873,7,0,90.6828571428568,0.0,0,2.1
8,A,PREY,193,11981.939999999884,500,15540.275999999873,5,1,95.67999999999984,6.519999999999576,2,2.1
8,A,PREY,194,12181.889999999883,500,15540.275999999873,7,0,92.73999999999971,0.0,0,2.1
8,A,PREY,195,2874.2899999999986,147,15540.275999999873,6,2,89.27999999999959,39.96000000000031,1,2.1
8,A,PREY,196,9228.129999999908,500,15540.275999999873,338,0,82.12281065088692,0.0,1,2.1
8,A,PREY,197,12461.819999999878,500,15540.275999999873,6,1,92.0299999999997,0.16999999999989057,1,2.1
8,A,PREY,198,29.480000000000004,1,15540.275999999873,6,2,100.0,92.28999999999999,1,2.1
8,A,PREY,199,3303.469999999999,168,15540.275999999873,80,2,82.55549999999997,77.6662499999997,3,2.1
8,A,PREY,200,11981.939999999884,500,15540.275999999873,4,1,95.07999999999981,41.47000000000018,3,2.1
8,A,PREY,201,12381.839999999886,500,15540.275999999873,5,1,95.50599999999983,0.8799999999996422,2,2.1
8,A,PREY,202,12341.849999999875,500,15540.275999999873,7,0,95.14857142857124,0.0,0,2.1
8,A,PREY,203,12221.879999999881,500,15540.275999999873,4,0,94.5474999999998,0.0,3,2.1
8,A,PREY,204,13181.639999999874,500,15540.275999999873,338,1,87.39177514792861,100.0,190,2.1
8,A,PREY,205,10382.339999999904,500,15540.275999999873,338,0,81.9478106508869,0.0,1,2.1
8,A,PREY,206,11901.959999999892,500,15540.275999999873,6,0,94.10999999999979,0.0,1,2.1
8,A,PREY,207,12341.849999999884,500,15540.275999999873,338,19,74.98068047337262,87.73460526315787,620,2.1
8,A,PREY,208,13381.58999999987,500,15540.275999999873,7,0,93.95285714285691,0.0,0,2.1
8,A,PREY,209,11030.679999999893,500,15540.275999999873,338,0,87.23837278106463,0.0,1,2.1
8,A,PREY,210,929.8700000000005,39,15540.275999999873,5,2,92.3199999999997,93.8262499999999,2,2.1
8,A,PREY,211,11622.029999999893,500,15540.275999999873,7,0,94.69857142857123,0.0,0,2.1
8,A,PREY,212,13941.449999999864,500,15540.275999999873,338,1,78.36322485207026,7.179999999999537,2,2.1
8,A,PREY,213,3571.669999999997,191,15540.275999999873,4,2,89.78499999999961,69.47999999999978,3,2.1
8,A,PREY,214,11502.059999999898,500,15540.275999999873,5,1,93.25599999999974,24.067499999999963,2,2.1
8,A,PREY,215,12741.749999999876,500,15540.275999999873,6,0,94.7999999999998,0.0,1,2.1
8,A,PREY,216,11981.939999999884,500,15540.275999999873,338,2,88.30517751479239,25.41999999999962,8,2.1
8,A,PREY,217,4114.489999999996,146,15540.275999999873,6,2,92.49499999999972,48.93000000000018,1,2.1
8,A,PREY,218,13101.659999999874,500,15540.275999999873,3,2,89.00999999999958,8.112500000000226,4,2.1
8,A,PREY,219,13981.439999999862,500,15540.275999999873,338,2,92.05730769230745,99.78999999999999,412,2.1
8,A,PREY,220,12861.719999999883,500,15540.275999999873,338,2,90.25115384615361,99.78999999999999,326,2.1
8,A,PREY,221,13581.539999999868,500,15540.275999999873,338,1,85.88556213017695,4.299999999999554,3,2.1
8,A,PREY,222,12381.839999999886,500,15540.275999999873,5,1,96.49599999999987,3.819999999999884,2,2.1
8,A,PREY,223,7846.429999999942,356,15540.275999999873,3,2,88.99999999999959,36.239999999999874,5,2.1
8,A,PREY,224,12541.799999999885,500,15540.275999999873,338,0,84.03822485207044,0.0,0,2.1
8,A,PREY,225,5911.6999999999725,229,15540.275999999873,6,2,89.03499999999958,33.87000000000021,1,2.1
8,A,PREY,226,13181.639999999876,500,15540.275999999873,5,1,89.04999999999959,7.239999999999598,2,2.1
8,A,PREY,227,13541.549999999874,500,15540.275999999873,4,1,95.09499999999981,6.759999999999578,3,2.1
8,A,PREY,228,13381.589999999871,500,15540.275999999873,338,1,82.156360946745,100.0,264,2.1
8,A,PREY,229,11981.939999999884,500,15540.275999999873,4,95,97.47249999999991,54.93897368421024,1194,2.1
8,A,PREY,230,13541.549999999868,500,15540.275999999873,7,0,95.22142857142839,0.0,0,2.1
8,A,PREY,231,14701.259999999862,500,15540.275999999873,338,0,82.70275147928932,0.0,0,2.1
8,A,PREY,232,12541.799999999888,500,15540.275999999873,338,3,83.29857988165632,87.70666666666644,555,2.1
8,A,PREY,233,13061.669999999882,500,15540.275999999873,338,0,89.03227810650847,0.0,0,2.1
8,A,PREY,234,3009.0499999999984,118,15540.275999999873,6,2,89.08499999999958,61.43999999999997,1,2.1
8,A,PREY,235,909.4700000000004,79,15540.275999999873,5,2,88.35399999999956,79.0099999999999,2,2.1
8,A,PREY,236,11262.119999999904,500,15540.275999999873,338,0,88.08633136094625,0.0,2,2.1
8,A,PREY,237,14461.319999999861,500,15540.275999999873,4,0,96.45999999999987,0.0,3,2.1
8,A,PREY,238,13021.67999999988,500,15540.275999999873,338,2,90.8039349112424,100.0,484,2.1
8,A,PREY,239,5133.319999999982,187,15540.275999999873,6,2,89.17499999999957,31.376250000000233,1,2.1
8,A,PREY,240,13501.559999999869,500,15540.275999999873,338,0,83.60133136094623,0.0,0,2.1
8,A,PREY,241,105.88999999999999,8,15540.275999999873,6,2,98.10999999999991,91.86999999999998,1,2.1
8,A,PREY,242,14661.26999999986,500,15540.275999999873,338,0,79.30718934911171,0.0,0,2.1
8,A,PREY,243,13701.509999999867,500,15540.275999999873,4,1,89.64999999999961,51.4900000000011,3,2.1
8,A,PREY,244,11861.969999999896,500,15540.275999999873,3,1,92.79999999999973,56.63999999999984,4,2.1
8,A,PREY,245,13341.599999999878,500,15540.275999999873,6,0,96.38999999999987,0.0,1,2.1
8,A,PREY,246,15341.099999999857,500,15540.275999999873,338,0,84.26609467455562,0.0,1,2.1
8,A,PREY,247,13061.669999999885,500,15540.275999999873,6,0,93.46999999999976,0.0,1,2.1
8,A,PREY,248,3568.399999999999,119,15540.275999999873,11,2,89.72363636363623,48.352500000000276,1,2.1
8,A,PREY,249,422.75000000000017,14,15540.275999999873,6,2,96.66499999999986,89.55999999999999,1,2.1
8,A,PREY,250,14501.309999999861,500,15540.275999999873,3,2,96.43999999999987,10.319999999999975,4,2.1
8,A,PREY,251,14621.279999999862,500,15540.275999999873,338,2,81.30159763313547,57.2499999999993,120,2.1
8,A,PREY,252,11941.949999999893,500,15540.275999999873,6,0,93.74999999999977,0.0,1,2.1
8,A,PREY,253,13021.679999999882,500,15540.275999999873,338,0,84.68754437869767,0.0,2,2.1
8,A,PREY,254,972.9200000000004,33,15540.275999999873,5,2,93.30999999999975,95.26499999999996,2,2.1
8,A,PREY,255,14701.25999999986,500,15540.275999999873,5,1,95.07399999999981,22.08000000000115,2,2.1
8,A,PREY,256,14821.22999999986,500,15540.275999999873,3,1,97.3199999999999,23.979999999999414,4,2.1
8,A,PREY,257,13101.659999999885,500,15540.275999999873,7,0,94.15428571428549,0.0,0,2.1
8,A,PREY,258,13541.549999999877,500,15540.275999999873,6,1,93.95999999999977,1.7000000000005349,1,2.1
8,A,PREY,259,13781.489999999872,500,15540.275999999873,338,0,81.02213017751423,0.0,0,2.1
8,A,PREY,260,14061.419999999871,500,15540.275999999873,338,0,81.98997041420054,0.0,1,2.1
8,A,PREY,261,13981.439999999871,500,15540.275999999873,338,0,82.74568047337218,0.0,1,2.1
8,A,PREY,262,5769.5899999999765,194,15540.275999999873,6,2,90.07999999999963,33.870000000000246,1,2.1
8,A,PREY,263,12541.799999999885,500,15540.275999999873,338,0,88.33029585798771,0.0,0,2.1
8,A,PREY,264,13901.459999999872,500,15540.275999999873,4,1,95.64999999999984,11.979999999999528,3,2.1
8,A,PREY,265,13781.489999999872,500,15540.275999999873,338,0,90.44499999999974,0.0,1,2.1
8,A,PREY,266,14981.189999999859,500,15540.275999999873,6,0,93.58499999999977,0.0,1,2.1
8,A,PREY,267,12941.699999999879,500,15540.275999999873,3,2,88.87999999999958,8.056250000000025,4,2.1
8,A,PREY,268,14061.419999999873,500,15540.275999999873,338,1,78.60535502958523,86.73999999999954,63,2.1
8,A,PREY,269,14061.419999999871,500,15540.275999999873,338,1,79.72372781065019,1.7149999999997219,1,2.1
8,A,PREY,270,14821.229999999861,500,15540.275999999873,6,0,92.0149999999997,0.0,1,2.1
8,A,PREY,271,15541.049999999856,500,15540.275999999873,338,0,76.47340236686338,0.0,0,2.1
8,A,PREY,272,14741.249999999862,500,15540.275999999873,338,0,82.61928994082787,0.0,0,2.1
8,A,PREY,273,4869.40999999999,234,15540.275999999873,337,2,84.33053412462884,36.72124999999994,2,2.1
8,A,PREY,274,13421.57999999988,500,15540.275999999873,338,0,88.47816568047287,0.0,1,2.1
8,A,PREY,275,14901.209999999857,500,15540.275999999873,338,0,85.62585798816517,0.0,0,2.1
8,A,PREY,276,14221.379999999872,500,15540.275999999873,3,1,97.4799999999999,44.149999999999736,15,2.1
8,A,PREY,277,14781.239999999869,500,15540.275999999873,338,0,78.61322485207047,0.0,1,2.1
8,A,PREY,278,14061.41999999987,500,15540.275999999873,338,0,84.31985207100583,0.0,0,2.1
8,A,PREY,279,894.4700000000004,30,15540.275999999873,8,2,94.84249999999986,86.49999999999997,1,2.1
8,A,PREY,280,3388.549999999999,158,15540.275999999873,5,2,87.68799999999953,66.39499999999998,2,2.1
8,A,PREY,281,12581.78999999989,500,15540.275999999873,2,2,97.04499999999989,25.45625000000086,5,2.1
8,A,PREY,282,15261.119999999859,500,15540.275999999873,338,0,79.92822485207058,0.0,0,2.1
8,A,PREY,283,14621.279999999866,500,15540.275999999873,338,0,82.96822485207039,0.0,0,2.1
8,A,PREY,284,14221.379999999868,500,15540.275999999873,338,0,84.04352071005857,0.0,0,2.1
8,A,PREY,285,7365.829999999957,279,15540.275999999873,337,2,88.60795252225482,26.857500000000265,4,2.1
8,A,PREY,286,2126.7200000000003,123,15540.275999999873,6,2,87.28999999999951,55.140000000000214,1,2.1
8,A,PREY,287,13061.669999999885,500,15540.275999999873,338,1,79.09529585798747,3.7100000000004343,2,2.1
8,A,PREY,288,3611.4499999999994,113,15540.275999999873,6,2,89.3949999999996,60.09000000000013,1,2.1
8,A,PREY,289,13861.469999999876,500,15540.275999999873,3,2,96.22999999999986,17.895000000000643,4,2.1
8,A,PREY,290,15461.069999999856,500,15540.275999999873,4,1,98.27499999999993,48.040000000001044,3,2.1
8,A,PREY,291,8752.72999999994,304,15540.275999999873,337,1,86.13857566765527,40.56750000000007,2,2.1
8,A,PREY,292,14661.269999999871,500,15540.275999999873,3,1,93.71999999999976,37.42999999999964,4,2.1
8,A,PREY,293,15181.139999999861,500,15540.275999999873,338,0,83.20295857988121,0.0,0,2.1
8,A,PREY,294,16140.899999999852,500,15540.275999999873,7,0,93.52428571428547,0.0,0,2.1
8,A,PREY,295,14301.359999999873,500,15540.275999999873,5,1,92.82999999999973,21.27000000000021,2,2.1
8,A,PREY,296,14981.189999999866,500,15540.275999999873,338,1,77.96751479289883,34.495000000000964,3,2.1
8,A,PREY,297,5055.8899999999885,182,15540.275999999873,5,2,90.01599999999962,37.10000000000028,2,2.1
8,A,PREY,298,25.910000000000018,8,15540.275999999873,6,2,98.25999999999992,90.82,1,2.1
8,A,PREY,299,13941.449999999875,500,15540.275999999873,202,0,68.66811881188117,0.0,0,2.1
8,A,PREY,300,16180.889999999852,500,15540.275999999873,5,1,92.1339999999997,22.30500000000008,2,2.1
8,A,PREY,301,15860.969999999854,500,15540.275999999873,338,0,78.90399408283952,0.0,1,2.1
8,A,PREY,302,164.95999999999992,49,15540.275999999873,5,2,91.47999999999968,82.20999999999995,2,2.1
8,A,PREY,303,10782.239999999916,500,15540.275999999873,338,0,88.09893491124214,0.0,0,2.1
8,A,PREY,304,16300.859999999851,500,15540.275999999873,5,1,94.6179999999998,12.140000000000336,2,2.1
8,A,PREY,305,735.5300000000003,28,15540.275999999873,5,2,94.07199999999978,87.06999999999996,2,2.1
8,A,PREY,306,12541.799999999896,500,15540.275999999873,338,0,88.08147928994043,0.0,0,2.1
8,A,PREY,307,15900.959999999854,500,15540.275999999873,338,0,84.72174556212966,0.0,1,2.1
8,A,PREY,308,15940.949999999853,500,15540.275999999873,338,1,82.28772189349048,12.569999999999732,3,2.1
8,A,PREY,309,972.4100000000004,34,15540.275999999873,4,2,91.27749999999966,85.95999999999997,3,2.1
8,A,PREY,310,15261.119999999857,500,15540.275999999873,338,0,86.44846153846106,0.0,2,2.1
8,A,PREY,311,13.670000000000007,32,15540.275999999873,18,2,96.15333333333325,94.81999999999987,2,2.1
8,A,PREY,312,14261.369999999872,500,15540.275999999873,338,0,89.93281065088716,0.0,0,2.1
8,A,PREY,313,15261.119999999857,500,15540.275999999873,4,1,93.41499999999975,32.17999999999994,3,2.1
8,A,PREY,314,14701.259999999866,500,15540.275999999873,338,0,78.22884615384555,0.0,1,2.1
8,A,PREY,315,3510.049999999999,155,15540.275999999873,6,2,95.46999999999984,45.30000000000024,1,2.1
8,A,PREY,316,4906.339999999987,240,15540.275999999873,5,2,87.86199999999954,36.90500000000014,2,2.1
8,A,PREY,317,14661.269999999868,500,15540.275999999873,6,1,88.9299999999996,0.7700000000000788,1,2.1
8,A,PREY,318,15940.949999999853,500,15540.275999999873,338,0,86.20976331360897,0.0,0,2.1
8,A,PREY,319,15461.069999999856,500,15540.275999999873,5,1,90.33999999999963,10.912500000000028,2,2.1
8,A,PREY,320,14581.289999999872,500,15540.275999999873,338,0,79.05627218934842,0.0,0,2.1
8,A,PREY,321,14221.379999999872,500,15540.275999999873,338,1,82.27852071005861,99.16,261,2.1
8,A,PREY,322,15301.109999999862,500,15540.275999999873,338,0,87.80269230769188,0.0,1,2.1
8,A,PREY,323,15501.059999999861,500,15540.275999999873,5,1,96.69999999999989,0.34500000000000486,2,2.1
8,A,PREY,324,226.37000000000006,7,15540.275999999873,6,2,98.37999999999994,91.03,1,2.1
8,A,PREY,325,16500.809999999852,500,15540.275999999873,338,0,88.66801775147886,0.0,0,2.1
8,A,PREY,326,15181.139999999865,500,15540.275999999873,3,1,98.79999999999995,24.019999999999836,4,2.1
8,A,PREY,327,15461.069999999863,500,15540.275999999873,5,1,93.70599999999976,13.440000000000918,2,2.1
8,A,PREY,328,15780.989999999858,500,15540.275999999873,338,1,68.36807692307626,9.499999999999824,1,2.1
8,A,PREY,329,15541.04999999986,500,15540.275999999873,338,0,75.29289940828352,0.0,0,2.1
8,A,PREY,330,27.95000000000001,4,15540.275999999873,5,2,99.21999999999997,100.0,2,2.1
8,A,PREY,331,15141.149999999863,500,15540.275999999873,338,1,90.50248520710021,21.919999999999956,2,2.1
8,A,PREY,332,1327.2200000000005,44,15540.275999999873,7,2,92.4685714285712,79.12124999999992,1,2.1
8,A,PREY,333,16060.919999999853,500,15540.275999999873,5,0,92.96799999999973,0.0,2,2.1
8,A,PREY,334,14781.239999999869,500,15540.275999999873,4,1,94.02999999999977,7.29999999999956,3,2.1
8,A,PREY,335,15101.159999999865,500,15540.275999999873,4,1,92.91249999999974,7.587500000000485,3,2.1
8,A,PREY,336,15461.069999999861,500,15540.275999999873,338,1,86.47112426035463,99.58,359,2.1
8,A,PREY,337,7818.979999999956,253,15540.275999999873,337,2,87.74783382789273,24.840000000000042,1,2.1
8,A,PREY,338,14821.229999999869,500,15540.275999999873,3,1,96.31999999999987,57.36000000000006,4,2.1
8,A,PREY,339,15820.979999999854,500,15540.275999999873,6,0,92.47499999999972,0.0,1,2.1
8,A,PREY,340,723.8000000000003,51,15540.275999999873,6,2,88.34999999999957,76.22999999999992,1,2.1
8,A,PREY,341,11821.979999999905,500,15540.275999999873,338,0,89.32186390532503,0.0,1,2.1
8,A,PREY,342,16420.829999999853,500,15540.275999999873,7,0,91.94285714285684,0.0,0,2.1
8,A,PREY,343,16220.879999999852,500,15540.275999999873,338,0,88.32565088757356,0.0,1,2.1
8,A,PREY,344,15501.05999999986,500,15540.275999999873,5,1,91.9419999999997,11.865000000000173,2,2.1
8,A,PREY,345,16020.929999999858,500,15540.275999999873,6,0,94.50499999999978,0.0,1,2.1
8,A,PREY,346,16340.84999999985,500,15540.275999999873,1,2,100.0,38.531249999999105,6,2.1
8,A,PREY,347,9953.449999999895,500,15540.275999999873,338,0,88.7030769230765,0.0,1,2.1
8,A,PREY,348,16500.809999999852,500,15540.275999999873,338,0,74.42248520710008,0.0,0,2.1
8,A,PREY,349,16340.849999999851,500,15540.275999999873,4,1,94.50999999999979,37.450000000000834,3,2.1
8,A,PREY,350,16020.929999999855,500,15540.275999999873,338,0,87.24485207100543,0.0,0,2.1
8,A,PREY,351,15820.97999999986,500,15540.275999999873,6,0,95.88999999999983,0.0,1,2.1
8,A,PREY,352,15820.979999999858,500,15540.275999999873,338,1,74.01644970414172,100.0,343,2.1
8,A,PREY,353,8688.049999999947,274,15540.275999999873,4,2,90.69999999999965,47.46874999999965,4,2.1
8,A,PREY,354,4293.529999999995,187,15540.275999999873,6,2,89.33999999999959,42.210000000000186,1,2.1
8,A,PREY,355,5316.439999999985,220,15540.275999999873,5,2,90.50799999999964,29.345000000000184,2,2.1
8,A,PREY,356,15780.98999999986,500,15540.275999999873,338,1,91.12174556212986,99.58,265,2.1
8,A,PREY,357,16500.809999999852,500,15540.275999999873,338,0,74.67221893491063,0.0,1,2.1
8,A,PREY,358,16100.909999999854,500,15540.275999999873,5,1,91.06599999999966,1.6100000000002215,2,2.1
8,A,PREY,359,4179.679999999997,175,15540.275999999873,157,2,77.44770700636941,45.600000000000016,1,2.1
8,A,PREY,360,14341.349999999878,500,15540.275999999873,338,0,86.76008875739599,0.0,0,2.1
8,A,PREY,361,17220.629999999855,500,15540.275999999873,4,1,96.00999999999985,5.859999999999612,3,2.1
8,A,PREY,362,16260.869999999852,500,15540.275999999873,1,1,100.0,44.23999999999989,6,2.1
8,A,PREY,363,15780.989999999856,500,15540.275999999873,6,0,93.23499999999974,0.0,1,2.1
8,A,PREY,364,16060.919999999856,500,15540.275999999873,3,1,92.53999999999972,60.6524999999982,4,2.1
8,A,PREY,365,16140.899999999856,500,15540.275999999873,7,0,92.7614285714283,0.0,0,2.1
8,A,PREY,366,16460.81999999985,500,15540.275999999873,1,2,100.0,35.79624999999969,6,2.1
8,A,PREY,367,15381.089999999866,500,15540.275999999873,7,0,94.53142857142835,0.0,0,2.1
8,A,PREY,368,16060.919999999856,500,15540.275999999873,338,0,88.33218934911199,0.0,1,2.1
8,A,PREY,369,15740.99999999986,500,15540.275999999873,6,0,95.45499999999983,0.0,1,2.1
8,A,PREY,370,16460.819999999854,500,15540.275999999873,6,0,89.7349999999996,0.0,1,2.1
8,A,PREY,371,16460.819999999854,500,15540.275999999873,7,0,94.2442857142855,0.0,0,2.1
8,A,PREY,372,15940.949999999857,500,15540.275999999873,6,1,93.19999999999975,3.9875000000004945,1,2.1
8,A,PREY,373,15581.03999999986,500,15540.275999999873,338,1,82.05591715976279,40.65000000000101,4,2.1
8,A,PREY,374,16780.73999999985,500,15540.275999999873,2,2,94.41999999999979,17.396250000000276,5,2.1
8,A,PREY,375,16340.849999999853,500,15540.275999999873,5,1,92.72799999999972,6.374999999999908,2,2.1
8,A,PREY,376,17060.66999999985,500,15540.275999999873,5,1,91.16199999999967,32.30250000000026,2,2.1
8,A,PREY,377,15621.029999999862,500,15540.275999999873,338,0,85.45656804733682,0.0,1,2.1
8,A,PREY,378,16300.859999999857,500,15540.275999999873,5,0,94.19199999999978,0.0,2,2.1
8,A,PREY,379,16740.749999999854,500,15540.275999999873,6,0,91.29499999999967,0.0,1,2.1
8,A,PREY,380,17220.62999999985,500,15540.275999999873,6,0,96.40999999999985,0.0,1,2.1
8,A,PREY,381,15980.93999999986,500,15540.275999999873,338,0,85.62467455621284,0.0,0,2.1
8,A,PREY,382,16300.859999999855,500,15540.275999999873,338,65,88.64763313609464,53.20880769230769,729,2.1
8,A,PREY,383,16300.859999999853,500,15540.275999999873,6,0,93.82999999999977,0.0,1,2.1
8,A,PREY,384,5847.529999999979,198,15540.275999999873,86,2,77.41511627906974,44.63375000000012,2,2.1
8,A,PREY,385,25.910000000000018,8,15540.275999999873,7,2,97.47428571428567,90.82,1,2.1
8,A,PREY,386,15621.029999999864,500,15540.275999999873,3,1,94.8399999999998,44.70499999999975,5,2.1
8,A,PREY,387,2079.890000000001,58,15540.275999999873,6,2,88.53999999999957,81.68999999999983,1,2.1
8,A,PREY,388,14301.35999999988,500,15540.275999999873,6,0,89.5849999999996,0.0,1,2.1
8,A,PREY,389,17020.679999999855,500,15540.275999999873,5,0,93.45999999999975,0.0,2,2.1
8,A,PREY,390,502.7300000000002,14,15540.275999999873,6,2,96.73999999999988,91.05999999999997,1,2.1
8,A,PREY,391,16580.789999999848,500,15540.275999999873,338,0,89.82804733727771,0.0,0,2.1
8,A,PREY,392,16420.829999999853,500,15540.275999999873,338,0,87.76541420118295,0.0,2,2.1
8,A,PREY,393,4396.9699999999975,141,15540.275999999873,74,2,85.68310810810809,59.10875000000017,2,2.1
8,A,PREY,394,4832.98999999999,227,15540.275999999873,6,2,90.54999999999963,29.160000000000117,1,2.1
8,A,PREY,395,15301.109999999866,500,15540.275999999873,7,0,95.2857142857141,0.0,0,2.1
8,A,PREY,396,12250.939999999906,345,15540.275999999873,4,1,92.48499999999972,59.41000000000047,3,2.1
8,A,PREY,397,16740.749999999847,500,15540.275999999873,338,0,77.86139053254362,0.0,0,2.1
8,A,PREY,398,17140.64999999985,500,15540.275999999873,338,2,92.16636094674537,100.0,394,2.1
8,A,PREY,399,181.79000000000002,16,15540.275999999873,8,2,97.20499999999994,100.0,2,2.1
8,A,PREY,400,579.6500000000002,20,15540.275999999873,4,2,94.8699999999998,98.64999999999998,3,2.1
8,A,PREY,401,13541.54999999989,500,15540.275999999873,7,0,94.79714285714267,0.0,0,2.1
8,A,PREY,402,17740.499999999854,500,15540.275999999873,4,1,94.32249999999979,42.83500000000028,3,2.1
8,A,PREY,403,17420.579999999845,500,15540.275999999873,4,2,89.6574999999996,6.065000000000232,3,2.1
8,A,PREY,404,17100.65999999985,500,15540.275999999873,4,1,91.61499999999968,56.822499999998726,3,2.1
8,A,PREY,405,17340.59999999985,500,15540.275999999873,7,0,92.57285714285686,0.0,0,2.1
8,A,PREY,406,16500.809999999856,500,15540.275999999873,338,1,92.55443786982225,100.0,191,2.1
8,A,PREY,407,452.5400000000002,34,15540.275999999873,6,2,92.83999999999973,88.3199999999999,1,2.1
8,A,PREY,408,13061.669999999895,500,15540.275999999873,338,0,85.47565088757337,0.0,0,2.1
8,A,PREY,409,17820.479999999843,500,15540.275999999873,4,1,97.3449999999999,7.779999999999571,3,2.1
8,A,PREY,410,17260.61999999985,500,15540.275999999873,134,1,83.035,19.027500000000547,2,2.1
8,A,PREY,411,17220.629999999852,500,15540.275999999873,338,1,74.77937869822442,2.2400000000002134,1,2.1
8,A,PREY,412,16340.849999999858,500,15540.275999999873,3,2,92.93999999999973,14.144999999999925,4,2.1
8,A,PREY,413,16500.809999999856,500,15540.275999999873,338,0,82.50269230769169,0.0,1,2.1
8,A,PREY,414,17500.559999999852,500,15540.275999999873,338,0,79.52295857988098,0.0,0,2.1
8,A,PREY,415,4712.809999999994,149,15540.275999999873,4,2,96.34749999999985,68.51999999999994,3,2.1
8,A,PREY,416,5788.669999999982,235,15540.275999999873,337,2,79.15848664688421,30.270000000000135,2,2.1
8,A,PREY,417,16420.829999999856,500,15540.275999999873,4,1,96.21999999999986,44.06500000000024,3,2.1
8,A,PREY,418,17580.53999999985,500,15540.275999999873,338,2,70.4396153846147,5.127500000000014,2,2.1
8,A,PREY,419,17260.619999999853,500,15540.275999999873,5,0,93.12399999999974,0.0,2,2.1
8,A,PREY,420,17060.669999999853,500,15540.275999999873,4,1,96.00999999999985,33.57999999999967,3,2.1
8,A,PREY,421,17140.649999999856,500,15540.275999999873,7,0,93.61857142857119,0.0,0,2.1
8,A,PREY,422,16900.709999999854,500,15540.275999999873,2,1,98.37999999999994,57.78749999999977,55,2.1
8,A,PREY,423,16820.72999999985,500,15540.275999999873,338,0,79.20011834319452,0.0,1,2.1
8,A,PREY,424,16580.78999999985,500,15540.275999999873,338,0,82.11269230769169,0.0,0,2.1
8,A,PREY,425,2303.7200000000007,168,15540.275999999873,6,2,95.14499999999983,47.79000000000018,1,2.1
8,A,PREY,426,26.629999999999995,85,15540.275999999873,6,2,92.84999999999972,66.19875000000006,1,2.1
8,A,PREY,427,11923.879999999908,359,15540.275999999873,337,2,74.02311572700246,31.23875000000019,3,2.1
8,A,PREY,428,17260.619999999853,500,15540.275999999873,5,0,92.97999999999973,0.0,2,2.1
8,A,PREY,429,17820.47999999985,500,15540.275999999873,338,0,83.44568047337228,0.0,0,2.1
8,A,PREY,430,1329.2600000000004,40,15540.275999999873,6,2,89.49499999999959,82.34999999999991,1,2.1
8,A,PREY,431,13781.489999999887,500,15540.275999999873,6,1,96.03999999999985,1.2649999999995396,1,2.1
8,A,PREY,432,17540.549999999854,500,15540.275999999873,338,0,82.30482248520647,0.0,0,2.1
8,A,PREY,433,17540.54999999985,500,15540.275999999873,338,1,64.85656804733712,100.0,333,2.1
8,A,PREY,434,17700.509999999846,500,15540.275999999873,5,1,94.7919999999998,22.27999999999976,2,2.1
8,A,PREY,435,7146.799999999964,238,15540.275999999873,6,2,85.52999999999945,23.190000000000147,1,2.1
8,A,PREY,436,15381.08999999987,500,15540.275999999873,338,0,84.75002958579827,0.0,2,2.1
8,A,PREY,437,18020.429999999847,500,15540.275999999873,338,0,87.55621301775103,0.0,1,2.1
8,A,PREY,438,4246.189999999999,123,15540.275999999873,6,2,85.87499999999945,49.440000000000275,1,2.1
8,A,PREY,439,14501.309999999876,500,15540.275999999873,5,1,95.63799999999983,27.28500000000062,2,2.1
8,A,PREY,440,4996.3099999999895,142,15540.275999999873,6,2,88.04999999999954,47.91000000000017,1,2.1
8,A,PREY,441,16260.86999999986,500,15540.275999999873,3,1,94.72999999999979,41.970000000000276,4,2.1
8,A,PREY,442,17940.449999999848,500,15540.275999999873,338,0,87.40204142011783,0.0,0,2.1
8,A,PREY,443,17860.469999999845,500,15540.275999999873,6,1,94.87999999999981,1.640000000000616,1,2.1
8,A,PREY,444,17180.63999999985,500,15540.275999999873,338,2,95.36251479289925,98.79999999999997,606,2.1
8,A,PREY,445,17340.599999999853,500,15540.275999999873,338,0,84.71736686390476,0.0,1,2.1
8,A,PREY,446,17100.65999999985,500,15540.275999999873,3,1,95.98999999999985,6.699999999999556,4,2.1
8,A,PREY,447,17740.499999999844,500,15540.275999999873,6,0,97.0999999999999,0.0,1,2.1
8,A,PREY,448,16620.779999999857,500,15540.275999999873,6,1,93.37999999999975,5.859999999999545,1,2.1
8,A,PREY,449,17180.639999999854,500,15540.275999999873,5,1,93.10599999999974,41.190000000000566,2,2.1
8,A,PREY,450,17620.52999999985,500,15540.275999999873,338,1,84.1030769230768,5.799999999999579,1,2.1
8,A,PREY,451,27.95000000000001,4,15540.275999999873,6,2,99.18999999999996,91.81,1,2.1
8,A,PREY,452,17260.619999999853,500,15540.275999999873,4,1,93.93999999999977,9.279999999999545,3,2.1
8,A,PREY,453,17140.649999999852,500,15540.275999999873,6,0,92.99499999999973,0.0,1,2.1
8,A,PREY,454,16540.799999999857,500,15540.275999999873,338,0,83.9029289940823,0.0,0,2.1
8,A,PREY,455,7862.539999999956,246,15540.275999999873,5,2,87.99999999999955,34.28000000000015,2,2.1
8,A,PREY,456,2.959999999999983,53,15540.275999999873,5,2,90.84999999999965,86.1699999999999,2,2.1
8,A,PREY,457,17980.43999999985,500,15540.275999999873,6,0,92.4049999999997,0.0,1,2.1
8,A,PREY,458,580.6700000000002,18,15540.275999999873,5,2,95.40999999999983,90.66999999999996,2,2.1
8,A,PREY,459,14101.409999999885,500,15540.275999999873,4,1,89.15499999999959,53.34250000000024,3,2.1
8,A,PREY,460,17620.52999999985,500,15540.275999999873,7,0,91.54857142857111,0.0,0,2.1
8,A,PREY,461,5546.479999999983,161,15540.275999999873,120,2,81.38366666666664,89.34999999999965,3,2.1
8,A,PREY,462,603.8300000000002,51,15540.275999999873,6,2,88.79499999999958,76.22999999999992,1,2.1
8,A,PREY,463,12381.839999999904,500,15540.275999999873,5,0,94.19199999999978,0.0,2,2.1
8,A,PREY,464,17940.44999999984,500,15540.275999999873,338,1,78.52875739644902,13.724999999999815,2,2.1
8,A,PREY,465,17500.559999999845,500,15540.275999999873,5,1,93.96399999999977,12.579999999999488,2,2.1
8,A,PREY,466,147.92000000000002,4,15540.275999999873,6,2,99.30999999999996,91.66,1,2.1
8,A,PREY,467,13141.649999999896,500,15540.275999999873,5,0,95.30199999999982,0.0,2,2.1
8,A,PREY,468,18220.379999999845,500,15540.275999999873,3,1,93.56999999999975,40.879999999999924,5,2.1
8,A,PREY,469,17820.47999999985,500,15540.275999999873,6,0,91.28999999999967,0.0,1,2.1
8,A,PREY,470,18060.419999999845,500,15540.275999999873,338,1,87.68529585798768,10.160000000000588,3,2.1
8,A,PREY,471,16740.749999999854,500,15540.275999999873,6,0,91.96499999999969,0.0,1,2.1
8,A,PREY,472,18260.369999999846,500,15540.275999999873,338,0,83.98724852070946,0.0,0,2.1
8,A,PREY,473,17420.579999999853,500,15540.275999999873,7,0,92.38428571428543,0.0,0,2.1
8,A,PREY,474,8903.809999999945,243,15540.275999999873,5,2,86.9379999999995,42.36875000000019,2,2.1
8,A,PREY,475,17900.45999999985,500,15540.275999999873,4,1,95.85999999999984,12.562500000000378,3,2.1
8,A,PREY,476,1007.8100000000004,43,15540.275999999873,5,2,90.03999999999962,91.5987499999999,2,2.1
8,A,PREY,477,4256.299999999998,260,15540.275999999873,3,2,93.75999999999976,48.41999999999964,5,2.1
8,A,PREY,478,17220.629999999852,500,15540.275999999873,338,0,77.35375739644962,0.0,1,2.1
8,A,PREY,479,18540.29999999984,500,15540.275999999873,338,2,86.59443786982214,100.0,476,2.1
8,A,PREY,480,18180.389999999847,500,15540.275999999873,338,1,88.64085798816524,100.0,227,2.1
8,A,PREY,481,18140.399999999845,500,15540.275999999873,338,0,79.9730177514786,0.0,0,2.1
8,A,PREY,482,29.480000000000004,1,15540.275999999873,6,2,100.0,92.28999999999999,1,2.1
8,A,PREY,483,16460.81999999986,500,15540.275999999873,338,0,89.02378698224813,0.0,0,2.1
8,A,PREY,484,17220.629999999852,500,15540.275999999873,338,1,82.71360946745509,100.0,169,2.1
8,A,PREY,485,17820.479999999847,500,15540.275999999873,338,1,81.556834319526,7.8300000000002665,2,2.1
8,A,PREY,486,17020.67999999985,500,15540.275999999873,6,0,93.07999999999974,0.0,1,2.1
8,A,PREY,487,374.6,30,15540.275999999873,6,2,93.24499999999976,85.04999999999995,1,2.1
8,A,PREY,488,12061.91999999991,500,15540.275999999873,338,0,74.26902366863843,0.0,2,2.1
8,A,PREY,489,18260.36999999984,500,15540.275999999873,338,1,81.11488165680414,24.439999999999785,3,2.1
8,A,PREY,490,541.7000000000002,16,15540.275999999873,6,2,96.09999999999984,89.13999999999999,1,2.1
8,A,PREY,491,15221.129999999874,500,15540.275999999873,6,1,92.47499999999972,5.960000000000028,1,2.1
8,A,PREY,492,18300.359999999837,500,15540.275999999873,338,0,82.81491124260296,0.0,2,2.1
8,A,PREY,493,18100.409999999843,500,15540.275999999873,5,0,95.04999999999981,0.0,2,2.1
8,A,PREY,494,18340.34999999985,500,15540.275999999873,6,0,88.91999999999958,0.0,1,2.1
8,A,PREY,495,17580.539999999848,500,15540.275999999873,6,0,94.04999999999977,0.0,1,2.1
8,A,PREY,496,17580.53999999985,500,15540.275999999873,7,0,92.0799999999997,0.0,0,2.1
8,A,PREY,497,11453.179999999915,341,15540.275999999873,337,2,83.85367952522203,68.60624999999995,65,2.1
8,A,PREY,498,18180.389999999847,500,15540.275999999873,338,0,89.73571005917121,0.0,1,2.1
8,A,PREY,499,2770.109999999995,118,15540.275999999873,337,2,96.47400593471801,67.72000000000014,12,2.1
8,A,PREY,500,18340.349999999853,500,15540.275999999873,338,0,87.26221893491073,0.0,1,2.1
8,B,PREDATOR,1,12.293333333333075,283,1.5791666666666544,4,2,99.9325,20.040000000000365,2,1.9
8,B,PREDATOR,2,12.36666666666625,273,1.5791666666666544,3,2,100.0,25.77000000000024,3,1.9
8,B,PREDATOR,3,-12.179999999999998,218,1.5791666666666544,5,3,100.0,24.01333333333358,1,1.9
8,B,PREDATOR,4,-12.169999999999998,217,1.5791666666666544,4,2,100.0,29.36000000000027,2,1.9
8,B,PREDATOR,5,-12.139999999999999,214,1.5791666666666544,5,2,99.976,27.87000000000035,1,1.9
8,B,PREDATOR,6,-12.249999999999996,225,1.5791666666666544,6,2,100.0,19.750000000000153,0,1.9
8,B,PREDATOR,7,-12.249999999999996,225,1.5791666666666544,3,2,100.0,49.60000000000051,3,1.9
8,B,PREDATOR,8,-12.169999999999998,217,1.5791666666666544,4,2,100.0,22.240000000000176,2,1.9
8,B,PREDATOR,9,-12.239999999999997,224,1.5791666666666544,6,2,100.0,27.070000000000157,0,1.9
8,B,PREDATOR,10,-12.269999999999996,227,1.5791666666666544,4,2,100.0,26.810000000000148,2,1.9
8,B,PREDATOR,11,-12.349999999999994,235,1.5791666666666544,5,2,100.0,14.850000000000144,1,1.9
8,B,PREDATOR,12,-12.309999999999995,231,1.5791666666666544,5,2,100.0,22.5300000000004,1,1.9
8,B,PREDATOR,13,12.176666666666423,292,1.5791666666666544,4,2,100.0,11.460000000000154,2,1.9
8,B,PREDATOR,14,-12.209999999999997,221,1.5791666666666544,5,2,99.976,19.380000000000177,1,1.9
8,B,PREDATOR,15,-12.249999999999996,225,1.5791666666666544,4,2,100.0,38.44999999999998,2,1.9
8,B,PREDATOR,16,-12.189999999999998,219,1.5791666666666544,6,2,100.0,21.67000000000011,0,1.9
8,B,PREDATOR,17,-12.209999999999997,221,1.5791666666666544,6,2,100.0,23.530000000000225,0,1.9
8,B,PREDATOR,18,-12.259999999999996,226,1.5791666666666544,5,2,99.976,36.780000000000186,1,1.9
8,B,PREDATOR,19,-12.309999999999995,231,1.5791666666666544,6,2,100.0,6.430000000000279,0,1.9
8,B,PREDATOR,20,-12.179999999999998,218,1.5791666666666544,5,2,100.0,21.520000000000113,1,1.9
8,B,PREDATOR,21,-12.229999999999997,223,1.5791666666666544,6,2,100.0,8.890000000000263,0,1.9
8,B,PREDATOR,22,-12.409999999999993,241,1.5791666666666544,3,2,100.0,40.18000000000024,3,1.9
8,B,PREDATOR,23,-12.289999999999996,229,1.5791666666666544,4,2,100.0,40.37000000000015,2,1.9
8,B,PREDATOR,24,-12.189999999999998,219,1.5791666666666544,6,2,100.0,10.120000000000234,0,1.9
8,B,PREDATOR,25,-12.209999999999997,221,1.5791666666666544,5,2,100.0,33.7800000000002,1,1.9
8,B,PREDATOR,26,-12.209999999999997,221,1.5791666666666544,6,2,100.0,18.130000000000166,0,1.9
8,B,PREDATOR,27,12.07999999999978,299,1.5791666666666544,3,2,100.0,20.43999999999977,3,1.9
8,B,PREDATOR,28,-12.189999999999998,219,1.5791666666666544,4,2,100.0,45.1799999999998,2,1.9
8,B,PREDATOR,29,-12.209999999999997,221,1.5791666666666544,5,2,100.0,34.98000000000029,1,1.9
8,B,PREDATOR,30,-12.309999999999995,231,1.5791666666666544,5,2,100.0,41.129999999999825,1,1.9
8,B,PREDATOR,31,-12.219999999999997,222,1.5791666666666544,6,2,100.0,21.760000000000133,0,1.9
8,B,PREDATOR,32,-12.249999999999996,225,1.5791666666666544,6,2,100.0,14.20000000000027,0,1.9
8,B,PREDATOR,33,-12.309999999999995,231,1.5791666666666544,6,2,100.0,24.580000000000226,0,1.9
8,B,PREDATOR,34,-12.229999999999997,223,1.5791666666666544,4,2,100.0,27.749999999999982,2,1.9
8,B,PREDATOR,35,-12.239999999999997,224,1.5791666666666544,4,2,100.0,34.81999999999999,2,1.9
8,B,PREDATOR,36,-12.189999999999998,219,1.5791666666666544,5,2,100.0,24.720000000000333,1,1.9
8,B,PREDATOR,37,-12.209999999999997,221,1.5791666666666544,5,2,100.0,28.530000000000204,1,1.9
8,B,PREDATOR,38,-12.219999999999997,222,1.5791666666666544,6,2,99.955,27.460000000000157,0,1.9
8,B,PREDATOR,39,-12.309999999999995,231,1.5791666666666544,5,2,100.0,23.58000000000042,1,1.9
8,B,PREDATOR,40,-12.179999999999998,218,1.5791666666666544,5,2,100.0,19.9900000000003,1,1.9
8,B,PREDATOR,41,-12.329999999999995,233,1.5791666666666544,4,2,100.0,33.29000000000037,2,1.9
8,B,PREDATOR,42,443.8250000000015,500,1.5791666666666544,337,2,87.54522255192816,85.9599999999998,75,1.9
8,B,PREDATOR,43,-12.269999999999996,227,1.5791666666666544,4,2,100.0,45.03000000000003,2,1.9
8,B,PREDATOR,44,-12.209999999999997,221,1.5791666666666544,4,2,100.0,44.39999999999995,2,1.9
8,B,PREDATOR,45,-12.219999999999997,222,1.5791666666666544,5,2,100.0,14.46000000000021,1,1.9
8,B,PREDATOR,46,-12.219999999999997,222,1.5791666666666544,4,2,100.0,31.710000000000154,2,1.9
8,B,PREDATOR,47,-12.249999999999996,225,1.5791666666666544,4,2,100.0,36.96999999999981,2,1.9
8,B,PREDATOR,48,-12.239999999999997,224,1.5791666666666544,4,2,100.0,49.26999999999981,2,1.9
8,B,PREDATOR,49,-12.289999999999996,229,1.5791666666666544,3,2,100.0,45.970000000000475,3,1.9
8,B,PREDATOR,50,-12.199999999999998,220,1.5791666666666544,4,2,100.0,37.400000000000304,2,1.9
8,B,PREDATOR,51,-12.239999999999997,224,1.5791666666666544,5,2,100.0,27.49000000000027,1,1.9
8,B,PREDATOR,52,12.333333333333064,279,1.5791666666666544,5,2,100.0,19.72000000000019,1,1.9
8,B,PREDATOR,53,-12.179999999999998,218,1.5791666666666544,5,2,100.0,26.640000000000327,1,1.9
8,B,PREDATOR,54,12.253333333333101,287,1.5791666666666544,5,2,100.0,15.310000000000162,1,1.9
8,B,PREDATOR,55,12.373333333332932,275,1.5791666666666544,4,2,100.0,28.500000000000526,2,1.9
8,B,PREDATOR,56,-12.189999999999998,219,1.5791666666666544,5,2,100.0,34.32999999999978,1,1.9
8,B,PREDATOR,57,-12.339999999999995,234,1.5791666666666544,4,2,99.9325,29.270000000000234,2,1.9
8,B,PREDATOR,58,12.313333333333032,281,1.5791666666666544,4,2,100.0,15.630000000000242,2,1.9
8,B,PREDATOR,59,-12.289999999999996,229,1.5791666666666544,5,2,100.0,26.82000000000015,1,1.9
8,B,PREDATOR,60,-12.209999999999997,221,1.5791666666666544,6,2,100.0,22.630000000000074,0,1.9
8,B,PREDATOR,61,12.109999999999635,296,1.5791666666666544,3,2,100.0,14.73000000000015,3,1.9
8,B,PREDATOR,62,12.096666666666499,300,1.5791666666666544,3,1,100.0,42.60000000000036,3,1.9
8,B,PREDATOR,63,-12.389999999999993,239,1.5791666666666544,6,2,100.0,29.020000000000216,0,1.9
8,B,PREDATOR,64,-12.199999999999998,220,1.5791666666666544,5,2,100.0,26.400000000000034,1,1.9
8,B,PREDATOR,65,-12.359999999999994,236,1.5791666666666544,6,2,99.955,16.930000000000256,0,1.9
8,B,PREDATOR,66,12.303333333332924,282,1.5791666666666544,4,2,100.0,8.460000000000269,2,1.9
8,B,PREDATOR,67,12.273333333332905,285,1.5791666666666544,4,2,100.0,17.700000000000202,2,1.9
8,B,PREDATOR,68,-12.249999999999996,225,1.5791666666666544,6,2,100.0,17.050000000000225,0,1.9
8,B,PREDATOR,69,-12.169999999999998,217,1.5791666666666544,4,2,100.0,36.40999999999987,2,1.9
8,B,PREDATOR,70,-12.239999999999997,224,1.5791666666666544,5,2,100.0,24.27000000000042,1,1.9
8,B,PREDATOR,71,12.213333333333084,291,1.5791666666666544,5,2,100.0,6.280000000000263,1,1.9
8,B,PREDATOR,72,-12.339999999999995,234,1.5791666666666544,6,2,100.0,30.220000000000244,0,1.9
8,B,PREDATOR,73,-12.249999999999996,225,1.5791666666666544,4,2,100.0,54.299999999999656,2,1.9
8,B,PREDATOR,74,-12.239999999999997,224,1.5791666666666544,6,2,100.0,20.62000000000024,0,1.9
8,B,PREDATOR,75,-12.229999999999997,223,1.5791666666666544,6,2,100.0,14.59000000000023,0,1.9
8,B,PREDATOR,76,-12.229999999999997,223,1.5791666666666544,4,2,100.0,27.730000000000175,2,1.9
8,B,PREDATOR,77,12.193333333332939,293,1.5791666666666544,4,2,100.0,13.140000000000267,2,1.9
8,B,PREDATOR,78,-12.239999999999997,224,1.5791666666666544,6,2,100.0,24.52000000000031,0,1.9
8,B,PREDATOR,79,-12.249999999999996,225,1.5791666666666544,4,2,100.0,29.90000000000042,2,1.9
8,B,PREDATOR,80,-12.249999999999996,225,1.5791666666666544,4,2,100.0,34.24999999999992,2,1.9
8,B,PREDATOR,81,-12.309999999999995,231,1.5791666666666544,5,2,100.0,28.23000000000023,1,1.9
8,B,PREDATOR,82,-12.259999999999996,226,1.5791666666666544,5,2,100.0,38.4399999999999,1,1.9
8,B,PREDATOR,83,-12.419999999999993,242,1.5791666666666544,5,2,100.0,28.110000000000046,1,1.9
8,B,PREDATOR,84,-12.239999999999997,224,1.5791666666666544,6,2,100.0,11.020000000000241,0,1.9
8,B,PREDATOR,85,12.063333333332979,306,1.5791666666666544,5,1,100.0,5.380000000000255,1,1.9
8,B,PREDATOR,86,-12.449999999999992,245,1.5791666666666544,5,2,100.0,28.800000000000253,1,1.9
8,B,PREDATOR,87,-12.259999999999996,226,1.5791666666666544,4,2,100.0,40.13000000000044,2,1.9
8,B,PREDATOR,88,-12.219999999999997,222,1.5791666666666544,6,2,100.0,19.2100000000002,0,1.9
8,B,PREDATOR,89,12.083333333332943,304,1.5791666666666544,5,1,100.0,2.9200000000002673,1,1.9
8,B,PREDATOR,90,-12.159999999999998,216,1.5791666666666544,5,2,100.0,23.430000000000305,1,1.9
8,B,PREDATOR,91,-12.219999999999997,222,1.5791666666666544,5,2,100.0,38.61000000000014,1,1.9
8,B,PREDATOR,92,12.273333333333143,285,1.5791666666666544,5,2,100.0,6.7000000000001405,1,1.9
8,B,PREDATOR,93,36.576666666666654,359,1.5791666666666544,3,2,100.0,11.520000000000378,3,1.9
8,B,PREDATOR,94,-12.339999999999995,234,1.5791666666666544,5,2,100.0,39.41999999999984,1,1.9
8,B,PREDATOR,95,36.57916666666692,352,1.5791666666666544,3,2,100.0,7.4800000000000635,3,1.9
8,B,PREDATOR,96,-12.409999999999993,241,1.5791666666666544,5,2,100.0,29.730000000000455,1,1.9
8,B,PREDATOR,97,12.303333333333127,282,1.5791666666666544,4,2,100.0,24.060000000000265,2,1.9
8,B,PREDATOR,98,-11.4,140,1.5791666666666544,5,3,100.0,30.673333333333634,1,1.9
8,B,PREDATOR,99,-12.199999999999998,220,1.5791666666666544,5,2,100.0,37.650000000000176,1,1.9
8,B,PREDATOR,100,-12.209999999999997,221,1.5791666666666544,5,2,100.0,28.230000000000036,1,1.9
8,B,PREDATOR,101,11.813333333332894,331,1.5791666666666544,4,2,100.0,11.88000000000046,2,1.9
8,B,PREDATOR,102,-12.259999999999996,226,1.5791666666666544,4,2,100.0,32.780000000000285,2,1.9
8,B,PREDATOR,103,-12.199999999999998,220,1.5791666666666544,5,2,100.0,25.500000000000455,1,1.9
8,B,PREDATOR,104,-12.209999999999997,221,1.5791666666666544,5,2,100.0,11.860000000000248,1,1.9
8,B,PREDATOR,105,-12.189999999999998,219,1.5791666666666544,6,2,100.0,19.120000000000253,0,1.9
8,B,PREDATOR,106,-12.199999999999998,220,1.5791666666666544,4,2,100.0,42.8499999999999,2,1.9
8,B,PREDATOR,107,36.77000000000009,345,1.5791666666666544,4,1,100.0,2.800000000000143,2,1.9
8,B,PREDATOR,108,-12.359999999999994,236,1.5791666666666544,6,2,100.0,16.630000000000223,0,1.9
8,B,PREDATOR,109,12.266666666666415,283,1.5791666666666544,4,2,100.0,17.080000000000105,2,1.9
8,B,PREDATOR,110,-12.239999999999997,224,1.5791666666666544,6,2,100.0,11.920000000000243,0,1.9
8,B,PREDATOR,111,-12.209999999999997,221,1.5791666666666544,5,2,100.0,22.38000000000023,1,1.9
8,B,PREDATOR,112,12.146666666666318,295,1.5791666666666544,4,2,100.0,11.250000000000165,2,1.9
8,B,PREDATOR,113,12.223333333333029,290,1.5791666666666544,3,2,100.0,27.05000000000038,3,1.9
8,B,PREDATOR,114,-12.249999999999996,225,1.5791666666666544,4,2,100.0,33.82000000000001,2,1.9
8,B,PREDATOR,115,-12.219999999999997,222,1.5791666666666544,5,2,100.0,41.16000000000008,1,1.9
8,B,PREDATOR,116,-12.309999999999995,231,1.5791666666666544,4,2,100.0,25.580000000000304,2,1.9
8,B,PREDATOR,117,-12.359999999999994,236,1.5791666666666544,6,2,100.0,10.030000000000177,0,1.9
8,B,PREDATOR,118,-12.239999999999997,224,1.5791666666666544,2,2,100.0,45.27000000000008,4,1.9
8,B,PREDATOR,119,-12.159999999999998,216,1.5791666666666544,6,2,100.0,13.030000000000218,0,1.9
8,B,PREDATOR,120,36.36666666666689,380,1.5791666666666544,3,1,100.0,14.30000000000066,3,1.9
8,B,PREDATOR,121,-12.459999999999992,246,1.5791666666666544,3,2,100.0,39.2800000000004,3,1.9
8,B,PREDATOR,122,-12.259999999999996,226,1.5791666666666544,5,2,100.0,26.290000000000056,1,1.9
8,B,PREDATOR,123,-12.279999999999996,228,1.5791666666666544,6,2,100.0,19.690000000000296,0,1.9
8,B,PREDATOR,124,12.333333333332925,279,1.5791666666666544,5,2,100.0,6.6700000000001936,1,1.9
8,B,PREDATOR,125,-12.249999999999996,225,1.5791666666666544,5,2,100.0,35.70000000000033,1,1.9
8,B,PREDATOR,126,-12.229999999999997,223,1.5791666666666544,6,2,100.0,6.790000000000298,0,1.9
8,B,PREDATOR,127,-12.259999999999996,226,1.5791666666666544,5,2,100.0,36.329999999999785,1,1.9
8,B,PREDATOR,128,12.003333333333034,312,1.5791666666666544,4,2,100.0,11.46000000000047,2,1.9
8,B,PREDATOR,129,-12.229999999999997,223,1.5791666666666544,4,2,100.0,42.44000000000029,2,1.9
8,B,PREDATOR,130,-12.269999999999996,227,1.5791666666666544,6,2,100.0,18.160000000000164,0,1.9
8,B,PREDATOR,131,-12.259999999999996,226,1.5791666666666544,6,2,100.0,20.98000000000016,0,1.9
8,B,PREDATOR,132,-12.369999999999994,237,1.5791666666666544,337,2,81.02884272996987,55.87000000000012,56,1.9
8,B,PREDATOR,133,12.013333333332872,311,1.5791666666666544,4,2,100.0,16.68000000000052,2,1.9
8,B,PREDATOR,134,13.193333333333198,193,1.5791666666666544,5,3,100.0,16.00000000000011,1,1.9
8,B,PREDATOR,135,12.206666666666463,289,1.5791666666666544,4,2,100.0,9.120000000000191,2,1.9
8,B,PREDATOR,136,11.856666666666209,324,1.5791666666666544,4,1,100.0,6.100000000000238,2,1.9
8,B,PREDATOR,137,-12.509999999999991,251,1.5791666666666544,3,2,100.0,46.18000000000006,3,1.9
8,B,PREDATOR,138,-12.209999999999997,221,1.5791666666666544,4,2,100.0,41.930000000000156,2,1.9
8,B,PREDATOR,139,11.653333333332911,347,1.5791666666666544,4,1,100.0,8.060000000000684,2,1.9
8,B,PREDATOR,140,-12.199999999999998,220,1.5791666666666544,6,2,100.0,30.250000000000174,0,1.9
8,B,PREDATOR,141,-11.3,130,1.5791666666666544,5,3,100.0,28.6933333333335,1,1.9
8,B,PREDATOR,142,36.610000000000184,361,1.5791666666666544,4,1,100.0,2.680000000000285,2,1.9
8,B,PREDATOR,143,-12.209999999999997,221,1.5791666666666544,5,2,100.0,28.980000000000217,1,1.9
8,B,PREDATOR,144,-12.239999999999997,224,1.5791666666666544,2,2,100.0,50.2200000000001,4,1.9
8,B,PREDATOR,145,-12.209999999999997,221,1.5791666666666544,6,2,100.0,23.980000000000118,0,1.9
8,B,PREDATOR,146,-12.219999999999997,222,1.5791666666666544,3,2,100.0,53.95999999999988,3,1.9
8,B,PREDATOR,147,12.066666666666327,303,1.5791666666666544,4,2,100.0,2.6400000000002075,2,1.9
8,B,PREDATOR,148,-12.509999999999991,251,1.5791666666666544,5,2,100.0,21.33000000000018,1,1.9
8,B,PREDATOR,149,-11.350000000000001,135,1.5791666666666544,3,3,100.0,42.6000000000002,3,1.9
8,B,PREDATOR,150,11.976666666666434,312,1.5791666666666544,4,2,100.0,5.310000000000096,2,1.9
8,B,PREDATOR,151,-12.359999999999994,236,1.5791666666666544,4,2,100.0,29.63000000000041,2,1.9
8,B,PREDATOR,152,-12.329999999999995,233,1.5791666666666544,4,2,100.0,41.52999999999976,2,1.9
8,B,PREDATOR,153,11.91666666666619,318,1.5791666666666544,4,2,100.0,11.950000000000134,2,1.9
8,B,PREDATOR,154,-12.209999999999997,221,1.5791666666666544,5,2,100.0,22.38000000000043,1,1.9
8,B,PREDATOR,155,-12.359999999999994,236,1.5791666666666544,5,2,100.0,19.830000000000197,1,1.9
8,B,PREDATOR,156,-12.189999999999998,219,1.5791666666666544,5,2,100.0,27.72000000000027,1,1.9
8,B,PREDATOR,157,-12.169999999999998,217,1.5791666666666544,6,2,100.0,26.560000000000038,0,1.9
8,B,PREDATOR,158,-12.289999999999996,229,1.5791666666666544,4,2,100.0,30.286250000000123,2,1.9
8,B,PREDATOR,159,36.91000000000045,331,1.5791666666666544,3,2,100.0,23.430000000000298,3,1.9
8,B,PREDATOR,160,-12.239999999999997,224,1.5791666666666544,5,2,100.0,17.290000000000113,1,1.9
8,B,PREDATOR,161,-12.339999999999995,234,1.5791666666666544,4,2,100.0,34.97000000000035,2,1.9
8,B,PREDATOR,162,-12.269999999999996,227,1.5791666666666544,5,2,100.0,21.510000000000172,1,1.9
8,B,PREDATOR,163,-12.259999999999996,226,1.5791666666666544,4,2,100.0,26.470000000000205,2,1.9
8,B,PREDATOR,164,11.629999999999482,344,1.5791666666666544,2,2,100.0,9.120000000000058,4,1.9
8,B,PREDATOR,165,-12.53999999999999,254,1.5791666666666544,4,2,100.0,24.17000000000028,2,1.9
8,B,PREDATOR,166,-12.269999999999996,227,1.5791666666666544,5,2,100.0,30.960000000000164,1,1.9
8,B,PREDATOR,167,-12.239999999999997,224,1.5791666666666544,4,2,100.0,33.320000000000256,2,1.9
8,B,PREDATOR,168,12.433333333332937,269,1.5791666666666544,5,2,100.0,13.27000000000018,1,1.9
8,B,PREDATOR,169,-12.159999999999998,216,1.5791666666666544,6,2,100.0,24.580000000000243,0,1.9
8,B,PREDATOR,170,-12.499999999999991,250,1.5791666666666544,6,2,99.955,14.800000000000104,0,1.9
8,B,PREDATOR,171,12.133333333332866,299,1.5791666666666544,4,2,100.0,22.020000000000266,2,1.9
8,B,PREDATOR,172,11.603333333332897,352,1.5791666666666544,5,0,100.0,0.0,1,1.9
8,B,PREDATOR,173,-12.949999999999982,295,1.5791666666666544,5,2,100.0,8.700000000000156,1,1.9
8,B,PREDATOR,174,11.496666666666284,360,1.5791666666666544,3,2,100.0,11.450000000000188,3,1.9
8,B,PREDATOR,175,11.663333333332934,346,1.5791666666666544,4,2,100.0,18.480000000000246,2,1.9
8,B,PREDATOR,176,60.65666666666517,458,1.5791666666666544,1,2,100.0,5.840000000000517,5,1.9
8,B,PREDATOR,177,-12.839999999999984,284,1.5791666666666544,4,2,100.0,23.420000000000435,2,1.9
8,B,PREDATOR,178,-12.489999999999991,249,1.5791666666666544,5,2,100.0,32.52000000000007,1,1.9
8,B,PREDATOR,179,-12.439999999999992,244,1.5791666666666544,4,2,100.0,34.670000000000165,2,1.9
8,B,PREDATOR,180,-12.259999999999996,226,1.5791666666666544,5,2,100.0,26.130000000000084,1,1.9
8,B,PREDATOR,181,12.233333333333148,289,1.5791666666666544,5,2,100.0,3.5200000000002327,1,1.9
8,B,PREDATOR,182,-12.699999999999987,270,1.5791666666666544,6,2,100.0,10.600000000000287,0,1.9
8,B,PREDATOR,183,-12.779999999999985,278,1.5791666666666544,4,2,100.0,21.14000000000022,2,1.9
8,B,PREDATOR,184,-12.699999999999987,270,1.5791666666666544,4,2,100.0,17.600000000000218,2,1.9
8,B,PREDATOR,185,-12.179999999999998,218,1.5791666666666544,5,2,100.0,20.49000000000038,1,1.9
8,B,PREDATOR,186,12.313333333333231,281,1.5791666666666544,5,2,100.0,4.0300000000002605,1,1.9
8,B,PREDATOR,187,-12.289999999999996,229,1.5791666666666544,4,2,100.0,43.37000000000042,2,1.9
8,B,PREDATOR,188,-12.459999999999992,246,1.5791666666666544,4,2,100.0,20.03000000000037,2,1.9
8,B,PREDATOR,189,-12.169999999999998,217,1.5791666666666544,4,2,100.0,45.71000000000008,2,1.9
8,B,PREDATOR,190,-12.269999999999996,227,1.5791666666666544,5,2,99.976,30.660000000000025,1,1.9
8,B,PREDATOR,191,11.863333333332841,326,1.5791666666666544,4,2,100.0,2.5800000000001453,2,1.9
8,B,PREDATOR,192,-12.259999999999996,226,1.5791666666666544,6,2,100.0,9.280000000000172,0,1.9
8,B,PREDATOR,193,-12.449999999999992,245,1.5791666666666544,5,2,100.0,24.600000000000236,1,1.9
8,B,PREDATOR,194,-12.359999999999994,236,1.5791666666666544,5,2,100.0,26.32000000000007,1,1.9
8,B,PREDATOR,195,-12.409999999999993,241,1.5791666666666544,3,2,100.0,40.79000000000022,3,1.9
8,B,PREDATOR,196,-12.239999999999997,224,1.5791666666666544,5,2,100.0,25.77000000000036,1,1.9
8,B,PREDATOR,197,12.213333333332924,291,1.5791666666666544,3,2,100.0,15.980000000000237,3,1.9
8,B,PREDATOR,198,-12.249999999999996,225,1.5791666666666544,5,2,100.0,21.90000000000026,1,1.9
8,B,PREDATOR,199,-12.229999999999997,223,1.5791666666666544,1,2,100.0,61.319999999999894,5,1.9
8,B,PREDATOR,200,11.969999999999802,310,1.5791666666666544,3,2,100.0,27.35000000000073,3,1.9
8,B,PREDATOR,201,11.853333333333081,327,1.5791666666666544,5,1,100.0,1.6600000000002737,1,1.9
8,B,PREDATOR,202,-12.159999999999998,216,1.5791666666666544,3,2,100.0,39.10000000000001,3,1.9
8,B,PREDATOR,203,-12.239999999999997,224,1.5791666666666544,4,2,100.0,34.02000000000021,2,1.9
8,B,PREDATOR,204,-12.209999999999997,221,1.5791666666666544,6,2,100.0,15.43000000000021,0,1.9
8,B,PREDATOR,205,-12.329999999999995,233,1.5791666666666544,5,2,100.0,26.4700000000001,1,1.9
8,B,PREDATOR,206,-12.379999999999994,238,1.5791666666666544,6,2,100.0,19.24000000000013,0,1.9
8,B,PREDATOR,207,12.153333333332968,297,1.5791666666666544,2,2,100.0,26.410000000000142,4,1.9
8,B,PREDATOR,208,-12.319999999999995,232,1.5791666666666544,4,2,100.0,36.86000000000023,2,1.9
8,B,PREDATOR,209,-12.259999999999996,226,1.5791666666666544,6,2,100.0,8.23000000000025,0,1.9
8,B,PREDATOR,210,-12.439999999999992,244,1.5791666666666544,6,2,100.0,13.12000000000025,0,1.9
8,B,PREDATOR,211,-12.489999999999991,249,1.5791666666666544,337,2,78.1060237388718,71.06000000000029,18,1.9
8,B,PREDATOR,212,-12.469999999999992,247,1.5791666666666544,4,2,100.0,33.110000000000284,2,1.9
8,B,PREDATOR,213,12.223333333333203,290,1.5791666666666544,5,2,100.0,8.950000000000285,1,1.9
8,B,PREDATOR,214,-12.609999999999989,261,1.5791666666666544,3,2,99.91000000000001,26.08000000000032,3,1.9
8,B,PREDATOR,215,11.713333333332878,341,1.5791666666666544,3,2,100.0,20.930000000000536,3,1.9
8,B,PREDATOR,216,-12.339999999999995,234,1.5791666666666544,5,2,100.0,20.67000000000024,1,1.9
8,B,PREDATOR,217,11.213333333332821,391,1.5791666666666544,3,2,100.0,17.780000000000264,3,1.9
8,B,PREDATOR,218,-12.249999999999996,225,1.5791666666666544,5,2,100.0,38.85000000000023,1,1.9
8,B,PREDATOR,219,-12.459999999999992,246,1.5791666666666544,6,2,100.0,13.630000000000155,0,1.9
8,B,PREDATOR,220,-12.839999999999984,284,1.5791666666666544,4,2,100.0,20.120000000000072,2,1.9
8,B,PREDATOR,221,-12.269999999999996,227,1.5791666666666544,5,2,100.0,21.66000000000006,1,1.9
8,B,PREDATOR,222,-12.359999999999994,236,1.5791666666666544,5,2,100.0,26.130000000000116,1,1.9
8,B,PREDATOR,223,11.813333333332837,331,1.5791666666666544,2,2,100.0,21.06000000000031,4,1.9
8,B,PREDATOR,224,-12.339999999999995,234,1.5791666666666544,6,2,100.0,26.6200000000003,0,1.9
8,B,PREDATOR,225,36.813333333333176,338,1.5791666666666544,3,2,100.0,8.790000000000353,3,1.9
8,B,PREDATOR,226,-12.149999999999999,215,1.5791666666666544,4,2,99.9325,41.5599999999998,2,1.9
8,B,PREDATOR,227,-12.329999999999995,233,1.5791666666666544,6,2,100.0,17.59000000000028,0,1.9
8,B,PREDATOR,228,-12.239999999999997,224,1.5791666666666544,4,2,100.0,52.97,2,1.9
8,B,PREDATOR,229,-12.209999999999997,221,1.5791666666666544,6,2,99.955,16.63000000000025,0,1.9
8,B,PREDATOR,230,12.846666666666453,225,1.5791666666666544,4,3,100.0,17.000000000000046,2,1.9
8,B,PREDATOR,231,-12.55999999999999,256,1.5791666666666544,5,2,100.0,30.630000000000308,1,1.9
8,B,PREDATOR,232,12.143333333332889,298,1.5791666666666544,5,2,100.0,6.340000000000237,1,1.9
8,B,PREDATOR,233,-12.279999999999996,228,1.5791666666666544,5,2,100.0,38.040000000000155,1,1.9
8,B,PREDATOR,234,-12.259999999999996,226,1.5791666666666544,6,2,100.0,10.03000000000024,0,1.9
8,B,PREDATOR,235,-12.669999999999987,267,1.5791666666666544,3,2,100.0,42.23000000000018,3,1.9
8,B,PREDATOR,236,12.263333333332922,286,1.5791666666666544,3,2,100.0,27.679999999999893,3,1.9
8,B,PREDATOR,237,11.623333333332814,347,1.5791666666666544,5,0,100.0,0.0,1,1.9
8,B,PREDATOR,238,-12.439999999999992,244,1.5791666666666544,4,2,100.0,33.02000000000035,2,1.9
8,B,PREDATOR,239,-12.189999999999998,219,1.5791666666666544,5,2,100.0,22.920000000000243,1,1.9
8,B,PREDATOR,240,36.15666666666703,401,1.5791666666666544,3,1,100.0,4.179999999999852,3,1.9
8,B,PREDATOR,241,-12.639999999999988,264,1.5791666666666544,6,2,100.0,15.670000000000153,0,1.9
8,B,PREDATOR,242,12.053333333332864,307,1.5791666666666544,4,1,100.0,22.7600000000001,2,1.9
8,B,PREDATOR,243,60.92999999999869,428,1.5791666666666544,1,1,100.0,4.139999999999682,5,1.9
8,B,PREDATOR,244,12.89333333333318,223,1.5791666666666544,4,1,100.0,38.24000000000062,2,1.9
8,B,PREDATOR,245,11.333333333333035,379,1.5791666666666544,5,1,100.0,8.320000000000242,1,1.9
8,B,PREDATOR,246,-12.839999999999984,284,1.5791666666666544,6,2,100.0,3.670000000000198,0,1.9
8,B,PREDATOR,247,-12.58999999999999,259,1.5791666666666544,5,2,100.0,24.570000000000142,1,1.9
8,B,PREDATOR,248,-12.339999999999995,234,1.5791666666666544,174,2,76.59402298850576,24.970000000000212,0,1.9
8,B,PREDATOR,249,11.553333333332835,357,1.5791666666666544,4,2,100.0,10.110000000000436,2,1.9
8,B,PREDATOR,250,35.880000000000614,434,1.5791666666666544,196,0,75.29938775510205,0.0,2,1.9
8,B,PREDATOR,251,10.896666666666222,420,1.5791666666666544,3,1,100.0,21.300000000000047,3,1.9
8,B,PREDATOR,252,-13.50999999999997,351,1.5791666666666544,4,1,100.0,22.380000000000194,2,1.9
8,B,PREDATOR,253,-12.159999999999998,216,1.5791666666666544,5,2,100.0,27.60999999999995,1,1.9
8,B,PREDATOR,254,-12.339999999999995,234,1.5791666666666544,6,2,100.0,13.420000000000172,0,1.9
8,B,PREDATOR,255,11.833333333332961,329,1.5791666666666544,5,0,100.0,0.0,1,1.9
8,B,PREDATOR,256,13.839999999999831,315,1.5791666666666544,337,2,84.62563798219539,100.0,82,1.9
8,B,PREDATOR,257,11.783333333332829,334,1.5791666666666544,4,1,100.0,15.920000000000185,2,1.9
8,B,PREDATOR,258,-12.189999999999998,219,1.5791666666666544,6,2,100.0,27.070000000000224,0,1.9
8,B,PREDATOR,259,95.33333333333256,500,1.5791666666666544,2,1,100.0,9.28000000000042,4,1.9
8,B,PREDATOR,260,60.30666666666517,493,1.5791666666666544,2,1,100.0,6.440000000000544,4,1.9
8,B,PREDATOR,261,-13.329999999999973,333,1.5791666666666544,4,2,100.0,7.940000000000429,2,1.9
8,B,PREDATOR,262,11.48583333333279,357,1.5791666666666544,3,1,100.0,6.6800000000002395,3,1.9
8,B,PREDATOR,263,-12.199999999999998,220,1.5791666666666544,6,2,100.0,15.400000000000263,0,1.9
8,B,PREDATOR,264,-12.229999999999997,223,1.5791666666666544,4,2,100.0,35.909999999999975,2,1.9
8,B,PREDATOR,265,-12.209999999999997,221,1.5791666666666544,5,2,100.0,36.630000000000216,1,1.9
8,B,PREDATOR,266,12.003333333333154,312,1.5791666666666544,4,2,100.0,17.010000000000222,2,1.9
8,B,PREDATOR,267,-12.919999999999982,292,1.5791666666666544,6,2,99.955,7.959999999999979,0,1.9
8,B,PREDATOR,268,-12.55999999999999,256,1.5791666666666544,5,2,100.0,21.030000000000456,1,1.9
8,B,PREDATOR,269,-12.509999999999991,251,1.5791666666666544,5,2,100.0,24.48000000000014,1,1.9
8,B,PREDATOR,270,-12.289999999999996,229,1.5791666666666544,4,2,100.0,28.82000000000037,2,1.9
8,B,PREDATOR,271,-12.239999999999997,224,1.5791666666666544,3,3,100.0,10.640000000000176,3,1.9
8,B,PREDATOR,272,-12.279999999999996,228,1.5791666666666544,5,2,100.0,33.240000000000336,1,1.9
8,B,PREDATOR,273,-12.439999999999992,244,1.5791666666666544,5,2,100.0,16.470000000000223,1,1.9
8,B,PREDATOR,274,-12.209999999999997,221,1.5791666666666544,3,2,100.0,35.87999999999996,3,1.9
8,B,PREDATOR,275,-12.409999999999993,241,1.5791666666666544,4,2,100.0,27.2300000000003,2,1.9
8,B,PREDATOR,276,-12.189999999999998,219,1.5791666666666544,4,2,100.0,50.31999999999968,2,1.9
8,B,PREDATOR,277,-12.199999999999998,220,1.5791666666666544,5,2,100.0,20.700000000000383,1,1.9
8,B,PREDATOR,278,-12.54999999999999,255,1.5791666666666544,5,2,100.0,20.700000000000397,1,1.9
8,B,PREDATOR,279,35.336666666667284,483,1.5791666666666544,3,0,100.0,0.0,3,1.9
8,B,PREDATOR,280,-12.259999999999996,226,1.5791666666666544,5,2,100.0,28.980000000000302,1,1.9
8,B,PREDATOR,281,-12.179999999999998,218,1.5791666666666544,5,2,100.0,19.140000000000256,1,1.9
8,B,PREDATOR,282,-12.189999999999998,219,1.5791666666666544,5,2,100.0,28.7700000000003,1,1.9
8,B,PREDATOR,283,12.136666666666569,296,1.5791666666666544,4,2,100.0,12.630000000000123,2,1.9
8,B,PREDATOR,284,-12.509999999999991,251,1.5791666666666544,3,2,100.0,20.550000000000242,3,1.9
8,B,PREDATOR,285,-12.289999999999996,229,1.5791666666666544,5,2,100.0,33.72000000000039,1,1.9
8,B,PREDATOR,286,-12.699999999999987,270,1.5791666666666544,5,2,100.0,24.750000000000234,1,1.9
8,B,PREDATOR,287,36.72,350,1.5791666666666544,4,1,100.0,5.799999999999914,2,1.9
8,B,PREDATOR,288,-12.53999999999999,254,1.5791666666666544,5,2,100.0,20.590000000000067,1,1.9
8,B,PREDATOR,289,12.096666666666435,300,1.5791666666666544,3,2,100.0,22.100000000000158,3,1.9
8,B,PREDATOR,290,-12.789999999999985,279,1.5791666666666544,6,2,100.0,9.52000000000021,0,1.9
8,B,PREDATOR,291,35.91000000000057,431,1.5791666666666544,4,0,100.0,0.0,2,1.9
8,B,PREDATOR,292,-12.179999999999998,218,1.5791666666666544,5,2,100.0,24.9900000000002,1,1.9
8,B,PREDATOR,293,60.42333333333222,484,1.5791666666666544,1,2,100.0,6.770000000000509,5,1.9
8,B,PREDATOR,294,-12.169999999999998,217,1.5791666666666544,5,2,100.0,32.46000000000015,1,1.9
8,B,PREDATOR,295,-12.189999999999998,219,1.5791666666666544,6,2,100.0,15.670000000000236,0,1.9
8,B,PREDATOR,296,-12.239999999999997,224,1.5791666666666544,5,2,100.0,28.470000000000272,1,1.9
8,B,PREDATOR,297,-12.599999999999989,260,1.5791666666666544,3,2,100.0,35.39000000000013,3,1.9
8,B,PREDATOR,298,-12.169999999999998,217,1.5791666666666544,4,2,99.9325,21.060000000000194,2,1.9
8,B,PREDATOR,299,-11.72,172,1.5791666666666544,6,3,100.0,21.16000000000015,0,1.9
8,B,PREDATOR,300,-12.509999999999991,251,1.5791666666666544,4,2,100.0,39.39000000000003,2,1.9
8,B,PREDATOR,301,-12.959999999999981,296,1.5791666666666544,5,2,100.0,10.680000000000096,1,1.9
8,B,PREDATOR,302,36.106666666667095,406,1.5791666666666544,3,1,100.0,11.20000000000007,3,1.9
8,B,PREDATOR,303,36.546666666666454,362,1.5791666666666544,1,2,100.0,25.21000000000027,5,1.9
8,B,PREDATOR,304,-12.1,210,1.5791666666666544,4,2,100.0,33.33999999999997,2,1.9
8,B,PREDATOR,305,-12.169999999999998,217,1.5791666666666544,5,2,100.0,37.260000000000346,1,1.9
8,B,PREDATOR,306,-12.689999999999987,269,1.5791666666666544,5,2,100.0,29.220000000000216,1,1.9
8,B,PREDATOR,307,12.093333333333154,303,1.5791666666666544,5,2,100.0,7.24000000000018,1,1.9
8,B,PREDATOR,308,12.263333333332918,286,1.5791666666666544,5,2,100.0,3.580000000000214,1,1.9
8,B,PREDATOR,309,12.17666666666649,292,1.5791666666666544,4,2,100.0,12.36000000000041,2,1.9
8,B,PREDATOR,310,11.933333333333058,319,1.5791666666666544,5,2,100.0,3.670000000000248,1,1.9
8,B,PREDATOR,311,-12.699999999999987,270,1.5791666666666544,6,2,100.0,19.00000000000022,0,1.9
8,B,PREDATOR,312,-12.55999999999999,256,1.5791666666666544,5,2,100.0,18.03000000000015,1,1.9
8,B,PREDATOR,313,-12.259999999999996,226,1.5791666666666544,5,2,100.0,22.300000000000054,1,1.9
8,B,PREDATOR,314,-12.839999999999984,284,1.5791666666666544,6,2,100.0,6.820000000000139,0,1.9
8,B,PREDATOR,315,-12.789999999999985,279,1.5791666666666544,4,2,100.0,22.520000000000646,2,1.9
8,B,PREDATOR,316,-13.109999999999978,311,1.5791666666666544,5,2,100.0,7.360000000000122,1,1.9
8,B,PREDATOR,317,-12.729999999999986,273,1.5791666666666544,4,2,100.0,27.240000000000062,2,1.9
8,B,PREDATOR,318,-12.189999999999998,219,1.5791666666666544,5,2,100.0,42.87999999999981,1,1.9
8,B,PREDATOR,319,-12.53999999999999,254,1.5791666666666544,5,2,100.0,8.52000000000023,1,1.9
8,B,PREDATOR,320,-12.219999999999997,222,1.5791666666666544,6,2,100.0,10.510000000000264,0,1.9
8,B,PREDATOR,321,11.756666666666424,334,1.5791666666666544,3,2,100.0,23.720000000000333,3,1.9
8,B,PREDATOR,322,-12.659999999999988,266,1.5791666666666544,3,2,100.0,40.77999999999983,3,1.9
8,B,PREDATOR,323,11.526666666666385,357,1.5791666666666544,4,1,100.0,17.739999999999757,2,1.9
8,B,PREDATOR,324,11.56999999999958,350,1.5791666666666544,3,2,100.0,7.300000000000011,3,1.9
8,B,PREDATOR,325,11.669999999999591,340,1.5791666666666544,3,2,100.0,13.239999999999846,3,1.9
8,B,PREDATOR,326,-12.819999999999984,282,1.5791666666666544,5,2,100.0,15.81000000000012,1,1.9
8,B,PREDATOR,327,70.28999999999868,500,1.5791666666666544,3,1,100.0,4.600000000000759,3,1.9
8,B,PREDATOR,328,-12.889999999999983,289,1.5791666666666544,5,2,100.0,17.67000000000013,1,1.9
8,B,PREDATOR,329,-12.339999999999995,234,1.5791666666666544,6,2,100.0,11.020000000000262,0,1.9
8,B,PREDATOR,330,11.599999999999644,347,1.5791666666666544,2,2,100.0,17.580000000000204,4,1.9
8,B,PREDATOR,331,11.226666666666146,387,1.5791666666666544,3,2,100.0,14.959999999999976,3,1.9
8,B,PREDATOR,332,11.353333333332872,377,1.5791666666666544,3,2,100.0,13.0100000000005,3,1.9
8,B,PREDATOR,333,-12.349999999999994,235,1.5791666666666544,3,2,100.0,52.149999999999906,3,1.9
8,B,PREDATOR,334,35.34000000000075,488,1.5791666666666544,4,0,100.0,0.0,2,1.9
8,B,PREDATOR,335,-12.609999999999989,261,1.5791666666666544,5,2,100.0,18.930000000000394,1,1.9
8,B,PREDATOR,336,-12.239999999999997,224,1.5791666666666544,5,2,100.0,44.07000000000001,1,1.9
8,B,PREDATOR,337,12.003333333333154,312,1.5791666666666544,5,1,100.0,2.25999999999999,1,1.9
8,B,PREDATOR,338,11.216666666666354,388,1.5791666666666544,4,1,100.0,2.5599999999999756,2,1.9
8,B,PREDATOR,339,12.076666666666293,302,1.5791666666666544,3,2,100.0,23.059999999999928,3,1.9
8,B,PREDATOR,340,11.803333333332864,332,1.5791666666666544,4,0,100.0,0.0,2,1.9
8,B,PREDATOR,341,-12.359999999999994,236,1.5791666666666544,4,2,100.0,36.00000000000021,2,1.9
8,B,PREDATOR,342,-12.689999999999987,269,1.5791666666666544,6,2,100.0,12.670000000000236,0,1.9
8,B,PREDATOR,343,-12.129999999999999,213,1.5791666666666544,5,2,100.0,33.39000000000023,1,1.9
8,B,PREDATOR,344,12.125833333332894,293,1.5791666666666544,5,1,100.0,5.44000000000017,1,1.9
8,B,PREDATOR,345,-12.12,212,1.5791666666666544,5,2,100.0,31.860000000000436,1,1.9
8,B,PREDATOR,346,-12.139999999999999,214,1.5791666666666544,4,2,100.0,42.61999999999985,2,1.9
8,B,PREDATOR,347,-12.179999999999998,218,1.5791666666666544,4,2,100.0,28.060000000000052,2,1.9
8,B,PREDATOR,348,12.233333333333169,289,1.5791666666666544,5,2,100.0,15.370000000000205,1,1.9
8,B,PREDATOR,349,-13.089999999999979,309,1.5791666666666544,5,2,100.0,14.82000000000012,1,1.9
8,B,PREDATOR,350,-12.359999999999994,236,1.5791666666666544,3,2,100.0,43.030000000000285,3,1.9
8,B,PREDATOR,351,-12.219999999999997,222,1.5791666666666544,4,2,100.0,54.25999999999976,2,1.9
8,B,PREDATOR,352,12.276666666666289,282,1.5791666666666544,2,2,100.0,24.11000000000025,4,1.9
8,B,PREDATOR,353,11.8266666666664,327,1.5791666666666544,4,2,99.9325,14.02000000000005,2,1.9
8,B,PREDATOR,354,-13.109999999999978,311,1.5791666666666544,5,2,100.0,17.73000000000034,1,1.9
8,B,PREDATOR,355,-12.279999999999996,228,1.5791666666666544,4,2,100.0,39.6099999999997,2,1.9
8,B,PREDATOR,356,-12.319999999999995,232,1.5791666666666544,4,2,100.0,22.170000000000208,2,1.9
8,B,PREDATOR,357,-12.819999999999984,282,1.5791666666666544,5,2,100.0,15.430000000000216,1,1.9
8,B,PREDATOR,358,-12.359999999999994,236,1.5791666666666544,4,2,100.0,38.75999999999982,2,1.9
8,B,PREDATOR,359,11.753333333332845,337,1.5791666666666544,4,2,99.9325,12.96000000000034,2,1.9
8,B,PREDATOR,360,-12.599999999999989,260,1.5791666666666544,5,2,100.0,26.400000000000343,1,1.9
8,B,PREDATOR,361,-12.319999999999995,232,1.5791666666666544,4,2,100.0,57.4199999999994,2,1.9
8,B,PREDATOR,362,10.853333333332715,427,1.5791666666666544,5,0,100.0,0.0,1,1.9
8,B,PREDATOR,363,-13.089999999999979,309,1.5791666666666544,6,2,100.0,8.020000000000225,0,1.9
8,B,PREDATOR,364,-12.389999999999993,239,1.5791666666666544,4,2,100.0,35.87000000000011,2,1.9
8,B,PREDATOR,365,-12.869999999999983,287,1.5791666666666544,3,2,100.0,27.160000000000412,3,1.9
8,B,PREDATOR,366,-12.939999999999982,294,1.5791666666666544,5,2,100.0,16.3200000000001,1,1.9
8,B,PREDATOR,367,-12.229999999999997,223,1.5791666666666544,5,2,100.0,32.940000000000154,1,1.9
8,B,PREDATOR,368,-12.809999999999985,281,1.5791666666666544,6,1,100.0,2.6800000000001605,0,1.9
8,B,PREDATOR,369,-12.959999999999981,296,1.5791666666666544,5,2,100.0,8.560000000000215,1,1.9
8,B,PREDATOR,370,-12.389999999999993,239,1.5791666666666544,6,2,100.0,14.92000000000014,0,1.9
8,B,PREDATOR,371,11.883333333332851,324,1.5791666666666544,3,2,100.0,18.92000000000051,3,1.9
8,B,PREDATOR,372,-12.409999999999993,241,1.5791666666666544,4,2,100.0,29.330000000000084,2,1.9
8,B,PREDATOR,373,-12.439999999999992,244,1.5791666666666544,6,2,100.0,20.919999999999987,0,1.9
8,B,PREDATOR,374,35.41000000000066,481,1.5791666666666544,4,0,100.0,0.0,2,1.9
8,B,PREDATOR,375,-12.959999999999981,296,1.5791666666666544,2,2,100.0,32.130000000000244,4,1.9
8,B,PREDATOR,376,-12.639999999999988,264,1.5791666666666544,6,2,100.0,8.020000000000252,0,1.9
8,B,PREDATOR,377,35.38666666666743,478,1.5791666666666544,2,1,100.0,9.44000000000022,4,1.9
8,B,PREDATOR,378,-13.00999999999998,301,1.5791666666666544,3,2,100.0,20.83000000000019,3,1.9
8,B,PREDATOR,379,-12.439999999999992,244,1.5791666666666544,5,2,100.0,14.970000000000232,1,1.9
8,B,PREDATOR,380,12.079999999999844,299,1.5791666666666544,3,2,100.0,22.779999999999944,3,1.9
8,B,PREDATOR,381,-12.379999999999994,238,1.5791666666666544,5,2,100.0,21.100000000000154,1,1.9
8,B,PREDATOR,382,-12.809999999999985,281,1.5791666666666544,6,2,100.0,3.730000000000236,0,1.9
8,B,PREDATOR,383,11.676666666666462,342,1.5791666666666544,4,1,99.9325,19.45999999999991,2,1.9
8,B,PREDATOR,384,10.846666666666101,425,1.5791666666666544,2,1,100.0,22.600000000000552,4,1.9
8,B,PREDATOR,385,-12.909999999999982,291,1.5791666666666544,5,2,100.0,5.280000000000239,1,1.9
8,B,PREDATOR,386,12.326666666666528,277,1.5791666666666544,3,2,100.0,26.210000000000495,3,1.9
8,B,PREDATOR,387,35.51333333333386,468,1.5791666666666544,3,0,100.0,0.0,3,1.9
8,B,PREDATOR,388,12.253333333332927,287,1.5791666666666544,5,2,100.0,5.410000000000096,1,1.9
8,B,PREDATOR,389,-12.55999999999999,256,1.5791666666666544,5,2,100.0,23.280000000000452,1,1.9
8,B,PREDATOR,390,-12.129999999999999,213,1.5791666666666544,4,2,100.0,36.44000000000041,2,1.9
8,B,PREDATOR,391,-12.259999999999996,226,1.5791666666666544,6,2,100.0,28.63000000000025,0,1.9
8,B,PREDATOR,392,-12.339999999999995,234,1.5791666666666544,6,2,100.0,16.270000000000152,0,1.9
8,B,PREDATOR,393,-12.339999999999995,234,1.5791666666666544,6,2,100.0,8.770000000000257,0,1.9
8,B,PREDATOR,394,36.149999999999686,407,1.5791666666666544,4,0,100.0,0.0,2,1.9
8,B,PREDATOR,395,11.026666666666545,407,1.5791666666666544,4,1,100.0,16.16000000000048,2,1.9
8,B,PREDATOR,396,35.79000000000051,443,1.5791666666666544,4,0,100.0,0.0,2,1.9
8,B,PREDATOR,397,-12.479999999999992,248,1.5791666666666544,5,2,100.0,26.490000000000187,1,1.9
8,B,PREDATOR,398,-13.209999999999976,321,1.5791666666666544,5,1,100.0,20.780000000000335,1,1.9
8,B,PREDATOR,399,-11.89,189,1.5791666666666544,4,3,100.0,16.66416666666697,2,1.9
8,B,PREDATOR,400,-12.55999999999999,256,1.5791666666666544,5,2,100.0,31.08000000000026,1,1.9
8,B,PREDATOR,401,10.95333333333271,417,1.5791666666666544,4,1,100.0,1.1600000000005242,2,1.9
8,B,PREDATOR,402,11.443333333332786,368,1.5791666666666544,3,1,100.0,9.440000000000625,3,1.9
8,B,PREDATOR,403,-12.97999999999998,298,1.5791666666666544,5,2,100.0,9.24000000000012,1,1.9
8,B,PREDATOR,404,-13.03999999999998,304,1.5791666666666544,5,2,100.0,14.500000000000014,1,1.9
8,B,PREDATOR,405,-12.939999999999982,294,1.5791666666666544,6,1,100.0,5.620000000000161,0,1.9
8,B,PREDATOR,406,-12.609999999999989,261,1.5791666666666544,3,2,100.0,25.76000000000049,3,1.9
8,B,PREDATOR,407,-13.089999999999979,309,1.5791666666666544,6,0,100.0,0.0,0,1.9
8,B,PREDATOR,408,-12.53999999999999,254,1.5791666666666544,4,2,100.0,26.120000000000303,2,1.9
8,B,PREDATOR,409,-12.219999999999997,222,1.5791666666666544,5,2,100.0,12.81000000000018,1,1.9
8,B,PREDATOR,410,-12.309999999999995,231,1.5791666666666544,5,2,100.0,37.68000000000009,1,1.9
8,B,PREDATOR,411,-12.479999999999992,248,1.5791666666666544,3,2,100.0,27.61000000000023,3,1.9
8,B,PREDATOR,412,35.536666666666996,463,1.5791666666666544,2,2,100.0,7.739999999999915,4,1.9
8,B,PREDATOR,413,-12.159999999999998,216,1.5791666666666544,4,2,100.0,42.680000000000284,2,1.9
8,B,PREDATOR,414,-12.309999999999995,231,1.5791666666666544,5,2,100.0,18.930000000000224,1,1.9
8,B,PREDATOR,415,11.663333333332906,346,1.5791666666666544,5,1,100.0,15.280000000000014,1,1.9
8,B,PREDATOR,416,45.22000000000076,500,1.5791666666666544,4,1,100.0,17.07999999999945,2,1.9
8,B,PREDATOR,417,70.28999999999908,500,1.5791666666666544,3,1,100.0,6.5399999999996306,3,1.9
8,B,PREDATOR,418,-12.52999999999999,253,1.5791666666666544,4,2,100.0,36.74000000000048,2,1.9
8,B,PREDATOR,419,12.373333333332946,275,1.5791666666666544,5,2,100.0,5.200000000000232,1,1.9
8,B,PREDATOR,420,36.140000000000406,408,1.5791666666666544,4,0,100.0,0.0,2,1.9
8,B,PREDATOR,421,10.376666666666287,472,1.5791666666666544,4,1,99.9325,0.8600000000002785,2,1.9
8,B,PREDATOR,422,-12.1,210,1.5791666666666544,6,2,100.0,17.200000000000273,0,1.9
8,B,PREDATOR,423,12.319999999999675,275,1.5791666666666544,3,2,100.0,24.990000000000034,3,1.9
8,B,PREDATOR,424,-12.309999999999995,231,1.5791666666666544,5,2,100.0,32.43000000000002,1,1.9
8,B,PREDATOR,425,12.003333333332945,312,1.5791666666666544,4,2,100.0,23.760000000000016,2,1.9
8,B,PREDATOR,426,-13.00999999999998,301,1.5791666666666544,4,2,100.0,19.739999999999895,2,1.9
8,B,PREDATOR,427,-13.52999999999997,353,1.5791666666666544,3,2,100.0,14.180000000000337,3,1.9
8,B,PREDATOR,428,-13.189999999999976,319,1.5791666666666544,4,2,100.0,33.77000000000022,2,1.9
8,B,PREDATOR,429,35.30666666666679,486,1.5791666666666544,3,0,100.0,0.0,3,1.9
8,B,PREDATOR,430,11.673333333332847,345,1.5791666666666544,5,1,100.0,4.900000000000222,1,1.9
8,B,PREDATOR,431,-12.909999999999982,291,1.5791666666666544,5,2,100.0,11.230000000000137,1,1.9
8,B,PREDATOR,432,36.10999999999983,411,1.5791666666666544,4,0,100.0,0.0,2,1.9
8,B,PREDATOR,433,-12.609999999999989,261,1.5791666666666544,5,2,100.0,27.33000000000007,1,1.9
8,B,PREDATOR,434,-12.939999999999982,294,1.5791666666666544,4,2,100.0,23.369999999999834,2,1.9
8,B,PREDATOR,435,-12.359999999999994,236,1.5791666666666544,4,2,100.0,35.61000000000003,2,1.9
8,B,PREDATOR,436,-12.199999999999998,220,1.5791666666666544,3,2,100.0,46.4799999999998,3,1.9
8,B,PREDATOR,437,36.13000000000057,401,1.5791666666666544,2,0,100.0,0.0,4,1.9
8,B,PREDATOR,438,-13.00999999999998,301,1.5791666666666544,3,2,100.0,32.380000000000265,3,1.9
8,B,PREDATOR,439,-12.759999999999986,276,1.5791666666666544,4,2,100.0,38.0399999999997,2,1.9
8,B,PREDATOR,440,-13.00999999999998,301,1.5791666666666544,6,2,100.0,16.48000000000011,0,1.9
8,B,PREDATOR,441,-12.129999999999999,213,1.5791666666666544,5,2,100.0,31.14000000000017,1,1.9
8,B,PREDATOR,442,-12.149999999999999,215,1.5791666666666544,2,2,100.0,27.170000000000364,4,1.9
8,B,PREDATOR,443,-12.959999999999981,296,1.5791666666666544,4,2,100.0,33.680000000000305,2,1.9
8,B,PREDATOR,444,-12.689999999999987,269,1.5791666666666544,4,2,100.0,26.519999999999836,2,1.9
8,B,PREDATOR,445,-12.159999999999998,216,1.5791666666666544,5,2,100.0,37.29999999999981,1,1.9
8,B,PREDATOR,446,-12.839999999999984,284,1.5791666666666544,3,2,100.0,32.520000000000216,3,1.9
8,B,PREDATOR,447,-12.189999999999998,219,1.5791666666666544,5,2,100.0,30.720000000000326,1,1.9
8,B,PREDATOR,448,-13.00999999999998,301,1.5791666666666544,5,2,100.0,14.28000000000036,1,1.9
8,B,PREDATOR,449,-12.709999999999987,271,1.5791666666666544,5,2,100.0,20.43000000000049,1,1.9
8,B,PREDATOR,450,-12.379999999999994,238,1.5791666666666544,6,2,100.0,19.990000000000254,0,1.9
8,B,PREDATOR,451,-13.159999999999977,316,1.5791666666666544,2,2,100.0,18.510000000000353,4,1.9
8,B,PREDATOR,452,-13.089999999999979,309,1.5791666666666544,6,1,100.0,1.7200000000002165,0,1.9
8,B,PREDATOR,453,-13.02999999999998,303,1.5791666666666544,5,2,100.0,11.170000000000089,1,1.9
8,B,PREDATOR,454,45.220000000000496,500,1.5791666666666544,3,1,100.0,3.980000000000416,3,1.9
8,B,PREDATOR,455,20.12333333333262,500,1.5791666666666544,5,1,100.0,2.0000000000000284,1,1.9
8,B,PREDATOR,456,20.123333333332607,500,1.5791666666666544,3,2,100.0,13.899999999999963,3,1.9
8,B,PREDATOR,457,11.45666666666619,364,1.5791666666666544,4,1,100.0,1.780000000000201,2,1.9
8,B,PREDATOR,458,-13.379999999999972,338,1.5791666666666544,6,1,100.0,0.3400000000001764,0,1.9
8,B,PREDATOR,459,10.633333333332656,449,1.5791666666666544,5,0,100.0,0.0,1,1.9
8,B,PREDATOR,460,35.53333333333371,458,1.5791666666666544,2,1,100.0,11.940000000000499,4,1.9
8,B,PREDATOR,461,10.623333333332868,450,1.5791666666666544,4,1,100.0,0.5000000000002235,2,1.9
8,B,PREDATOR,462,45.16666666666742,500,1.5791666666666544,3,1,100.0,35.999999999999694,3,1.9
8,B,PREDATOR,463,-13.429999999999971,343,1.5791666666666544,4,2,100.0,16.3400000000004,2,1.9
8,B,PREDATOR,464,-12.11,211,1.5791666666666544,6,2,100.0,26.38000000000016,0,1.9
8,B,PREDATOR,465,-12.139999999999999,214,1.5791666666666544,5,2,100.0,42.03999999999974,1,1.9
8,B,PREDATOR,466,-12.739999999999986,274,1.5791666666666544,5,2,100.0,19.9200000000002,1,1.9
8,B,PREDATOR,467,-12.189999999999998,219,1.5791666666666544,3,2,100.0,33.110000000000355,3,1.9
8,B,PREDATOR,468,-12.339999999999995,234,1.5791666666666544,6,2,100.0,20.020000000000238,0,1.9
8,B,PREDATOR,469,10.353333333332726,477,1.5791666666666544,5,0,100.0,0.0,1,1.9
8,B,PREDATOR,470,-12.349999999999994,235,1.5791666666666544,337,2,83.49160237388683,100.0,152,1.9
8,B,PREDATOR,471,-12.709999999999987,271,1.5791666666666544,5,2,100.0,8.80000000000019,1,1.9
8,B,PREDATOR,472,10.996666666666142,410,1.5791666666666544,4,0,100.0,0.0,2,1.9
8,B,PREDATOR,473,-12.409999999999993,241,1.5791666666666544,5,2,100.0,30.330000000000346,1,1.9
8,B,PREDATOR,474,45.19333333333367,500,1.5791666666666544,3,1,100.0,11.400000000000654,3,1.9
8,B,PREDATOR,475,45.220000000000304,500,1.5791666666666544,4,1,100.0,21.380000000000184,2,1.9
8,B,PREDATOR,476,10.873333333333088,417,1.5791666666666544,2,2,100.0,2.160000000000097,4,1.9
8,B,PREDATOR,477,-13.219999999999976,322,1.5791666666666544,6,1,100.0,3.7600000000002023,0,1.9
8,B,PREDATOR,478,-12.689999999999987,269,1.5791666666666544,5,2,100.0,26.370000000000392,1,1.9
8,B,PREDATOR,479,-12.359999999999994,236,1.5791666666666544,3,2,100.0,42.13000000000055,3,1.9
8,B,PREDATOR,480,11.503333333332778,362,1.5791666666666544,4,1,100.0,23.36000000000071,2,1.9
8,B,PREDATOR,481,-13.079999999999979,308,1.5791666666666544,4,2,99.9325,9.630000000000313,2,1.9
8,B,PREDATOR,482,10.219999999999397,485,1.5791666666666544,2,1,100.0,6.459999999999584,4,1.9
8,B,PREDATOR,483,-13.259999999999975,326,1.5791666666666544,6,2,100.0,8.530000000000033,0,1.9
8,B,PREDATOR,484,-12.55999999999999,256,1.5791666666666544,5,2,100.0,23.28000000000036,1,1.9
8,B,PREDATOR,485,-11.25,125,1.5791666666666544,6,3,100.0,29.920000000000055,0,1.9
8,B,PREDATOR,486,-13.259999999999975,326,1.5791666666666544,5,2,100.0,15.630000000000468,1,1.9
8,B,PREDATOR,487,11.66999999999979,340,1.5791666666666544,3,2,100.0,16.74000000000031,3,1.9
8,B,PREDATOR,488,-12.259999999999996,226,1.5791666666666544,5,2,100.0,28.230000000000473,1,1.9
8,B,PREDATOR,489,-12.789999999999985,279,1.5791666666666544,5,2,100.0,10.620000000000449,1,1.9
8,B,PREDATOR,490,-12.739999999999986,274,1.5791666666666544,4,2,100.0,28.93,2,1.9
8,B,PREDATOR,491,-12.58999999999999,259,1.5791666666666544,3,2,100.0,30.820000000000316,3,1.9
8,B,PREDATOR,492,-13.119999999999978,312,1.5791666666666544,6,1,100.0,16.960000000000168,0,1.9
8,B,PREDATOR,493,-13.03999999999998,304,1.5791666666666544,5,1,100.0,19.519999999999996,1,1.9
8,B,PREDATOR,494,-13.139999999999977,314,1.5791666666666544,3,2,100.0,27.220000000000237,3,1.9
8,B,PREDATOR,495,11.523333333332795,360,1.5791666666666544,2,2,100.0,13.410000000000199,4,1.9
8,B,PREDATOR,496,-12.659999999999988,266,1.5791666666666544,5,2,100.0,16.38000000000022,1,1.9
8,B,PREDATOR,497,11.619999999999768,345,1.5791666666666544,3,1,100.0,24.99999999999981,3,1.9
8,B,PREDATOR,498,-13.589999999999968,359,1.5791666666666544,6,0,100.0,0.0,0,1.9
8,B,PREDATOR,499,-12.139999999999999,214,1.5791666666666544,6,2,100.0,21.22000000000012,0,1.9
8,B,PREDATOR,500,12.123333333333184,300,1.5791666666666544,5,0,100.0,0.0,1,1.9
9,A,PREY,1,1464.5700000000045,500,15565.911999999877,7,0,98.8128571428571,0.0,0,2.0
9,A,PREY,2,1944.4500000000044,500,15565.911999999877,5,1,99.67599999999999,13.53999999999956,2,2.0
9,A,PREY,3,1464.5700000000038,500,15565.911999999877,5,2,99.868,4.550000000000689,2,2.0
9,A,PREY,4,1824.4800000000046,500,15565.911999999877,5,1,99.57399999999998,56.099999999999476,2,2.0
9,A,PREY,5,2104.4100000000017,500,15565.911999999877,6,1,99.77499999999999,15.500000000000666,1,2.0
9,A,PREY,6,1625.530000000004,500,15565.911999999877,234,1,81.64700854700855,4.599999999999933,1,2.0
9,A,PREY,7,924.1700000000016,207,15565.911999999877,5,2,100.0,43.39250000000042,2,2.0
9,A,PREY,8,2504.3099999999845,500,15565.911999999877,6,0,99.52999999999997,0.0,1,2.0
9,A,PREY,9,99.76999999999998,20,15565.911999999877,6,2,100.0,89.94999999999996,1,2.0
9,A,PREY,10,2184.389999999998,500,15565.911999999877,7,0,99.58,0.0,0,2.0
9,A,PREY,11,2464.3199999999924,500,15565.911999999877,4,1,99.865,25.499999999998973,3,2.0
9,A,PREY,12,2784.239999999979,500,15565.911999999877,6,1,99.50999999999999,37.10000000000027,1,2.0
9,A,PREY,13,2704.2599999999848,500,15565.911999999877,5,1,99.78999999999999,7.8000000000005505,2,2.0
9,A,PREY,14,2624.279999999987,500,15565.911999999877,5,0,99.51399999999998,0.0,2,2.0
9,A,PREY,15,-11.02,2,15565.911999999877,6,2,100.0,92.08,1,2.0
9,A,PREY,16,1139.9300000000017,176,15565.911999999877,5,2,100.0,61.552499999999775,2,2.0
9,A,PREY,17,3024.1799999999766,500,15565.911999999877,6,1,100.0,5.30000000000062,1,2.0
9,A,PREY,18,3024.179999999978,500,15565.911999999877,6,1,99.52999999999997,2.3000000000003054,1,2.0
9,A,PREY,19,3584.039999999958,500,15565.911999999877,3,1,98.02999999999993,56.70000000000011,4,2.0
9,A,PREY,20,3384.0899999999624,500,15565.911999999877,5,1,99.892,2.3000000000006553,2,2.0
9,A,PREY,21,3584.0399999999663,500,15565.911999999877,4,1,99.52749999999997,2.400000000000028,3,2.0
9,A,PREY,22,3823.9799999999623,500,15565.911999999877,6,1,99.91000000000001,18.200000000000777,1,2.0
9,A,PREY,23,881.4200000000012,134,15565.911999999877,5,2,100.0,68.71000000000012,2,2.0
9,A,PREY,24,3783.9899999999607,500,15565.911999999877,4,1,99.72999999999999,8.859999999999737,3,2.0
9,A,PREY,25,3144.149999999974,500,15565.911999999877,6,1,99.72999999999998,7.100000000000586,1,2.0
9,A,PREY,26,3664.019999999957,500,15565.911999999877,4,2,99.80499999999999,24.550000000000882,3,2.0
9,A,PREY,27,4303.859999999961,500,15565.911999999877,6,1,99.48999999999997,5.199999999999582,1,2.0
9,A,PREY,28,3544.0499999999683,500,15565.911999999877,6,1,99.955,6.200000000000759,1,2.0
9,A,PREY,29,3544.049999999963,500,15565.911999999877,7,0,99.78999999999999,0.0,0,2.0
9,A,PREY,30,2329.6399999999953,274,15565.911999999877,5,1,100.0,61.32000000000066,2,2.0
9,A,PREY,31,22.340000000000032,15,15565.911999999877,5,2,100.0,89.35,2,2.0
9,A,PREY,32,908.6600000000012,159,15565.911999999877,5,2,100.0,71.26999999999985,2,2.0
9,A,PREY,33,3743.9999999999695,500,15565.911999999877,5,1,99.892,37.80000000000061,2,2.0
9,A,PREY,34,4463.819999999949,500,15565.911999999877,7,0,99.92285714285715,0.0,0,2.0
9,A,PREY,35,4463.819999999955,500,15565.911999999877,5,0,99.78999999999999,0.0,2,2.0
9,A,PREY,36,4423.829999999956,500,15565.911999999877,6,1,100.0,14.90000000000044,1,2.0
9,A,PREY,37,29.480000000000004,1,15565.911999999877,6,2,100.0,92.28999999999999,1,2.0
9,A,PREY,38,3783.989999999969,500,15565.911999999877,7,0,99.92714285714285,0.0,0,2.0
9,A,PREY,39,5303.609999999942,500,15565.911999999877,7,0,100.0,0.0,0,2.0
9,A,PREY,40,4503.809999999957,500,15565.911999999877,5,1,99.838,24.599999999999753,2,2.0
9,A,PREY,41,4783.739999999948,500,15565.911999999877,4,1,99.6625,16.760000000000566,3,2.0
9,A,PREY,42,336.14000000000016,27,15565.911999999877,6,2,100.0,89.8912499999999,1,2.0
9,A,PREY,43,5783.489999999929,500,15565.911999999877,5,1,99.892,2.900000000000717,2,2.0
9,A,PREY,44,4623.779999999943,500,15565.911999999877,4,2,100.0,26.810000000000247,3,2.0
9,A,PREY,45,4983.689999999956,500,15565.911999999877,6,0,99.91000000000001,0.0,1,2.0
9,A,PREY,46,5223.629999999943,500,15565.911999999877,5,2,99.892,8.750000000000636,2,2.0
9,A,PREY,47,5463.56999999994,500,15565.911999999877,6,0,99.91000000000001,0.0,1,2.0
9,A,PREY,48,146.39,7,15565.911999999877,6,2,99.955,91.17999999999999,1,2.0
9,A,PREY,49,5143.649999999957,500,15565.911999999877,4,1,99.9325,24.900000000000755,3,2.0
9,A,PREY,50,5623.529999999936,500,15565.911999999877,3,1,100.0,17.37999999999965,4,2.0
9,A,PREY,51,125.98999999999988,47,15565.911999999877,6,2,100.0,77.87624999999991,1,2.0
9,A,PREY,52,6543.299999999927,500,15565.911999999877,6,1,99.91000000000001,20.600000000000637,1,2.0
9,A,PREY,53,7023.1799999999175,500,15565.911999999877,5,0,99.892,0.0,2,2.0
9,A,PREY,54,178.73000000000008,22,15565.911999999877,6,2,100.0,89.52999999999997,1,2.0
9,A,PREY,55,5783.489999999934,500,15565.911999999877,5,2,99.892,6.849999999999501,2,2.0
9,A,PREY,56,5783.489999999931,500,15565.911999999877,6,0,99.8,0.0,1,2.0
9,A,PREY,57,6263.369999999926,500,15565.911999999877,6,0,99.955,0.0,1,2.0
9,A,PREY,58,5062.129999999954,405,15565.911999999877,337,1,91.41709198812991,40.762500000000486,2,2.0
9,A,PREY,59,6103.409999999927,500,15565.911999999877,7,0,99.96142857142857,0.0,0,2.0
9,A,PREY,60,6303.35999999993,500,15565.911999999877,7,0,100.0,0.0,0,2.0
9,A,PREY,61,5743.499999999945,500,15565.911999999877,4,1,99.6625,23.66000000000031,3,2.0
9,A,PREY,62,6623.279999999924,500,15565.911999999877,4,1,100.0,36.40000000000067,3,2.0
9,A,PREY,63,5263.619999999948,500,15565.911999999877,6,0,99.755,0.0,1,2.0
9,A,PREY,64,6423.329999999926,500,15565.911999999877,3,2,100.0,4.860000000000023,4,2.0
9,A,PREY,65,1324.3700000000008,128,15565.911999999877,6,2,100.0,53.021250000000244,1,2.0
9,A,PREY,66,6863.219999999922,500,15565.911999999877,7,0,99.96142857142857,0.0,0,2.0
9,A,PREY,67,2874.49999999999,225,15565.911999999877,5,2,100.0,57.88250000000017,2,2.0
9,A,PREY,68,7583.039999999911,500,15565.911999999877,6,0,99.88999999999999,0.0,1,2.0
9,A,PREY,69,6056.269999999943,416,15565.911999999877,3,2,100.0,29.77875000000053,4,2.0
9,A,PREY,70,2263.220000000001,169,15565.911999999877,6,2,100.0,50.03625000000027,1,2.0
9,A,PREY,71,6943.199999999924,500,15565.911999999877,5,0,99.892,0.0,2,2.0
9,A,PREY,72,7822.9799999999095,500,15565.911999999877,5,1,99.946,23.060000000000425,2,2.0
9,A,PREY,73,7103.159999999921,500,15565.911999999877,6,1,100.0,2.300000000000507,1,2.0
9,A,PREY,74,5343.599999999948,500,15565.911999999877,338,1,79.37215976331287,5.300000000000602,1,2.0
9,A,PREY,75,7423.079999999917,500,15565.911999999877,5,1,99.892,18.08000000000014,2,2.0
9,A,PREY,76,7223.129999999921,500,15565.911999999877,7,0,99.84571428571428,0.0,0,2.0
9,A,PREY,77,2422.669999999994,170,15565.911999999877,6,2,100.0,38.96625000000029,1,2.0
9,A,PREY,78,6863.219999999921,500,15565.911999999877,338,2,86.65458579881562,29.816249999999805,5,2.0
9,A,PREY,79,6303.359999999941,500,15565.911999999877,4,0,99.66999999999999,0.0,3,2.0
9,A,PREY,80,2242.6099999999988,131,15565.911999999877,6,2,100.0,58.1437500000001,1,2.0
9,A,PREY,81,6867.499999999928,472,15565.911999999877,4,1,100.0,32.89999999999962,3,2.0
9,A,PREY,82,6903.209999999925,500,15565.911999999877,5,1,99.892,7.839999999999652,2,2.0
9,A,PREY,83,7784.719999999918,477,15565.911999999877,4,2,100.0,18.910000000000387,3,2.0
9,A,PREY,84,7063.16999999993,500,15565.911999999877,3,1,99.91000000000001,36.33250000000102,4,2.0
9,A,PREY,85,7263.119999999914,500,15565.911999999877,6,1,100.0,0.5000000000005468,1,2.0
9,A,PREY,86,2588.4499999999985,237,15565.911999999877,6,2,99.955,31.710000000000257,1,2.0
9,A,PREY,87,6663.269999999937,500,15565.911999999877,6,1,100.0,5.319999999999683,1,2.0
9,A,PREY,88,7063.169999999926,500,15565.911999999877,5,1,99.946,13.200000000000621,2,2.0
9,A,PREY,89,7623.029999999912,500,15565.911999999877,3,2,99.68999999999998,13.560000000000208,4,2.0
9,A,PREY,90,9262.619999999899,500,15565.911999999877,6,0,99.98,0.0,1,2.0
9,A,PREY,91,8182.889999999906,500,15565.911999999877,7,0,100.0,0.0,0,2.0
9,A,PREY,92,6823.229999999933,500,15565.911999999877,5,1,99.946,16.400000000000794,2,2.0
9,A,PREY,93,7902.959999999915,500,15565.911999999877,5,2,99.922,6.800000000000509,2,2.0
9,A,PREY,94,8262.869999999908,500,15565.911999999877,7,0,99.92285714285715,0.0,0,2.0
9,A,PREY,95,8782.739999999905,500,15565.911999999877,5,0,99.946,0.0,2,2.0
9,A,PREY,96,8662.769999999904,500,15565.911999999877,6,0,100.0,0.0,1,2.0
9,A,PREY,97,8062.919999999924,500,15565.911999999877,6,0,99.865,0.0,1,2.0
9,A,PREY,98,8782.739999999907,500,15565.911999999877,6,0,99.91000000000001,0.0,1,2.0
9,A,PREY,99,8462.819999999909,500,15565.911999999877,6,0,100.0,0.0,1,2.0
9,A,PREY,100,8182.889999999916,500,15565.911999999877,7,0,99.96142857142857,0.0,0,2.0
9,A,PREY,101,1910.960000000001,154,15565.911999999877,6,2,100.0,50.07000000000026,1,2.0
9,A,PREY,102,7822.979999999921,500,15565.911999999877,5,1,99.75999999999999,25.200000000000625,2,2.0
9,A,PREY,103,8902.7099999999,500,15565.911999999877,6,1,99.77499999999999,7.700000000000583,1,2.0
9,A,PREY,104,4629.469999999979,234,15565.911999999877,4,2,100.0,74.61000000000013,8,2.0
9,A,PREY,105,3845.4799999999896,203,15565.911999999877,6,2,100.0,37.84125000000019,1,2.0
9,A,PREY,106,2760.439999999997,135,15565.911999999877,6,2,100.0,57.885000000000076,1,2.0
9,A,PREY,107,147.41000000000003,5,15565.911999999877,6,2,100.0,91.44999999999999,1,2.0
9,A,PREY,108,7183.139999999929,500,15565.911999999877,6,1,100.0,0.20000000000062695,1,2.0
9,A,PREY,109,7782.9899999999225,500,15565.911999999877,6,0,99.865,0.0,1,2.0
9,A,PREY,110,8742.749999999904,500,15565.911999999877,6,0,99.955,0.0,1,2.0
9,A,PREY,111,9462.5699999999,500,15565.911999999877,6,0,100.0,0.0,1,2.0
9,A,PREY,112,3379.5799999999917,254,15565.911999999877,4,2,100.0,51.63624999999972,3,2.0
9,A,PREY,113,9584.539999999897,500,15565.911999999877,338,2,85.48713017751398,51.85000000000032,31,2.0
9,A,PREY,114,93.13999999999997,33,15565.911999999877,6,2,100.0,83.67374999999993,1,2.0
9,A,PREY,115,9062.669999999905,500,15565.911999999877,5,0,99.892,0.0,2,2.0
9,A,PREY,116,-11.53,3,15565.911999999877,6,2,100.0,92.02,1,2.0
9,A,PREY,117,9582.539999999899,500,15565.911999999877,5,1,100.0,8.100000000000131,2,2.0
9,A,PREY,118,52.64000000000001,34,15565.911999999877,6,2,100.0,83.18624999999993,1,2.0
9,A,PREY,119,9222.629999999901,500,15565.911999999877,7,0,100.0,0.0,0,2.0
9,A,PREY,120,103.33999999999996,13,15565.911999999877,6,2,100.0,90.66999999999999,1,2.0
9,A,PREY,121,8382.839999999915,500,15565.911999999877,5,1,100.0,20.69999999999917,2,2.0
9,A,PREY,122,8502.809999999914,500,15565.911999999877,5,1,100.0,9.279999999999875,2,2.0
9,A,PREY,123,9142.649999999912,500,15565.911999999877,4,2,100.0,11.950000000000367,3,2.0
9,A,PREY,124,8582.78999999991,500,15565.911999999877,6,1,99.955,8.900000000000361,1,2.0
9,A,PREY,125,262.79000000000013,14,15565.911999999877,6,2,100.0,90.90999999999997,1,2.0
9,A,PREY,126,10182.38999999989,500,15565.911999999877,6,1,99.955,6.51999999999962,1,2.0
9,A,PREY,127,10302.359999999891,500,15565.911999999877,5,1,99.946,21.300000000000338,2,2.0
9,A,PREY,128,10102.409999999896,500,15565.911999999877,5,0,100.0,0.0,2,2.0
9,A,PREY,129,8662.76999999991,500,15565.911999999877,6,1,100.0,14.000000000000439,1,2.0
9,A,PREY,130,9142.64999999991,500,15565.911999999877,5,0,99.946,0.0,2,2.0
9,A,PREY,131,10142.899999999894,500,15565.911999999877,338,2,87.62636094674491,98.07999999999994,104,2.0
9,A,PREY,132,10342.349999999891,500,15565.911999999877,6,0,100.0,0.0,1,2.0
9,A,PREY,133,9302.609999999906,500,15565.911999999877,6,0,100.0,0.0,1,2.0
9,A,PREY,134,9582.539999999904,500,15565.911999999877,4,1,99.865,25.500000000001,3,2.0
9,A,PREY,135,10102.409999999894,500,15565.911999999877,338,1,86.2822189349105,13.70000000000043,1,2.0
9,A,PREY,136,9702.509999999898,500,15565.911999999877,5,1,100.0,4.7000000000004984,2,2.0
9,A,PREY,137,9382.58999999991,500,15565.911999999877,7,0,99.92714285714285,0.0,0,2.0
9,A,PREY,138,929.8700000000005,39,15565.911999999877,5,2,100.0,95.75999999999989,2,2.0
9,A,PREY,139,8862.719999999908,500,15565.911999999877,5,2,99.892,3.050000000000506,2,2.0
9,A,PREY,140,11102.159999999885,500,15565.911999999877,5,1,99.946,32.400000000001306,2,2.0
9,A,PREY,141,11382.089999999886,500,15565.911999999877,6,0,99.955,0.0,1,2.0
9,A,PREY,142,10857.829999999889,489,15565.911999999877,5,1,100.0,28.252500000000364,2,2.0
9,A,PREY,143,10502.30999999989,500,15565.911999999877,4,1,100.0,6.819999999999991,3,2.0
9,A,PREY,144,9382.58999999991,500,15565.911999999877,3,2,100.0,26.550000000001027,4,2.0
9,A,PREY,145,9504.559999999905,500,15565.911999999877,338,2,81.95674556212946,25.410000000000686,4,2.0
9,A,PREY,146,10902.209999999894,500,15565.911999999877,7,0,99.98285714285714,0.0,0,2.0
9,A,PREY,147,10742.249999999889,500,15565.911999999877,6,0,99.88999999999999,0.0,1,2.0
9,A,PREY,148,11582.039999999883,500,15565.911999999877,5,1,100.0,1.4799999999995537,2,2.0
9,A,PREY,149,9222.62999999991,500,15565.911999999877,5,1,100.0,20.600000000000353,2,2.0
9,A,PREY,150,10262.369999999904,500,15565.911999999877,6,1,100.0,1.4000000000005777,1,2.0
9,A,PREY,151,9942.449999999899,500,15565.911999999877,5,1,99.946,0.500000000000704,2,2.0
9,A,PREY,152,302.7800000000001,14,15565.911999999877,5,2,100.0,89.55999999999999,2,2.0
9,A,PREY,153,10302.3599999999,500,15565.911999999877,6,1,99.865,8.139999999999667,1,2.0
9,A,PREY,154,11702.00999999988,500,15565.911999999877,4,2,100.0,15.440000000000069,3,2.0
9,A,PREY,155,10782.239999999898,500,15565.911999999877,4,2,99.865,7.670000000000238,3,2.0
9,A,PREY,156,12381.839999999875,500,15565.911999999877,5,1,100.0,5.60000000000073,2,2.0
9,A,PREY,157,10142.399999999903,500,15565.911999999877,4,2,100.0,18.11000000000065,3,2.0
9,A,PREY,158,10102.409999999902,500,15565.911999999877,6,0,100.0,0.0,1,2.0
9,A,PREY,159,10422.329999999902,500,15565.911999999877,5,1,100.0,6.500000000000299,2,2.0
9,A,PREY,160,2749.729999999999,156,15565.911999999877,6,2,100.0,47.39625000000025,1,2.0
9,A,PREY,161,11901.95999999988,500,15565.911999999877,5,1,100.0,2.439999999999392,2,2.0
9,A,PREY,162,28.460000000000008,3,15565.911999999877,6,2,100.0,91.87,1,2.0
9,A,PREY,163,3956.7799999999916,220,15565.911999999877,6,2,100.0,37.05000000000011,1,2.0
9,A,PREY,164,57.74000000000002,24,15565.911999999877,6,2,100.0,90.00999999999996,1,2.0
9,A,PREY,165,7663.019999999939,500,15565.911999999877,6,1,99.955,6.500000000000775,1,2.0
9,A,PREY,166,301.7600000000001,16,15565.911999999877,6,2,100.0,89.13999999999999,1,2.0
9,A,PREY,167,11582.039999999884,500,15565.911999999877,5,1,100.0,12.800000000000091,2,2.0
9,A,PREY,168,2159.57,137,15565.911999999877,4,2,100.0,73.3499999999999,3,2.0
9,A,PREY,169,6504.109999999963,322,15565.911999999877,6,1,100.0,35.9600000000001,1,2.0
9,A,PREY,170,10782.23999999989,500,15565.911999999877,5,1,100.0,24.800000000000274,2,2.0
9,A,PREY,171,10982.189999999891,500,15565.911999999877,5,1,99.892,23.1000000000003,2,2.0
9,A,PREY,172,12541.799999999876,500,15565.911999999877,7,0,100.0,0.0,0,2.0
9,A,PREY,173,10622.279999999899,500,15565.911999999877,7,0,100.0,0.0,0,2.0
9,A,PREY,174,10662.269999999899,500,15565.911999999877,6,1,100.0,0.20000000000037044,1,2.0
9,A,PREY,175,5884.669999999967,282,15565.911999999877,5,2,100.0,47.776250000000395,2,2.0
9,A,PREY,176,12261.869999999879,500,15565.911999999877,6,1,100.0,11.319999999999606,1,2.0
9,A,PREY,177,10302.359999999897,500,15565.911999999877,6,0,100.0,0.0,1,2.0
9,A,PREY,178,11102.159999999894,500,15565.911999999877,7,0,100.0,0.0,0,2.0
9,A,PREY,179,5722.669999999971,286,15565.911999999877,4,2,100.0,47.080000000000666,3,2.0
9,A,PREY,180,11182.139999999892,500,15565.911999999877,6,0,99.955,0.0,1,2.0
9,A,PREY,181,12701.759999999875,500,15565.911999999877,5,2,100.0,9.500000000000481,2,2.0
9,A,PREY,182,4982.239999999981,248,15565.911999999877,4,2,100.0,67.54000000000033,3,2.0
9,A,PREY,183,3451.699999999996,191,15565.911999999877,5,2,100.0,61.559999999999704,2,2.0
9,A,PREY,184,10822.2299999999,500,15565.911999999877,5,1,100.0,31.800000000001,2,2.0
9,A,PREY,185,12501.809999999878,500,15565.911999999877,6,1,99.91000000000001,7.1000000000004935,1,2.0
9,A,PREY,186,12381.839999999878,500,15565.911999999877,5,1,100.0,16.100000000000406,2,2.0
9,A,PREY,187,10303.859999999902,500,15565.911999999877,338,1,87.93497041420035,57.880000000000486,4,2.0
9,A,PREY,188,13301.609999999871,500,15565.911999999877,7,0,99.92285714285715,0.0,0,2.0
9,A,PREY,189,10864.719999999887,500,15565.911999999877,338,0,84.89053254437809,0.0,1,2.0
9,A,PREY,190,9982.439999999917,500,15565.911999999877,6,0,99.935,0.0,1,2.0
9,A,PREY,191,4216.6099999999915,181,15565.911999999877,5,2,100.0,65.90999999999966,2,2.0
9,A,PREY,192,7578.229999999945,333,15565.911999999877,5,1,100.0,39.80000000000019,2,2.0
9,A,PREY,193,10542.299999999897,500,15565.911999999877,6,1,100.0,3.51999999999956,1,2.0
9,A,PREY,194,11342.09999999989,500,15565.911999999877,5,1,99.946,33.900000000000794,2,2.0
9,A,PREY,195,12701.759999999873,500,15565.911999999877,6,0,99.77499999999999,0.0,1,2.0
9,A,PREY,196,12701.759999999875,500,15565.911999999877,4,1,100.0,31.200000000000227,3,2.0
9,A,PREY,197,10902.209999999903,500,15565.911999999877,6,0,99.91000000000001,0.0,1,2.0
9,A,PREY,198,12381.839999999876,500,15565.911999999877,3,2,100.0,17.150000000000556,4,2.0
9,A,PREY,199,11941.94999999989,500,15565.911999999877,6,0,100.0,0.0,1,2.0
9,A,PREY,200,11662.01999999989,500,15565.911999999877,5,1,99.946,24.300000000000733,2,2.0
9,A,PREY,201,12781.739999999872,500,15565.911999999877,5,1,100.0,1.4199999999997965,2,2.0
9,A,PREY,202,12221.879999999886,500,15565.911999999877,6,1,99.91000000000001,4.100000000000713,1,2.0
9,A,PREY,203,12781.739999999872,500,15565.911999999877,7,0,99.98285714285714,0.0,0,2.0
9,A,PREY,204,13221.62999999987,500,15565.911999999877,7,0,99.92285714285715,0.0,0,2.0
9,A,PREY,205,225.35000000000002,9,15565.911999999877,6,2,100.0,90.60999999999999,1,2.0
9,A,PREY,206,13221.62999999987,500,15565.911999999877,4,1,99.865,29.53999999999996,3,2.0
9,A,PREY,207,13461.569999999869,500,15565.911999999877,7,0,100.0,0.0,0,2.0
9,A,PREY,208,11262.119999999899,500,15565.911999999877,7,0,100.0,0.0,0,2.0
9,A,PREY,209,12141.899999999887,500,15565.911999999877,6,1,100.0,4.100000000000738,1,2.0
9,A,PREY,210,13061.669999999878,500,15565.911999999877,6,0,99.88999999999999,0.0,1,2.0
9,A,PREY,211,12941.699999999872,500,15565.911999999877,5,1,99.946,29.700000000001246,2,2.0
9,A,PREY,212,13221.629999999872,500,15565.911999999877,6,0,99.955,0.0,1,2.0
9,A,PREY,213,13941.449999999866,500,15565.911999999877,7,0,99.98285714285714,0.0,0,2.0
9,A,PREY,214,13141.64999999987,500,15565.911999999877,338,2,79.44461538461435,72.89374999999924,107,2.0
9,A,PREY,215,11502.059999999898,500,15565.911999999877,5,1,100.0,7.200000000000231,2,2.0
9,A,PREY,216,4368.409999999994,197,15565.911999999877,4,2,100.0,63.94624999999968,3,2.0
9,A,PREY,217,13261.61999999987,500,15565.911999999877,5,1,100.0,30.00000000000082,2,2.0
9,A,PREY,218,11901.959999999888,500,15565.911999999877,6,0,99.955,0.0,1,2.0
9,A,PREY,219,5368.159999999979,197,15565.911999999877,5,2,100.0,58.439999999999706,2,2.0
9,A,PREY,220,122.41999999999989,54,15565.911999999877,5,2,100.0,81.15999999999997,2,2.0
9,A,PREY,221,13261.61999999987,500,15565.911999999877,4,1,100.0,16.200000000000518,3,2.0
9,A,PREY,222,3978.709999999999,177,15565.911999999877,6,2,100.0,46.26000000000022,1,2.0
9,A,PREY,223,10987.189999999893,500,15565.911999999877,338,0,75.01997041420043,0.0,0,2.0
9,A,PREY,224,2781.3500000000004,94,15565.911999999877,6,2,100.0,74.78624999999974,1,2.0
9,A,PREY,225,14021.429999999866,500,15565.911999999877,4,2,100.0,13.600000000000517,3,2.0
9,A,PREY,226,7912.93999999995,304,15565.911999999877,5,2,100.0,37.33625000000037,2,2.0
9,A,PREY,227,304.3100000000001,11,15565.911999999877,5,2,100.0,99.37,2,2.0
9,A,PREY,228,14261.369999999863,500,15565.911999999877,6,0,99.955,0.0,1,2.0
9,A,PREY,229,13541.549999999874,500,15565.911999999877,6,0,100.0,0.0,1,2.0
9,A,PREY,230,12421.829999999885,500,15565.911999999877,4,2,100.0,20.200000000000465,3,2.0
9,A,PREY,231,13741.499999999873,500,15565.911999999877,7,0,100.0,0.0,0,2.0
9,A,PREY,232,7247.899999999957,275,15565.911999999877,5,2,100.0,36.766250000000376,2,2.0
9,A,PREY,233,1793.3300000000008,71,15565.911999999877,6,2,100.0,72.11249999999997,1,2.0
9,A,PREY,234,11664.5599999999,397,15565.911999999877,5,1,100.0,37.56000000000067,2,2.0
9,A,PREY,235,26.420000000000016,7,15565.911999999877,6,2,100.0,91.03,1,2.0
9,A,PREY,236,13101.659999999876,500,15565.911999999877,5,1,100.0,10.800000000000693,2,2.0
9,A,PREY,237,12861.719999999883,500,15565.911999999877,6,0,99.91000000000001,0.0,1,2.0
9,A,PREY,238,13341.59999999987,500,15565.911999999877,5,1,99.946,26.10000000000116,2,2.0
9,A,PREY,239,12581.789999999888,500,15565.911999999877,6,1,100.0,9.80000000000046,1,2.0
9,A,PREY,240,13181.639999999878,500,15565.911999999877,7,0,100.0,0.0,0,2.0
9,A,PREY,241,13861.469999999874,500,15565.911999999877,4,1,100.0,32.3600000000001,3,2.0
9,A,PREY,242,13701.509999999873,500,15565.911999999877,4,1,100.0,44.03250000000097,3,2.0
9,A,PREY,243,12821.729999999883,500,15565.911999999877,7,0,100.0,0.0,0,2.0
9,A,PREY,244,13261.619999999877,500,15565.911999999877,5,1,100.0,2.679999999999528,2,2.0
9,A,PREY,245,14301.359999999871,500,15565.911999999877,6,1,99.955,5.600000000000164,1,2.0
9,A,PREY,246,13981.439999999866,500,15565.911999999877,7,0,99.88428571428571,0.0,0,2.0
9,A,PREY,247,14221.379999999865,500,15565.911999999877,6,0,100.0,0.0,1,2.0
9,A,PREY,248,132.6199999999999,34,15565.911999999877,5,2,100.0,90.15999999999993,2,2.0
9,A,PREY,249,2462.8699999999994,248,15565.911999999877,4,2,100.0,39.49000000000022,3,2.0
9,A,PREY,250,12421.82999999989,500,15565.911999999877,6,0,99.955,0.0,1,2.0
9,A,PREY,251,14384.339999999862,500,15565.911999999877,338,0,77.60275147928922,0.0,1,2.0
9,A,PREY,252,-11.02,2,15565.911999999877,6,2,100.0,92.08,1,2.0
9,A,PREY,253,12061.919999999898,500,15565.911999999877,7,0,100.0,0.0,0,2.0
9,A,PREY,254,14421.329999999864,500,15565.911999999877,5,1,99.946,23.10000000000024,2,2.0
9,A,PREY,255,14301.359999999866,500,15565.911999999877,6,0,100.0,0.0,1,2.0
9,A,PREY,256,13301.609999999879,500,15565.911999999877,6,1,99.955,14.000000000000375,1,2.0
9,A,PREY,257,14701.259999999862,500,15565.911999999877,6,1,100.0,4.400000000000744,1,2.0
9,A,PREY,258,13421.579999999878,500,15565.911999999877,5,1,100.0,25.500000000001005,2,2.0
9,A,PREY,259,13581.539999999875,500,15565.911999999877,5,1,100.0,1.400000000000678,2,2.0
9,A,PREY,260,13661.519999999875,500,15565.911999999877,4,1,100.0,52.90000000000029,3,2.0
9,A,PREY,261,13981.439999999871,500,15565.911999999877,4,1,100.0,20.09999999999931,3,2.0
9,A,PREY,262,14261.36999999987,500,15565.911999999877,6,0,100.0,0.0,1,2.0
9,A,PREY,263,14421.329999999865,500,15565.911999999877,7,0,100.0,0.0,0,2.0
9,A,PREY,264,14261.36999999987,500,15565.911999999877,7,0,100.0,0.0,0,2.0
9,A,PREY,265,14101.409999999873,500,15565.911999999877,7,0,100.0,0.0,0,2.0
9,A,PREY,266,13541.549999999874,500,15565.911999999877,7,0,100.0,0.0,0,2.0
9,A,PREY,267,4096.639999999998,181,15565.911999999877,4,2,100.0,70.08999999999999,3,2.0
9,A,PREY,268,934.9700000000004,29,15565.911999999877,5,2,100.0,86.40999999999997,2,2.0
9,A,PREY,269,13381.589999999882,500,15565.911999999877,5,0,100.0,0.0,2,2.0
9,A,PREY,270,15021.17999999986,500,15565.911999999877,5,0,100.0,0.0,2,2.0
9,A,PREY,271,3392.119999999998,151,15565.911999999877,5,2,100.0,68.33999999999986,2,2.0
9,A,PREY,272,6130.7299999999705,270,15565.911999999877,6,2,100.0,32.70000000000011,1,2.0
9,A,PREY,273,14941.199999999864,500,15565.911999999877,4,1,100.0,34.200000000001005,3,2.0
9,A,PREY,274,66.41000000000003,7,15565.911999999877,6,2,100.0,91.03,1,2.0
9,A,PREY,275,11022.179999999908,500,15565.911999999877,7,0,99.96142857142857,0.0,0,2.0
9,A,PREY,276,15461.069999999858,500,15565.911999999877,6,0,100.0,0.0,1,2.0
9,A,PREY,277,14581.289999999866,500,15565.911999999877,6,0,100.0,0.0,1,2.0
9,A,PREY,278,14061.419999999871,500,15565.911999999877,4,1,99.9325,32.400000000000865,3,2.0
9,A,PREY,279,14941.19999999986,500,15565.911999999877,4,1,100.0,23.900000000000254,3,2.0
9,A,PREY,280,13821.479999999878,500,15565.911999999877,6,0,100.0,0.0,1,2.0
9,A,PREY,281,14741.249999999867,500,15565.911999999877,5,1,99.892,4.700000000000577,2,2.0
9,A,PREY,282,14541.299999999863,500,15565.911999999877,5,1,100.0,34.10000000000035,2,2.0
9,A,PREY,283,137.72000000000003,24,15565.911999999877,5,2,100.0,90.30999999999995,2,2.0
9,A,PREY,284,27.440000000000012,5,15565.911999999877,6,2,100.0,91.44999999999999,1,2.0
9,A,PREY,285,14981.18999999986,500,15565.911999999877,7,0,100.0,0.0,0,2.0
9,A,PREY,286,10123.819999999921,360,15565.911999999877,4,2,100.0,14.9500000000002,3,2.0
9,A,PREY,287,3705.9199999999987,163,15565.911999999877,6,2,100.0,43.140000000000214,1,2.0
9,A,PREY,288,-1.630000000000015,62,15565.911999999877,5,2,100.0,83.80499999999981,2,2.0
9,A,PREY,289,14661.269999999862,500,15565.911999999877,5,1,99.892,8.999999999999364,2,2.0
9,A,PREY,290,15900.959999999854,500,15565.911999999877,338,0,93.15878698224849,0.0,1,2.0
9,A,PREY,291,15740.999999999854,500,15565.911999999877,7,0,100.0,0.0,0,2.0
9,A,PREY,292,14421.329999999869,500,15565.911999999877,4,1,100.0,17.100000000000694,3,2.0
9,A,PREY,293,14581.289999999868,500,15565.911999999877,5,1,100.0,24.900000000000855,2,2.0
9,A,PREY,294,15101.159999999862,500,15565.911999999877,6,1,100.0,4.400000000000621,1,2.0
9,A,PREY,295,14301.359999999871,500,15565.911999999877,4,1,100.0,27.080000000000087,3,2.0
9,A,PREY,296,13822.189999999873,479,15565.911999999877,3,2,100.0,41.60000000000022,4,2.0
9,A,PREY,297,28.970000000000006,2,15565.911999999877,6,2,100.0,92.08,1,2.0
9,A,PREY,298,28.460000000000008,3,15565.911999999877,6,2,100.0,91.87,1,2.0
9,A,PREY,299,491.0000000000002,37,15565.911999999877,4,2,100.0,85.47999999999996,3,2.0
9,A,PREY,300,26.420000000000016,7,15565.911999999877,6,2,100.0,91.03,1,2.0
9,A,PREY,301,12621.779999999895,500,15565.911999999877,4,1,100.0,17.000000000000668,3,2.0
9,A,PREY,302,16060.919999999851,500,15565.911999999877,5,1,100.0,25.800000000000566,2,2.0
9,A,PREY,303,26.930000000000014,6,15565.911999999877,6,2,100.0,91.24,1,2.0
9,A,PREY,304,15421.079999999856,500,15565.911999999877,4,1,100.0,25.299999999999716,3,2.0
9,A,PREY,305,15421.07999999986,500,15565.911999999877,6,0,100.0,0.0,1,2.0
9,A,PREY,306,803.7800000000003,51,15565.911999999877,6,2,100.0,78.2624999999999,1,2.0
9,A,PREY,307,16100.909999999853,500,15565.911999999877,4,1,100.0,11.019999999999786,3,2.0
9,A,PREY,308,15261.119999999863,500,15565.911999999877,7,0,100.0,0.0,0,2.0
9,A,PREY,309,7974.349999999953,262,15565.911999999877,6,2,100.0,38.15999999999998,1,2.0
9,A,PREY,310,9612.109999999931,344,15565.911999999877,5,1,100.0,25.620000000000168,2,2.0
9,A,PREY,311,8286.109999999948,278,15565.911999999877,3,2,100.0,48.12625000000027,4,2.0
9,A,PREY,312,1365.1700000000005,48,15565.911999999877,6,2,100.0,79.40624999999989,1,2.0
9,A,PREY,313,15381.089999999856,500,15565.911999999877,5,1,100.0,24.300000000001152,2,2.0
9,A,PREY,314,15101.159999999865,500,15565.911999999877,7,0,99.96142857142857,0.0,0,2.0
9,A,PREY,315,15061.169999999864,500,15565.911999999877,6,1,100.0,11.000000000000412,1,2.0
9,A,PREY,316,15021.179999999862,500,15565.911999999877,7,0,100.0,0.0,0,2.0
9,A,PREY,317,14701.259999999867,500,15565.911999999877,3,2,100.0,30.300000000001276,4,2.0
9,A,PREY,318,14941.199999999864,500,15565.911999999877,6,1,100.0,4.70000000000032,1,2.0
9,A,PREY,319,7613.9299999999575,263,15565.911999999877,5,2,100.0,38.96999999999983,2,2.0
9,A,PREY,320,14741.249999999867,500,15565.911999999877,5,0,100.0,0.0,2,2.0
9,A,PREY,321,16620.779999999857,500,15565.911999999877,5,0,100.0,0.0,2,2.0
9,A,PREY,322,15261.11999999986,500,15565.911999999877,5,2,100.0,3.5000000000005476,2,2.0
9,A,PREY,323,15381.089999999862,500,15565.911999999877,6,0,100.0,0.0,1,2.0
9,A,PREY,324,15421.079999999858,500,15565.911999999877,5,1,100.0,15.200000000000609,2,2.0
9,A,PREY,325,15221.129999999863,500,15565.911999999877,3,2,99.91000000000001,17.350000000000115,4,2.0
9,A,PREY,326,15461.069999999858,500,15565.911999999877,6,0,100.0,0.0,1,2.0
9,A,PREY,327,14461.31999999987,500,15565.911999999877,6,0,100.0,0.0,1,2.0
9,A,PREY,328,14541.29999999987,500,15565.911999999877,3,2,100.0,4.749999999999611,4,2.0
9,A,PREY,329,14941.199999999866,500,15565.911999999877,5,1,100.0,14.400000000000865,2,2.0
9,A,PREY,330,15740.999999999858,500,15565.911999999877,5,1,100.0,23.40000000000113,2,2.0
9,A,PREY,331,15581.039999999859,500,15565.911999999877,7,0,100.0,0.0,0,2.0
9,A,PREY,332,15261.119999999863,500,15565.911999999877,6,1,100.0,13.400000000000222,1,2.0
9,A,PREY,333,15221.129999999865,500,15565.911999999877,5,1,100.0,10.80000000000031,2,2.0
9,A,PREY,334,15860.96999999986,500,15565.911999999877,4,1,100.0,23.70000000000114,3,2.0
9,A,PREY,335,2385.5300000000007,86,15565.911999999877,4,2,100.0,78.19000000000003,3,2.0
9,A,PREY,336,926.0000000000001,125,15565.911999999877,6,2,100.0,50.23500000000027,1,2.0
9,A,PREY,337,16380.839999999851,500,15565.911999999877,5,0,100.0,0.0,2,2.0
9,A,PREY,338,16660.76999999985,500,15565.911999999877,7,0,100.0,0.0,0,2.0
9,A,PREY,339,15301.10999999986,500,15565.911999999877,7,0,100.0,0.0,0,2.0
9,A,PREY,340,15501.059999999861,500,15565.911999999877,4,1,99.9325,61.00000000000096,3,2.0
9,A,PREY,341,16700.75999999985,500,15565.911999999877,6,0,100.0,0.0,1,2.0
9,A,PREY,342,15061.169999999867,500,15565.911999999877,7,0,99.96142857142857,0.0,0,2.0
9,A,PREY,343,15501.059999999861,500,15565.911999999877,5,2,99.946,5.300000000000441,2,2.0
9,A,PREY,344,16740.74999999985,500,15565.911999999877,6,0,100.0,0.0,1,2.0
9,A,PREY,345,15141.149999999865,500,15565.911999999877,5,0,100.0,0.0,2,2.0
9,A,PREY,346,3513.109999999999,149,15565.911999999877,4,2,100.0,81.15000000000013,3,2.0
9,A,PREY,347,13661.519999999884,500,15565.911999999877,5,1,99.892,24.320000000000128,2,2.0
9,A,PREY,348,16500.809999999856,500,15565.911999999877,6,0,99.91000000000001,0.0,1,2.0
9,A,PREY,349,16780.73999999985,500,15565.911999999877,6,0,100.0,0.0,1,2.0
9,A,PREY,350,28.970000000000006,2,15565.911999999877,6,2,100.0,92.08,1,2.0
9,A,PREY,351,15381.089999999864,500,15565.911999999877,6,0,100.0,0.0,1,2.0
9,A,PREY,352,15421.079999999864,500,15565.911999999877,6,1,100.0,5.600000000000614,1,2.0
9,A,PREY,353,16340.849999999855,500,15565.911999999877,7,0,100.0,0.0,0,2.0
9,A,PREY,354,14755.729999999874,452,15565.911999999877,4,2,100.0,22.06000000000054,3,2.0
9,A,PREY,355,16300.859999999855,500,15565.911999999877,6,1,100.0,4.100000000000289,1,2.0
9,A,PREY,356,16500.809999999856,500,15565.911999999877,5,1,100.0,30.870000000001163,2,2.0
9,A,PREY,357,7263.1999999999625,245,15565.911999999877,4,2,100.0,52.9000000000005,3,2.0
9,A,PREY,358,15101.159999999867,500,15565.911999999877,7,0,100.0,0.0,1,2.0
9,A,PREY,359,16700.759999999853,500,15565.911999999877,7,0,99.96142857142857,0.0,0,2.0
9,A,PREY,360,16220.879999999852,500,15565.911999999877,7,0,100.0,0.0,0,2.0
9,A,PREY,361,438.7700000000001,61,15565.911999999877,5,2,100.0,83.2899999999999,2,2.0
9,A,PREY,362,10667.659999999923,313,15565.911999999877,4,2,100.0,49.99000000000057,3,2.0
9,A,PREY,363,999.6500000000003,59,15565.911999999877,6,2,100.0,78.68624999999987,1,2.0
9,A,PREY,364,16420.829999999853,500,15565.911999999877,7,0,99.96142857142857,0.0,0,2.0
9,A,PREY,365,21.32000000000003,17,15565.911999999877,6,2,100.0,90.72999999999996,1,2.0
9,A,PREY,366,16860.719999999852,500,15565.911999999877,6,0,100.0,0.0,1,2.0
9,A,PREY,367,16420.829999999856,500,15565.911999999877,4,1,99.9325,6.072499999999645,3,2.0
9,A,PREY,368,2158.3400000000006,61,15565.911999999877,6,2,100.0,72.14624999999997,1,2.0
9,A,PREY,369,16940.699999999855,500,15565.911999999877,6,1,100.0,3.5799999999994183,1,2.0
9,A,PREY,370,15940.949999999857,500,15565.911999999877,7,0,100.0,0.0,0,2.0
9,A,PREY,371,15581.03999999986,500,15565.911999999877,6,1,100.0,1.4000000000007091,1,2.0
9,A,PREY,372,15301.109999999862,500,15565.911999999877,5,1,100.0,4.299999999999727,2,2.0
9,A,PREY,373,11302.109999999915,500,15565.911999999877,338,0,84.89485207100519,0.0,0,2.0
9,A,PREY,374,16860.71999999986,500,15565.911999999877,5,1,99.946,2.9000000000004063,2,2.0
9,A,PREY,375,17180.63999999985,500,15565.911999999877,6,0,100.0,0.0,1,2.0
9,A,PREY,376,14753.689999999871,456,15565.911999999877,2,1,100.0,99.3800000000005,5,2.0
9,A,PREY,377,16020.929999999857,500,15565.911999999877,6,0,100.0,0.0,1,2.0
9,A,PREY,378,7971.799999999952,267,15565.911999999877,6,2,100.0,36.81000000000002,1,2.0
9,A,PREY,379,11903.459999999899,500,15565.911999999877,338,1,85.52565088757333,98.55999999999995,99,2.0
9,A,PREY,380,16860.719999999852,500,15565.911999999877,6,1,100.0,23.000000000000693,1,2.0
9,A,PREY,381,17300.609999999855,500,15565.911999999877,5,0,100.0,0.0,2,2.0
9,A,PREY,382,16820.72999999985,500,15565.911999999877,6,1,100.0,2.6000000000006755,1,2.0
9,A,PREY,383,63.34999999999997,13,15565.911999999877,6,2,100.0,89.76999999999998,1,2.0
9,A,PREY,384,17220.629999999855,500,15565.911999999877,4,1,99.94,12.099999999999598,3,2.0
9,A,PREY,385,17380.58999999985,500,15565.911999999877,7,0,100.0,0.0,0,2.0
9,A,PREY,386,16060.919999999858,500,15565.911999999877,5,1,100.0,25.939999999999014,2,2.0
9,A,PREY,387,16180.889999999856,500,15565.911999999877,6,0,99.98,0.0,1,2.0
9,A,PREY,388,17340.599999999853,500,15565.911999999877,5,1,100.0,19.899999999999732,2,2.0
9,A,PREY,389,16740.74999999986,500,15565.911999999877,4,1,100.0,41.50000000000102,3,2.0
9,A,PREY,390,16260.869999999859,500,15565.911999999877,338,2,89.69423076923,44.79999999999952,64,2.0
9,A,PREY,391,14384.33999999986,500,15565.911999999877,338,1,88.52174556212955,97.47999999999993,67,2.0
9,A,PREY,392,17340.599999999846,500,15565.911999999877,6,0,100.0,0.0,1,2.0
9,A,PREY,393,16540.79999999985,500,15565.911999999877,7,0,99.96142857142857,0.0,0,2.0
9,A,PREY,394,226.37000000000006,7,15565.911999999877,6,2,100.0,91.03,1,2.0
9,A,PREY,395,17300.609999999855,500,15565.911999999877,6,0,100.0,0.0,1,2.0
9,A,PREY,396,15820.979999999861,500,15565.911999999877,5,0,100.0,0.0,2,2.0
9,A,PREY,397,15780.98999999986,500,15565.911999999877,338,0,87.64372781065066,0.0,1,2.0
9,A,PREY,398,17020.679999999844,500,15565.911999999877,6,0,100.0,0.0,1,2.0
9,A,PREY,399,15940.94999999986,500,15565.911999999877,6,1,100.0,6.500000000000747,1,2.0
9,A,PREY,400,8836.789999999943,296,15565.911999999877,5,2,100.0,41.36999999999991,2,2.0
9,A,PREY,401,15820.979999999861,500,15565.911999999877,4,2,99.9325,18.470000000000383,3,2.0
9,A,PREY,402,17500.559999999852,500,15565.911999999877,3,1,100.0,25.479999999999606,4,2.0
9,A,PREY,403,17020.679999999855,500,15565.911999999877,4,2,100.0,16.300000000000548,3,2.0
9,A,PREY,404,845.3000000000003,48,15565.911999999877,6,2,100.0,77.48999999999992,1,2.0
9,A,PREY,405,380.1200000000001,176,15565.911999999877,6,2,100.0,45.33000000000023,1,2.0
9,A,PREY,406,12421.829999999904,500,15565.911999999877,6,0,100.0,0.0,1,2.0
9,A,PREY,407,778.0700000000003,23,15565.911999999877,6,2,100.0,87.66999999999999,1,2.0
9,A,PREY,408,6405.349999999972,202,15565.911999999877,6,2,100.0,48.3600000000003,1,2.0
9,A,PREY,409,17100.659999999847,500,15565.911999999877,5,0,99.976,0.0,2,2.0
9,A,PREY,410,17660.51999999985,500,15565.911999999877,5,1,100.0,2.0000000000007256,2,2.0
9,A,PREY,411,1721.0000000000007,56,15565.911999999877,6,2,100.0,83.06249999999982,1,2.0
9,A,PREY,412,17380.58999999985,500,15565.911999999877,4,1,100.0,15.600000000000636,3,2.0
9,A,PREY,413,17140.649999999852,500,15565.911999999877,7,0,100.0,0.0,0,2.0
9,A,PREY,414,16780.739999999852,500,15565.911999999877,5,0,100.0,0.0,2,2.0
9,A,PREY,415,296.6600000000001,26,15565.911999999877,5,2,100.0,87.03999999999998,2,2.0
9,A,PREY,416,12821.729999999898,500,15565.911999999877,6,1,100.0,2.3000000000003595,1,2.0
9,A,PREY,417,17340.59999999985,500,15565.911999999877,4,1,100.0,32.179999999999836,3,2.0
9,A,PREY,418,17580.539999999848,500,15565.911999999877,5,2,100.0,10.550000000000532,2,2.0
9,A,PREY,419,5586.979999999983,160,15565.911999999877,5,2,100.0,56.900000000000276,2,2.0
9,A,PREY,420,15661.019999999866,500,15565.911999999877,5,0,100.0,0.0,2,2.0
9,A,PREY,421,17220.62999999985,500,15565.911999999877,7,0,100.0,0.0,0,2.0
9,A,PREY,422,16940.69999999986,500,15565.911999999877,6,0,100.0,0.0,1,2.0
9,A,PREY,423,16580.789999999855,500,15565.911999999877,6,0,100.0,0.0,1,2.0
9,A,PREY,424,15545.54999999986,500,15565.911999999877,338,1,81.50402366863828,54.70500000000029,3,2.0
9,A,PREY,425,13821.479999999885,500,15565.911999999877,3,2,100.0,14.402499999999726,4,2.0
9,A,PREY,426,17420.579999999853,500,15565.911999999877,5,1,99.946,21.60000000000018,2,2.0
9,A,PREY,427,17700.509999999842,500,15565.911999999877,7,0,100.0,0.0,0,2.0
9,A,PREY,428,16980.689999999853,500,15565.911999999877,6,1,100.0,1.8999999999996362,1,2.0
9,A,PREY,429,5185.549999999987,163,15565.911999999877,6,2,100.0,44.94000000000032,1,2.0
9,A,PREY,430,14501.309999999876,500,15565.911999999877,4,1,100.0,6.099999999999426,3,2.0
9,A,PREY,431,3734.4800000000005,107,15565.911999999877,6,2,100.0,68.24249999999998,1,2.0
9,A,PREY,432,17460.56999999985,500,15565.911999999877,5,1,99.946,35.40000000000052,2,2.0
9,A,PREY,433,422.75000000000017,14,15565.911999999877,6,2,100.0,89.55999999999999,1,2.0
9,A,PREY,434,17460.569999999847,500,15565.911999999877,5,0,100.0,0.0,2,2.0
9,A,PREY,435,17300.609999999855,500,15565.911999999877,5,2,100.0,4.066250000000316,2,2.0
9,A,PREY,436,16900.709999999857,500,15565.911999999877,6,0,100.0,0.0,1,2.0
9,A,PREY,437,17180.639999999854,500,15565.911999999877,3,1,100.0,59.99999999999811,4,2.0
9,A,PREY,438,13584.07999999989,397,15565.911999999877,4,2,100.0,31.60624999999996,3,2.0
9,A,PREY,439,17580.53999999985,500,15565.911999999877,6,1,100.0,8.000000000000586,1,2.0
9,A,PREY,440,17500.55999999985,500,15565.911999999877,6,0,100.0,0.0,1,2.0
9,A,PREY,441,17540.54999999985,500,15565.911999999877,4,2,100.0,16.15000000000076,3,2.0
9,A,PREY,442,17300.60999999985,500,15565.911999999877,6,0,100.0,0.0,1,2.0
9,A,PREY,443,17260.619999999853,500,15565.911999999877,5,1,100.0,21.60000000000083,2,2.0
9,A,PREY,444,16860.719999999856,500,15565.911999999877,6,0,99.955,0.0,1,2.0
9,A,PREY,445,17460.56999999985,500,15565.911999999877,6,1,99.98,8.900000000000613,1,2.0
9,A,PREY,446,17340.599999999857,500,15565.911999999877,7,0,100.0,0.0,0,2.0
9,A,PREY,447,15740.999999999864,500,15565.911999999877,5,1,100.0,9.6999999999996,2,2.0
9,A,PREY,448,16700.759999999857,500,15565.911999999877,4,1,100.0,21.300000000001145,3,2.0
9,A,PREY,449,6251.509999999976,190,15565.911999999877,6,2,100.0,42.28500000000018,1,2.0
9,A,PREY,450,1211.3300000000004,36,15565.911999999877,6,2,100.0,83.12999999999994,1,2.0
9,A,PREY,451,61.30999999999997,17,15565.911999999877,6,2,100.0,89.07999999999998,1,2.0
9,A,PREY,452,16780.73999999986,500,15565.911999999877,5,0,100.0,0.0,2,2.0
9,A,PREY,453,17820.47999999985,500,15565.911999999877,5,0,100.0,0.0,2,2.0
9,A,PREY,454,17660.519999999855,500,15565.911999999877,7,0,100.0,0.0,0,2.0
9,A,PREY,455,17620.52999999985,500,15565.911999999877,4,1,100.0,24.90000000000094,3,2.0
9,A,PREY,456,5620.849999999982,172,15565.911999999877,6,2,100.0,55.41000000000004,1,2.0
9,A,PREY,457,15461.069999999869,500,15565.911999999877,4,2,100.0,5.220000000000336,3,2.0
9,A,PREY,458,2237.810000000001,62,15565.911999999877,5,3,100.0,48.80000000000003,2,2.0
9,A,PREY,459,14741.249999999878,500,15565.911999999877,4,1,100.0,8.700000000000761,3,2.0
9,A,PREY,460,17700.50999999985,500,15565.911999999877,4,2,100.0,15.850000000000982,3,2.0
9,A,PREY,461,17780.489999999845,500,15565.911999999877,6,1,100.0,20.000000000000433,1,2.0
9,A,PREY,462,17860.469999999852,500,15565.911999999877,4,2,100.0,12.40999999999998,3,2.0
9,A,PREY,463,17540.54999999985,500,15565.911999999877,4,2,100.0,15.046250000000464,3,2.0
9,A,PREY,464,17780.489999999845,500,15565.911999999877,3,1,100.0,26.78000000000037,4,2.0
9,A,PREY,465,17660.519999999848,500,15565.911999999877,6,0,100.0,0.0,1,2.0
9,A,PREY,466,17300.60999999985,500,15565.911999999877,6,0,100.0,0.0,1,2.0
9,A,PREY,467,17171.149999999852,499,15565.911999999877,5,1,100.0,30.120000000000775,2,2.0
9,A,PREY,468,17420.57999999985,500,15565.911999999877,5,1,100.0,4.4000000000007615,2,2.0
9,A,PREY,469,1365.1700000000005,48,15565.911999999877,6,2,100.0,79.55624999999989,1,2.0
9,A,PREY,470,3578.6000000000004,99,15565.911999999877,6,2,100.0,64.1362500000001,1,2.0
9,A,PREY,471,17500.559999999856,500,15565.911999999877,7,0,100.0,0.0,0,2.0
9,A,PREY,472,15541.049999999868,500,15565.911999999877,5,1,100.0,7.400000000000655,2,2.0
9,A,PREY,473,18140.39999999985,500,15565.911999999877,5,1,100.0,30.60000000000116,2,2.0
9,A,PREY,474,18260.369999999843,500,15565.911999999877,5,1,100.0,17.100000000000684,2,2.0
9,A,PREY,475,18220.37999999984,500,15565.911999999877,6,1,100.0,4.959999999999509,1,2.0
9,A,PREY,476,17780.48999999985,500,15565.911999999877,7,0,100.0,0.0,0,2.0
9,A,PREY,477,18060.41999999985,500,15565.911999999877,5,1,100.0,28.800000000000797,2,2.0
9,A,PREY,478,17900.45999999985,500,15565.911999999877,7,0,100.0,0.0,0,2.0
9,A,PREY,479,17220.629999999855,500,15565.911999999877,6,0,100.0,0.0,1,2.0
9,A,PREY,480,17340.599999999853,500,15565.911999999877,6,1,100.0,7.400000000000634,1,2.0
9,A,PREY,481,17660.51999999985,500,15565.911999999877,5,0,100.0,0.0,2,2.0
9,A,PREY,482,6724.249999999968,204,15565.911999999877,5,2,100.0,59.21249999999973,2,2.0
9,A,PREY,483,18100.409999999843,500,15565.911999999877,5,0,99.892,0.0,2,2.0
9,A,PREY,484,108.44000000000001,3,15565.911999999877,6,2,100.0,91.87,1,2.0
9,A,PREY,485,17180.63999999985,500,15565.911999999877,6,2,100.0,6.4500000000005215,1,2.0
9,A,PREY,486,17100.659999999854,500,15565.911999999877,7,0,99.96142857142857,0.0,0,2.0
9,A,PREY,487,1953.8000000000009,70,15565.911999999877,6,2,100.0,68.96625,1,2.0
9,A,PREY,488,17420.57999999985,500,15565.911999999877,6,0,100.0,0.0,1,2.0
9,A,PREY,489,17700.50999999985,500,15565.911999999877,6,1,100.0,6.800000000000747,1,2.0
9,A,PREY,490,18020.429999999847,500,15565.911999999877,6,1,100.0,4.100000000000758,1,2.0
9,A,PREY,491,17980.43999999985,500,15565.911999999877,3,1,100.0,36.0200000000001,4,2.0
9,A,PREY,492,17700.509999999853,500,15565.911999999877,5,1,100.0,27.600000000001078,2,2.0
9,A,PREY,493,17300.609999999855,500,15565.911999999877,5,0,100.0,0.0,2,2.0
9,A,PREY,494,17820.47999999985,500,15565.911999999877,7,0,100.0,0.0,0,2.0
9,A,PREY,495,28.460000000000008,3,15565.911999999877,6,2,100.0,91.87,1,2.0
9,A,PREY,496,16351.759999999858,459,15565.911999999877,3,2,100.0,21.07999999999992,4,2.0
9,A,PREY,497,25.40000000000002,9,15565.911999999877,5,2,100.0,99.16,2,2.0
9,A,PREY,498,25.40000000000002,9,15565.911999999877,6,2,100.0,90.60999999999999,1,2.0
9,A,PREY,499,18540.299999999843,500,15565.911999999877,4,1,100.0,32.10000000000131,3,2.0
9,A,PREY,500,263.81000000000006,12,15565.911999999877,6,2,100.0,91.62999999999997,1,2.0
9,B,PREDATOR,1,-12.209999999999997,221,-4.7996666666665355,6,2,99.955,24.130000000000262,0,1.4
9,B,PREDATOR,2,-12.239999999999997,224,-4.7996666666665355,5,2,100.0,34.320000000000306,1,1.4
9,B,PREDATOR,3,-12.149999999999999,215,-4.7996666666665355,5,2,100.0,29.85000000000035,1,1.4
9,B,PREDATOR,4,-12.209999999999997,221,-4.7996666666665355,3,2,100.0,51.080000000000304,3,1.4
9,B,PREDATOR,5,12.09333333333292,303,-4.7996666666665355,5,2,100.0,4.240000000000119,1,1.4
9,B,PREDATOR,6,-12.159999999999998,216,-4.7996666666665355,6,2,100.0,24.280000000000186,0,1.4
9,B,PREDATOR,7,-12.289999999999996,229,-4.7996666666665355,5,2,100.0,33.51999999999996,1,1.4
9,B,PREDATOR,8,-12.329999999999995,233,-4.7996666666665355,5,2,100.0,36.39000000000022,1,1.4
9,B,PREDATOR,9,-12.359999999999994,236,-4.7996666666665355,6,2,100.0,24.730000000000086,0,1.4
9,B,PREDATOR,10,-12.189999999999998,219,-4.7996666666665355,4,2,100.0,28.21000000000018,2,1.4
9,B,PREDATOR,11,-12.299999999999995,230,-4.7996666666665355,5,2,100.0,30.450000000000458,1,1.4
9,B,PREDATOR,12,-12.169999999999998,217,-4.7996666666665355,4,2,100.0,49.45999999999979,2,1.4
9,B,PREDATOR,13,36.793333333333266,340,-4.7996666666665355,3,1,100.0,32.30000000000076,3,1.4
9,B,PREDATOR,14,-12.189999999999998,219,-4.7996666666665355,5,2,99.976,34.920000000000336,1,1.4
9,B,PREDATOR,15,-12.309999999999995,231,-4.7996666666665355,3,2,100.0,42.99000000000021,3,1.4
9,B,PREDATOR,16,-12.189999999999998,219,-4.7996666666665355,6,2,100.0,19.870000000000253,0,1.4
9,B,PREDATOR,17,-12.189999999999998,219,-4.7996666666665355,6,2,100.0,39.819999999999865,0,1.4
9,B,PREDATOR,18,-12.329999999999995,233,-4.7996666666665355,6,2,100.0,18.190000000000257,0,1.4
9,B,PREDATOR,19,-12.279999999999996,228,-4.7996666666665355,6,2,100.0,24.490000000000226,0,1.4
9,B,PREDATOR,20,-12.209999999999997,221,-4.7996666666665355,4,2,100.0,36.43000000000003,2,1.4
9,B,PREDATOR,21,-12.239999999999997,224,-4.7996666666665355,4,2,100.0,49.669999999999746,2,1.4
9,B,PREDATOR,22,-12.209999999999997,221,-4.7996666666665355,4,2,99.9325,50.10999999999957,2,1.4
9,B,PREDATOR,23,-12.219999999999997,222,-4.7996666666665355,5,2,100.0,32.38000000000007,1,1.4
9,B,PREDATOR,24,-12.249999999999996,225,-4.7996666666665355,6,2,100.0,24.40000000000013,0,1.4
9,B,PREDATOR,25,-12.229999999999997,223,-4.7996666666665355,5,2,100.0,40.289999999999765,1,1.4
9,B,PREDATOR,26,12.176666666666302,292,-4.7996666666665355,4,2,100.0,20.64999999999994,2,1.4
9,B,PREDATOR,27,-12.249999999999996,225,-4.7996666666665355,5,2,100.0,34.650000000000034,1,1.4
9,B,PREDATOR,28,-12.279999999999996,228,-4.7996666666665355,4,2,100.0,47.789999999999765,2,1.4
9,B,PREDATOR,29,-12.229999999999997,223,-4.7996666666665355,6,2,100.0,25.24000000000011,0,1.4
9,B,PREDATOR,30,-12.239999999999997,224,-4.7996666666665355,4,2,100.0,40.96999999999987,2,1.4
9,B,PREDATOR,31,-12.359999999999994,236,-4.7996666666665355,6,2,100.0,19.78000000000022,0,1.4
9,B,PREDATOR,32,-12.229999999999997,223,-4.7996666666665355,5,2,99.946,32.94999999999997,1,1.4
9,B,PREDATOR,33,-12.189999999999998,219,-4.7996666666665355,4,2,100.0,32.7200000000004,2,1.4
9,B,PREDATOR,34,-12.219999999999997,222,-4.7996666666665355,3,2,100.0,67.77000000000018,3,1.4
9,B,PREDATOR,35,-12.209999999999997,221,-4.7996666666665355,337,2,68.90311572700308,37.53000000000014,1,1.4
9,B,PREDATOR,36,-12.169999999999998,217,-4.7996666666665355,6,2,100.0,23.710000000000196,0,1.4
9,B,PREDATOR,37,-12.259999999999996,226,-4.7996666666665355,6,2,99.955,26.680000000000227,0,1.4
9,B,PREDATOR,38,-12.209999999999997,221,-4.7996666666665355,5,2,100.0,43.26999999999978,1,1.4
9,B,PREDATOR,39,-12.309999999999995,231,-4.7996666666665355,3,2,100.0,49.930000000000256,3,1.4
9,B,PREDATOR,40,-12.259999999999996,226,-4.7996666666665355,3,2,100.0,56.829999999999835,3,1.4
9,B,PREDATOR,41,12.303333333333034,282,-4.7996666666665355,4,1,100.0,17.060000000000173,2,1.4
9,B,PREDATOR,42,-12.159999999999998,216,-4.7996666666665355,6,2,100.0,25.030000000000133,0,1.4
9,B,PREDATOR,43,-12.399999999999993,240,-4.7996666666665355,4,2,100.0,36.5199999999999,2,1.4
9,B,PREDATOR,44,-12.239999999999997,224,-4.7996666666665355,5,2,100.0,24.87000000000025,1,1.4
9,B,PREDATOR,45,12.293333333332908,283,-4.7996666666665355,4,2,100.0,28.59000000000041,2,1.4
9,B,PREDATOR,46,-12.359999999999994,236,-4.7996666666665355,6,2,100.0,20.6800000000002,0,1.4
9,B,PREDATOR,47,12.256666666666485,284,-4.7996666666665355,4,2,100.0,32.51999999999986,2,1.4
9,B,PREDATOR,48,-12.209999999999997,221,-4.7996666666665355,4,2,100.0,41.769999999999754,2,1.4
9,B,PREDATOR,49,12.016666666666348,308,-4.7996666666665355,4,2,100.0,10.480000000000027,2,1.4
9,B,PREDATOR,50,-12.259999999999996,226,-4.7996666666665355,5,2,100.0,45.62999999999964,1,1.4
9,B,PREDATOR,51,-12.289999999999996,229,-4.7996666666665355,5,2,100.0,34.47000000000036,1,1.4
9,B,PREDATOR,52,-12.339999999999995,234,-4.7996666666665355,4,2,100.0,35.51999999999985,2,1.4
9,B,PREDATOR,53,12.206666666666406,289,-4.7996666666665355,4,2,100.0,25.269999999999875,2,1.4
9,B,PREDATOR,54,-12.11,211,-4.7996666666665355,5,2,100.0,47.019999999999754,1,1.4
9,B,PREDATOR,55,-12.179999999999998,218,-4.7996666666665355,4,2,100.0,44.9699999999998,2,1.4
9,B,PREDATOR,56,-12.149999999999999,215,-4.7996666666665355,4,2,100.0,45.779999999999774,2,1.4
9,B,PREDATOR,57,12.246666666666309,285,-4.7996666666665355,3,2,100.0,27.81000000000033,3,1.4
9,B,PREDATOR,58,36.53333333333378,366,-4.7996666666665355,3,1,100.0,24.98000000000077,3,1.4
9,B,PREDATOR,59,12.363333333332916,276,-4.7996666666665355,4,2,100.0,28.979999999999905,2,1.4
9,B,PREDATOR,60,-12.189999999999998,219,-4.7996666666665355,40,2,84.39425000000001,23.020000000000234,0,1.4
9,B,PREDATOR,61,-12.179999999999998,218,-4.7996666666665355,4,2,100.0,41.769999999999705,2,1.4
9,B,PREDATOR,62,12.20333333333305,292,-4.7996666666665355,5,2,100.0,20.26000000000016,1,1.4
9,B,PREDATOR,63,-12.149999999999999,215,-4.7996666666665355,6,2,100.0,25.45000000000011,0,1.4
9,B,PREDATOR,64,-11.350000000000001,135,-4.7996666666665355,6,3,100.0,25.440000000000044,0,1.4
9,B,PREDATOR,65,-12.219999999999997,222,-4.7996666666665355,2,2,100.0,71.02999999999952,4,1.4
9,B,PREDATOR,66,36.67666666666668,349,-4.7996666666665355,2,1,100.0,42.120000000000296,4,1.4
9,B,PREDATOR,67,36.70000000000025,352,-4.7996666666665355,2,1,100.0,43.2600000000006,4,1.4
9,B,PREDATOR,68,-12.219999999999997,222,-4.7996666666665355,4,2,100.0,41.49999999999982,2,1.4
9,B,PREDATOR,69,-12.209999999999997,221,-4.7996666666665355,6,2,100.0,23.530000000000207,0,1.4
9,B,PREDATOR,70,-12.199999999999998,220,-4.7996666666665355,5,2,100.0,32.64999999999996,1,1.4
9,B,PREDATOR,71,12.253333333333154,287,-4.7996666666665355,4,2,99.9325,23.910000000000213,2,1.4
9,B,PREDATOR,72,-12.279999999999996,228,-4.7996666666665355,6,2,100.0,18.340000000000117,0,1.4
9,B,PREDATOR,73,-12.209999999999997,221,-4.7996666666665355,6,2,100.0,24.580000000000304,0,1.4
9,B,PREDATOR,74,-12.239999999999997,224,-4.7996666666665355,5,2,100.0,42.7200000000001,1,1.4
9,B,PREDATOR,75,-12.249999999999996,225,-4.7996666666665355,5,2,100.0,32.70000000000004,1,1.4
9,B,PREDATOR,76,-12.279999999999996,228,-4.7996666666665355,5,2,100.0,42.84999999999968,1,1.4
9,B,PREDATOR,77,-12.199999999999998,220,-4.7996666666665355,5,2,99.976,25.030000000000257,1,1.4
9,B,PREDATOR,78,-12.199999999999998,220,-4.7996666666665355,6,2,100.0,27.250000000000178,0,1.4
9,B,PREDATOR,79,12.066666666666316,303,-4.7996666666665355,4,1,100.0,12.74000000000012,2,1.4
9,B,PREDATOR,80,-12.439999999999992,244,-4.7996666666665355,6,2,100.0,22.57000000000025,0,1.4
9,B,PREDATOR,81,-12.359999999999994,236,-4.7996666666665355,4,2,100.0,47.33000000000028,2,1.4
9,B,PREDATOR,82,11.746666666666284,335,-4.7996666666665355,1,2,100.0,36.450000000000564,5,1.4
9,B,PREDATOR,83,12.206666666666388,289,-4.7996666666665355,3,2,100.0,37.94999999999983,3,1.4
9,B,PREDATOR,84,12.313333333332919,281,-4.7996666666665355,4,2,100.0,28.67999999999987,2,1.4
9,B,PREDATOR,85,-12.249999999999996,225,-4.7996666666665355,5,2,100.0,34.05000000000024,1,1.4
9,B,PREDATOR,86,-12.269999999999996,227,-4.7996666666665355,6,2,100.0,23.26000000000011,0,1.4
9,B,PREDATOR,87,12.16666666666625,293,-4.7996666666665355,3,2,100.0,24.840000000000312,3,1.4
9,B,PREDATOR,88,-12.219999999999997,222,-4.7996666666665355,6,2,100.0,21.010000000000268,0,1.4
9,B,PREDATOR,89,12.10333333333295,302,-4.7996666666665355,4,2,100.0,18.21000000000027,2,1.4
9,B,PREDATOR,90,-12.239999999999997,224,-4.7996666666665355,4,2,100.0,53.10999999999982,2,1.4
9,B,PREDATOR,91,-12.289999999999996,229,-4.7996666666665355,4,2,100.0,48.08999999999979,2,1.4
9,B,PREDATOR,92,-12.299999999999995,230,-4.7996666666665355,5,2,100.0,21.730000000000246,1,1.4
9,B,PREDATOR,93,-12.239999999999997,224,-4.7996666666665355,5,2,100.0,40.869999999999784,1,1.4
9,B,PREDATOR,94,-12.269999999999996,227,-4.7996666666665355,4,2,100.0,50.509999999999906,2,1.4
9,B,PREDATOR,95,-12.299999999999995,230,-4.7996666666665355,4,2,100.0,32.15000000000029,2,1.4
9,B,PREDATOR,96,-12.249999999999996,225,-4.7996666666665355,4,2,100.0,49.289999999999544,2,1.4
9,B,PREDATOR,97,-12.259999999999996,226,-4.7996666666665355,5,2,99.946,32.430000000000476,1,1.4
9,B,PREDATOR,98,-12.259999999999996,226,-4.7996666666665355,2,2,100.0,43.460000000000136,4,1.4
9,B,PREDATOR,99,-12.339999999999995,234,-4.7996666666665355,337,2,83.52400593471809,60.16000000000012,9,1.4
9,B,PREDATOR,100,-12.359999999999994,236,-4.7996666666665355,5,2,100.0,27.030000000000182,1,1.4
9,B,PREDATOR,101,-12.219999999999997,222,-4.7996666666665355,4,2,100.0,36.99999999999986,2,1.4
9,B,PREDATOR,102,-12.199999999999998,220,-4.7996666666665355,5,2,100.0,32.85000000000035,1,1.4
9,B,PREDATOR,103,12.243333333332922,288,-4.7996666666665355,5,2,100.0,3.7900000000002443,1,1.4
9,B,PREDATOR,104,-12.219999999999997,222,-4.7996666666665355,6,2,100.0,25.060000000000308,0,1.4
9,B,PREDATOR,105,-12.159999999999998,216,-4.7996666666665355,6,2,100.0,23.680000000000188,0,1.4
9,B,PREDATOR,106,-12.159999999999998,216,-4.7996666666665355,4,2,100.0,38.25999999999992,2,1.4
9,B,PREDATOR,107,36.18000000000059,404,-4.7996666666665355,4,0,100.0,0.0,2,1.4
9,B,PREDATOR,108,12.313333333333029,281,-4.7996666666665355,5,1,100.0,11.380000000000255,1,1.4
9,B,PREDATOR,109,-12.289999999999996,229,-4.7996666666665355,5,2,100.0,33.5700000000004,1,1.4
9,B,PREDATOR,110,-12.199999999999998,220,-4.7996666666665355,6,2,100.0,26.050000000000267,0,1.4
9,B,PREDATOR,111,36.61333333333321,358,-4.7996666666665355,3,1,100.0,26.54000000000073,3,1.4
9,B,PREDATOR,112,-12.429999999999993,243,-4.7996666666665355,5,2,100.0,33.54000000000033,1,1.4
9,B,PREDATOR,113,-12.259999999999996,226,-4.7996666666665355,6,2,100.0,21.43000000000025,0,1.4
9,B,PREDATOR,114,13.706666666666289,299,-4.7996666666665355,337,2,66.65931750741838,59.56000000000007,183,1.4
9,B,PREDATOR,115,-12.279999999999996,228,-4.7996666666665355,4,2,100.0,48.12500000000003,2,1.4
9,B,PREDATOR,116,-12.219999999999997,222,-4.7996666666665355,4,2,100.0,44.1299999999998,2,1.4
9,B,PREDATOR,117,-12.289999999999996,229,-4.7996666666665355,5,2,100.0,31.769999999999943,1,1.4
9,B,PREDATOR,118,12.123333333332889,300,-4.7996666666665355,5,2,100.0,6.2500000000001545,1,1.4
9,B,PREDATOR,119,-12.459999999999992,246,-4.7996666666665355,5,2,100.0,31.959999999999823,1,1.4
9,B,PREDATOR,120,-12.249999999999996,225,-4.7996666666665355,3,2,100.0,46.0499999999998,3,1.4
9,B,PREDATOR,121,12.243333333332922,288,-4.7996666666665355,3,2,100.0,35.67999999999976,3,1.4
9,B,PREDATOR,122,12.223333333332944,290,-4.7996666666665355,5,2,100.0,13.300000000000152,1,1.4
9,B,PREDATOR,123,11.753333333332888,337,-4.7996666666665355,5,0,100.0,0.0,1,1.4
9,B,PREDATOR,124,-12.249999999999996,225,-4.7996666666665355,6,2,100.0,29.0500000000001,0,1.4
9,B,PREDATOR,125,-12.219999999999997,222,-4.7996666666665355,4,2,100.0,48.11000000000033,2,1.4
9,B,PREDATOR,126,12.199999999999866,287,-4.7996666666665355,3,2,100.0,48.25999999999956,3,1.4
9,B,PREDATOR,127,-12.709999999999987,271,-4.7996666666665355,3,2,100.0,58.909999999999826,3,1.4
9,B,PREDATOR,128,12.313333333333203,281,-4.7996666666665355,3,2,100.0,35.18000000000022,3,1.4
9,B,PREDATOR,129,-12.439999999999992,244,-4.7996666666665355,4,2,100.0,34.03000000000004,2,1.4
9,B,PREDATOR,130,35.81000000000043,425,-4.7996666666665355,1,2,100.0,15.709999999999607,5,1.4
9,B,PREDATOR,131,-12.389999999999993,239,-4.7996666666665355,6,2,100.0,23.920000000000286,0,1.4
9,B,PREDATOR,132,-12.599999999999989,260,-4.7996666666665355,5,2,100.0,30.300000000000352,1,1.4
9,B,PREDATOR,133,-12.289999999999996,229,-4.7996666666665355,6,2,100.0,23.32000000000029,0,1.4
9,B,PREDATOR,134,-12.259999999999996,226,-4.7996666666665355,5,2,100.0,31.23000000000041,1,1.4
9,B,PREDATOR,135,-12.399999999999993,240,-4.7996666666665355,2,2,100.0,60.03999999999966,4,1.4
9,B,PREDATOR,136,-12.609999999999989,261,-4.7996666666665355,5,2,100.0,22.680000000000454,1,1.4
9,B,PREDATOR,137,-12.259999999999996,226,-4.7996666666665355,5,2,100.0,31.980000000000402,1,1.4
9,B,PREDATOR,138,12.146666666666226,295,-4.7996666666665355,4,2,100.0,17.230000000000153,2,1.4
9,B,PREDATOR,139,-12.259999999999996,226,-4.7996666666665355,5,2,100.0,36.480000000000224,1,1.4
9,B,PREDATOR,140,-12.489999999999991,249,-4.7996666666665355,6,2,100.0,17.920000000000094,0,1.4
9,B,PREDATOR,141,-12.259999999999996,226,-4.7996666666665355,4,2,100.0,51.53999999999991,2,1.4
9,B,PREDATOR,142,-12.229999999999997,223,-4.7996666666665355,14,2,77.81000000000002,50.83999999999963,2,1.4
9,B,PREDATOR,143,-12.269999999999996,227,-4.7996666666665355,6,2,100.0,22.660000000000217,0,1.4
9,B,PREDATOR,144,-12.279999999999996,228,-4.7996666666665355,4,2,100.0,63.96999999999929,2,1.4
9,B,PREDATOR,145,-12.259999999999996,226,-4.7996666666665355,6,2,100.0,21.580000000000204,0,1.4
9,B,PREDATOR,146,-12.209999999999997,221,-4.7996666666665355,6,2,100.0,20.380000000000223,0,1.4
9,B,PREDATOR,147,-12.249999999999996,225,-4.7996666666665355,5,2,100.0,32.38000000000011,1,1.4
9,B,PREDATOR,148,-11.41,141,-4.7996666666665355,4,3,100.0,37.453333333333475,2,1.4
9,B,PREDATOR,149,-12.199999999999998,220,-4.7996666666665355,3,2,100.0,47.95000000000012,3,1.4
9,B,PREDATOR,150,12.02333333333308,310,-4.7996666666665355,4,2,100.0,14.400000000000155,2,1.4
9,B,PREDATOR,151,36.61333333333327,358,-4.7996666666665355,3,2,100.0,12.069999999999943,3,1.4
9,B,PREDATOR,152,-12.429999999999993,243,-4.7996666666665355,6,2,100.0,20.890000000000263,0,1.4
9,B,PREDATOR,153,12.203333333332973,292,-4.7996666666665355,5,2,100.0,7.360000000000108,1,1.4
9,B,PREDATOR,154,-12.449999999999992,245,-4.7996666666665355,6,2,100.0,22.450000000000124,0,1.4
9,B,PREDATOR,155,36.12000000000048,410,-4.7996666666665355,4,0,100.0,0.0,2,1.4
9,B,PREDATOR,156,-12.749999999999986,275,-4.7996666666665355,5,2,100.0,30.900000000000247,1,1.4
9,B,PREDATOR,157,-12.289999999999996,229,-4.7996666666665355,4,2,100.0,45.009999999999756,2,1.4
9,B,PREDATOR,158,-12.389999999999993,239,-4.7996666666665355,4,2,100.0,38.570000000000285,2,1.4
9,B,PREDATOR,159,-12.499999999999991,250,-4.7996666666665355,5,2,100.0,31.089999999999954,1,1.4
9,B,PREDATOR,160,-12.329999999999995,233,-4.7996666666665355,6,2,100.0,37.08999999999983,0,1.4
9,B,PREDATOR,161,-12.449999999999992,245,-4.7996666666665355,3,2,100.0,63.139999999999546,3,1.4
9,B,PREDATOR,162,-12.53999999999999,254,-4.7996666666665355,5,2,100.0,27.42,1,1.4
9,B,PREDATOR,163,-12.289999999999996,229,-4.7996666666665355,5,2,100.0,38.220000000000354,1,1.4
9,B,PREDATOR,164,-12.56999999999999,257,-4.7996666666665355,6,2,100.0,13.360000000000067,0,1.4
9,B,PREDATOR,165,-12.359999999999994,236,-4.7996666666665355,6,2,100.0,22.63000000000021,0,1.4
9,B,PREDATOR,166,-12.239999999999997,224,-4.7996666666665355,4,2,100.0,42.69999999999979,2,1.4
9,B,PREDATOR,167,-11.520000000000001,152,-4.7996666666665355,4,3,100.0,40.51333333333344,2,1.4
9,B,PREDATOR,168,-12.489999999999991,249,-4.7996666666665355,3,2,99.91000000000001,23.349999999999945,3,1.4
9,B,PREDATOR,169,11.799999999999555,327,-4.7996666666665355,3,2,100.0,21.009999999999987,3,1.4
9,B,PREDATOR,170,-12.229999999999997,223,-4.7996666666665355,5,2,99.946,34.43999999999994,1,1.4
9,B,PREDATOR,171,-12.839999999999984,284,-4.7996666666665355,5,2,100.0,19.77999999999996,1,1.4
9,B,PREDATOR,172,-12.419999999999993,242,-4.7996666666665355,6,2,100.0,26.860000000000078,0,1.4
9,B,PREDATOR,173,11.723333333332873,340,-4.7996666666665355,4,2,100.0,19.650000000000354,2,1.4
9,B,PREDATOR,174,-11.830000000000002,183,-4.7996666666665355,6,3,100.0,30.14000000000009,0,1.4
9,B,PREDATOR,175,11.776666666666562,332,-4.7996666666665355,4,1,100.0,8.960000000000209,2,1.4
9,B,PREDATOR,176,11.663333333332831,346,-4.7996666666665355,4,1,100.0,26.179999999999627,2,1.4
9,B,PREDATOR,177,-12.369999999999994,237,-4.7996666666665355,6,2,100.0,22.81000000000023,0,1.4
9,B,PREDATOR,178,-12.389999999999993,239,-4.7996666666665355,3,2,100.0,37.749999999999815,3,1.4
9,B,PREDATOR,179,-12.459999999999992,246,-4.7996666666665355,4,2,100.0,39.12999999999995,2,1.4
9,B,PREDATOR,180,-12.279999999999996,228,-4.7996666666665355,5,2,100.0,28.51000000000019,1,1.4
9,B,PREDATOR,181,-12.389999999999993,239,-4.7996666666665355,5,2,100.0,31.470000000000365,1,1.4
9,B,PREDATOR,182,-12.299999999999995,230,-4.7996666666665355,3,2,100.0,64.43625000000014,3,1.4
9,B,PREDATOR,183,-12.209999999999997,221,-4.7996666666665355,4,2,100.0,48.06999999999975,2,1.4
9,B,PREDATOR,184,-12.159999999999998,216,-4.7996666666665355,5,2,100.0,37.23000000000043,1,1.4
9,B,PREDATOR,185,36.28999999999979,393,-4.7996666666665355,4,0,100.0,0.0,2,1.4
9,B,PREDATOR,186,12.243333333333121,288,-4.7996666666665355,4,2,100.0,15.090000000000234,2,1.4
9,B,PREDATOR,187,-12.459999999999992,246,-4.7996666666665355,6,2,100.0,12.28000000000018,0,1.4
9,B,PREDATOR,188,11.836666666666376,326,-4.7996666666665355,4,2,100.0,13.450000000000069,2,1.4
9,B,PREDATOR,189,-13.00999999999998,301,-4.7996666666665355,4,2,100.0,22.879999999999885,2,1.4
9,B,PREDATOR,190,-12.779999999999985,278,-4.7996666666665355,5,2,100.0,20.940000000000232,1,1.4
9,B,PREDATOR,191,-12.53999999999999,254,-4.7996666666665355,6,2,100.0,16.720000000000148,0,1.4
9,B,PREDATOR,192,11.623333333333166,342,-4.7996666666665355,2,1,100.0,61.51999999999919,4,1.4
9,B,PREDATOR,193,-12.319999999999995,232,-4.7996666666665355,4,2,100.0,57.25999999999963,2,1.4
9,B,PREDATOR,194,11.603333333332808,352,-4.7996666666665355,4,2,100.0,13.410000000000407,2,1.4
9,B,PREDATOR,195,-12.289999999999996,229,-4.7996666666665355,4,2,100.0,51.95999999999967,2,1.4
9,B,PREDATOR,196,-12.419999999999993,242,-4.7996666666665355,3,2,100.0,40.589999999999826,3,1.4
9,B,PREDATOR,197,-11.370000000000001,137,-4.7996666666665355,6,3,100.0,25.140000000000214,0,1.4
9,B,PREDATOR,198,-12.469999999999992,247,-4.7996666666665355,3,2,99.91000000000001,53.55999999999965,3,1.4
9,B,PREDATOR,199,12.356666666666252,274,-4.7996666666665355,3,2,100.0,34.679999999999865,3,1.4
9,B,PREDATOR,200,-12.179999999999998,218,-4.7996666666665355,5,2,100.0,35.49000000000027,1,1.4
9,B,PREDATOR,201,-12.349999999999994,235,-4.7996666666665355,5,2,99.976,37.949999999999775,1,1.4
9,B,PREDATOR,202,-12.229999999999997,223,-4.7996666666665355,4,2,100.0,55.78999999999976,2,1.4
9,B,PREDATOR,203,-11.4,140,-4.7996666666665355,4,2,99.9325,42.86999999999981,2,1.4
9,B,PREDATOR,204,11.98333333333287,314,-4.7996666666665355,3,2,100.0,21.18999999999985,3,1.4
9,B,PREDATOR,205,-12.619999999999989,262,-4.7996666666665355,6,2,100.0,14.560000000000244,0,1.4
9,B,PREDATOR,206,-12.259999999999996,226,-4.7996666666665355,6,2,100.0,22.78000000000025,0,1.4
9,B,PREDATOR,207,-12.249999999999996,225,-4.7996666666665355,3,2,100.0,43.44999999999976,3,1.4
9,B,PREDATOR,208,-12.309999999999995,231,-4.7996666666665355,6,2,100.0,19.480000000000274,0,1.4
9,B,PREDATOR,209,-12.309999999999995,231,-4.7996666666665355,6,2,100.0,33.87999999999994,0,1.4
9,B,PREDATOR,210,-12.12,212,-4.7996666666665355,6,2,100.0,25.81000000000024,0,1.4
9,B,PREDATOR,211,-12.189999999999998,219,-4.7996666666665355,3,2,100.0,38.88000000000039,3,1.4
9,B,PREDATOR,212,12.253333333332924,287,-4.7996666666665355,5,1,100.0,16.960000000000232,1,1.4
9,B,PREDATOR,213,36.46333333333362,373,-4.7996666666665355,3,0,100.0,0.0,3,1.4
9,B,PREDATOR,214,-12.239999999999997,224,-4.7996666666665355,5,2,100.0,34.17000000000034,1,1.4
9,B,PREDATOR,215,60.849999999999476,444,-4.7996666666665355,3,0,100.0,0.0,3,1.4
9,B,PREDATOR,216,60.51999999999955,477,-4.7996666666665355,3,0,100.0,0.0,3,1.4
9,B,PREDATOR,217,11.869999999999783,320,-4.7996666666665355,3,2,100.0,17.12999999999987,3,1.4
9,B,PREDATOR,218,12.253333333333154,287,-4.7996666666665355,4,2,100.0,28.260000000000144,2,1.4
9,B,PREDATOR,219,-12.439999999999992,244,-4.7996666666665355,5,2,100.0,33.5499999999998,1,1.4
9,B,PREDATOR,220,-12.439999999999992,244,-4.7996666666665355,4,2,100.0,45.6399999999997,2,1.4
9,B,PREDATOR,221,-12.289999999999996,229,-4.7996666666665355,5,2,99.976,26.670000000000286,1,1.4
9,B,PREDATOR,222,11.703333333332866,342,-4.7996666666665355,3,2,100.0,26.810000000000542,3,1.4
9,B,PREDATOR,223,-11.260000000000002,126,-4.7996666666665355,6,3,100.0,25.600000000000126,0,1.4
9,B,PREDATOR,224,11.349999999999541,372,-4.7996666666665355,3,2,100.0,7.169999999999776,3,1.4
9,B,PREDATOR,225,-12.54999999999999,255,-4.7996666666665355,2,2,100.0,65.92999999999924,4,1.4
9,B,PREDATOR,226,-12.189999999999998,219,-4.7996666666665355,5,2,100.0,29.220000000000145,1,1.4
9,B,PREDATOR,227,-12.52999999999999,253,-4.7996666666665355,5,2,100.0,12.390000000000214,1,1.4
9,B,PREDATOR,228,-12.839999999999984,284,-4.7996666666665355,2,2,100.0,42.66999999999954,4,1.4
9,B,PREDATOR,229,-12.409999999999993,241,-4.7996666666665355,5,2,100.0,23.99625000000011,1,1.4
9,B,PREDATOR,230,-12.309999999999995,231,-4.7996666666665355,5,2,100.0,26.28000000000008,1,1.4
9,B,PREDATOR,231,12.173333333333192,295,-4.7996666666665355,5,2,100.0,16.149999999999963,1,1.4
9,B,PREDATOR,232,-12.219999999999997,222,-4.7996666666665355,6,2,100.0,25.060000000000237,0,1.4
9,B,PREDATOR,233,-12.319999999999995,232,-4.7996666666665355,4,2,100.0,48.86000000000003,2,1.4
9,B,PREDATOR,234,-12.279999999999996,228,-4.7996666666665355,4,2,100.0,41.69000000000061,2,1.4
9,B,PREDATOR,235,12.223333333332898,290,-4.7996666666665355,2,2,100.0,34.20999999999987,4,1.4
9,B,PREDATOR,236,-12.389999999999993,239,-4.7996666666665355,6,2,100.0,15.52000000000023,0,1.4
9,B,PREDATOR,237,36.46666666666706,370,-4.7996666666665355,2,2,100.0,30.02999999999998,4,1.4
9,B,PREDATOR,238,-12.329999999999995,233,-4.7996666666665355,6,2,100.0,15.790000000000255,0,1.4
9,B,PREDATOR,239,-12.229999999999997,223,-4.7996666666665355,6,2,100.0,23.890000000000263,0,1.4
9,B,PREDATOR,240,36.20000000000037,402,-4.7996666666665355,2,1,100.0,20.460000000000356,4,1.4
9,B,PREDATOR,241,11.716666666666553,338,-4.7996666666665355,4,1,99.9325,6.7599999999999705,2,1.4
9,B,PREDATOR,242,11.62333333333291,350,-4.7996666666665355,5,1,100.0,0.40000000000006486,1,1.4
9,B,PREDATOR,243,-12.709999999999987,271,-4.7996666666665355,4,2,100.0,37.43000000000009,2,1.4
9,B,PREDATOR,244,-12.649999999999988,265,-4.7996666666665355,5,2,100.0,25.35000000000033,1,1.4
9,B,PREDATOR,245,-12.289999999999996,229,-4.7996666666665355,4,2,100.0,33.459999999999894,2,1.4
9,B,PREDATOR,246,-12.129999999999999,213,-4.7996666666665355,4,2,100.0,31.780000000000165,2,1.4
9,B,PREDATOR,247,-12.279999999999996,228,-4.7996666666665355,5,2,100.0,26.65000000000012,1,1.4
9,B,PREDATOR,248,-12.209999999999997,221,-4.7996666666665355,5,2,100.0,28.810000000000056,1,1.4
9,B,PREDATOR,249,-12.189999999999998,219,-4.7996666666665355,5,2,100.0,33.639999999999915,1,1.4
9,B,PREDATOR,250,-12.309999999999995,231,-4.7996666666665355,5,2,100.0,28.530000000000094,1,1.4
9,B,PREDATOR,251,-12.639999999999988,264,-4.7996666666665355,5,1,100.0,33.62000000000074,1,1.4
9,B,PREDATOR,252,11.893333333332984,323,-4.7996666666665355,4,2,100.0,14.040000000000376,2,1.4
9,B,PREDATOR,253,35.72000000000045,450,-4.7996666666665355,4,0,100.0,0.0,2,1.4
9,B,PREDATOR,254,-12.759999999999986,276,-4.7996666666665355,4,2,100.0,32.030000000000285,2,1.4
9,B,PREDATOR,255,-12.359999999999994,236,-4.7996666666665355,5,2,100.0,35.579999999999956,1,1.4
9,B,PREDATOR,256,-12.56999999999999,257,-4.7996666666665355,4,2,100.0,32.660000000000224,2,1.4
9,B,PREDATOR,257,36.62000000000036,360,-4.7996666666665355,3,1,100.0,27.500000000000483,3,1.4
9,B,PREDATOR,258,36.63666666666686,353,-4.7996666666665355,3,2,100.0,13.989999999999768,3,1.4
9,B,PREDATOR,259,-12.259999999999996,226,-4.7996666666665355,6,2,100.0,26.830000000000176,0,1.4
9,B,PREDATOR,260,-12.179999999999998,218,-4.7996666666665355,6,2,100.0,25.240000000000173,0,1.4
9,B,PREDATOR,261,-12.809999999999985,281,-4.7996666666665355,3,2,99.91000000000001,34.180000000000035,3,1.4
9,B,PREDATOR,262,-12.57999999999999,258,-4.7996666666665355,3,2,100.0,53.589999999999726,3,1.4
9,B,PREDATOR,263,-13.00999999999998,301,-4.7996666666665355,4,2,100.0,26.180000000000337,2,1.4
9,B,PREDATOR,264,60.33999999999826,495,-4.7996666666665355,3,0,100.0,0.0,3,1.4
9,B,PREDATOR,265,12.346666666666527,275,-4.7996666666665355,4,2,99.9325,21.450000000000124,2,1.4
9,B,PREDATOR,266,-12.239999999999997,224,-4.7996666666665355,5,2,100.0,49.929999999999765,1,1.4
9,B,PREDATOR,267,35.310000000000265,483,-4.7996666666665355,2,1,100.0,25.279999999999472,4,1.4
9,B,PREDATOR,268,11.463333333332818,366,-4.7996666666665355,4,1,100.0,25.280000000000744,2,1.4
9,B,PREDATOR,269,-12.939999999999982,294,-4.7996666666665355,5,1,100.0,53.19999999999927,1,1.4
9,B,PREDATOR,270,-12.339999999999995,234,-4.7996666666665355,6,2,100.0,10.870000000000235,0,1.4
9,B,PREDATOR,271,12.163333333332952,296,-4.7996666666665355,4,1,100.0,33.080000000000794,2,1.4
9,B,PREDATOR,272,-12.329999999999995,233,-4.7996666666665355,5,2,100.0,31.989999999999917,1,1.4
9,B,PREDATOR,273,11.903333333332883,322,-4.7996666666665355,5,1,100.0,10.060000000000294,1,1.4
9,B,PREDATOR,274,-12.739999999999986,274,-4.7996666666665355,5,2,100.0,17.370000000000257,1,1.4
9,B,PREDATOR,275,-12.309999999999995,231,-4.7996666666665355,4,2,100.0,38.02999999999988,2,1.4
9,B,PREDATOR,276,60.833333333331986,435,-4.7996666666665355,1,0,100.0,0.0,5,1.4
9,B,PREDATOR,277,-12.409999999999993,241,-4.7996666666665355,5,2,100.0,41.82999999999974,1,1.4
9,B,PREDATOR,278,-11.8,180,-4.7996666666665355,6,3,100.0,32.97999999999983,0,1.4
9,B,PREDATOR,279,36.27000000000061,395,-4.7996666666665355,3,1,100.0,16.100000000000673,3,1.4
9,B,PREDATOR,280,-12.819999999999984,282,-4.7996666666665355,5,2,100.0,28.709999999999923,1,1.4
9,B,PREDATOR,281,-12.759999999999986,276,-4.7996666666665355,3,2,100.0,47.099999999999596,3,1.4
9,B,PREDATOR,282,-12.339999999999995,234,-4.7996666666665355,5,2,100.0,22.620000000000353,1,1.4
9,B,PREDATOR,283,36.223333333333166,397,-4.7996666666665355,1,2,100.0,19.810000000000194,5,1.4
9,B,PREDATOR,284,11.22333333333294,382,-4.7996666666665355,2,2,100.0,15.549999999999736,4,1.4
9,B,PREDATOR,285,12.103333333333234,302,-4.7996666666665355,5,2,100.0,13.959999999999939,1,1.4
9,B,PREDATOR,286,12.299999999999867,277,-4.7996666666665355,3,2,100.0,25.56999999999982,3,1.4
9,B,PREDATOR,287,12.303333333333084,282,-4.7996666666665355,4,2,100.0,24.21000000000039,2,1.4
9,B,PREDATOR,288,-12.289999999999996,229,-4.7996666666665355,4,2,100.0,44.58999999999982,2,1.4
9,B,PREDATOR,289,-12.179999999999998,218,-4.7996666666665355,5,2,100.0,31.140000000000118,1,1.4
9,B,PREDATOR,290,291.82250000000244,500,-4.7996666666665355,337,4,99.23718100890206,80.01437499999984,64,1.4
9,B,PREDATOR,291,11.293333333332756,383,-4.7996666666665355,3,1,100.0,11.97999999999981,3,1.4
9,B,PREDATOR,292,35.94000000000063,428,-4.7996666666665355,3,0,100.0,0.0,3,1.4
9,B,PREDATOR,293,35.95999999999986,426,-4.7996666666665355,4,0,100.0,0.0,2,1.4
9,B,PREDATOR,294,-11.420000000000002,142,-4.7996666666665355,5,3,100.0,37.99333333333329,1,1.4
9,B,PREDATOR,295,-12.459999999999992,246,-4.7996666666665355,6,2,100.0,18.280000000000157,0,1.4
9,B,PREDATOR,296,-12.209999999999997,221,-4.7996666666665355,4,2,99.9325,34.33000000000003,2,1.4
9,B,PREDATOR,297,11.716666666666226,338,-4.7996666666665355,4,1,100.0,11.540000000000003,2,1.4
9,B,PREDATOR,298,-12.259999999999996,226,-4.7996666666665355,5,2,100.0,43.8699999999998,1,1.4
9,B,PREDATOR,299,36.83000000000035,339,-4.7996666666665355,3,1,100.0,30.020000000000802,3,1.4
9,B,PREDATOR,300,-12.359999999999994,236,-4.7996666666665355,4,2,100.0,30.850000000000065,2,1.4
9,B,PREDATOR,301,-12.329999999999995,233,-4.7996666666665355,3,2,100.0,66.72999999999972,3,1.4
9,B,PREDATOR,302,-12.309999999999995,231,-4.7996666666665355,2,2,100.0,56.20000000000002,4,1.4
9,B,PREDATOR,303,-12.679999999999987,268,-4.7996666666665355,4,2,99.97,48.4399999999996,2,1.4
9,B,PREDATOR,304,11.406666666666451,369,-4.7996666666665355,4,1,100.0,12.579999999999988,2,1.4
9,B,PREDATOR,305,10.916666666666353,418,-4.7996666666665355,3,2,100.0,14.690000000000364,3,1.4
9,B,PREDATOR,306,-12.359999999999994,236,-4.7996666666665355,6,2,100.0,23.380000000000177,0,1.4
9,B,PREDATOR,307,-12.359999999999994,236,-4.7996666666665355,6,2,100.0,22.18000000000024,0,1.4
9,B,PREDATOR,308,11.893333333332857,323,-4.7996666666665355,5,1,100.0,14.140000000000146,1,1.4
9,B,PREDATOR,309,-12.889999999999983,289,-4.7996666666665355,4,2,100.0,33.620000000000765,2,1.4
9,B,PREDATOR,310,-12.459999999999992,246,-4.7996666666665355,4,2,100.0,41.3300000000006,2,1.4
9,B,PREDATOR,311,-12.55999999999999,256,-4.7996666666665355,5,2,100.0,32.37999999999987,1,1.4
9,B,PREDATOR,312,11.703333333332887,342,-4.7996666666665355,337,2,87.41750741839762,18.460000000000328,4,1.4
9,B,PREDATOR,313,-13.149999999999977,315,-4.7996666666665355,6,1,100.0,3.1000000000002013,0,1.4
9,B,PREDATOR,314,-12.58999999999999,259,-4.7996666666665355,5,2,100.0,22.320000000000224,1,1.4
9,B,PREDATOR,315,-12.249999999999996,225,-4.7996666666665355,4,2,100.0,28.870000000000037,2,1.4
9,B,PREDATOR,316,11.716666666666447,338,-4.7996666666665355,4,1,100.0,31.04000000000046,2,1.4
9,B,PREDATOR,317,95.22666666666484,500,-4.7996666666665355,1,1,100.0,13.11999999999995,5,1.4
9,B,PREDATOR,318,60.649999999998364,464,-4.7996666666665355,1,0,100.0,0.0,5,1.4
9,B,PREDATOR,319,-12.99999999999998,300,-4.7996666666665355,5,1,100.0,34.70000000000074,1,1.4
9,B,PREDATOR,320,11.02333333333288,410,-4.7996666666665355,3,0,100.0,0.0,3,1.4
9,B,PREDATOR,321,-12.98999999999998,299,-4.7996666666665355,6,2,100.0,7.720000000000239,0,1.4
9,B,PREDATOR,322,-12.259999999999996,226,-4.7996666666665355,5,2,100.0,33.18000000000037,1,1.4
9,B,PREDATOR,323,-12.159999999999998,216,-4.7996666666665355,6,2,100.0,21.280000000000236,0,1.4
9,B,PREDATOR,324,12.333333333332922,279,-4.7996666666665355,5,2,100.0,12.67000000000018,1,1.4
9,B,PREDATOR,325,-12.139999999999999,214,-4.7996666666665355,3,2,100.0,68.72999999999932,3,1.4
9,B,PREDATOR,326,-12.11,211,-4.7996666666665355,6,2,100.0,24.130000000000265,0,1.4
9,B,PREDATOR,327,12.123333333332942,300,-4.7996666666665355,5,2,100.0,7.6000000000001595,1,1.4
9,B,PREDATOR,328,11.736666666666567,336,-4.7996666666665355,4,1,100.0,30.87999999999972,2,1.4
9,B,PREDATOR,329,-12.799999999999985,280,-4.7996666666665355,6,1,100.0,18.700000000000255,0,1.4
9,B,PREDATOR,330,12.363333333332927,276,-4.7996666666665355,2,2,100.0,41.61999999999968,4,1.4
9,B,PREDATOR,331,35.313333333333674,488,-4.7996666666665355,3,0,100.0,0.0,3,1.4
9,B,PREDATOR,332,35.49000000000052,470,-4.7996666666665355,2,2,100.0,19.700000000000344,4,1.4
9,B,PREDATOR,333,-13.189999999999976,319,-4.7996666666665355,5,1,100.0,37.220000000000056,1,1.4
9,B,PREDATOR,334,-12.209999999999997,221,-4.7996666666665355,5,2,100.0,28.680000000000106,1,1.4
9,B,PREDATOR,335,-13.109999999999978,311,-4.7996666666665355,5,2,100.0,23.43000000000034,1,1.4
9,B,PREDATOR,336,70.20999999999903,500,-4.7996666666665355,2,1,100.0,7.000000000000909,4,1.4
9,B,PREDATOR,337,-13.00999999999998,301,-4.7996666666665355,3,2,100.0,57.409999999999236,3,1.4
9,B,PREDATOR,338,-12.419999999999993,242,-4.7996666666665355,4,2,100.0,46.28999999999977,2,1.4
9,B,PREDATOR,339,-13.00999999999998,301,-4.7996666666665355,5,1,100.0,36.38000000000057,1,1.4
9,B,PREDATOR,340,10.873333333332786,425,-4.7996666666665355,4,1,100.0,9.800000000000137,2,1.4
9,B,PREDATOR,341,-12.389999999999993,239,-4.7996666666665355,4,2,100.0,49.669999999999845,2,1.4
9,B,PREDATOR,342,36.28333333333325,391,-4.7996666666665355,3,1,100.0,1.880000000000126,3,1.4
9,B,PREDATOR,343,-13.03999999999998,304,-4.7996666666665355,4,2,100.0,22.660000000000007,2,1.4
9,B,PREDATOR,344,-12.269999999999996,227,-4.7996666666665355,5,2,100.0,34.89999999999994,1,1.4
9,B,PREDATOR,345,85.75333333333135,458,-4.7996666666665355,2,0,100.0,0.0,4,1.4
9,B,PREDATOR,346,36.64000000000024,358,-4.7996666666665355,4,0,100.0,0.0,2,1.4
9,B,PREDATOR,347,-12.689999999999987,269,-4.7996666666665355,4,2,100.0,30.3899999999999,2,1.4
9,B,PREDATOR,348,-13.339999999999973,334,-4.7996666666665355,2,2,100.0,39.12999999999967,4,1.4
9,B,PREDATOR,349,-13.309999999999974,331,-4.7996666666665355,6,0,100.0,0.0,0,1.4
9,B,PREDATOR,350,11.76333333333283,336,-4.7996666666665355,5,1,100.0,2.680000000000039,1,1.4
9,B,PREDATOR,351,35.26000000000053,496,-4.7996666666665355,4,0,100.0,0.0,2,1.4
9,B,PREDATOR,352,-13.299999999999974,330,-4.7996666666665355,5,1,100.0,14.900000000000071,1,1.4
9,B,PREDATOR,353,35.95333333333351,416,-4.7996666666665355,2,1,100.0,6.999999999999608,4,1.4
9,B,PREDATOR,354,-12.829999999999984,283,-4.7996666666665355,6,2,100.0,17.590000000000238,0,1.4
9,B,PREDATOR,355,-12.159999999999998,216,-4.7996666666665355,5,2,99.946,33.03000000000025,1,1.4
9,B,PREDATOR,356,-12.909999999999982,291,-4.7996666666665355,5,2,100.0,25.830000000000073,1,1.4
9,B,PREDATOR,357,-12.609999999999989,261,-4.7996666666665355,2,2,100.0,60.649999999999416,4,1.4
9,B,PREDATOR,358,-12.659999999999988,266,-4.7996666666665355,4,3,100.0,17.180000000000266,2,1.4
9,B,PREDATOR,359,-12.54999999999999,255,-4.7996666666665355,3,2,100.0,58.74999999999954,3,1.4
9,B,PREDATOR,360,-12.489999999999991,249,-4.7996666666665355,3,2,100.0,45.97000000000008,3,1.4
9,B,PREDATOR,361,-12.709999999999987,271,-4.7996666666665355,6,2,100.0,17.380000000000045,0,1.4
9,B,PREDATOR,362,-12.649999999999988,265,-4.7996666666665355,5,2,100.0,25.659999999999854,1,1.4
9,B,PREDATOR,363,-13.109999999999978,311,-4.7996666666665355,4,2,99.9325,19.109999999999953,2,1.4
9,B,PREDATOR,364,10.67333333333278,437,-4.7996666666665355,2,1,100.0,15.819999999999865,4,1.4
9,B,PREDATOR,365,-13.00999999999998,301,-4.7996666666665355,5,2,100.0,23.619999999999926,1,1.4
9,B,PREDATOR,366,11.446666666666145,365,-4.7996666666665355,3,1,100.0,20.719999999999946,3,1.4
9,B,PREDATOR,367,-13.729999999999965,373,-4.7996666666665355,3,1,100.0,57.879999999999434,3,1.4
9,B,PREDATOR,368,-12.859999999999983,286,-4.7996666666665355,5,2,100.0,15.630000000000216,1,1.4
9,B,PREDATOR,369,-12.239999999999997,224,-4.7996666666665355,6,2,100.0,25.12000000000029,0,1.4
9,B,PREDATOR,370,-12.159999999999998,216,-4.7996666666665355,6,2,100.0,20.08000000000026,0,1.4
9,B,PREDATOR,371,-13.189999999999976,319,-4.7996666666665355,6,0,100.0,0.0,0,1.4
9,B,PREDATOR,372,35.7833333333331,433,-4.7996666666665355,1,2,100.0,29.44000000000032,5,1.4
9,B,PREDATOR,373,11.543333333332809,358,-4.7996666666665355,5,1,100.0,3.939999999999875,1,1.4
9,B,PREDATOR,374,-12.819999999999984,282,-4.7996666666665355,5,2,100.0,25.71000000000044,1,1.4
9,B,PREDATOR,375,11.5533333333328,357,-4.7996666666665355,3,1,100.0,35.619999999999536,3,1.4
9,B,PREDATOR,376,-13.089999999999979,309,-4.7996666666665355,6,1,100.0,14.020000000000286,0,1.4
9,B,PREDATOR,377,-12.309999999999995,231,-4.7996666666665355,3,2,99.91000000000001,51.57999999999969,3,1.4
9,B,PREDATOR,378,11.70333333333287,342,-4.7996666666665355,5,1,100.0,7.060000000000221,1,1.4
9,B,PREDATOR,379,-12.759999999999986,276,-4.7996666666665355,5,2,100.0,26.59000000000006,1,1.4
9,B,PREDATOR,380,-12.55999999999999,256,-4.7996666666665355,5,2,100.0,28.8300000000004,1,1.4
9,B,PREDATOR,381,10.546666666666093,455,-4.7996666666665355,3,1,100.0,2.4399999999997037,3,1.4
9,B,PREDATOR,382,35.286666666666974,488,-4.7996666666665355,3,0,100.0,0.0,3,1.4
9,B,PREDATOR,383,-12.489999999999991,249,-4.7996666666665355,5,2,100.0,18.720000000000162,1,1.4
9,B,PREDATOR,384,60.54999999999841,474,-4.7996666666665355,3,0,100.0,0.0,3,1.4
9,B,PREDATOR,385,-12.05,205,-4.7996666666665355,4,2,100.0,55.679999999999886,2,1.4
9,B,PREDATOR,386,-12.209999999999997,221,-4.7996666666665355,6,2,100.0,26.980000000000175,0,1.4
9,B,PREDATOR,387,10.773333333332863,435,-4.7996666666665355,3,1,100.0,8.300000000000255,3,1.4
9,B,PREDATOR,388,-12.159999999999998,216,-4.7996666666665355,5,2,100.0,30.55000000000014,1,1.4
9,B,PREDATOR,389,12.316666666666416,278,-4.7996666666665355,4,2,100.0,18.540000000000013,2,1.4
9,B,PREDATOR,390,13.419999999999716,357,-4.7996666666665355,337,2,98.31412462908008,64.3800000000004,55,1.4
9,B,PREDATOR,391,11.473333333332965,357,-4.7996666666665355,1,1,100.0,71.13999999999926,5,1.4
9,B,PREDATOR,392,-13.309999999999974,331,-4.7996666666665355,5,2,100.0,17.130000000000045,1,1.4
9,B,PREDATOR,393,-13.089999999999979,309,-4.7996666666665355,4,2,100.0,17.97999999999999,2,1.4
9,B,PREDATOR,394,-12.239999999999997,224,-4.7996666666665355,6,2,100.0,25.870000000000267,0,1.4
9,B,PREDATOR,395,-12.489999999999991,249,-4.7996666666665355,5,2,100.0,20.440000000000094,1,1.4
9,B,PREDATOR,396,-13.03999999999998,304,-4.7996666666665355,3,2,100.0,33.78000000000001,3,1.4
9,B,PREDATOR,397,-12.209999999999997,221,-4.7996666666665355,5,2,100.0,41.739999999999824,1,1.4
9,B,PREDATOR,398,35.99000000000048,423,-4.7996666666665355,4,0,100.0,0.0,2,1.4
9,B,PREDATOR,399,-13.04999999999998,305,-4.7996666666665355,4,2,100.0,26.069999999999947,2,1.4
9,B,PREDATOR,400,-11.930000000000001,193,-4.7996666666665355,5,2,100.0,31.840000000000032,1,1.4
9,B,PREDATOR,401,11.553333333332803,357,-4.7996666666665355,3,2,100.0,4.910000000000118,3,1.4
9,B,PREDATOR,402,11.19666666666613,390,-4.7996666666665355,4,1,100.0,25.779999999999667,2,1.4
9,B,PREDATOR,403,-13.00999999999998,301,-4.7996666666665355,3,2,100.0,48.730000000000004,3,1.4
9,B,PREDATOR,404,11.20333333333277,392,-4.7996666666665355,4,1,100.0,23.660000000000288,2,1.4
9,B,PREDATOR,405,36.460000000000534,376,-4.7996666666665355,4,0,100.0,0.0,2,1.4
9,B,PREDATOR,406,11.803333333332917,332,-4.7996666666665355,5,1,100.0,9.460000000000296,1,1.4
9,B,PREDATOR,407,-12.599999999999989,260,-4.7996666666665355,4,2,100.0,43.10000000000055,2,1.4
9,B,PREDATOR,408,11.873333333333166,325,-4.7996666666665355,5,1,100.0,16.900000000000095,1,1.4
9,B,PREDATOR,409,70.15666666666546,500,-4.7996666666665355,1,1,100.0,15.300000000000635,5,1.4
9,B,PREDATOR,410,10.97333333333288,415,-4.7996666666665355,2,1,100.0,38.10000000000073,4,1.4
9,B,PREDATOR,411,10.696666666666209,440,-4.7996666666665355,2,1,100.0,60.59999999999841,4,1.4
9,B,PREDATOR,412,-13.589999999999968,359,-4.7996666666665355,5,1,100.0,22.839999999999545,1,1.4
9,B,PREDATOR,413,-12.239999999999997,224,-4.7996666666665355,5,2,100.0,28.81000000000001,1,1.4
9,B,PREDATOR,414,11.626666666666233,347,-4.7996666666665355,1,2,100.0,40.66000000000042,5,1.4
9,B,PREDATOR,415,-12.139999999999999,214,-4.7996666666665355,6,2,100.0,24.37000000000019,0,1.4
9,B,PREDATOR,416,-12.98999999999998,299,-4.7996666666665355,5,2,100.0,26.220000000000258,1,1.4
9,B,PREDATOR,417,12.266666666666334,283,-4.7996666666665355,4,2,100.0,10.890000000000178,2,1.4
9,B,PREDATOR,418,35.57583333333387,455,-4.7996666666665355,3,1,100.0,4.400000000000659,3,1.4
9,B,PREDATOR,419,-13.389999999999972,339,-4.7996666666665355,4,2,100.0,18.06000000000046,2,1.4
9,B,PREDATOR,420,11.10333333333278,402,-4.7996666666665355,5,0,100.0,0.0,1,1.4
9,B,PREDATOR,421,-13.089999999999979,309,-4.7996666666665355,4,2,100.0,32.24999999999967,2,1.4
9,B,PREDATOR,422,-12.53999999999999,254,-4.7996666666665355,4,2,100.0,33.770000000000344,2,1.4
9,B,PREDATOR,423,11.453333333333061,367,-4.7996666666665355,4,0,100.0,0.0,2,1.4
9,B,PREDATOR,424,-12.429999999999993,243,-4.7996666666665355,5,2,100.0,29.79000000000024,1,1.4
9,B,PREDATOR,425,10.973333333332794,407,-4.7996666666665355,2,1,100.0,26.49999999999976,4,1.4
9,B,PREDATOR,426,-12.509999999999991,251,-4.7996666666665355,3,2,100.0,41.830000000000524,3,1.4
9,B,PREDATOR,427,-12.609999999999989,261,-4.7996666666665355,4,2,100.0,33.4299999999998,2,1.4
9,B,PREDATOR,428,-12.789999999999985,279,-4.7996666666665355,3,2,100.0,47.73999999999943,3,1.4
9,B,PREDATOR,429,-12.959999999999981,296,-4.7996666666665355,5,2,100.0,28.830000000000332,1,1.4
9,B,PREDATOR,430,-12.55999999999999,256,-4.7996666666665355,6,2,100.0,19.03000000000013,0,1.4
9,B,PREDATOR,431,12.103333333333174,302,-4.7996666666665355,5,1,100.0,6.460000000000272,1,1.4
9,B,PREDATOR,432,-13.139999999999977,314,-4.7996666666665355,6,1,100.0,10.119999999999935,0,1.4
9,B,PREDATOR,433,36.34000000000044,388,-4.7996666666665355,3,2,100.0,16.590000000000494,3,1.4
9,B,PREDATOR,434,-12.789999999999985,279,-4.7996666666665355,5,1,100.0,11.84000000000018,1,1.4
9,B,PREDATOR,435,36.430000000000426,379,-4.7996666666665355,4,1,100.0,3.219999999999855,2,1.4
9,B,PREDATOR,436,-12.499999999999991,250,-4.7996666666665355,4,2,100.0,36.12000000000037,2,1.4
9,B,PREDATOR,437,-12.159999999999998,216,-4.7996666666665355,5,2,100.0,33.18000000000009,1,1.4
9,B,PREDATOR,438,10.54666666666604,455,-4.7996666666665355,3,1,100.0,8.439999999999898,3,1.4
9,B,PREDATOR,439,-13.089999999999979,309,-4.7996666666665355,3,2,100.0,30.720000000000276,3,1.4
9,B,PREDATOR,440,-13.03999999999998,304,-4.7996666666665355,6,1,100.0,12.820000000000187,0,1.4
9,B,PREDATOR,441,11.303333333333017,382,-4.7996666666665355,4,1,100.0,21.260000000000176,2,1.4
9,B,PREDATOR,442,10.47333333333272,465,-4.7996666666665355,4,0,100.0,0.0,2,1.4
9,B,PREDATOR,443,-13.50999999999997,351,-4.7996666666665355,5,2,100.0,7.300000000000074,1,1.4
9,B,PREDATOR,444,-12.409999999999993,241,-4.7996666666665355,4,2,100.0,40.869999999999706,2,1.4
9,B,PREDATOR,445,11.923333333333135,320,-4.7996666666665355,4,1,100.0,38.000000000000455,2,1.4
9,B,PREDATOR,446,10.8199999999996,425,-4.7996666666665355,3,1,100.0,7.47999999999992,3,1.4
9,B,PREDATOR,447,-12.55999999999999,256,-4.7996666666665355,4,2,100.0,42.50999999999995,2,1.4
9,B,PREDATOR,448,-12.759999999999986,276,-4.7996666666665355,5,2,100.0,23.729999999999976,1,1.4
9,B,PREDATOR,449,-12.149999999999999,215,-4.7996666666665355,5,2,100.0,33.30000000000043,1,1.4
9,B,PREDATOR,450,36.08666666666689,408,-4.7996666666665355,3,1,100.0,5.240000000000509,3,1.4
9,B,PREDATOR,451,10.919999999999595,415,-4.7996666666665355,2,2,100.0,25.13000000000018,4,1.4
9,B,PREDATOR,452,11.37333333333301,375,-4.7996666666665355,5,0,100.0,0.0,1,1.4
9,B,PREDATOR,453,-12.11,211,-4.7996666666665355,4,2,100.0,40.29999999999986,2,1.4
9,B,PREDATOR,454,-12.159999999999998,216,-4.7996666666665355,5,2,100.0,37.830000000000055,1,1.4
9,B,PREDATOR,455,-12.179999999999998,218,-4.7996666666665355,4,2,100.0,38.390000000000285,2,1.4
9,B,PREDATOR,456,-12.809999999999985,281,-4.7996666666665355,4,1,100.0,61.379999999999995,2,1.4
9,B,PREDATOR,457,11.396666666666208,370,-4.7996666666665355,2,2,100.0,18.91999999999997,4,1.4
9,B,PREDATOR,458,11.333333333332762,379,-4.7996666666665355,5,1,100.0,3.51999999999982,1,1.4
9,B,PREDATOR,459,12.073333333332874,305,-4.7996666666665355,3,2,100.0,33.800000000000175,3,1.4
9,B,PREDATOR,460,-12.139999999999999,214,-4.7996666666665355,5,2,100.0,34.47000000000046,1,1.4
9,B,PREDATOR,461,-12.139999999999999,214,-4.7996666666665355,5,2,100.0,33.870000000000395,1,1.4
9,B,PREDATOR,462,-12.959999999999981,296,-4.7996666666665355,3,2,100.0,42.14999999999965,3,1.4
9,B,PREDATOR,463,12.239999999999862,283,-4.7996666666665355,3,2,100.0,17.139999999999976,3,1.4
9,B,PREDATOR,464,11.723333333332997,340,-4.7996666666665355,4,1,100.0,18.799999999999937,2,1.4
9,B,PREDATOR,465,10.499999999999497,457,-4.7996666666665355,2,1,100.0,9.279999999999662,4,1.4
9,B,PREDATOR,466,-12.1,210,-4.7996666666665355,5,2,100.0,45.59999999999969,1,1.4
9,B,PREDATOR,467,-12.98999999999998,299,-4.7996666666665355,3,2,100.0,46.64000000000009,3,1.4
9,B,PREDATOR,468,-13.189999999999976,319,-4.7996666666665355,3,2,100.0,28.350000000000392,3,1.4
9,B,PREDATOR,469,-12.469999999999992,247,-4.7996666666665355,5,2,100.0,34.26000000000032,1,1.4
9,B,PREDATOR,470,-12.429999999999993,243,-4.7996666666665355,5,2,100.0,28.14000000000039,1,1.4
9,B,PREDATOR,471,10.973333333332883,415,-4.7996666666665355,4,2,100.0,12.45000000000043,2,1.4
9,B,PREDATOR,472,-13.01999999999998,302,-4.7996666666665355,5,2,100.0,14.610000000000127,1,1.4
9,B,PREDATOR,473,11.326666666666439,377,-4.7996666666665355,4,1,100.0,26.960000000000647,2,1.4
9,B,PREDATOR,474,-13.239999999999975,324,-4.7996666666665355,4,2,100.0,16.709999999999795,2,1.4
9,B,PREDATOR,475,-12.279999999999996,228,-4.7996666666665355,3,2,100.0,61.23999999999942,3,1.4
9,B,PREDATOR,476,-12.09,209,-4.7996666666665355,6,1,100.0,25.12000000000021,0,1.4
9,B,PREDATOR,477,-13.089999999999979,309,-4.7996666666665355,6,1,100.0,9.8200000000002,0,1.4
9,B,PREDATOR,478,-12.219999999999997,222,-4.7996666666665355,5,2,100.0,41.46000000000016,1,1.4
9,B,PREDATOR,479,11.4533333333331,367,-4.7996666666665355,5,1,100.0,1.0600000000001373,1,1.4
9,B,PREDATOR,480,-13.209999999999976,321,-4.7996666666665355,5,2,100.0,18.0300000000002,1,1.4
9,B,PREDATOR,481,11.803333333333102,332,-4.7996666666665355,5,1,100.0,7.059999999999857,1,1.4
9,B,PREDATOR,482,-12.53999999999999,254,-4.7996666666665355,5,2,100.0,20.820000000000064,1,1.4
9,B,PREDATOR,483,12.093333333333186,295,-4.7996666666665355,2,2,100.0,40.389999999999574,4,1.4
9,B,PREDATOR,484,10.753333333332739,437,-4.7996666666665355,5,0,100.0,0.0,1,1.4
9,B,PREDATOR,485,-13.339999999999973,334,-4.7996666666665355,4,2,100.0,19.740000000000247,2,1.4
9,B,PREDATOR,486,-13.289999999999974,329,-4.7996666666665355,3,2,100.0,13.169999999999941,3,1.4
9,B,PREDATOR,487,36.22999999999982,399,-4.7996666666665355,4,0,100.0,0.0,2,1.4
9,B,PREDATOR,488,-13.139999999999977,314,-4.7996666666665355,3,2,100.0,25.359999999999786,3,1.4
9,B,PREDATOR,489,10.77666666666609,432,-4.7996666666665355,4,1,100.0,14.359999999999829,2,1.4
9,B,PREDATOR,490,-13.179999999999977,318,-4.7996666666665355,4,2,100.0,25.620000000000342,2,1.4
9,B,PREDATOR,491,45.21999999999988,500,-4.7996666666665355,4,1,100.0,4.499999999999892,2,1.4
9,B,PREDATOR,492,-12.489999999999991,249,-4.7996666666665355,5,2,100.0,27.270000000000405,1,1.4
9,B,PREDATOR,493,-14.139999999999956,414,-4.7996666666665355,5,1,100.0,11.420000000000437,1,1.4
9,B,PREDATOR,494,-13.239999999999975,324,-4.7996666666665355,4,1,100.0,37.34000000000047,2,1.4
9,B,PREDATOR,495,-13.209999999999976,321,-4.7996666666665355,4,2,100.0,23.77999999999988,2,1.4
9,B,PREDATOR,496,-12.479999999999992,248,-4.7996666666665355,5,2,100.0,23.92000000000015,1,1.4
9,B,PREDATOR,497,-12.639999999999988,264,-4.7996666666665355,4,2,100.0,55.14999999999975,2,1.4
9,B,PREDATOR,498,-12.869999999999983,287,-4.7996666666665355,6,1,100.0,5.560000000000241,0,1.4
9,B,PREDATOR,499,-13.05999999999998,306,-4.7996666666665355,4,2,100.0,33.3799999999996,2,1.4
9,B,PREDATOR,500,-13.259999999999975,326,-4.7996666666665355,5,2,100.0,18.930000000000362,1,1.4
10,A,PREY,1,1784.4900000000046,500,-77.3880000000004,6,2,99.82,23.97999999999977,1,0.9
10,A,PREY,2,1624.5300000000045,500,-77.3880000000004,7,1,99.92285714285715,9.700000000000076,0,0.9
10,A,PREY,3,1944.4500000000048,500,-77.3880000000004,7,2,99.65285714285713,16.59999999999999,0,0.9
10,A,PREY,4,1984.4400000000044,500,-77.3880000000004,7,2,99.88428571428571,19.149999999999956,0,0.9
10,A,PREY,5,2344.3499999999935,500,-77.3880000000004,7,2,99.92285714285715,3.100000000000203,0,0.9
10,A,PREY,6,2424.329999999992,500,-77.3880000000004,7,0,99.75142857142858,0.0,0,0.9
10,A,PREY,7,2304.359999999998,500,-77.3880000000004,7,2,99.78999999999999,14.949999999999989,0,0.9
10,A,PREY,8,2704.2599999999875,500,-77.3880000000004,6,2,99.865,20.366249999999997,1,0.9
10,A,PREY,9,2464.8199999999924,500,-77.3880000000004,338,0,91.42636094674523,0.0,0,0.9
10,A,PREY,10,2784.239999999978,500,-77.3880000000004,7,2,99.67857142857142,21.39999999999997,0,0.9
10,A,PREY,11,2264.3699999999885,500,-77.3880000000004,6,2,99.48499999999997,25.269999999999882,1,0.9
10,A,PREY,12,99.26,21,-77.3880000000004,6,2,100.0,88.08999999999997,1,0.9
10,A,PREY,13,2144.399999999998,500,-77.3880000000004,5,2,99.892,20.750000000000632,2,0.9
10,A,PREY,14,2304.359999999988,500,-77.3880000000004,7,0,99.96142857142857,0.0,0,0.9
10,A,PREY,15,2824.2299999999764,500,-77.3880000000004,7,1,99.88428571428571,7.300000000000186,0,0.9
10,A,PREY,16,2423.2999999999965,404,-77.3880000000004,6,2,100.0,32.6700000000003,1,0.9
10,A,PREY,17,2784.239999999982,500,-77.3880000000004,6,1,99.68499999999999,28.05999999999987,1,0.9
10,A,PREY,18,3304.109999999963,500,-77.3880000000004,5,2,99.21999999999997,24.09000000000013,2,0.9
10,A,PREY,19,3823.9799999999545,500,-77.3880000000004,4,2,99.12999999999997,18.969999999999814,3,0.9
10,A,PREY,20,3704.009999999966,500,-77.3880000000004,7,0,99.69142857142856,0.0,0,0.9
10,A,PREY,21,3224.1299999999756,500,-77.3880000000004,7,1,100.0,7.300000000000151,0,0.9
10,A,PREY,22,2864.2199999999743,500,-77.3880000000004,338,2,99.93973372781066,20.199999999999925,0,0.9
10,A,PREY,23,3983.9399999999637,500,-77.3880000000004,7,1,99.7685714285714,10.300000000000109,0,0.9
10,A,PREY,24,2664.2699999999713,500,-77.3880000000004,7,1,99.65714285714284,22.2999999999999,0,0.9
10,A,PREY,25,3544.0499999999574,500,-77.3880000000004,6,1,99.955,39.039999999999374,1,0.9
10,A,PREY,26,3184.1399999999703,500,-77.3880000000004,7,1,100.0,14.500000000000052,0,0.9
10,A,PREY,27,3144.149999999975,500,-77.3880000000004,7,1,99.98285714285714,21.399999999999974,0,0.9
10,A,PREY,28,4384.839999999959,500,-77.3880000000004,338,1,70.75748520710059,23.19999999999989,0,0.9
10,A,PREY,29,3743.999999999958,500,-77.3880000000004,6,1,100.0,38.9799999999993,1,0.9
10,A,PREY,30,3344.099999999971,500,-77.3880000000004,7,0,99.96142857142857,0.0,0,0.9
10,A,PREY,31,4703.759999999956,500,-77.3880000000004,338,2,90.24742603550271,23.379999999999963,1,0.9
10,A,PREY,32,3664.0199999999613,500,-77.3880000000004,6,2,99.91000000000001,24.600000000000026,1,0.9
10,A,PREY,33,4383.839999999967,500,-77.3880000000004,7,2,99.7685714285714,21.849999999999937,0,0.9
10,A,PREY,34,4983.689999999939,500,-77.3880000000004,5,2,99.75999999999999,30.519999999999776,2,0.9
10,A,PREY,35,4183.889999999963,500,-77.3880000000004,6,2,100.0,18.399999999999807,1,0.9
10,A,PREY,36,3464.069999999973,500,-77.3880000000004,7,1,99.7685714285714,13.6000000000001,0,0.9
10,A,PREY,37,4103.909999999966,500,-77.3880000000004,6,2,99.88999999999999,22.359999999999843,1,0.9
10,A,PREY,38,5143.649999999944,500,-77.3880000000004,5,1,99.814,37.659999999999414,2,0.9
10,A,PREY,39,4903.7099999999455,500,-77.3880000000004,7,1,99.6742857142857,16.600000000000062,0,0.9
10,A,PREY,40,4863.719999999962,500,-77.3880000000004,5,2,99.838,23.00000000000072,2,0.9
10,A,PREY,41,2920.3099999999863,292,-77.3880000000004,6,2,100.0,55.458749999999846,1,0.9
10,A,PREY,42,222.80000000000007,14,-77.3880000000004,6,2,100.0,89.55999999999999,1,0.9
10,A,PREY,43,5623.529999999934,500,-77.3880000000004,7,2,99.82857142857142,12.55000000000008,0,0.9
10,A,PREY,44,3464.0699999999715,500,-77.3880000000004,338,2,99.47766272189348,76.36999999999998,10,0.9
10,A,PREY,45,-13.059999999999999,6,-77.3880000000004,6,2,100.0,91.19624999999998,1,0.9
10,A,PREY,46,5863.469999999932,500,-77.3880000000004,7,1,99.85,23.199999999999868,0,0.9
10,A,PREY,47,5663.5199999999395,500,-77.3880000000004,5,2,100.0,26.040000000000056,2,0.9
10,A,PREY,48,5193.529999999957,461,-77.3880000000004,6,2,100.0,25.680000000000245,1,0.9
10,A,PREY,49,4512.809999999947,500,-77.3880000000004,338,1,87.79792899408243,24.399999999999856,0,0.9
10,A,PREY,50,5303.609999999944,500,-77.3880000000004,6,2,99.865,19.870000000000005,1,0.9
10,A,PREY,51,5543.549999999938,500,-77.3880000000004,6,2,99.88999999999999,17.32000000000007,1,0.9
10,A,PREY,52,5423.57999999994,500,-77.3880000000004,338,2,98.59911242603546,17.550000000000587,1,0.9
10,A,PREY,53,5583.539999999934,500,-77.3880000000004,6,2,99.87,12.000000000000592,1,0.9
10,A,PREY,54,6343.349999999921,500,-77.3880000000004,6,1,99.91000000000001,28.400000000001,1,0.9
10,A,PREY,55,6304.0699999999215,479,-77.3880000000004,6,1,100.0,32.75000000000029,1,0.9
10,A,PREY,56,6823.229999999926,500,-77.3880000000004,6,1,99.955,6.100000000000153,1,0.9
10,A,PREY,57,5783.4899999999325,500,-77.3880000000004,7,2,100.0,12.400000000000066,0,0.9
10,A,PREY,58,4746.749999999959,500,-77.3880000000004,338,2,99.89695266272189,18.300000000000335,1,0.9
10,A,PREY,59,6583.289999999928,500,-77.3880000000004,5,2,100.0,29.459999999999702,2,0.9
10,A,PREY,60,5783.48999999994,500,-77.3880000000004,6,1,99.91000000000001,20.00000000000032,1,0.9
10,A,PREY,61,6303.35999999993,500,-77.3880000000004,7,2,99.53714285714284,22.599999999999923,0,0.9
10,A,PREY,62,6423.329999999924,500,-77.3880000000004,7,0,99.92285714285715,0.0,0,0.9
10,A,PREY,63,6303.359999999927,500,-77.3880000000004,4,2,100.0,29.889999999999702,3,0.9
10,A,PREY,64,131.60000000000002,36,-77.3880000000004,6,2,100.0,85.4962499999999,1,0.9
10,A,PREY,65,5903.459999999935,500,-77.3880000000004,6,1,99.955,24.500000000000224,1,0.9
10,A,PREY,66,5811.989999999927,500,-77.3880000000004,338,1,93.40408284023647,28.179999999999865,1,0.9
10,A,PREY,67,65.38999999999999,9,-77.3880000000004,6,2,100.0,90.60999999999999,1,0.9
10,A,PREY,68,6783.239999999917,500,-77.3880000000004,7,0,99.96142857142857,0.0,0,0.9
10,A,PREY,69,7023.179999999924,500,-77.3880000000004,7,2,100.0,21.999999999999922,0,0.9
10,A,PREY,70,6503.309999999936,500,-77.3880000000004,5,2,99.952,37.02999999999937,2,0.9
10,A,PREY,71,6663.76999999992,500,-77.3880000000004,181,1,81.86944751381218,20.199999999999957,0,0.9
10,A,PREY,72,6903.209999999921,500,-77.3880000000004,7,0,100.0,0.0,0,0.9
10,A,PREY,73,5229.129999999943,500,-77.3880000000004,338,1,98.16221893491118,56.10000000000039,2,0.9
10,A,PREY,74,7703.009999999916,500,-77.3880000000004,7,2,100.0,12.550000000000063,0,0.9
10,A,PREY,75,7063.169999999929,500,-77.3880000000004,7,2,99.84571428571428,13.450000000000067,0,0.9
10,A,PREY,76,8022.929999999913,500,-77.3880000000004,5,2,100.0,27.18999999999979,2,0.9
10,A,PREY,77,6463.319999999941,500,-77.3880000000004,7,0,99.94428571428571,0.0,0,0.9
10,A,PREY,78,6344.849999999927,500,-77.3880000000004,338,2,91.19594674556207,19.14999999999996,0,0.9
10,A,PREY,79,6423.329999999943,500,-77.3880000000004,4,1,100.0,40.959999999999184,3,0.9
10,A,PREY,80,7143.149999999925,500,-77.3880000000004,7,1,100.0,12.400000000000116,0,0.9
10,A,PREY,81,5706.009999999934,500,-77.3880000000004,338,1,96.93094674556205,11.500000000000092,0,0.9
10,A,PREY,82,7103.159999999921,500,-77.3880000000004,4,2,99.76749999999998,33.0499999999994,3,0.9
10,A,PREY,83,7623.029999999919,500,-77.3880000000004,6,2,99.955,22.799999999999788,1,0.9
10,A,PREY,84,8382.839999999904,500,-77.3880000000004,6,1,99.955,31.999999999999776,1,0.9
10,A,PREY,85,8382.839999999906,500,-77.3880000000004,7,1,99.96142857142857,24.699999999999843,0,0.9
10,A,PREY,86,8142.899999999908,500,-77.3880000000004,7,0,99.98285714285714,0.0,0,0.9
10,A,PREY,87,8302.859999999913,500,-77.3880000000004,338,1,93.12491124260347,35.07999999999949,1,0.9
10,A,PREY,88,6943.199999999932,500,-77.3880000000004,7,0,99.96142857142857,0.0,0,0.9
10,A,PREY,89,7343.09999999992,500,-77.3880000000004,3,1,99.82,32.64000000000042,4,0.9
10,A,PREY,90,7583.039999999914,500,-77.3880000000004,5,2,99.946,32.42999999999981,2,0.9
10,A,PREY,91,8982.689999999908,500,-77.3880000000004,6,1,99.935,35.07999999999955,1,0.9
10,A,PREY,92,9302.609999999902,500,-77.3880000000004,7,2,99.92285714285715,22.14999999999987,0,0.9
10,A,PREY,93,7942.949999999907,500,-77.3880000000004,7,2,100.0,19.29999999999997,0,0.9
10,A,PREY,94,7063.169999999931,500,-77.3880000000004,7,1,99.94428571428571,22.2999999999999,0,0.9
10,A,PREY,95,8422.829999999905,500,-77.3880000000004,4,1,100.0,44.079999999999224,3,0.9
10,A,PREY,96,-11.02,2,-77.3880000000004,6,2,100.0,92.08,1,0.9
10,A,PREY,97,8222.879999999917,500,-77.3880000000004,7,1,100.0,20.799999999999947,0,0.9
10,A,PREY,98,7463.069999999929,500,-77.3880000000004,5,2,99.72999999999999,24.51999999999985,2,0.9
10,A,PREY,99,8222.879999999908,500,-77.3880000000004,7,1,100.0,21.0999999999999,0,0.9
10,A,PREY,100,8142.89999999992,500,-77.3880000000004,6,1,99.955,35.0799999999996,1,0.9
10,A,PREY,101,9062.669999999902,500,-77.3880000000004,6,1,100.0,31.95999999999972,1,0.9
10,A,PREY,102,8582.78999999991,500,-77.3880000000004,6,1,100.0,21.200000000000333,1,0.9
10,A,PREY,103,7463.069999999925,500,-77.3880000000004,6,2,100.0,26.91999999999979,1,0.9
10,A,PREY,104,7982.939999999922,500,-77.3880000000004,7,2,99.80714285714285,10.300000000000107,0,0.9
10,A,PREY,105,9662.5199999999,500,-77.3880000000004,7,1,100.0,20.199999999999974,0,0.9
10,A,PREY,106,8462.81999999991,500,-77.3880000000004,6,2,100.0,17.560000000000073,1,0.9
10,A,PREY,107,6217.24999999995,414,-77.3880000000004,6,2,100.0,30.870000000000402,1,0.9
10,A,PREY,108,64.36999999999999,11,-77.3880000000004,5,2,100.0,90.19,2,0.9
10,A,PREY,109,8342.849999999915,500,-77.3880000000004,7,2,99.96142857142857,23.649999999999856,0,0.9
10,A,PREY,110,9182.639999999903,500,-77.3880000000004,7,1,100.0,14.500000000000087,0,0.9
10,A,PREY,111,8102.90999999992,500,-77.3880000000004,7,1,99.96142857142857,1.900000000000232,0,0.9
10,A,PREY,112,9302.609999999899,500,-77.3880000000004,7,1,100.0,24.099999999999852,0,0.9
10,A,PREY,113,91.60999999999996,36,-77.3880000000004,6,2,99.955,84.34499999999991,1,0.9
10,A,PREY,114,4397.389999999982,297,-77.3880000000004,4,2,100.0,63.692499999999995,3,0.9
10,A,PREY,115,9662.5199999999,500,-77.3880000000004,7,2,100.0,19.899999999999984,0,0.9
10,A,PREY,116,9222.629999999905,500,-77.3880000000004,7,1,100.0,22.299999999999937,0,0.9
10,A,PREY,117,8982.689999999915,500,-77.3880000000004,7,0,100.0,0.0,0,0.9
10,A,PREY,118,9262.619999999908,500,-77.3880000000004,7,1,100.0,24.39999999999982,0,0.9
10,A,PREY,119,9502.559999999905,500,-77.3880000000004,7,1,100.0,14.500000000000062,0,0.9
10,A,PREY,120,8862.719999999914,500,-77.3880000000004,5,1,99.946,31.539999999999814,2,0.9
10,A,PREY,121,10422.329999999893,500,-77.3880000000004,6,2,100.0,8.550000000000491,1,0.9
10,A,PREY,122,9062.66999999991,500,-77.3880000000004,6,2,99.935,6.000000000000383,1,0.9
10,A,PREY,123,9942.449999999895,500,-77.3880000000004,7,1,100.0,22.29999999999989,0,0.9
10,A,PREY,124,9022.679999999915,500,-77.3880000000004,6,2,100.0,25.4999999999998,1,0.9
10,A,PREY,125,9022.67999999991,500,-77.3880000000004,7,1,99.88428571428571,20.20000000000002,0,0.9
10,A,PREY,126,10382.339999999893,500,-77.3880000000004,6,2,100.0,14.850000000000403,1,0.9
10,A,PREY,127,8982.689999999913,500,-77.3880000000004,6,1,99.91000000000001,11.000000000000359,1,0.9
10,A,PREY,128,9622.529999999902,500,-77.3880000000004,338,0,84.19384615384563,0.0,0,0.9
10,A,PREY,129,10222.379999999901,500,-77.3880000000004,7,1,99.96142857142857,18.09999999999992,0,0.9
10,A,PREY,130,10142.399999999894,500,-77.3880000000004,338,2,92.46852071005888,18.399999999999967,0,0.9
10,A,PREY,131,10262.369999999895,500,-77.3880000000004,5,2,99.72999999999999,29.22999999999967,2,0.9
10,A,PREY,132,107.42,5,-77.3880000000004,5,2,100.0,91.44999999999999,2,0.9
10,A,PREY,133,10303.35999999989,500,-77.3880000000004,338,2,90.96940828402336,29.54999999999999,1,0.9
10,A,PREY,134,163.94000000000005,51,-77.3880000000004,5,2,100.0,89.13999999999989,2,0.9
10,A,PREY,135,687.8900000000003,43,-77.3880000000004,6,2,100.0,79.55624999999992,1,0.9
10,A,PREY,136,10102.409999999894,500,-77.3880000000004,6,1,100.0,19.100000000000854,1,0.9
10,A,PREY,137,9822.479999999905,500,-77.3880000000004,4,2,100.0,32.37999999999966,3,0.9
10,A,PREY,138,7146.149999999946,500,-77.3880000000004,338,1,96.77366863905314,21.399999999999938,0,0.9
10,A,PREY,139,10134.439999999891,496,-77.3880000000004,6,2,100.0,24.1462500000001,1,0.9
10,A,PREY,140,10222.379999999897,500,-77.3880000000004,6,1,100.0,27.519999999999847,1,0.9
10,A,PREY,141,10142.399999999905,500,-77.3880000000004,7,1,100.0,21.399999999999878,0,0.9
10,A,PREY,142,99.76999999999994,20,-77.3880000000004,6,2,99.955,90.39999999999996,1,0.9
10,A,PREY,143,10662.269999999893,500,-77.3880000000004,6,2,99.935,29.31999999999971,1,0.9
10,A,PREY,144,10622.279999999888,500,-77.3880000000004,6,2,99.955,15.90000000000061,1,0.9
10,A,PREY,145,10742.249999999889,500,-77.3880000000004,7,1,100.0,12.400000000000055,0,0.9
10,A,PREY,146,9542.54999999991,500,-77.3880000000004,7,2,100.0,17.19999999999999,0,0.9
10,A,PREY,147,10262.369999999903,500,-77.3880000000004,7,0,99.96142857142857,0.0,0,0.9
10,A,PREY,148,25.910000000000018,8,-77.3880000000004,5,2,99.976,98.94999999999999,2,0.9
10,A,PREY,149,62.32999999999998,15,-77.3880000000004,6,2,100.0,90.09999999999998,1,0.9
10,A,PREY,150,10222.379999999896,500,-77.3880000000004,7,2,100.0,22.44999999999989,0,0.9
10,A,PREY,151,10382.339999999896,500,-77.3880000000004,6,1,100.0,31.479999999999674,1,0.9
10,A,PREY,152,9662.519999999902,500,-77.3880000000004,338,2,85.39609467455578,30.05000000000015,2,0.9
10,A,PREY,153,11422.079999999884,500,-77.3880000000004,6,2,99.8,22.050000000000157,1,0.9
10,A,PREY,154,10822.229999999887,500,-77.3880000000004,6,2,100.0,24.039999999999964,1,0.9
10,A,PREY,155,10302.359999999904,500,-77.3880000000004,6,1,99.955,40.999999999999105,1,0.9
10,A,PREY,156,10822.229999999887,500,-77.3880000000004,7,1,100.0,24.399999999999856,0,0.9
10,A,PREY,157,9742.49999999991,500,-77.3880000000004,6,1,100.0,33.6999999999996,1,0.9
10,A,PREY,158,11542.04999999989,500,-77.3880000000004,6,1,100.0,32.29999999999978,1,0.9
10,A,PREY,159,10502.309999999898,500,-77.3880000000004,7,0,100.0,0.0,0,0.9
10,A,PREY,160,10742.2499999999,500,-77.3880000000004,6,2,100.0,25.77999999999982,1,0.9
10,A,PREY,161,10822.2299999999,500,-77.3880000000004,4,2,99.865,35.96999999999988,3,0.9
10,A,PREY,162,11582.039999999883,500,-77.3880000000004,6,2,99.955,23.09999999999988,1,0.9
10,A,PREY,163,10902.209999999886,500,-77.3880000000004,5,2,100.0,30.8699999999995,2,0.9
10,A,PREY,164,11262.119999999895,500,-77.3880000000004,7,1,100.0,3.100000000000244,0,0.9
10,A,PREY,165,10422.3299999999,500,-77.3880000000004,7,1,99.96571428571428,14.500000000000087,0,0.9
10,A,PREY,166,11382.089999999886,500,-77.3880000000004,5,2,100.0,33.75999999999952,2,0.9
10,A,PREY,167,9902.459999999905,500,-77.3880000000004,5,2,100.0,33.270000000000174,2,0.9
10,A,PREY,168,50.59999999999997,38,-77.3880000000004,4,2,100.0,89.31999999999992,3,0.9
10,A,PREY,169,11622.029999999892,500,-77.3880000000004,7,2,100.0,21.849999999999888,0,0.9
10,A,PREY,170,11222.129999999894,500,-77.3880000000004,7,1,100.0,21.399999999999817,0,0.9
10,A,PREY,171,98.23999999999992,23,-77.3880000000004,5,2,100.0,96.00999999999999,2,0.9
10,A,PREY,172,11821.979999999883,500,-77.3880000000004,7,0,100.0,0.0,0,0.9
10,A,PREY,173,10982.189999999893,500,-77.3880000000004,4,2,99.9325,37.11999999999947,3,0.9
10,A,PREY,174,12621.779999999873,500,-77.3880000000004,6,2,100.0,28.949999999999754,1,0.9
10,A,PREY,175,10342.3499999999,500,-77.3880000000004,7,0,100.0,0.0,0,0.9
10,A,PREY,176,11342.099999999891,500,-77.3880000000004,6,1,100.0,28.400000000000837,1,0.9
10,A,PREY,177,11861.969999999888,500,-77.3880000000004,6,1,100.0,34.95999999999966,1,0.9
10,A,PREY,178,10982.189999999895,500,-77.3880000000004,7,1,99.96142857142857,21.699999999999854,0,0.9
10,A,PREY,179,12781.739999999872,500,-77.3880000000004,7,0,99.92285714285715,0.0,0,0.9
10,A,PREY,180,1911.260000000001,75,-77.3880000000004,5,2,100.0,83.3399999999998,2,0.9
10,A,PREY,181,10782.239999999898,500,-77.3880000000004,6,1,100.0,39.27999999999922,1,0.9
10,A,PREY,182,10423.5499999999,478,-77.3880000000004,4,2,100.0,40.240000000000414,3,0.9
10,A,PREY,183,12101.909999999887,500,-77.3880000000004,7,1,100.0,18.699999999999992,0,0.9
10,A,PREY,184,12221.879999999881,500,-77.3880000000004,6,1,100.0,24.759999999999902,1,0.9
10,A,PREY,185,11102.159999999894,500,-77.3880000000004,7,2,99.96142857142857,21.699999999999935,0,0.9
10,A,PREY,186,12301.859999999875,500,-77.3880000000004,6,2,99.915,28.839999999999726,1,0.9
10,A,PREY,187,12741.749999999874,500,-77.3880000000004,7,2,100.0,14.50000000000004,0,0.9
10,A,PREY,188,10662.269999999904,500,-77.3880000000004,6,1,100.0,28.699999999999886,1,0.9
10,A,PREY,189,18.770000000000024,22,-77.3880000000004,6,2,100.0,88.76999999999992,1,0.9
10,A,PREY,190,11622.029999999884,500,-77.3880000000004,6,2,99.935,24.15000000000019,1,0.9
10,A,PREY,191,13421.57999999987,500,-77.3880000000004,6,1,100.0,20.380000000000177,1,0.9
10,A,PREY,192,11182.139999999894,500,-77.3880000000004,6,2,100.0,25.959999999999834,1,0.9
10,A,PREY,193,11981.939999999891,500,-77.3880000000004,5,2,99.946,27.950000000000564,2,0.9
10,A,PREY,194,12661.769999999877,500,-77.3880000000004,6,1,100.0,10.700000000000717,1,0.9
10,A,PREY,195,10982.189999999899,500,-77.3880000000004,7,2,100.0,9.850000000000133,0,0.9
10,A,PREY,196,10623.279999999895,500,-77.3880000000004,338,1,86.8165976331361,31.999999999999755,1,0.9
10,A,PREY,197,12341.849999999877,500,-77.3880000000004,7,1,100.0,10.300000000000077,0,0.9
10,A,PREY,198,11981.939999999888,500,-77.3880000000004,7,1,99.96142857142857,13.6000000000001,0,0.9
10,A,PREY,199,1052.3900000000003,34,-77.3880000000004,6,2,100.0,83.33624999999994,1,0.9
10,A,PREY,200,13381.589999999867,500,-77.3880000000004,7,1,99.96142857142857,10.300000000000109,0,0.9
10,A,PREY,201,11422.079999999894,500,-77.3880000000004,7,1,100.0,1.000000000000237,0,0.9
10,A,PREY,202,12261.869999999886,500,-77.3880000000004,6,2,100.0,19.8,1,0.9
10,A,PREY,203,11662.01999999989,500,-77.3880000000004,7,1,100.0,22.899999999999864,0,0.9
10,A,PREY,204,12221.879999999883,500,-77.3880000000004,5,2,100.0,29.009999999999764,2,0.9
10,A,PREY,205,12341.849999999886,500,-77.3880000000004,7,0,99.96142857142857,0.0,0,0.9
10,A,PREY,206,12741.749999999873,500,-77.3880000000004,7,1,99.96142857142857,21.099999999999923,0,0.9
10,A,PREY,207,579.1400000000002,21,-77.3880000000004,6,2,100.0,90.78999999999996,1,0.9
10,A,PREY,208,12221.879999999886,500,-77.3880000000004,6,2,100.0,20.400000000000453,1,0.9
10,A,PREY,209,11702.00999999989,500,-77.3880000000004,6,1,100.0,25.959999999999955,1,0.9
10,A,PREY,210,12501.809999999883,500,-77.3880000000004,7,1,100.0,10.300000000000088,0,0.9
10,A,PREY,211,12581.78999999988,500,-77.3880000000004,7,1,100.0,3.1000000000001373,0,0.9
10,A,PREY,212,11901.959999999888,500,-77.3880000000004,7,0,100.0,0.0,0,0.9
10,A,PREY,213,12781.739999999878,500,-77.3880000000004,5,1,100.0,34.05999999999979,2,0.9
10,A,PREY,214,12341.849999999882,500,-77.3880000000004,7,1,99.96142857142857,1.9000000000001396,0,0.9
10,A,PREY,215,13581.539999999868,500,-77.3880000000004,6,1,99.955,21.800000000000313,1,0.9
10,A,PREY,216,13701.50999999987,500,-77.3880000000004,7,0,99.96142857142857,0.0,0,0.9
10,A,PREY,217,13981.439999999868,500,-77.3880000000004,6,1,100.0,29.60000000000089,1,0.9
10,A,PREY,218,11422.0799999999,500,-77.3880000000004,7,0,100.0,0.0,0,0.9
10,A,PREY,219,11542.049999999888,500,-77.3880000000004,338,2,91.32849112426032,20.199999999999967,0,0.9
10,A,PREY,220,14341.349999999862,500,-77.3880000000004,7,2,99.96142857142857,21.099999999999984,0,0.9
10,A,PREY,221,13901.459999999866,500,-77.3880000000004,7,0,99.96142857142857,0.0,0,0.9
10,A,PREY,222,11226.129999999885,500,-77.3880000000004,338,1,99.77899408284024,25.70000000000044,1,0.9
10,A,PREY,223,13501.559999999869,500,-77.3880000000004,7,1,99.96142857142857,23.499999999999865,0,0.9
10,A,PREY,224,14301.359999999864,500,-77.3880000000004,7,1,99.96142857142857,21.999999999999893,0,0.9
10,A,PREY,225,423.77000000000015,12,-77.3880000000004,6,2,100.0,89.97999999999999,1,0.9
10,A,PREY,226,11901.959999999894,500,-77.3880000000004,6,2,99.955,20.619999999999756,1,0.9
10,A,PREY,227,13621.529999999868,500,-77.3880000000004,7,1,100.0,12.400000000000059,0,0.9
10,A,PREY,228,12701.759999999886,500,-77.3880000000004,6,2,99.935,26.07999999999977,1,0.9
10,A,PREY,229,13341.59999999987,500,-77.3880000000004,5,1,100.0,40.3400000000001,2,0.9
10,A,PREY,230,11502.059999999894,500,-77.3880000000004,6,2,99.955,19.629999999999967,1,0.9
10,A,PREY,231,13021.679999999878,500,-77.3880000000004,6,2,100.0,16.390000000000114,1,0.9
10,A,PREY,232,13461.569999999874,500,-77.3880000000004,6,1,100.0,19.89999999999998,1,0.9
10,A,PREY,233,12621.77999999988,500,-77.3880000000004,7,2,99.98285714285714,2.5000000000002345,0,0.9
10,A,PREY,234,14741.249999999858,500,-77.3880000000004,7,0,100.0,0.0,0,0.9
10,A,PREY,235,12901.709999999885,500,-77.3880000000004,6,1,100.0,28.479999999999905,1,0.9
10,A,PREY,236,12301.859999999886,500,-77.3880000000004,7,2,100.0,12.250000000000076,0,0.9
10,A,PREY,237,13261.619999999877,500,-77.3880000000004,7,2,100.0,12.850000000000016,0,0.9
10,A,PREY,238,13461.569999999876,500,-77.3880000000004,5,2,100.0,25.899999999999892,2,0.9
10,A,PREY,239,13421.579999999876,500,-77.3880000000004,6,2,100.0,19.600000000000062,1,0.9
10,A,PREY,240,12901.70999999988,500,-77.3880000000004,6,1,100.0,27.199999999999907,1,0.9
10,A,PREY,241,28.460000000000008,3,-77.3880000000004,6,2,100.0,91.87,1,0.9
10,A,PREY,242,13301.609999999875,500,-77.3880000000004,6,1,100.0,15.200000000000355,1,0.9
10,A,PREY,243,13461.569999999876,500,-77.3880000000004,5,1,100.0,26.400000000000396,2,0.9
10,A,PREY,244,13781.489999999872,500,-77.3880000000004,5,1,100.0,47.919999999999185,2,0.9
10,A,PREY,245,12741.749999999878,500,-77.3880000000004,6,2,100.0,22.200000000000173,1,0.9
10,A,PREY,246,12821.729999999881,500,-77.3880000000004,6,1,99.91000000000001,25.95999999999992,1,0.9
10,A,PREY,247,14781.23999999986,500,-77.3880000000004,2,2,100.0,47.3062499999993,5,0.9
10,A,PREY,248,13261.619999999879,500,-77.3880000000004,7,0,100.0,0.0,0,0.9
10,A,PREY,249,12901.709999999883,500,-77.3880000000004,6,2,99.955,29.469999999999636,1,0.9
10,A,PREY,250,14181.389999999865,500,-77.3880000000004,6,1,100.0,38.19999999999936,1,0.9
10,A,PREY,251,12221.879999999883,500,-77.3880000000004,6,1,100.0,36.19999999999947,1,0.9
10,A,PREY,252,12941.699999999882,500,-77.3880000000004,6,2,100.0,23.739999999999768,1,0.9
10,A,PREY,253,13101.659999999878,500,-77.3880000000004,7,1,100.0,21.099999999999973,0,0.9
10,A,PREY,254,14381.339999999867,500,-77.3880000000004,7,1,100.0,9.400000000000142,0,0.9
10,A,PREY,255,14061.419999999873,500,-77.3880000000004,7,1,100.0,21.399999999999974,0,0.9
10,A,PREY,256,14141.399999999869,500,-77.3880000000004,7,1,100.0,17.800000000000015,0,0.9
10,A,PREY,257,12662.26999999988,500,-77.3880000000004,338,1,97.01556213017741,96.51999999999987,6,0.9
10,A,PREY,258,14181.389999999868,500,-77.3880000000004,6,1,99.955,28.700000000000024,1,0.9
10,A,PREY,259,14941.199999999859,500,-77.3880000000004,6,1,99.91000000000001,42.49999999999944,1,0.9
10,A,PREY,260,15141.149999999856,500,-77.3880000000004,7,1,100.0,21.99999999999995,0,0.9
10,A,PREY,261,5.509999999999982,48,-77.3880000000004,5,2,100.0,89.59124999999986,2,0.9
10,A,PREY,262,14541.299999999866,500,-77.3880000000004,6,1,100.0,26.900000000000983,1,0.9
10,A,PREY,263,14061.419999999875,500,-77.3880000000004,7,1,99.96142857142857,15.70000000000007,0,0.9
10,A,PREY,264,14461.319999999863,500,-77.3880000000004,7,1,100.0,24.09999999999983,0,0.9
10,A,PREY,265,11704.0099999999,500,-77.3880000000004,338,2,99.72668639053254,78.7400000000001,32,0.9
10,A,PREY,266,5672.269999999977,228,-77.3880000000004,4,2,99.9325,74.31999999999998,3,0.9
10,A,PREY,267,14621.279999999862,500,-77.3880000000004,6,1,100.0,27.500000000000988,1,0.9
10,A,PREY,268,13261.619999999879,500,-77.3880000000004,7,1,100.0,8.20000000000016,0,0.9
10,A,PREY,269,12822.22999999989,500,-77.3880000000004,338,1,98.71337278106505,23.199999999999882,0,0.9
10,A,PREY,270,14741.24999999986,500,-77.3880000000004,7,1,100.0,23.799999999999823,0,0.9
10,A,PREY,271,13821.479999999872,500,-77.3880000000004,6,1,100.0,31.479999999999674,1,0.9
10,A,PREY,272,14261.369999999872,500,-77.3880000000004,6,1,100.0,27.21999999999987,1,0.9
10,A,PREY,273,13981.439999999871,500,-77.3880000000004,4,2,100.0,37.699999999999974,3,0.9
10,A,PREY,274,13741.499999999873,500,-77.3880000000004,6,1,100.0,30.800000000001056,1,0.9
10,A,PREY,275,14461.31999999987,500,-77.3880000000004,7,2,100.0,18.69999999999998,0,0.9
10,A,PREY,276,14621.279999999864,500,-77.3880000000004,7,1,100.0,23.799999999999844,0,0.9
10,A,PREY,277,14941.199999999864,500,-77.3880000000004,5,1,100.0,35.91999999999943,2,0.9
10,A,PREY,278,14301.35999999987,500,-77.3880000000004,7,2,100.0,13.450000000000019,0,0.9
10,A,PREY,279,14301.35999999987,500,-77.3880000000004,6,1,100.0,37.69999999999935,1,0.9
10,A,PREY,280,14381.33999999987,500,-77.3880000000004,338,2,99.59189349112425,96.85,52,0.9
10,A,PREY,281,12505.309999999872,500,-77.3880000000004,338,2,99.94292899408283,28.749999999999673,1,0.9
10,A,PREY,282,13861.469999999877,500,-77.3880000000004,5,1,100.0,54.459999999998885,2,0.9
10,A,PREY,283,11597.539999999908,500,-77.3880000000004,338,1,86.86017751479255,100.0,61,0.9
10,A,PREY,284,15661.019999999853,500,-77.3880000000004,6,1,100.0,37.41999999999939,1,0.9
10,A,PREY,285,14221.379999999868,500,-77.3880000000004,6,1,99.98,37.539999999999324,1,0.9
10,A,PREY,286,16580.789999999848,500,-77.3880000000004,6,1,100.0,33.81999999999965,1,0.9
10,A,PREY,287,14501.30999999987,500,-77.3880000000004,6,1,100.0,21.400000000000055,1,0.9
10,A,PREY,288,14301.359999999871,500,-77.3880000000004,6,2,100.0,21.75000000000012,1,0.9
10,A,PREY,289,14021.42999999987,500,-77.3880000000004,7,1,100.0,23.499999999999854,0,0.9
10,A,PREY,290,14381.33999999987,500,-77.3880000000004,7,0,99.96142857142857,0.0,0,0.9
10,A,PREY,291,14941.199999999859,500,-77.3880000000004,6,2,100.0,27.03999999999968,1,0.9
10,A,PREY,292,13661.519999999877,500,-77.3880000000004,7,1,100.0,22.599999999999905,0,0.9
10,A,PREY,293,14501.309999999869,500,-77.3880000000004,5,2,99.946,33.77999999999979,2,0.9
10,A,PREY,294,15541.049999999856,500,-77.3880000000004,5,2,100.0,30.29999999999959,2,0.9
10,A,PREY,295,14261.369999999875,500,-77.3880000000004,7,2,100.0,16.900000000000052,0,0.9
10,A,PREY,296,29.480000000000004,1,-77.3880000000004,6,2,100.0,92.28999999999999,1,0.9
10,A,PREY,297,14581.28999999987,500,-77.3880000000004,7,2,100.0,15.100000000000032,0,0.9
10,A,PREY,298,13461.569999999881,500,-77.3880000000004,6,2,100.0,22.34999999999987,1,0.9
10,A,PREY,299,14221.37999999987,500,-77.3880000000004,7,0,100.0,0.0,0,0.9
10,A,PREY,300,14341.34999999987,500,-77.3880000000004,6,1,100.0,28.059999999999754,1,0.9
10,A,PREY,301,14741.249999999867,500,-77.3880000000004,6,2,100.0,15.150000000000142,1,0.9
10,A,PREY,302,15381.089999999862,500,-77.3880000000004,6,2,100.0,20.649999999999768,1,0.9
10,A,PREY,303,27.440000000000012,5,-77.3880000000004,6,2,100.0,91.44999999999999,1,0.9
10,A,PREY,304,15141.149999999861,500,-77.3880000000004,7,1,99.96142857142857,1.9000000000002,0,0.9
10,A,PREY,305,15940.949999999853,500,-77.3880000000004,7,1,100.0,8.200000000000102,0,0.9
10,A,PREY,306,12866.719999999885,500,-77.3880000000004,338,2,99.96529585798818,28.550000000000317,2,0.9
10,A,PREY,307,15101.159999999858,500,-77.3880000000004,5,2,100.0,27.309999999999896,2,0.9
10,A,PREY,308,27.95000000000001,4,-77.3880000000004,5,2,100.0,100.0,2,0.9
10,A,PREY,309,25.40000000000002,9,-77.3880000000004,6,2,100.0,90.60999999999999,1,0.9
10,A,PREY,310,14861.219999999863,500,-77.3880000000004,5,2,99.946,36.04999999999946,2,0.9
10,A,PREY,311,16020.929999999853,500,-77.3880000000004,6,1,100.0,23.31999999999989,1,0.9
10,A,PREY,312,14941.199999999866,500,-77.3880000000004,5,2,100.0,26.52999999999978,2,0.9
10,A,PREY,313,14661.26999999987,500,-77.3880000000004,338,2,89.3285207100589,11.80000000000004,0,0.9
10,A,PREY,314,16220.879999999852,500,-77.3880000000004,7,1,100.0,22.299999999999923,0,0.9
10,A,PREY,315,14541.299999999868,500,-77.3880000000004,5,2,100.0,35.01999999999951,2,0.9
10,A,PREY,316,15061.169999999865,500,-77.3880000000004,7,0,100.0,0.0,0,0.9
10,A,PREY,317,368.9900000000001,41,-77.3880000000004,5,2,100.0,89.58999999999992,2,0.9
10,A,PREY,318,8587.789999999934,500,-77.3880000000004,338,2,99.00284023668637,26.69999999999986,1,0.9
10,A,PREY,319,15665.29999999986,472,-77.3880000000004,5,2,100.0,32.66000000000032,2,0.9
10,A,PREY,320,15940.949999999853,500,-77.3880000000004,5,2,99.922,36.65999999999932,2,0.9
10,A,PREY,321,6834.019999999964,224,-77.3880000000004,5,2,100.0,61.166249999999934,2,0.9
10,A,PREY,322,16260.869999999852,500,-77.3880000000004,7,0,100.0,0.0,0,0.9
10,A,PREY,323,13781.489999999876,500,-77.3880000000004,5,2,99.976,22.10000000000017,2,0.9
10,A,PREY,324,344.8100000000001,10,-77.3880000000004,6,2,100.0,99.16,2,0.9
10,A,PREY,325,13941.949999999873,500,-77.3880000000004,338,0,94.54514792899388,0.0,0,0.9
10,A,PREY,326,16380.839999999851,500,-77.3880000000004,6,2,100.0,27.309999999999803,1,0.9
10,A,PREY,327,15621.02999999986,500,-77.3880000000004,6,2,100.0,31.509999999999575,1,0.9
10,A,PREY,328,15061.169999999865,500,-77.3880000000004,7,0,100.0,0.0,0,0.9
10,A,PREY,329,15541.049999999861,500,-77.3880000000004,6,1,100.0,22.100000000000886,1,0.9
10,A,PREY,330,14941.199999999864,500,-77.3880000000004,7,0,100.0,0.0,0,0.9
10,A,PREY,331,131.09000000000003,37,-77.3880000000004,6,2,100.0,85.47999999999996,1,0.9
10,A,PREY,332,16380.83999999985,500,-77.3880000000004,7,2,100.0,15.850000000000033,0,0.9
10,A,PREY,333,15860.969999999856,500,-77.3880000000004,7,2,100.0,16.180000000000042,1,0.9
10,A,PREY,334,14541.299999999872,500,-77.3880000000004,338,2,99.956775147929,16.749999999999986,0,0.9
10,A,PREY,335,16180.889999999854,500,-77.3880000000004,6,2,100.0,20.400000000000148,1,0.9
10,A,PREY,336,16100.909999999854,500,-77.3880000000004,7,1,100.0,21.699999999999946,0,0.9
10,A,PREY,337,15621.02999999986,500,-77.3880000000004,5,2,99.946,33.50999999999966,2,0.9
10,A,PREY,338,16420.829999999853,500,-77.3880000000004,6,1,100.0,32.49999999999971,1,0.9
10,A,PREY,339,14821.229999999867,500,-77.3880000000004,7,2,100.0,19.300000000000026,0,0.9
10,A,PREY,340,15501.059999999861,500,-77.3880000000004,6,1,100.0,33.999999999999616,1,0.9
10,A,PREY,341,15900.959999999857,500,-77.3880000000004,7,1,100.0,19.89999999999996,0,0.9
10,A,PREY,342,15621.029999999859,500,-77.3880000000004,7,2,100.0,15.850000000000033,0,0.9
10,A,PREY,343,15541.04999999986,500,-77.3880000000004,7,2,100.0,23.349999999999874,0,0.9
10,A,PREY,344,15780.989999999858,500,-77.3880000000004,7,1,100.0,1.0000000000001978,0,0.9
10,A,PREY,345,2185.5800000000004,86,-77.3880000000004,6,2,100.0,77.21249999999984,1,0.9
10,A,PREY,346,16460.81999999985,500,-77.3880000000004,6,1,100.0,20.900000000000862,1,0.9
10,A,PREY,347,16300.859999999857,500,-77.3880000000004,7,2,100.0,12.850000000000094,0,0.9
10,A,PREY,348,15940.949999999857,500,-77.3880000000004,7,2,99.96142857142857,20.05000000000001,0,0.9
10,A,PREY,349,16500.809999999852,500,-77.3880000000004,6,1,100.0,31.65999999999975,1,0.9
10,A,PREY,350,15261.119999999866,500,-77.3880000000004,6,0,100.0,0.0,1,0.9
10,A,PREY,351,15421.079999999864,500,-77.3880000000004,7,2,100.0,23.0499999999999,0,0.9
10,A,PREY,352,15701.009999999858,500,-77.3880000000004,6,1,100.0,38.89999999999929,1,0.9
10,A,PREY,353,15541.049999999861,500,-77.3880000000004,6,1,100.0,25.10000000000025,1,0.9
10,A,PREY,354,16380.839999999853,500,-77.3880000000004,7,2,100.0,10.45000000000012,0,0.9
10,A,PREY,355,15621.02999999986,500,-77.3880000000004,7,0,100.0,0.0,0,0.9
10,A,PREY,356,10217.569999999925,333,-77.3880000000004,6,2,100.0,41.19000000000047,1,0.9
10,A,PREY,357,15581.039999999863,500,-77.3880000000004,6,1,100.0,22.05999999999968,1,0.9
10,A,PREY,358,16220.879999999854,500,-77.3880000000004,6,1,99.955,37.59999999999928,1,0.9
10,A,PREY,359,16220.879999999852,500,-77.3880000000004,6,1,100.0,33.579999999999615,1,0.9
10,A,PREY,360,1073.5100000000004,71,-77.3880000000004,4,2,100.0,83.88999999999987,3,0.9
10,A,PREY,361,12261.869999999903,500,-77.3880000000004,7,0,100.0,0.0,0,0.9
10,A,PREY,362,16780.739999999852,500,-77.3880000000004,7,2,100.0,13.150000000000027,0,0.9
10,A,PREY,363,16620.77999999985,500,-77.3880000000004,6,1,100.0,30.459999999999777,1,0.9
10,A,PREY,364,5770.609999999979,192,-77.3880000000004,5,2,100.0,62.189999999999884,2,0.9
10,A,PREY,365,14101.409999999878,500,-77.3880000000004,7,0,99.98285714285714,0.0,0,0.9
10,A,PREY,366,2000.9300000000007,56,-77.3880000000004,6,2,100.0,78.92999999999988,1,0.9
10,A,PREY,367,13180.60999999989,404,-77.3880000000004,6,2,100.0,28.470000000000457,1,0.9
10,A,PREY,368,16340.849999999853,500,-77.3880000000004,7,2,100.0,5.200000000000161,0,0.9
10,A,PREY,369,16540.79999999986,500,-77.3880000000004,21,0,94.09571428571428,0.0,0,0.9
10,A,PREY,370,16780.739999999852,500,-77.3880000000004,6,2,99.98,21.459999999999926,1,0.9
10,A,PREY,371,17500.559999999845,500,-77.3880000000004,7,1,100.0,11.500000000000092,0,0.9
10,A,PREY,372,14421.329999999874,500,-77.3880000000004,7,2,100.0,22.449999999999882,0,0.9
10,A,PREY,373,15581.03999999986,500,-77.3880000000004,7,1,100.0,12.400000000000102,0,0.9
10,A,PREY,374,15780.989999999858,500,-77.3880000000004,7,0,100.0,0.0,0,0.9
10,A,PREY,375,24.380000000000024,11,-77.3880000000004,5,2,100.0,98.53,2,0.9
10,A,PREY,376,29.480000000000004,1,-77.3880000000004,6,2,100.0,92.28999999999999,1,0.9
10,A,PREY,377,15181.139999999865,500,-77.3880000000004,7,0,100.0,0.0,0,0.9
10,A,PREY,378,16140.899999999856,500,-77.3880000000004,7,2,100.0,23.34999999999988,0,0.9
10,A,PREY,379,15980.939999999857,500,-77.3880000000004,5,2,100.0,19.179999999999968,2,0.9
10,A,PREY,380,15860.96999999986,500,-77.3880000000004,7,2,100.0,22.899999999999885,0,0.9
10,A,PREY,381,16180.889999999856,500,-77.3880000000004,6,2,99.955,19.800000000000118,1,0.9
10,A,PREY,382,16220.879999999855,500,-77.3880000000004,6,1,100.0,27.199999999999953,1,0.9
10,A,PREY,383,16500.809999999856,500,-77.3880000000004,7,1,100.0,21.69999999999996,0,0.9
10,A,PREY,384,16540.799999999854,500,-77.3880000000004,7,2,100.0,16.59999999999998,0,0.9
10,A,PREY,385,16460.819999999854,500,-77.3880000000004,6,1,100.0,28.779999999999927,1,0.9
10,A,PREY,386,15701.00999999986,500,-77.3880000000004,7,1,100.0,5.200000000000215,0,0.9
10,A,PREY,387,15980.939999999857,500,-77.3880000000004,7,0,100.0,0.0,0,0.9
10,A,PREY,388,16860.719999999852,500,-77.3880000000004,338,1,90.46363905325408,32.59999999999963,1,0.9
10,A,PREY,389,17220.629999999852,500,-77.3880000000004,4,2,99.9325,37.30000000000098,3,0.9
10,A,PREY,390,16900.709999999846,500,-77.3880000000004,6,1,100.0,30.699999999999743,1,0.9
10,A,PREY,391,52.639999999999965,34,-77.3880000000004,6,2,100.0,85.46624999999989,1,0.9
10,A,PREY,392,16620.779999999853,500,-77.3880000000004,6,1,100.0,22.70000000000077,1,0.9
10,A,PREY,393,16540.799999999857,500,-77.3880000000004,7,1,100.0,23.19999999999988,0,0.9
10,A,PREY,394,16660.769999999855,500,-77.3880000000004,6,2,99.955,19.200000000000017,1,0.9
10,A,PREY,395,17420.579999999853,500,-77.3880000000004,6,2,99.935,25.02999999999998,1,0.9
10,A,PREY,396,18180.389999999847,500,-77.3880000000004,7,1,99.96142857142857,12.40000000000008,0,0.9
10,A,PREY,397,15860.969999999861,500,-77.3880000000004,5,1,100.0,43.11999999999926,2,0.9
10,A,PREY,398,16100.909999999856,500,-77.3880000000004,5,1,100.0,41.59999999999912,2,0.9
10,A,PREY,399,16380.839999999855,500,-77.3880000000004,6,2,100.0,22.350000000000463,1,0.9
10,A,PREY,400,16701.759999999857,500,-77.3880000000004,338,2,99.52091715976329,33.9500000000002,2,0.9
10,A,PREY,401,16020.929999999858,500,-77.3880000000004,7,1,100.0,21.399999999999938,0,0.9
10,A,PREY,402,17340.59999999985,500,-77.3880000000004,6,1,99.955,37.699999999999406,1,0.9
10,A,PREY,403,17020.679999999847,500,-77.3880000000004,6,2,100.0,24.90000000000014,1,0.9
10,A,PREY,404,16255.969999999857,490,-77.3880000000004,6,2,100.0,26.700000000000028,1,0.9
10,A,PREY,405,16500.80999999986,500,-77.3880000000004,5,1,99.838,40.53999999999937,2,0.9
10,A,PREY,406,17140.649999999852,500,-77.3880000000004,7,1,99.96142857142857,22.599999999999927,0,0.9
10,A,PREY,407,17900.459999999846,500,-77.3880000000004,7,1,99.96142857142857,10.30000000000012,0,0.9
10,A,PREY,408,15900.959999999863,500,-77.3880000000004,7,2,99.96142857142857,13.30000000000006,0,0.9
10,A,PREY,409,15900.959999999859,500,-77.3880000000004,7,1,100.0,21.99999999999995,0,0.9
10,A,PREY,410,16740.749999999854,500,-77.3880000000004,7,0,100.0,0.0,0,0.9
10,A,PREY,411,1869.740000000001,78,-77.3880000000004,6,2,100.0,76.28999999999985,1,0.9
10,A,PREY,412,13.160000000000005,33,-77.3880000000004,5,2,100.0,85.56999999999996,2,0.9
10,A,PREY,413,28.460000000000008,3,-77.3880000000004,5,2,100.0,99.78999999999999,2,0.9
10,A,PREY,414,15381.08999999987,500,-77.3880000000004,6,1,100.0,33.6399999999996,1,0.9
10,A,PREY,415,17860.469999999852,500,-77.3880000000004,6,2,100.0,24.18999999999994,1,0.9
10,A,PREY,416,1804.0400000000006,50,-77.3880000000004,6,2,100.0,83.54999999999984,1,0.9
10,A,PREY,417,14221.379999999881,500,-77.3880000000004,6,1,100.0,29.91999999999984,1,0.9
10,A,PREY,418,17420.57999999985,500,-77.3880000000004,7,1,100.0,22.299999999999926,0,0.9
10,A,PREY,419,17500.55999999985,500,-77.3880000000004,7,1,100.0,13.600000000000085,0,0.9
10,A,PREY,420,17260.619999999868,500,-77.3880000000004,6,2,99.955,22.569999999999883,1,0.9
10,A,PREY,421,17100.65999999985,500,-77.3880000000004,6,2,100.0,22.50000000000012,1,0.9
10,A,PREY,422,16180.889999999858,500,-77.3880000000004,7,1,99.96142857142857,15.700000000000035,0,0.9
10,A,PREY,423,16700.759999999853,500,-77.3880000000004,7,0,100.0,0.0,0,0.9
10,A,PREY,424,17140.649999999852,500,-77.3880000000004,5,2,100.0,22.539999999999907,2,0.9
10,A,PREY,425,16980.689999999853,500,-77.3880000000004,7,1,100.0,17.799999999999944,0,0.9
10,A,PREY,426,16900.709999999857,500,-77.3880000000004,7,1,100.0,11.500000000000128,0,0.9
10,A,PREY,427,16900.709999999857,500,-77.3880000000004,7,2,100.0,15.250000000000057,0,0.9
10,A,PREY,428,17140.649999999852,500,-77.3880000000004,7,2,100.0,21.549999999999905,0,0.9
10,A,PREY,429,17180.63999999985,500,-77.3880000000004,7,2,99.96142857142857,16.899999999999988,0,0.9
10,A,PREY,430,17060.669999999853,500,-77.3880000000004,7,1,100.0,16.6,0,0.9
10,A,PREY,431,17020.67999999985,500,-77.3880000000004,7,1,100.0,24.099999999999866,0,0.9
10,A,PREY,432,17020.679999999855,500,-77.3880000000004,4,2,100.0,30.950000000000436,3,0.9
10,A,PREY,433,17260.61999999986,500,-77.3880000000004,6,1,100.0,15.800000000000246,1,0.9
10,A,PREY,434,17260.619999999857,500,-77.3880000000004,6,1,100.0,28.70000000000102,1,0.9
10,A,PREY,435,17260.619999999846,500,-77.3880000000004,338,1,97.16298816568037,22.2999999999999,0,0.9
10,A,PREY,436,17020.679999999855,500,-77.3880000000004,6,1,100.0,28.699999999999868,1,0.9
10,A,PREY,437,17420.57999999985,500,-77.3880000000004,6,2,100.0,16.050000000000193,1,0.9
10,A,PREY,438,17460.569999999854,500,-77.3880000000004,5,1,100.0,53.39999999999856,2,0.9
10,A,PREY,439,28.460000000000008,3,-77.3880000000004,6,2,100.0,91.87,1,0.9
10,A,PREY,440,17620.529999999853,500,-77.3880000000004,7,0,100.0,0.0,0,0.9
10,A,PREY,441,16980.689999999853,500,-77.3880000000004,6,2,99.955,27.909999999999748,1,0.9
10,A,PREY,442,17580.539999999844,500,-77.3880000000004,6,2,100.0,21.249999999999822,1,0.9
10,A,PREY,443,16540.799999999854,500,-77.3880000000004,6,1,100.0,34.100000000000975,1,0.9
10,A,PREY,444,17180.639999999854,500,-77.3880000000004,7,2,100.0,17.349999999999987,0,0.9
10,A,PREY,445,17460.569999999858,500,-77.3880000000004,5,2,100.0,36.699999999999434,2,0.9
10,A,PREY,446,17300.60999999985,500,-77.3880000000004,4,2,100.0,29.769999999999662,3,0.9
10,A,PREY,447,16940.699999999855,500,-77.3880000000004,7,1,100.0,22.29999999999989,0,0.9
10,A,PREY,448,17340.599999999853,500,-77.3880000000004,4,2,100.0,29.250000000000412,3,0.9
10,A,PREY,449,17140.64999999986,500,-77.3880000000004,6,1,99.98,33.51999999999965,1,0.9
10,A,PREY,450,16940.69999999985,500,-77.3880000000004,6,1,100.0,38.919999999999256,1,0.9
10,A,PREY,451,16860.719999999852,500,-77.3880000000004,7,1,100.0,1.3000000000002012,0,0.9
10,A,PREY,452,17300.60999999985,500,-77.3880000000004,7,0,100.0,0.0,0,0.9
10,A,PREY,453,17060.669999999853,500,-77.3880000000004,6,1,100.0,32.59999999999978,1,0.9
10,A,PREY,454,17500.55999999986,500,-77.3880000000004,6,2,100.0,14.400000000000217,1,0.9
10,A,PREY,455,17620.52999999985,500,-77.3880000000004,6,2,100.0,23.16999999999967,1,0.9
10,A,PREY,456,17660.51999999985,500,-77.3880000000004,7,1,100.0,23.799999999999866,0,0.9
10,A,PREY,457,17540.54999999985,500,-77.3880000000004,7,0,100.0,0.0,0,0.9
10,A,PREY,458,17220.629999999855,500,-77.3880000000004,7,2,100.0,20.64999999999994,0,0.9
10,A,PREY,459,17660.51999999985,500,-77.3880000000004,7,1,100.0,15.7,0,0.9
10,A,PREY,460,17700.50999999985,500,-77.3880000000004,7,2,99.98285714285714,13.000000000000021,0,0.9
10,A,PREY,461,17260.619999999853,500,-77.3880000000004,6,1,100.0,24.939999999999944,1,0.9
10,A,PREY,462,17860.469999999852,500,-77.3880000000004,7,1,100.0,18.699999999999985,0,0.9
10,A,PREY,463,17580.539999999855,500,-77.3880000000004,7,0,99.96142857142857,0.0,0,0.9
10,A,PREY,464,16980.68999999985,500,-77.3880000000004,7,1,100.0,8.200000000000102,0,0.9
10,A,PREY,465,64.36999999999998,11,-77.3880000000004,6,2,100.0,90.19,1,0.9
10,A,PREY,466,17420.579999999853,500,-77.3880000000004,7,1,100.0,20.79999999999996,0,0.9
10,A,PREY,467,17300.60999999985,500,-77.3880000000004,7,1,99.96142857142857,20.200000000000006,0,0.9
10,A,PREY,468,17540.549999999854,500,-77.3880000000004,7,1,100.0,12.40000000000007,0,0.9
10,A,PREY,469,17660.519999999848,500,-77.3880000000004,7,0,100.0,0.0,0,0.9
10,A,PREY,470,17940.44999999984,500,-77.3880000000004,5,2,100.0,29.799999999999756,2,0.9
10,A,PREY,471,17300.60999999985,500,-77.3880000000004,6,1,100.0,37.699999999999406,1,0.9
10,A,PREY,472,17460.56999999985,500,-77.3880000000004,6,2,100.0,20.409999999999933,1,0.9
10,A,PREY,473,17620.529999999857,500,-77.3880000000004,5,1,100.0,52.49999999999862,2,0.9
10,A,PREY,474,17460.569999999854,500,-77.3880000000004,6,1,100.0,32.60000000000047,1,0.9
10,A,PREY,475,16900.70999999985,500,-77.3880000000004,4,1,100.0,26.68000000000003,3,0.9
10,A,PREY,476,17820.47999999985,500,-77.3880000000004,5,2,100.0,26.28999999999988,2,0.9
10,A,PREY,477,17220.62999999985,500,-77.3880000000004,7,0,100.0,0.0,0,0.9
10,A,PREY,478,17380.58999999986,500,-77.3880000000004,5,2,100.0,29.600000000000414,2,0.9
10,A,PREY,479,17620.529999999853,500,-77.3880000000004,7,1,99.94428571428571,7.300000000000105,0,0.9
10,A,PREY,480,17900.459999999846,500,-77.3880000000004,7,1,100.0,20.199999999999996,0,0.9
10,A,PREY,481,17140.649999999852,500,-77.3880000000004,7,0,100.0,0.0,0,0.9
10,A,PREY,482,16900.709999999857,500,-77.3880000000004,6,2,99.91000000000001,26.019999999999854,1,0.9
10,A,PREY,483,18340.349999999842,500,-77.3880000000004,6,1,100.0,36.199999999999456,1,0.9
10,A,PREY,484,17300.609999999855,500,-77.3880000000004,4,2,100.0,36.119999999999735,3,0.9
10,A,PREY,485,17060.669999999856,500,-77.3880000000004,7,1,99.96142857142857,20.799999999999915,0,0.9
10,A,PREY,486,16420.82999999986,500,-77.3880000000004,338,2,99.96005917159763,24.050000000000267,2,0.9
10,A,PREY,487,17620.52999999985,500,-77.3880000000004,6,2,100.0,23.58999999999996,1,0.9
10,A,PREY,488,18020.42999999985,500,-77.3880000000004,8,1,100.0,21.099999999999973,0,0.9
10,A,PREY,489,17940.44999999985,500,-77.3880000000004,7,1,100.0,20.199999999999996,0,0.9
10,A,PREY,490,17300.609999999855,500,-77.3880000000004,7,1,100.0,13.6000000000001,0,0.9
10,A,PREY,491,17580.53999999985,500,-77.3880000000004,5,2,100.0,34.55000000000014,2,0.9
10,A,PREY,492,17580.53999999985,500,-77.3880000000004,5,2,100.0,33.699999999999505,2,0.9
10,A,PREY,493,18420.329999999838,500,-77.3880000000004,7,2,100.0,8.800000000000166,0,0.9
10,A,PREY,494,17580.539999999848,500,-77.3880000000004,5,1,100.0,32.54000000000023,2,0.9
10,A,PREY,495,17500.559999999852,500,-77.3880000000004,7,0,100.0,0.0,0,0.9
10,A,PREY,496,1641.0200000000007,56,-77.3880000000004,5,2,100.0,89.9299999999999,2,0.9
10,A,PREY,497,12742.249999999896,500,-77.3880000000004,177,2,77.89022598870056,20.949999999999946,0,0.9
10,A,PREY,498,498.6500000000002,22,-77.3880000000004,6,2,100.0,87.87999999999998,1,0.9
10,A,PREY,499,13741.499999999893,500,-77.3880000000004,7,1,100.0,13.600000000000085,0,0.9
10,A,PREY,500,1803.5300000000007,51,-77.3880000000004,6,2,100.0,80.72999999999988,1,0.9
10,B,PREDATOR,1,294.49499999999836,500,3.1813333333332565,337,3,80.63172106824835,75.17999999999988,168,1.2
10,B,PREDATOR,2,-12.239999999999997,224,3.1813333333332565,5,2,88.95399999999958,56.91999999999966,1,1.2
10,B,PREDATOR,3,-12.139999999999999,214,3.1813333333332565,5,2,89.4879999999996,62.259999999999366,1,1.2
10,B,PREDATOR,4,-12.319999999999995,232,3.1813333333332565,337,2,89.28077151335286,49.80999999999986,0,1.2
10,B,PREDATOR,5,-12.199999999999998,220,3.1813333333332565,337,2,88.0288724035606,46.14999999999992,0,1.2
10,B,PREDATOR,6,-12.289999999999996,229,3.1813333333332565,337,2,82.58525222551879,64.21000000000001,2,1.2
10,B,PREDATOR,7,-12.309999999999995,231,3.1813333333332565,337,2,80.61308605341186,67.8700000000001,5,1.2
10,B,PREDATOR,8,-12.189999999999998,219,3.1813333333332565,4,2,87.32499999999952,64.74749999999932,2,1.2
10,B,PREDATOR,9,-12.259999999999996,226,3.1813333333332565,6,2,88.21999999999956,56.9799999999994,0,1.2
10,B,PREDATOR,10,-12.169999999999998,217,3.1813333333332565,6,2,93.12999999999973,49.35999999999997,0,1.2
10,B,PREDATOR,11,-12.259999999999996,226,3.1813333333332565,337,2,88.03367952522227,64.55874999999966,2,1.2
10,B,PREDATOR,12,-12.209999999999997,221,3.1813333333332565,6,2,92.41999999999972,52.029999999999774,0,1.2
10,B,PREDATOR,13,11.896666666666325,293,3.1813333333332565,4,2,94.37499999999979,45.59624999999988,2,1.2
10,B,PREDATOR,14,-12.339999999999995,234,3.1813333333332565,6,2,90.24499999999962,38.920000000000414,0,1.2
10,B,PREDATOR,15,-12.219999999999997,222,3.1813333333332565,6,2,87.09999999999951,53.70999999999965,0,1.2
10,B,PREDATOR,16,-12.359999999999994,236,3.1813333333332565,2,2,89.85999999999962,77.01999999999916,4,1.2
10,B,PREDATOR,17,-12.189999999999998,219,3.1813333333332565,337,2,81.02412462907957,49.17999999999998,1,1.2
10,B,PREDATOR,18,-12.239999999999997,224,3.1813333333332565,6,2,90.46499999999963,51.819999999999716,0,1.2
10,B,PREDATOR,19,-12.209999999999997,221,3.1813333333332565,3,2,92.0599999999997,77.52874999999904,3,1.2
10,B,PREDATOR,20,-12.239999999999997,224,3.1813333333332565,5,2,87.52599999999953,50.70999999999984,1,1.2
10,B,PREDATOR,21,-12.229999999999997,223,3.1813333333332565,337,2,90.29931750741818,81.5799999999996,9,1.2
10,B,PREDATOR,22,-12.199999999999998,220,3.1813333333332565,6,2,88.11499999999955,46.00000000000017,0,1.2
10,B,PREDATOR,23,-12.209999999999997,221,3.1813333333332565,337,2,83.97350148367906,73.65999999999958,22,1.2
10,B,PREDATOR,24,-12.259999999999996,226,3.1813333333332565,5,2,89.74599999999961,59.33624999999966,1,1.2
10,B,PREDATOR,25,-12.319999999999995,232,3.1813333333332565,6,2,91.24499999999966,49.50999999999988,0,1.2
10,B,PREDATOR,26,-12.299999999999995,230,3.1813333333332565,5,2,85.69599999999946,59.33249999999969,1,1.2
10,B,PREDATOR,27,-12.209999999999997,221,3.1813333333332565,5,2,89.5239999999996,54.939999999999664,1,1.2
10,B,PREDATOR,28,-12.229999999999997,223,3.1813333333332565,6,2,91.31999999999967,41.89000000000023,0,1.2
10,B,PREDATOR,29,-12.289999999999996,229,3.1813333333332565,337,2,84.71142433234375,50.619999999999806,0,1.2
10,B,PREDATOR,30,-12.179999999999998,218,3.1813333333332565,337,2,77.3389910979221,76.50999999999982,84,1.2
10,B,PREDATOR,31,-12.189999999999998,219,3.1813333333332565,6,2,91.8899999999997,52.719999999999715,0,1.2
10,B,PREDATOR,32,11.964166666666246,266,3.1813333333332565,3,2,87.76999999999953,56.50499999999936,3,1.2
10,B,PREDATOR,33,-12.229999999999997,223,3.1813333333332565,337,2,89.27560830860529,74.24624999999901,2,1.2
10,B,PREDATOR,34,-12.179999999999998,218,3.1813333333332565,337,2,85.67507418397594,48.33999999999992,0,1.2
10,B,PREDATOR,35,-12.229999999999997,223,3.1813333333332565,6,2,89.46999999999962,40.84000000000034,0,1.2
10,B,PREDATOR,36,-12.239999999999997,224,3.1813333333332565,337,2,84.46970326409492,44.62000000000025,0,1.2
10,B,PREDATOR,37,-12.209999999999997,221,3.1813333333332565,3,2,86.20999999999947,69.48999999999913,3,1.2
10,B,PREDATOR,38,-12.159999999999998,216,3.1813333333332565,6,2,88.29999999999956,47.67999999999988,0,1.2
10,B,PREDATOR,39,-12.439999999999992,244,3.1813333333332565,337,2,85.41694362017758,48.219999999999885,0,1.2
10,B,PREDATOR,40,-12.189999999999998,219,3.1813333333332565,5,2,93.44799999999975,52.02999999999971,1,1.2
10,B,PREDATOR,41,-12.229999999999997,223,3.1813333333332565,5,2,90.27999999999963,57.401249999999436,1,1.2
10,B,PREDATOR,42,-11.39,139,3.1813333333332565,6,3,91.21499999999968,40.79999999999995,0,1.2
10,B,PREDATOR,43,-12.139999999999999,214,3.1813333333332565,5,2,89.3799999999996,64.14999999999922,1,1.2
10,B,PREDATOR,44,-12.55999999999999,256,3.1813333333332565,6,2,92.57499999999972,39.28000000000027,0,1.2
10,B,PREDATOR,45,75.75999999999853,474,3.1813333333332565,337,2,76.00688427299622,60.70000000000002,82,1.2
10,B,PREDATOR,46,-12.329999999999995,233,3.1813333333332565,5,2,91.9719999999997,63.022499999999184,1,1.2
10,B,PREDATOR,47,-12.179999999999998,218,3.1813333333332565,6,2,88.62499999999956,40.690000000000374,0,1.2
10,B,PREDATOR,48,-11.370000000000001,137,3.1813333333332565,337,3,92.93243323442121,47.300833333333294,2,1.2
10,B,PREDATOR,49,33.2124999999999,367,3.1813333333332565,4,2,90.18999999999963,30.460000000000377,2,1.2
10,B,PREDATOR,50,-12.319999999999995,232,3.1813333333332565,337,2,80.7916023738868,88.44999999999956,132,1.2
10,B,PREDATOR,51,-12.349999999999994,235,3.1813333333332565,5,2,85.77399999999946,49.869999999999635,1,1.2
10,B,PREDATOR,52,-12.209999999999997,221,3.1813333333332565,337,2,70.1308011869426,99.24999999999997,12,1.2
10,B,PREDATOR,53,9.850833333332867,300,3.1813333333332565,3,2,91.67999999999968,57.009999999999536,3,1.2
10,B,PREDATOR,54,11.159999999999782,304,3.1813333333332565,3,2,91.34999999999968,49.17999999999962,3,1.2
10,B,PREDATOR,55,-12.209999999999997,221,3.1813333333332565,5,2,89.64399999999961,59.49999999999955,1,1.2
10,B,PREDATOR,56,-12.229999999999997,223,3.1813333333332565,6,2,87.51999999999953,50.88999999999978,0,1.2
10,B,PREDATOR,57,-12.269999999999996,227,3.1813333333332565,5,2,89.5299999999996,56.7999999999996,1,1.2
10,B,PREDATOR,58,-12.239999999999997,224,3.1813333333332565,5,2,92.0319999999997,48.431250000000006,1,1.2
10,B,PREDATOR,59,10.663333333332867,284,3.1813333333332565,337,2,69.98406528189813,33.37000000000047,1,1.2
10,B,PREDATOR,60,-12.199999999999998,220,3.1813333333332565,337,2,78.84474777448003,67.56999999999945,2,1.2
10,B,PREDATOR,61,-12.219999999999997,222,3.1813333333332565,5,2,89.3559999999996,51.66999999999986,1,1.2
10,B,PREDATOR,62,-12.329999999999995,233,3.1813333333332565,5,2,89.3739999999996,56.437499999999474,1,1.2
10,B,PREDATOR,63,-12.229999999999997,223,3.1813333333332565,6,2,93.44499999999975,44.74000000000008,0,1.2
10,B,PREDATOR,64,-12.279999999999996,228,3.1813333333332565,337,2,88.61237388724017,85.4774999999995,51,1.2
10,B,PREDATOR,65,-12.269999999999996,227,3.1813333333332565,337,2,89.96329376854578,59.24999999999935,1,1.2
10,B,PREDATOR,66,-12.199999999999998,220,3.1813333333332565,4,2,90.11499999999963,62.79999999999981,2,1.2
10,B,PREDATOR,67,-12.339999999999995,234,3.1813333333332565,4,2,86.9799999999995,68.25374999999897,2,1.2
10,B,PREDATOR,68,-12.239999999999997,224,3.1813333333332565,337,2,89.49195845697307,46.71999999999994,0,1.2
10,B,PREDATOR,69,-12.369999999999994,237,3.1813333333332565,5,2,89.28399999999961,64.83749999999915,1,1.2
10,B,PREDATOR,70,-12.229999999999997,223,3.1813333333332565,337,15,85.26228486646865,93.68499999999997,233,1.2
10,B,PREDATOR,71,-12.209999999999997,221,3.1813333333332565,5,2,86.8659999999995,47.50000000000009,1,1.2
10,B,PREDATOR,72,-12.309999999999995,231,3.1813333333332565,337,2,90.79225519287814,51.90749999999977,1,1.2
10,B,PREDATOR,73,-12.179999999999998,218,3.1813333333332565,5,2,89.90799999999963,59.73999999999934,1,1.2
10,B,PREDATOR,74,-12.279999999999996,228,3.1813333333332565,3,2,87.18999999999953,76.26999999999936,3,1.2
10,B,PREDATOR,75,-12.229999999999997,223,3.1813333333332565,207,2,73.355845410628,45.94000000000018,0,1.2
10,B,PREDATOR,76,-12.209999999999997,221,3.1813333333332565,5,2,86.6559999999995,57.33999999999974,1,1.2
10,B,PREDATOR,77,-12.239999999999997,224,3.1813333333332565,6,2,89.5699999999996,41.4700000000003,0,1.2
10,B,PREDATOR,78,-12.329999999999995,233,3.1813333333332565,6,2,92.45999999999971,47.73999999999991,0,1.2
10,B,PREDATOR,79,-12.239999999999997,224,3.1813333333332565,337,2,83.49729970326362,41.920000000000215,0,1.2
10,B,PREDATOR,80,-12.209999999999997,221,3.1813333333332565,4,2,90.93249999999966,53.529999999999724,2,1.2
10,B,PREDATOR,81,-12.259999999999996,226,3.1813333333332565,6,2,90.44999999999965,46.18,0,1.2
10,B,PREDATOR,82,-12.399999999999993,240,3.1813333333332565,337,2,80.25204747774418,73.30000000000001,49,1.2
10,B,PREDATOR,83,11.903333333332908,268,3.1813333333332565,337,2,82.736557863501,68.32000000000025,59,1.2
10,B,PREDATOR,84,-12.269999999999996,227,3.1813333333332565,5,2,92.45199999999971,49.713749999999756,1,1.2
10,B,PREDATOR,85,-12.229999999999997,223,3.1813333333332565,5,2,88.11999999999955,66.74999999999929,1,1.2
10,B,PREDATOR,86,-12.219999999999997,222,3.1813333333332565,6,2,88.47999999999956,50.70999999999984,0,1.2
10,B,PREDATOR,87,-12.219999999999997,222,3.1813333333332565,246,2,72.6813008130081,52.65999999999972,0,1.2
10,B,PREDATOR,88,-12.259999999999996,226,3.1813333333332565,6,2,92.27499999999971,40.63000000000037,0,1.2
10,B,PREDATOR,89,-12.239999999999997,224,3.1813333333332565,5,2,91.77399999999969,54.112499999999635,1,1.2
10,B,PREDATOR,90,-12.309999999999995,231,3.1813333333332565,5,2,90.58599999999964,57.729999999999734,1,1.2
10,B,PREDATOR,91,-12.359999999999994,236,3.1813333333332565,337,2,88.882017804154,75.60999999999993,17,1.2
10,B,PREDATOR,92,8.229166666666176,275,3.1813333333332565,4,2,93.53499999999977,54.0099999999994,2,1.2
10,B,PREDATOR,93,-12.369999999999994,237,3.1813333333332565,6,2,92.78499999999974,41.860000000000184,0,1.2
10,B,PREDATOR,94,-12.299999999999995,230,3.1813333333332565,6,2,94.18999999999978,40.30000000000039,0,1.2
10,B,PREDATOR,95,-12.189999999999998,219,3.1813333333332565,337,2,86.0075667655783,49.7199999999999,0,1.2
10,B,PREDATOR,96,308.9249999999988,500,3.1813333333332565,337,1,82.33391691394544,81.0399999999999,14,1.2
10,B,PREDATOR,97,9.829166666666174,290,3.1813333333332565,337,2,72.89213649851548,37.30000000000016,1,1.2
10,B,PREDATOR,98,11.438333333332844,316,3.1813333333332565,5,2,93.15999999999974,34.33000000000027,1,1.2
10,B,PREDATOR,99,-12.439999999999992,244,3.1813333333332565,337,2,91.31593471810075,47.831250000000026,1,1.2
10,B,PREDATOR,100,-12.289999999999996,229,3.1813333333332565,5,2,90.36399999999963,53.31999999999974,1,1.2
10,B,PREDATOR,101,1665.087499999995,500,3.1813333333332565,337,3,75.08275964391554,69.03999999999981,85,1.2
10,B,PREDATOR,102,-12.279999999999996,228,3.1813333333332565,4,2,86.5224999999995,67.40749999999912,2,1.2
10,B,PREDATOR,103,-12.379999999999994,238,3.1813333333332565,6,2,84.64499999999941,46.98999999999994,0,1.2
10,B,PREDATOR,104,-12.289999999999996,229,3.1813333333332565,5,2,87.44199999999952,59.8599999999997,1,1.2
10,B,PREDATOR,105,-12.239999999999997,224,3.1813333333332565,5,2,89.78199999999961,58.25999999999955,1,1.2
10,B,PREDATOR,106,-12.229999999999997,223,3.1813333333332565,337,2,92.35919881305625,46.389999999999866,0,1.2
10,B,PREDATOR,107,-12.289999999999996,229,3.1813333333332565,6,2,92.23999999999971,50.01999999999985,0,1.2
10,B,PREDATOR,108,-12.299999999999995,230,3.1813333333332565,337,2,77.93421364985161,44.350000000000065,0,1.2
10,B,PREDATOR,109,-12.279999999999996,228,3.1813333333332565,5,2,91.06599999999966,52.7799999999998,1,1.2
10,B,PREDATOR,110,-12.269999999999996,227,3.1813333333332565,5,2,87.92799999999954,57.39749999999941,1,1.2
10,B,PREDATOR,111,-12.259999999999996,226,3.1813333333332565,6,2,93.95499999999977,47.68000000000002,0,1.2
10,B,PREDATOR,112,10.005833333332967,289,3.1813333333332565,5,2,92.51799999999972,35.920000000000435,1,1.2
10,B,PREDATOR,113,-12.359999999999994,236,3.1813333333332565,337,2,80.75465875370861,79.46249999999938,29,1.2
10,B,PREDATOR,114,-12.209999999999997,221,3.1813333333332565,5,2,91.11999999999966,56.85999999999966,1,1.2
10,B,PREDATOR,115,-12.209999999999997,221,3.1813333333332565,4,2,89.01999999999958,55.71999999999974,2,1.2
10,B,PREDATOR,116,8.476666666666363,305,3.1813333333332565,4,2,82.56999999999934,44.9774999999996,2,1.2
10,B,PREDATOR,117,10.643333333333041,358,3.1813333333332565,5,2,91.73799999999969,21.64000000000041,1,1.2
10,B,PREDATOR,118,-12.189999999999998,219,3.1813333333332565,337,2,86.48637982195811,45.370000000000175,0,1.2
10,B,PREDATOR,119,-12.189999999999998,219,3.1813333333332565,4,2,86.13999999999947,63.909999999999414,2,1.2
10,B,PREDATOR,120,-12.169999999999998,217,3.1813333333332565,6,2,92.0799999999997,54.009999999999636,0,1.2
10,B,PREDATOR,121,-12.139999999999999,214,3.1813333333332565,4,2,88.29999999999956,64.23999999999936,2,1.2
10,B,PREDATOR,122,4.9633333333331,266,3.1813333333332565,5,2,86.30799999999948,34.33000000000043,1,1.2
10,B,PREDATOR,123,10.578333333332873,279,3.1813333333332565,5,2,91.11399999999966,41.92000000000007,1,1.2
10,B,PREDATOR,124,-12.219999999999997,222,3.1813333333332565,6,2,87.32999999999953,48.60999999999994,0,1.2
10,B,PREDATOR,125,-12.239999999999997,224,3.1813333333332565,5,2,91.16799999999967,53.63999999999971,1,1.2
10,B,PREDATOR,126,-12.239999999999997,224,3.1813333333332565,4,2,87.09249999999952,65.10999999999967,2,1.2
10,B,PREDATOR,127,-12.219999999999997,222,3.1813333333332565,337,2,80.93818991097872,49.509999999999934,0,1.2
10,B,PREDATOR,128,-12.349999999999994,235,3.1813333333332565,4,2,86.15499999999948,70.69124999999894,2,1.2
10,B,PREDATOR,129,-12.259999999999996,226,3.1813333333332565,4,2,87.66999999999953,57.74624999999931,2,1.2
10,B,PREDATOR,130,-12.269999999999996,227,3.1813333333332565,5,2,90.26799999999963,55.38999999999959,1,1.2
10,B,PREDATOR,131,9.534999999999497,297,3.1813333333332565,3,2,83.9599999999994,56.11874999999924,3,1.2
10,B,PREDATOR,132,-12.229999999999997,223,3.1813333333332565,337,2,85.10454005934673,58.509999999999394,2,1.2
10,B,PREDATOR,133,-12.179999999999998,218,3.1813333333332565,6,2,93.40999999999974,48.93999999999998,0,1.2
10,B,PREDATOR,134,30.051666666666968,359,3.1813333333332565,3,2,88.71999999999957,33.94000000000007,3,1.2
10,B,PREDATOR,135,11.523333333332848,306,3.1813333333332565,5,2,92.42799999999971,31.03000000000052,1,1.2
10,B,PREDATOR,136,-12.229999999999997,223,3.1813333333332565,6,2,90.46499999999965,51.78999999999978,0,1.2
10,B,PREDATOR,137,-12.249999999999996,225,3.1813333333332565,6,2,90.50999999999965,52.29999999999972,0,1.2
10,B,PREDATOR,138,-12.249999999999996,225,3.1813333333332565,6,2,92.42999999999972,48.549999999999926,0,1.2
10,B,PREDATOR,139,-12.259999999999996,226,3.1813333333332565,4,2,89.92749999999961,57.42999999999987,2,1.2
10,B,PREDATOR,140,-12.259999999999996,226,3.1813333333332565,2,2,91.16499999999967,70.8374999999994,5,1.2
10,B,PREDATOR,141,12.078333333332877,291,3.1813333333332565,5,2,86.6379999999995,35.8300000000004,1,1.2
10,B,PREDATOR,142,-12.289999999999996,229,3.1813333333332565,5,2,88.51599999999956,55.14749999999978,1,1.2
10,B,PREDATOR,143,-12.489999999999991,249,3.1813333333332565,6,2,93.21999999999974,41.020000000000294,0,1.2
10,B,PREDATOR,144,-12.339999999999995,234,3.1813333333332565,337,2,80.94353115726943,79.53624999999997,22,1.2
10,B,PREDATOR,145,-12.309999999999995,231,3.1813333333332565,337,2,90.66376854599386,49.17999999999989,0,1.2
10,B,PREDATOR,146,-12.459999999999992,246,3.1813333333332565,4,2,89.5449999999996,59.74124999999924,2,1.2
10,B,PREDATOR,147,-12.319999999999995,232,3.1813333333332565,4,2,90.27249999999964,61.52249999999965,2,1.2
10,B,PREDATOR,148,-12.169999999999998,217,3.1813333333332565,6,2,89.96999999999962,37.66000000000038,0,1.2
10,B,PREDATOR,149,-12.209999999999997,221,3.1813333333332565,337,2,91.34436201780412,53.82999999999963,0,1.2
10,B,PREDATOR,150,-12.209999999999997,221,3.1813333333332565,337,2,87.55703264094934,99.75999999999999,176,1.2
10,B,PREDATOR,151,9.970833333332871,279,3.1813333333332565,5,2,83.79999999999939,37.87000000000038,1,1.2
10,B,PREDATOR,152,-12.319999999999995,232,3.1813333333332565,5,2,86.47599999999949,58.92999999999943,1,1.2
10,B,PREDATOR,153,-12.199999999999998,220,3.1813333333332565,5,2,87.99999999999955,60.02249999999964,1,1.2
10,B,PREDATOR,154,-12.359999999999994,236,3.1813333333332565,337,2,87.45813056379787,78.75749999999971,37,1.2
10,B,PREDATOR,155,-12.369999999999994,237,3.1813333333332565,6,2,90.40999999999963,47.409999999999954,0,1.2
10,B,PREDATOR,156,-12.299999999999995,230,3.1813333333332565,6,2,88.80999999999956,47.20000000000002,0,1.2
10,B,PREDATOR,157,10.635833333332952,307,3.1813333333332565,5,2,94.10799999999979,34.36000000000048,1,1.2
10,B,PREDATOR,158,10.653333333332787,339,3.1813333333332565,4,2,92.33499999999971,34.510000000000105,2,1.2
10,B,PREDATOR,159,29.52166666666693,421,3.1813333333332565,3,2,84.3899999999994,31.36124999999967,3,1.2
10,B,PREDATOR,160,-12.54999999999999,255,3.1813333333332565,6,2,90.30999999999965,43.15000000000007,0,1.2
10,B,PREDATOR,161,32.01416666666707,390,3.1813333333332565,3,2,93.11999999999973,34.96000000000001,3,1.2
10,B,PREDATOR,162,10.930833333332822,318,3.1813333333332565,3,2,91.83999999999969,50.12749999999947,3,1.2
10,B,PREDATOR,163,-12.209999999999997,221,3.1813333333332565,6,2,91.82499999999969,45.880000000000074,0,1.2
10,B,PREDATOR,164,-12.219999999999997,222,3.1813333333332565,5,2,88.86399999999958,58.1624999999996,1,1.2
10,B,PREDATOR,165,-12.209999999999997,221,3.1813333333332565,4,2,86.9274999999995,66.66749999999908,2,1.2
10,B,PREDATOR,166,4656.209166666626,500,3.1813333333332565,337,2,80.63596439169031,84.75999999999944,232,1.2
10,B,PREDATOR,167,-12.189999999999998,219,3.1813333333332565,6,2,88.55999999999956,43.72000000000018,0,1.2
10,B,PREDATOR,168,-12.339999999999995,234,3.1813333333332565,5,2,88.71399999999957,53.084999999999674,1,1.2
10,B,PREDATOR,169,58.65249999999835,333,3.1813333333332565,3,2,91.79999999999968,38.590000000000046,3,1.2
10,B,PREDATOR,170,-12.739999999999986,274,3.1813333333332565,5,2,86.05599999999947,56.91749999999959,1,1.2
10,B,PREDATOR,171,-12.389999999999993,239,3.1813333333332565,5,2,87.35799999999952,53.37999999999966,1,1.2
10,B,PREDATOR,172,-12.389999999999993,239,3.1813333333332565,3,2,85.94999999999948,51.12999999999977,3,1.2
10,B,PREDATOR,173,-12.179999999999998,218,3.1813333333332565,337,2,90.25427299703259,51.03999999999994,1,1.2
10,B,PREDATOR,174,-12.219999999999997,222,3.1813333333332565,5,2,92.91999999999973,50.26500000000013,1,1.2
10,B,PREDATOR,175,6.892499999999421,364,3.1813333333332565,3,2,87.35999999999952,56.97999999999887,3,1.2
10,B,PREDATOR,176,4342.024166666637,500,3.1813333333332565,337,3,77.38679525222484,79.93999999999973,351,1.2
10,B,PREDATOR,177,-12.439999999999992,244,3.1813333333332565,4,2,89.99499999999962,53.13999999999968,2,1.2
10,B,PREDATOR,178,-12.129999999999999,213,3.1813333333332565,337,2,90.4028189910978,75.51999999999994,68,1.2
10,B,PREDATOR,179,-12.209999999999997,221,3.1813333333332565,5,2,88.11999999999954,55.119999999999635,1,1.2
10,B,PREDATOR,180,-12.389999999999993,239,3.1813333333332565,337,99,89.71050445103852,62.511464646464646,722,1.2
10,B,PREDATOR,181,-12.58999999999999,259,3.1813333333332565,337,2,69.25255192878237,74.70999999999987,17,1.2
10,B,PREDATOR,182,-12.329999999999995,233,3.1813333333332565,4,2,86.5749999999995,54.12999999999974,2,1.2
10,B,PREDATOR,183,60.212499999998506,339,3.1813333333332565,3,2,92.75999999999972,27.37000000000043,3,1.2
10,B,PREDATOR,184,-12.609999999999989,261,3.1813333333332565,337,2,86.92130563798194,55.97624999999957,1,1.2
10,B,PREDATOR,185,-12.489999999999991,249,3.1813333333332565,5,2,82.81599999999935,51.069999999999695,1,1.2
10,B,PREDATOR,186,1439.6899999999957,500,3.1813333333332565,337,2,85.35614243323313,87.61124999999922,66,1.2
10,B,PREDATOR,187,-12.739999999999986,274,3.1813333333332565,5,2,88.21599999999955,46.47749999999982,1,1.2
10,B,PREDATOR,188,103.27249999999856,500,3.1813333333332565,1,2,95.43999999999983,29.611249999999952,5,1.2
10,B,PREDATOR,189,-12.58999999999999,259,3.1813333333332565,2,2,85.29999999999944,61.38999999999988,4,1.2
10,B,PREDATOR,190,9.189166666666134,314,3.1813333333332565,4,2,85.86249999999947,41.13749999999972,2,1.2
10,B,PREDATOR,191,-12.159999999999998,216,3.1813333333332565,6,2,87.07999999999952,53.22999999999972,0,1.2
10,B,PREDATOR,192,-12.159999999999998,216,3.1813333333332565,5,2,93.51399999999975,62.93999999999923,1,1.2
10,B,PREDATOR,193,-12.209999999999997,221,3.1813333333332565,5,2,89.72199999999961,58.389999999999695,1,1.2
10,B,PREDATOR,194,-12.639999999999988,264,3.1813333333332565,6,2,92.87999999999973,43.87000000000003,0,1.2
10,B,PREDATOR,195,-12.53999999999999,254,3.1813333333332565,6,2,88.23999999999955,48.2199999999998,0,1.2
10,B,PREDATOR,196,-11.860000000000001,186,3.1813333333332565,3,3,85.80999999999945,40.119999999999926,3,1.2
10,B,PREDATOR,197,51.87499999999967,434,3.1813333333332565,3,2,87.31999999999952,26.770000000000092,3,1.2
10,B,PREDATOR,198,-12.949999999999982,295,3.1813333333332565,337,2,76.07623145400521,63.189999999999614,4,1.2
10,B,PREDATOR,199,-12.169999999999998,217,3.1813333333332565,6,2,89.00499999999958,45.91000000000021,0,1.2
10,B,PREDATOR,200,-12.699999999999987,270,3.1813333333332565,4,2,86.8899999999995,56.05124999999934,2,1.2
10,B,PREDATOR,201,4662.005833333297,500,3.1813333333332565,337,3,77.23198813056273,73.37999999999994,239,1.2
10,B,PREDATOR,202,-12.509999999999991,251,3.1813333333332565,4,2,91.86999999999969,69.74374999999888,2,1.2
10,B,PREDATOR,203,7.393333333333052,278,3.1813333333332565,5,2,90.09999999999962,45.63999999999989,1,1.2
10,B,PREDATOR,204,-12.219999999999997,222,3.1813333333332565,6,2,88.66999999999958,42.91000000000015,0,1.2
10,B,PREDATOR,205,-12.289999999999996,229,3.1813333333332565,5,2,89.5119999999996,53.456249999999756,1,1.2
10,B,PREDATOR,206,11.715833333332887,280,3.1813333333332565,5,2,87.27399999999952,39.10000000000019,1,1.2
10,B,PREDATOR,207,-12.189999999999998,219,3.1813333333332565,4,2,88.26249999999956,62.97374999999923,2,1.2
10,B,PREDATOR,208,-12.189999999999998,219,3.1813333333332565,5,2,88.83999999999958,50.499999999999844,1,1.2
10,B,PREDATOR,209,-12.269999999999996,227,3.1813333333332565,6,2,88.25999999999955,50.55999999999983,0,1.2
10,B,PREDATOR,210,-12.249999999999996,225,3.1813333333332565,5,2,90.98799999999967,54.069999999999695,1,1.2
10,B,PREDATOR,211,-12.289999999999996,229,3.1813333333332565,5,2,91.80999999999969,48.87000000000003,1,1.2
10,B,PREDATOR,212,-12.269999999999996,227,3.1813333333332565,5,2,87.47199999999953,52.239999999999725,1,1.2
10,B,PREDATOR,213,-12.289999999999996,229,3.1813333333332565,337,2,77.64136498516245,51.9699999999997,0,1.2
10,B,PREDATOR,214,-11.5,150,3.1813333333332565,6,3,91.66499999999968,36.599999999999795,0,1.2
10,B,PREDATOR,215,-12.259999999999996,226,3.1813333333332565,3,2,91.23999999999967,72.5199999999992,3,1.2
10,B,PREDATOR,216,-12.429999999999993,243,3.1813333333332565,6,2,91.53999999999968,35.890000000000455,0,1.2
10,B,PREDATOR,217,-12.349999999999994,235,3.1813333333332565,6,2,89.7699999999996,44.34999999999995,0,1.2
10,B,PREDATOR,218,-12.859999999999983,286,3.1813333333332565,4,2,95.73999999999984,52.83999999999973,2,1.2
10,B,PREDATOR,219,-12.239999999999997,224,3.1813333333332565,337,2,91.14145400593465,46.27000000000014,0,1.2
10,B,PREDATOR,220,-12.259999999999996,226,3.1813333333332565,337,2,87.79896142433209,56.891249999999644,1,1.2
10,B,PREDATOR,221,-12.319999999999995,232,3.1813333333332565,5,2,87.20199999999952,48.60999999999993,1,1.2
10,B,PREDATOR,222,-12.959999999999981,296,3.1813333333332565,5,2,87.79599999999954,42.2499999999999,1,1.2
10,B,PREDATOR,223,34.00750000000029,340,3.1813333333332565,4,2,88.92249999999959,26.050000000000512,2,1.2
10,B,PREDATOR,224,-12.629999999999988,263,3.1813333333332565,337,2,77.24020771513285,71.26000000000005,149,1.2
10,B,PREDATOR,225,11.350833333332814,330,3.1813333333332565,5,0,96.83199999999988,0.0,1,1.2
10,B,PREDATOR,226,-12.639999999999988,264,3.1813333333332565,337,2,79.59691394658692,55.77999999999935,1,1.2
10,B,PREDATOR,227,-12.689999999999987,269,3.1813333333332565,337,2,88.10103857566743,66.4299999999995,4,1.2
10,B,PREDATOR,228,-12.639999999999988,264,3.1813333333332565,7,2,95.04428571428541,32.9200000000004,0,1.2
10,B,PREDATOR,229,52.05499999999981,453,3.1813333333332565,2,1,87.30999999999952,35.49999999999979,4,1.2
10,B,PREDATOR,230,10.963333333332843,305,3.1813333333332565,3,2,95.83999999999985,52.14999999999959,3,1.2
10,B,PREDATOR,231,7.556666666666137,295,3.1813333333332565,4,2,91.18749999999966,56.219999999999146,2,1.2
10,B,PREDATOR,232,-12.179999999999998,218,3.1813333333332565,337,2,72.36884272996939,53.73999999999967,0,1.2
10,B,PREDATOR,233,-12.509999999999991,251,3.1813333333332565,12,2,86.74749999999987,50.46999999999977,1,1.2
10,B,PREDATOR,234,11.53333333333289,278,3.1813333333332565,337,2,83.5272700296731,47.58999999999975,1,1.2
10,B,PREDATOR,235,-12.509999999999991,251,3.1813333333332565,6,2,91.11499999999967,46.47999999999995,0,1.2
10,B,PREDATOR,236,-12.439999999999992,244,3.1813333333332565,6,2,87.88499999999954,48.369999999999834,0,1.2
10,B,PREDATOR,237,-12.259999999999996,226,3.1813333333332565,337,2,84.30940652818951,54.72999999999965,1,1.2
10,B,PREDATOR,238,-12.149999999999999,215,3.1813333333332565,5,2,90.53799999999964,55.50999999999975,1,1.2
10,B,PREDATOR,239,-12.249999999999996,225,3.1813333333332565,6,2,89.41499999999961,52.449999999999704,0,1.2
10,B,PREDATOR,240,31.024999999999615,381,3.1813333333332565,4,2,88.11999999999955,25.780000000000456,2,1.2
10,B,PREDATOR,241,-12.189999999999998,219,3.1813333333332565,6,2,89.03999999999958,50.31999999999988,0,1.2
10,B,PREDATOR,242,10.835833333332827,314,3.1813333333332565,5,2,94.97199999999981,41.31999999999995,1,1.2
10,B,PREDATOR,243,-13.189999999999976,319,3.1813333333332565,4,2,91.02249999999967,54.849999999999184,2,1.2
10,B,PREDATOR,244,-12.289999999999996,229,3.1813333333332565,6,2,91.66999999999969,46.42000000000007,0,1.2
10,B,PREDATOR,245,-12.259999999999996,226,3.1813333333332565,6,2,90.42999999999965,47.9799999999999,0,1.2
10,B,PREDATOR,246,-12.389999999999993,239,3.1813333333332565,5,2,88.90599999999958,51.76124999999975,1,1.2
10,B,PREDATOR,247,10.55333333333285,295,3.1813333333332565,5,2,89.91399999999962,42.69999999999999,1,1.2
10,B,PREDATOR,248,-12.359999999999994,236,3.1813333333332565,6,2,87.38499999999952,51.72999999999969,0,1.2
10,B,PREDATOR,249,406.007499999998,500,3.1813333333332565,337,3,90.13287833827765,75.6399999999999,34,1.2
10,B,PREDATOR,250,7.9083333333327825,327,3.1813333333332565,5,2,91.76799999999969,35.71000000000027,1,1.2
10,B,PREDATOR,251,-12.799999999999985,280,3.1813333333332565,5,2,92.96799999999973,58.74999999999918,1,1.2
10,B,PREDATOR,252,-12.52999999999999,253,3.1813333333332565,6,2,91.19499999999967,44.59000000000005,0,1.2
10,B,PREDATOR,253,-11.520000000000001,152,3.1813333333332565,3,3,95.19999999999982,42.13583333333327,3,1.2
10,B,PREDATOR,254,-12.52999999999999,253,3.1813333333332565,5,2,91.23399999999967,58.6799999999994,1,1.2
10,B,PREDATOR,255,-12.339999999999995,234,3.1813333333332565,337,2,81.88661721068196,65.83000000000007,20,1.2
10,B,PREDATOR,256,11.9783333333329,274,3.1813333333332565,4,2,95.57499999999983,47.504999999999725,2,1.2
10,B,PREDATOR,257,-12.339999999999995,234,3.1813333333332565,6,2,89.65999999999961,40.27000000000022,0,1.2
10,B,PREDATOR,258,-12.639999999999988,264,3.1813333333332565,337,2,88.16465875370895,52.719999999999644,1,1.2
10,B,PREDATOR,259,-12.349999999999994,235,3.1813333333332565,4,2,88.89999999999958,62.137499999999186,2,1.2
10,B,PREDATOR,260,11.4308333333329,268,3.1813333333332565,4,2,86.19249999999948,41.80124999999995,2,1.2
10,B,PREDATOR,261,10.165833333332808,339,3.1813333333332565,5,2,88.25199999999955,29.77000000000052,1,1.2
10,B,PREDATOR,262,-12.739999999999986,274,3.1813333333332565,337,2,85.8035608308601,59.77874999999915,1,1.2
10,B,PREDATOR,263,8.81416666666606,365,3.1813333333332565,4,2,92.37999999999971,37.959999999999866,2,1.2
10,B,PREDATOR,264,-12.789999999999985,279,3.1813333333332565,337,2,78.28617210682421,41.23000000000008,1,1.2
10,B,PREDATOR,265,-12.409999999999993,241,3.1813333333332565,337,2,77.80005934718024,38.08000000000043,0,1.2
10,B,PREDATOR,266,-12.939999999999982,294,3.1813333333332565,337,2,72.87106824925726,48.048749999999636,1,1.2
10,B,PREDATOR,267,-12.809999999999985,281,3.1813333333332565,337,2,80.94813056379763,68.44000000000024,70,1.2
10,B,PREDATOR,268,-12.789999999999985,279,3.1813333333332565,4,2,94.07499999999978,54.84999999999947,2,1.2
10,B,PREDATOR,269,-12.54999999999999,255,3.1813333333332565,337,1,81.87534124629022,90.07750000000009,4,1.2
10,B,PREDATOR,270,-12.159999999999998,216,3.1813333333332565,4,2,89.1024999999996,56.589999999999456,2,1.2
10,B,PREDATOR,271,-12.159999999999998,216,3.1813333333332565,6,2,87.70499999999954,49.02999999999998,0,1.2
10,B,PREDATOR,272,31.859166666666816,416,3.1813333333332565,3,2,84.22999999999941,42.9099999999994,3,1.2
10,B,PREDATOR,273,-12.99999999999998,300,3.1813333333332565,6,2,91.45999999999968,37.75000000000026,0,1.2
10,B,PREDATOR,274,-12.609999999999989,261,3.1813333333332565,4,2,85.98999999999947,58.61374999999924,2,1.2
10,B,PREDATOR,275,-11.280000000000001,128,3.1813333333332565,2,3,92.0349999999997,62.41999999999984,4,1.2
10,B,PREDATOR,276,-12.129999999999999,213,3.1813333333332565,6,2,92.6549999999997,42.34000000000034,0,1.2
10,B,PREDATOR,277,-12.139999999999999,214,3.1813333333332565,337,2,77.33792284866468,44.170000000000186,0,1.2
10,B,PREDATOR,278,30.08500000000044,460,3.1813333333332565,45,2,91.0393333333333,27.099999999999913,2,1.2
10,B,PREDATOR,279,-13.289999999999974,329,3.1813333333332565,5,2,92.97999999999973,42.18999999999987,1,1.2
10,B,PREDATOR,280,6.365833333332775,395,3.1813333333332565,5,2,84.98199999999943,35.7999999999999,1,1.2
10,B,PREDATOR,281,9.825833333332708,388,3.1813333333332565,5,2,90.20199999999963,27.94000000000017,1,1.2
10,B,PREDATOR,282,-12.509999999999991,251,3.1813333333332565,6,2,88.89999999999958,38.380000000000265,0,1.2
10,B,PREDATOR,283,1857.942499999974,500,3.1813333333332565,337,2,79.16008902077047,56.709999999999944,97,1.2
10,B,PREDATOR,284,-12.459999999999992,246,3.1813333333332565,5,2,87.57999999999953,60.4899999999995,1,1.2
10,B,PREDATOR,285,-11.450000000000001,145,3.1813333333332565,4,3,88.17999999999955,42.93666666666695,2,1.2
10,B,PREDATOR,286,-13.109999999999978,311,3.1813333333332565,6,2,89.3749999999996,34.48000000000037,0,1.2
10,B,PREDATOR,287,-12.489999999999991,249,3.1813333333332565,4,2,86.75499999999951,53.98124999999965,2,1.2
10,B,PREDATOR,288,-12.759999999999986,276,3.1813333333332565,337,2,69.07537091988047,94.44999999999979,55,1.2
10,B,PREDATOR,289,-12.189999999999998,219,3.1813333333332565,4,2,91.46499999999968,60.30999999999982,2,1.2
10,B,PREDATOR,290,-12.509999999999991,251,3.1813333333332565,5,2,86.9379999999995,47.559999999999846,1,1.2
10,B,PREDATOR,291,-12.239999999999997,224,3.1813333333332565,5,2,88.33599999999956,51.7199999999998,1,1.2
10,B,PREDATOR,292,-12.319999999999995,232,3.1813333333332565,337,2,86.69955489614209,83.76999999999956,145,1.2
10,B,PREDATOR,293,9.616666666666001,413,3.1813333333332565,4,2,88.41999999999956,33.100000000000065,2,1.2
10,B,PREDATOR,294,-12.619999999999989,262,3.1813333333332565,337,2,83.31922848664641,39.76000000000023,0,1.2
10,B,PREDATOR,295,8.818333333332825,293,3.1813333333332565,5,2,95.34399999999982,39.94000000000014,1,1.2
10,B,PREDATOR,296,-13.00999999999998,301,3.1813333333332565,4,2,94.13499999999978,66.99999999999986,3,1.2
10,B,PREDATOR,297,-12.889999999999983,289,3.1813333333332565,337,2,81.54709198812995,42.95999999999989,1,1.2
10,B,PREDATOR,298,12.374999999999721,331,3.1813333333332565,337,2,74.82175074183901,43.7062499999996,2,1.2
10,B,PREDATOR,299,562.655,500,3.1813333333332565,337,66,88.23474777448058,66.36431818181819,1041,1.2
10,B,PREDATOR,300,12.1033333333329,275,3.1813333333332565,4,2,88.74999999999957,54.75374999999936,2,1.2
10,B,PREDATOR,301,62.027500000000465,500,3.1813333333332565,2,2,97.2249999999999,36.011249999999464,4,1.2
10,B,PREDATOR,302,-13.139999999999977,314,3.1813333333332565,5,2,97.73199999999991,39.96999999999984,1,1.2
10,B,PREDATOR,303,-12.479999999999992,248,3.1813333333332565,337,2,89.98534124629057,72.97,26,1.2
10,B,PREDATOR,304,-12.169999999999998,217,3.1813333333332565,6,2,89.5599999999996,53.25999999999967,0,1.2
10,B,PREDATOR,305,-11.48,148,3.1813333333332565,5,3,92.57199999999973,35.07833333333323,1,1.2
10,B,PREDATOR,306,10.563333333332812,321,3.1813333333332565,4,2,93.03249999999974,50.54999999999937,2,1.2
10,B,PREDATOR,307,-12.429999999999993,243,3.1813333333332565,4,2,92.0424999999997,60.459999999999766,2,1.2
10,B,PREDATOR,308,10.92083333333286,292,3.1813333333332565,3,2,90.02999999999963,65.02624999999868,3,1.2
10,B,PREDATOR,309,-12.349999999999994,235,3.1813333333332565,122,2,82.41499999999998,80.20124999999965,25,1.2
10,B,PREDATOR,310,-12.289999999999996,229,3.1813333333332565,6,2,89.5699999999996,45.52000000000015,0,1.2
10,B,PREDATOR,311,10.539999999999674,348,3.1813333333332565,3,2,94.95999999999981,41.07999999999994,3,1.2
10,B,PREDATOR,312,-12.879999999999983,288,3.1813333333332565,5,2,95.32599999999982,43.99000000000002,1,1.2
10,B,PREDATOR,313,-13.069999999999979,307,3.1813333333332565,4,2,92.84499999999973,47.4399999999997,2,1.2
10,B,PREDATOR,314,7.38749999999944,316,3.1813333333332565,3,2,92.2599999999997,54.12999999999931,3,1.2
10,B,PREDATOR,315,-13.209999999999976,321,3.1813333333332565,337,2,82.1663204747766,73.26999999999987,51,1.2
10,B,PREDATOR,316,-12.97999999999998,298,3.1813333333332565,4,2,91.38999999999967,58.84124999999902,2,1.2
10,B,PREDATOR,317,9.37916666666609,349,3.1813333333332565,4,2,87.50499999999954,39.57999999999996,2,1.2
10,B,PREDATOR,318,32.832500000000394,408,3.1813333333332565,4,2,90.18999999999963,27.19000000000017,2,1.2
10,B,PREDATOR,319,-12.449999999999992,245,3.1813333333332565,4,2,90.51249999999965,57.099999999999724,2,1.2
10,B,PREDATOR,320,-13.05999999999998,306,3.1813333333332565,5,2,88.91199999999958,50.31749999999947,1,1.2
10,B,PREDATOR,321,10.53083333333276,358,3.1813333333332565,44,2,87.01590909090905,45.27374999999946,2,1.2
10,B,PREDATOR,322,-13.109999999999978,311,3.1813333333332565,5,2,93.32799999999975,44.58999999999967,1,1.2
10,B,PREDATOR,323,-12.239999999999997,224,3.1813333333332565,5,2,87.43599999999952,52.62999999999981,1,1.2
10,B,PREDATOR,324,10.378333333332728,380,3.1813333333332565,5,2,89.72199999999961,23.950000000000323,1,1.2
10,B,PREDATOR,325,-12.259999999999996,226,3.1813333333332565,337,2,82.55255192878289,44.98000000000001,0,1.2
10,B,PREDATOR,326,-12.53999999999999,254,3.1813333333332565,337,2,77.97415430266989,44.77000000000004,0,1.2
10,B,PREDATOR,327,-12.359999999999994,236,3.1813333333332565,6,2,89.95999999999962,50.979999999999755,0,1.2
10,B,PREDATOR,328,110.3524999999975,500,3.1813333333332565,1,3,79.95999999999924,31.1316666666665,5,1.2
10,B,PREDATOR,329,-12.629999999999988,263,3.1813333333332565,5,2,83.75799999999938,60.63374999999918,1,1.2
10,B,PREDATOR,330,-13.659999999999966,366,3.1813333333332565,3,2,93.52999999999975,52.29999999999945,3,1.2
10,B,PREDATOR,331,9.693333333332676,408,3.1813333333332565,337,1,79.44391691394526,33.6399999999999,1,1.2
10,B,PREDATOR,332,-14.359999999999951,436,3.1813333333332565,2,2,89.79999999999961,43.44999999999946,4,1.2
10,B,PREDATOR,333,3211.6449999999813,500,3.1813333333332565,337,2,72.43385756676435,65.93249999999989,135,1.2
10,B,PREDATOR,334,55.27499999999821,439,3.1813333333332565,3,2,88.99999999999959,3.970000000000458,3,1.2
10,B,PREDATOR,335,28.55000000000038,489,3.1813333333332565,4,1,88.96749999999957,23.01999999999997,2,1.2
10,B,PREDATOR,336,-12.809999999999985,281,3.1813333333332565,337,2,81.97445103857513,31.18000000000044,0,1.2
10,B,PREDATOR,337,-12.54999999999999,255,3.1813333333332565,4,2,88.65999999999957,61.71999999999974,2,1.2
10,B,PREDATOR,338,-13.00999999999998,301,3.1813333333332565,337,2,78.78854599406466,42.05249999999973,1,1.2
10,B,PREDATOR,339,-12.239999999999997,224,3.1813333333332565,337,2,90.51703264094932,50.169999999999874,0,1.2
10,B,PREDATOR,340,2710.3674999999585,500,3.1813333333332565,337,1,81.87017804154226,100.0,145,1.2
10,B,PREDATOR,341,30.673333333333744,455,3.1813333333332565,2,2,93.33999999999975,43.481249999999136,4,1.2
10,B,PREDATOR,342,-12.709999999999987,271,3.1813333333332565,337,2,77.55195845697257,76.26999999999978,81,1.2
10,B,PREDATOR,343,547.0449999999981,500,3.1813333333332565,337,2,80.51326409495427,93.21749999999963,95,1.2
10,B,PREDATOR,344,-12.399999999999993,240,3.1813333333332565,5,2,87.89799999999954,62.34374999999923,1,1.2
10,B,PREDATOR,345,-12.479999999999992,248,3.1813333333332565,337,2,84.49252225519251,69.78999999999915,3,1.2
10,B,PREDATOR,346,-12.189999999999998,219,3.1813333333332565,5,2,91.49799999999968,60.42999999999934,1,1.2
10,B,PREDATOR,347,-12.179999999999998,218,3.1813333333332565,18,2,89.68777777777765,46.989999999999924,0,1.2
10,B,PREDATOR,348,-12.56999999999999,257,3.1813333333332565,4,2,90.33999999999963,47.29000000000002,2,1.2
10,B,PREDATOR,349,10.529166666666155,315,3.1813333333332565,3,2,90.77999999999965,49.899999999999764,3,1.2
10,B,PREDATOR,350,11.570833333332883,281,3.1813333333332565,5,2,84.0459999999994,41.080000000000155,1,1.2
10,B,PREDATOR,351,-12.209999999999997,221,3.1813333333332565,4,2,88.17999999999955,64.93874999999932,2,1.2
10,B,PREDATOR,352,-12.159999999999998,216,3.1813333333332565,4,2,89.75499999999961,56.46999999999983,2,1.2
10,B,PREDATOR,353,-12.349999999999994,235,3.1813333333332565,337,2,83.02997032640904,37.15000000000043,0,1.2
10,B,PREDATOR,354,8.842499999999417,346,3.1813333333332565,3,2,86.32999999999947,48.24999999999946,3,1.2
10,B,PREDATOR,355,-12.58999999999999,259,3.1813333333332565,4,2,85.89999999999947,65.43999999999892,2,1.2
10,B,PREDATOR,356,261.102500000001,500,3.1813333333332565,337,2,81.75106824925705,53.497499999999235,14,1.2
10,B,PREDATOR,357,-13.109999999999978,311,3.1813333333332565,5,2,87.58599999999953,37.03000000000011,1,1.2
10,B,PREDATOR,358,83.81916666666471,500,3.1813333333332565,1,3,91.47999999999968,31.05999999999968,5,1.2
10,B,PREDATOR,359,-13.099999999999978,310,3.1813333333332565,6,2,90.30999999999965,34.15000000000019,0,1.2
10,B,PREDATOR,360,-12.199999999999998,220,3.1813333333332565,6,2,87.28499999999951,53.0499999999997,0,1.2
10,B,PREDATOR,361,-12.249999999999996,225,3.1813333333332565,5,2,88.25199999999955,51.21999999999986,1,1.2
10,B,PREDATOR,362,-12.219999999999997,222,3.1813333333332565,5,2,89.4279999999996,55.85249999999955,1,1.2
10,B,PREDATOR,363,-12.859999999999983,286,3.1813333333332565,62,2,94.26016129032253,47.24249999999978,1,1.2
10,B,PREDATOR,364,-12.809999999999985,281,3.1813333333332565,5,2,84.93399999999943,49.329999999999686,1,1.2
10,B,PREDATOR,365,12.168333333333011,282,3.1813333333332565,4,2,97.2399999999999,34.277500000000074,2,1.2
10,B,PREDATOR,366,-13.209999999999976,321,3.1813333333332565,5,2,89.90199999999962,48.007499999999695,1,1.2
10,B,PREDATOR,367,9.54583333333264,440,3.1813333333332565,5,1,94.17999999999978,28.00000000000002,1,1.2
10,B,PREDATOR,368,-13.04999999999998,305,3.1813333333332565,337,2,79.56068249258101,65.89000000000027,101,1.2
10,B,PREDATOR,369,-12.789999999999985,279,3.1813333333332565,337,2,82.93931750741788,31.870000000000523,0,1.2
10,B,PREDATOR,370,11.665833333332879,285,3.1813333333332565,3,2,91.51999999999968,49.959999999999695,3,1.2
10,B,PREDATOR,371,1201.5799999999965,500,3.1813333333332565,337,2,74.26605341246157,64.82625000000017,52,1.2
10,B,PREDATOR,372,-12.489999999999991,249,3.1813333333332565,7,2,89.42285714285676,44.770000000000095,0,1.2
10,B,PREDATOR,373,9.510833333332753,352,3.1813333333332565,4,2,92.1099999999997,36.10874999999977,2,1.2
10,B,PREDATOR,374,133.24000000000188,500,3.1813333333332565,337,3,77.70403560830755,51.73999999999973,300,1.2
10,B,PREDATOR,375,8.684999999999372,409,3.1813333333332565,2,2,88.71999999999957,33.850000000000016,4,1.2
10,B,PREDATOR,376,9.454999999999684,360,3.1813333333332565,0,2,0.0,46.86999999999968,17,1.2
10,B,PREDATOR,377,2889.9699999999516,500,3.1813333333332565,337,28,84.0614243323436,61.76919642857142,478,1.2
10,B,PREDATOR,378,-12.53999999999999,254,3.1813333333332565,6,2,90.70999999999965,37.87000000000036,0,1.2
10,B,PREDATOR,379,10.905833333332799,334,3.1813333333332565,5,2,92.1159999999997,32.77000000000034,1,1.2
10,B,PREDATOR,380,11.835833333332905,268,3.1813333333332565,5,2,90.11199999999963,44.14000000000001,1,1.2
10,B,PREDATOR,381,6.481666666665999,383,3.1813333333332565,4,2,86.51499999999949,29.770000000000206,2,1.2
10,B,PREDATOR,382,-12.799999999999985,280,3.1813333333332565,4,2,87.77499999999954,54.4899999999996,2,1.2
10,B,PREDATOR,383,11.208333333332819,324,3.1813333333332565,4,2,92.1849999999997,45.165000000000234,2,1.2
10,B,PREDATOR,384,-13.159999999999977,316,3.1813333333332565,337,2,76.11201780415355,61.852499999998805,2,1.2
10,B,PREDATOR,385,-12.329999999999995,233,3.1813333333332565,6,2,89.40999999999958,45.489999999999924,0,1.2
10,B,PREDATOR,386,36.67500000000051,287,3.1813333333332565,3,2,83.40999999999937,47.50874999999976,3,1.2
10,B,PREDATOR,387,-12.269999999999996,227,3.1813333333332565,337,2,83.51020771513305,78.21999999999974,71,1.2
10,B,PREDATOR,388,-12.209999999999997,221,3.1813333333332565,5,2,88.79799999999958,59.351249999999354,1,1.2
10,B,PREDATOR,389,-12.209999999999997,221,3.1813333333332565,5,2,89.3679999999996,59.4699999999994,1,1.2
10,B,PREDATOR,390,28.69249999999984,354,3.1813333333332565,4,2,92.49999999999972,30.520000000000334,2,1.2
10,B,PREDATOR,391,-13.389999999999972,339,3.1813333333332565,6,2,91.49499999999968,30.070000000000228,0,1.2
10,B,PREDATOR,392,5636.014999999963,500,3.1813333333332565,337,2,81.31940652818903,60.39999999999997,243,1.2
10,B,PREDATOR,393,11.7133333333328,341,3.1813333333332565,4,2,94.41999999999979,46.21499999999952,2,1.2
10,B,PREDATOR,394,-13.359999999999973,336,3.1813333333332565,4,2,88.72749999999958,46.34999999999988,2,1.2
10,B,PREDATOR,395,-12.719999999999986,272,3.1813333333332565,4,2,88.78749999999958,52.86874999999961,2,1.2
10,B,PREDATOR,396,-12.149999999999999,215,3.1813333333332565,337,2,90.24908011869422,44.2000000000002,0,1.2
10,B,PREDATOR,397,11.433333333332795,342,3.1813333333332565,5,2,91.25799999999967,40.359999999999864,1,1.2
10,B,PREDATOR,398,10.030833333332795,327,3.1813333333332565,337,2,72.39091988130474,29.410000000000366,1,1.2
10,B,PREDATOR,399,30.285000000000387,461,3.1813333333332565,4,1,96.78999999999988,21.580000000000066,2,1.2
10,B,PREDATOR,400,-12.209999999999997,221,3.1813333333332565,6,2,93.67499999999977,45.43000000000008,0,1.2
10,B,PREDATOR,401,-11.25,125,3.1813333333332565,4,3,89.2824999999996,43.79916666666668,2,1.2
10,B,PREDATOR,402,30.908333333333786,433,3.1813333333332565,2,2,82.95999999999935,31.63000000000002,4,1.2
10,B,PREDATOR,403,-12.439999999999992,244,3.1813333333332565,337,2,88.23721068249233,43.87000000000018,0,1.2
10,B,PREDATOR,404,62.559999999999754,500,3.1813333333332565,2,2,86.8449999999995,28.6499999999996,4,1.2
10,B,PREDATOR,405,-12.609999999999989,261,3.1813333333332565,5,2,89.75199999999961,46.98999999999988,1,1.2
10,B,PREDATOR,406,-12.149999999999999,215,3.1813333333332565,5,2,91.53399999999968,57.51999999999956,1,1.2
10,B,PREDATOR,407,31.737499999999713,402,3.1813333333332565,4,2,91.17999999999967,23.410000000000434,2,1.2
10,B,PREDATOR,408,-12.58999999999999,259,3.1813333333332565,337,2,76.06991097922769,50.91999999999963,0,1.2
10,B,PREDATOR,409,9.616666666666207,357,3.1813333333332565,337,2,72.6918991097914,43.3762499999996,2,1.2
10,B,PREDATOR,410,12.799999999999711,341,3.1813333333332565,337,2,74.65424332344135,48.669999999999476,2,1.2
10,B,PREDATOR,411,-13.089999999999979,309,3.1813333333332565,337,2,68.73958456973189,42.7237499999997,1,1.2
10,B,PREDATOR,412,59.29500000000014,500,3.1813333333332565,3,2,86.5999999999995,21.752499999999433,3,1.2
10,B,PREDATOR,413,31.16999999999984,392,3.1813333333332565,4,2,88.44999999999956,22.960000000000257,2,1.2
10,B,PREDATOR,414,-12.639999999999988,264,3.1813333333332565,5,2,87.26199999999952,49.45499999999967,1,1.2
10,B,PREDATOR,415,88.01166666666538,500,3.1813333333332565,1,3,93.03999999999974,26.488333333333287,5,1.2
10,B,PREDATOR,416,55.31749999999911,434,3.1813333333332565,3,1,85.85999999999946,28.120000000000033,3,1.2
10,B,PREDATOR,417,66.02999999999908,500,3.1813333333332565,3,3,89.75999999999961,11.180000000000105,3,1.2
10,B,PREDATOR,418,12.879999999999724,339,3.1813333333332565,337,2,79.54816023738788,51.00999999999947,4,1.2
10,B,PREDATOR,419,-12.449999999999992,245,3.1813333333332565,337,2,90.76471810089005,40.15000000000016,0,1.2
10,B,PREDATOR,420,3113.2374999999843,500,3.1813333333332565,337,2,75.03044510385637,63.93999999999997,132,1.2
10,B,PREDATOR,421,39.174166666666295,500,3.1813333333332565,3,2,87.64999999999952,27.564999999999685,3,1.2
10,B,PREDATOR,422,31.021666666666654,430,3.1813333333332565,3,1,89.19999999999959,39.04249999999946,3,1.2
10,B,PREDATOR,423,-11.56,156,3.1813333333332565,5,1,89.74599999999961,68.1874999999997,1,1.2
10,B,PREDATOR,424,-12.179999999999998,218,3.1813333333332565,4,2,86.94249999999951,67.99874999999908,2,1.2
10,B,PREDATOR,425,10.999166666666111,349,3.1813333333332565,4,2,88.71249999999958,31.93000000000012,2,1.2
10,B,PREDATOR,426,-12.249999999999996,225,3.1813333333332565,6,2,92.49999999999972,46.60000000000012,0,1.2
10,B,PREDATOR,427,-12.389999999999993,239,3.1813333333332565,6,2,90.00999999999961,41.17000000000023,0,1.2
10,B,PREDATOR,428,-12.419999999999993,242,3.1813333333332565,337,2,72.29100890207627,80.03624999999964,40,1.2
10,B,PREDATOR,429,-12.459999999999992,246,3.1813333333332565,4,2,90.51249999999965,56.03999999999958,2,1.2
10,B,PREDATOR,430,-12.309999999999995,231,3.1813333333332565,6,2,88.54999999999957,49.47999999999989,0,1.2
10,B,PREDATOR,431,-12.319999999999995,232,3.1813333333332565,5,2,86.42199999999949,51.483749999999844,1,1.2
10,B,PREDATOR,432,-12.379999999999994,238,3.1813333333332565,3,2,89.27999999999959,68.2499999999998,3,1.2
10,B,PREDATOR,433,29.23000000000038,424,3.1813333333332565,4,1,88.38999999999956,2.320000000000438,2,1.2
10,B,PREDATOR,434,10.67999999999943,358,3.1813333333332565,337,2,78.9444510385751,78.12999999999941,127,1.2
10,B,PREDATOR,435,356.22833333333375,500,3.1813333333332565,1,2,85.95999999999947,55.93124999999972,16,1.2
10,B,PREDATOR,436,5693.849166666637,500,3.1813333333332565,337,3,82.36035608308528,52.67999999999983,246,1.2
10,B,PREDATOR,437,-12.209999999999997,221,3.1813333333332565,5,2,84.95799999999943,49.53374999999978,1,1.2
10,B,PREDATOR,438,7.245833333332746,401,3.1813333333332565,2,2,91.83999999999969,58.26999999999886,4,1.2
10,B,PREDATOR,439,42.649999999999835,500,3.1813333333332565,1,3,89.79999999999961,28.964999999999474,5,1.2
10,B,PREDATOR,440,11.680833333332826,324,3.1813333333332565,3,2,86.44999999999948,56.01999999999933,3,1.2
10,B,PREDATOR,441,11.21833333333282,323,3.1813333333332565,3,2,93.37999999999975,63.176249999998554,3,1.2
10,B,PREDATOR,442,11.47166666666624,349,3.1813333333332565,4,2,91.7424999999997,40.149999999999714,2,1.2
10,B,PREDATOR,443,-12.689999999999987,269,3.1813333333332565,3,2,81.85999999999932,63.249999999999375,3,1.2
10,B,PREDATOR,444,31.65666666666673,398,3.1813333333332565,3,2,87.63999999999953,31.181249999999743,3,1.2
10,B,PREDATOR,445,85.0358333333329,500,3.1813333333332565,2,2,96.51999999999987,33.2649999999998,4,1.2
10,B,PREDATOR,446,33.71749999999981,477,3.1813333333332565,4,2,91.65999999999968,22.660000000000018,2,1.2
10,B,PREDATOR,447,41.02000000000009,500,3.1813333333332565,4,3,94.34499999999979,17.066666666666816,2,1.2
10,B,PREDATOR,448,2029.4099999999955,500,3.1813333333332565,337,3,71.90445103857428,46.28833333333307,87,1.2
10,B,PREDATOR,449,-12.189999999999998,219,3.1813333333332565,5,2,85.04799999999945,50.73999999999984,1,1.2
10,B,PREDATOR,450,-12.469999999999992,247,3.1813333333332565,5,2,89.5479999999996,60.506249999999284,1,1.2
10,B,PREDATOR,451,-12.339999999999995,234,3.1813333333332565,337,2,91.0510979228486,51.72999999999971,1,1.2
10,B,PREDATOR,452,-12.619999999999989,262,3.1813333333332565,4,2,88.08999999999955,58.749999999999716,2,1.2
10,B,PREDATOR,453,-12.609999999999989,261,3.1813333333332565,337,2,79.43824925815963,52.83999999999957,2,1.2
10,B,PREDATOR,454,10.940833333332863,290,3.1813333333332565,5,2,90.23199999999963,44.499999999999844,1,1.2
10,B,PREDATOR,455,-12.169999999999998,217,3.1813333333332565,5,2,90.67599999999965,52.99499999999969,1,1.2
10,B,PREDATOR,456,-12.609999999999989,261,3.1813333333332565,6,2,88.00999999999954,44.97999999999999,0,1.2
10,B,PREDATOR,457,33.28250000000033,336,3.1813333333332565,4,2,86.34999999999948,30.130000000000287,2,1.2
10,B,PREDATOR,458,-12.759999999999986,276,3.1813333333332565,5,2,89.4579999999996,52.96499999999946,1,1.2
10,B,PREDATOR,459,-12.99999999999998,300,3.1813333333332565,6,2,90.96999999999964,32.80000000000041,0,1.2
10,B,PREDATOR,460,-12.389999999999993,239,3.1813333333332565,5,2,89.4159999999996,56.59874999999943,1,1.2
10,B,PREDATOR,461,9.714166666666008,410,3.1813333333332565,4,2,84.4449999999994,36.27999999999983,2,1.2
10,B,PREDATOR,462,-13.319999999999974,332,3.1813333333332565,5,2,96.28599999999986,42.68625000000034,1,1.2
10,B,PREDATOR,463,-12.599999999999989,260,3.1813333333332565,6,2,88.42999999999957,47.94999999999983,0,1.2
10,B,PREDATOR,464,-12.809999999999985,281,3.1813333333332565,4,2,92.72499999999972,53.649999999999764,2,1.2
10,B,PREDATOR,465,-12.99999999999998,300,3.1813333333332565,5,2,86.9379999999995,47.01999999999978,1,1.2
10,B,PREDATOR,466,-13.00999999999998,301,3.1813333333332565,337,0,80.63999999999939,0.0,0,1.2
10,B,PREDATOR,467,-12.169999999999998,217,3.1813333333332565,6,2,88.33999999999956,44.11000000000012,0,1.2
10,B,PREDATOR,468,10.250833333332716,386,3.1813333333332565,4,2,88.05999999999955,32.47500000000005,2,1.2
10,B,PREDATOR,469,3896.9633333333045,500,3.1813333333332565,337,2,76.18682492581529,52.84000000000008,189,1.2
10,B,PREDATOR,470,-12.239999999999997,224,3.1813333333332565,13,2,87.89230769230757,50.22999999999993,1,1.2
10,B,PREDATOR,471,10.898333333332845,301,3.1813333333332565,5,2,87.72999999999954,27.880000000000393,1,1.2
10,B,PREDATOR,472,5617.00249999995,500,3.1813333333332565,337,1,83.15317507418322,99.63999999999999,246,1.2
10,B,PREDATOR,473,-13.389999999999972,339,3.1813333333332565,6,2,91.65499999999969,29.62000000000029,0,1.2
10,B,PREDATOR,474,-12.55999999999999,256,3.1813333333332565,6,2,88.50999999999958,36.73000000000045,0,1.2
10,B,PREDATOR,475,-13.00999999999998,301,3.1813333333332565,337,2,91.27543026706223,69.04000000000013,42,1.2
10,B,PREDATOR,476,-12.289999999999996,229,3.1813333333332565,6,2,86.91499999999951,52.569999999999666,0,1.2
10,B,PREDATOR,477,6.943333333332669,386,3.1813333333332565,337,2,79.2522848664681,55.9900000000002,206,1.2
10,B,PREDATOR,478,-13.159999999999977,316,3.1813333333332565,6,2,89.92999999999961,30.430000000000497,0,1.2
10,B,PREDATOR,479,-12.749999999999986,275,3.1813333333332565,6,2,88.39999999999957,34.300000000000374,0,1.2
10,B,PREDATOR,480,-12.129999999999999,213,3.1813333333332565,337,2,80.58667655786299,69.2500000000001,66,1.2
10,B,PREDATOR,481,-12.439999999999992,244,3.1813333333332565,6,2,91.14499999999968,48.21999999999989,0,1.2
10,B,PREDATOR,482,-12.859999999999983,286,3.1813333333332565,4,2,87.93999999999954,59.409999999999144,2,1.2
10,B,PREDATOR,483,-12.909999999999982,291,3.1813333333332565,6,2,92.73999999999972,36.88000000000038,0,1.2
10,B,PREDATOR,484,-11.290000000000001,129,3.1813333333332565,6,1,95.43999999999983,46.72000000000019,0,1.2
10,B,PREDATOR,485,-13.03999999999998,304,3.1813333333332565,4,2,89.21499999999959,44.829999999999906,2,1.2
10,B,PREDATOR,486,-12.889999999999983,289,3.1813333333332565,4,2,93.86499999999977,57.249999999999744,2,1.2
10,B,PREDATOR,487,48.041666666666956,464,3.1813333333332565,2,2,86.48499999999949,23.114999999999664,4,1.2
10,B,PREDATOR,488,-12.509999999999991,251,3.1813333333332565,4,2,87.51249999999953,65.58999999999901,2,1.2
10,B,PREDATOR,489,11.108333333332771,358,3.1813333333332565,337,2,72.20041543026625,60.22000000000019,82,1.2
10,B,PREDATOR,490,11.535833333332898,271,3.1813333333332565,3,2,97.51999999999991,60.60874999999963,3,1.2
10,B,PREDATOR,491,-12.309999999999995,231,3.1813333333332565,5,2,88.85199999999958,54.339999999999705,1,1.2
10,B,PREDATOR,492,-12.889999999999983,289,3.1813333333332565,6,2,90.50499999999964,45.06999999999985,0,1.2
10,B,PREDATOR,493,26.452499999999986,499,3.1813333333332565,1,2,99.27999999999997,42.32999999999914,5,1.2
10,B,PREDATOR,494,-13.50999999999997,351,3.1813333333332565,6,2,93.00999999999972,32.530000000000136,0,1.2
10,B,PREDATOR,495,75.7283333333311,484,3.1813333333332565,2,1,89.97999999999962,26.019999999999882,4,1.2
10,B,PREDATOR,496,-12.409999999999993,241,3.1813333333332565,6,2,88.28999999999955,45.43000000000008,0,1.2
10,B,PREDATOR,497,-12.389999999999993,239,3.1813333333332565,337,2,89.20554896142406,68.26000000000016,38,1.2
10,B,PREDATOR,498,-12.98999999999998,299,3.1813333333332565,4,2,92.82999999999973,52.98999999999943,2,1.2
10,B,PREDATOR,499,9.189166666666173,287,3.1813333333332565,4,2,85.96749999999946,42.43000000000014,2,1.2
10,B,PREDATOR,500,-12.259999999999996,226,3.1813333333332565,337,2,84.23056379821912,97.5399999999999,76,1.2
