cycle,phase,agent_type,episode,reward,steps,eval_reward,prey_population,predator_population,avg_prey_energy,avg_predator_energy,predation_events,eval_predation_events
1,A,PREY,1,1634.5900000000045,500,18232.296999999846,6,2,99.52999999999997,20.535000000000245,1,1.5
1,A,PREY,2,2674.329999999979,500,18232.296999999846,5,2,99.59799999999998,10.689999999999898,2,1.5
1,A,PREY,3,1745.7700000000027,329,18232.296999999846,337,47,95.82548961424324,65.20952127659574,242,1.5
1,A,PREY,4,1994.5000000000045,500,18232.296999999846,5,2,98.97999999999996,25.625000000000206,2,1.5
1,A,PREY,5,56.199999999999996,28,18232.296999999846,5,2,100.0,99.39999999999999,2,1.5
1,A,PREY,6,2314.419999999996,500,18232.296999999846,6,1,99.865,28.962499999999892,1,1.5
1,A,PREY,7,2274.4299999999994,500,18232.296999999846,6,2,99.865,11.535000000000089,1,1.5
1,A,PREY,8,2274.4299999999953,500,18232.296999999846,6,2,100.0,12.551249999999825,1,1.5
1,A,PREY,9,2834.289999999981,500,18232.296999999846,6,2,99.82,16.346250000000246,1,1.5
1,A,PREY,10,3074.2299999999827,500,18232.296999999846,338,2,75.6537869822485,66.22375000000007,6,1.5
1,A,PREY,11,2994.2499999999745,500,18232.296999999846,6,2,99.63999999999999,13.03499999999999,1,1.5
1,A,PREY,12,3394.1499999999683,500,18232.296999999846,338,2,80.4913017751472,29.324999999999655,2,1.5
1,A,PREY,13,3114.219999999972,500,18232.296999999846,5,2,99.59799999999998,21.60499999999969,2,1.5
1,A,PREY,14,3074.229999999974,500,18232.296999999846,7,2,99.63571428571427,5.650000000000456,0,1.5
1,A,PREY,15,2714.319999999976,500,18232.296999999846,6,2,99.71499999999999,21.2700000000004,1,1.5
1,A,PREY,16,3434.1399999999653,500,18232.296999999846,338,2,99.95153846153845,60.43124999999973,5,1.5
1,A,PREY,17,2954.2599999999716,500,18232.296999999846,5,2,99.946,28.724999999999977,2,1.5
1,A,PREY,18,3594.09999999997,500,18232.296999999846,6,2,99.91000000000001,30.729999999999528,1,1.5
1,A,PREY,19,3114.21999999997,500,18232.296999999846,7,2,99.7685714285714,4.300000000000165,0,1.5
1,A,PREY,20,307.89000000000016,53,18232.296999999846,6,2,100.0,80.62124999999986,1,1.5
1,A,PREY,21,3634.0899999999497,500,18232.296999999846,5,1,99.41199999999998,58.83999999999887,2,1.5
1,A,PREY,22,3674.079999999963,500,18232.296999999846,5,2,100.0,25.64999999999982,2,1.5
1,A,PREY,23,3474.129999999974,500,18232.296999999846,7,1,99.61428571428571,9.699999999999923,0,1.5
1,A,PREY,24,3834.039999999957,500,18232.296999999846,5,2,99.21999999999997,23.191250000000558,2,1.5
1,A,PREY,25,3634.089999999978,500,18232.296999999846,6,2,99.71,23.979999999999702,1,1.5
1,A,PREY,26,4273.929999999952,500,18232.296999999846,7,2,99.96142857142857,8.199999999999985,0,1.5
1,A,PREY,27,2784.7899999999786,401,18232.296999999846,4,2,100.0,49.88624999999983,3,1.5
1,A,PREY,28,628.3600000000007,98,18232.296999999846,5,2,100.0,87.1349999999998,2,1.5
1,A,PREY,29,109.27999999999997,19,18232.296999999846,6,2,100.0,90.15999999999997,1,1.5
1,A,PREY,30,148.6300000000001,33,18232.296999999846,5,2,100.0,96.34499999999994,2,1.5
1,A,PREY,31,4793.79999999994,500,18232.296999999846,6,2,99.98,13.094999999999963,1,1.5
1,A,PREY,32,308.0600000000001,86,18232.296999999846,6,2,99.74,75.32999999999981,1,1.5
1,A,PREY,33,4273.92999999996,500,18232.296999999846,5,2,99.838,20.870000000000452,2,1.5
1,A,PREY,34,4633.839999999949,500,18232.296999999846,7,2,99.55857142857141,13.0000000000002,0,1.5
1,A,PREY,35,4553.859999999953,500,18232.296999999846,7,1,99.80714285714285,0.3999999999999557,0,1.5
1,A,PREY,36,4433.889999999946,500,18232.296999999846,338,2,99.9305917159763,16.484999999999715,1,1.5
1,A,PREY,37,4473.8799999999555,500,18232.296999999846,7,2,99.92285714285715,14.500000000000117,0,1.5
1,A,PREY,38,4833.789999999942,500,18232.296999999846,7,2,99.82857142857142,10.90000000000012,0,1.5
1,A,PREY,39,5233.689999999939,500,18232.296999999846,4,2,99.69999999999999,33.339999999999755,3,1.5
1,A,PREY,40,3864.9699999999757,356,18232.296999999846,6,2,100.0,38.26125000000006,1,1.5
1,A,PREY,41,5553.609999999937,500,18232.296999999846,5,2,99.68199999999999,9.920000000000215,2,1.5
1,A,PREY,42,5113.719999999938,500,18232.296999999846,6,2,99.12999999999995,19.179999999999765,1,1.5
1,A,PREY,43,389.10000000000014,30,18232.296999999846,11,2,90.86,89.3662499999999,1,1.5
1,A,PREY,44,5193.699999999936,500,18232.296999999846,6,2,99.71,10.629999999999821,1,1.5
1,A,PREY,45,6353.409999999931,500,18232.296999999846,7,1,99.98285714285714,14.500000000000234,0,1.5
1,A,PREY,46,5353.659999999941,500,18232.296999999846,338,2,99.13390532544375,47.16374999999991,4,1.5
1,A,PREY,47,5913.519999999933,500,18232.296999999846,5,2,99.946,27.639999999999908,2,1.5
1,A,PREY,48,140.75000000000006,21,18232.296999999846,6,2,100.0,88.08999999999997,1,1.5
1,A,PREY,49,2386.4899999999925,241,18232.296999999846,6,2,100.0,62.778749999999675,1,1.5
1,A,PREY,50,5953.509999999927,500,18232.296999999846,7,2,99.45999999999997,12.400000000000045,0,1.5
1,A,PREY,51,5433.639999999939,500,18232.296999999846,6,2,98.86999999999996,18.734999999999797,1,1.5
1,A,PREY,52,6153.459999999928,500,18232.296999999846,4,1,99.9325,68.67999999999907,3,1.5
1,A,PREY,53,6393.399999999927,500,18232.296999999846,5,2,100.0,29.679999999999502,2,1.5
1,A,PREY,54,5273.679999999954,500,18232.296999999846,7,2,100.0,13.600000000000094,0,1.5
1,A,PREY,55,56.71999999999998,26,18232.296999999846,7,2,99.96571428571428,85.93374999999992,1,1.5
1,A,PREY,56,5793.549999999938,500,18232.296999999846,7,2,99.92285714285715,10.90000000000037,0,1.5
1,A,PREY,57,5673.579999999935,500,18232.296999999846,7,2,99.96142857142857,13.300000000000155,0,1.5
1,A,PREY,58,6553.359999999923,500,18232.296999999846,5,2,100.0,31.929999999999673,2,1.5
1,A,PREY,59,228.7200000000002,72,18232.296999999846,6,2,100.0,81.22499999999977,1,1.5
1,A,PREY,60,6833.289999999923,500,18232.296999999846,6,1,99.91000000000001,35.082500000000245,1,1.5
1,A,PREY,61,5393.649999999944,500,18232.296999999846,7,2,99.92285714285715,7.600000000000156,0,1.5
1,A,PREY,62,6593.3499999999285,500,18232.296999999846,6,2,100.0,12.28500000000011,1,1.5
1,A,PREY,63,6233.439999999939,500,18232.296999999846,7,2,100.0,13.749999999999869,0,1.5
1,A,PREY,64,6633.339999999933,500,18232.296999999846,5,2,99.838,29.28999999999957,2,1.5
1,A,PREY,65,6713.31999999992,500,18232.296999999846,5,2,99.946,21.02000000000029,2,1.5
1,A,PREY,66,7153.209999999918,500,18232.296999999846,5,0,99.892,0.0,2,1.5
1,A,PREY,67,6473.379999999922,500,18232.296999999846,6,2,99.955,12.13500000000036,1,1.5
1,A,PREY,68,6953.259999999923,500,18232.296999999846,5,2,100.0,9.639999999999983,2,1.5
1,A,PREY,69,6273.429999999941,500,18232.296999999846,6,2,100.0,23.13999999999987,1,1.5
1,A,PREY,70,6433.389999999935,500,18232.296999999846,6,2,100.0,25.089999999999606,1,1.5
1,A,PREY,71,6273.429999999936,500,18232.296999999846,6,2,100.0,15.159999999999908,1,1.5
1,A,PREY,72,5193.699999999948,500,18232.296999999846,338,2,99.68739644970414,54.524999999999714,4,1.5
1,A,PREY,73,7633.0899999999165,500,18232.296999999846,338,2,68.44130177514722,10.150000000000217,0,1.5
1,A,PREY,74,389.1200000000002,28,18232.296999999846,6,2,100.0,89.53874999999991,1,1.5
1,A,PREY,75,7513.119999999916,500,18232.296999999846,5,2,99.946,12.584999999999866,2,1.5
1,A,PREY,76,7513.119999999917,500,18232.296999999846,6,2,99.82,6.159999999999972,1,1.5
1,A,PREY,77,1163.200000000001,100,18232.296999999846,5,2,100.0,84.99999999999979,2,1.5
1,A,PREY,78,7033.239999999914,500,18232.296999999846,5,2,99.946,32.91999999999948,2,1.5
1,A,PREY,79,7033.23999999992,500,18232.296999999846,6,2,100.0,21.58500000000005,1,1.5
1,A,PREY,80,7353.159999999921,500,18232.296999999846,5,2,100.0,16.06250000000031,2,1.5
1,A,PREY,81,8232.939999999915,500,18232.296999999846,4,2,99.9325,41.589999999999264,3,1.5
1,A,PREY,82,303.1000000000003,32,18232.296999999846,6,2,100.0,85.74749999999992,1,1.5
1,A,PREY,83,7753.059999999918,500,18232.296999999846,338,2,87.47408284023624,55.3,5,1.5
1,A,PREY,84,6713.319999999937,500,18232.296999999846,5,2,100.0,30.121250000000018,2,1.5
1,A,PREY,85,7793.049999999919,500,18232.296999999846,6,1,99.935,36.16999999999935,1,1.5
1,A,PREY,86,4734.899999999973,291,18232.296999999846,4,2,100.0,70.84,3,1.5
1,A,PREY,87,255.12000000000006,31,18232.296999999846,6,2,100.0,85.98999999999998,1,1.5
1,A,PREY,88,295.6100000000001,31,18232.296999999846,6,2,100.0,90.63999999999993,1,1.5
1,A,PREY,89,6833.289999999933,500,18232.296999999846,5,2,99.838,16.070000000000185,2,1.5
1,A,PREY,90,8192.94999999991,500,18232.296999999846,5,2,99.976,27.019999999999904,2,1.5
1,A,PREY,91,7753.059999999916,500,18232.296999999846,7,2,99.88428571428571,1.0000000000000553,0,1.5
1,A,PREY,92,8512.869999999906,500,18232.296999999846,6,2,99.955,26.369999999999745,1,1.5
1,A,PREY,93,2107.2300000000014,124,18232.296999999846,6,2,100.0,80.06999999999945,1,1.5
1,A,PREY,94,7753.059999999911,500,18232.296999999846,6,2,99.865,25.63499999999963,1,1.5
1,A,PREY,95,8552.859999999904,500,18232.296999999846,6,2,100.0,26.985000000000205,1,1.5
1,A,PREY,96,7673.0799999999235,500,18232.296999999846,338,2,84.85946745562076,46.59999999999961,3,1.5
1,A,PREY,97,7953.009999999916,500,18232.296999999846,7,2,100.0,7.600000000000394,0,1.5
1,A,PREY,98,6953.25999999994,500,18232.296999999846,338,2,78.79168639053194,56.349999999999845,5,1.5
1,A,PREY,99,8712.819999999907,500,18232.296999999846,338,2,87.98402366863861,11.350000000000358,0,1.5
1,A,PREY,100,8832.789999999906,500,18232.296999999846,6,2,100.0,9.580000000000053,1,1.5
1,A,PREY,101,6833.289999999936,500,18232.296999999846,338,2,99.63254437869821,9.100000000000282,0,1.5
1,A,PREY,102,9472.629999999897,500,18232.296999999846,2,2,100.0,41.679999999999666,5,1.5
1,A,PREY,103,8232.93999999992,500,18232.296999999846,6,2,100.0,25.18499999999947,1,1.5
1,A,PREY,104,1615.110000000001,147,18232.296999999846,4,2,100.0,90.18999999999977,3,1.5
1,A,PREY,105,8552.859999999908,500,18232.296999999846,5,2,100.0,25.65999999999965,2,1.5
1,A,PREY,106,8152.959999999916,500,18232.296999999846,338,2,99.51979289940827,11.200000000000143,0,1.5
1,A,PREY,107,9112.719999999914,500,18232.296999999846,6,2,99.935,17.709999999999987,1,1.5
1,A,PREY,108,341.69000000000017,22,18232.296999999846,6,2,99.59999999999998,90.87999999999995,1,1.5
1,A,PREY,109,468.7000000000002,18,18232.296999999846,6,2,100.0,88.71999999999998,1,1.5
1,A,PREY,110,8952.759999999904,500,18232.296999999846,6,2,99.71,18.585000000000218,1,1.5
1,A,PREY,111,9152.7099999999,500,18232.296999999846,7,2,99.96142857142857,4.900000000000183,0,1.5
1,A,PREY,112,9792.549999999897,500,18232.296999999846,5,1,99.892,20.489999999999892,2,1.5
1,A,PREY,113,9552.609999999899,500,18232.296999999846,6,0,99.955,0.0,1,1.5
1,A,PREY,114,9272.679999999898,500,18232.296999999846,5,2,100.0,28.229999999999666,2,1.5
1,A,PREY,115,8552.85999999992,500,18232.296999999846,7,2,100.0,8.500000000000066,0,1.5
1,A,PREY,116,225.2600000000001,18,18232.296999999846,6,2,100.0,90.81999999999996,1,1.5
1,A,PREY,117,7423.929999999944,371,18232.296999999846,5,2,100.0,49.354999999999535,2,1.5
1,A,PREY,118,10032.489999999896,500,18232.296999999846,7,1,99.96142857142857,9.999999999999895,0,1.5
1,A,PREY,119,9232.689999999899,500,18232.296999999846,6,2,100.0,21.434999999999665,1,1.5
1,A,PREY,120,66.32000000000004,16,18232.296999999846,6,2,100.0,89.13999999999999,1,1.5
1,A,PREY,121,9472.629999999906,500,18232.296999999846,5,1,99.946,46.10999999999915,2,1.5
1,A,PREY,122,9872.529999999895,500,18232.296999999846,6,2,99.91000000000001,8.786250000000358,1,1.5
1,A,PREY,123,10632.339999999891,500,18232.296999999846,6,2,99.955,13.989999999999917,1,1.5
1,A,PREY,124,1307.4400000000007,73,18232.296999999846,5,2,98.91999999999996,90.71624999999977,2,1.5
1,A,PREY,125,10552.359999999888,500,18232.296999999846,121,1,81.82446280991734,1.0000000000002371,0,1.5
1,A,PREY,126,8472.879999999921,500,18232.296999999846,7,2,99.88428571428571,5.800000000000221,0,1.5
1,A,PREY,127,10672.329999999887,500,18232.296999999846,6,2,100.0,20.98500000000027,1,1.5
1,A,PREY,128,146.20000000000002,76,18232.296999999846,4,2,100.0,92.6799999999999,3,1.5
1,A,PREY,129,10032.489999999896,500,18232.296999999846,5,2,100.0,30.61499999999966,2,1.5
1,A,PREY,130,9992.499999999904,500,18232.296999999846,6,2,99.865,12.070000000000093,1,1.5
1,A,PREY,131,9152.709999999899,500,18232.296999999846,6,2,99.865,14.679999999999971,1,1.5
1,A,PREY,132,10792.299999999892,500,18232.296999999846,6,2,100.0,15.719999999999983,1,1.5
1,A,PREY,133,9152.709999999915,500,18232.296999999846,5,2,99.892,31.186250000000086,2,1.5
1,A,PREY,134,7873.029999999908,500,18232.296999999846,338,2,88.2242011834315,29.129999999999654,2,1.5
1,A,PREY,135,9512.619999999906,500,18232.296999999846,7,1,100.0,6.999999999999949,0,1.5
1,A,PREY,136,10512.369999999895,500,18232.296999999846,7,2,100.0,9.250000000000208,0,1.5
1,A,PREY,137,603.2900000000008,105,18232.296999999846,4,2,100.0,93.78999999999982,3,1.5
1,A,PREY,138,11272.179999999888,500,18232.296999999846,6,2,99.91000000000001,23.169999999999877,1,1.5
1,A,PREY,139,11232.189999999886,500,18232.296999999846,5,2,100.0,27.31500000000038,2,1.5
1,A,PREY,140,9632.589999999907,500,18232.296999999846,6,2,99.82,18.735000000000024,1,1.5
1,A,PREY,141,9992.499999999896,500,18232.296999999846,3,1,100.0,90.09999999999964,4,1.5
1,A,PREY,142,10032.489999999903,500,18232.296999999846,5,2,100.0,31.486250000000112,2,1.5
1,A,PREY,143,9512.619999999906,500,18232.296999999846,7,2,99.96142857142857,8.20000000000026,0,1.5
1,A,PREY,144,11312.169999999885,500,18232.296999999846,6,2,99.935,23.259999999999803,1,1.5
1,A,PREY,145,11512.119999999884,500,18232.296999999846,6,2,99.955,16.479999999999862,1,1.5
1,A,PREY,146,11712.069999999883,500,18232.296999999846,7,2,100.0,2.350000000000167,0,1.5
1,A,PREY,147,9432.63999999991,500,18232.296999999846,4,2,99.69999999999999,36.60999999999939,3,1.5
1,A,PREY,148,12111.969999999877,500,18232.296999999846,7,0,99.96142857142857,0.0,0,1.5
1,A,PREY,149,544.4900000000004,37,18232.296999999846,5,2,100.0,97.55624999999995,2,1.5
1,A,PREY,150,11192.199999999886,500,18232.296999999846,5,2,100.0,30.449999999999342,2,1.5
1,A,PREY,151,9952.509999999904,500,18232.296999999846,6,2,100.0,32.85999999999946,1,1.5
1,A,PREY,152,5873.529999999938,500,18232.296999999846,338,2,79.04985207100515,17.10000000000001,1,1.5
1,A,PREY,153,10032.489999999903,500,18232.296999999846,7,1,99.96142857142857,5.199999999999884,0,1.5
1,A,PREY,154,7423.669999999941,347,18232.296999999846,337,2,99.47611275964391,69.53625000000014,4,1.5
1,A,PREY,155,12311.919999999878,500,18232.296999999846,7,2,100.0,1.4500000000001905,0,1.5
1,A,PREY,156,10472.379999999903,500,18232.296999999846,5,2,100.0,21.910000000000082,2,1.5
1,A,PREY,157,10352.4099999999,500,18232.296999999846,7,1,100.0,5.200000000000006,0,1.5
1,A,PREY,158,9912.519999999902,500,18232.296999999846,7,0,100.0,0.0,0,1.5
1,A,PREY,159,10432.389999999894,500,18232.296999999846,338,2,85.3826923076918,20.79999999999996,0,1.5
1,A,PREY,160,692.9900000000004,33,18232.296999999846,6,2,100.0,90.06999999999994,1,1.5
1,A,PREY,161,11712.069999999883,500,18232.296999999846,5,2,100.0,34.74999999999953,2,1.5
1,A,PREY,162,1106.6900000000003,103,18232.296999999846,6,2,98.97999999999996,70.43999999999984,1,1.5
1,A,PREY,163,11552.109999999882,500,18232.296999999846,7,2,99.96142857142857,15.400000000000198,0,1.5
1,A,PREY,164,695.0100000000003,31,18232.296999999846,9,2,99.8,88.23999999999995,1,1.5
1,A,PREY,165,748.5000000000003,31,18232.296999999846,6,2,100.0,84.62999999999994,1,1.5
1,A,PREY,166,11672.079999999882,500,18232.296999999846,6,2,100.0,13.935000000000016,1,1.5
1,A,PREY,167,9912.519999999908,500,18232.296999999846,4,2,99.79749999999999,37.69499999999972,3,1.5
1,A,PREY,168,12871.779999999873,500,18232.296999999846,6,1,100.0,17.539999999999683,1,1.5
1,A,PREY,169,1733.050000000001,150,18232.296999999846,337,2,98.09522255192873,78.39999999999992,2,1.5
1,A,PREY,170,12311.919999999882,500,18232.296999999846,6,2,99.955,17.834999999999702,1,1.5
1,A,PREY,171,8384.019999999935,338,18232.296999999846,5,2,99.946,50.059999999999604,2,1.5
1,A,PREY,172,12591.849999999873,500,18232.296999999846,4,2,100.0,41.169999999999774,3,1.5
1,A,PREY,173,10792.2999999999,500,18232.296999999846,6,2,100.0,21.135000000000453,1,1.5
1,A,PREY,174,11072.229999999896,500,18232.296999999846,5,2,100.0,28.797499999999438,2,1.5
1,A,PREY,175,11712.069999999885,500,18232.296999999846,5,2,100.0,31.199999999999374,2,1.5
1,A,PREY,176,11432.139999999892,500,18232.296999999846,6,2,100.0,14.685000000000006,1,1.5
1,A,PREY,177,11632.089999999887,500,18232.296999999846,7,1,100.0,11.800000000000251,0,1.5
1,A,PREY,178,11752.059999999889,500,18232.296999999846,5,2,100.0,30.912500000000186,2,1.5
1,A,PREY,179,10992.24999999989,500,18232.296999999846,7,2,99.96142857142857,11.950000000000106,0,1.5
1,A,PREY,180,12471.879999999876,500,18232.296999999846,4,2,99.72999999999999,33.69999999999958,3,1.5
1,A,PREY,181,12751.809999999876,500,18232.296999999846,7,2,99.96142857142857,5.50000000000003,0,1.5
1,A,PREY,182,12311.919999999875,500,18232.296999999846,7,2,99.96142857142857,4.60000000000011,0,1.5
1,A,PREY,183,12471.879999999874,500,18232.296999999846,7,1,99.96142857142857,6.700000000000068,0,1.5
1,A,PREY,184,988.8500000000005,40,18232.296999999846,6,2,100.0,80.80124999999992,1,1.5
1,A,PREY,185,13511.61999999987,500,18232.296999999846,338,2,97.36887573964486,99.12999999999997,8,1.5
1,A,PREY,186,12071.979999999894,500,18232.296999999846,7,2,99.96142857142857,8.65000000000011,0,1.5
1,A,PREY,187,2572.2499999999973,159,18232.296999999846,5,2,100.0,71.56000000000007,2,1.5
1,A,PREY,188,12791.799999999876,500,18232.296999999846,3,2,99.82,37.857499999999476,4,1.5
1,A,PREY,189,13431.63999999987,500,18232.296999999846,6,2,99.96,19.425000000000164,1,1.5
1,A,PREY,190,13231.689999999871,500,18232.296999999846,4,1,100.0,8.250000000000844,3,1.5
1,A,PREY,191,10792.299999999901,500,18232.296999999846,3,2,100.0,50.679999999999964,4,1.5
1,A,PREY,192,11792.04999999989,500,18232.296999999846,6,2,100.0,14.654999999999767,1,1.5
1,A,PREY,193,10312.419999999898,500,18232.296999999846,338,2,78.57571005917086,54.90999999999992,4,1.5
1,A,PREY,194,12511.869999999883,500,18232.296999999846,4,2,100.0,30.561250000000243,3,1.5
1,A,PREY,195,11952.009999999891,500,18232.296999999846,338,2,98.19334319526621,70.5099999999992,5,1.5
1,A,PREY,196,5026.1599999999835,208,18232.296999999846,5,2,100.0,76.68374999999939,2,1.5
1,A,PREY,197,13471.62999999987,500,18232.296999999846,4,2,100.0,26.289999999999527,3,1.5
1,A,PREY,198,12791.799999999883,500,18232.296999999846,6,2,100.0,31.784999999999833,1,1.5
1,A,PREY,199,12511.869999999884,500,18232.296999999846,6,2,99.91000000000001,24.759999999999728,1,1.5
1,A,PREY,200,7252.969999999953,271,18232.296999999846,3,2,100.0,70.77499999999957,4,1.5
1,A,PREY,201,13431.63999999987,500,18232.296999999846,4,2,100.0,34.27499999999964,3,1.5
1,A,PREY,202,11232.1899999999,500,18232.296999999846,338,37,85.96828402366842,71.47040540540533,206,1.5
1,A,PREY,203,12791.799999999877,500,18232.296999999846,338,2,99.76940828402365,10.749999999999838,0,1.5
1,A,PREY,204,343.23000000000013,18,18232.296999999846,6,2,99.955,88.71999999999998,1,1.5
1,A,PREY,205,382.19000000000017,21,18232.296999999846,12,2,99.955,88.08999999999997,1,1.5
1,A,PREY,206,12951.759999999878,500,18232.296999999846,7,2,100.0,4.000000000000112,0,1.5
1,A,PREY,207,12871.77999999988,500,18232.296999999846,6,0,100.0,0.0,1,1.5
1,A,PREY,208,13151.709999999877,500,18232.296999999846,7,1,100.0,0.700000000000354,0,1.5
1,A,PREY,209,12351.909999999883,500,18232.296999999846,7,2,99.96142857142857,12.400000000000334,0,1.5
1,A,PREY,210,1108.3400000000004,38,18232.296999999846,6,2,99.98,84.51999999999997,1,1.5
1,A,PREY,211,11192.199999999903,500,18232.296999999846,338,2,84.53106508875688,68.8599999999996,5,1.5
1,A,PREY,212,13671.579999999873,500,18232.296999999846,6,2,100.0,18.735000000000053,1,1.5
1,A,PREY,213,1387.7700000000007,88,18232.296999999846,5,2,100.0,84.47374999999977,2,1.5
1,A,PREY,214,13391.64999999987,500,18232.296999999846,6,2,100.0,22.329999999999792,1,1.5
1,A,PREY,215,69.21999999999991,26,18232.296999999846,6,2,100.0,86.09249999999993,1,1.5
1,A,PREY,216,13671.57999999987,500,18232.296999999846,6,1,99.84499999999998,16.659999999999915,1,1.5
1,A,PREY,217,13631.58999999987,500,18232.296999999846,6,0,100.0,0.0,1,1.5
1,A,PREY,218,11752.059999999894,500,18232.296999999846,7,0,99.96142857142857,0.0,0,1.5
1,A,PREY,219,13951.509999999866,500,18232.296999999846,6,2,100.0,10.89999999999974,1,1.5
1,A,PREY,220,11552.109999999897,500,18232.296999999846,6,2,100.0,23.820000000000082,1,1.5
1,A,PREY,221,13071.72999999988,500,18232.296999999846,4,2,99.865,25.10499999999974,3,1.5
1,A,PREY,222,384.2600000000001,14,18232.296999999846,6,2,100.0,90.60999999999999,1,1.5
1,A,PREY,223,14071.479999999865,500,18232.296999999846,6,2,100.0,18.734999999999864,1,1.5
1,A,PREY,224,5464.239999999963,339,18232.296999999846,337,2,93.41083086053405,65.01874999999984,2,1.5
1,A,PREY,225,14191.449999999868,500,18232.296999999846,7,2,99.92285714285715,10.900000000000393,0,1.5
1,A,PREY,226,14471.379999999863,500,18232.296999999846,6,2,100.0,17.985000000000205,1,1.5
1,A,PREY,227,63.80000000000003,18,18232.296999999846,6,2,100.0,89.91999999999997,1,1.5
1,A,PREY,228,13711.569999999874,500,18232.296999999846,6,2,100.0,25.479999999999805,1,1.5
1,A,PREY,229,12831.789999999886,500,18232.296999999846,5,2,99.946,29.83999999999941,2,1.5
1,A,PREY,230,13584.099999999875,500,18232.296999999846,9,2,98.87555555555555,18.75999999999982,1,1.5
1,A,PREY,231,14031.489999999869,500,18232.296999999846,5,2,100.0,17.44499999999983,2,1.5
1,A,PREY,232,12111.969999999897,500,18232.296999999846,5,2,100.0,23.594999999999818,2,1.5
1,A,PREY,233,65.23000000000003,25,18232.296999999846,6,2,100.0,90.24999999999994,1,1.5
1,A,PREY,234,12951.759999999882,500,18232.296999999846,7,2,99.82857142857142,10.299999999999862,0,1.5
1,A,PREY,235,14751.309999999861,500,18232.296999999846,7,2,100.0,3.549999999999979,0,1.5
1,A,PREY,236,12511.869999999884,500,18232.296999999846,7,1,100.0,16.900000000000137,0,1.5
1,A,PREY,237,12791.799999999883,500,18232.296999999846,6,2,99.955,14.984999999999715,1,1.5
1,A,PREY,238,469.2100000000002,17,18232.296999999846,6,2,100.0,88.92999999999998,1,1.5
1,A,PREY,239,14551.359999999862,500,18232.296999999846,7,2,100.0,6.700000000000324,0,1.5
1,A,PREY,240,26.340000000000032,15,18232.296999999846,6,2,99.71999999999998,91.29999999999997,1,1.5
1,A,PREY,241,13031.739999999883,500,18232.296999999846,5,2,100.0,33.06999999999958,2,1.5
1,A,PREY,242,28.60000000000008,39,18232.296999999846,5,2,100.0,97.19249999999985,2,1.5
1,A,PREY,243,14071.479999999867,500,18232.296999999846,7,1,99.96142857142857,1.3000000000003054,0,1.5
1,A,PREY,244,14391.399999999863,500,18232.296999999846,7,2,100.0,11.94999999999997,0,1.5
1,A,PREY,245,8863.639999999936,364,18232.296999999846,6,2,100.0,45.68624999999988,1,1.5
1,A,PREY,246,15351.159999999858,500,18232.296999999846,5,2,100.0,23.049999999999528,2,1.5
1,A,PREY,247,13831.539999999877,500,18232.296999999846,7,2,99.96142857142857,12.550000000000072,0,1.5
1,A,PREY,248,13431.639999999878,500,18232.296999999846,6,2,100.0,15.450000000000031,1,1.5
1,A,PREY,249,12231.939999999902,500,18232.296999999846,338,2,99.15751479289938,85.50999999999948,6,1.5
1,A,PREY,250,628.6900000000004,65,18232.296999999846,5,2,100.0,86.97749999999988,2,1.5
1,A,PREY,251,13671.57999999988,500,18232.296999999846,6,1,100.0,15.169999999999748,1,1.5
1,A,PREY,252,14431.389999999863,500,18232.296999999846,6,2,100.0,24.17625000000022,1,1.5
1,A,PREY,253,14351.40999999987,500,18232.296999999846,4,2,100.0,32.49999999999936,3,1.5
1,A,PREY,254,14431.38999999987,500,18232.296999999846,6,2,100.0,23.216250000000286,1,1.5
1,A,PREY,255,14111.469999999872,500,18232.296999999846,6,2,100.0,21.729999999999688,1,1.5
1,A,PREY,256,14431.38999999987,500,18232.296999999846,5,2,100.0,19.216250000000343,2,1.5
1,A,PREY,257,14031.489999999872,500,18232.296999999846,5,2,99.946,29.697499999999813,2,1.5
1,A,PREY,258,14671.329999999862,500,18232.296999999846,6,2,100.0,24.879999999999836,1,1.5
1,A,PREY,259,13671.57999999988,500,18232.296999999846,4,2,100.0,35.469999999999445,3,1.5
1,A,PREY,260,3639.4799999999977,159,18232.296999999846,5,2,100.0,81.90999999999966,2,1.5
1,A,PREY,261,13701.31999999988,475,18232.296999999846,2,2,100.0,57.41999999999926,5,1.5
1,A,PREY,262,14551.359999999862,500,18232.296999999846,4,2,99.9325,46.50999999999907,3,1.5
1,A,PREY,263,12951.759999999871,500,18232.296999999846,338,2,82.9932544378692,45.58749999999992,3,1.5
1,A,PREY,264,15631.089999999855,500,18232.296999999846,5,2,100.0,18.48999999999968,2,1.5
1,A,PREY,265,14191.449999999873,500,18232.296999999846,6,2,100.0,9.435000000000144,1,1.5
1,A,PREY,266,12191.949999999882,500,18232.296999999846,338,2,95.50035502958575,30.155000000000083,2,1.5
1,A,PREY,267,14911.269999999859,500,18232.296999999846,5,2,100.0,24.151249999999948,2,1.5
1,A,PREY,268,14431.38999999987,500,18232.296999999846,5,2,100.0,24.859999999999964,2,1.5
1,A,PREY,269,14911.269999999866,500,18232.296999999846,4,2,100.0,36.50624999999995,3,1.5
1,A,PREY,270,14991.249999999862,500,18232.296999999846,5,2,100.0,32.58999999999955,2,1.5
1,A,PREY,271,14231.439999999871,500,18232.296999999846,7,2,99.96142857142857,9.24999999999999,0,1.5
1,A,PREY,272,15671.079999999854,500,18232.296999999846,7,1,99.96142857142857,14.500000000000014,0,1.5
1,A,PREY,273,15471.129999999855,500,18232.296999999846,5,2,100.0,27.459999999999813,2,1.5
1,A,PREY,274,13951.50999999988,500,18232.296999999846,7,2,100.0,3.550000000000229,0,1.5
1,A,PREY,275,14111.469999999872,500,18232.296999999846,59,2,87.17474576271185,20.079999999999742,1,1.5
1,A,PREY,276,13231.689999999868,500,18232.296999999846,338,2,99.82426035502958,46.44999999999985,3,1.5
1,A,PREY,277,14991.249999999862,500,18232.296999999846,6,2,100.0,15.435000000000379,1,1.5
1,A,PREY,278,15311.16999999986,500,18232.296999999846,5,2,100.0,28.844999999999736,2,1.5
1,A,PREY,279,9752.559999999896,500,18232.296999999846,338,2,80.53612426035444,24.28500000000009,1,1.5
1,A,PREY,280,14671.329999999862,500,18232.296999999846,6,2,100.0,20.38500000000041,1,1.5
1,A,PREY,281,15151.209999999859,500,18232.296999999846,7,1,100.0,2.5000000000001537,0,1.5
1,A,PREY,282,14791.299999999866,500,18232.296999999846,7,2,100.0,10.749999999999975,0,1.5
1,A,PREY,283,14551.35999999987,500,18232.296999999846,7,2,100.0,10.600000000000211,0,1.5
1,A,PREY,284,14591.349999999866,500,18232.296999999846,6,0,100.0,0.0,1,1.5
1,A,PREY,285,13711.569999999876,500,18232.296999999846,6,2,100.0,20.385000000000034,1,1.5
1,A,PREY,286,13351.659999999882,500,18232.296999999846,7,2,100.0,7.300000000000166,0,1.5
1,A,PREY,287,15191.199999999862,500,18232.296999999846,4,2,100.0,36.51999999999932,3,1.5
1,A,PREY,288,14551.359999999868,500,18232.296999999846,7,2,99.96142857142857,3.8500000000001844,0,1.5
1,A,PREY,289,15231.189999999862,500,18232.296999999846,5,2,99.946,29.139999999999883,2,1.5
1,A,PREY,290,15711.069999999856,500,18232.296999999846,6,1,100.0,15.170000000000071,1,1.5
1,A,PREY,291,14151.459999999872,500,18232.296999999846,6,2,100.0,26.970000000000365,1,1.5
1,A,PREY,292,14191.449999999872,500,18232.296999999846,5,2,100.0,34.20999999999968,2,1.5
1,A,PREY,293,12791.799999999892,500,18232.296999999846,7,1,100.0,6.4000000000001815,0,1.5
1,A,PREY,294,579.1200000000002,23,18232.296999999846,6,2,99.955,87.66999999999999,1,1.5
1,A,PREY,295,16070.979999999854,500,18232.296999999846,6,2,100.0,23.1099999999996,1,1.5
1,A,PREY,296,15191.199999999862,500,18232.296999999846,6,2,100.0,15.13500000000038,1,1.5
1,A,PREY,297,15031.239999999865,500,18232.296999999846,7,2,100.0,15.249999999999993,0,1.5
1,A,PREY,298,15791.049999999857,500,18232.296999999846,6,2,100.0,16.05999999999972,1,1.5
1,A,PREY,299,14991.249999999865,500,18232.296999999846,7,2,99.05714285714282,5.94999999999988,0,1.5
1,A,PREY,300,15711.069999999854,500,18232.296999999846,6,2,99.98,13.109999999999857,1,1.5
1,A,PREY,301,16030.989999999852,500,18232.296999999846,6,1,99.955,40.93999999999916,1,1.5
1,A,PREY,302,15871.029999999855,500,18232.296999999846,6,2,100.0,15.28499999999995,1,1.5
1,A,PREY,303,13631.589999999884,500,18232.296999999846,5,2,100.0,37.11999999999928,2,1.5
1,A,PREY,304,14271.429999999875,500,18232.296999999846,7,2,100.0,9.24999999999986,0,1.5
1,A,PREY,305,1788.3200000000006,73,18232.296999999846,6,2,100.0,68.19000000000001,1,1.5
1,A,PREY,306,14831.289999999866,500,18232.296999999846,7,2,100.0,10.750000000000407,0,1.5
1,A,PREY,307,15990.999999999856,500,18232.296999999846,6,2,100.0,19.436249999999866,1,1.5
1,A,PREY,308,15631.08999999986,500,18232.296999999846,5,2,100.0,22.98999999999978,2,1.5
1,A,PREY,309,15711.069999999861,500,18232.296999999846,6,2,100.0,13.170000000000023,1,1.5
1,A,PREY,310,15471.129999999861,500,18232.296999999846,7,2,100.0,10.899999999999883,0,1.5
1,A,PREY,311,13151.709999999875,500,18232.296999999846,338,2,96.02911242603543,53.28999999999984,5,1.5
1,A,PREY,312,13071.72999999989,500,18232.296999999846,6,2,100.0,16.33500000000008,1,1.5
1,A,PREY,313,16470.879999999852,500,18232.296999999846,5,2,100.0,22.879999999999686,2,1.5
1,A,PREY,314,15951.009999999855,500,18232.296999999846,7,2,100.0,5.3500000000001995,0,1.5
1,A,PREY,315,15231.189999999864,500,18232.296999999846,4,2,99.9325,29.409999999999677,3,1.5
1,A,PREY,316,16430.88999999985,500,18232.296999999846,6,2,100.0,15.435000000000315,1,1.5
1,A,PREY,317,15431.139999999865,500,18232.296999999846,6,2,99.955,12.310000000000123,1,1.5
1,A,PREY,318,16190.949999999852,500,18232.296999999846,5,2,99.946,20.870000000000296,2,1.5
1,A,PREY,319,16350.909999999853,500,18232.296999999846,5,2,100.0,10.519999999999984,2,1.5
1,A,PREY,320,13871.52999999988,500,18232.296999999846,7,1,100.0,2.799999999999958,0,1.5
1,A,PREY,321,14751.309999999872,500,18232.296999999846,7,1,100.0,1.6000000000004295,0,1.5
1,A,PREY,322,15511.119999999863,500,18232.296999999846,5,2,100.0,29.409999999999798,2,1.5
1,A,PREY,323,507.9000000000002,47,18232.296999999846,6,2,100.0,82.37624999999989,1,1.5
1,A,PREY,324,14831.289999999868,500,18232.296999999846,7,1,100.0,11.200000000000419,0,1.5
1,A,PREY,325,16430.889999999854,500,18232.296999999846,4,2,100.0,27.31500000000001,3,1.5
1,A,PREY,326,7938.7699999999495,273,18232.296999999846,3,2,99.91000000000001,81.09999999999958,4,1.5
1,A,PREY,327,5259.659999999986,152,18232.296999999846,5,2,97.3839999999999,74.73125,2,1.5
1,A,PREY,328,16070.979999999852,500,18232.296999999846,338,2,85.70443786982203,49.84499999999997,4,1.5
1,A,PREY,329,108.80000000000004,17,18232.296999999846,6,2,99.955,91.17999999999996,1,1.5
1,A,PREY,330,15591.099999999862,500,18232.296999999846,6,1,100.0,21.012500000000866,1,1.5
1,A,PREY,331,15351.159999999856,500,18232.296999999846,338,2,99.96405325443789,9.250000000000073,0,1.5
1,A,PREY,332,16790.79999999985,500,18232.296999999846,5,2,100.0,16.394999999999758,2,1.5
1,A,PREY,333,16510.869999999853,500,18232.296999999846,7,2,99.96142857142857,12.850000000000009,0,1.5
1,A,PREY,334,16670.82999999985,500,18232.296999999846,5,2,100.0,26.295000000000094,2,1.5
1,A,PREY,335,1146.8000000000006,91,18232.296999999846,6,2,100.0,77.44499999999971,1,1.5
1,A,PREY,336,10251.419999999922,351,18232.296999999846,6,2,100.0,38.58000000000008,1,1.5
1,A,PREY,337,15831.039999999855,500,18232.296999999846,7,2,100.0,3.4000000000000097,0,1.5
1,A,PREY,338,15431.139999999863,500,18232.296999999846,7,2,99.94428571428571,13.00000000000033,0,1.5
1,A,PREY,339,15951.009999999851,500,18232.296999999846,6,2,99.955,19.479999999999677,1,1.5
1,A,PREY,340,15591.099999999864,500,18232.296999999846,5,2,99.946,32.499999999999694,2,1.5
1,A,PREY,341,15351.159999999863,500,18232.296999999846,7,2,100.0,7.450000000000209,0,1.5
1,A,PREY,342,15951.009999999858,500,18232.296999999846,6,2,99.955,17.709999999999862,1,1.5
1,A,PREY,343,16270.929999999857,500,18232.296999999846,6,2,100.0,11.085000000000433,1,1.5
1,A,PREY,344,16270.929999999857,500,18232.296999999846,7,2,100.0,11.950000000000014,0,1.5
1,A,PREY,345,1111.650000000001,106,18232.296999999846,4,2,100.0,92.31999999999985,3,1.5
1,A,PREY,346,15231.189999999868,500,18232.296999999846,5,2,100.0,26.86500000000037,2,1.5
1,A,PREY,347,16590.849999999857,500,18232.296999999846,7,2,100.0,8.050000000000374,0,1.5
1,A,PREY,348,16710.819999999858,500,18232.296999999846,6,2,100.0,22.8099999999998,1,1.5
1,A,PREY,349,907.1000000000005,67,18232.296999999846,5,2,100.0,83.81999999999988,2,1.5
1,A,PREY,350,15631.08999999986,500,18232.296999999846,6,2,99.88999999999999,20.980000000000103,1,1.5
1,B,PREDATOR,1,-12.209999999999997,221,9.008499999999774,6,2,100.0,46.33000000000011,0,2.5
1,B,PREDATOR,2,-12.219999999999997,222,9.008499999999774,1,2,100.0,69.72999999999963,5,2.5
1,B,PREDATOR,3,12.126666666666393,294,9.008499999999774,4,2,100.0,56.50499999999914,2,2.5
1,B,PREDATOR,4,-12.209999999999997,221,9.008499999999774,4,2,100.0,60.18999999999939,2,2.5
1,B,PREDATOR,5,-12.299999999999995,230,9.008499999999774,4,2,100.0,63.9699999999997,2,2.5
1,B,PREDATOR,6,-12.199999999999998,220,9.008499999999774,6,2,100.0,50.0499999999999,0,2.5
1,B,PREDATOR,7,-12.249999999999996,225,9.008499999999774,5,2,100.0,55.7199999999996,1,2.5
1,B,PREDATOR,8,-12.269999999999996,227,9.008499999999774,5,2,100.0,54.039999999999665,1,2.5
1,B,PREDATOR,9,-12.289999999999996,229,9.008499999999774,6,2,100.0,43.420000000000044,0,2.5
1,B,PREDATOR,10,-12.269999999999996,227,9.008499999999774,6,2,100.0,49.20999999999992,0,2.5
1,B,PREDATOR,11,-12.289999999999996,229,9.008499999999774,6,2,100.0,41.92000000000007,0,2.5
1,B,PREDATOR,12,-12.309999999999995,231,9.008499999999774,4,2,100.0,67.12499999999906,2,2.5
1,B,PREDATOR,13,-12.199999999999998,220,9.008499999999774,4,2,100.0,53.97999999999972,2,2.5
1,B,PREDATOR,14,-12.189999999999998,219,9.008499999999774,5,2,100.0,54.729999999999805,1,2.5
1,B,PREDATOR,15,-12.339999999999995,234,9.008499999999774,6,2,100.0,44.01999999999996,0,2.5
1,B,PREDATOR,16,-12.259999999999996,226,9.008499999999774,4,2,100.0,55.23999999999978,2,2.5
1,B,PREDATOR,17,-12.339999999999995,234,9.008499999999774,5,2,100.0,59.70999999999948,1,2.5
1,B,PREDATOR,18,-12.239999999999997,224,9.008499999999774,6,2,100.0,48.81999999999994,0,2.5
1,B,PREDATOR,19,-12.229999999999997,223,9.008499999999774,5,2,100.0,57.374999999999616,1,2.5
1,B,PREDATOR,20,-12.219999999999997,222,9.008499999999774,4,2,100.0,59.91999999999943,2,2.5
1,B,PREDATOR,21,-12.249999999999996,225,9.008499999999774,4,2,100.0,59.379999999999626,2,2.5
1,B,PREDATOR,22,-12.219999999999997,222,9.008499999999774,5,2,100.0,54.07124999999967,1,2.5
1,B,PREDATOR,23,-12.269999999999996,227,9.008499999999774,5,2,100.0,56.589999999999606,1,2.5
1,B,PREDATOR,24,-12.189999999999998,219,9.008499999999774,4,2,100.0,58.14999999999952,2,2.5
1,B,PREDATOR,25,-12.259999999999996,226,9.008499999999774,6,2,100.0,33.58000000000037,0,2.5
1,B,PREDATOR,26,11.973333333333143,303,9.008499999999774,5,2,100.0,37.84000000000018,1,2.5
1,B,PREDATOR,27,-12.259999999999996,226,9.008499999999774,5,2,100.0,58.346249999999586,1,2.5
1,B,PREDATOR,28,36.59916666666712,305,9.008499999999774,2,2,100.0,55.55999999999929,4,2.5
1,B,PREDATOR,29,11.886666666666406,300,9.008499999999774,3,2,100.0,54.73124999999958,3,2.5
1,B,PREDATOR,30,-12.189999999999998,219,9.008499999999774,5,2,100.0,54.18999999999975,1,2.5
1,B,PREDATOR,31,-12.239999999999997,224,9.008499999999774,3,2,100.0,76.3699999999993,3,2.5
1,B,PREDATOR,32,12.086666666666494,283,9.008499999999774,4,2,100.0,41.02500000000003,2,2.5
1,B,PREDATOR,33,-12.209999999999997,221,9.008499999999774,5,2,99.832,64.81499999999927,1,2.5
1,B,PREDATOR,34,-12.169999999999998,217,9.008499999999774,4,2,100.0,66.08999999999918,2,2.5
1,B,PREDATOR,35,-12.169999999999998,217,9.008499999999774,6,2,99.65999999999998,48.7599999999999,0,2.5
1,B,PREDATOR,36,-12.209999999999997,221,9.008499999999774,6,2,100.0,48.12999999999998,0,2.5
1,B,PREDATOR,37,58.84999999999976,432,9.008499999999774,2,2,100.0,23.050000000000054,4,2.5
1,B,PREDATOR,38,-12.259999999999996,226,9.008499999999774,5,2,100.0,58.68999999999959,1,2.5
1,B,PREDATOR,39,-12.169999999999998,217,9.008499999999774,4,2,100.0,61.47999999999976,2,2.5
1,B,PREDATOR,40,-12.369999999999994,237,9.008499999999774,5,2,100.0,55.544999999999604,1,2.5
1,B,PREDATOR,41,-12.339999999999995,234,9.008499999999774,2,2,100.0,58.80999999999973,4,2.5
1,B,PREDATOR,42,-12.219999999999997,222,9.008499999999774,5,2,100.0,58.10999999999947,1,2.5
1,B,PREDATOR,43,-12.229999999999997,223,9.008499999999774,337,2,87.33201780415382,47.290000000000056,0,2.5
1,B,PREDATOR,44,11.84666666666624,283,9.008499999999774,4,2,100.0,50.16999999999956,2,2.5
1,B,PREDATOR,45,-12.249999999999996,225,9.008499999999774,5,2,100.0,57.93999999999959,1,2.5
1,B,PREDATOR,46,12.203333333333129,289,9.008499999999774,5,2,100.0,39.82000000000008,1,2.5
1,B,PREDATOR,47,12.183333333333104,280,9.008499999999774,2,2,100.0,61.149999999999274,4,2.5
1,B,PREDATOR,48,-12.189999999999998,219,9.008499999999774,6,2,100.0,51.819999999999794,0,2.5
1,B,PREDATOR,49,-12.309999999999995,231,9.008499999999774,4,2,100.0,59.88999999999957,2,2.5
1,B,PREDATOR,50,-12.289999999999996,229,9.008499999999774,4,2,100.0,68.98499999999905,2,2.5
1,B,PREDATOR,51,-12.209999999999997,221,9.008499999999774,5,2,99.946,64.59999999999921,1,2.5
1,B,PREDATOR,52,36.276666666666806,377,9.008499999999774,3,2,100.0,34.754999999999974,3,2.5
1,B,PREDATOR,53,-12.309999999999995,231,9.008499999999774,6,2,100.0,43.779999999999944,0,2.5
1,B,PREDATOR,54,-12.369999999999994,237,9.008499999999774,337,2,88.1076557863497,43.960000000000115,0,2.5
1,B,PREDATOR,55,12.21333333333318,285,9.008499999999774,5,2,100.0,42.550000000000026,1,2.5
1,B,PREDATOR,56,-12.339999999999995,234,9.008499999999774,4,2,100.0,64.81000000000003,2,2.5
1,B,PREDATOR,57,36.37000000000012,367,9.008499999999774,4,2,100.0,20.260000000000147,2,2.5
1,B,PREDATOR,58,-12.149999999999999,215,9.008499999999774,6,2,100.0,49.449999999999925,0,2.5
1,B,PREDATOR,59,-12.339999999999995,234,9.008499999999774,6,2,100.0,53.16999999999961,0,2.5
1,B,PREDATOR,60,-12.189999999999998,219,9.008499999999774,6,2,100.0,51.21999999999983,0,2.5
1,B,PREDATOR,61,12.283333333332925,275,9.008499999999774,3,2,100.0,61.47999999999965,3,2.5
1,B,PREDATOR,62,12.133333333332919,287,9.008499999999774,4,2,100.0,45.944999999999546,2,2.5
1,B,PREDATOR,63,36.720000000000425,311,9.008499999999774,4,2,100.0,38.380000000000166,2,2.5
1,B,PREDATOR,64,12.126666666666425,291,9.008499999999774,337,2,88.59620178041517,46.21499999999993,2,2.5
1,B,PREDATOR,65,-12.389999999999993,239,9.008499999999774,6,2,100.0,44.470000000000155,0,2.5
1,B,PREDATOR,66,-12.269999999999996,227,9.008499999999774,4,2,100.0,62.58999999999973,2,2.5
1,B,PREDATOR,67,-12.259999999999996,226,9.008499999999774,5,2,100.0,59.11499999999941,1,2.5
1,B,PREDATOR,68,12.343333333332916,269,9.008499999999774,4,2,100.0,50.51999999999969,2,2.5
1,B,PREDATOR,69,-12.299999999999995,230,9.008499999999774,337,2,86.38813056379772,58.62999999999958,1,2.5
1,B,PREDATOR,70,-12.309999999999995,231,9.008499999999774,5,2,100.0,57.31499999999951,1,2.5
1,B,PREDATOR,71,-12.249999999999996,225,9.008499999999774,5,2,100.0,57.76124999999972,1,2.5
1,B,PREDATOR,72,-12.239999999999997,224,9.008499999999774,3,2,100.0,70.3899999999999,3,2.5
1,B,PREDATOR,73,-12.239999999999997,224,9.008499999999774,6,2,99.955,48.22,0,2.5
1,B,PREDATOR,74,-12.309999999999995,231,9.008499999999774,4,2,100.0,64.54999999999919,2,2.5
1,B,PREDATOR,75,-12.189999999999998,219,9.008499999999774,4,2,100.0,69.07499999999945,2,2.5
1,B,PREDATOR,76,-12.159999999999998,216,9.008499999999774,5,2,100.0,58.20999999999975,1,2.5
1,B,PREDATOR,77,-12.209999999999997,221,9.008499999999774,6,2,100.0,46.930000000000064,0,2.5
1,B,PREDATOR,78,-12.229999999999997,223,9.008499999999774,4,2,100.0,71.58124999999933,2,2.5
1,B,PREDATOR,79,-12.149999999999999,215,9.008499999999774,6,2,100.0,51.24999999999982,0,2.5
1,B,PREDATOR,80,-12.199999999999998,220,9.008499999999774,2,2,100.0,73.64999999999947,4,2.5
1,B,PREDATOR,81,-12.179999999999998,218,9.008499999999774,6,2,100.0,53.139999999999674,0,2.5
1,B,PREDATOR,82,-12.259999999999996,226,9.008499999999774,6,2,100.0,49.929999999999865,0,2.5
1,B,PREDATOR,83,-12.259999999999996,226,9.008499999999774,6,2,100.0,51.579999999999714,0,2.5
1,B,PREDATOR,84,-12.339999999999995,234,9.008499999999774,5,2,100.0,50.05499999999999,1,2.5
1,B,PREDATOR,85,12.152499999999558,287,9.008499999999774,337,2,92.2526112759641,12.100000000000282,2,2.5
1,B,PREDATOR,86,12.203333333332926,289,9.008499999999774,5,2,100.0,42.06999999999999,1,2.5
1,B,PREDATOR,87,11.599166666666507,328,9.008499999999774,4,2,100.0,37.899999999999736,2,2.5
1,B,PREDATOR,88,12.033333333333038,298,9.008499999999774,2,2,100.0,59.50124999999921,4,2.5
1,B,PREDATOR,89,-12.269999999999996,227,9.008499999999774,5,2,100.0,55.244999999999635,1,2.5
1,B,PREDATOR,90,-12.229999999999997,223,9.008499999999774,4,2,100.0,47.79999999999984,2,2.5
1,B,PREDATOR,91,-12.209999999999997,221,9.008499999999774,3,2,100.0,63.04499999999973,3,2.5
1,B,PREDATOR,92,-12.249999999999996,225,9.008499999999774,5,2,100.0,59.771249999999384,1,2.5
1,B,PREDATOR,93,12.383333333332926,262,9.008499999999774,4,2,100.0,47.91999999999989,2,2.5
1,B,PREDATOR,94,-12.199999999999998,220,9.008499999999774,3,2,100.0,65.28999999999999,3,2.5
1,B,PREDATOR,95,36.295833333333384,351,9.008499999999774,2,2,100.0,50.799999999999244,4,2.5
1,B,PREDATOR,96,-12.339999999999995,234,9.008499999999774,4,2,100.0,64.00499999999943,2,2.5
1,B,PREDATOR,97,-12.309999999999995,231,9.008499999999774,3,2,100.0,66.21999999999936,3,2.5
1,B,PREDATOR,98,-12.309999999999995,231,9.008499999999774,6,2,100.0,56.07999999999943,0,2.5
1,B,PREDATOR,99,11.946666666666419,309,9.008499999999774,4,2,100.0,46.599999999999554,2,2.5
1,B,PREDATOR,100,-12.259999999999996,226,9.008499999999774,2,2,100.0,69.30499999999928,4,2.5
1,B,PREDATOR,101,-12.169999999999998,217,9.008499999999774,4,2,100.0,65.0499999999995,2,2.5
1,B,PREDATOR,102,36.49999999999998,357,9.008499999999774,4,2,100.0,23.560000000000166,2,2.5
1,B,PREDATOR,103,-12.56999999999999,257,9.008499999999774,6,2,100.0,51.75999999999956,0,2.5
1,B,PREDATOR,104,-12.169999999999998,217,9.008499999999774,6,2,100.0,49.35999999999997,0,2.5
1,B,PREDATOR,105,-11.520000000000001,152,9.008499999999774,337,3,91.99305637982167,42.37583333333341,1,2.5
1,B,PREDATOR,106,-12.149999999999999,215,9.008499999999774,6,2,100.0,52.299999999999784,0,2.5
1,B,PREDATOR,107,36.55666666666674,349,9.008499999999774,3,2,100.0,36.88000000000008,3,2.5
1,B,PREDATOR,108,60.52999999999853,428,9.008499999999774,3,2,99.96,6.340000000000156,3,2.5
1,B,PREDATOR,109,-12.389999999999993,239,9.008499999999774,6,2,100.0,44.17000000000018,0,2.5
1,B,PREDATOR,110,-12.309999999999995,231,9.008499999999774,5,2,100.0,54.91499999999965,1,2.5
1,B,PREDATOR,111,11.966666666666248,274,9.008499999999774,4,2,99.97,49.479999999999634,2,2.5
1,B,PREDATOR,112,12.026666666666332,304,9.008499999999774,4,2,100.0,46.30499999999986,2,2.5
1,B,PREDATOR,113,12.126666666666294,294,9.008499999999774,3,2,100.0,55.059999999999434,3,2.5
1,B,PREDATOR,114,12.14666666666628,286,9.008499999999774,4,2,100.0,51.63999999999949,2,2.5
1,B,PREDATOR,115,36.27333333333369,383,9.008499999999774,3,2,100.0,30.94000000000001,3,2.5
1,B,PREDATOR,116,-12.359999999999994,236,9.008499999999774,5,2,100.0,46.69000000000001,1,2.5
1,B,PREDATOR,117,11.896666666666244,314,9.008499999999774,4,2,100.0,52.539999999999324,2,2.5
1,B,PREDATOR,118,-12.209999999999997,221,9.008499999999774,6,2,100.0,49.179999999999936,0,2.5
1,B,PREDATOR,119,-12.189999999999998,219,9.008499999999774,5,2,100.0,61.149999999999295,1,2.5
1,B,PREDATOR,120,-12.189999999999998,219,9.008499999999774,6,2,100.0,54.36999999999962,0,2.5
1,B,PREDATOR,121,-12.309999999999995,231,9.008499999999774,4,2,100.0,63.46624999999936,2,2.5
1,B,PREDATOR,122,-12.199999999999998,220,9.008499999999774,4,2,100.0,56.79999999999978,2,2.5
1,B,PREDATOR,123,-12.339999999999995,234,9.008499999999774,5,2,100.0,59.35499999999955,1,2.5
1,B,PREDATOR,124,12.223333333332944,284,9.008499999999774,5,2,100.0,48.219999999999665,1,2.5
1,B,PREDATOR,125,-12.209999999999997,221,9.008499999999774,6,2,100.0,46.03000000000017,0,2.5
1,B,PREDATOR,126,12.2433333333331,282,9.008499999999774,5,2,100.0,42.310000000000045,1,2.5
1,B,PREDATOR,127,-12.249999999999996,225,9.008499999999774,5,2,100.0,59.109999999999516,1,2.5
1,B,PREDATOR,128,-12.289999999999996,229,9.008499999999774,5,2,100.0,58.62999999999957,1,2.5
1,B,PREDATOR,129,11.7599999999998,322,9.008499999999774,3,2,100.0,54.82999999999939,3,2.5
1,B,PREDATOR,130,-11.31,131,9.008499999999774,5,3,100.0,45.19999999999997,1,2.5
1,B,PREDATOR,131,11.86666666666619,314,9.008499999999774,3,2,100.0,49.42499999999961,3,2.5
1,B,PREDATOR,132,11.669999999999705,310,9.008499999999774,3,2,100.0,56.564999999999145,3,2.5
1,B,PREDATOR,133,-12.199999999999998,220,9.008499999999774,5,2,100.0,59.53499999999951,1,2.5
1,B,PREDATOR,134,-12.219999999999997,222,9.008499999999774,6,2,100.0,55.959999999999496,0,2.5
1,B,PREDATOR,135,-12.239999999999997,224,9.008499999999774,6,2,100.0,53.919999999999604,0,2.5
1,B,PREDATOR,136,-12.259999999999996,226,9.008499999999774,6,2,100.0,51.1299999999998,0,2.5
1,B,PREDATOR,137,-12.269999999999996,227,9.008499999999774,5,2,100.0,57.47999999999952,1,2.5
1,B,PREDATOR,138,-11.34,134,9.008499999999774,6,3,100.0,36.29999999999995,0,2.5
1,B,PREDATOR,139,-12.299999999999995,230,9.008499999999774,6,2,100.0,39.100000000000264,0,2.5
1,B,PREDATOR,140,-12.389999999999993,239,9.008499999999774,5,2,100.0,51.09999999999981,1,2.5
1,B,PREDATOR,141,11.849999999999559,316,9.008499999999774,3,2,100.0,49.74999999999949,3,2.5
1,B,PREDATOR,142,12.156666666666288,288,9.008499999999774,3,2,100.0,61.0649999999991,3,2.5
1,B,PREDATOR,143,-12.249999999999996,225,9.008499999999774,6,2,100.0,46.15000000000009,0,2.5
1,B,PREDATOR,144,-12.339999999999995,234,9.008499999999774,6,2,100.0,51.66999999999972,0,2.5
1,B,PREDATOR,145,-12.239999999999997,224,9.008499999999774,6,2,100.0,54.66999999999955,0,2.5
1,B,PREDATOR,146,-12.189999999999998,219,9.008499999999774,5,2,100.0,14.020000000000291,1,2.5
1,B,PREDATOR,147,-12.259999999999996,226,9.008499999999774,6,2,100.0,51.42999999999978,0,2.5
1,B,PREDATOR,148,-12.209999999999997,221,9.008499999999774,6,2,100.0,54.42999999999959,0,2.5
1,B,PREDATOR,149,12.50333333333293,259,9.008499999999774,4,2,100.0,57.431249999999366,2,2.5
1,B,PREDATOR,150,-12.239999999999997,224,9.008499999999774,5,2,100.0,57.099999999999724,1,2.5
1,B,PREDATOR,151,-12.189999999999998,219,9.008499999999774,5,2,100.0,52.60499999999982,1,2.5
1,B,PREDATOR,152,-12.209999999999997,221,9.008499999999774,5,2,100.0,62.864999999999554,1,2.5
1,B,PREDATOR,153,-12.229999999999997,223,9.008499999999774,3,2,100.0,72.27999999999928,3,2.5
1,B,PREDATOR,154,-12.289999999999996,229,9.008499999999774,4,2,100.0,63.039999999999715,2,2.5
1,B,PREDATOR,155,-12.189999999999998,219,9.008499999999774,5,2,100.0,62.19999999999928,1,2.5
1,B,PREDATOR,156,-12.479999999999992,248,9.008499999999774,4,2,100.0,63.85999999999912,2,2.5
1,B,PREDATOR,157,-12.209999999999997,221,9.008499999999774,4,2,100.0,66.96874999999952,2,2.5
1,B,PREDATOR,158,-12.459999999999992,246,9.008499999999774,5,2,100.0,55.80999999999952,1,2.5
1,B,PREDATOR,159,-12.319999999999995,232,9.008499999999774,3,2,100.0,64.83999999999938,3,2.5
1,B,PREDATOR,160,-12.239999999999997,224,9.008499999999774,5,2,100.0,64.02999999999928,1,2.5
1,B,PREDATOR,161,-12.249999999999996,225,9.008499999999774,4,2,100.0,59.51624999999968,2,2.5
1,B,PREDATOR,162,-12.55999999999999,256,9.008499999999774,3,2,100.0,73.08999999999907,3,2.5
1,B,PREDATOR,163,11.843333333332874,310,9.008499999999774,5,2,100.0,35.20000000000015,1,2.5
1,B,PREDATOR,164,-12.439999999999992,244,9.008499999999774,4,2,100.0,62.10999999999913,2,2.5
1,B,PREDATOR,165,11.856666666666547,291,9.008499999999774,4,2,100.0,54.6749999999996,2,2.5
1,B,PREDATOR,166,12.303333333332935,267,9.008499999999774,4,2,100.0,46.69499999999999,2,2.5
1,B,PREDATOR,167,-12.209999999999997,221,9.008499999999774,5,2,100.0,59.81624999999954,1,2.5
1,B,PREDATOR,168,11.826666666666197,312,9.008499999999774,2,2,100.0,60.044999999999035,4,2.5
1,B,PREDATOR,169,-12.249999999999996,225,9.008499999999774,4,2,100.0,58.14999999999942,2,2.5
1,B,PREDATOR,170,-12.349999999999994,235,9.008499999999774,4,2,100.0,61.80999999999942,2,2.5
1,B,PREDATOR,171,-12.289999999999996,229,9.008499999999774,6,2,100.0,52.86999999999966,0,2.5
1,B,PREDATOR,172,12.153333333332911,282,9.008499999999774,5,2,100.0,43.65999999999995,1,2.5
1,B,PREDATOR,173,-12.199999999999998,220,9.008499999999774,5,2,100.0,55.84874999999976,1,2.5
1,B,PREDATOR,174,-12.209999999999997,221,9.008499999999774,6,2,100.0,47.67999999999999,0,2.5
1,B,PREDATOR,175,-12.289999999999996,229,9.008499999999774,5,2,100.0,58.62999999999933,1,2.5
1,B,PREDATOR,176,12.403333333332915,269,9.008499999999774,5,2,100.0,41.6200000000002,1,2.5
1,B,PREDATOR,177,-12.189999999999998,219,9.008499999999774,5,2,100.0,51.51999999999991,1,2.5
1,B,PREDATOR,178,-12.209999999999997,221,9.008499999999774,5,2,100.0,61.80999999999932,1,2.5
1,B,PREDATOR,179,-12.339999999999995,234,9.008499999999774,5,2,100.0,58.0049999999996,1,2.5
1,B,PREDATOR,180,-12.209999999999997,221,9.008499999999774,6,2,100.0,47.529999999999994,0,2.5
1,B,PREDATOR,181,-12.239999999999997,224,9.008499999999774,6,2,100.0,41.62000000000013,0,2.5
1,B,PREDATOR,182,-12.53999999999999,254,9.008499999999774,6,2,100.0,50.019999999999705,0,2.5
1,B,PREDATOR,183,-12.509999999999991,251,9.008499999999774,6,2,100.0,45.58000000000004,0,2.5
1,B,PREDATOR,184,11.476666666666178,359,9.008499999999774,4,1,100.0,6.380000000000397,2,2.5
1,B,PREDATOR,185,11.773333333332848,320,9.008499999999774,5,2,100.0,40.1499999999999,1,2.5
1,B,PREDATOR,186,-12.789999999999985,279,9.008499999999774,6,2,100.0,39.82000000000005,0,2.5
1,B,PREDATOR,187,-12.52999999999999,253,9.008499999999774,3,2,100.0,63.669999999999156,3,2.5
1,B,PREDATOR,188,36.45999999999982,367,9.008499999999774,4,2,100.0,19.660000000000174,2,2.5
1,B,PREDATOR,189,-12.499999999999991,250,9.008499999999774,4,2,100.0,57.69999999999973,2,2.5
1,B,PREDATOR,190,-12.409999999999993,241,9.008499999999774,5,2,100.0,43.06500000000008,1,2.5
1,B,PREDATOR,191,-12.809999999999985,281,9.008499999999774,6,2,100.0,43.03000000000003,0,2.5
1,B,PREDATOR,192,12.049999999999683,299,9.008499999999774,3,2,100.0,53.49999999999946,3,2.5
1,B,PREDATOR,193,-12.439999999999992,244,9.008499999999774,6,2,100.0,44.92000000000011,0,2.5
1,B,PREDATOR,194,-12.179999999999998,218,9.008499999999774,6,2,99.955,47.14000000000011,0,2.5
1,B,PREDATOR,195,-12.289999999999996,229,9.008499999999774,5,2,100.0,61.9899999999993,1,2.5
1,B,PREDATOR,196,60.48999999999899,471,9.008499999999774,2,2,100.0,21.315000000000502,4,2.5
1,B,PREDATOR,197,11.883333333332901,303,9.008499999999774,5,2,100.0,44.13999999999984,1,2.5
1,B,PREDATOR,198,35.87666666666716,417,9.008499999999774,3,2,100.0,32.19999999999968,3,2.5
1,B,PREDATOR,199,12.26333333333295,280,9.008499999999774,5,2,100.0,48.09999999999966,1,2.5
1,B,PREDATOR,200,-12.399999999999993,240,9.008499999999774,5,2,100.0,53.272499999999724,1,2.5
1,B,PREDATOR,201,11.826666666666343,324,9.008499999999774,4,2,100.0,52.15499999999929,2,2.5
1,B,PREDATOR,202,36.000000000000476,413,9.008499999999774,3,2,100.0,30.596250000000296,3,2.5
1,B,PREDATOR,203,-12.509999999999991,251,9.008499999999774,4,2,100.0,68.34999999999891,2,2.5
1,B,PREDATOR,204,-12.469999999999992,247,9.008499999999774,6,2,100.0,52.209999999999596,0,2.5
1,B,PREDATOR,205,-12.56999999999999,257,9.008499999999774,6,2,100.0,28.060000000000407,0,2.5
1,B,PREDATOR,206,11.793333333332862,321,9.008499999999774,5,2,100.0,32.0800000000005,1,2.5
1,B,PREDATOR,207,-12.57999999999999,258,9.008499999999774,6,2,100.0,51.78999999999958,0,2.5
1,B,PREDATOR,208,11.39583333333283,330,9.008499999999774,3,2,100.0,46.80999999999963,3,2.5
1,B,PREDATOR,209,-12.189999999999998,219,9.008499999999774,5,2,100.0,55.73999999999975,1,2.5
1,B,PREDATOR,210,-12.599999999999989,260,9.008499999999774,6,2,100.0,50.94999999999959,0,2.5
1,B,PREDATOR,211,11.933333333332877,301,9.008499999999774,5,2,100.0,44.679999999999794,1,2.5
1,B,PREDATOR,212,-12.369999999999994,237,9.008499999999774,6,2,100.0,51.15999999999974,0,2.5
1,B,PREDATOR,213,11.669999999999833,337,9.008499999999774,3,2,100.0,49.546249999999546,3,2.5
1,B,PREDATOR,214,36.219999999999914,388,9.008499999999774,4,2,100.0,23.290000000000205,2,2.5
1,B,PREDATOR,215,-12.289999999999996,229,9.008499999999774,3,2,100.0,62.769999999999555,3,2.5
1,B,PREDATOR,216,-12.219999999999997,222,9.008499999999774,6,2,100.0,46.21000000000012,0,2.5
1,B,PREDATOR,217,-12.209999999999997,221,9.008499999999774,5,2,100.0,51.939999999999834,1,2.5
1,B,PREDATOR,218,-12.789999999999985,279,9.008499999999774,5,2,99.946,47.29125000000039,1,2.5
1,B,PREDATOR,219,36.32583333333323,360,9.008499999999774,2,2,99.865,49.54499999999945,4,2.5
1,B,PREDATOR,220,-12.309999999999995,231,9.008499999999774,6,2,100.0,48.429999999999964,0,2.5
1,B,PREDATOR,221,11.973333333333121,309,9.008499999999774,5,2,100.0,23.320000000000462,1,2.5
1,B,PREDATOR,222,-12.499999999999991,250,9.008499999999774,4,2,100.0,55.32999999999953,2,2.5
1,B,PREDATOR,223,-12.459999999999992,246,9.008499999999774,6,2,100.0,39.430000000000355,0,2.5
1,B,PREDATOR,224,59.989999999998766,480,9.008499999999774,2,2,100.0,11.17000000000003,4,2.5
1,B,PREDATOR,225,69.6899999999992,500,9.008499999999774,0,3,0.0,11.783333333333493,6,2.5
1,B,PREDATOR,226,11.943333333332971,304,9.008499999999774,2,2,100.0,54.8499999999993,4,2.5
1,B,PREDATOR,227,13.01333333333305,208,9.008499999999774,4,3,100.0,30.42333333333312,2,2.5
1,B,PREDATOR,228,70.02666666666535,500,9.008499999999774,2,2,100.0,14.20000000000021,4,2.5
1,B,PREDATOR,229,-12.679999999999987,268,9.008499999999774,3,2,100.0,56.16999999999965,3,2.5
1,B,PREDATOR,230,12.273333333332905,276,9.008499999999774,4,2,100.0,46.73625000000021,2,2.5
1,B,PREDATOR,231,-12.299999999999995,230,9.008499999999774,6,2,100.0,48.84999999999988,0,2.5
1,B,PREDATOR,232,-12.289999999999996,229,9.008499999999774,4,2,100.0,59.32499999999935,2,2.5
1,B,PREDATOR,233,-12.51999999999999,252,9.008499999999774,6,2,100.0,48.90999999999978,0,2.5
1,B,PREDATOR,234,-12.58999999999999,259,9.008499999999774,5,2,100.0,53.01999999999956,1,2.5
1,B,PREDATOR,235,11.943333333333166,309,9.008499999999774,5,2,100.0,34.42000000000007,1,2.5
1,B,PREDATOR,236,-12.229999999999997,223,9.008499999999774,6,2,100.0,51.78999999999975,0,2.5
1,B,PREDATOR,237,-12.639999999999988,264,9.008499999999774,6,2,99.955,47.319999999999816,0,2.5
1,B,PREDATOR,238,-12.709999999999987,271,9.008499999999774,6,2,100.0,40.030000000000285,0,2.5
1,B,PREDATOR,239,-12.209999999999997,221,9.008499999999774,5,2,100.0,61.98999999999929,1,2.5
1,B,PREDATOR,240,-12.189999999999998,219,9.008499999999774,4,2,100.0,60.759999999999636,2,2.5
1,B,PREDATOR,241,-12.219999999999997,222,9.008499999999774,6,2,100.0,49.05999999999997,0,2.5
1,B,PREDATOR,242,12.226666666666558,284,9.008499999999774,4,2,100.0,11.920000000000211,2,2.5
1,B,PREDATOR,243,11.99333333333321,307,9.008499999999774,4,2,100.0,40.860000000000454,2,2.5
1,B,PREDATOR,244,12.253333333332924,284,9.008499999999774,5,2,100.0,44.169999999999916,1,2.5
1,B,PREDATOR,245,-12.179999999999998,218,9.008499999999774,3,2,100.0,66.60999999999942,3,2.5
1,B,PREDATOR,246,12.326666666666265,271,9.008499999999774,4,2,100.0,44.710000000000015,2,2.5
1,B,PREDATOR,247,11.665833333332875,297,9.008499999999774,5,2,100.0,32.86000000000039,1,2.5
1,B,PREDATOR,248,-12.189999999999998,219,9.008499999999774,5,2,100.0,60.0999999999995,1,2.5
1,B,PREDATOR,249,-12.149999999999999,215,9.008499999999774,5,2,100.0,50.07999999999993,1,2.5
1,B,PREDATOR,250,-12.179999999999998,218,9.008499999999774,5,2,100.0,55.65999999999972,1,2.5
1,B,PREDATOR,251,12.023333333332898,292,9.008499999999774,5,2,100.0,39.01000000000014,1,2.5
1,B,PREDATOR,252,-11.280000000000001,128,9.008499999999774,5,3,100.0,44.96000000000013,1,2.5
1,B,PREDATOR,253,-12.839999999999984,284,9.008499999999774,5,2,100.0,48.12999999999974,1,2.5
1,B,PREDATOR,254,-12.239999999999997,224,9.008499999999774,3,2,100.0,67.14999999999928,3,2.5
1,B,PREDATOR,255,-12.509999999999991,251,9.008499999999774,5,2,100.0,57.0149999999994,1,2.5
1,B,PREDATOR,256,-12.159999999999998,216,9.008499999999774,337,2,90.68872403560798,81.90999999999963,72,2.5
1,B,PREDATOR,257,-12.209999999999997,221,9.008499999999774,5,2,100.0,54.61499999999974,1,2.5
1,B,PREDATOR,258,-12.239999999999997,224,9.008499999999774,6,2,100.0,48.36999999999999,0,2.5
1,B,PREDATOR,259,-12.249999999999996,225,9.008499999999774,5,3,100.0,16.63333333333349,1,2.5
1,B,PREDATOR,260,11.633333333332944,346,9.008499999999774,5,2,100.0,23.230000000000384,1,2.5
1,B,PREDATOR,261,11.883333333332947,321,9.008499999999774,5,2,100.0,23.680000000000383,1,2.5
1,B,PREDATOR,262,-12.98999999999998,299,9.008499999999774,5,2,100.0,50.1399999999995,1,2.5
1,B,PREDATOR,263,11.573333333332885,352,9.008499999999774,5,2,100.0,18.910000000000355,1,2.5
1,B,PREDATOR,264,45.100000000000584,500,9.008499999999774,4,3,100.0,4.826666666667003,2,2.5
1,B,PREDATOR,265,10.596666666666154,447,9.008499999999774,4,2,100.0,27.81999999999975,2,2.5
1,B,PREDATOR,266,-13.179999999999977,318,9.008499999999774,5,2,100.0,45.369999999999706,1,2.5
1,B,PREDATOR,267,-12.169999999999998,217,9.008499999999774,4,2,100.0,65.79999999999927,2,2.5
1,B,PREDATOR,268,-12.489999999999991,249,9.008499999999774,4,2,100.0,59.28999999999955,2,2.5
1,B,PREDATOR,269,36.20999999999992,395,9.008499999999774,3,2,100.0,36.55125000000043,3,2.5
1,B,PREDATOR,270,12.093333333332891,297,9.008499999999774,5,2,100.0,44.109999999999836,1,2.5
1,B,PREDATOR,271,11.426666666666394,334,9.008499999999774,3,2,100.0,55.33999999999967,3,2.5
1,B,PREDATOR,272,-12.649999999999988,265,9.008499999999774,5,2,100.0,47.98499999999994,1,2.5
1,B,PREDATOR,273,12.023333333333094,304,9.008499999999774,5,2,100.0,45.369999999999735,1,2.5
1,B,PREDATOR,274,11.246666666666203,382,9.008499999999774,4,2,100.0,43.949999999999456,2,2.5
1,B,PREDATOR,275,-12.739999999999986,274,9.008499999999774,5,2,100.0,40.905000000000086,1,2.5
1,B,PREDATOR,276,11.753333333333101,334,9.008499999999774,5,2,100.0,44.019999999999676,1,2.5
1,B,PREDATOR,277,11.92333333333294,317,9.008499999999774,5,2,100.0,34.21000000000021,1,2.5
1,B,PREDATOR,278,11.30666666666617,376,9.008499999999774,3,2,100.0,46.2749999999995,3,2.5
1,B,PREDATOR,279,-12.599999999999989,260,9.008499999999774,4,2,100.0,56.944999999999894,2,2.5
1,B,PREDATOR,280,11.84666666666624,292,9.008499999999774,4,2,100.0,51.0699999999995,2,2.5
1,B,PREDATOR,281,36.46000000000004,367,9.008499999999774,4,2,100.0,30.01000000000001,2,2.5
1,B,PREDATOR,282,-12.159999999999998,216,9.008499999999774,2,2,100.0,63.369999999999635,4,2.5
1,B,PREDATOR,283,-12.159999999999998,216,9.008499999999774,6,2,100.0,54.57999999999963,0,2.5
1,B,PREDATOR,284,-12.209999999999997,221,9.008499999999774,6,2,100.0,55.32999999999954,0,2.5
1,B,PREDATOR,285,-12.369999999999994,237,9.008499999999774,6,2,100.0,46.81,0,2.5
1,B,PREDATOR,286,-12.419999999999993,242,9.008499999999774,3,2,100.0,61.01499999999967,3,2.5
1,B,PREDATOR,287,-12.409999999999993,241,9.008499999999774,5,2,100.0,57.91499999999941,1,2.5
1,B,PREDATOR,288,-12.509999999999991,251,9.008499999999774,2,2,100.0,51.19499999999985,4,2.5
1,B,PREDATOR,289,36.47250000000006,354,9.008499999999774,2,2,100.0,57.63999999999895,4,2.5
1,B,PREDATOR,290,-12.459999999999992,246,9.008499999999774,5,2,100.0,57.18999999999937,1,2.5
1,B,PREDATOR,291,-12.249999999999996,225,9.008499999999774,6,2,100.0,54.249999999999595,0,2.5
1,B,PREDATOR,292,-12.169999999999998,217,9.008499999999774,5,2,100.0,50.8599999999999,1,2.5
1,B,PREDATOR,293,-12.179999999999998,218,9.008499999999774,5,2,100.0,60.6999999999996,1,2.5
1,B,PREDATOR,294,-12.259999999999996,226,9.008499999999774,5,2,100.0,55.26999999999939,1,2.5
1,B,PREDATOR,295,-12.209999999999997,221,9.008499999999774,6,2,100.0,50.37999999999988,0,2.5
1,B,PREDATOR,296,35.45333333333373,457,9.008499999999774,2,2,100.0,28.852499999999687,4,2.5
1,B,PREDATOR,297,-12.749999999999986,275,9.008499999999774,6,2,100.0,48.249999999999716,0,2.5
1,B,PREDATOR,298,11.9866666666663,308,9.008499999999774,3,1,100.0,54.229999999999634,3,2.5
1,B,PREDATOR,299,-12.639999999999988,264,9.008499999999774,5,2,100.0,45.105000000000004,1,2.5
1,B,PREDATOR,300,-12.879999999999983,288,9.008499999999774,4,2,95.97999999999985,55.60999999999939,2,2.5
1,B,PREDATOR,301,-11.870000000000001,187,9.008499999999774,3,3,100.0,38.356666666666456,3,2.5
1,B,PREDATOR,302,10.799999999999597,424,9.008499999999774,3,2,100.0,17.74000000000014,3,2.5
1,B,PREDATOR,303,-12.98999999999998,299,9.008499999999774,5,2,100.0,47.58999999999968,1,2.5
1,B,PREDATOR,304,-12.289999999999996,229,9.008499999999774,5,2,100.0,58.659999999999336,1,2.5
1,B,PREDATOR,305,-12.299999999999995,230,9.008499999999774,6,2,100.0,56.94999999999938,0,2.5
1,B,PREDATOR,306,-12.269999999999996,227,9.008499999999774,5,2,100.0,61.24499999999952,1,2.5
1,B,PREDATOR,307,12.176666666666522,289,9.008499999999774,4,2,100.0,55.83999999999932,2,2.5
1,B,PREDATOR,308,-12.889999999999983,289,9.008499999999774,5,2,100.0,45.55499999999967,1,2.5
1,B,PREDATOR,309,-12.179999999999998,218,9.008499999999774,6,2,100.0,49.53999999999996,0,2.5
1,B,PREDATOR,310,-12.58999999999999,259,9.008499999999774,6,2,100.0,46.71999999999992,0,2.5
1,B,PREDATOR,311,11.913333333333023,310,9.008499999999774,2,2,100.0,55.78499999999931,4,2.5
1,B,PREDATOR,312,11.353333333332875,374,9.008499999999774,5,0,100.0,0.0,1,2.5
1,B,PREDATOR,313,-13.669999999999966,367,9.008499999999774,3,2,100.0,48.31499999999945,3,2.5
1,B,PREDATOR,314,-12.98999999999998,299,9.008499999999774,5,2,100.0,39.08624999999995,1,2.5
1,B,PREDATOR,315,-12.469999999999992,247,9.008499999999774,3,2,100.0,68.02499999999927,3,2.5
1,B,PREDATOR,316,-12.51999999999999,252,9.008499999999774,6,2,100.0,43.96000000000013,0,2.5
1,B,PREDATOR,317,-12.689999999999987,269,9.008499999999774,6,2,100.0,39.52000000000028,0,2.5
1,B,PREDATOR,318,-12.309999999999995,231,9.008499999999774,6,2,100.0,50.67999999999978,0,2.5
1,B,PREDATOR,319,-12.859999999999983,286,9.008499999999774,4,2,100.0,45.969999999999686,2,2.5
1,B,PREDATOR,320,-12.55999999999999,256,9.008499999999774,6,2,100.0,49.029999999999774,0,2.5
1,B,PREDATOR,321,-13.099999999999978,310,9.008499999999774,5,2,100.0,48.75999999999955,1,2.5
1,B,PREDATOR,322,-12.229999999999997,223,9.008499999999774,6,2,99.89999999999999,44.590000000000174,0,2.5
1,B,PREDATOR,323,35.846666666667204,426,9.008499999999774,3,2,100.0,21.610000000000017,3,2.5
1,B,PREDATOR,324,-11.25,125,9.008499999999774,2,3,100.0,59.79000000000011,4,2.5
1,B,PREDATOR,325,-12.839999999999984,284,9.008499999999774,2,2,100.0,63.16000000000004,4,2.5
1,B,PREDATOR,326,9.436666666666207,368,9.008499999999774,4,2,100.0,30.5062499999999,2,2.5
1,B,PREDATOR,327,-13.439999999999971,344,9.008499999999774,3,2,100.0,58.369999999999266,3,2.5
1,B,PREDATOR,328,10.506666666666279,456,9.008499999999774,2,2,100.0,44.81499999999966,4,2.5
1,B,PREDATOR,329,12.196666666666564,284,9.008499999999774,4,2,100.0,45.99999999999991,2,2.5
1,B,PREDATOR,330,12.296666666666278,277,9.008499999999774,4,2,100.0,9.010000000000186,2,2.5
1,B,PREDATOR,331,-12.53999999999999,254,9.008499999999774,5,2,100.0,59.22999999999928,1,2.5
1,B,PREDATOR,332,-12.55999999999999,256,9.008499999999774,5,2,100.0,49.96500000000024,1,2.5
1,B,PREDATOR,333,-12.839999999999984,284,9.008499999999774,6,2,100.0,39.070000000000235,0,2.5
1,B,PREDATOR,334,11.733333333332832,333,9.008499999999774,3,2,100.0,42.571249999999594,3,2.5
1,B,PREDATOR,335,-12.849999999999984,285,9.008499999999774,4,2,100.0,55.669999999999575,2,2.5
1,B,PREDATOR,336,-12.859999999999983,286,9.008499999999774,5,2,100.0,48.464999999999804,1,2.5
1,B,PREDATOR,337,-12.899999999999983,290,9.008499999999774,2,2,100.0,63.524999999999444,4,2.5
1,B,PREDATOR,338,-12.859999999999983,286,9.008499999999774,6,2,100.0,45.429999999999836,0,2.5
1,B,PREDATOR,339,-12.839999999999984,284,9.008499999999774,5,2,100.0,53.95499999999944,1,2.5
1,B,PREDATOR,340,-12.439999999999992,244,9.008499999999774,5,2,100.0,59.40999999999922,1,2.5
1,B,PREDATOR,341,44.22916666666689,500,9.008499999999774,2,3,100.0,9.697499999999962,4,2.5
1,B,PREDATOR,342,45.01666666666729,500,9.008499999999774,3,3,100.0,9.716666666666695,3,2.5
1,B,PREDATOR,343,11.473333333332834,359,9.008499999999774,5,2,100.0,33.52000000000022,1,2.5
1,B,PREDATOR,344,-13.089999999999979,309,9.008499999999774,5,2,100.0,51.25499999999943,1,2.5
1,B,PREDATOR,345,-13.089999999999979,309,9.008499999999774,4,2,100.0,58.63499999999904,2,2.5
1,B,PREDATOR,346,-12.689999999999987,269,9.008499999999774,6,2,100.0,45.9699999999999,0,2.5
1,B,PREDATOR,347,-12.229999999999997,223,9.008499999999774,3,2,100.0,56.40999999999978,3,2.5
1,B,PREDATOR,348,-12.699999999999987,270,9.008499999999774,4,2,100.0,61.089999999999364,2,2.5
1,B,PREDATOR,349,-12.58999999999999,259,9.008499999999774,6,2,100.0,45.07000000000001,0,2.5
1,B,PREDATOR,350,-12.239999999999997,224,9.008499999999774,4,2,97.4499999999999,60.213749999999564,2,2.5
2,A,PREY,1,1874.530000000004,500,150.33799999999945,7,1,99.05714285714282,5.500000000000365,0,1.4
2,A,PREY,2,1954.5100000000048,500,150.33799999999945,7,1,99.63999999999999,5.500000000000215,0,1.4
2,A,PREY,3,2194.45,500,150.33799999999945,5,2,98.86599999999996,16.27500000000003,2,1.4
2,A,PREY,4,2234.439999999994,500,150.33799999999945,5,2,99.54399999999998,24.676249999999836,2,1.4
2,A,PREY,5,2194.449999999993,500,150.33799999999945,5,1,99.70599999999999,26.000000000000092,2,1.4
2,A,PREY,6,2754.309999999979,500,150.33799999999945,6,0,99.66499999999998,0.0,1,1.4
2,A,PREY,7,2634.3399999999824,500,150.33799999999945,338,2,87.6595857988161,52.66500000000008,8,1.4
2,A,PREY,8,1994.5000000000045,500,150.33799999999945,7,1,99.49857142857141,1.9000000000004773,0,1.4
2,A,PREY,9,105.33999999999997,13,150.33799999999945,6,2,100.0,90.07,1,1.4
2,A,PREY,10,2914.269999999982,500,150.33799999999945,4,2,99.72999999999999,27.934999999999803,3,1.4
2,A,PREY,11,306.6300000000004,79,150.33799999999945,3,2,100.0,99.78999999999999,4,1.4
2,A,PREY,12,2307.919999999994,500,150.33799999999945,338,2,80.70766272189331,67.79999999999987,10,1.4
2,A,PREY,13,2594.349999999989,500,150.33799999999945,6,1,99.82,9.460000000000166,1,1.4
2,A,PREY,14,2554.3599999999906,500,150.33799999999945,4,1,99.865,32.43999999999987,3,1.4
2,A,PREY,15,105.22999999999995,24,150.33799999999945,6,2,100.0,87.06749999999994,1,1.4
2,A,PREY,16,1266.2400000000016,194,150.33799999999945,5,2,100.0,68.13749999999969,2,1.4
2,A,PREY,17,3154.209999999974,500,150.33799999999945,7,0,99.60142857142856,0.0,0,1.4
2,A,PREY,18,3794.049999999954,500,150.33799999999945,5,2,99.892,19.209999999999845,2,1.4
2,A,PREY,19,3074.2299999999714,500,150.33799999999945,7,0,99.75142857142858,0.0,0,1.4
2,A,PREY,20,3314.1699999999723,500,150.33799999999945,7,0,99.65714285714284,0.0,0,1.4
2,A,PREY,21,2785.3199999999892,348,150.33799999999945,5,2,100.0,42.33500000000026,2,1.4
2,A,PREY,22,227.56000000000006,38,150.33799999999945,6,2,99.98,81.47249999999993,1,1.4
2,A,PREY,23,3954.0099999999675,500,150.33799999999945,4,2,99.9025,28.289999999999942,3,1.4
2,A,PREY,24,3223.96999999997,472,150.33799999999945,6,1,100.0,36.29000000000022,1,1.4
2,A,PREY,25,4113.969999999967,500,150.33799999999945,7,0,99.92285714285715,0.0,0,1.4
2,A,PREY,26,4713.819999999946,500,150.33799999999945,6,1,99.68499999999999,20.8700000000004,1,1.4
2,A,PREY,27,4233.939999999958,500,150.33799999999945,7,0,99.88428571428571,0.0,0,1.4
2,A,PREY,28,4433.889999999948,500,150.33799999999945,6,1,100.0,24.77000000000022,1,1.4
2,A,PREY,29,4153.959999999966,500,150.33799999999945,5,1,99.892,1.4800000000003422,2,1.4
2,A,PREY,30,3993.9999999999563,500,150.33799999999945,5,1,100.0,30.440000000000307,2,1.4
2,A,PREY,31,4753.809999999952,500,150.33799999999945,5,2,99.67599999999999,17.72000000000017,2,1.4
2,A,PREY,32,4313.919999999959,500,150.33799999999945,338,2,92.65071005917133,49.69000000000002,8,1.4
2,A,PREY,33,349.0200000000002,39,150.33799999999945,6,2,100.0,90.0099999999999,1,1.4
2,A,PREY,34,4513.8699999999535,500,150.33799999999945,7,0,99.86714285714285,0.0,0,1.4
2,A,PREY,35,4673.829999999952,500,150.33799999999945,5,1,100.0,11.990000000000206,2,1.4
2,A,PREY,36,656.5800000000011,125,150.33799999999945,4,2,100.0,77.80000000000003,3,1.4
2,A,PREY,37,4553.859999999959,500,150.33799999999945,5,1,99.838,26.259999999999827,2,1.4
2,A,PREY,38,268.6800000000001,25,150.33799999999945,6,2,100.0,87.09749999999994,1,1.4
2,A,PREY,39,5153.709999999947,500,150.33799999999945,5,1,99.67599999999999,21.999999999999787,2,1.4
2,A,PREY,40,269.0100000000003,42,150.33799999999945,6,2,100.0,79.77374999999992,1,1.4
2,A,PREY,41,3743.5799999999736,348,150.33799999999945,4,2,100.0,52.96249999999969,3,1.4
2,A,PREY,42,6273.429999999932,500,150.33799999999945,6,1,99.865,7.070000000000414,1,1.4
2,A,PREY,43,5553.609999999938,500,150.33799999999945,6,0,100.0,0.0,1,1.4
2,A,PREY,44,4673.829999999956,500,150.33799999999945,5,1,99.51999999999998,40.69500000000033,2,1.4
2,A,PREY,45,5753.559999999928,500,150.33799999999945,5,1,99.946,1.9000000000002604,2,1.4
2,A,PREY,46,5633.589999999935,500,150.33799999999945,5,1,100.0,12.77000000000025,2,1.4
2,A,PREY,47,4993.749999999964,500,150.33799999999945,7,1,100.0,1.0000000000004752,0,1.4
2,A,PREY,48,626.9900000000006,85,150.33799999999945,6,2,100.0,68.60249999999998,1,1.4
2,A,PREY,49,4833.789999999946,500,150.33799999999945,7,0,99.96142857142857,0.0,0,1.4
2,A,PREY,50,109.34000000000003,13,150.33799999999945,6,2,100.0,90.66999999999999,1,1.4
2,A,PREY,51,6273.429999999927,500,150.33799999999945,5,2,100.0,23.84000000000066,2,1.4
2,A,PREY,52,5633.589999999938,500,150.33799999999945,5,1,99.814,17.860000000000344,2,1.4
2,A,PREY,53,6113.4699999999275,500,150.33799999999945,5,1,100.0,30.879999999999804,2,1.4
2,A,PREY,54,5353.659999999944,500,150.33799999999945,5,1,99.946,28.17999999999993,2,1.4
2,A,PREY,55,7353.159999999917,500,150.33799999999945,6,1,99.91000000000001,25.700000000000248,1,1.4
2,A,PREY,56,7033.239999999916,500,150.33799999999945,7,1,100.0,0.4000000000004388,0,1.4
2,A,PREY,57,64.84000000000002,14,150.33799999999945,6,2,100.0,89.55999999999999,1,1.4
2,A,PREY,58,4953.759999999961,500,150.33799999999945,6,1,100.0,7.359999999999755,1,1.4
2,A,PREY,59,5673.579999999941,500,150.33799999999945,7,1,99.96142857142857,4.900000000000259,0,1.4
2,A,PREY,60,3745.659999999985,290,150.33799999999945,6,2,100.0,39.416250000000446,1,1.4
2,A,PREY,61,188.68000000000006,27,150.33799999999945,6,2,100.0,89.94374999999991,1,1.4
2,A,PREY,62,6073.479999999938,500,150.33799999999945,7,1,100.0,0.7000000000004739,0,1.4
2,A,PREY,63,228.5599999999999,88,150.33799999999945,5,2,100.0,84.56624999999981,2,1.4
2,A,PREY,64,7353.159999999917,500,150.33799999999945,6,1,99.71,24.07249999999988,1,1.4
2,A,PREY,65,107.82999999999997,14,150.33799999999945,6,2,100.0,91.50999999999996,1,1.4
2,A,PREY,66,7393.14999999992,500,150.33799999999945,5,1,99.946,13.660000000000165,2,1.4
2,A,PREY,67,67.84999999999998,13,150.33799999999945,6,2,100.0,90.21999999999998,1,1.4
2,A,PREY,68,348.6000000000002,31,150.33799999999945,6,2,100.0,87.32999999999993,1,1.4
2,A,PREY,69,5393.649999999955,500,150.33799999999945,338,2,93.54843195266248,47.83000000000016,9,1.4
2,A,PREY,70,6593.349999999927,500,150.33799999999945,5,1,99.868,20.079999999999885,2,1.4
2,A,PREY,71,8072.979999999911,500,150.33799999999945,4,2,100.0,21.494999999999802,3,1.4
2,A,PREY,72,66.34000000000003,14,150.33799999999945,6,2,100.0,89.55999999999999,1,1.4
2,A,PREY,73,109.25999999999993,21,150.33799999999945,6,2,100.0,88.08999999999997,1,1.4
2,A,PREY,74,4704.699999999971,362,150.33799999999945,3,2,100.0,46.22624999999991,4,1.4
2,A,PREY,75,7673.079999999915,500,150.33799999999945,7,0,99.94428571428571,0.0,0,1.4
2,A,PREY,76,7433.139999999912,500,150.33799999999945,4,2,100.0,24.86000000000008,3,1.4
2,A,PREY,77,6942.349999999935,491,150.33799999999945,4,2,100.0,24.51000000000005,3,1.4
2,A,PREY,78,7753.05999999991,500,150.33799999999945,3,2,99.68999999999998,31.539999999999864,4,1.4
2,A,PREY,79,7953.009999999913,500,150.33799999999945,7,1,99.96142857142857,3.100000000000244,0,1.4
2,A,PREY,80,8192.949999999908,500,150.33799999999945,3,2,100.0,32.08999999999957,4,1.4
2,A,PREY,81,7753.059999999923,500,150.33799999999945,6,0,99.865,0.0,1,1.4
2,A,PREY,82,8472.879999999914,500,150.33799999999945,6,1,99.955,3.1599999999997417,1,1.4
2,A,PREY,83,8952.759999999906,500,150.33799999999945,7,0,99.88428571428571,0.0,0,1.4
2,A,PREY,84,8952.759999999907,500,150.33799999999945,6,2,99.955,14.53500000000046,1,1.4
2,A,PREY,85,690.6600000000007,66,150.33799999999945,4,2,100.0,95.9099999999999,3,1.4
2,A,PREY,86,7553.109999999923,500,150.33799999999945,5,2,99.78399999999999,20.535000000000167,2,1.4
2,A,PREY,87,2466.849999999997,153,150.33799999999945,5,2,100.0,67.91249999999991,2,1.4
2,A,PREY,88,8232.939999999908,500,150.33799999999945,4,2,99.9025,25.479999999999986,3,1.4
2,A,PREY,89,26.86000000000002,13,150.33799999999945,6,2,100.0,91.26999999999998,1,1.4
2,A,PREY,90,1529.9800000000012,113,150.33799999999945,4,2,100.0,75.07000000000006,3,1.4
2,A,PREY,91,6993.249999999928,500,150.33799999999945,4,2,99.97,21.300000000000384,3,1.4
2,A,PREY,92,8992.749999999904,500,150.33799999999945,4,1,100.0,44.83500000000013,3,1.4
2,A,PREY,93,8112.969999999921,500,150.33799999999945,4,2,100.0,24.341250000000215,3,1.4
2,A,PREY,94,8272.929999999917,500,150.33799999999945,5,1,99.892,49.379999999998795,2,1.4
2,A,PREY,95,227.65000000000003,29,150.33799999999945,6,2,100.0,85.81874999999994,1,1.4
2,A,PREY,96,8672.829999999905,500,150.33799999999945,6,0,100.0,0.0,1,1.4
2,A,PREY,97,7833.039999999922,500,150.33799999999945,5,1,99.946,23.67999999999978,2,1.4
2,A,PREY,98,9112.7199999999,500,150.33799999999945,6,2,99.68999999999998,15.720000000000056,1,1.4
2,A,PREY,99,8861.889999999907,489,150.33799999999945,4,2,100.0,32.20750000000029,3,1.4
2,A,PREY,100,3026.619999999997,162,150.33799999999945,5,2,98.67399999999995,77.42249999999963,2,1.4
2,A,PREY,101,2183.079999999995,137,150.33799999999945,4,2,100.0,71.19999999999982,3,1.4
2,A,PREY,102,9712.569999999898,500,150.33799999999945,4,1,99.9325,27.519999999999882,3,1.4
2,A,PREY,103,8832.789999999906,500,150.33799999999945,4,2,100.0,30.639999999999574,3,1.4
2,A,PREY,104,7342.519999999931,464,150.33799999999945,6,1,100.0,35.15000000000026,1,1.4
2,A,PREY,105,9672.5799999999,500,150.33799999999945,3,1,99.96,33.63999999999987,4,1.4
2,A,PREY,106,9312.669999999902,500,150.33799999999945,7,2,99.82857142857142,4.750000000000378,0,1.4
2,A,PREY,107,8832.789999999908,500,150.33799999999945,6,1,100.0,30.69999999999983,1,1.4
2,A,PREY,108,7713.069999999923,500,150.33799999999945,18,2,91.79277777777777,9.270000000000262,1,1.4
2,A,PREY,109,9552.609999999899,500,150.33799999999945,7,1,99.88428571428571,8.200000000000149,0,1.4
2,A,PREY,110,10072.479999999892,500,150.33799999999945,7,1,99.92285714285715,7.30000000000014,0,1.4
2,A,PREY,111,9552.609999999895,500,150.33799999999945,6,2,100.0,14.370000000000202,1,1.4
2,A,PREY,112,28.760000000000048,23,150.33799999999945,6,2,100.0,90.1537499999999,1,1.4
2,A,PREY,113,8992.749999999913,500,150.33799999999945,5,2,100.0,12.15500000000009,2,1.4
2,A,PREY,114,9272.67999999991,500,150.33799999999945,7,2,100.0,9.400000000000123,0,1.4
2,A,PREY,115,2942.019999999993,224,150.33799999999945,4,2,100.0,69.6100000000002,3,1.4
2,A,PREY,116,9232.689999999899,500,150.33799999999945,7,0,99.94857142857143,0.0,0,1.4
2,A,PREY,117,9152.709999999912,500,150.33799999999945,5,2,100.0,11.05250000000001,2,1.4
2,A,PREY,118,9352.659999999905,500,150.33799999999945,6,2,99.96,11.970000000000313,1,1.4
2,A,PREY,119,788.9400000000004,36,150.33799999999945,5,2,100.0,94.19624999999995,2,1.4
2,A,PREY,120,9952.509999999895,500,150.33799999999945,7,1,100.0,5.200000000000208,0,1.4
2,A,PREY,121,8152.959999999918,500,150.33799999999945,6,1,99.865,4.900000000000123,1,1.4
2,A,PREY,122,9912.519999999897,500,150.33799999999945,5,2,100.0,27.155000000000022,2,1.4
2,A,PREY,123,8352.909999999916,500,150.33799999999945,6,0,100.0,0.0,1,1.4
2,A,PREY,124,69.29999999999997,18,150.33799999999945,10,2,97.976,88.71999999999998,1,1.4
2,A,PREY,125,8912.769999999911,500,150.33799999999945,4,1,99.9325,27.21999999999999,3,1.4
2,A,PREY,126,10672.32999999989,500,150.33799999999945,5,2,99.952,13.200000000000252,2,1.4
2,A,PREY,127,10552.35999999989,500,150.33799999999945,7,0,100.0,0.0,0,1.4
2,A,PREY,128,9672.579999999904,500,150.33799999999945,7,1,100.0,10.300000000000123,0,1.4
2,A,PREY,129,9592.599999999906,500,150.33799999999945,7,1,99.96142857142857,1.900000000000313,0,1.4
2,A,PREY,130,10712.319999999887,500,150.33799999999945,5,1,99.976,30.41000000000019,2,1.4
2,A,PREY,131,9112.719999999908,500,150.33799999999945,6,0,100.0,0.0,1,1.4
2,A,PREY,132,9672.579999999909,500,150.33799999999945,7,0,99.96142857142857,0.0,0,1.4
2,A,PREY,133,10232.439999999895,500,150.33799999999945,5,2,99.946,16.80500000000023,2,1.4
2,A,PREY,134,10392.399999999889,500,150.33799999999945,6,1,100.0,21.402500000000398,1,1.4
2,A,PREY,135,5664.89999999997,318,150.33799999999945,6,2,100.0,37.24125000000047,1,1.4
2,A,PREY,136,11592.099999999882,500,150.33799999999945,5,1,99.946,39.82999999999976,2,1.4
2,A,PREY,137,11672.07999999988,500,150.33799999999945,338,2,90.05704142011797,33.52000000000012,6,1.4
2,A,PREY,138,8861.409999999916,487,150.33799999999945,5,2,100.0,20.999999999999975,2,1.4
2,A,PREY,139,10192.449999999893,500,150.33799999999945,338,1,87.69408284023623,84.45999999999994,9,1.4
2,A,PREY,140,7753.05999999992,500,150.33799999999945,338,1,91.59026627218903,23.570000000000118,2,1.4
2,A,PREY,141,10952.259999999891,500,150.33799999999945,4,1,99.9325,32.93000000000038,3,1.4
2,A,PREY,142,10552.359999999891,500,150.33799999999945,6,2,100.0,5.680000000000046,1,1.4
2,A,PREY,143,9592.59999999991,500,150.33799999999945,7,1,99.96142857142857,9.100000000000255,0,1.4
2,A,PREY,144,11872.029999999877,500,150.33799999999945,7,0,100.0,0.0,0,1.4
2,A,PREY,145,10592.349999999897,500,150.33799999999945,6,2,100.0,15.101250000000336,1,1.4
2,A,PREY,146,68.80999999999995,67,150.33799999999945,6,2,100.0,73.88999999999986,1,1.4
2,A,PREY,147,11672.079999999884,500,150.33799999999945,6,1,100.0,31.95999999999972,1,1.4
2,A,PREY,148,10552.359999999897,500,150.33799999999945,7,0,99.96142857142857,0.0,0,1.4
2,A,PREY,149,828.9000000000004,39,150.33799999999945,5,2,100.0,93.78874999999992,2,1.4
2,A,PREY,150,11352.159999999882,500,150.33799999999945,7,1,100.0,6.700000000000272,0,1.4
2,A,PREY,151,10112.46999999991,500,150.33799999999945,6,1,100.0,14.439999999999682,1,1.4
2,A,PREY,152,10352.409999999902,500,150.33799999999945,5,1,99.946,34.77999999999988,2,1.4
2,A,PREY,153,11512.119999999884,500,150.33799999999945,7,0,100.0,0.0,0,1.4
2,A,PREY,154,10152.459999999903,500,150.33799999999945,7,1,100.0,9.400000000000086,0,1.4
2,A,PREY,155,10792.299999999894,500,150.33799999999945,5,2,100.0,15.420000000000108,2,1.4
2,A,PREY,156,66.30999999999996,17,150.33799999999945,6,2,100.0,88.92999999999998,1,1.4
2,A,PREY,157,11352.159999999889,500,150.33799999999945,6,0,100.0,0.0,1,1.4
2,A,PREY,158,10192.4499999999,500,150.33799999999945,7,1,100.0,4.900000000000503,0,1.4
2,A,PREY,159,10672.3299999999,500,150.33799999999945,5,1,100.0,31.110000000000092,2,1.4
2,A,PREY,160,10952.259999999898,500,150.33799999999945,6,2,100.0,20.37000000000024,1,1.4
2,A,PREY,161,269.01000000000005,42,150.33799999999945,5,2,100.0,94.3762499999999,2,1.4
2,A,PREY,162,10352.409999999902,500,150.33799999999945,5,2,100.0,18.16000000000006,2,1.4
2,A,PREY,163,11792.049999999886,500,150.33799999999945,4,2,100.0,28.500000000000448,3,1.4
2,A,PREY,164,10472.379999999897,500,150.33799999999945,6,0,99.91000000000001,0.0,1,1.4
2,A,PREY,165,12351.909999999876,500,150.33799999999945,4,1,100.0,43.5999999999997,3,1.4
2,A,PREY,166,10112.469999999903,500,150.33799999999945,6,1,100.0,20.560000000000134,1,1.4
2,A,PREY,167,10032.489999999907,500,150.33799999999945,6,1,100.0,27.7599999999999,1,1.4
2,A,PREY,168,10832.289999999897,500,150.33799999999945,6,2,99.955,6.340000000000062,1,1.4
2,A,PREY,169,12151.959999999879,500,150.33799999999945,6,2,100.0,2.380000000000212,1,1.4
2,A,PREY,170,10792.2999999999,500,150.33799999999945,7,1,100.0,1.000000000000286,0,1.4
2,A,PREY,171,9102.689999999919,453,150.33799999999945,3,2,100.0,39.41250000000014,4,1.4
2,A,PREY,172,12431.889999999876,500,150.33799999999945,7,2,99.96142857142857,11.350000000000112,0,1.4
2,A,PREY,173,12791.799999999876,500,150.33799999999945,4,2,99.9025,36.3775000000004,3,1.4
2,A,PREY,174,13151.709999999872,500,150.33799999999945,5,0,99.892,0.0,2,1.4
2,A,PREY,175,948.8200000000005,44,150.33799999999945,6,2,100.0,79.10249999999992,1,1.4
2,A,PREY,176,12191.94999999988,500,150.33799999999945,7,2,99.88428571428571,9.55000000000023,0,1.4
2,A,PREY,177,11991.999999999882,500,150.33799999999945,6,2,96.95499999999988,11.949999999999932,1,1.4
2,A,PREY,178,11872.029999999882,500,150.33799999999945,7,1,100.0,3.7000000000004523,0,1.4
2,A,PREY,179,68.65000000000002,33,150.33799999999945,6,2,100.0,83.57249999999993,1,1.4
2,A,PREY,180,28.830000000000034,16,150.33799999999945,6,2,100.0,89.13999999999999,1,1.4
2,A,PREY,181,66.34,14,150.33799999999945,6,2,100.0,91.65999999999997,1,1.4
2,A,PREY,182,11672.079999999889,500,150.33799999999945,7,1,100.0,8.200000000000102,0,1.4
2,A,PREY,183,10952.259999999897,500,150.33799999999945,7,1,99.92285714285715,17.800000000000036,0,1.4
2,A,PREY,184,12711.819999999874,500,150.33799999999945,4,2,99.97,13.899999999999888,3,1.4
2,A,PREY,185,12951.759999999871,500,150.33799999999945,6,2,100.0,17.37999999999991,1,1.4
2,A,PREY,186,141.31999999999982,64,150.33799999999945,5,2,100.0,79.06,2,1.4
2,A,PREY,187,13391.64999999987,500,150.33799999999945,4,2,100.0,30.629999999999722,3,1.4
2,A,PREY,188,11352.159999999894,500,150.33799999999945,6,1,99.77499999999999,12.28000000000013,1,1.4
2,A,PREY,189,12671.829999999874,500,150.33799999999945,6,1,99.865,22.370000000000356,1,1.4
2,A,PREY,190,12831.789999999874,500,150.33799999999945,6,1,100.0,2.840000000000285,1,1.4
2,A,PREY,191,11027.739999999898,500,150.33799999999945,5,1,100.0,6.740000000000208,2,1.4
2,A,PREY,192,3225.789999999998,190,150.33799999999945,5,2,100.0,64.70624999999978,2,1.4
2,A,PREY,193,2338.18,123,150.33799999999945,2,2,100.0,96.15999999999995,5,1.4
2,A,PREY,194,13631.589999999867,500,150.33799999999945,6,1,99.955,34.64000000000039,1,1.4
2,A,PREY,195,13191.699999999872,500,150.33799999999945,4,2,100.0,31.124999999999776,3,1.4
2,A,PREY,196,4544.379999999988,248,150.33799999999945,5,2,100.0,61.058750000000174,2,1.4
2,A,PREY,197,13671.579999999869,500,150.33799999999945,6,1,99.955,13.670000000000405,1,1.4
2,A,PREY,198,1508.1000000000006,52,150.33799999999945,6,2,100.0,77.8612499999999,1,1.4
2,A,PREY,199,2376.3599999999947,104,150.33799999999945,5,2,100.0,78.46000000000004,2,1.4
2,A,PREY,200,12911.769999999875,500,150.33799999999945,7,1,100.0,9.400000000000142,0,1.4
2,A,PREY,201,106.81999999999996,15,150.33799999999945,6,2,100.0,90.24999999999997,1,1.4
2,A,PREY,202,11752.05999999989,500,150.33799999999945,5,2,100.0,10.110000000000259,2,1.4
2,A,PREY,203,12631.839999999884,500,150.33799999999945,6,2,100.0,3.7350000000003236,1,1.4
2,A,PREY,204,13071.729999999878,500,150.33799999999945,5,2,100.0,16.900000000000045,2,1.4
2,A,PREY,205,25.360000000000028,13,150.33799999999945,6,2,99.94,89.76999999999998,1,1.4
2,A,PREY,206,12351.909999999883,500,150.33799999999945,6,1,100.0,30.530000000000893,1,1.4
2,A,PREY,207,508.6700000000003,70,150.33799999999945,5,2,99.946,85.0649999999999,2,1.4
2,A,PREY,208,12951.759999999884,500,150.33799999999945,338,1,93.65650887573956,20.13999999999987,2,1.4
2,A,PREY,209,13231.689999999875,500,150.33799999999945,6,1,100.0,1.3400000000002252,1,1.4
2,A,PREY,210,12511.869999999884,500,150.33799999999945,4,2,100.0,11.559999999999869,3,1.4
2,A,PREY,211,548.2700000000003,59,150.33799999999945,5,2,99.06399999999996,88.25999999999986,2,1.4
2,A,PREY,212,11712.069999999892,500,150.33799999999945,7,0,100.0,0.0,0,1.4
2,A,PREY,213,13151.709999999877,500,150.33799999999945,5,1,100.0,23.300000000000086,2,1.4
2,A,PREY,214,13111.719999999877,500,150.33799999999945,6,0,99.955,0.0,1,1.4
2,A,PREY,215,13871.529999999868,500,150.33799999999945,6,2,100.0,19.035000000000366,1,1.4
2,A,PREY,216,12591.849999999888,500,150.33799999999945,3,1,100.0,43.7899999999997,4,1.4
2,A,PREY,217,2785.3900000000003,191,150.33799999999945,2,2,100.0,77.62249999999986,5,1.4
2,A,PREY,218,13631.589999999871,500,150.33799999999945,5,2,99.946,15.455000000000044,2,1.4
2,A,PREY,219,6305.479999999964,244,150.33799999999945,5,2,100.0,56.12624999999993,2,1.4
2,A,PREY,220,13831.539999999868,500,150.33799999999945,7,0,100.0,0.0,0,1.4
2,A,PREY,221,11712.069999999894,500,150.33799999999945,4,2,99.9325,17.986250000000283,3,1.4
2,A,PREY,222,13791.549999999865,500,150.33799999999945,6,2,99.955,13.185000000000164,1,1.4
2,A,PREY,223,8503.289999999937,358,150.33799999999945,4,2,100.0,38.75625000000004,3,1.4
2,A,PREY,224,947.8600000000005,40,150.33799999999945,5,2,100.0,92.49749999999992,2,1.4
2,A,PREY,225,14591.349999999862,500,150.33799999999945,338,0,86.27766272189297,0.0,0,1.4
2,A,PREY,226,13791.549999999866,500,150.33799999999945,7,1,100.0,3.400000000000098,0,1.4
2,A,PREY,227,12591.84999999989,500,150.33799999999945,7,0,100.0,0.0,0,1.4
2,A,PREY,228,13431.639999999878,500,150.33799999999945,6,0,100.0,0.0,1,1.4
2,A,PREY,229,13191.699999999879,500,150.33799999999945,4,1,100.0,43.42999999999962,3,1.4
2,A,PREY,230,12791.79999999988,500,150.33799999999945,4,2,100.0,23.810000000000052,3,1.4
2,A,PREY,231,3906.2599999999966,176,150.33799999999945,5,2,100.0,67.69999999999983,2,1.4
2,A,PREY,232,8783.799999999937,300,150.33799999999945,5,2,100.0,53.98125000000004,2,1.4
2,A,PREY,233,14551.359999999862,500,150.33799999999945,4,1,100.0,71.64999999999807,3,1.4
2,A,PREY,234,12671.829999999882,500,150.33799999999945,7,0,100.0,0.0,0,1.4
2,A,PREY,235,12629.339999999884,500,150.33799999999945,2,2,99.72999999999999,49.37499999999917,5,1.4
2,A,PREY,236,6145.959999999973,200,150.33799999999945,4,2,100.0,65.90624999999984,3,1.4
2,A,PREY,237,14071.479999999865,500,150.33799999999945,338,0,91.91615384615355,0.0,0,1.4
2,A,PREY,238,14511.369999999864,500,150.33799999999945,5,2,99.946,19.205000000000172,2,1.4
2,A,PREY,239,2227.139999999999,80,150.33799999999945,6,2,100.0,72.56624999999985,1,1.4
2,A,PREY,240,13791.549999999874,500,150.33799999999945,7,1,100.0,5.20000000000013,0,1.4
2,A,PREY,241,13191.69999999988,500,150.33799999999945,7,0,100.0,0.0,0,1.4
2,A,PREY,242,13751.559999999876,500,150.33799999999945,7,0,100.0,0.0,0,1.4
2,A,PREY,243,26.360000000000028,13,150.33799999999945,6,2,100.0,89.76999999999998,1,1.4
2,A,PREY,244,13791.549999999876,500,150.33799999999945,7,1,100.0,2.2000000000003466,0,1.4
2,A,PREY,245,28.860000000000028,13,150.33799999999945,6,2,100.0,89.76999999999998,1,1.4
2,A,PREY,246,13511.619999999872,500,150.33799999999945,6,1,100.0,22.94000000000075,1,1.4
2,A,PREY,247,13301.269999999879,490,150.33799999999945,3,2,100.0,31.367499999999918,4,1.4
2,A,PREY,248,628.0700000000003,27,150.33799999999945,6,2,100.0,90.02624999999992,1,1.4
2,A,PREY,249,13591.599999999873,500,150.33799999999945,7,0,100.0,0.0,0,1.4
2,A,PREY,250,64.85000000000001,13,150.33799999999945,6,2,100.0,89.76999999999998,1,1.4
2,A,PREY,251,12381.059999999892,434,150.33799999999945,6,2,100.0,25.10250000000039,1,1.4
2,A,PREY,252,1268.1400000000003,54,150.33799999999945,6,2,100.0,85.21499999999992,2,1.4
2,A,PREY,253,1348.1600000000005,50,150.33799999999945,5,2,100.0,91.58249999999988,2,1.4
2,A,PREY,254,14311.41999999987,500,150.33799999999945,7,1,100.0,1.0000000000003197,0,1.4
2,A,PREY,255,13991.49999999987,500,150.33799999999945,3,2,99.82,26.199999999999857,4,1.4
2,A,PREY,256,15271.179999999858,500,150.33799999999945,5,1,100.0,31.6999999999999,2,1.4
2,A,PREY,257,13271.67999999988,500,150.33799999999945,6,1,99.98,21.770000000000227,1,1.4
2,A,PREY,258,3746.4399999999982,162,150.33799999999945,4,2,100.0,69.7025,3,1.4
2,A,PREY,259,14871.27999999986,500,150.33799999999945,5,2,100.0,24.00500000000032,2,1.4
2,A,PREY,260,14311.41999999987,500,150.33799999999945,7,1,100.0,4.000000000000125,0,1.4
2,A,PREY,261,14191.44999999987,500,150.33799999999945,5,1,99.946,36.50999999999975,2,1.4
2,A,PREY,262,1228.3000000000004,39,150.33799999999945,5,2,100.0,97.22249999999991,2,1.4
2,A,PREY,263,15351.159999999856,500,150.33799999999945,6,2,100.0,23.369999999999873,1,1.4
2,A,PREY,264,13831.539999999877,500,150.33799999999945,3,2,100.0,30.95000000000011,4,1.4
2,A,PREY,265,14311.41999999987,500,150.33799999999945,5,2,99.946,33.31499999999943,2,1.4
2,A,PREY,266,14151.459999999874,500,150.33799999999945,6,1,99.91000000000001,31.479999999999766,1,1.4
2,A,PREY,267,15911.019999999853,500,150.33799999999945,4,2,100.0,7.150000000000081,3,1.4
2,A,PREY,268,227.79000000000002,15,150.33799999999945,6,2,100.0,89.35,1,1.4
2,A,PREY,269,24.340000000000032,15,150.33799999999945,6,2,100.0,90.09999999999998,1,1.4
2,A,PREY,270,14391.399999999869,500,150.33799999999945,6,1,99.935,9.440000000000412,1,1.4
2,A,PREY,271,12621.779999999895,406,150.33799999999945,5,2,100.0,30.618750000000013,2,1.4
2,A,PREY,272,15071.22999999986,500,150.33799999999945,6,2,100.0,11.440000000000323,1,1.4
2,A,PREY,273,12991.749999999885,500,150.33799999999945,6,2,100.0,9.285000000000323,1,1.4
2,A,PREY,274,13751.559999999876,500,150.33799999999945,5,2,100.0,21.429999999999524,2,1.4
2,A,PREY,275,14311.419999999873,500,150.33799999999945,5,2,99.946,19.935000000000205,2,1.4
2,A,PREY,276,14671.329999999865,500,150.33799999999945,7,0,99.92285714285715,0.0,0,1.4
2,A,PREY,277,15551.109999999857,500,150.33799999999945,5,1,99.892,32.030000000000015,2,1.4
2,A,PREY,278,15591.099999999855,500,150.33799999999945,6,1,99.91000000000001,25.94000000000001,1,1.4
2,A,PREY,279,14580.699999999868,465,150.33799999999945,3,2,100.0,51.11124999999933,4,1.4
2,A,PREY,280,15031.239999999862,500,150.33799999999945,6,1,100.0,28.63999999999992,1,1.4
2,A,PREY,281,13551.609999999879,500,150.33799999999945,6,2,100.0,25.17000000000025,1,1.4
2,A,PREY,282,13831.539999999875,500,150.33799999999945,5,2,100.0,12.755000000000276,2,1.4
2,A,PREY,283,2054.7199999999957,126,150.33799999999945,3,2,100.0,90.87999999999977,4,1.4
2,A,PREY,284,14831.289999999864,500,150.33799999999945,5,1,100.0,21.46,2,1.4
2,A,PREY,285,14591.349999999868,500,150.33799999999945,7,0,100.0,0.0,0,1.4
2,A,PREY,286,14791.299999999865,500,150.33799999999945,6,2,100.0,18.285000000000114,1,1.4
2,A,PREY,287,14471.379999999868,500,150.33799999999945,4,2,100.0,21.109999999999815,3,1.4
2,A,PREY,288,14951.259999999864,500,150.33799999999945,7,1,100.0,17.80000000000005,0,1.4
2,A,PREY,289,14831.289999999864,500,150.33799999999945,5,1,99.976,33.82999999999989,2,1.4
2,A,PREY,290,15990.999999999854,500,150.33799999999945,7,0,100.0,0.0,0,1.4
2,A,PREY,291,1028.3200000000004,92,150.33799999999945,6,2,100.0,66.32625000000004,1,1.4
2,A,PREY,292,14391.399999999874,500,150.33799999999945,7,0,100.0,0.0,0,1.4
2,A,PREY,293,15311.16999999986,500,150.33799999999945,3,2,100.0,25.509999999999618,4,1.4
2,A,PREY,294,14591.349999999868,500,150.33799999999945,5,1,100.0,22.729999999999883,2,1.4
2,A,PREY,295,14511.369999999868,500,150.33799999999945,6,1,99.91000000000001,26.269999999999975,1,1.4
2,A,PREY,296,16070.979999999854,500,150.33799999999945,5,1,99.892,34.36999999999998,2,1.4
2,A,PREY,297,16590.849999999853,500,150.33799999999945,7,1,100.0,2.200000000000225,0,1.4
2,A,PREY,298,13231.689999999886,500,150.33799999999945,4,2,100.0,20.440000000000374,3,1.4
2,A,PREY,299,13791.549999999872,500,150.33799999999945,5,2,100.0,8.710000000000031,2,1.4
2,A,PREY,300,14791.299999999868,500,150.33799999999945,6,2,100.0,18.869999999999916,1,1.4
2,A,PREY,301,15151.209999999865,500,150.33799999999945,6,1,100.0,30.590000000000465,1,1.4
2,A,PREY,302,28.320000000000036,17,150.33799999999945,6,2,100.0,88.92999999999998,1,1.4
2,A,PREY,303,26.360000000000028,13,150.33799999999945,6,2,100.0,89.76999999999998,1,1.4
2,A,PREY,304,16190.949999999853,500,150.33799999999945,107,1,84.2728971962617,3.4000000000002553,0,1.4
2,A,PREY,305,15711.06999999986,500,150.33799999999945,6,2,100.0,17.835000000000008,1,1.4
2,A,PREY,306,143.33000000000004,13,150.33799999999945,6,2,100.0,90.96999999999997,1,1.4
2,A,PREY,307,15631.08999999986,500,150.33799999999945,6,1,100.0,6.100000000000178,1,1.4
2,A,PREY,308,15191.199999999862,500,150.33799999999945,7,0,99.96142857142857,0.0,0,1.4
2,A,PREY,309,16470.879999999852,500,150.33799999999945,338,2,93.35665680473348,43.54000000000005,6,1.4
2,A,PREY,310,14591.349999999871,500,150.33799999999945,2,2,100.0,32.44625000000023,5,1.4
2,A,PREY,311,15111.219999999867,500,150.33799999999945,4,2,99.9025,35.20999999999996,3,1.4
2,A,PREY,312,16190.94999999985,500,150.33799999999945,5,0,100.0,0.0,2,1.4
2,A,PREY,313,14511.369999999872,500,150.33799999999945,5,2,100.0,16.64999999999977,2,1.4
2,A,PREY,314,14831.28999999987,500,150.33799999999945,6,1,100.0,8.55999999999969,1,1.4
2,A,PREY,315,149.15000000000006,31,150.33799999999945,6,2,100.0,84.62999999999994,1,1.4
2,A,PREY,316,25.860000000000028,13,150.33799999999945,6,2,100.0,89.76999999999998,1,1.4
2,A,PREY,317,5705.02999999998,254,150.33799999999945,4,2,100.0,63.83249999999968,3,1.4
2,A,PREY,318,16070.97999999985,500,150.33799999999945,5,1,100.0,22.839999999999705,2,1.4
2,A,PREY,319,13581.229999999883,437,150.33799999999945,1,2,100.0,61.13250000000012,6,1.4
2,A,PREY,320,16390.899999999852,500,150.33799999999945,5,2,99.976,23.120000000000623,2,1.4
2,A,PREY,321,15831.039999999855,500,150.33799999999945,6,1,99.955,20.570000000000277,1,1.4
2,A,PREY,322,1308.2500000000005,42,150.33799999999945,5,2,100.0,92.29499999999993,2,1.4
2,A,PREY,323,14991.249999999869,500,150.33799999999945,6,1,99.98,1.340000000000253,1,1.4
2,A,PREY,324,14911.269999999866,500,150.33799999999945,7,1,100.0,19.899999999999995,0,1.4
2,A,PREY,325,15591.09999999986,500,150.33799999999945,6,2,99.955,18.285000000000444,1,1.4
2,A,PREY,326,828.5100000000003,28,150.33799999999945,6,2,99.91000000000001,85.82249999999995,1,1.4
2,A,PREY,327,17070.729999999847,500,150.33799999999945,6,1,100.0,25.670000000000496,1,1.4
2,A,PREY,328,15391.149999999863,500,150.33799999999945,5,1,100.0,12.770000000000303,2,1.4
2,A,PREY,329,15311.169999999864,500,150.33799999999945,6,1,99.91000000000001,23.870000000000225,1,1.4
2,A,PREY,330,16790.799999999854,500,150.33799999999945,4,1,99.9325,54.55999999999888,3,1.4
2,A,PREY,331,16990.749999999854,500,150.33799999999945,6,1,100.0,8.559999999999825,1,1.4
2,A,PREY,332,14791.299999999874,500,150.33799999999945,5,2,100.0,26.435000000000123,2,1.4
2,A,PREY,333,15591.099999999862,500,150.33799999999945,5,2,99.946,13.815000000000012,2,1.4
2,A,PREY,334,13536.109999999873,500,150.33799999999945,338,2,89.55875739644932,34.41999999999983,7,1.4
2,A,PREY,335,12581.909999999896,394,150.33799999999945,4,2,100.0,39.27125000000025,3,1.4
2,A,PREY,336,7983.5699999999515,243,150.33799999999945,4,2,100.0,68.57624999999972,3,1.4
2,A,PREY,337,16350.90999999985,500,150.33799999999945,4,1,100.0,27.24000000000023,3,1.4
2,A,PREY,338,15511.119999999864,500,150.33799999999945,6,0,99.955,0.0,1,1.4
2,A,PREY,339,4088.26,121,150.33799999999945,6,2,100.0,62.39625000000014,1,1.4
2,A,PREY,340,16550.859999999855,500,150.33799999999945,7,1,99.96142857142857,1.3000000000004288,0,1.4
2,A,PREY,341,16190.949999999852,500,150.33799999999945,4,2,99.97,28.94999999999952,3,1.4
2,A,PREY,342,16910.76999999985,500,150.33799999999945,7,2,100.0,9.250000000000288,0,1.4
2,A,PREY,343,10302.709999999925,371,150.33799999999945,6,2,100.0,19.530000000000307,1,1.4
2,A,PREY,344,16790.799999999857,500,150.33799999999945,6,0,99.955,0.0,1,1.4
2,A,PREY,345,15591.099999999864,500,150.33799999999945,6,1,99.955,5.260000000000281,1,1.4
2,A,PREY,346,15391.149999999863,500,150.33799999999945,5,1,100.0,18.279999999999884,2,1.4
2,A,PREY,347,15990.99999999986,500,150.33799999999945,7,1,100.0,15.69999999999999,0,1.4
2,A,PREY,348,16030.989999999858,500,150.33799999999945,6,1,99.91000000000001,26.930000000000053,1,1.4
2,A,PREY,349,15860.279999999857,475,150.33799999999945,6,2,99.955,24.150000000000247,1,1.4
2,A,PREY,350,16870.779999999853,500,150.33799999999945,6,1,100.0,22.670000000000382,1,1.4
2,B,PREDATOR,1,-12.179999999999998,218,5.0360000000002305,4,2,92.82999999999973,45.14,2,88.5
2,B,PREDATOR,2,-12.159999999999998,216,5.0360000000002305,4,2,86.56749999999948,57.4299999999998,2,88.5
2,B,PREDATOR,3,-12.179999999999998,218,5.0360000000002305,3,2,91.45999999999968,75.06999999999917,3,88.5
2,B,PREDATOR,4,-12.209999999999997,221,5.0360000000002305,337,2,81.970890207715,41.38000000000025,0,88.5
2,B,PREDATOR,5,36.4600000000005,376,5.0360000000002305,4,2,94.7499999999998,21.430000000000362,2,88.5
2,B,PREDATOR,6,12.093333333332994,303,5.0360000000002305,5,2,89.75199999999961,33.940000000000396,1,88.5
2,B,PREDATOR,7,-12.259999999999996,226,5.0360000000002305,5,2,88.83399999999958,49.53999999999983,1,88.5
2,B,PREDATOR,8,36.46000000000024,376,5.0360000000002305,4,2,89.72499999999961,25.03000000000035,2,88.5
2,B,PREDATOR,9,12.303333333332963,282,5.0360000000002305,9,2,94.38777777777766,35.710000000000164,1,88.5
2,B,PREDATOR,10,-12.279999999999996,228,5.0360000000002305,337,2,72.71014836795248,41.590000000000174,0,88.5
2,B,PREDATOR,11,-12.209999999999997,221,5.0360000000002305,5,2,91.7319999999997,50.559999999999846,1,88.5
2,B,PREDATOR,12,-12.229999999999997,223,5.0360000000002305,4,2,90.95499999999967,61.27000000000001,2,88.5
2,B,PREDATOR,13,-12.139999999999999,214,5.0360000000002305,4,2,91.80999999999969,64.17999999999996,2,88.5
2,B,PREDATOR,14,-12.289999999999996,229,5.0360000000002305,337,2,89.32519287833787,50.01999999999984,0,88.5
2,B,PREDATOR,15,-12.239999999999997,224,5.0360000000002305,4,2,86.8824999999995,62.25999999999994,2,88.5
2,B,PREDATOR,16,12.15333333333311,297,5.0360000000002305,5,2,93.84399999999977,31.960000000000477,1,88.5
2,B,PREDATOR,17,-12.179999999999998,218,5.0360000000002305,337,2,89.63691394658719,56.8599999999995,1,88.5
2,B,PREDATOR,18,-12.259999999999996,226,5.0360000000002305,6,2,91.27499999999968,41.08000000000026,0,88.5
2,B,PREDATOR,19,-12.239999999999997,224,5.0360000000002305,5,2,94.04799999999977,47.96999999999986,1,88.5
2,B,PREDATOR,20,-12.279999999999996,228,5.0360000000002305,337,2,90.31857566765544,41.29000000000019,0,88.5
2,B,PREDATOR,21,12.14666666666639,311,5.0360000000002305,337,2,90.54225519287797,36.04000000000014,2,88.5
2,B,PREDATOR,22,-12.189999999999998,219,5.0360000000002305,337,2,70.81225519287831,56.529999999999845,1,88.5
2,B,PREDATOR,23,-12.349999999999994,235,5.0360000000002305,337,2,79.38026706231432,41.5300000000003,1,88.5
2,B,PREDATOR,24,-12.249999999999996,225,5.0360000000002305,337,2,88.88504451038533,43.450000000000315,0,88.5
2,B,PREDATOR,25,-12.309999999999995,231,5.0360000000002305,4,2,95.16999999999982,57.39999999999955,2,88.5
2,B,PREDATOR,26,12.119999999999775,295,5.0360000000002305,3,2,92.87999999999973,43.95999999999991,3,88.5
2,B,PREDATOR,27,12.303333333332917,282,5.0360000000002305,5,2,94.6719999999998,35.41000000000044,1,88.5
2,B,PREDATOR,28,-12.239999999999997,224,5.0360000000002305,6,2,89.03499999999958,44.62000000000006,0,88.5
2,B,PREDATOR,29,-12.259999999999996,226,5.0360000000002305,337,2,90.47409495548926,44.98000000000021,0,88.5
2,B,PREDATOR,30,-12.11,211,5.0360000000002305,6,2,89.81499999999961,41.230000000000345,0,88.5
2,B,PREDATOR,31,-12.229999999999997,223,5.0360000000002305,5,1,89.82999999999961,23.480000000000345,1,88.5
2,B,PREDATOR,32,-12.159999999999998,216,5.0360000000002305,337,2,88.94272997032601,37.48000000000039,0,88.5
2,B,PREDATOR,33,-12.209999999999997,221,5.0360000000002305,4,2,88.83249999999958,58.86999999999982,2,88.5
2,B,PREDATOR,34,-12.249999999999996,225,5.0360000000002305,6,2,90.75999999999965,37.450000000000415,0,88.5
2,B,PREDATOR,35,-12.239999999999997,224,5.0360000000002305,337,2,81.9811869436199,37.12000000000042,0,88.5
2,B,PREDATOR,36,-12.219999999999997,222,5.0360000000002305,4,2,90.22749999999962,64.51000000000002,2,88.5
2,B,PREDATOR,37,-12.209999999999997,221,5.0360000000002305,296,2,67.93611486486485,46.07999999999994,1,88.5
2,B,PREDATOR,38,-12.239999999999997,224,5.0360000000002305,6,2,88.70999999999958,40.42000000000023,0,88.5
2,B,PREDATOR,39,29.14333333333338,355,5.0360000000002305,3,2,87.77999999999953,25.600000000000257,3,88.5
2,B,PREDATOR,40,961.210833333336,500,5.0360000000002305,337,2,89.77688427299665,46.57000000000008,40,88.5
2,B,PREDATOR,41,11.969999999999816,310,5.0360000000002305,3,2,84.79999999999943,28.8100000000003,3,88.5
2,B,PREDATOR,42,60.829999999998996,438,5.0360000000002305,2,2,92.1999999999997,21.160000000000046,4,88.5
2,B,PREDATOR,43,-12.159999999999998,216,5.0360000000002305,337,2,90.10074183976224,46.63000000000015,0,88.5
2,B,PREDATOR,44,-12.219999999999997,222,5.0360000000002305,17,2,88.16117647058809,38.2600000000004,0,88.5
2,B,PREDATOR,45,-12.209999999999997,221,5.0360000000002305,5,2,91.19199999999967,48.780000000000115,1,88.5
2,B,PREDATOR,46,-12.189999999999998,219,5.0360000000002305,337,2,73.79421364985161,36.37000000000033,0,88.5
2,B,PREDATOR,47,-12.159999999999998,216,5.0360000000002305,337,2,65.38753709198812,49.299999999999805,1,88.5
2,B,PREDATOR,48,-11.350000000000001,135,5.0360000000002305,62,3,83.84499999999996,28.300000000000082,0,88.5
2,B,PREDATOR,49,-12.189999999999998,219,5.0360000000002305,337,2,78.66317507418388,54.09999999999978,1,88.5
2,B,PREDATOR,50,-12.219999999999997,222,5.0360000000002305,6,2,88.82499999999958,46.06000000000014,0,88.5
2,B,PREDATOR,51,12.126666666666315,297,5.0360000000002305,4,2,86.17749999999948,36.730000000000004,2,88.5
2,B,PREDATOR,52,-12.239999999999997,224,5.0360000000002305,4,2,84.69999999999942,51.90999999999987,2,88.5
2,B,PREDATOR,53,-12.409999999999993,241,5.0360000000002305,6,2,89.4949999999996,34.93000000000046,0,88.5
2,B,PREDATOR,54,-12.159999999999998,216,5.0360000000002305,171,2,71.52052631578947,48.42999999999997,0,88.5
2,B,PREDATOR,55,-12.189999999999998,219,5.0360000000002305,4,2,88.94499999999958,54.20999999999961,2,88.5
2,B,PREDATOR,56,-11.32,132,5.0360000000002305,337,1,75.44780415430263,50.860000000000156,0,88.5
2,B,PREDATOR,57,-12.159999999999998,216,5.0360000000002305,4,2,90.84999999999965,44.530000000000015,2,88.5
2,B,PREDATOR,58,-12.259999999999996,226,5.0360000000002305,6,2,90.91999999999966,41.680000000000376,0,88.5
2,B,PREDATOR,59,12.213333333333063,299,5.0360000000002305,337,2,90.35626112759613,38.219999999999985,2,88.5
2,B,PREDATOR,60,-12.339999999999995,234,5.0360000000002305,6,2,89.09499999999959,47.91999999999997,0,88.5
2,B,PREDATOR,61,-12.179999999999998,218,5.0360000000002305,6,2,92.3249999999997,41.14000000000031,0,88.5
2,B,PREDATOR,62,-12.219999999999997,222,5.0360000000002305,5,2,89.4279999999996,51.57999999999979,1,88.5
2,B,PREDATOR,63,-12.239999999999997,224,5.0360000000002305,3,2,94.39999999999979,56.969999999999686,3,88.5
2,B,PREDATOR,64,-12.259999999999996,226,5.0360000000002305,4,2,92.77749999999972,60.96999999999963,2,88.5
2,B,PREDATOR,65,60.68999999999941,444,5.0360000000002305,1,1,83.07999999999936,23.25999999999986,5,88.5
2,B,PREDATOR,66,12.366666666666264,273,5.0360000000002305,3,2,84.95999999999943,43.13999999999994,3,88.5
2,B,PREDATOR,67,-12.179999999999998,218,5.0360000000002305,5,2,92.31399999999971,55.11999999999965,1,88.5
2,B,PREDATOR,68,12.016666666666266,308,5.0360000000002305,3,2,87.73999999999954,54.15999999999986,3,88.5
2,B,PREDATOR,69,95.2266666666653,500,5.0360000000002305,1,3,97.4799999999999,3.5133333333337498,5,88.5
2,B,PREDATOR,70,86.37333333333197,396,5.0360000000002305,2,2,96.09999999999985,13.180000000000277,4,88.5
2,B,PREDATOR,71,-12.359999999999994,236,5.0360000000002305,324,2,67.24777777777776,42.880000000000194,0,88.5
2,B,PREDATOR,72,284.9491666666679,500,5.0360000000002305,337,3,91.6948071216614,9.900000000000148,12,88.5
2,B,PREDATOR,73,36.42333333333346,369,5.0360000000002305,2,2,94.5699999999998,27.17000000000033,4,88.5
2,B,PREDATOR,74,12.269999999999603,280,5.0360000000002305,3,2,92.65999999999973,42.66999999999983,3,88.5
2,B,PREDATOR,75,-12.609999999999989,261,5.0360000000002305,6,2,88.34999999999957,35.23000000000049,0,88.5
2,B,PREDATOR,76,36.53000000000047,369,5.0360000000002305,4,2,92.1099999999997,30.670000000000243,2,88.5
2,B,PREDATOR,77,-12.209999999999997,221,5.0360000000002305,4,2,92.1099999999997,51.54999999999978,2,88.5
2,B,PREDATOR,78,85.38333333333188,495,5.0360000000002305,2,0,93.29499999999975,0.0,4,88.5
2,B,PREDATOR,79,12.213333333332917,291,5.0360000000002305,5,2,93.23799999999974,34.48000000000029,1,88.5
2,B,PREDATOR,80,-11.38,138,5.0360000000002305,4,3,89.82999999999961,39.62666666666669,2,88.5
2,B,PREDATOR,81,-12.209999999999997,221,5.0360000000002305,220,2,66.5037727272727,53.70999999999966,1,88.5
2,B,PREDATOR,82,-12.189999999999998,219,5.0360000000002305,6,2,94.3949999999998,42.67000000000013,0,88.5
2,B,PREDATOR,83,752.8275000000003,500,5.0360000000002305,337,3,92.11925816023715,50.58000000000009,85,88.5
2,B,PREDATOR,84,-12.309999999999995,231,5.0360000000002305,337,2,88.81715133531115,54.759999999999465,3,88.5
2,B,PREDATOR,85,12.266666666666351,283,5.0360000000002305,4,2,91.11999999999966,45.51999999999975,2,88.5
2,B,PREDATOR,86,232.17250000000217,500,5.0360000000002305,337,9,87.97424332344188,79.50972222222222,479,88.5
2,B,PREDATOR,87,-12.169999999999998,217,5.0360000000002305,4,2,93.15999999999974,69.56999999999917,2,88.5
2,B,PREDATOR,88,12.269999999999632,280,5.0360000000002305,3,2,88.39999999999957,39.79000000000019,3,88.5
2,B,PREDATOR,89,12.273333333333005,285,5.0360000000002305,4,2,90.03249999999963,37.65,2,88.5
2,B,PREDATOR,90,-12.289999999999996,229,5.0360000000002305,337,2,70.87824925816022,38.336250000000035,1,88.5
2,B,PREDATOR,91,36.506666666666874,366,5.0360000000002305,3,2,90.50999999999965,26.830000000000027,3,88.5
2,B,PREDATOR,92,-12.189999999999998,219,5.0360000000002305,6,2,93.87499999999977,34.870000000000374,0,88.5
2,B,PREDATOR,93,11.889999999999558,318,5.0360000000002305,1,2,81.72999999999931,40.74999999999984,5,88.5
2,B,PREDATOR,94,-12.209999999999997,221,5.0360000000002305,298,2,66.99617449664427,44.83000000000022,0,88.5
2,B,PREDATOR,95,-12.209999999999997,221,5.0360000000002305,296,2,64.13469594594594,40.93000000000026,0,88.5
2,B,PREDATOR,96,-12.159999999999998,216,5.0360000000002305,223,2,70.58278026905826,44.23000000000009,0,88.5
2,B,PREDATOR,97,-12.209999999999997,221,5.0360000000002305,337,2,90.00062314540024,57.90999999999978,2,88.5
2,B,PREDATOR,98,-12.209999999999997,221,5.0360000000002305,5,2,94.7199999999998,41.88000000000024,1,88.5
2,B,PREDATOR,99,-12.359999999999994,236,5.0360000000002305,3,2,93.85999999999977,62.049999999999926,3,88.5
2,B,PREDATOR,100,-12.289999999999996,229,5.0360000000002305,6,2,86.68999999999949,45.970000000000134,0,88.5
2,B,PREDATOR,101,36.660000000000366,356,5.0360000000002305,4,2,87.69249999999954,15.730000000000427,2,88.5
2,B,PREDATOR,102,-12.52999999999999,253,5.0360000000002305,4,2,91.82499999999969,41.34999999999993,2,88.5
2,B,PREDATOR,103,554.8250000000011,500,5.0360000000002305,337,2,87.11664688427251,13.180000000000248,22,88.5
2,B,PREDATOR,104,-12.359999999999994,236,5.0360000000002305,2,2,87.93999999999954,66.99999999999982,4,88.5
2,B,PREDATOR,105,-12.389999999999993,239,5.0360000000002305,6,2,87.83999999999953,43.27000000000021,0,88.5
2,B,PREDATOR,106,-12.339999999999995,234,5.0360000000002305,5,2,91.59399999999968,47.67000000000003,1,88.5
2,B,PREDATOR,107,-12.319999999999995,232,5.0360000000002305,337,2,85.47732937685448,47.28999999999985,1,88.5
2,B,PREDATOR,108,-12.239999999999997,224,5.0360000000002305,337,2,88.10486646884253,41.65000000000012,1,88.5
2,B,PREDATOR,109,12.333333333332922,279,5.0360000000002305,337,2,88.70394658753666,32.02000000000035,1,88.5
2,B,PREDATOR,110,-12.209999999999997,221,5.0360000000002305,4,2,88.13499999999955,46.4099999999999,2,88.5
2,B,PREDATOR,111,36.74333333333385,337,5.0360000000002305,2,2,86.54499999999949,30.940000000000005,5,88.5
2,B,PREDATOR,112,64.54333333333196,456,5.0360000000002305,337,1,93.17382789317486,100.0,40,88.5
2,B,PREDATOR,113,11.609999999999642,346,5.0360000000002305,3,2,88.42999999999957,28.090000000000106,3,88.5
2,B,PREDATOR,114,-12.299999999999995,230,5.0360000000002305,4,2,91.14999999999966,46.059999999999874,2,88.5
2,B,PREDATOR,115,-12.199999999999998,220,5.0360000000002305,337,2,83.02305637982182,44.95000000000013,0,88.5
2,B,PREDATOR,116,-12.159999999999998,216,5.0360000000002305,0,2,0.0,77.97999999999941,6,88.5
2,B,PREDATOR,117,-12.459999999999992,246,5.0360000000002305,4,2,95.46999999999983,45.33000000000009,2,88.5
2,B,PREDATOR,118,-12.239999999999997,224,5.0360000000002305,3,2,87.76999999999953,62.10999999999996,3,88.5
2,B,PREDATOR,119,-12.269999999999996,227,5.0360000000002305,5,2,94.8279999999998,42.519999999999925,1,88.5
2,B,PREDATOR,120,-12.259999999999996,226,5.0360000000002305,337,2,76.20816023738865,44.08000000000016,0,88.5
2,B,PREDATOR,121,-12.249999999999996,225,5.0360000000002305,3,2,87.61999999999954,63.07000000000001,3,88.5
2,B,PREDATOR,122,12.243333333332943,288,5.0360000000002305,337,2,88.43062314540018,71.47,7,88.5
2,B,PREDATOR,123,-12.269999999999996,227,5.0360000000002305,336,2,66.89863095238091,38.310000000000244,1,88.5
2,B,PREDATOR,124,-12.259999999999996,226,5.0360000000002305,5,2,90.80199999999965,38.58000000000041,1,88.5
2,B,PREDATOR,125,951.5425000000006,500,5.0360000000002305,337,2,92.15688427299679,99.37,290,88.5
2,B,PREDATOR,126,12.213333333332988,291,5.0360000000002305,337,2,88.94753709198773,33.2800000000002,1,88.5
2,B,PREDATOR,127,-12.689999999999987,269,5.0360000000002305,337,2,81.71270029673576,33.67000000000051,0,88.5
2,B,PREDATOR,128,-12.159999999999998,216,5.0360000000002305,5,2,90.86799999999965,52.29999999999984,1,88.5
2,B,PREDATOR,129,-12.479999999999992,248,5.0360000000002305,3,2,87.45999999999952,56.46999999999986,3,88.5
2,B,PREDATOR,130,-12.249999999999996,225,5.0360000000002305,4,2,89.72499999999961,57.429999999999396,2,88.5
2,B,PREDATOR,131,-12.509999999999991,251,5.0360000000002305,5,2,90.90399999999966,43.63000000000001,1,88.5
2,B,PREDATOR,132,-12.279999999999996,228,5.0360000000002305,5,2,85.85799999999946,50.79999999999984,1,88.5
2,B,PREDATOR,133,-12.369999999999994,237,5.0360000000002305,4,2,93.26499999999974,50.82999999999976,2,88.5
2,B,PREDATOR,134,37.090000000000494,313,5.0360000000002305,337,2,88.58727002967316,25.090000000000447,2,88.5
2,B,PREDATOR,135,37.133333333333894,306,5.0360000000002305,2,2,89.2599999999996,39.51999999999998,4,88.5
2,B,PREDATOR,136,-12.259999999999996,226,5.0360000000002305,337,2,90.45928783382755,38.53000000000027,0,88.5
2,B,PREDATOR,137,-12.289999999999996,229,5.0360000000002305,337,2,89.4120474777444,39.3700000000004,0,88.5
2,B,PREDATOR,138,-12.279999999999996,228,5.0360000000002305,5,2,93.30399999999975,48.68999999999993,1,88.5
2,B,PREDATOR,139,-12.209999999999997,221,5.0360000000002305,6,2,96.27999999999986,39.43000000000025,0,88.5
2,B,PREDATOR,140,-12.58999999999999,259,5.0360000000002305,6,2,91.20999999999965,39.370000000000225,0,88.5
2,B,PREDATOR,141,12.053333333332903,307,5.0360000000002305,5,2,87.80199999999954,32.260000000000424,1,88.5
2,B,PREDATOR,142,-12.259999999999996,226,5.0360000000002305,289,2,68.40397923875432,46.48000000000009,0,88.5
2,B,PREDATOR,143,60.626666666665535,461,5.0360000000002305,2,2,85.10499999999944,11.280000000000165,4,88.5
2,B,PREDATOR,144,11.773333333332891,335,5.0360000000002305,5,2,92.52399999999972,25.150000000000432,1,88.5
2,B,PREDATOR,145,-11.350000000000001,135,5.0360000000002305,5,3,90.33999999999963,33.75333333333348,1,88.5
2,B,PREDATOR,146,36.603333333333794,359,5.0360000000002305,3,2,87.34999999999953,26.069999999999965,3,88.5
2,B,PREDATOR,147,-12.599999999999989,260,5.0360000000002305,337,2,81.27302670623133,40.9199999999999,2,88.5
2,B,PREDATOR,148,8.477499999999575,315,5.0360000000002305,3,2,93.87999999999977,44.8899999999998,3,88.5
2,B,PREDATOR,149,-12.239999999999997,224,5.0360000000002305,6,2,91.49999999999967,36.220000000000425,0,88.5
2,B,PREDATOR,150,-12.639999999999988,264,5.0360000000002305,337,2,90.31391691394623,33.22000000000043,0,88.5
2,B,PREDATOR,151,-12.839999999999984,284,5.0360000000002305,337,2,90.22836795252188,36.67000000000039,0,88.5
2,B,PREDATOR,152,12.096666666666222,300,5.0360000000002305,3,2,95.51999999999983,34.15000000000018,3,88.5
2,B,PREDATOR,153,-12.52999999999999,253,5.0360000000002305,6,2,88.86999999999959,34.69000000000044,0,88.5
2,B,PREDATOR,154,36.510000000000346,371,5.0360000000002305,4,2,88.81749999999958,25.480000000000445,2,88.5
2,B,PREDATOR,155,-12.609999999999989,261,5.0360000000002305,4,2,92.1099999999997,46.08999999999999,2,88.5
2,B,PREDATOR,156,-12.439999999999992,244,5.0360000000002305,337,2,88.55709198813013,36.49000000000006,1,88.5
2,B,PREDATOR,157,-12.439999999999992,244,5.0360000000002305,5,2,91.22799999999967,40.92000000000022,1,88.5
2,B,PREDATOR,158,-12.419999999999993,242,5.0360000000002305,5,2,86.7639999999995,34.570000000000334,1,88.5
2,B,PREDATOR,159,-12.889999999999983,289,5.0360000000002305,337,2,87.43341246290775,36.27000000000035,1,88.5
2,B,PREDATOR,160,-12.349999999999994,235,5.0360000000002305,11,2,95.90545454545442,41.5000000000002,0,88.5
2,B,PREDATOR,161,-12.239999999999997,224,5.0360000000002305,5,2,93.23199999999974,51.86999999999978,1,88.5
2,B,PREDATOR,162,37.430000000000504,279,5.0360000000002305,3,2,88.23999999999955,36.09999999999994,3,88.5
2,B,PREDATOR,163,-12.339999999999995,234,5.0360000000002305,253,2,62.23758893280631,57.26999999999953,1,88.5
2,B,PREDATOR,164,-12.249999999999996,225,5.0360000000002305,3,2,90.64999999999964,57.2099999999997,3,88.5
2,B,PREDATOR,165,-12.389999999999993,239,5.0360000000002305,4,2,93.25749999999974,56.34999999999957,2,88.5
2,B,PREDATOR,166,-12.309999999999995,231,5.0360000000002305,337,2,90.33997032640914,49.59999999999966,1,88.5
2,B,PREDATOR,167,36.22583333333389,382,5.0360000000002305,2,2,93.21999999999974,27.5400000000001,4,88.5
2,B,PREDATOR,168,-11.270000000000001,127,5.0360000000002305,6,3,89.67499999999961,27.879999999999942,0,88.5
2,B,PREDATOR,169,-12.359999999999994,236,5.0360000000002305,6,2,89.79499999999962,46.48000000000007,0,88.5
2,B,PREDATOR,170,-12.179999999999998,218,5.0360000000002305,5,2,91.02399999999966,42.24000000000023,1,88.5
2,B,PREDATOR,171,-12.259999999999996,226,5.0360000000002305,5,2,88.57599999999957,45.399999999999835,1,88.5
2,B,PREDATOR,172,11.946666666666383,323,5.0360000000002305,337,2,90.56605341246255,33.07000000000038,2,88.5
2,B,PREDATOR,173,-12.599999999999989,260,5.0360000000002305,6,2,88.21499999999956,36.850000000000335,0,88.5
2,B,PREDATOR,174,-12.479999999999992,248,5.0360000000002305,4,2,90.06999999999962,56.13999999999932,2,88.5
2,B,PREDATOR,175,-12.51999999999999,252,5.0360000000002305,4,2,86.9799999999995,58.419999999999966,2,88.5
2,B,PREDATOR,176,11.62333333333291,350,5.0360000000002305,5,2,90.42399999999964,21.10000000000042,1,88.5
2,B,PREDATOR,177,11.069999999999604,400,5.0360000000002305,3,2,91.9399999999997,24.070000000000043,3,88.5
2,B,PREDATOR,178,-12.609999999999989,261,5.0360000000002305,337,2,89.72151335311541,42.6299999999998,1,88.5
2,B,PREDATOR,179,-12.159999999999998,216,5.0360000000002305,337,2,74.41462908011866,43.18000000000025,0,88.5
2,B,PREDATOR,180,-12.339999999999995,234,5.0360000000002305,337,2,82.53931750741825,49.46999999999984,1,88.5
2,B,PREDATOR,181,120.34999999999891,500,5.0360000000002305,1,2,98.91999999999996,27.50000000000077,5,88.5
2,B,PREDATOR,182,11.793333333332834,333,5.0360000000002305,3,2,89.91999999999962,36.79000000000001,3,88.5
2,B,PREDATOR,183,12.2633333333329,286,5.0360000000002305,1,2,99.03999999999996,39.84999999999989,5,88.5
2,B,PREDATOR,184,-12.159999999999998,216,5.0360000000002305,4,2,88.41249999999957,53.949999999999875,2,88.5
2,B,PREDATOR,185,202.3800000000015,500,5.0360000000002305,337,10,80.93928783382745,87.13,210,88.5
2,B,PREDATOR,186,-13.069999999999979,307,5.0360000000002305,337,2,89.59121661721029,75.1799999999998,12,88.5
2,B,PREDATOR,187,11.709999999999537,336,5.0360000000002305,2,2,90.18999999999963,39.309999999999604,4,88.5
2,B,PREDATOR,188,-12.339999999999995,234,5.0360000000002305,325,2,64.52839999999999,45.37000000000006,0,88.5
2,B,PREDATOR,189,-12.779999999999985,278,5.0360000000002305,5,2,88.74399999999957,33.97000000000004,1,88.5
2,B,PREDATOR,190,36.500000000000504,372,5.0360000000002305,4,2,93.15999999999974,19.0600000000003,2,88.5
2,B,PREDATOR,191,-12.159999999999998,216,5.0360000000002305,6,2,94.86999999999982,38.68000000000035,0,88.5
2,B,PREDATOR,192,-12.599999999999989,260,5.0360000000002305,337,2,89.94780415430232,29.35000000000045,0,88.5
2,B,PREDATOR,193,-12.139999999999999,214,5.0360000000002305,337,2,83.58747774480698,61.20999999999935,2,88.5
2,B,PREDATOR,194,-12.709999999999987,271,5.0360000000002305,4,2,90.51249999999965,43.29999999999987,2,88.5
2,B,PREDATOR,195,-12.209999999999997,221,5.0360000000002305,2,2,96.33999999999986,72.14999999999931,4,88.5
2,B,PREDATOR,196,-12.149999999999999,215,5.0360000000002305,4,2,90.53499999999964,47.27999999999997,2,88.5
2,B,PREDATOR,197,-12.289999999999996,229,5.0360000000002305,6,2,89.62499999999962,40.270000000000195,0,88.5
2,B,PREDATOR,198,12.27333333333308,285,5.0360000000002305,5,2,86.09199999999947,31.6000000000005,1,88.5
2,B,PREDATOR,199,-12.219999999999997,222,5.0360000000002305,2,2,91.65999999999968,58.3599999999995,4,88.5
2,B,PREDATOR,200,11.956666666666239,314,5.0360000000002305,4,2,87.12249999999952,41.36999999999991,2,88.5
2,B,PREDATOR,201,-12.179999999999998,218,5.0360000000002305,337,2,88.55661721068229,44.640000000000214,1,88.5
2,B,PREDATOR,202,-12.259999999999996,226,5.0360000000002305,294,2,66.73687074829931,43.03000000000025,0,88.5
2,B,PREDATOR,203,-12.409999999999993,241,5.0360000000002305,6,2,86.16999999999946,40.03000000000037,0,88.5
2,B,PREDATOR,204,11.96333333333286,316,5.0360000000002305,337,2,80.7799999999997,29.980000000000324,1,88.5
2,B,PREDATOR,205,-12.209999999999997,221,5.0360000000002305,166,2,69.40879518072288,49.67999999999992,1,88.5
2,B,PREDATOR,206,-12.379999999999994,238,5.0360000000002305,6,2,88.16999999999956,34.39000000000008,0,88.5
2,B,PREDATOR,207,-12.739999999999986,274,5.0360000000002305,5,2,87.16599999999951,39.10000000000012,1,88.5
2,B,PREDATOR,208,36.670000000000556,355,5.0360000000002305,4,2,89.97999999999962,13.00000000000026,2,88.5
2,B,PREDATOR,209,-12.209999999999997,221,5.0360000000002305,2,2,89.04999999999959,66.03999999999958,4,88.5
2,B,PREDATOR,210,-12.139999999999999,214,5.0360000000002305,2,2,89.04999999999959,57.38999999999975,4,88.5
2,B,PREDATOR,211,37.480000000000494,274,5.0360000000002305,4,2,88.35999999999956,35.6200000000002,2,88.5
2,B,PREDATOR,212,-12.449999999999992,245,5.0360000000002305,4,2,89.6049999999996,50.4999999999996,2,88.5
2,B,PREDATOR,213,-12.159999999999998,216,5.0360000000002305,5,2,92.97999999999973,47.28999999999988,1,88.5
2,B,PREDATOR,214,-12.55999999999999,256,5.0360000000002305,186,2,70.86897849462365,38.829999999999934,1,88.5
2,B,PREDATOR,215,12.266666666666298,283,5.0360000000002305,4,2,93.12999999999974,35.64000000000004,2,88.5
2,B,PREDATOR,216,-12.409999999999993,241,5.0360000000002305,337,2,89.63611275964351,39.88000000000031,0,88.5
2,B,PREDATOR,217,174.11250000000078,500,5.0360000000002305,337,3,89.29545994065242,39.76916666666664,11,88.5
2,B,PREDATOR,218,-12.11,211,5.0360000000002305,337,2,88.10919881305594,40.93000000000036,0,88.5
2,B,PREDATOR,219,-12.259999999999996,226,5.0360000000002305,3,2,86.23999999999948,55.53999999999981,3,88.5
2,B,PREDATOR,220,-12.229999999999997,223,5.0360000000002305,3,2,89.07999999999959,58.679999999999765,3,88.5
2,B,PREDATOR,221,-12.279999999999996,228,5.0360000000002305,5,2,86.60199999999949,41.490000000000286,1,88.5
2,B,PREDATOR,222,11.776666666666182,332,5.0360000000002305,3,2,86.03999999999947,40.19624999999998,3,88.5
2,B,PREDATOR,223,-12.239999999999997,224,5.0360000000002305,78,2,81.98589743589736,35.02000000000044,0,88.5
2,B,PREDATOR,224,2201.0324999999552,500,5.0360000000002305,337,3,91.12133531157242,52.02000000000006,267,88.5
2,B,PREDATOR,225,12.39333333333303,273,5.0360000000002305,5,2,91.86399999999969,39.19000000000027,1,88.5
2,B,PREDATOR,226,11.593333333332803,353,5.0360000000002305,3,2,92.0199999999997,37.6000000000001,3,88.5
2,B,PREDATOR,227,-12.55999999999999,256,5.0360000000002305,337,2,77.57940652818982,34.780000000000484,0,88.5
2,B,PREDATOR,228,-12.689999999999987,269,5.0360000000002305,5,2,86.7759999999995,33.76000000000025,1,88.5
2,B,PREDATOR,229,11.813333333332855,331,5.0360000000002305,4,2,93.60999999999976,33.03000000000049,2,88.5
2,B,PREDATOR,230,-12.209999999999997,221,5.0360000000002305,5,2,91.09599999999966,50.85999999999982,1,88.5
2,B,PREDATOR,231,-12.379999999999994,238,5.0360000000002305,337,2,90.05454005934682,43.140000000000015,1,88.5
2,B,PREDATOR,232,-12.439999999999992,244,5.0360000000002305,4,2,86.99499999999951,53.269999999999534,2,88.5
2,B,PREDATOR,233,11.74666666666627,335,5.0360000000002305,3,2,97.71999999999991,43.07999999999976,3,88.5
2,B,PREDATOR,234,12.48333333333292,264,5.0360000000002305,4,2,92.2674999999997,40.77000000000006,2,88.5
2,B,PREDATOR,235,12.296666666666228,280,5.0360000000002305,2,2,87.39999999999952,39.11000000000004,4,88.5
2,B,PREDATOR,236,-12.409999999999993,241,5.0360000000002305,6,2,92.81999999999972,39.43000000000029,0,88.5
2,B,PREDATOR,237,-12.659999999999988,266,5.0360000000002305,3,2,87.97999999999955,51.10124999999973,3,88.5
2,B,PREDATOR,238,-12.709999999999987,271,5.0360000000002305,5,2,86.9619999999995,39.100000000000115,1,88.5
2,B,PREDATOR,239,-12.759999999999986,276,5.0360000000002305,337,2,73.97178041543013,33.13000000000051,0,88.5
2,B,PREDATOR,240,11.823333333332874,330,5.0360000000002305,5,2,90.88599999999965,26.650000000000464,1,88.5
2,B,PREDATOR,241,-12.239999999999997,224,5.0360000000002305,337,2,79.3118694362017,54.06999999999964,1,88.5
2,B,PREDATOR,242,11.773333333332873,335,5.0360000000002305,337,2,90.98540059347147,34.00000000000032,1,88.5
2,B,PREDATOR,243,12.343333333332899,278,5.0360000000002305,5,2,87.49599999999953,26.590000000000366,1,88.5
2,B,PREDATOR,244,-12.209999999999997,221,5.0360000000002305,5,2,91.04799999999966,40.21000000000032,1,88.5
2,B,PREDATOR,245,-12.209999999999997,221,5.0360000000002305,4,2,90.23499999999963,50.679999999999964,2,88.5
2,B,PREDATOR,246,-12.58999999999999,259,5.0360000000002305,3,2,86.3499999999995,50.31999999999985,3,88.5
2,B,PREDATOR,247,-12.189999999999998,219,5.0360000000002305,261,2,65.57107279693484,46.27000000000001,0,88.5
2,B,PREDATOR,248,-12.209999999999997,221,5.0360000000002305,5,2,86.8179999999995,58.080000000000055,1,88.5
2,B,PREDATOR,249,-12.219999999999997,222,5.0360000000002305,6,2,91.81499999999967,48.01000000000002,0,88.5
2,B,PREDATOR,250,10.098333333332933,313,5.0360000000002305,337,2,88.71599406528146,23.890000000000406,1,88.5
2,B,PREDATOR,251,10.926666666666028,417,5.0360000000002305,3,2,91.56999999999967,24.83999999999996,3,88.5
2,B,PREDATOR,252,-12.189999999999998,219,5.0360000000002305,337,2,88.48617210682453,43.12000000000033,0,88.5
2,B,PREDATOR,253,-12.209999999999997,221,5.0360000000002305,6,2,89.76999999999963,46.480000000000096,0,88.5
2,B,PREDATOR,254,-12.229999999999997,223,5.0360000000002305,6,2,93.72999999999975,41.290000000000155,0,88.5
2,B,PREDATOR,255,36.490000000000606,373,5.0360000000002305,4,2,87.62499999999953,21.79000000000039,2,88.5
2,B,PREDATOR,256,92.3899999999989,500,5.0360000000002305,0,2,0.0,23.475000000000207,6,88.5
2,B,PREDATOR,257,3055.0466666666316,500,5.0360000000002305,337,3,91.54308605341218,61.479999999999905,218,88.5
2,B,PREDATOR,258,152.61999999999887,500,5.0360000000002305,337,3,87.41602373887194,33.04000000000022,7,88.5
2,B,PREDATOR,259,-13.309999999999974,331,5.0360000000002305,6,2,87.69999999999953,28.33000000000049,0,88.5
2,B,PREDATOR,260,-12.809999999999985,281,5.0360000000002305,4,2,94.5174999999998,57.06999999999996,2,88.5
2,B,PREDATOR,261,12.223333333332894,290,5.0360000000002305,4,2,85.66749999999945,34.83999999999992,2,88.5
2,B,PREDATOR,262,-12.369999999999994,237,5.0360000000002305,337,2,89.10261127596398,74.67999999999994,6,88.5
2,B,PREDATOR,263,36.58333333333379,361,5.0360000000002305,337,2,88.65121661721025,43.753750000000075,5,88.5
2,B,PREDATOR,264,-12.349999999999994,235,5.0360000000002305,4,2,93.40749999999974,43.48000000000005,2,88.5
2,B,PREDATOR,265,12.606666666666252,305,5.0360000000002305,337,2,92.33768545994036,48.905000000000236,3,88.5
2,B,PREDATOR,266,11.536666666666148,356,5.0360000000002305,3,2,93.10999999999974,37.5699999999999,3,88.5
2,B,PREDATOR,267,-12.339999999999995,234,5.0360000000002305,337,2,89.96062314540022,40.02000000000022,1,88.5
2,B,PREDATOR,268,11.936666666666179,316,5.0360000000002305,4,2,89.87499999999962,33.46000000000022,2,88.5
2,B,PREDATOR,269,-12.239999999999997,224,5.0360000000002305,6,2,87.01999999999951,38.17000000000034,0,88.5
2,B,PREDATOR,270,-12.359999999999994,236,5.0360000000002305,337,2,90.9546884272994,45.53999999999988,3,88.5
2,B,PREDATOR,271,12.289999999999667,278,5.0360000000002305,3,2,84.87999999999943,44.40999999999983,3,88.5
2,B,PREDATOR,272,36.65666666666715,351,5.0360000000002305,3,2,92.99999999999973,42.84999999999975,3,88.5
2,B,PREDATOR,273,36.640000000000526,350,5.0360000000002305,2,2,86.49999999999949,35.36749999999989,4,88.5
2,B,PREDATOR,274,-12.149999999999999,215,5.0360000000002305,214,2,63.375654205607454,43.4500000000002,0,88.5
2,B,PREDATOR,275,-12.159999999999998,216,5.0360000000002305,337,2,69.37807121661719,45.779999999999845,1,88.5
2,B,PREDATOR,276,-12.11,211,5.0360000000002305,6,2,89.04499999999958,42.13000000000035,0,88.5
2,B,PREDATOR,277,-12.709999999999987,271,5.0360000000002305,5,2,89.65599999999961,48.03999999999983,1,88.5
2,B,PREDATOR,278,1331.8783333333313,500,5.0360000000002305,337,2,89.8378635014833,50.85749999999997,54,88.5
2,B,PREDATOR,279,10.976666666666132,412,5.0360000000002305,4,2,91.9749999999997,14.260000000000144,2,88.5
2,B,PREDATOR,280,-12.659999999999988,266,5.0360000000002305,5,2,90.33399999999963,45.81999999999993,1,88.5
2,B,PREDATOR,281,-12.12,212,5.0360000000002305,337,2,78.97691394658743,48.760000000000005,0,88.5
2,B,PREDATOR,282,-12.939999999999982,294,5.0360000000002305,2,2,86.36499999999948,63.92999999999951,4,88.5
2,B,PREDATOR,283,10.853333333332715,427,5.0360000000002305,5,1,92.88399999999973,8.560000000000455,1,88.5
2,B,PREDATOR,284,-12.359999999999994,236,5.0360000000002305,3,2,95.11999999999982,50.46999999999946,3,88.5
2,B,PREDATOR,285,-12.389999999999993,239,5.0360000000002305,6,2,93.03999999999974,32.17000000000037,0,88.5
2,B,PREDATOR,286,-12.759999999999986,276,5.0360000000002305,4,2,82.33749999999932,48.429999999999765,2,88.5
2,B,PREDATOR,287,36.30000000000055,392,5.0360000000002305,4,1,94.32999999999979,30.16000000000021,2,88.5
2,B,PREDATOR,288,10.92666666666606,417,5.0360000000002305,4,2,89.00499999999958,23.14000000000008,2,88.5
2,B,PREDATOR,289,148.02000000000078,500,5.0360000000002305,337,2,91.70727002967328,29.469999999999963,6,88.5
2,B,PREDATOR,290,-12.659999999999988,266,5.0360000000002305,4,2,92.2299999999997,44.37999999999996,2,88.5
2,B,PREDATOR,291,-12.739999999999986,274,5.0360000000002305,337,2,80.39700296735893,44.51999999999997,1,88.5
2,B,PREDATOR,292,-12.949999999999982,295,5.0360000000002305,3,2,92.38999999999972,52.779999999999234,3,88.5
2,B,PREDATOR,293,-12.689999999999987,269,5.0360000000002305,4,2,89.61249999999961,59.25999999999976,2,88.5
2,B,PREDATOR,294,-12.739999999999986,274,5.0360000000002305,2,2,88.47999999999956,56.94999999999996,4,88.5
2,B,PREDATOR,295,-12.209999999999997,221,5.0360000000002305,4,2,90.65499999999963,59.13999999999936,2,88.5
2,B,PREDATOR,296,-12.689999999999987,269,5.0360000000002305,5,2,91.19199999999967,30.870000000000317,1,88.5
2,B,PREDATOR,297,12.246666666666316,285,5.0360000000002305,4,2,89.2824999999996,42.73000000000003,2,88.5
2,B,PREDATOR,298,1552.1025000000016,500,5.0360000000002305,337,3,89.0353115726999,76.24916666666668,82,88.5
2,B,PREDATOR,299,-13.559999999999969,356,5.0360000000002305,5,2,91.70799999999969,28.530000000000456,1,88.5
2,B,PREDATOR,300,-12.919999999999982,292,5.0360000000002305,337,2,92.34198813056351,43.56499999999974,2,88.5
2,B,PREDATOR,301,-11.620000000000001,162,5.0360000000002305,3,3,90.23999999999963,52.373333333333356,3,88.5
2,B,PREDATOR,302,1982.7266666666603,500,5.0360000000002305,337,3,87.50786350148323,70.09999999999991,87,88.5
2,B,PREDATOR,303,2613.1183333333206,500,5.0360000000002305,337,2,89.45311572700265,99.78999999999999,174,88.5
2,B,PREDATOR,304,37.25333333333384,294,5.0360000000002305,3,2,88.37999999999955,42.28000000000006,3,88.5
2,B,PREDATOR,305,-12.169999999999998,217,5.0360000000002305,337,2,85.81732937685442,45.48999999999998,2,88.5
2,B,PREDATOR,306,-12.689999999999987,269,5.0360000000002305,5,2,93.49599999999975,39.76000000000012,1,88.5
2,B,PREDATOR,307,-12.249999999999996,225,5.0360000000002305,6,2,85.60999999999945,35.200000000000365,0,88.5
2,B,PREDATOR,308,12.373333333332907,275,5.0360000000002305,337,2,90.62913946587504,39.88000000000009,2,88.5
2,B,PREDATOR,309,-12.289999999999996,229,5.0360000000002305,6,2,88.8649999999996,43.72000000000024,0,88.5
2,B,PREDATOR,310,11.623333333332846,350,5.0360000000002305,337,2,89.63774480712128,12.700000000000351,1,88.5
2,B,PREDATOR,311,11.813333333332837,331,5.0360000000002305,337,2,92.35471810088993,34.23000000000013,2,88.5
2,B,PREDATOR,312,-12.309999999999995,231,5.0360000000002305,3,2,96.49999999999987,60.36999999999978,3,88.5
2,B,PREDATOR,313,-12.179999999999998,218,5.0360000000002305,4,2,88.71249999999958,43.85999999999994,2,88.5
2,B,PREDATOR,314,-12.249999999999996,225,5.0360000000002305,6,2,90.40499999999963,36.70000000000037,0,88.5
2,B,PREDATOR,315,11.846666666666172,325,5.0360000000002305,4,2,89.00499999999958,29.290000000000347,2,88.5
2,B,PREDATOR,316,-12.659999999999988,266,5.0360000000002305,6,2,84.4249999999994,32.68000000000048,0,88.5
2,B,PREDATOR,317,61.09999999999814,419,5.0360000000002305,3,2,96.35999999999986,20.77000000000023,3,88.5
2,B,PREDATOR,318,-12.639999999999988,264,5.0360000000002305,5,2,87.51399999999953,42.79000000000006,1,88.5
2,B,PREDATOR,319,-12.139999999999999,214,5.0360000000002305,3,2,86.44999999999948,57.7299999999998,3,88.5
2,B,PREDATOR,320,11.88333333333284,324,5.0360000000002305,4,2,91.59999999999968,37.21000000000016,2,88.5
2,B,PREDATOR,321,-12.789999999999985,279,5.0360000000002305,3,2,92.26999999999971,53.829999999999345,3,88.5
2,B,PREDATOR,322,-12.739999999999986,274,5.0360000000002305,5,2,92.54799999999973,35.67000000000036,1,88.5
2,B,PREDATOR,323,35.52333333333405,459,5.0360000000002305,2,2,88.50999999999956,9.100000000000115,4,88.5
2,B,PREDATOR,324,10.9633333333327,416,5.0360000000002305,4,2,92.93499999999973,31.030000000000044,2,88.5
2,B,PREDATOR,325,11.976666666666203,312,5.0360000000002305,337,2,88.8207715133527,43.35999999999993,2,88.5
2,B,PREDATOR,326,549.7075000000002,500,5.0360000000002305,337,2,87.78640949554854,66.69999999999985,29,88.5
2,B,PREDATOR,327,12.34333333333293,278,5.0360000000002305,5,2,86.48799999999949,28.54000000000042,1,88.5
2,B,PREDATOR,328,1244.2849999999974,500,5.0360000000002305,337,3,89.30154302670583,40.18416666666656,54,88.5
2,B,PREDATOR,329,-13.739999999999965,374,5.0360000000002305,337,2,86.34332344213598,28.420000000000233,1,88.5
2,B,PREDATOR,330,-12.689999999999987,269,5.0360000000002305,4,2,89.21499999999959,50.139999999999674,2,88.5
2,B,PREDATOR,331,11.783333333332967,334,5.0360000000002305,5,2,95.13999999999982,32.02000000000042,1,88.5
2,B,PREDATOR,332,145.34000000000214,500,5.0360000000002305,0,1,0.0,31.0599999999998,6,88.5
2,B,PREDATOR,333,1023.7183333333327,500,5.0360000000002305,337,61,93.17237388724033,58.44434426229505,740,88.5
2,B,PREDATOR,334,-12.859999999999983,286,5.0360000000002305,5,2,88.82799999999958,36.06999999999992,1,88.5
2,B,PREDATOR,335,-12.309999999999995,231,5.0360000000002305,337,2,74.50997032640946,44.230000000000246,0,88.5
2,B,PREDATOR,336,-12.309999999999995,231,5.0360000000002305,2,2,83.58999999999938,73.49999999999979,4,88.5
2,B,PREDATOR,337,-12.139999999999999,214,5.0360000000002305,5,2,89.0079999999996,61.83999999999961,1,88.5
2,B,PREDATOR,338,-12.489999999999991,249,5.0360000000002305,337,2,86.28534124629051,40.4200000000003,0,88.5
2,B,PREDATOR,339,-12.239999999999997,224,5.0360000000002305,272,2,59.79371323529411,36.37000000000025,0,88.5
2,B,PREDATOR,340,36.550000000000665,367,5.0360000000002305,4,2,87.00999999999951,27.61000000000039,2,88.5
2,B,PREDATOR,341,-12.98999999999998,299,5.0360000000002305,6,2,92.0399999999997,29.770000000000437,0,88.5
2,B,PREDATOR,342,10.769999999999547,430,5.0360000000002305,3,1,93.19999999999975,27.399999999999817,3,88.5
2,B,PREDATOR,343,-13.189999999999976,319,5.0360000000002305,3,2,90.31999999999964,41.73999999999997,3,88.5
2,B,PREDATOR,344,-13.03999999999998,304,5.0360000000002305,6,2,87.72499999999953,33.220000000000354,0,88.5
2,B,PREDATOR,345,-12.239999999999997,224,5.0360000000002305,337,2,90.03738872403524,39.97000000000039,0,88.5
2,B,PREDATOR,346,12.183333333332994,294,5.0360000000002305,337,2,88.63643916913918,28.270000000000458,1,88.5
2,B,PREDATOR,347,-12.359999999999994,236,5.0360000000002305,4,2,89.05749999999958,61.74999999999983,2,88.5
2,B,PREDATOR,348,11.833333333332925,321,5.0360000000002305,2,2,97.4049999999999,30.88000000000015,4,88.5
2,B,PREDATOR,349,-12.809999999999985,281,5.0360000000002305,11,2,96.82727272727266,53.949999999999875,2,88.5
2,B,PREDATOR,350,-13.03999999999998,304,5.0360000000002305,5,2,94.5999999999998,38.86000000000017,1,88.5
3,A,PREY,1,1914.5200000000045,500,124.42099999999951,5,2,94.6119999999998,27.549999999999482,2,1.2
3,A,PREY,2,2474.379999999995,500,124.42099999999951,6,2,88.41999999999956,28.839999999999684,1,1.2
3,A,PREY,3,2714.319999999973,500,124.42099999999951,6,2,90.24499999999962,26.169999999999867,1,1.2
3,A,PREY,4,2514.3699999999917,500,124.42099999999951,7,2,92.32428571428544,19.14999999999995,0,1.2
3,A,PREY,5,1874.5300000000045,500,124.42099999999951,6,1,92.71499999999973,0.38000000000046374,1,1.2
3,A,PREY,6,108.76999999999995,20,124.42099999999951,6,2,94.91499999999981,89.49999999999997,1,1.2
3,A,PREY,7,1026.7900000000016,195,124.42099999999951,337,2,76.8275964391691,65.76749999999956,1,1.2
3,A,PREY,8,2234.4399999999964,500,124.42099999999951,338,2,92.19281065088728,28.349999999999476,1,1.2
3,A,PREY,9,2794.299999999982,500,124.42099999999951,338,2,90.53863905325409,52.05999999999963,99,1.2
3,A,PREY,10,2874.2799999999656,500,124.42099999999951,6,2,94.3449999999998,23.799999999999642,1,1.2
3,A,PREY,11,2314.419999999991,500,124.42099999999951,3,2,99.10999999999997,27.969999999999487,4,1.2
3,A,PREY,12,2994.24999999998,500,124.42099999999951,4,2,94.42749999999978,28.869999999999425,3,1.2
3,A,PREY,13,3194.1999999999753,500,124.42099999999951,5,2,92.31399999999971,31.71999999999915,2,1.2
3,A,PREY,14,2914.269999999967,500,124.42099999999951,5,2,92.1279999999997,27.129999999999555,2,1.2
3,A,PREY,15,108.78999999999996,18,124.42099999999951,6,2,95.83499999999985,89.61999999999998,1,1.2
3,A,PREY,16,3914.0199999999654,500,124.42099999999951,338,2,87.40292899408236,15.099999999999888,0,1.2
3,A,PREY,17,3474.1299999999574,500,124.42099999999951,338,2,90.10807692307654,18.24999999999984,0,1.2
3,A,PREY,18,3234.189999999974,500,124.42099999999951,5,2,90.89799999999966,34.69999999999936,2,1.2
3,A,PREY,19,3874.029999999965,500,124.42099999999951,338,2,92.06576923076898,98.10999999999999,173,1.2
3,A,PREY,20,3474.129999999968,500,124.42099999999951,6,2,93.23499999999974,23.91999999999956,1,1.2
3,A,PREY,21,1267.2700000000018,191,124.42099999999951,6,2,87.49999999999953,66.88124999999954,1,1.2
3,A,PREY,22,3914.019999999962,500,124.42099999999951,338,2,90.544940828402,13.749999999999849,0,1.2
3,A,PREY,23,3554.109999999975,500,124.42099999999951,7,2,87.80285714285667,14.799999999999887,0,1.2
3,A,PREY,24,2504.4699999999925,390,124.42099999999951,337,2,91.80664688427268,68.3199999999999,51,1.2
3,A,PREY,25,4393.89999999996,500,124.42099999999951,5,2,93.15399999999974,21.15999999999986,2,1.2
3,A,PREY,26,3674.079999999969,500,124.42099999999951,338,2,92.2924852071003,24.57999999999978,1,1.2
3,A,PREY,27,4713.819999999952,500,124.42099999999951,5,2,92.83599999999973,27.579999999999686,2,1.2
3,A,PREY,28,3754.059999999976,500,124.42099999999951,338,2,87.35082840236639,27.129999999999793,1,1.2
3,A,PREY,29,4593.84999999995,500,124.42099999999951,4,2,93.65499999999977,43.089999999999094,3,1.2
3,A,PREY,30,68.80999999999997,17,124.42099999999951,6,2,95.87999999999984,89.67999999999998,1,1.2
3,A,PREY,31,4113.969999999959,500,124.42099999999951,7,2,91.38142857142824,10.899999999999853,0,1.2
3,A,PREY,32,4833.789999999955,500,124.42099999999951,338,2,92.53630177514765,31.349999999999486,1,1.2
3,A,PREY,33,5233.689999999944,500,124.42099999999951,7,2,90.81999999999964,21.099999999999945,0,1.2
3,A,PREY,34,1745.950000000002,211,124.42099999999951,337,2,87.88759643916868,72.93999999999984,5,1.2
3,A,PREY,35,4873.7799999999515,500,124.42099999999951,338,2,90.96352071005887,61.59999999999994,132,1.2
3,A,PREY,36,4793.799999999949,500,124.42099999999951,338,2,86.55245562130126,10.899999999999846,0,1.2
3,A,PREY,37,5433.63999999994,500,124.42099999999951,338,2,88.61553254437827,21.009999999999714,2,1.2
3,A,PREY,38,2186.389999999998,206,124.42099999999951,337,2,85.64169139465862,75.71374999999935,2,1.2
3,A,PREY,39,4873.779999999942,500,124.42099999999951,4,2,92.82249999999974,31.899999999999384,3,1.2
3,A,PREY,40,5393.6499999999405,500,124.42099999999951,4,2,93.02499999999974,33.33999999999937,3,1.2
3,A,PREY,41,4953.759999999938,500,124.42099999999951,6,2,93.76499999999976,27.339999999999446,1,1.2
3,A,PREY,42,5673.579999999927,500,124.42099999999951,7,2,93.9485714285712,14.94999999999984,0,1.2
3,A,PREY,43,4424.339999999958,405,124.42099999999951,337,2,91.02379821958424,51.248749999999326,2,1.2
3,A,PREY,44,5713.569999999938,500,124.42099999999951,5,2,94.02399999999977,36.809999999999334,2,1.2
3,A,PREY,45,68.88,10,124.42099999999951,6,2,97.56999999999992,90.39999999999999,1,1.2
3,A,PREY,46,5233.6899999999505,500,124.42099999999951,6,2,88.08499999999954,30.189999999999515,1,1.2
3,A,PREY,47,5593.599999999947,500,124.42099999999951,6,0,91.72999999999968,0.0,1,1.2
3,A,PREY,48,4913.7699999999595,500,124.42099999999951,338,2,91.12266272189316,33.30999999999944,2,1.2
3,A,PREY,49,6273.42999999993,500,124.42099999999951,6,2,95.46999999999984,27.549999999999546,1,1.2
3,A,PREY,50,5553.609999999945,500,124.42099999999951,338,2,87.56508875739597,8.799999999999853,0,1.2
3,A,PREY,51,1906.6300000000017,189,124.42099999999951,6,2,93.16499999999974,68.35124999999952,1,1.2
3,A,PREY,52,6313.419999999932,500,124.42099999999951,6,2,90.25499999999964,24.219999999999864,1,1.2
3,A,PREY,53,6433.389999999928,500,124.42099999999951,338,2,94.60772189349092,19.599999999999937,0,1.2
3,A,PREY,54,5233.689999999949,500,124.42099999999951,5,2,92.27199999999971,24.189999999999568,2,1.2
3,A,PREY,55,6993.249999999923,500,124.42099999999951,5,2,93.77199999999976,32.34999999999969,2,1.2
3,A,PREY,56,5513.619999999945,500,124.42099999999951,5,2,90.25599999999963,37.109999999999346,2,1.2
3,A,PREY,57,5993.499999999934,500,124.42099999999951,6,2,91.37499999999967,20.94999999999965,1,1.2
3,A,PREY,58,747.6400000000006,67,124.42099999999951,4,2,86.45499999999949,92.15999999999978,3,1.2
3,A,PREY,59,68.93,5,124.42099999999951,6,2,98.91999999999996,91.44999999999999,1,1.2
3,A,PREY,60,7433.139999999917,500,124.42099999999951,5,2,94.6599999999998,33.77999999999923,2,1.2
3,A,PREY,61,7033.239999999918,500,124.42099999999951,338,2,92.99695266272163,23.019999999999825,1,1.2
3,A,PREY,62,2065.0200000000004,196,124.42099999999951,4,2,92.0949999999997,79.0012499999995,3,1.2
3,A,PREY,63,6953.259999999913,500,124.42099999999951,338,2,93.21591715976304,50.10999999999986,148,1.2
3,A,PREY,64,6833.289999999923,500,124.42099999999951,4,2,94.39749999999978,38.00999999999924,7,1.2
3,A,PREY,65,7553.109999999913,500,124.42099999999951,3,2,97.2299999999999,41.67999999999912,4,1.2
3,A,PREY,66,988.7400000000006,51,124.42099999999951,5,2,88.23999999999955,92.14124999999984,2,1.2
3,A,PREY,67,7313.169999999916,500,124.42099999999951,6,2,92.86999999999973,20.979999999999638,1,1.2
3,A,PREY,68,6713.319999999933,500,124.42099999999951,4,2,95.80749999999983,42.80999999999898,3,1.2
3,A,PREY,69,7833.0399999999145,500,124.42099999999951,7,2,96.12142857142842,15.24999999999989,0,1.2
3,A,PREY,70,6633.339999999925,500,124.42099999999951,4,2,90.00249999999963,31.029999999999553,3,1.2
3,A,PREY,71,6713.319999999926,500,124.42099999999951,338,2,89.91538461538423,14.349999999999923,0,1.2
3,A,PREY,72,428.3600000000001,103,124.42099999999951,8,2,93.5674999999998,84.51999999999978,2,1.2
3,A,PREY,73,6553.359999999924,500,124.42099999999951,6,2,93.40499999999975,18.149999999999892,1,1.2
3,A,PREY,74,7633.089999999921,500,124.42099999999951,338,2,93.96529585798794,20.949999999999932,0,1.2
3,A,PREY,75,6713.319999999934,500,124.42099999999951,338,2,90.41757396449667,34.17999999999947,2,1.2
3,A,PREY,76,28.950000000000003,4,124.42099999999951,6,2,99.18999999999996,91.66,1,1.2
3,A,PREY,77,6793.299999999933,500,124.42099999999951,338,2,91.87736686390501,31.419999999999412,3,1.2
3,A,PREY,78,6833.289999999928,500,124.42099999999951,6,2,90.02499999999962,24.299999999999425,1,1.2
3,A,PREY,79,7393.14999999992,500,124.42099999999951,338,2,90.85289940828375,98.53,331,1.2
3,A,PREY,80,8832.789999999903,500,124.42099999999951,7,2,91.78857142857112,17.79999999999984,0,1.2
3,A,PREY,81,2385.3399999999974,206,124.42099999999951,337,2,87.04347181008882,59.96249999999965,1,1.2
3,A,PREY,82,8032.989999999907,500,124.42099999999951,338,2,88.65920118343153,30.069999999999492,1,1.2
3,A,PREY,83,7193.19999999993,500,124.42099999999951,338,2,86.73476331360897,17.3499999999999,0,1.2
3,A,PREY,84,7873.029999999912,500,124.42099999999951,5,2,90.16599999999963,29.109999999999552,2,1.2
3,A,PREY,85,8232.939999999913,500,124.42099999999951,5,2,90.41199999999964,24.69999999999983,2,1.2
3,A,PREY,86,8272.929999999904,500,124.42099999999951,338,2,90.63352071005882,17.949999999999914,0,1.2
3,A,PREY,87,8072.979999999918,500,124.42099999999951,95,2,78.09021052631577,31.98999999999957,2,1.2
3,A,PREY,88,7153.2099999999255,500,124.42099999999951,338,2,90.76869822485173,22.599999999999856,0,1.2
3,A,PREY,89,2666.759999999994,207,124.42099999999951,171,2,72.64894736842102,61.94249999999961,1,1.2
3,A,PREY,90,8352.909999999909,500,124.42099999999951,5,2,93.39999999999975,35.37999999999923,2,1.2
3,A,PREY,91,9072.729999999898,500,124.42099999999951,7,2,91.25285714285681,20.949999999999932,0,1.2
3,A,PREY,92,7793.049999999921,500,124.42099999999951,4,2,96.78249999999989,37.68999999999939,3,1.2
3,A,PREY,93,7953.00999999991,500,124.42099999999951,338,2,89.4376923076919,35.469999999999544,4,1.2
3,A,PREY,94,8312.91999999992,500,124.42099999999951,338,2,90.79408284023634,17.049999999999876,0,1.2
3,A,PREY,95,7193.199999999934,500,124.42099999999951,338,2,92.9474260355027,19.599999999999902,0,1.2
3,A,PREY,96,8752.809999999909,500,124.42099999999951,338,2,92.19440828402337,24.609999999999644,1,1.2
3,A,PREY,97,7473.129999999934,500,124.42099999999951,6,2,93.86999999999978,21.879999999999537,1,1.2
3,A,PREY,98,2706.4699999999975,185,124.42099999999951,5,2,88.67799999999957,78.73874999999944,2,1.2
3,A,PREY,99,8752.809999999905,500,124.42099999999951,7,2,95.06285714285697,16.899999999999928,0,1.2
3,A,PREY,100,8832.789999999912,500,124.42099999999951,6,2,87.76999999999953,31.599999999999525,1,1.2
3,A,PREY,101,7513.119999999922,500,124.42099999999951,6,2,90.99499999999966,25.989999999999803,1,1.2
3,A,PREY,102,8912.7699999999,500,124.42099999999951,338,2,87.64337278106461,24.669999999999696,1,1.2
3,A,PREY,103,8872.779999999904,500,124.42099999999951,7,2,92.68428571428545,18.099999999999817,0,1.2
3,A,PREY,104,9872.529999999892,500,124.42099999999951,338,2,92.56195266272161,13.599999999999886,0,1.2
3,A,PREY,105,8232.939999999919,500,124.42099999999951,338,2,88.92476331360905,17.799999999999898,0,1.2
3,A,PREY,106,9992.499999999894,500,124.42099999999951,7,2,93.21999999999976,18.399999999999885,0,1.2
3,A,PREY,107,10512.369999999892,500,124.42099999999951,338,2,89.80674556212979,26.919999999999618,2,1.2
3,A,PREY,108,9432.639999999898,500,124.42099999999951,338,2,89.501065088757,22.599999999999664,3,1.2
3,A,PREY,109,7753.059999999925,500,124.42099999999951,338,2,92.57136094674527,20.49999999999992,0,1.2
3,A,PREY,110,8512.869999999912,500,124.42099999999951,6,2,93.07999999999974,23.61999999999967,1,1.2
3,A,PREY,111,8952.759999999911,500,124.42099999999951,6,2,91.9449999999997,20.099999999999465,1,1.2
3,A,PREY,112,9152.709999999908,500,124.42099999999951,338,2,91.43331360946713,23.469999999999608,1,1.2
3,A,PREY,113,9072.729999999903,500,124.42099999999951,6,2,96.02999999999986,21.789999999999445,1,1.2
3,A,PREY,114,8512.869999999919,500,124.42099999999951,7,2,89.0199999999996,6.399999999999791,0,1.2
3,A,PREY,115,8472.879999999912,500,124.42099999999951,338,2,87.23381656804686,36.499999999999105,2,1.2
3,A,PREY,116,9192.699999999908,500,124.42099999999951,5,2,92.90199999999973,39.05999999999918,2,1.2
3,A,PREY,117,9512.619999999899,500,124.42099999999951,338,2,92.32319526627191,24.7299999999995,1,1.2
3,A,PREY,118,8952.759999999906,500,124.42099999999951,338,2,87.6993786982244,37.709999999999255,2,1.2
3,A,PREY,119,8712.819999999918,500,124.42099999999951,5,2,90.94599999999966,28.839999999999392,2,1.2
3,A,PREY,120,9472.629999999897,500,124.42099999999951,5,2,93.52599999999975,35.25999999999942,2,1.2
3,A,PREY,121,8432.889999999918,500,124.42099999999951,338,2,93.85896449704119,40.35999999999942,17,1.2
3,A,PREY,122,8712.819999999901,500,124.42099999999951,338,2,90.69494082840203,20.799999999999926,0,1.2
3,A,PREY,123,107.92,5,124.42099999999951,6,2,99.10499999999998,91.44999999999999,1,1.2
3,A,PREY,124,10112.469999999894,500,124.42099999999951,338,2,90.19204142011797,18.849999999999937,0,1.2
3,A,PREY,125,10152.459999999892,500,124.42099999999951,6,2,95.85499999999985,27.06999999999956,1,1.2
3,A,PREY,126,10032.489999999894,500,124.42099999999951,338,2,91.16396449704114,100.0,176,1.2
3,A,PREY,127,9462.309999999905,482,124.42099999999951,337,2,91.49964391691364,87.97624999999978,139,1.2
3,A,PREY,128,9592.599999999902,500,124.42099999999951,6,2,93.77499999999976,18.44999999999959,1,1.2
3,A,PREY,129,8792.799999999916,500,124.42099999999951,5,2,88.01199999999955,30.399999999999473,2,1.2
3,A,PREY,130,10632.339999999887,500,124.42099999999951,7,2,92.31142857142827,14.649999999999878,0,1.2
3,A,PREY,131,5464.909999999965,272,124.42099999999951,337,2,90.65326409495515,69.5799999999999,66,1.2
3,A,PREY,132,10472.379999999886,500,124.42099999999951,5,2,94.30599999999978,30.399999999999793,2,1.2
3,A,PREY,133,10032.489999999894,500,124.42099999999951,6,2,91.63499999999969,30.279999999999585,1,1.2
3,A,PREY,134,9832.539999999895,500,124.42099999999951,338,2,89.91511834319489,13.599999999999849,0,1.2
3,A,PREY,135,9592.599999999911,500,124.42099999999951,6,2,89.72999999999962,28.95999999999956,1,1.2
3,A,PREY,136,10952.259999999886,500,124.42099999999951,338,2,90.27999999999963,19.299999999999947,0,1.2
3,A,PREY,137,9712.569999999903,500,124.42099999999951,5,2,92.84199999999973,39.41999999999929,2,1.2
3,A,PREY,138,68.92,6,124.42099999999951,6,2,98.64999999999996,91.53999999999999,1,1.2
3,A,PREY,139,10632.339999999895,500,124.42099999999951,338,2,89.20177514792859,40.95999999999938,2,1.2
3,A,PREY,140,10352.409999999896,500,124.42099999999951,3,2,94.4699999999998,36.27999999999942,4,1.2
3,A,PREY,141,3946.2799999999934,173,124.42099999999951,5,2,95.66799999999984,80.16999999999973,2,1.2
3,A,PREY,142,11272.179999999884,500,124.42099999999951,6,2,92.11499999999971,19.779999999999617,1,1.2
3,A,PREY,143,7143.969999999946,374,124.42099999999951,5,2,88.17399999999955,50.88499999999946,2,1.2
3,A,PREY,144,10072.479999999905,500,124.42099999999951,338,2,73.32526627218931,36.647499999999425,3,1.2
3,A,PREY,145,11552.109999999888,500,124.42099999999951,6,2,90.56999999999964,27.33999999999983,1,1.2
3,A,PREY,146,10752.309999999885,500,124.42099999999951,6,2,92.81999999999972,29.349999999999653,1,1.2
3,A,PREY,147,9352.65999999991,500,124.42099999999951,338,2,91.83156804733697,30.219999999999693,2,1.2
3,A,PREY,148,10552.3599999999,500,124.42099999999951,7,2,93.39285714285701,37.049999999999194,2,1.2
3,A,PREY,149,11432.139999999881,500,124.42099999999951,5,2,93.14199999999974,36.66999999999937,2,1.2
3,A,PREY,150,9592.59999999991,500,124.42099999999951,338,2,87.49142011834272,9.699999999999829,0,1.2
3,A,PREY,151,11592.099999999882,500,124.42099999999951,7,2,94.34285714285693,18.09999999999991,0,1.2
3,A,PREY,152,10712.319999999898,500,124.42099999999951,338,2,89.76781065088717,19.899999999999892,0,1.2
3,A,PREY,153,10992.249999999896,500,124.42099999999951,338,2,91.28473372781032,22.56999999999961,2,1.2
3,A,PREY,154,11072.229999999898,500,124.42099999999951,6,2,93.03999999999974,27.29999999999975,1,1.2
3,A,PREY,155,10832.289999999895,500,124.42099999999951,6,2,92.01499999999969,31.94999999999945,1,1.2
3,A,PREY,156,11712.069999999881,500,124.42099999999951,338,2,89.38328402366824,12.099999999999866,0,1.2
3,A,PREY,157,7941.149999999937,336,124.42099999999951,4,2,92.31999999999971,63.46499999999929,3,1.2
3,A,PREY,158,5545.309999999973,230,124.42099999999951,337,2,88.23210682492541,100.0,62,1.2
3,A,PREY,159,8992.749999999924,500,124.42099999999951,7,2,95.92857142857129,14.649999999999881,0,1.2
3,A,PREY,160,11512.119999999883,500,124.42099999999951,6,2,90.45499999999963,24.1899999999998,1,1.2
3,A,PREY,161,11912.019999999879,500,124.42099999999951,338,2,87.88763313609422,26.019999999999534,1,1.2
3,A,PREY,162,10432.389999999903,500,124.42099999999951,6,2,92.14999999999971,28.53999999999968,1,1.2
3,A,PREY,163,12458.439999999877,494,124.42099999999951,337,2,90.23314540059317,100.0,248,1.2
3,A,PREY,164,12431.889999999876,500,124.42099999999951,5,2,91.59999999999968,25.92999999999942,2,1.2
3,A,PREY,165,10512.369999999903,500,124.42099999999951,338,2,94.45701183431932,28.04999999999942,1,1.2
3,A,PREY,166,11112.219999999894,500,124.42099999999951,338,2,87.77615384615338,26.09999999999947,1,1.2
3,A,PREY,167,12511.869999999877,500,124.42099999999951,338,2,92.8062130177512,49.59999999999987,71,1.2
3,A,PREY,168,11312.169999999896,500,124.42099999999951,338,2,88.95156804733686,29.69999999999945,1,1.2
3,A,PREY,169,4226.189999999991,225,124.42099999999951,5,2,89.3499999999996,73.48874999999927,2,1.2
3,A,PREY,170,4106.409999999994,206,124.42099999999951,261,2,68.7526436781609,72.83624999999947,2,1.2
3,A,PREY,171,5184.499999999977,220,124.42099999999951,337,41,89.86148367952507,68.30609756097563,485,1.2
3,A,PREY,172,11991.99999999988,500,124.42099999999951,6,2,95.58999999999985,20.409999999999844,1,1.2
3,A,PREY,173,11991.999999999878,500,124.42099999999951,6,2,93.69499999999975,20.679999999999588,1,1.2
3,A,PREY,174,12471.87999999988,500,124.42099999999951,338,2,94.17449704141991,20.94999999999993,0,1.2
3,A,PREY,175,11392.149999999896,500,124.42099999999951,338,2,91.72461538461508,20.199999999999932,0,1.2
3,A,PREY,176,11152.209999999894,500,124.42099999999951,5,2,94.7979999999998,28.44999999999981,3,1.2
3,A,PREY,177,12511.869999999877,500,124.42099999999951,338,2,89.80976331360907,62.559999999998965,75,1.2
3,A,PREY,178,11832.039999999879,500,124.42099999999951,338,2,92.89576923076896,9.399999999999851,0,1.2
3,A,PREY,179,12111.969999999881,500,124.42099999999951,7,2,92.61142857142829,14.649999999999872,0,1.2
3,A,PREY,180,11232.189999999899,500,124.42099999999951,338,2,91.14085798816545,29.55000000000002,1,1.2
3,A,PREY,181,13151.709999999874,500,124.42099999999951,338,2,94.40420118343175,40.80999999999963,107,1.2
3,A,PREY,182,28.45000000000001,4,124.42099999999951,6,2,99.18999999999996,91.81,1,1.2
3,A,PREY,183,11952.009999999891,500,124.42099999999951,338,2,94.69789940828383,56.37999999999926,37,1.2
3,A,PREY,184,28.970000000000002,2,124.42099999999951,6,2,99.755,92.08,1,1.2
3,A,PREY,185,11991.999999999885,500,124.42099999999951,6,2,95.21999999999981,18.159999999999883,1,1.2
3,A,PREY,186,11592.09999999989,500,124.42099999999951,5,2,90.50799999999964,30.309999999999523,2,1.2
3,A,PREY,187,107.04999999999983,42,124.42099999999951,4,2,88.92999999999958,95.40999999999994,3,1.2
3,A,PREY,188,13071.729999999874,500,124.42099999999951,338,2,90.73266272189315,25.179999999999723,1,1.2
3,A,PREY,189,11952.009999999887,500,124.42099999999951,4,2,96.21249999999986,38.396249999999384,3,1.2
3,A,PREY,190,12271.929999999882,500,124.42099999999951,338,2,93.60121301775123,22.61999999999989,3,1.2
3,A,PREY,191,12311.919999999885,500,124.42099999999951,338,2,92.2819230769228,11.499999999999407,2,1.2
3,A,PREY,192,13471.629999999868,500,124.42099999999951,338,9,90.09346153846123,64.7016666666666,302,1.2
3,A,PREY,193,28.40000000000002,9,124.42099999999951,5,2,97.83999999999992,90.60999999999999,2,1.2
3,A,PREY,194,12951.759999999882,500,124.42099999999951,6,2,92.99499999999973,20.88999999999989,1,1.2
3,A,PREY,195,229.22000000000008,22,124.42099999999951,5,2,94.62999999999981,89.37999999999997,2,1.2
3,A,PREY,196,13101.379999999876,484,124.42099999999951,3,2,93.73999999999977,41.17874999999939,4,1.2
3,A,PREY,197,11432.139999999896,500,124.42099999999951,5,2,95.13999999999982,41.73499999999908,2,1.2
3,A,PREY,198,12751.809999999883,500,124.42099999999951,5,2,89.9379999999996,34.34999999999927,2,1.2
3,A,PREY,199,11991.999999999887,500,124.42099999999951,4,2,93.24999999999974,30.999999999999464,3,1.2
3,A,PREY,200,12871.77999999988,500,124.42099999999951,2,2,90.75999999999965,45.00999999999898,5,1.2
3,A,PREY,201,12871.77999999988,500,124.42099999999951,4,2,91.86249999999968,36.299999999999066,3,1.2
3,A,PREY,202,12511.869999999884,500,124.42099999999951,7,2,88.46714285714242,14.19999999999984,0,1.2
3,A,PREY,203,12991.74999999987,500,124.42099999999951,5,2,93.72399999999976,28.839999999999442,2,1.2
3,A,PREY,204,14071.479999999865,500,124.42099999999951,6,2,96.01999999999985,27.159999999999805,1,1.2
3,A,PREY,205,11872.029999999895,500,124.42099999999951,338,2,89.31183431952623,38.589999999999264,2,1.2
3,A,PREY,206,12871.779999999879,500,124.42099999999951,338,2,90.52949704141976,11.049999999999848,0,1.2
3,A,PREY,207,5265.709999999981,197,124.42099999999951,5,2,87.74799999999955,76.61624999999944,2,1.2
3,A,PREY,208,12431.889999999885,500,124.42099999999951,7,2,92.31142857142827,9.699999999999852,0,1.2
3,A,PREY,209,12111.969999999887,500,124.42099999999951,6,2,94.23999999999978,29.799999999999606,1,1.2
3,A,PREY,210,12431.889999999883,500,124.42099999999951,5,2,91.97199999999971,26.49999999999936,2,1.2
3,A,PREY,211,12911.76999999988,500,124.42099999999951,5,2,89.19399999999959,45.49999999999909,2,1.2
3,A,PREY,212,29.460000000000008,3,124.42099999999951,6,2,99.45999999999998,91.87,1,1.2
3,A,PREY,213,12631.83999999988,500,124.42099999999951,3,2,93.25999999999975,37.13999999999932,4,1.2
3,A,PREY,214,12791.799999999881,500,124.42099999999951,3,2,93.21999999999974,47.76999999999899,4,1.2
3,A,PREY,215,13471.629999999877,500,124.42099999999951,6,2,93.86999999999978,30.15999999999955,1,1.2
3,A,PREY,216,12671.82999999988,500,124.42099999999951,4,2,95.10999999999981,26.979999999999436,3,1.2
3,A,PREY,217,11712.06999999989,500,124.42099999999951,338,2,90.51139053254403,30.779999999999518,2,1.2
3,A,PREY,218,13351.659999999876,500,124.42099999999951,7,2,90.58857142857107,14.9499999999998,0,1.2
3,A,PREY,219,12991.749999999882,500,124.42099999999951,338,2,91.01011834319493,22.649999999999473,1,1.2
3,A,PREY,220,13351.659999999876,500,124.42099999999951,4,2,97.62999999999991,31.209999999999262,3,1.2
3,A,PREY,221,13751.559999999874,500,124.42099999999951,5,2,94.8099999999998,39.04999999999906,2,1.2
3,A,PREY,222,12711.81999999988,500,124.42099999999951,338,2,91.60514792899376,14.94999999999985,0,1.2
3,A,PREY,223,13351.65999999988,500,124.42099999999951,7,2,92.53428571428545,12.39999999999987,0,1.2
3,A,PREY,224,13231.689999999879,500,124.42099999999951,5,2,91.61799999999968,31.509999999999536,2,1.2
3,A,PREY,225,349.2700000000001,14,124.42099999999951,6,2,96.76499999999987,89.85999999999999,1,1.2
3,A,PREY,226,13991.499999999867,500,124.42099999999951,5,2,94.13799999999978,25.71999999999983,2,1.2
3,A,PREY,227,12191.949999999888,500,124.42099999999951,7,2,93.42999999999975,21.699999999999825,0,1.2
3,A,PREY,228,69.39000000000001,9,124.42099999999951,6,2,97.83999999999992,90.60999999999999,1,1.2
3,A,PREY,229,11272.179999999906,500,124.42099999999951,4,2,92.95749999999974,41.85999999999916,3,1.2
3,A,PREY,230,7424.469999999952,267,124.42099999999951,5,2,90.44799999999964,59.66249999999937,2,1.2
3,A,PREY,231,14191.449999999864,500,124.42099999999951,7,2,92.63285714285686,21.249999999999925,0,1.2
3,A,PREY,232,13631.589999999871,500,124.42099999999951,338,2,93.71810650887551,76.4199999999992,271,1.2
3,A,PREY,233,12351.90999999989,500,124.42099999999951,6,2,89.6899999999996,25.989999999999533,1,1.2
3,A,PREY,234,12711.819999999881,500,124.42099999999951,338,2,88.41701183431908,53.88999999999982,107,1.2
3,A,PREY,235,13671.57999999987,500,124.42099999999951,7,2,85.76285714285659,13.449999999999873,0,1.2
3,A,PREY,236,12311.919999999891,500,124.42099999999951,338,2,89.1886982248517,96.63999999999993,284,1.2
3,A,PREY,237,13151.709999999879,500,124.42099999999951,6,2,94.21999999999979,33.30999999999949,1,1.2
3,A,PREY,238,13391.649999999878,500,124.42099999999951,338,2,90.39414201183396,91.2699999999997,281,1.2
3,A,PREY,239,10182.429999999913,402,124.42099999999951,337,2,91.08376854599373,59.772499999998985,4,1.2
3,A,PREY,240,13911.519999999877,500,124.42099999999951,3,2,95.15999999999981,32.97999999999939,4,1.2
3,A,PREY,241,-10.51,1,124.42099999999951,6,2,100.0,92.28999999999999,1,1.2
3,A,PREY,242,14711.319999999861,500,124.42099999999951,6,2,94.8999999999998,26.379999999999523,1,1.2
3,A,PREY,243,13871.529999999873,500,124.42099999999951,5,2,89.82999999999961,31.14999999999945,2,1.2
3,A,PREY,244,14311.419999999873,500,124.42099999999951,4,2,94.5399999999998,25.209999999999425,3,1.2
3,A,PREY,245,109.19000000000001,28,124.42099999999951,5,2,93.24999999999973,86.61999999999998,2,1.2
3,A,PREY,246,15180.709999999859,499,124.42099999999951,1,2,82.35999999999933,65.2162499999989,6,1.2
3,A,PREY,247,14031.489999999865,500,124.42099999999951,338,2,91.25748520710026,32.16999999999948,2,1.2
3,A,PREY,248,13471.62999999988,500,124.42099999999951,5,2,93.98799999999977,22.659999999999904,2,1.2
3,A,PREY,249,13191.69999999988,500,124.42099999999951,338,2,88.52482248520667,35.619999999999266,2,1.2
3,A,PREY,250,14751.309999999861,500,124.42099999999951,7,2,92.04571428571398,9.099999999999746,0,1.2
3,A,PREY,251,12391.899999999887,500,124.42099999999951,5,2,90.17199999999963,30.339999999999446,2,1.2
3,A,PREY,252,14231.439999999875,500,124.42099999999951,4,2,93.32499999999975,40.68999999999932,3,1.2
3,A,PREY,253,29.440000000000012,5,124.42099999999951,6,2,98.96999999999996,91.44999999999999,1,1.2
3,A,PREY,254,13831.539999999872,500,124.42099999999951,3,2,93.27999999999975,41.859999999999246,4,1.2
3,A,PREY,255,28.95000000000001,4,124.42099999999951,6,2,99.23499999999997,91.66,1,1.2
3,A,PREY,256,28.880000000000024,11,124.42099999999951,6,2,97.34999999999991,90.19,1,1.2
3,A,PREY,257,10542.969999999916,389,124.42099999999951,337,2,89.23083086053373,64.35999999999999,105,1.2
3,A,PREY,258,107.66999999999987,30,124.42099999999951,5,2,93.47199999999975,89.34999999999994,2,1.2
3,A,PREY,259,14431.389999999868,500,124.42099999999951,338,2,88.63008875739602,15.399999999999832,0,1.2
3,A,PREY,260,14951.25999999986,500,124.42099999999951,3,2,94.18999999999978,44.91999999999909,4,1.2
3,A,PREY,261,14991.24999999986,500,124.42099999999951,7,2,91.05142857142823,12.549999999999855,0,1.2
3,A,PREY,262,15071.229999999858,500,124.42099999999951,338,2,93.720769230769,31.659999999999485,2,1.2
3,A,PREY,263,14991.24999999986,500,124.42099999999951,5,2,92.43999999999971,34.62999999999943,2,1.2
3,A,PREY,264,28.940000000000005,5,124.42099999999951,6,2,98.94499999999995,91.44999999999999,1,1.2
3,A,PREY,265,12631.839999999891,500,124.42099999999951,6,2,94.31499999999978,29.19999999999954,1,1.2
3,A,PREY,266,28.410000000000018,8,124.42099999999951,6,2,98.10999999999991,90.82,1,1.2
3,A,PREY,267,13831.539999999874,500,124.42099999999951,338,2,88.8614792899404,24.599999999999614,1,1.2
3,A,PREY,268,14471.379999999868,500,124.42099999999951,5,2,94.43199999999979,27.249999999999684,2,1.2
3,A,PREY,269,14591.34999999987,500,124.42099999999951,5,2,93.32799999999975,32.13999999999952,2,1.2
3,A,PREY,270,13991.499999999873,500,124.42099999999951,6,2,93.70999999999977,27.429999999999836,1,1.2
3,A,PREY,271,14871.279999999864,500,124.42099999999951,7,2,91.81428571428539,18.84999999999987,0,1.2
3,A,PREY,272,11101.219999999885,500,124.42099999999951,338,2,92.53875739644943,95.01999999999981,179,1.2
3,A,PREY,273,14591.349999999868,500,124.42099999999951,4,2,93.20499999999976,42.69999999999909,3,1.2
3,A,PREY,274,1068.3900000000003,34,124.42099999999951,4,2,92.94999999999973,88.50999999999993,3,1.2
3,A,PREY,275,14751.309999999863,500,124.42099999999951,338,27,91.59198224852042,45.431018518518606,426,1.2
3,A,PREY,276,28.970000000000006,2,124.42099999999951,6,2,99.73,92.08,1,1.2
3,A,PREY,277,13111.719999999885,500,124.42099999999951,338,2,92.21366863905297,22.569999999999908,1,1.2
3,A,PREY,278,14551.359999999866,500,124.42099999999951,2,2,94.5699999999998,43.47999999999911,5,1.2
3,A,PREY,279,14311.419999999865,500,124.42099999999951,160,2,71.59618749999997,39.90999999999923,2,1.2
3,A,PREY,280,15551.109999999855,500,124.42099999999951,7,2,95.44428571428554,22.749999999999886,0,1.2
3,A,PREY,281,15071.22999999986,500,124.42099999999951,7,2,94.31714285714266,14.34999999999988,0,1.2
3,A,PREY,282,28.070000000000086,42,124.42099999999951,5,2,90.45999999999965,88.17999999999992,2,1.2
3,A,PREY,283,67.7199999999999,26,124.42099999999951,6,2,94.99499999999982,89.13999999999996,1,1.2
3,A,PREY,284,6265.31999999997,211,124.42099999999951,337,2,90.90581602373854,62.778749999999604,1,1.2
3,A,PREY,285,15351.159999999858,500,124.42099999999951,338,2,93.56375739644946,51.459999999999795,95,1.2
3,A,PREY,286,15111.219999999863,500,124.42099999999951,5,2,94.2399999999998,34.149999999999416,2,1.2
3,A,PREY,287,15591.099999999855,500,124.42099999999951,13,2,93.64769230769213,17.499999999999943,0,1.2
3,A,PREY,288,4426.939999999994,195,124.42099999999951,337,2,90.72632047477724,69.29999999999946,1,1.2
3,A,PREY,289,13071.729999999885,500,124.42099999999951,338,2,87.83653846153818,20.79999999999946,1,1.2
3,A,PREY,290,15631.089999999856,500,124.42099999999951,338,2,80.36156804733723,14.49999999999984,0,1.2
3,A,PREY,291,15791.049999999856,500,124.42099999999951,4,2,94.46499999999979,27.72999999999942,3,1.2
3,A,PREY,292,68.15,33,124.42099999999951,4,2,91.35999999999967,88.71999999999994,4,1.2
3,A,PREY,293,14671.329999999869,500,124.42099999999951,338,2,93.32730769230744,26.169999999999522,1,1.2
3,A,PREY,294,14311.419999999875,500,124.42099999999951,338,2,93.31221893491099,43.26999999999938,53,1.2
3,A,PREY,295,15231.189999999862,500,124.42099999999951,2,2,92.55999999999972,62.079999999999444,5,1.2
3,A,PREY,296,15311.16999999986,500,124.42099999999951,3,2,92.37999999999971,34.89999999999902,4,1.2
3,A,PREY,297,14111.469999999872,500,124.42099999999951,7,2,89.16999999999959,18.2499999999999,0,1.2
3,A,PREY,298,108.41,6,124.42099999999951,5,2,98.76399999999997,99.37,2,1.2
3,A,PREY,299,709.0900000000003,23,124.42099999999951,4,2,94.6974999999998,89.31999999999996,3,1.2
3,A,PREY,300,15791.049999999856,500,124.42099999999951,338,2,90.11428994082803,38.0799999999994,3,1.2
3,A,PREY,301,15311.169999999858,500,124.42099999999951,7,2,90.24571428571392,14.049999999999862,0,1.2
3,A,PREY,302,9192.699999999904,500,124.42099999999951,338,2,90.13630177514756,10.749999999999847,0,1.2
3,A,PREY,303,15751.059999999858,500,124.42099999999951,338,2,88.98236686390496,53.79999999999991,139,1.2
3,A,PREY,304,16030.989999999852,500,124.42099999999951,7,2,96.89714285714274,11.649999999999856,0,1.2
3,A,PREY,305,66.83000000000004,15,124.42099999999951,6,2,96.87499999999989,89.79999999999998,2,1.2
3,A,PREY,306,4626.519999999992,182,124.42099999999951,337,2,91.06471810088988,71.42624999999946,1,1.2
3,A,PREY,307,15351.159999999858,500,124.42099999999951,6,2,94.8449999999998,32.09999999999945,1,1.2
3,A,PREY,308,15671.079999999856,500,124.42099999999951,338,2,91.30144970414173,58.74999999999995,209,1.2
3,A,PREY,309,14831.289999999872,500,124.42099999999951,7,2,92.99285714285688,20.649999999999878,0,1.2
3,A,PREY,310,15791.049999999861,500,124.42099999999951,5,2,90.95199999999966,26.139999999999453,2,1.2
3,A,PREY,311,15511.119999999859,500,124.42099999999951,3,2,96.07999999999986,52.169999999999305,4,1.2
3,A,PREY,312,14871.279999999868,500,124.42099999999951,338,2,93.30840236686365,19.049999999999432,1,1.2
3,A,PREY,313,15191.199999999862,500,124.42099999999951,5,2,90.20199999999963,23.919999999999455,2,1.2
3,A,PREY,314,15471.129999999861,500,124.42099999999951,338,2,93.7368343195264,27.299999999999425,1,1.2
3,A,PREY,315,15471.12999999986,500,124.42099999999951,338,2,94.02387573964475,27.599999999999543,1,1.2
3,A,PREY,316,4666.419999999992,191,124.42099999999951,337,2,77.21991097922844,80.11874999999951,3,1.2
3,A,PREY,317,6506.259999999968,211,124.42099999999951,337,2,91.51403560830829,83.10249999999948,3,1.2
3,A,PREY,318,5666.009999999979,207,124.42099999999951,6,2,87.80999999999955,65.71124999999952,1,1.2
3,A,PREY,319,16750.809999999852,500,124.42099999999951,3,2,93.05999999999973,47.7399999999996,4,1.2
3,A,PREY,320,15751.05999999986,500,124.42099999999951,338,2,88.50547337278063,19.149999999999963,0,1.2
3,A,PREY,321,5825.969999999977,207,124.42099999999951,328,2,65.26509146341462,62.12624999999962,1,1.2
3,A,PREY,322,14511.369999999873,500,124.42099999999951,338,2,93.72999999999976,29.829999999999476,4,1.2
3,A,PREY,323,6785.399999999969,190,124.42099999999951,6,2,93.89499999999977,66.31499999999956,1,1.2
3,A,PREY,324,16990.74999999985,500,124.42099999999951,338,2,88.71183431952622,51.96999999999973,137,1.2
3,A,PREY,325,15191.199999999864,500,124.42099999999951,6,2,92.39499999999971,17.999999999999364,1,1.2
3,A,PREY,326,15431.139999999861,500,124.42099999999951,338,2,95.08940828402348,17.3499999999999,0,1.2
3,A,PREY,327,6185.759999999974,219,124.42099999999951,4,2,88.61499999999957,70.6499999999995,3,1.2
3,A,PREY,328,69.39999999999999,8,124.42099999999951,6,2,98.10999999999991,90.82,1,1.2
3,A,PREY,329,16950.759999999857,500,124.42099999999951,6,2,93.19999999999975,26.849999999999486,1,1.2
3,A,PREY,330,16230.939999999853,500,124.42099999999951,7,2,91.2785714285711,17.049999999999876,0,1.2
3,A,PREY,331,15031.239999999865,500,124.42099999999951,338,2,89.96624260354992,19.149999999999878,0,1.2
3,A,PREY,332,15831.039999999859,500,124.42099999999951,6,2,92.18999999999971,24.149999999999583,1,1.2
3,A,PREY,333,16790.79999999985,500,124.42099999999951,338,2,92.49147928994054,26.28999999999982,1,1.2
3,A,PREY,334,15111.219999999867,500,124.42099999999951,6,2,94.37499999999979,20.589999999999854,1,1.2
3,A,PREY,335,7904.229999999953,279,124.42099999999951,337,12,91.57902077151309,61.48250000000004,149,1.2
3,A,PREY,336,16430.889999999854,500,124.42099999999951,16,2,89.21937499999993,28.359999999999378,2,1.2
3,A,PREY,337,15671.079999999862,500,124.42099999999951,7,2,90.64857142857106,12.549999999999859,0,1.2
3,A,PREY,338,15031.239999999867,500,124.42099999999951,338,2,94.02946745562106,15.639999999999638,1,1.2
3,A,PREY,339,17230.689999999846,500,124.42099999999951,7,2,91.14571428571394,12.699999999999896,0,1.2
3,A,PREY,340,15551.10999999986,500,124.42099999999951,7,2,93.34428571428546,9.849999999999845,0,1.2
3,A,PREY,341,16430.889999999858,500,124.42099999999951,6,2,89.33999999999959,30.72999999999954,1,1.2
3,A,PREY,342,13191.699999999873,500,124.42099999999951,338,2,92.43319526627195,54.54999999999992,64,1.2
3,A,PREY,343,15471.129999999865,500,124.42099999999951,338,2,93.97905325443764,14.649999999999887,0,1.2
3,A,PREY,344,16270.929999999851,500,124.42099999999951,6,2,92.35499999999972,17.37999999999981,1,1.2
3,A,PREY,345,16510.869999999853,500,124.42099999999951,5,2,94.16799999999978,32.70999999999947,2,1.2
3,A,PREY,346,16430.889999999854,500,124.42099999999951,1,2,100.0,46.08999999999909,6,1.2
3,A,PREY,347,15951.009999999858,500,124.42099999999951,338,2,92.866568047337,29.799999999999507,2,1.2
3,A,PREY,348,16270.929999999857,500,124.42099999999951,338,2,78.57275147928989,31.38999999999946,2,1.2
3,A,PREY,349,16430.88999999986,500,124.42099999999951,338,2,93.23251479289914,29.88999999999956,1,1.2
3,A,PREY,350,15591.099999999862,500,124.42099999999951,338,2,89.98363905325405,29.709999999999336,2,1.2
3,B,PREDATOR,1,-12.179999999999998,218,51.200416666666264,5,2,89.69199999999962,60.36999999999931,1,3.2
3,B,PREDATOR,2,-12.239999999999997,224,51.200416666666264,5,2,89.97399999999962,58.50999999999935,1,3.2
3,B,PREDATOR,3,-12.249999999999996,225,51.200416666666264,219,2,69.4466210045662,52.299999999999514,0,3.2
3,B,PREDATOR,4,-12.159999999999998,216,51.200416666666264,337,2,57.928664688427396,57.83624999999931,1,3.2
3,B,PREDATOR,5,-12.269999999999996,227,51.200416666666264,337,2,63.80059347181014,51.1599999999996,0,3.2
3,B,PREDATOR,6,8.433333333332941,273,51.200416666666264,5,2,94.5879999999998,46.53999999999968,1,3.2
3,B,PREDATOR,7,9.264999999999551,282,51.200416666666264,3,2,90.55999999999965,52.839999999999364,3,3.2
3,B,PREDATOR,8,-12.289999999999996,229,51.200416666666264,3,2,89.6399999999996,54.48999999999941,3,3.2
3,B,PREDATOR,9,-12.209999999999997,221,51.200416666666264,337,2,59.796320474777524,54.87999999999954,0,3.2
3,B,PREDATOR,10,-12.219999999999997,222,51.200416666666264,337,2,65.86400593471816,61.89999999999932,1,3.2
3,B,PREDATOR,11,-12.239999999999997,224,51.200416666666264,6,2,87.65999999999951,46.269999999999676,0,3.2
3,B,PREDATOR,12,-12.329999999999995,233,51.200416666666264,5,2,90.85599999999965,55.71999999999938,1,3.2
3,B,PREDATOR,13,-12.249999999999996,225,51.200416666666264,5,2,87.84999999999954,58.92999999999929,1,3.2
3,B,PREDATOR,14,-12.229999999999997,223,51.200416666666264,192,2,69.94536458333333,44.28999999999965,0,3.2
3,B,PREDATOR,15,-12.239999999999997,224,51.200416666666264,6,2,89.7699999999996,43.869999999999656,0,3.2
3,B,PREDATOR,16,-12.339999999999995,234,51.200416666666264,5,2,89.19999999999959,60.90999999999932,1,3.2
3,B,PREDATOR,17,-12.169999999999998,217,51.200416666666264,337,2,60.220504451038686,61.689999999999266,1,3.2
3,B,PREDATOR,18,-12.219999999999997,222,51.200416666666264,5,2,87.26799999999952,59.94999999999938,1,3.2
3,B,PREDATOR,19,-12.229999999999997,223,51.200416666666264,4,2,97.4199999999999,57.30999999999947,2,3.2
3,B,PREDATOR,20,-12.189999999999998,219,51.200416666666264,337,2,66.35418397626117,50.01999999999954,0,3.2
3,B,PREDATOR,21,-12.209999999999997,221,51.200416666666264,337,2,95.66997032640934,43.92999999999968,0,3.2
3,B,PREDATOR,22,-12.289999999999996,229,51.200416666666264,6,2,92.0399999999997,53.46999999999956,0,3.2
3,B,PREDATOR,23,-12.239999999999997,224,51.200416666666264,337,2,70.24169139465876,59.46999999999935,1,3.2
3,B,PREDATOR,24,-12.189999999999998,219,51.200416666666264,6,2,89.55499999999961,53.91999999999956,0,3.2
3,B,PREDATOR,25,-12.219999999999997,222,51.200416666666264,5,2,84.98799999999942,60.39999999999935,1,3.2
3,B,PREDATOR,26,-12.169999999999998,217,51.200416666666264,182,2,69.67412087912088,59.06249999999933,1,3.2
3,B,PREDATOR,27,-12.259999999999996,226,51.200416666666264,4,2,82.48749999999933,62.52999999999925,2,3.2
3,B,PREDATOR,28,-12.179999999999998,218,51.200416666666264,5,2,92.2599999999997,58.02999999999939,1,3.2
3,B,PREDATOR,29,11.409999999999753,288,51.200416666666264,3,2,88.53999999999957,62.409999999998895,3,3.2
3,B,PREDATOR,30,-12.209999999999997,221,51.200416666666264,6,2,90.79499999999966,49.32999999999963,0,3.2
3,B,PREDATOR,31,-12.259999999999996,226,51.200416666666264,6,2,93.31999999999975,48.57999999999954,0,3.2
3,B,PREDATOR,32,-12.209999999999997,221,51.200416666666264,178,2,70.46994382022471,51.69999999999958,1,3.2
3,B,PREDATOR,33,-12.139999999999999,214,51.200416666666264,5,2,89.5539999999996,65.49999999999922,1,3.2
3,B,PREDATOR,34,-12.209999999999997,221,51.200416666666264,6,2,89.5249999999996,48.87999999999958,0,3.2
3,B,PREDATOR,35,-12.319999999999995,232,51.200416666666264,337,2,65.83958456973296,62.34999999999933,1,3.2
3,B,PREDATOR,36,693.1108333333349,500,51.200416666666264,337,3,82.38178041543027,45.83999999999997,26,3.2
3,B,PREDATOR,37,11.106666666666408,297,51.200416666666264,4,2,91.43499999999968,50.61999999999941,2,3.2
3,B,PREDATOR,38,-12.289999999999996,229,51.200416666666264,337,2,66.2739465875371,53.76999999999954,0,3.2
3,B,PREDATOR,39,1387.2375000000034,500,51.200416666666264,337,3,89.67557863501486,44.459999999999944,56,3.2
3,B,PREDATOR,40,-12.179999999999998,218,51.200416666666264,6,2,90.05499999999962,50.73999999999955,0,3.2
3,B,PREDATOR,41,-12.189999999999998,219,51.200416666666264,337,2,64.10148367952526,58.239999999999405,1,3.2
3,B,PREDATOR,42,-12.309999999999995,231,51.200416666666264,6,2,90.37999999999964,42.129999999999725,0,3.2
3,B,PREDATOR,43,-12.209999999999997,221,51.200416666666264,6,2,88.88999999999957,44.679999999999694,0,3.2
3,B,PREDATOR,44,9.203333333333108,286,51.200416666666264,5,2,89.6199999999996,34.62999999999987,1,3.2
3,B,PREDATOR,45,30.642500000000204,327,51.200416666666264,4,2,85.47999999999945,38.10999999999989,2,3.2
3,B,PREDATOR,46,10.919166666666177,303,51.200416666666264,4,2,89.2599999999996,53.67999999999927,2,3.2
3,B,PREDATOR,47,-12.159999999999998,216,51.200416666666264,6,2,95.67499999999984,50.979999999999606,0,3.2
3,B,PREDATOR,48,-12.239999999999997,224,51.200416666666264,3,2,90.31999999999964,74.19999999999914,3,3.2
3,B,PREDATOR,49,-12.169999999999998,217,51.200416666666264,4,2,87.99249999999954,63.15999999999935,2,3.2
3,B,PREDATOR,50,-12.209999999999997,221,51.200416666666264,5,2,94.10799999999978,50.52999999999957,1,3.2
3,B,PREDATOR,51,-12.209999999999997,221,51.200416666666264,337,2,68.1037982195846,51.87999999999961,0,3.2
3,B,PREDATOR,52,-12.189999999999998,219,51.200416666666264,5,2,90.62799999999964,62.649999999999295,1,3.2
3,B,PREDATOR,53,-12.339999999999995,234,51.200416666666264,337,2,63.22367952522261,61.68999999999923,2,3.2
3,B,PREDATOR,54,-12.239999999999997,224,51.200416666666264,337,2,66.8016023738873,50.46999999999963,0,3.2
3,B,PREDATOR,55,-12.199999999999998,220,51.200416666666264,6,2,89.70999999999962,54.549999999999585,0,3.2
3,B,PREDATOR,56,-12.309999999999995,231,51.200416666666264,5,2,91.41999999999967,64.13999999999928,1,3.2
3,B,PREDATOR,57,-12.199999999999998,220,51.200416666666264,5,2,88.07199999999955,59.19999999999935,1,3.2
3,B,PREDATOR,58,12.180833333332904,274,51.200416666666264,5,2,87.84999999999954,43.86999999999977,1,3.2
3,B,PREDATOR,59,-12.199999999999998,220,51.200416666666264,337,2,59.560029673590556,48.69999999999966,0,3.2
3,B,PREDATOR,60,7.919166666666166,279,51.200416666666264,4,2,94.8999999999998,51.48999999999947,2,3.2
3,B,PREDATOR,61,-12.289999999999996,229,51.200416666666264,6,2,91.23499999999967,47.01999999999968,0,3.2
3,B,PREDATOR,62,1150.8625000000025,500,51.200416666666264,337,3,86.95572700296741,51.919999999999824,45,3.2
3,B,PREDATOR,63,-12.339999999999995,234,51.200416666666264,314,2,65.15350318471337,65.4999999999991,2,3.2
3,B,PREDATOR,64,2175.315833333331,500,51.200416666666264,337,3,81.78341246290805,37.11999999999989,95,3.2
3,B,PREDATOR,65,1504.585000000002,500,51.200416666666264,337,3,85.0538575667656,40.23999999999993,62,3.2
3,B,PREDATOR,66,-12.389999999999993,239,51.200416666666264,6,2,86.38499999999948,45.96999999999965,0,3.2
3,B,PREDATOR,67,-12.339999999999995,234,51.200416666666264,337,2,66.89910979228493,51.669999999999604,0,3.2
3,B,PREDATOR,68,8.525833333332846,275,51.200416666666264,5,2,84.60399999999942,44.94999999999975,1,3.2
3,B,PREDATOR,69,-12.239999999999997,224,51.200416666666264,5,2,90.08799999999962,57.24999999999932,1,3.2
3,B,PREDATOR,70,-12.439999999999992,244,51.200416666666264,6,2,88.44499999999955,38.31999999999978,0,3.2
3,B,PREDATOR,71,4.933333333333101,269,51.200416666666264,337,2,69.20456973293774,40.86999999999966,1,3.2
3,B,PREDATOR,72,10.279166666666208,289,51.200416666666264,4,2,85.36749999999944,45.069999999999645,2,3.2
3,B,PREDATOR,73,-12.259999999999996,226,51.200416666666264,208,2,62.32418269230767,54.54999999999938,1,3.2
3,B,PREDATOR,74,-12.249999999999996,225,51.200416666666264,6,2,88.99499999999959,54.84999999999954,0,3.2
3,B,PREDATOR,75,-12.249999999999996,225,51.200416666666264,6,2,90.52999999999965,53.349999999999596,0,3.2
3,B,PREDATOR,76,-12.219999999999997,222,51.200416666666264,337,2,67.33569732937687,51.30999999999952,0,3.2
3,B,PREDATOR,77,-12.279999999999996,228,51.200416666666264,4,2,88.26249999999956,56.94999999999932,2,3.2
3,B,PREDATOR,78,30.524166666666943,350,51.200416666666264,3,2,90.31999999999964,43.41999999999945,3,3.2
3,B,PREDATOR,79,-12.239999999999997,224,51.200416666666264,4,2,85.89999999999947,63.9374999999991,2,3.2
3,B,PREDATOR,80,-12.409999999999993,241,51.200416666666264,5,2,89.4159999999996,63.729999999999265,1,3.2
3,B,PREDATOR,81,-12.289999999999996,229,51.200416666666264,337,2,67.01578635014843,41.16999999999973,0,3.2
3,B,PREDATOR,82,-12.219999999999997,222,51.200416666666264,6,2,91.14499999999965,56.10999999999946,0,3.2
3,B,PREDATOR,83,11.896666666666286,320,51.200416666666264,4,2,90.05499999999962,42.51999999999921,2,3.2
3,B,PREDATOR,84,-11.370000000000001,137,51.200416666666264,4,3,89.00499999999958,49.26000000000007,2,3.2
3,B,PREDATOR,85,-12.269999999999996,227,51.200416666666264,5,2,89.4639999999996,49.869999999999614,1,3.2
3,B,PREDATOR,86,-12.239999999999997,224,51.200416666666264,337,2,70.48661721068252,51.51999999999954,0,3.2
3,B,PREDATOR,87,-12.239999999999997,224,51.200416666666264,4,2,91.31499999999967,64.38999999999926,2,3.2
3,B,PREDATOR,88,-12.339999999999995,234,51.200416666666264,5,2,83.75799999999938,58.80999999999937,1,3.2
3,B,PREDATOR,89,7.202499999999466,294,51.200416666666264,3,2,94.7999999999998,50.67999999999944,3,3.2
3,B,PREDATOR,90,-12.329999999999995,233,51.200416666666264,4,2,92.0349999999997,52.86999999999951,2,3.2
3,B,PREDATOR,91,8.862499999999498,290,51.200416666666264,337,2,69.37602373887248,46.95999999999931,3,3.2
3,B,PREDATOR,92,-12.259999999999996,226,51.200416666666264,6,2,89.4899999999996,44.37999999999961,0,3.2
3,B,PREDATOR,93,-11.34,134,51.200416666666264,5,3,87.62199999999953,39.79999999999996,1,3.2
3,B,PREDATOR,94,-12.289999999999996,229,51.200416666666264,5,2,93.09999999999974,52.77999999999959,1,3.2
3,B,PREDATOR,95,-12.389999999999993,239,51.200416666666264,5,2,88.54599999999957,53.979999999999364,1,3.2
3,B,PREDATOR,96,-12.239999999999997,224,51.200416666666264,6,2,89.2949999999996,46.56999999999958,0,3.2
3,B,PREDATOR,97,-12.239999999999997,224,51.200416666666264,4,2,85.19499999999944,65.67999999999954,2,3.2
3,B,PREDATOR,98,-12.189999999999998,219,51.200416666666264,337,2,58.48471810089031,77.40999999999978,55,3.2
3,B,PREDATOR,99,-12.189999999999998,219,51.200416666666264,4,2,91.56249999999969,65.76999999999929,2,3.2
3,B,PREDATOR,100,-12.409999999999993,241,51.200416666666264,4,2,85.82499999999946,51.42999999999944,2,3.2
3,B,PREDATOR,101,-12.219999999999997,222,51.200416666666264,5,2,92.25999999999972,57.75999999999932,1,3.2
3,B,PREDATOR,102,10.393333333332864,284,51.200416666666264,337,2,66.21133531157274,40.71999999999976,1,3.2
3,B,PREDATOR,103,-12.219999999999997,222,51.200416666666264,5,2,87.36999999999952,62.37749999999929,1,3.2
3,B,PREDATOR,104,-12.159999999999998,216,51.200416666666264,5,2,92.0139999999997,60.78999999999934,1,3.2
3,B,PREDATOR,105,28.31000000000016,327,51.200416666666264,337,2,64.30839762611286,36.75999999999985,2,3.2
3,B,PREDATOR,106,-12.159999999999998,216,51.200416666666264,337,2,65.3138575667656,47.52999999999966,0,3.2
3,B,PREDATOR,107,-12.219999999999997,222,51.200416666666264,6,2,92.73999999999972,45.75999999999968,0,3.2
3,B,PREDATOR,108,-12.489999999999991,249,51.200416666666264,5,2,89.2839999999996,53.54624999999933,1,3.2
3,B,PREDATOR,109,113.26249999999828,500,51.200416666666264,1,3,91.9599999999997,28.704166666666723,5,3.2
3,B,PREDATOR,110,-12.209999999999997,221,51.200416666666264,337,2,64.3993768545995,53.40999999999943,1,3.2
3,B,PREDATOR,111,-12.669999999999987,267,51.200416666666264,337,2,64.97813056379823,48.75999999999962,0,3.2
3,B,PREDATOR,112,-12.279999999999996,228,51.200416666666264,5,2,89.75199999999961,56.679999999999374,1,3.2
3,B,PREDATOR,113,-12.159999999999998,216,51.200416666666264,5,2,97.16799999999989,59.13999999999929,1,3.2
3,B,PREDATOR,114,-12.279999999999996,228,51.200416666666264,337,2,63.2026112759644,45.93999999999963,0,3.2
3,B,PREDATOR,115,-12.159999999999998,216,51.200416666666264,6,2,87.35999999999952,56.97999999999944,0,3.2
3,B,PREDATOR,116,-12.219999999999997,222,51.200416666666264,5,2,87.07599999999952,56.8299999999994,1,3.2
3,B,PREDATOR,117,-12.389999999999993,239,51.200416666666264,5,2,93.73599999999976,54.15999999999931,1,3.2
3,B,PREDATOR,118,11.77583333333286,301,51.200416666666264,5,2,90.60399999999964,40.47999999999975,1,3.2
3,B,PREDATOR,119,3351.2449999999812,500,51.200416666666264,337,3,90.23913946587538,39.579999999999906,134,3.2
3,B,PREDATOR,120,-12.12,212,51.200416666666264,3,2,93.79999999999977,74.13999999999919,3,3.2
3,B,PREDATOR,121,-12.189999999999998,219,51.200416666666264,6,2,93.59499999999976,48.66999999999962,0,3.2
3,B,PREDATOR,122,32.41500000000028,335,51.200416666666264,7,2,96.68571428571421,35.19999999999992,2,3.2
3,B,PREDATOR,123,11.358333333332999,282,51.200416666666264,5,2,90.42999999999964,38.85999999999977,1,3.2
3,B,PREDATOR,124,-12.349999999999994,235,51.200416666666264,337,2,65.48884272997039,57.609999999999374,1,3.2
3,B,PREDATOR,125,8.779999999999513,278,51.200416666666264,3,2,90.03999999999962,64.22999999999884,3,3.2
3,B,PREDATOR,126,-12.339999999999995,234,51.200416666666264,16,2,90.0474999999999,58.62999999999931,2,3.2
3,B,PREDATOR,127,-12.259999999999996,226,51.200416666666264,6,2,92.81999999999972,54.87999999999944,0,3.2
3,B,PREDATOR,128,11.948333333332895,277,51.200416666666264,337,2,62.79988130563804,36.60999999999985,1,3.2
3,B,PREDATOR,129,10.31666666666615,316,51.200416666666264,4,2,85.65999999999946,52.959999999999184,2,3.2
3,B,PREDATOR,130,-12.369999999999994,237,51.200416666666264,337,2,63.472700296735944,52.29999999999937,1,3.2
3,B,PREDATOR,131,8.78333333333284,283,51.200416666666264,5,2,84.67599999999942,47.58999999999968,1,3.2
3,B,PREDATOR,132,-12.239999999999997,224,51.200416666666264,6,2,93.34999999999975,50.31999999999954,0,3.2
3,B,PREDATOR,133,-12.299999999999995,230,51.200416666666264,337,2,68.59744807121662,48.849999999999646,0,3.2
3,B,PREDATOR,134,-12.259999999999996,226,51.200416666666264,337,2,68.83548961424334,45.42999999999965,0,3.2
3,B,PREDATOR,135,-12.229999999999997,223,51.200416666666264,337,2,67.67525222551933,55.329999999999465,1,3.2
3,B,PREDATOR,136,33.04416666666695,341,51.200416666666264,3,2,85.82999999999947,42.543749999999484,3,3.2
3,B,PREDATOR,137,-12.219999999999997,222,51.200416666666264,6,2,88.91999999999958,55.80999999999949,0,3.2
3,B,PREDATOR,138,-12.209999999999997,221,51.200416666666264,337,2,61.956023738872446,60.84999999999934,1,3.2
3,B,PREDATOR,139,-12.249999999999996,225,51.200416666666264,42,2,85.05166666666659,43.89999999999969,0,3.2
3,B,PREDATOR,140,-12.58999999999999,259,51.200416666666264,337,2,65.8257270029674,57.999999999999474,2,3.2
3,B,PREDATOR,141,-11.350000000000001,135,51.200416666666264,9,3,93.97222222222204,38.23999999999994,0,3.2
3,B,PREDATOR,142,-12.269999999999996,227,51.200416666666264,337,2,68.73056379821959,49.80999999999963,0,3.2
3,B,PREDATOR,143,-12.469999999999992,247,51.200416666666264,4,2,88.44999999999956,68.79999999999902,2,3.2
3,B,PREDATOR,144,-12.489999999999991,249,51.200416666666264,6,2,91.14499999999965,36.8199999999998,0,3.2
3,B,PREDATOR,145,-11.600000000000001,160,51.200416666666264,4,3,91.38999999999967,48.81833333333332,2,3.2
3,B,PREDATOR,146,-12.53999999999999,254,51.200416666666264,6,2,87.23999999999951,39.96999999999973,0,3.2
3,B,PREDATOR,147,-12.55999999999999,256,51.200416666666264,6,2,90.31499999999964,43.02999999999974,0,3.2
3,B,PREDATOR,148,-12.53999999999999,254,51.200416666666264,4,2,89.1024999999996,52.56999999999958,2,3.2
3,B,PREDATOR,149,-12.57999999999999,258,51.200416666666264,6,2,90.54499999999963,43.08999999999969,0,3.2
3,B,PREDATOR,150,-12.649999999999988,265,51.200416666666264,6,2,89.97999999999962,39.54999999999968,0,3.2
3,B,PREDATOR,151,10.164999999999443,342,51.200416666666264,3,2,95.43999999999983,44.13999999999947,3,3.2
3,B,PREDATOR,152,2287.624166666667,500,51.200416666666264,337,3,74.60305637982201,40.85999999999991,100,3.2
3,B,PREDATOR,153,-13.189999999999976,319,51.200416666666264,6,2,94.49499999999979,43.11999999999976,0,3.2
3,B,PREDATOR,154,-12.369999999999994,237,51.200416666666264,337,2,66.22100890207719,61.8674999999992,3,3.2
3,B,PREDATOR,155,-13.02999999999998,303,51.200416666666264,6,2,93.29999999999974,40.539999999999836,0,3.2
3,B,PREDATOR,156,-12.459999999999992,246,51.200416666666264,337,2,65.36756676557866,46.329999999999714,0,3.2
3,B,PREDATOR,157,-12.239999999999997,224,51.200416666666264,6,2,88.44499999999955,45.969999999999665,0,3.2
3,B,PREDATOR,158,13.383333333333061,174,51.200416666666264,5,3,88.93599999999958,28.29999999999986,1,3.2
3,B,PREDATOR,159,-12.389999999999993,239,51.200416666666264,6,2,91.49999999999967,46.869999999999585,0,3.2
3,B,PREDATOR,160,-12.489999999999991,249,51.200416666666264,3,2,86.07999999999947,62.679999999999126,3,3.2
3,B,PREDATOR,161,-12.209999999999997,221,51.200416666666264,337,2,67.8279228486647,46.02999999999969,0,3.2
3,B,PREDATOR,162,-12.339999999999995,234,51.200416666666264,5,2,89.4099999999996,58.62999999999938,1,3.2
3,B,PREDATOR,163,-12.259999999999996,226,51.200416666666264,337,2,70.20741839762616,49.929999999999595,0,3.2
3,B,PREDATOR,164,30.36166666666636,364,51.200416666666264,3,2,85.82999999999947,37.83999999999958,3,3.2
3,B,PREDATOR,165,-12.209999999999997,221,51.200416666666264,6,2,91.9399999999997,52.62999999999961,0,3.2
3,B,PREDATOR,166,-12.159999999999998,216,51.200416666666264,337,2,67.31062314540061,47.679999999999666,0,3.2
3,B,PREDATOR,167,-12.12,212,51.200416666666264,6,2,91.9999999999997,47.709999999999624,0,3.2
3,B,PREDATOR,168,-12.149999999999999,215,51.200416666666264,5,2,90.27999999999963,57.819999999999396,1,3.2
3,B,PREDATOR,169,-12.249999999999996,225,51.200416666666264,6,2,92.10999999999972,54.699999999999534,0,3.2
3,B,PREDATOR,170,30.861666666667055,377,51.200416666666264,3,2,86.78999999999951,41.079999999999714,3,3.2
3,B,PREDATOR,171,10.195833333332848,294,51.200416666666264,4,2,82.50249999999934,52.37999999999931,2,3.2
3,B,PREDATOR,172,-12.489999999999991,249,51.200416666666264,337,2,69.27688427299705,70.65999999999902,2,3.2
3,B,PREDATOR,173,-12.509999999999991,251,51.200416666666264,337,2,68.00287833827895,40.779999999999774,0,3.2
3,B,PREDATOR,174,-12.309999999999995,231,51.200416666666264,4,2,84.72999999999942,58.50999999999939,2,3.2
3,B,PREDATOR,175,31.142500000000275,432,51.200416666666264,1,2,90.51999999999964,36.129999999999654,5,3.2
3,B,PREDATOR,176,-12.299999999999995,230,51.200416666666264,5,2,89.19399999999959,59.229999999999386,1,3.2
3,B,PREDATOR,177,30.864166666666655,415,51.200416666666264,3,2,90.61999999999965,31.389999999999922,3,3.2
3,B,PREDATOR,178,-12.55999999999999,256,51.200416666666264,4,2,89.3424999999996,52.274999999999416,2,3.2
3,B,PREDATOR,179,-12.359999999999994,236,51.200416666666264,337,2,70.7126706231454,60.12999999999932,1,3.2
3,B,PREDATOR,180,-12.289999999999996,229,51.200416666666264,337,2,57.18035608308617,55.869999999999465,0,3.2
3,B,PREDATOR,181,-12.309999999999995,231,51.200416666666264,5,2,92.58399999999972,55.17999999999952,1,3.2
3,B,PREDATOR,182,10.539166666666192,287,51.200416666666264,4,2,97.2249999999999,41.01999999999964,2,3.2
3,B,PREDATOR,183,28.606666666666868,402,51.200416666666264,0,2,0.0,39.72999999999938,6,3.2
3,B,PREDATOR,184,9.473333333332794,322,51.200416666666264,337,2,67.71721068249262,31.809999999999878,1,3.2
3,B,PREDATOR,185,12.085833333332987,297,51.200416666666264,5,2,88.76199999999957,32.109999999999886,1,3.2
3,B,PREDATOR,186,7.6099999999994825,287,51.200416666666264,3,2,91.39999999999968,57.909999999999215,3,3.2
3,B,PREDATOR,187,-12.459999999999992,246,51.200416666666264,6,2,89.28999999999958,49.32999999999966,0,3.2
3,B,PREDATOR,188,-12.299999999999995,230,51.200416666666264,5,2,90.90999999999966,57.72999999999939,1,3.2
3,B,PREDATOR,189,8.150833333332846,272,51.200416666666264,4,2,89.36499999999961,59.18249999999924,2,3.2
3,B,PREDATOR,190,-12.289999999999996,229,51.200416666666264,337,2,67.37545994065287,64.4324999999992,1,3.2
3,B,PREDATOR,191,-12.359999999999994,236,51.200416666666264,337,2,67.17682492581604,50.8599999999995,3,3.2
3,B,PREDATOR,192,-12.199999999999998,220,51.200416666666264,4,2,87.93999999999954,59.43999999999938,2,3.2
3,B,PREDATOR,193,7.812499999999622,299,51.200416666666264,3,2,83.75999999999938,51.699999999999484,3,3.2
3,B,PREDATOR,194,-12.489999999999991,249,51.200416666666264,337,2,66.1356083086054,48.06999999999971,0,3.2
3,B,PREDATOR,195,-12.459999999999992,246,51.200416666666264,6,2,93.99499999999978,40.32999999999975,0,3.2
3,B,PREDATOR,196,-12.159999999999998,216,51.200416666666264,4,2,88.83999999999958,63.30999999999949,2,3.2
3,B,PREDATOR,197,-12.159999999999998,216,51.200416666666264,6,2,91.26999999999968,53.079999999999565,0,3.2
3,B,PREDATOR,198,-12.829999999999984,283,51.200416666666264,4,2,94.46499999999979,59.25999999999934,2,3.2
3,B,PREDATOR,199,-12.819999999999984,282,51.200416666666264,3,2,90.35999999999963,62.17999999999891,4,3.2
3,B,PREDATOR,200,-12.409999999999993,241,51.200416666666264,337,2,63.11344213649859,45.27999999999971,0,3.2
3,B,PREDATOR,201,-12.199999999999998,220,51.200416666666264,4,2,91.62249999999969,60.639999999999404,2,3.2
3,B,PREDATOR,202,-12.789999999999985,279,51.200416666666264,337,2,66.81367952522261,37.71999999999983,0,3.2
3,B,PREDATOR,203,85.64333333333107,500,51.200416666666264,2,3,86.25999999999948,5.459999999999937,4,3.2
3,B,PREDATOR,204,-12.239999999999997,224,51.200416666666264,6,2,91.97999999999969,46.11999999999968,0,3.2
3,B,PREDATOR,205,-11.270000000000001,127,51.200416666666264,6,3,88.26499999999957,41.079999999999984,0,3.2
3,B,PREDATOR,206,-12.609999999999989,261,51.200416666666264,337,2,92.0581008902077,76.84124999999968,165,3.2
3,B,PREDATOR,207,7.660833333332809,294,51.200416666666264,337,2,70.24839762611285,46.26999999999973,1,3.2
3,B,PREDATOR,208,-12.199999999999998,220,51.200416666666264,6,2,93.94499999999977,51.09999999999962,0,3.2
3,B,PREDATOR,209,-12.629999999999988,263,51.200416666666264,6,2,85.38499999999944,48.189999999999685,0,3.2
3,B,PREDATOR,210,-12.389999999999993,239,51.200416666666264,6,2,89.33999999999959,44.76999999999961,0,3.2
3,B,PREDATOR,211,2486.788333333326,500,51.200416666666264,337,3,77.52771513353123,40.459999999999916,93,3.2
3,B,PREDATOR,212,10.933333333332756,365,51.200416666666264,4,2,91.24749999999968,33.247499999999505,2,3.2
3,B,PREDATOR,213,-12.209999999999997,221,51.200416666666264,6,2,89.99499999999962,44.379999999999654,0,3.2
3,B,PREDATOR,214,-12.409999999999993,241,51.200416666666264,337,2,68.78430267062316,46.02999999999962,0,3.2
3,B,PREDATOR,215,-12.479999999999992,248,51.200416666666264,6,2,90.48499999999963,45.93999999999967,0,3.2
3,B,PREDATOR,216,-12.639999999999988,264,51.200416666666264,6,2,94.6599999999998,46.41999999999963,0,3.2
3,B,PREDATOR,217,-12.309999999999995,231,51.200416666666264,4,2,91.99749999999969,58.11999999999955,2,3.2
3,B,PREDATOR,218,10.213333333332757,356,51.200416666666264,5,2,91.70199999999969,29.97999999999982,1,3.2
3,B,PREDATOR,219,-12.55999999999999,256,51.200416666666264,337,2,68.89489614243324,50.2299999999995,1,3.2
3,B,PREDATOR,220,-12.209999999999997,221,51.200416666666264,6,2,93.12999999999973,53.229999999999606,0,3.2
3,B,PREDATOR,221,9.968333333332739,367,51.200416666666264,337,2,66.16100890207723,30.309999999999967,1,3.2
3,B,PREDATOR,222,-12.459999999999992,246,51.200416666666264,2,2,88.53999999999957,63.36999999999915,4,3.2
3,B,PREDATOR,223,-12.239999999999997,224,51.200416666666264,6,2,88.48999999999955,50.769999999999634,0,3.2
3,B,PREDATOR,224,10.945833333332883,276,51.200416666666264,5,2,89.85999999999963,39.129999999999825,1,3.2
3,B,PREDATOR,225,-12.189999999999998,219,51.200416666666264,249,2,68.07915662650602,46.26999999999959,0,3.2
3,B,PREDATOR,226,32.004166666667025,447,51.200416666666264,337,2,77.31029673590514,23.85999999999994,2,3.2
3,B,PREDATOR,227,-12.729999999999986,273,51.200416666666264,4,2,92.99499999999973,48.60999999999944,2,3.2
3,B,PREDATOR,228,-12.789999999999985,279,51.200416666666264,337,2,67.4628486646885,46.95999999999954,1,3.2
3,B,PREDATOR,229,-12.809999999999985,281,51.200416666666264,6,2,86.02499999999947,41.979999999999784,0,3.2
3,B,PREDATOR,230,-12.359999999999994,236,51.200416666666264,5,2,95.86599999999984,60.819999999999304,1,3.2
3,B,PREDATOR,231,-12.339999999999995,234,51.200416666666264,6,2,87.26999999999953,51.669999999999575,0,3.2
3,B,PREDATOR,232,36.07500000000047,432,51.200416666666264,337,2,98.55804154302666,19.65999999999984,2,3.2
3,B,PREDATOR,233,30.636666666666656,353,51.200416666666264,3,2,91.63999999999969,44.31999999999958,3,3.2
3,B,PREDATOR,234,8.399166666666128,312,51.200416666666264,4,2,90.20499999999963,44.469999999999715,2,3.2
3,B,PREDATOR,235,-12.55999999999999,256,51.200416666666264,6,2,90.20499999999963,51.42999999999958,0,3.2
3,B,PREDATOR,236,-12.259999999999996,226,51.200416666666264,337,2,59.967685459940796,40.92999999999974,0,3.2
3,B,PREDATOR,237,30.27416666666676,390,51.200416666666264,3,2,85.17999999999944,34.91999999999952,3,3.2
3,B,PREDATOR,238,9.261666666666065,372,51.200416666666264,337,2,80.15362017804159,31.119999999999653,2,3.2
3,B,PREDATOR,239,-12.719999999999986,272,51.200416666666264,337,2,64.29290801186949,51.729999999999364,1,3.2
3,B,PREDATOR,240,29.894166666667033,431,51.200416666666264,3,2,93.63999999999976,29.169999999999625,3,3.2
3,B,PREDATOR,241,-12.359999999999994,236,51.200416666666264,337,2,66.76210682492582,60.9399999999993,1,3.2
3,B,PREDATOR,242,7.086666666666028,369,51.200416666666264,4,2,87.73749999999953,38.05499999999967,2,3.2
3,B,PREDATOR,243,11.391666666666227,273,51.200416666666264,4,2,90.08499999999962,51.51999999999941,2,3.2
3,B,PREDATOR,244,-12.159999999999998,216,51.200416666666264,4,2,88.54749999999957,67.51124999999911,2,3.2
3,B,PREDATOR,245,-12.239999999999997,224,51.200416666666264,4,2,91.53999999999968,68.82999999999907,2,3.2
3,B,PREDATOR,246,-12.419999999999993,242,51.200416666666264,337,2,64.11887240356087,48.99999999999963,1,3.2
3,B,PREDATOR,247,-12.209999999999997,221,51.200416666666264,6,2,90.67499999999966,50.22999999999963,0,3.2
3,B,PREDATOR,248,-12.239999999999997,224,51.200416666666264,5,2,89.3199999999996,61.329999999999345,1,3.2
3,B,PREDATOR,249,-12.809999999999985,281,51.200416666666264,337,2,55.05335311572712,57.039999999999196,1,3.2
3,B,PREDATOR,250,-12.209999999999997,221,51.200416666666264,337,2,72.44706231454009,45.129999999999676,0,3.2
3,B,PREDATOR,251,-12.689999999999987,269,51.200416666666264,6,2,86.42499999999949,36.81999999999978,0,3.2
3,B,PREDATOR,252,10.500833333332833,307,51.200416666666264,5,2,88.36599999999956,39.15999999999986,1,3.2
3,B,PREDATOR,253,-12.789999999999985,279,51.200416666666264,6,2,89.80499999999961,48.51999999999962,0,3.2
3,B,PREDATOR,254,-12.659999999999988,266,51.200416666666264,3,2,90.19999999999963,52.659999999999556,3,3.2
3,B,PREDATOR,255,-11.750000000000002,175,51.200416666666264,6,3,93.35999999999974,34.51999999999995,0,3.2
3,B,PREDATOR,256,-12.659999999999988,266,51.200416666666264,337,2,65.11100890207719,46.929999999999666,0,3.2
3,B,PREDATOR,257,-12.759999999999986,276,51.200416666666264,5,2,92.36799999999971,51.6699999999994,1,3.2
3,B,PREDATOR,258,-12.789999999999985,279,51.200416666666264,5,2,89.63799999999961,51.729999999999364,1,3.2
3,B,PREDATOR,259,-12.309999999999995,231,51.200416666666264,5,2,85.73799999999946,58.86999999999932,1,3.2
3,B,PREDATOR,260,-12.209999999999997,221,51.200416666666264,6,2,93.41999999999975,51.72999999999951,0,3.2
3,B,PREDATOR,261,-12.689999999999987,269,51.200416666666264,6,2,85.39499999999946,32.16999999999979,0,3.2
3,B,PREDATOR,262,3971.442499999994,500,51.200416666666264,337,3,80.41551928783387,36.359999999999864,176,3.2
3,B,PREDATOR,263,-12.459999999999992,246,51.200416666666264,4,2,93.84999999999977,57.609999999999246,2,3.2
3,B,PREDATOR,264,33.797500000000504,352,51.200416666666264,4,2,92.0349999999997,36.759999999999856,2,3.2
3,B,PREDATOR,265,-12.159999999999998,216,51.200416666666264,4,2,91.9299999999997,61.509999999999586,2,3.2
3,B,PREDATOR,266,-12.189999999999998,219,51.200416666666264,5,2,87.30999999999952,59.25999999999936,1,3.2
3,B,PREDATOR,267,31.095833333333353,368,51.200416666666264,337,2,67.936112759644,26.73999999999991,2,3.2
3,B,PREDATOR,268,-12.54999999999999,255,51.200416666666264,6,2,85.66499999999945,48.84999999999968,0,3.2
3,B,PREDATOR,269,-12.139999999999999,214,51.200416666666264,5,2,91.64199999999968,55.38749999999938,1,3.2
3,B,PREDATOR,270,11.826666666666194,300,51.200416666666264,337,2,66.31023738872409,46.35999999999941,2,3.2
3,B,PREDATOR,271,-12.309999999999995,231,51.200416666666264,60,2,83.59083333333328,48.72999999999956,0,3.2
3,B,PREDATOR,272,8.586666666666263,300,51.200416666666264,4,2,93.47499999999975,53.439999999999245,2,3.2
3,B,PREDATOR,273,6.848333333332748,328,51.200416666666264,23,2,83.43130434782606,25.38999999999983,1,3.2
3,B,PREDATOR,274,-12.789999999999985,279,51.200416666666264,6,2,91.08999999999965,43.41999999999979,0,3.2
3,B,PREDATOR,275,-12.509999999999991,251,51.200416666666264,4,2,91.11999999999966,55.89999999999935,2,3.2
3,B,PREDATOR,276,9.855833333332827,304,51.200416666666264,4,2,88.95249999999957,52.91624999999919,2,3.2
3,B,PREDATOR,277,-12.959999999999981,296,51.200416666666264,6,2,90.77499999999965,39.72999999999985,0,3.2
3,B,PREDATOR,278,9.084166666666063,365,51.200416666666264,3,2,91.26999999999968,40.8637499999996,3,3.2
3,B,PREDATOR,279,-12.55999999999999,256,51.200416666666264,5,2,89.5599999999996,59.25999999999922,1,3.2
3,B,PREDATOR,280,10.213333333332871,275,51.200416666666264,337,2,70.24952522255197,45.24999999999966,1,3.2
3,B,PREDATOR,281,-12.189999999999998,219,51.200416666666264,6,2,87.50499999999953,53.7699999999996,0,3.2
3,B,PREDATOR,282,-12.859999999999983,286,51.200416666666264,13,2,96.38999999999989,41.07999999999981,0,3.2
3,B,PREDATOR,283,-12.959999999999981,296,51.200416666666264,6,2,88.22999999999956,41.07999999999983,0,3.2
3,B,PREDATOR,284,112.81416666666432,500,51.200416666666264,0,3,0.0,18.003333333333106,6,3.2
3,B,PREDATOR,285,64.67249999999828,500,51.200416666666264,3,3,87.20999999999951,14.499999999999844,3,3.2
3,B,PREDATOR,286,-12.98999999999998,299,51.200416666666264,4,2,89.4549999999996,53.409999999999314,2,3.2
3,B,PREDATOR,287,-12.919999999999982,292,51.200416666666264,5,2,93.53199999999975,50.18249999999912,1,3.2
3,B,PREDATOR,288,-11.8,180,51.200416666666264,184,3,69.56684782608693,35.21999999999997,0,3.2
3,B,PREDATOR,289,8.294166666666166,282,51.200416666666264,337,2,63.81652818991102,49.05999999999934,2,3.2
3,B,PREDATOR,290,-12.619999999999989,262,51.200416666666264,337,2,66.5984569732938,53.04999999999932,1,3.2
3,B,PREDATOR,291,-13.139999999999977,314,51.200416666666264,4,2,94.32999999999979,58.599999999999305,2,3.2
3,B,PREDATOR,292,31.393333333333572,428,51.200416666666264,337,2,66.8480118694363,28.419999999999824,3,3.2
3,B,PREDATOR,293,86.30916666666536,500,51.200416666666264,1,3,81.6099999999993,27.580833333333455,5,3.2
3,B,PREDATOR,294,191.89916666666673,500,51.200416666666264,337,3,98.57210682492575,42.7599999999999,9,3.2
3,B,PREDATOR,295,-12.639999999999988,264,51.200416666666264,337,2,63.760474777448174,39.9699999999997,0,3.2
3,B,PREDATOR,296,9.386666666666342,409,51.200416666666264,4,2,93.44499999999975,29.13999999999976,2,3.2
3,B,PREDATOR,297,9.979166666666144,316,51.200416666666264,4,2,88.05249999999955,40.719999999999615,2,3.2
3,B,PREDATOR,298,31.174999999999933,387,51.200416666666264,4,2,89.76249999999962,28.80999999999997,2,3.2
3,B,PREDATOR,299,-12.309999999999995,231,51.200416666666264,6,2,92.71499999999973,47.829999999999664,0,3.2
3,B,PREDATOR,300,32.34916666666698,355,51.200416666666264,3,2,89.94999999999963,36.939999999999415,3,3.2
3,B,PREDATOR,301,-12.269999999999996,227,51.200416666666264,337,2,70.56163204747776,46.50999999999971,0,3.2
3,B,PREDATOR,302,11.481666666666316,294,51.200416666666264,4,2,88.81749999999957,51.87999999999926,2,3.2
3,B,PREDATOR,303,9.751666666666095,351,51.200416666666264,1,2,89.76999999999961,53.2899999999992,5,3.2
3,B,PREDATOR,304,-12.599999999999989,260,51.200416666666264,6,2,89.0549999999996,49.89999999999954,0,3.2
3,B,PREDATOR,305,-12.889999999999983,289,51.200416666666264,6,2,89.05999999999959,46.26999999999963,0,3.2
3,B,PREDATOR,306,-12.309999999999995,231,51.200416666666264,337,2,65.4390801186944,54.81999999999955,1,3.2
3,B,PREDATOR,307,-12.219999999999997,222,51.200416666666264,4,2,94.50999999999979,57.249999999999424,2,3.2
3,B,PREDATOR,308,8.186666666666293,346,51.200416666666264,4,2,92.77749999999972,44.681249999999366,2,3.2
3,B,PREDATOR,309,30.604166666667048,396,51.200416666666264,3,2,90.15999999999963,36.939999999999515,3,3.2
3,B,PREDATOR,310,-12.649999999999988,265,51.200416666666264,5,2,87.72999999999954,58.44999999999922,1,3.2
3,B,PREDATOR,311,10.519166666666115,343,51.200416666666264,4,2,90.08499999999962,48.309999999999384,2,3.2
3,B,PREDATOR,312,-12.429999999999993,243,51.200416666666264,4,2,85.67499999999946,62.34999999999917,2,3.2
3,B,PREDATOR,313,-12.289999999999996,229,51.200416666666264,4,2,91.54749999999967,59.619999999999344,2,3.2
3,B,PREDATOR,314,-12.98999999999998,299,51.200416666666264,337,2,71.7437685459941,36.06999999999987,0,3.2
3,B,PREDATOR,315,-12.869999999999983,287,51.200416666666264,5,2,89.08599999999959,41.229999999999755,1,3.2
3,B,PREDATOR,316,-12.839999999999984,284,51.200416666666264,337,2,70.18804154302674,43.56999999999978,0,3.2
3,B,PREDATOR,317,-12.959999999999981,296,51.200416666666264,4,2,91.49499999999968,62.61999999999881,2,3.2
3,B,PREDATOR,318,-12.509999999999991,251,51.200416666666264,5,2,90.16599999999963,51.81999999999939,1,3.2
3,B,PREDATOR,319,-12.209999999999997,221,51.200416666666264,5,2,92.63199999999972,62.73999999999931,1,3.2
3,B,PREDATOR,320,60.49999999999867,325,51.200416666666264,3,2,89.6199999999996,51.01124999999915,4,3.2
3,B,PREDATOR,321,-12.459999999999992,246,51.200416666666264,337,2,74.17065281899114,51.69999999999959,1,3.2
3,B,PREDATOR,322,7.265833333332692,421,51.200416666666264,337,2,72.29207715133545,32.679999999999936,1,3.2
3,B,PREDATOR,323,-12.55999999999999,256,51.200416666666264,5,2,88.18599999999955,60.52499999999918,1,3.2
3,B,PREDATOR,324,-12.939999999999982,294,51.200416666666264,337,2,66.57077151335315,33.06999999999988,0,3.2
3,B,PREDATOR,325,9.470833333332786,329,51.200416666666264,5,2,90.41199999999964,32.61999999999989,1,3.2
3,B,PREDATOR,326,-12.459999999999992,246,51.200416666666264,337,2,68.68086053412465,51.729999999999514,1,3.2
3,B,PREDATOR,327,-12.339999999999995,234,51.200416666666264,199,2,69.61145728643214,42.66999999999965,0,3.2
3,B,PREDATOR,328,10.254166666666206,275,51.200416666666264,4,2,89.7024999999996,56.28999999999931,2,3.2
3,B,PREDATOR,329,10.18583333333284,298,51.200416666666264,337,2,68.26982195845703,31.689999999999795,1,3.2
3,B,PREDATOR,330,-13.219999999999976,322,51.200416666666264,337,2,69.62979228486654,33.90999999999992,0,3.2
3,B,PREDATOR,331,-12.659999999999988,266,51.200416666666264,337,2,66.15139465875374,38.379999999999804,0,3.2
3,B,PREDATOR,332,28.909166666667012,465,51.200416666666264,3,2,94.9299999999998,31.481249999999772,3,3.2
3,B,PREDATOR,333,-13.109999999999978,311,51.200416666666264,5,2,89.4519999999996,47.52999999999938,1,3.2
3,B,PREDATOR,334,-12.809999999999985,281,51.200416666666264,5,2,93.83199999999977,55.56999999999926,1,3.2
3,B,PREDATOR,335,-12.359999999999994,236,51.200416666666264,5,2,89.21199999999959,53.31999999999957,1,3.2
3,B,PREDATOR,336,-12.709999999999987,271,51.200416666666264,5,2,86.7459999999995,48.669999999999604,1,3.2
3,B,PREDATOR,337,9.874166666666072,367,51.200416666666264,2,2,92.85999999999973,43.26749999999916,4,3.2
3,B,PREDATOR,338,-12.98999999999998,299,51.200416666666264,337,2,64.68792284866474,38.46999999999969,0,3.2
3,B,PREDATOR,339,-12.51999999999999,252,51.200416666666264,4,2,84.88749999999943,62.019999999999484,2,3.2
3,B,PREDATOR,340,-12.939999999999982,294,51.200416666666264,3,2,94.07999999999977,56.58999999999926,3,3.2
3,B,PREDATOR,341,1442.6583333333338,500,51.200416666666264,337,3,76.67477744807127,41.49999999999991,54,3.2
3,B,PREDATOR,342,-12.759999999999986,276,51.200416666666264,93,2,73.66182795698921,46.02999999999949,3,3.2
3,B,PREDATOR,343,6672.579999999956,500,51.200416666666264,337,3,90.89100890207715,39.65999999999989,248,3.2
3,B,PREDATOR,344,-13.03999999999998,304,51.200416666666264,5,2,91.9839999999997,54.399999999999324,1,3.2
3,B,PREDATOR,345,3643.514999999966,500,51.200416666666264,337,3,81.13474777448079,41.099999999999866,144,3.2
3,B,PREDATOR,346,-13.289999999999974,329,51.200416666666264,6,2,92.0299999999997,38.16999999999986,0,3.2
3,B,PREDATOR,347,-13.45999999999997,346,51.200416666666264,337,2,63.31489614243333,40.59999999999976,1,3.2
3,B,PREDATOR,348,4136.262499999993,500,51.200416666666264,337,3,61.655163204747886,46.399999999999956,172,3.2
3,B,PREDATOR,349,-12.709999999999987,271,51.200416666666264,337,2,65.33492581602383,43.62999999999971,0,3.2
3,B,PREDATOR,350,88.53083333333187,500,51.200416666666264,2,3,90.33999999999963,21.499999999999687,4,3.2
4,A,PREY,1,2034.4900000000043,500,185.3679999999996,338,1,77.40420118343202,63.23999999999882,2,4.5
4,A,PREY,2,2154.4600000000028,500,185.3679999999996,338,2,96.3604142011833,87.9274999999989,8,4.5
4,A,PREY,3,2274.4299999999935,500,185.3679999999996,5,1,92.48199999999972,47.72249999999874,2,4.5
4,A,PREY,4,228.47000000000014,47,185.3679999999996,8,2,81.06124999999975,81.64124999999987,1,4.5
4,A,PREY,5,2114.470000000002,500,185.3679999999996,2,2,95.91999999999985,53.131249999999724,5,4.5
4,A,PREY,6,1754.5600000000043,500,185.3679999999996,3,2,94.5199999999998,48.27499999999962,4,4.5
4,A,PREY,7,108.68999999999997,28,185.3679999999996,6,2,93.03499999999973,85.74374999999995,1,4.5
4,A,PREY,8,2354.4099999999794,500,185.3679999999996,338,1,99.31902366863906,94.47999999999979,4,4.5
4,A,PREY,9,2674.3299999999826,500,185.3679999999996,6,1,95.75999999999983,36.01249999999911,1,4.5
4,A,PREY,10,3474.129999999961,500,185.3679999999996,5,1,89.20599999999959,65.68249999999861,2,4.5
4,A,PREY,11,3114.219999999976,500,185.3679999999996,338,2,99.44588757396447,94.19999999999936,8,4.5
4,A,PREY,12,2914.2699999999804,500,185.3679999999996,4,1,88.48749999999957,81.45999999999931,3,4.5
4,A,PREY,13,3154.209999999974,500,185.3679999999996,2,2,98.40999999999994,50.40874999999895,5,4.5
4,A,PREY,14,3034.239999999974,500,185.3679999999996,338,2,97.24097633136086,52.32999999999967,4,4.5
4,A,PREY,15,3594.099999999968,500,185.3679999999996,1,2,99.18999999999997,61.96249999999936,6,4.5
4,A,PREY,16,3674.0799999999726,500,185.3679999999996,1,2,100.0,73.06499999999821,6,4.5
4,A,PREY,17,3474.129999999976,500,185.3679999999996,338,2,73.34278106508884,37.577499999999105,3,4.5
4,A,PREY,18,106.33999999999999,13,185.3679999999996,8,2,95.36249999999993,89.76999999999998,1,4.5
4,A,PREY,19,2834.2899999999786,500,185.3679999999996,4,2,91.14249999999967,18.891250000000063,3,4.5
4,A,PREY,20,3193.6999999999653,500,185.3679999999996,338,2,99.59115384615384,94.50999999999993,9,4.5
4,A,PREY,21,3874.0299999999615,500,185.3679999999996,338,2,96.81062130177507,66.27999999999918,6,4.5
4,A,PREY,22,3554.1099999999747,500,185.3679999999996,3,2,98.39999999999993,36.47249999999928,4,4.5
4,A,PREY,23,3474.129999999969,500,185.3679999999996,5,2,90.84999999999965,22.721249999999888,2,4.5
4,A,PREY,24,1666.5500000000018,203,185.3679999999996,4,2,88.79499999999958,81.03374999999974,3,4.5
4,A,PREY,25,3954.0099999999607,500,185.3679999999996,2,2,99.865,52.54875000000048,5,4.5
4,A,PREY,26,3832.039999999962,500,185.3679999999996,59,2,72.80983050847456,75.0524999999994,7,4.5
4,A,PREY,27,3594.099999999956,500,185.3679999999996,6,1,94.9699999999998,38.34499999999987,1,4.5
4,A,PREY,28,4233.939999999958,500,185.3679999999996,9,0,89.27999999999959,0.0,0,4.5
4,A,PREY,29,4313.919999999956,500,185.3679999999996,1,149,97.4499999999999,66.99300335570472,1332,4.5
4,A,PREY,30,4153.959999999959,500,185.3679999999996,2,2,97.73499999999991,38.8624999999999,5,4.5
4,A,PREY,31,4793.799999999946,500,185.3679999999996,338,12,94.73150887573965,83.99166666666662,69,4.5
4,A,PREY,32,148.6600000000001,30,185.3679999999996,6,2,93.57999999999977,84.79874999999994,1,4.5
4,A,PREY,33,4433.889999999956,500,185.3679999999996,3,2,91.34999999999968,53.12624999999919,4,4.5
4,A,PREY,34,4993.749999999945,500,185.3679999999996,4,2,89.91999999999962,38.98999999999993,3,4.5
4,A,PREY,35,5953.509999999933,500,185.3679999999996,3,2,90.86999999999966,38.9175000000001,4,4.5
4,A,PREY,36,5233.689999999938,500,185.3679999999996,338,2,98.9734319526627,63.90374999999926,6,4.5
4,A,PREY,37,4473.879999999955,500,185.3679999999996,3,2,96.46999999999987,56.91374999999883,4,4.5
4,A,PREY,38,4753.809999999949,500,185.3679999999996,1,2,100.0,56.127500000000076,6,4.5
4,A,PREY,39,468.0700000000001,131,185.3679999999996,22,2,89.22727272727269,57.746250000000025,1,4.5
4,A,PREY,40,26.36000000000002,13,185.3679999999996,6,2,96.78499999999987,90.36999999999998,1,4.5
4,A,PREY,41,188.6500000000002,30,185.3679999999996,7,2,92.36142857142833,85.48124999999993,1,4.5
4,A,PREY,42,3863.80999999997,372,185.3679999999996,3,2,96.05999999999985,70.5762499999988,4,4.5
4,A,PREY,43,5313.669999999939,500,185.3679999999996,3,2,89.42999999999961,40.22124999999994,4,4.5
4,A,PREY,44,4781.19999999996,460,185.3679999999996,0,142,0.0,71.68091549295777,1201,4.5
4,A,PREY,45,24.84000000000001,15,185.3679999999996,6,2,96.21999999999986,89.35,1,4.5
4,A,PREY,46,5473.629999999935,500,185.3679999999996,338,2,84.31997041420108,51.279999999999575,4,4.5
4,A,PREY,47,1507.9600000000012,116,185.3679999999996,8,2,93.60374999999985,72.74624999999992,2,4.5
4,A,PREY,48,6033.489999999931,500,185.3679999999996,338,3,99.7252071005917,74.66666666666663,13,4.5
4,A,PREY,49,6033.489999999938,500,185.3679999999996,5,2,87.18399999999951,23.390000000000406,2,4.5
4,A,PREY,50,1986.4200000000023,258,185.3679999999996,4,2,86.8449999999995,65.84749999999934,3,4.5
4,A,PREY,51,6153.459999999934,500,185.3679999999996,6,1,93.71999999999976,41.26249999999893,1,4.5
4,A,PREY,52,4233.939999999951,500,185.3679999999996,338,1,85.30050295857994,85.53500000000038,4,4.5
4,A,PREY,53,468.00000000000034,38,185.3679999999996,6,2,91.48499999999967,81.58874999999993,1,4.5
4,A,PREY,54,5473.629999999944,500,185.3679999999996,338,1,99.77579881656806,97.29999999999997,5,4.5
4,A,PREY,55,5033.739999999951,500,185.3679999999996,4,1,88.37499999999957,51.36749999999961,3,4.5
4,A,PREY,56,5233.689999999949,500,185.3679999999996,5,1,93.31599999999975,43.879999999998844,2,4.5
4,A,PREY,57,6393.39999999993,500,185.3679999999996,5,2,87.46599999999953,30.035000000000444,2,4.5
4,A,PREY,58,6273.429999999928,500,185.3679999999996,338,1,99.7748224852071,82.95999999999947,3,4.5
4,A,PREY,59,6313.419999999926,500,185.3679999999996,6,1,90.26499999999963,5.765000000000552,1,4.5
4,A,PREY,60,423.6400000000005,75,185.3679999999996,5,2,81.33999999999929,83.94999999999987,2,4.5
4,A,PREY,61,5553.609999999949,500,185.3679999999996,338,1,99.73594674556213,82.13499999999873,4,4.5
4,A,PREY,62,6233.4399999999305,500,185.3679999999996,338,1,99.1980769230769,87.03999999999951,4,4.5
4,A,PREY,63,6433.3899999999285,500,185.3679999999996,7,2,93.98714285714264,15.849999999999964,0,4.5
4,A,PREY,64,7713.069999999913,500,185.3679999999996,3,2,93.52999999999975,57.57999999999858,4,4.5
4,A,PREY,65,7113.219999999922,500,185.3679999999996,1,2,98.37999999999994,61.708749999999135,6,4.5
4,A,PREY,66,7153.209999999918,500,185.3679999999996,338,2,99.70254437869822,61.60499999999989,4,4.5
4,A,PREY,67,6993.249999999913,500,185.3679999999996,3,2,93.43999999999976,48.9412499999991,4,4.5
4,A,PREY,68,6313.419999999936,500,185.3679999999996,4,2,91.9449999999997,43.65499999999989,3,4.5
4,A,PREY,69,6713.319999999928,500,185.3679999999996,5,1,92.96799999999973,42.77999999999999,2,4.5
4,A,PREY,70,6913.269999999924,500,185.3679999999996,6,1,95.66499999999984,39.95000000000019,1,4.5
4,A,PREY,71,548.4200000000003,44,185.3679999999996,5,2,89.5299999999996,93.7049999999999,2,4.5
4,A,PREY,72,6953.259999999923,500,185.3679999999996,338,1,99.70159763313607,87.81999999999978,5,4.5
4,A,PREY,73,6153.459999999932,500,185.3679999999996,338,2,99.4460946745562,50.77000000000019,5,4.5
4,A,PREY,74,7313.169999999914,500,185.3679999999996,5,1,91.74999999999969,59.56499999999779,2,4.5
4,A,PREY,75,6513.3699999999235,500,185.3679999999996,4,1,96.72999999999988,56.242499999999005,3,4.5
4,A,PREY,76,7193.199999999926,500,185.3679999999996,338,6,94.92479289940829,67.62291666666668,29,4.5
4,A,PREY,77,7633.089999999922,500,185.3679999999996,3,2,88.95999999999958,57.95999999999887,4,4.5
4,A,PREY,78,7873.029999999913,500,185.3679999999996,3,2,92.91999999999973,47.3362499999991,4,4.5
4,A,PREY,79,7553.109999999914,500,185.3679999999996,2,2,92.31999999999971,60.89249999999947,5,4.5
4,A,PREY,80,7353.159999999925,500,185.3679999999996,5,1,95.81199999999984,58.179999999998756,2,4.5
4,A,PREY,81,25.860000000000028,13,185.3679999999996,6,2,96.75999999999988,89.76999999999998,1,4.5
4,A,PREY,82,6993.249999999926,500,185.3679999999996,3,2,92.37999999999971,54.501249999999445,4,4.5
4,A,PREY,83,108.53999999999998,43,185.3679999999996,6,2,89.05999999999959,82.4549999999999,1,4.5
4,A,PREY,84,8152.959999999912,500,185.3679999999996,6,1,93.89999999999976,39.39999999999917,1,4.5
4,A,PREY,85,8512.869999999904,500,185.3679999999996,2,2,96.08499999999985,47.296249999999574,5,4.5
4,A,PREY,86,8232.939999999908,500,185.3679999999996,5,1,92.78199999999973,40.980000000001134,2,4.5
4,A,PREY,87,7992.999999999908,500,185.3679999999996,4,2,95.25999999999982,45.96249999999887,3,4.5
4,A,PREY,88,7633.089999999924,500,185.3679999999996,338,1,99.55807692307691,92.49999999999973,4,4.5
4,A,PREY,89,9312.6699999999,500,185.3679999999996,3,2,95.39999999999982,47.73874999999937,4,4.5
4,A,PREY,90,6673.329999999935,500,185.3679999999996,338,2,86.19553254437852,29.76000000000007,4,4.5
4,A,PREY,91,8312.919999999915,500,185.3679999999996,4,2,91.85499999999969,41.4762499999993,3,4.5
4,A,PREY,92,8032.9899999999125,500,185.3679999999996,5,1,89.91399999999962,50.69999999999962,2,4.5
4,A,PREY,93,8992.749999999902,500,185.3679999999996,4,2,89.29749999999959,41.63999999999979,3,4.5
4,A,PREY,94,185.32000000000005,13,185.3679999999996,6,2,96.75999999999988,89.76999999999998,1,4.5
4,A,PREY,95,7593.099999999921,500,185.3679999999996,338,2,83.37674556213,20.000000000000004,2,4.5
4,A,PREY,96,68.78999999999994,19,185.3679999999996,6,2,95.66999999999985,88.50999999999999,1,4.5
4,A,PREY,97,5504.609999999965,351,185.3679999999996,337,2,70.47768545994073,57.18249999999949,3,4.5
4,A,PREY,98,8952.759999999902,500,185.3679999999996,338,2,99.57718934911242,91.9899999999997,8,4.5
4,A,PREY,99,7873.029999999914,500,185.3679999999996,338,2,69.25931952662705,61.58249999999828,5,4.5
4,A,PREY,100,348.6900000000001,22,185.3679999999996,6,2,95.07999999999983,89.07999999999997,1,4.5
4,A,PREY,101,5704.50999999996,356,185.3679999999996,0,151,0.0,72.22890728476824,1261,4.5
4,A,PREY,102,8942.369999999904,489,185.3679999999996,0,153,0.0,75.17568627450983,1301,4.5
4,A,PREY,103,10032.489999999894,500,185.3679999999996,338,1,98.70325443786982,60.33999999999873,3,4.5
4,A,PREY,104,8592.849999999917,500,185.3679999999996,3,2,95.87999999999984,46.31999999999947,4,4.5
4,A,PREY,105,6993.249999999929,500,185.3679999999996,4,2,92.65749999999971,41.754999999999406,3,4.5
4,A,PREY,106,6553.359999999913,500,185.3679999999996,338,2,99.06822485207098,69.7375000000003,7,4.5
4,A,PREY,107,9032.739999999903,500,185.3679999999996,338,2,61.00295857988157,54.9724999999991,6,4.5
4,A,PREY,108,7992.9999999999245,500,185.3679999999996,338,1,67.55390532544386,36.69749999999974,2,4.5
4,A,PREY,109,7033.239999999913,500,185.3679999999996,338,0,99.12186390532543,0.0,0,4.5
4,A,PREY,110,1065.5400000000006,69,185.3679999999996,4,2,83.17749999999936,95.09249999999986,3,4.5
4,A,PREY,111,8792.799999999907,500,185.3679999999996,338,2,88.68520710059143,79.41124999999967,7,4.5
4,A,PREY,112,9192.699999999908,500,185.3679999999996,3,2,90.34999999999964,50.347499999998846,4,4.5
4,A,PREY,113,9032.739999999905,500,185.3679999999996,5,1,93.78399999999976,49.964999999999065,2,4.5
4,A,PREY,114,8392.899999999921,500,185.3679999999996,3,2,97.63999999999992,59.301249999999655,10,4.5
4,A,PREY,115,10792.299999999888,500,185.3679999999996,4,2,92.1699999999997,31.178750000000477,3,4.5
4,A,PREY,116,3106.5599999999968,216,185.3679999999996,337,2,75.70516320474788,45.896249999999924,1,4.5
4,A,PREY,117,348.70000000000016,21,185.3679999999996,6,2,94.74999999999982,88.08999999999997,1,4.5
4,A,PREY,118,9952.509999999895,500,185.3679999999996,3,2,97.69999999999992,42.02249999999937,4,4.5
4,A,PREY,119,9872.529999999904,500,185.3679999999996,4,2,94.38999999999979,30.377500000000076,3,4.5
4,A,PREY,120,9032.739999999903,500,185.3679999999996,1,2,97.4499999999999,55.96249999999894,6,4.5
4,A,PREY,121,10352.40999999989,500,185.3679999999996,338,2,90.75923076923074,70.83874999999838,7,4.5
4,A,PREY,122,10232.439999999893,500,185.3679999999996,338,2,98.09473372781058,67.49749999999935,6,4.5
4,A,PREY,123,7913.019999999923,500,185.3679999999996,4,2,96.18999999999986,24.703749999999108,3,4.5
4,A,PREY,124,9752.559999999896,500,185.3679999999996,1,2,99.33999999999997,42.133749999999424,6,4.5
4,A,PREY,125,4226.279999999988,216,185.3679999999996,337,2,68.63961424332348,62.06249999999954,1,4.5
4,A,PREY,126,10192.449999999892,500,185.3679999999996,338,0,99.15999999999997,0.0,0,4.5
4,A,PREY,127,9792.549999999897,500,185.3679999999996,338,2,99.58168639053252,85.34124999999935,8,4.5
4,A,PREY,128,9472.629999999912,500,185.3679999999996,3,2,95.71999999999984,45.720000000000155,4,4.5
4,A,PREY,129,8952.75999999991,500,185.3679999999996,2,2,95.64999999999984,58.23999999999906,5,4.5
4,A,PREY,130,10472.379999999901,500,185.3679999999996,338,1,98.3294674556213,96.69999999999992,4,4.5
4,A,PREY,131,108.73999999999997,23,185.3679999999996,6,2,94.35999999999979,87.66999999999999,1,4.5
4,A,PREY,132,10712.319999999894,500,185.3679999999996,3,2,93.70999999999977,47.42999999999869,4,4.5
4,A,PREY,133,67.75999999999993,22,185.3679999999996,6,2,94.35499999999979,89.97999999999996,1,4.5
4,A,PREY,134,9232.689999999906,500,185.3679999999996,338,2,99.59278106508874,93.54999999999993,12,4.5
4,A,PREY,135,11312.169999999884,500,185.3679999999996,4,2,93.74499999999976,38.293749999999974,3,4.5
4,A,PREY,136,10792.29999999989,500,185.3679999999996,6,1,94.14999999999979,18.837499999999814,1,4.5
4,A,PREY,137,8992.749999999916,500,185.3679999999996,338,1,96.12201183431952,99.58,5,4.5
4,A,PREY,138,10192.4499999999,500,185.3679999999996,3,2,90.94999999999966,48.13499999999962,4,4.5
4,A,PREY,139,65.21999999999996,26,185.3679999999996,6,2,93.77499999999976,86.26124999999993,1,4.5
4,A,PREY,140,9392.649999999905,500,185.3679999999996,338,22,98.85384615384613,66.00840909090905,112,4.5
4,A,PREY,141,10432.3899999999,500,185.3679999999996,5,2,92.27799999999971,29.684999999999974,2,4.5
4,A,PREY,142,10112.469999999897,500,185.3679999999996,338,5,99.51020710059171,83.30849999999994,32,4.5
4,A,PREY,143,10472.37999999989,500,185.3679999999996,4,2,93.06999999999974,41.331249999999514,3,4.5
4,A,PREY,144,10272.429999999902,500,185.3679999999996,338,1,99.70923076923076,91.77999999999973,5,4.5
4,A,PREY,145,10632.339999999887,500,185.3679999999996,338,4,99.33742603550294,76.28624999999987,19,4.5
4,A,PREY,146,3426.5299999999966,161,185.3679999999996,6,2,93.20333333333315,76.12249999999966,2,4.5
4,A,PREY,147,10912.26999999989,500,185.3679999999996,4,2,95.92749999999984,47.04999999999942,3,4.5
4,A,PREY,148,11592.099999999884,500,185.3679999999996,5,1,90.39999999999964,44.919999999999014,2,4.5
4,A,PREY,149,8992.749999999916,500,185.3679999999996,7,0,92.8514285714283,0.0,0,4.5
4,A,PREY,150,11312.169999999885,500,185.3679999999996,6,1,94.6499999999998,39.09999999999924,1,4.5
4,A,PREY,151,11832.03999999988,500,185.3679999999996,2,2,95.52999999999983,41.704999999999956,5,4.5
4,A,PREY,152,11912.01999999988,500,185.3679999999996,338,2,95.73198224852071,87.0087499999996,8,4.5
4,A,PREY,153,10152.459999999903,500,185.3679999999996,338,2,94.55073964497022,61.92000000000012,7,4.5
4,A,PREY,154,13231.689999999875,500,185.3679999999996,3,2,98.82999999999997,61.41374999999941,4,4.5
4,A,PREY,155,11472.129999999885,500,185.3679999999996,338,2,99.44748520710057,71.74124999999975,6,4.5
4,A,PREY,156,9750.059999999896,500,185.3679999999996,338,1,93.09168639053254,93.3999999999998,5,4.5
4,A,PREY,157,12191.949999999877,500,185.3679999999996,2,2,95.36499999999982,54.69874999999929,5,4.5
4,A,PREY,158,3146.829999999996,188,185.3679999999996,6,2,93.01499999999974,49.85625000000023,1,4.5
4,A,PREY,159,12591.849999999878,500,185.3679999999996,3,2,89.85999999999962,48.967500000000214,4,4.5
4,A,PREY,160,107.03999999999986,43,185.3679999999996,6,2,89.10999999999957,85.71999999999994,1,4.5
4,A,PREY,161,11552.109999999882,500,185.3679999999996,338,2,95.54443786982249,71.93124999999873,6,4.5
4,A,PREY,162,10872.279999999886,500,185.3679999999996,4,1,94.07499999999978,75.26499999999959,3,4.5
4,A,PREY,163,11952.00999999988,500,185.3679999999996,338,1,71.75630177514805,60.00499999999904,2,4.5
4,A,PREY,164,10312.41999999991,500,185.3679999999996,5,1,87.75399999999954,53.379999999998844,2,4.5
4,A,PREY,165,12711.819999999872,500,185.3679999999996,338,2,99.75911242603551,84.69999999999956,7,4.5
4,A,PREY,166,10032.489999999903,500,185.3679999999996,2,2,94.8099999999998,59.45249999999888,5,4.5
4,A,PREY,167,11472.12999999989,500,185.3679999999996,338,0,79.09423076923083,0.0,0,4.5
4,A,PREY,168,12031.989999999878,500,185.3679999999996,338,0,99.6168047337278,0.0,0,4.5
4,A,PREY,169,1787.1600000000008,139,185.3679999999996,6,2,90.25499999999961,64.50374999999983,1,4.5
4,A,PREY,170,1624.490000000001,110,185.3679999999996,4,2,87.72249999999954,96.08499999999957,3,4.5
4,A,PREY,171,12671.829999999874,500,185.3679999999996,2,2,97.2699999999999,45.8187500000001,5,4.5
4,A,PREY,172,4346.449999999992,196,185.3679999999996,6,2,91.70999999999968,36.330000000000176,1,4.5
4,A,PREY,173,12151.95999999988,500,185.3679999999996,4,2,92.52999999999972,32.23375000000026,3,4.5
4,A,PREY,174,10392.399999999901,500,185.3679999999996,338,1,85.47331360946706,87.63999999999959,4,4.5
4,A,PREY,175,4625.489999999985,185,185.3679999999996,38,2,84.92105263157892,82.64999999999985,3,4.5
4,A,PREY,176,11509.61999999989,500,185.3679999999996,338,3,95.74630177514778,73.655,12,4.5
4,A,PREY,177,10152.459999999897,500,185.3679999999996,338,2,96.6098224852071,40.70999999999962,4,4.5
4,A,PREY,178,5545.809999999972,230,185.3679999999996,2,20,80.94999999999928,91.52149999999999,179,4.5
4,A,PREY,179,12151.959999999877,500,185.3679999999996,338,1,92.14449704142012,55.119999999998846,2,4.5
4,A,PREY,180,11832.039999999879,500,185.3679999999996,16,1,97.826875,49.839999999998945,2,4.5
4,A,PREY,181,12671.829999999876,500,185.3679999999996,338,1,99.6801775147929,23.6974999999999,1,4.5
4,A,PREY,182,10832.289999999899,500,185.3679999999996,338,2,92.91124260355032,58.37624999999926,5,4.5
4,A,PREY,183,11912.019999999893,500,185.3679999999996,3,2,93.85999999999977,40.716249999999924,4,4.5
4,A,PREY,184,12271.929999999882,500,185.3679999999996,338,2,99.54112426035502,57.832499999999676,5,4.5
4,A,PREY,185,69.28000000000002,20,185.3679999999996,6,2,94.86999999999979,89.94999999999996,1,4.5
4,A,PREY,186,12951.759999999875,500,185.3679999999996,4,2,89.67249999999962,31.25499999999982,3,4.5
4,A,PREY,187,12191.949999999884,500,185.3679999999996,338,2,99.56704142011836,89.7999999999997,10,4.5
4,A,PREY,188,13231.689999999875,500,185.3679999999996,3,2,96.38999999999987,40.774999999999636,4,4.5
4,A,PREY,189,13151.709999999875,500,185.3679999999996,5,1,96.27999999999986,51.832499999999605,2,4.5
4,A,PREY,190,11912.019999999891,500,185.3679999999996,3,2,89.1099999999996,37.577499999999304,4,4.5
4,A,PREY,191,13111.719999999872,500,185.3679999999996,338,2,90.48547337278073,65.03249999999997,6,4.5
4,A,PREY,192,11832.039999999892,500,185.3679999999996,338,2,97.85215976331361,87.66999999999959,14,4.5
4,A,PREY,193,12191.94999999989,500,185.3679999999996,338,1,85.00218934911236,15.537499999999714,1,4.5
4,A,PREY,194,13591.599999999871,500,185.3679999999996,5,1,90.11199999999963,51.57749999999937,2,4.5
4,A,PREY,195,13391.64999999987,500,185.3679999999996,338,2,97.78455621301775,84.8574999999993,8,4.5
4,A,PREY,196,543.0000000000003,36,185.3679999999996,5,2,90.54999999999964,95.91124999999988,2,4.5
4,A,PREY,197,13071.729999999878,500,185.3679999999996,338,2,99.45109467455619,93.39999999999979,10,4.5
4,A,PREY,198,11912.01999999989,500,185.3679999999996,2,2,95.37999999999982,48.20874999999945,5,4.5
4,A,PREY,199,12431.889999999883,500,185.3679999999996,5,1,92.43999999999971,42.66749999999938,2,4.5
4,A,PREY,200,7383.959999999952,319,185.3679999999996,4,2,92.56749999999971,60.42249999999969,3,4.5
4,A,PREY,201,4826.489999999985,180,185.3679999999996,77,2,79.38818181818179,67.16624999999956,1,4.5
4,A,PREY,202,13711.569999999869,500,185.3679999999996,3,2,95.88999999999983,41.06749999999975,4,4.5
4,A,PREY,203,11912.019999999888,500,185.3679999999996,7,0,90.34428571428535,0.0,0,4.5
4,A,PREY,204,12151.959999999888,500,185.3679999999996,6,1,94.7199999999998,7.009999999999391,1,4.5
4,A,PREY,205,11752.059999999889,500,185.3679999999996,5,1,94.25199999999978,50.97999999999889,2,4.5
4,A,PREY,206,10902.269999999904,450,185.3679999999996,0,169,0.0,59.75346153846158,1388,4.5
4,A,PREY,207,5585.4999999999745,210,185.3679999999996,6,2,86.94999999999949,50.03249999999987,1,4.5
4,A,PREY,208,13631.58999999987,500,185.3679999999996,3,2,92.63999999999972,36.26250000000022,4,4.5
4,A,PREY,209,12951.759999999878,500,185.3679999999996,338,1,99.62837278106508,89.85999999999989,4,4.5
4,A,PREY,210,6105.079999999964,289,185.3679999999996,337,2,63.142047477744924,47.25124999999958,2,4.5
4,A,PREY,211,5985.869999999973,213,185.3679999999996,4,2,95.96499999999985,80.89499999999983,3,4.5
4,A,PREY,212,12591.849999999873,500,185.3679999999996,338,2,96.34668639053241,60.98999999999967,4,4.5
4,A,PREY,213,13671.579999999867,500,185.3679999999996,4,2,94.83249999999981,35.44624999999908,3,4.5
4,A,PREY,214,12271.929999999893,500,185.3679999999996,338,1,73.54816568047347,41.12749999999902,1,4.5
4,A,PREY,215,12271.929999999886,500,185.3679999999996,2,150,92.2849999999999,81.36481666666668,1333,4.5
4,A,PREY,216,12271.929999999886,500,185.3679999999996,338,1,68.6547928994084,72.82999999999859,3,4.5
4,A,PREY,217,13231.689999999875,500,185.3679999999996,338,1,98.9721893491124,97.31999999999906,5,4.5
4,A,PREY,218,12271.929999999886,500,185.3679999999996,3,2,90.54999999999966,48.54624999999953,4,4.5
4,A,PREY,219,13711.569999999869,500,185.3679999999996,338,6,92.43254437869794,17.01041666666703,19,4.5
4,A,PREY,220,14351.409999999863,500,185.3679999999996,7,1,94.45428571428552,23.199999999999797,0,4.5
4,A,PREY,221,11712.069999999898,500,185.3679999999996,2,2,96.57999999999987,46.24499999999961,5,4.5
4,A,PREY,222,13191.69999999988,500,185.3679999999996,5,1,90.92799999999966,46.102499999999736,2,4.5
4,A,PREY,223,13231.689999999877,500,185.3679999999996,338,2,99.34056213017752,92.88999999999973,8,4.5
4,A,PREY,224,14311.419999999864,500,185.3679999999996,7,0,90.52428571428537,0.0,0,4.5
4,A,PREY,225,13591.599999999868,500,185.3679999999996,3,2,94.8399999999998,45.94124999999937,4,4.5
4,A,PREY,226,11991.999999999894,500,185.3679999999996,2,2,94.95999999999981,62.55874999999867,5,4.5
4,A,PREY,227,1028.3300000000006,91,185.3679999999996,5,2,93.94599999999977,77.02999999999989,2,4.5
4,A,PREY,228,6553.359999999908,500,185.3679999999996,338,2,96.63174556213005,24.83749999999982,2,4.5
4,A,PREY,229,13911.51999999987,500,185.3679999999996,5,2,91.80999999999969,30.944999999999528,2,4.5
4,A,PREY,230,13911.519999999868,500,185.3679999999996,338,2,99.58689349112424,96.9999999999999,9,4.5
4,A,PREY,231,12631.83999999988,500,185.3679999999996,338,2,99.16878698224853,65.92999999999876,5,4.5
4,A,PREY,232,12991.749999999878,500,185.3679999999996,7,0,91.80571428571398,0.0,0,4.5
4,A,PREY,233,14071.47999999987,500,185.3679999999996,7,0,89.25571428571388,0.0,0,4.5
4,A,PREY,234,265.30000000000007,13,185.3679999999996,6,2,96.78499999999987,89.91999999999999,1,4.5
4,A,PREY,235,13871.52999999987,500,185.3679999999996,338,1,95.93917159763298,98.43999999999994,4,4.5
4,A,PREY,236,13511.619999999875,500,185.3679999999996,338,2,97.48147928994082,94.3599999999998,9,4.5
4,A,PREY,237,12791.799999999881,500,185.3679999999996,6,1,94.01499999999977,32.630000000000294,1,4.5
4,A,PREY,238,1108.7400000000005,48,185.3679999999996,5,2,89.81799999999961,90.38374999999986,2,4.5
4,A,PREY,239,14591.349999999864,500,185.3679999999996,2,2,90.98499999999966,40.62875000000041,5,4.5
4,A,PREY,240,15271.179999999857,500,185.3679999999996,1,2,100.0,49.41250000000015,6,4.5
4,A,PREY,241,13311.66999999988,500,185.3679999999996,338,15,99.32553254437869,64.98899999999992,74,4.5
4,A,PREY,242,14871.27999999986,500,185.3679999999996,4,2,96.90999999999988,44.774999999999054,3,4.5
4,A,PREY,243,13591.599999999878,500,185.3679999999996,5,1,95.34999999999982,56.57999999999922,2,4.5
4,A,PREY,244,346.2700000000001,14,185.3679999999996,6,2,96.61499999999988,89.85999999999999,1,4.5
4,A,PREY,245,9062.399999999936,333,185.3679999999996,337,5,99.40620178041543,71.56499999999986,19,4.5
4,A,PREY,246,13631.589999999867,500,185.3679999999996,2,2,91.13499999999966,57.60749999999878,5,4.5
4,A,PREY,247,14591.349999999864,500,185.3679999999996,7,1,92.18285714285685,24.099999999999817,0,4.5
4,A,PREY,248,13831.539999999877,500,185.3679999999996,3,2,93.14999999999975,54.901249999998726,4,4.5
4,A,PREY,249,14951.25999999986,500,185.3679999999996,6,1,88.50999999999958,34.86499999999921,1,4.5
4,A,PREY,250,6300.939999999962,298,185.3679999999996,337,34,61.729821958457094,67.98698529411769,185,4.5
4,A,PREY,251,14151.459999999868,500,185.3679999999996,338,50,95.74869822485205,68.10054999999996,247,4.5
4,A,PREY,252,13151.709999999879,500,185.3679999999996,2,141,99.69999999999999,65.58867021276588,1229,4.5
4,A,PREY,253,14071.479999999874,500,185.3679999999996,338,72,94.29183431952661,57.732569444444465,323,4.5
4,A,PREY,254,14351.409999999865,500,185.3679999999996,4,2,94.26999999999978,37.216249999999164,3,4.5
4,A,PREY,255,1773.8200000000008,73,185.3679999999996,5,2,84.2079999999994,85.11999999999986,2,4.5
4,A,PREY,256,14271.429999999866,500,185.3679999999996,3,2,94.19999999999978,41.38499999999981,4,4.5
4,A,PREY,257,14111.469999999872,500,185.3679999999996,338,1,69.71881656804744,67.62999999999961,3,4.5
4,A,PREY,258,14951.259999999864,500,185.3679999999996,338,4,99.77002958579881,65.474375,16,4.5
4,A,PREY,259,13791.549999999876,500,185.3679999999996,4,1,97.4049999999999,12.670000000000307,3,4.5
4,A,PREY,260,14511.369999999868,500,185.3679999999996,3,2,98.03999999999992,54.88749999999875,4,4.5
4,A,PREY,261,14151.45999999987,500,185.3679999999996,4,1,88.39749999999955,69.93999999999888,3,4.5
4,A,PREY,262,13791.549999999872,500,185.3679999999996,338,2,99.06926035502957,87.24999999999957,8,4.5
4,A,PREY,263,14351.409999999869,500,185.3679999999996,338,2,89.6821301775145,50.966249999998894,4,4.5
4,A,PREY,264,6385.659999999969,224,185.3679999999996,232,2,67.31732758620689,43.46999999999996,1,4.5
4,A,PREY,265,14471.379999999863,500,185.3679999999996,5,1,92.45799999999971,62.42999999999891,2,4.5
4,A,PREY,266,12071.979999999876,500,185.3679999999996,338,2,97.24979289940826,60.78249999999903,5,4.5
4,A,PREY,267,15431.139999999856,500,185.3679999999996,5,1,89.92599999999962,45.659999999999705,2,4.5
4,A,PREY,268,15231.189999999859,500,185.3679999999996,4,2,95.01999999999981,48.13374999999999,3,4.5
4,A,PREY,269,13831.539999999879,500,185.3679999999996,338,8,97.08766272189351,59.64375000000002,35,4.5
4,A,PREY,270,14071.479999999872,500,185.3679999999996,53,1,78.97490566037735,60.95500000000051,3,4.5
4,A,PREY,271,5106.199999999984,202,185.3679999999996,5,2,89.3679999999996,76.10999999999969,3,4.5
4,A,PREY,272,5426.369999999982,177,185.3679999999996,5,2,92.91399999999973,75.59999999999951,2,4.5
4,A,PREY,273,15831.039999999854,500,185.3679999999996,3,2,93.25999999999975,57.91499999999981,4,4.5
4,A,PREY,274,14551.35999999987,500,185.3679999999996,338,2,80.39538461538467,64.70999999999985,5,4.5
4,A,PREY,275,14551.359999999868,500,185.3679999999996,5,1,92.63199999999972,58.72499999999955,2,4.5
4,A,PREY,276,14751.309999999867,500,185.3679999999996,4,2,90.12999999999963,39.24124999999927,3,4.5
4,A,PREY,277,14271.42999999987,500,185.3679999999996,3,2,97.19999999999989,39.44374999999948,4,4.5
4,A,PREY,278,14231.439999999871,500,185.3679999999996,4,2,94.46499999999979,50.8937499999995,3,4.5
4,A,PREY,279,4506.649999999994,172,185.3679999999996,337,2,99.35068249258158,62.90999999999974,1,4.5
4,A,PREY,280,14711.319999999861,500,185.3679999999996,4,2,98.97249999999997,35.234999999999715,3,4.5
4,A,PREY,281,15631.089999999856,500,185.3679999999996,338,1,70.00088757396459,84.29499999999888,3,4.5
4,A,PREY,282,13591.59999999988,500,185.3679999999996,5,2,91.49799999999968,27.939999999999632,2,4.5
4,A,PREY,283,15671.079999999854,500,185.3679999999996,338,2,86.74822485207054,81.03124999999983,7,4.5
4,A,PREY,284,13551.609999999877,500,185.3679999999996,338,1,99.81937869822484,96.75999999999988,4,4.5
4,A,PREY,285,13951.509999999877,500,185.3679999999996,338,4,98.77023668639052,77.59562499999994,19,4.5
4,A,PREY,286,14671.329999999867,500,185.3679999999996,338,7,99.79328402366863,64.10678571428578,32,4.5
4,A,PREY,287,15471.129999999855,500,185.3679999999996,3,2,90.03999999999962,48.05624999999929,4,4.5
4,A,PREY,288,1425.6300000000003,101,185.3679999999996,6,2,90.20999999999964,66.32999999999993,1,4.5
4,A,PREY,289,15071.229999999858,500,185.3679999999996,4,2,93.57249999999976,35.88999999999967,3,4.5
4,A,PREY,290,29.220000000000056,27,185.3679999999996,6,2,93.94999999999978,86.6699999999999,1,4.5
4,A,PREY,291,15111.219999999863,500,185.3679999999996,338,1,99.76328402366863,92.8599999999998,5,4.5
4,A,PREY,292,15551.10999999986,500,185.3679999999996,10,0,85.45999999999987,0.0,0,4.5
4,A,PREY,293,13791.549999999874,500,185.3679999999996,338,1,95.42251479289942,21.39999999999988,0,4.5
4,A,PREY,294,14671.329999999869,500,185.3679999999996,3,2,94.24999999999977,41.55749999999905,4,4.5
4,A,PREY,295,15990.99999999985,500,185.3679999999996,3,2,93.11999999999973,46.72874999999901,4,4.5
4,A,PREY,296,14711.319999999867,500,185.3679999999996,2,2,99.69999999999999,64.01124999999847,5,4.5
4,A,PREY,297,14751.30999999987,500,185.3679999999996,3,50,98.39999999999993,47.733949999999425,456,4.5
4,A,PREY,298,14911.269999999866,500,185.3679999999996,338,2,96.26588757396448,87.15999999999968,11,4.5
4,A,PREY,299,15511.119999999859,500,185.3679999999996,338,2,97.82786982248521,88.42374999999933,7,4.5
4,A,PREY,300,15951.009999999853,500,185.3679999999996,5,1,89.11599999999959,47.122499999999235,2,4.5
4,A,PREY,301,895.0800000000006,69,185.3679999999996,5,2,83.22999999999936,84.90999999999988,2,4.5
4,A,PREY,302,16230.939999999851,500,185.3679999999996,6,2,89.79499999999962,26.349999999999625,1,4.5
4,A,PREY,303,386.77000000000015,13,185.3679999999996,6,2,96.75999999999988,89.76999999999998,1,4.5
4,A,PREY,304,15471.129999999857,500,185.3679999999996,338,2,99.73736686390531,73.6024999999991,7,4.5
4,A,PREY,305,14591.34999999987,500,185.3679999999996,5,2,89.87799999999962,27.48500000000012,2,4.5
4,A,PREY,306,15351.15999999986,500,185.3679999999996,4,2,94.07499999999978,43.01999999999969,3,4.5
4,A,PREY,307,14951.259999999866,500,185.3679999999996,338,2,95.25106508875741,13.449999999999921,1,4.5
4,A,PREY,308,14911.269999999866,500,185.3679999999996,338,2,96.22174556213017,95.37999999999984,9,4.5
4,A,PREY,309,14671.329999999865,500,185.3679999999996,3,2,94.5499999999998,46.92749999999906,4,4.5
4,A,PREY,310,189.15999999999997,29,185.3679999999996,5,2,92.68599999999972,96.11999999999996,2,4.5
4,A,PREY,311,14551.35999999987,500,185.3679999999996,3,2,93.81999999999977,40.61624999999936,4,4.5
4,A,PREY,312,15271.179999999862,500,185.3679999999996,338,3,99.57381656804733,71.97249999999997,13,4.5
4,A,PREY,313,15671.079999999862,500,185.3679999999996,4,1,94.4124999999998,75.33249999999855,3,4.5
4,A,PREY,314,15271.179999999862,500,185.3679999999996,338,0,99.73718934911243,0.0,0,4.5
4,A,PREY,315,15831.039999999859,500,185.3679999999996,2,2,95.42499999999983,53.844999999999615,5,4.5
4,A,PREY,316,16350.909999999849,500,185.3679999999996,7,0,90.90142857142823,0.0,0,4.5
4,A,PREY,317,148.25,21,185.3679999999996,6,2,94.7999999999998,88.08999999999997,1,4.5
4,A,PREY,318,15551.109999999862,500,185.3679999999996,3,2,93.61999999999976,46.718749999999275,4,4.5
4,A,PREY,319,15351.159999999863,500,185.3679999999996,338,2,96.14275147928996,74.37999999999943,7,4.5
4,A,PREY,320,15031.239999999867,500,185.3679999999996,7,0,89.39714285714247,0.0,0,4.5
4,A,PREY,321,15351.159999999862,500,185.3679999999996,2,2,91.9899999999997,50.307500000000076,5,4.5
4,A,PREY,322,16910.769999999855,500,185.3679999999996,4,1,91.09749999999966,53.85999999999867,3,4.5
4,A,PREY,323,16550.85999999985,500,185.3679999999996,338,1,98.48434911242603,90.53499999999829,3,4.5
4,A,PREY,324,14351.409999999876,500,185.3679999999996,6,1,94.61999999999979,11.34500000000054,1,4.5
4,A,PREY,325,15311.169999999864,500,185.3679999999996,3,2,97.3199999999999,60.25874999999803,4,4.5
4,A,PREY,326,908.2300000000002,54,185.3679999999996,12,2,96.15916666666654,91.1824999999998,2,4.5
4,A,PREY,327,16590.849999999853,500,185.3679999999996,338,2,99.53189349112425,88.9249999999995,8,4.5
4,A,PREY,328,16070.979999999856,500,185.3679999999996,2,2,91.53999999999968,48.129999999999384,5,4.5
4,A,PREY,329,15871.029999999859,500,185.3679999999996,5,1,94.91199999999981,40.42999999999898,2,4.5
4,A,PREY,330,15431.139999999861,500,185.3679999999996,2,2,97.4799999999999,70.39999999999881,5,4.5
4,A,PREY,331,15671.079999999862,500,185.3679999999996,7,0,93.78999999999976,0.0,0,4.5
4,A,PREY,332,15791.04999999986,500,185.3679999999996,89,1,73.75426966292135,39.987499999998974,1,4.5
4,A,PREY,333,12511.869999999899,500,185.3679999999996,338,27,94.17952662721893,77.51861111111106,146,4.5
4,A,PREY,334,16190.94999999985,500,185.3679999999996,3,2,93.43999999999976,45.09749999999933,4,4.5
4,A,PREY,335,2740.560000000001,75,185.3679999999996,5,2,87.81399999999954,86.19999999999985,2,4.5
4,A,PREY,336,14671.329999999869,500,185.3679999999996,3,2,93.71999999999976,47.602499999999125,4,4.5
4,A,PREY,337,16110.969999999856,500,185.3679999999996,4,1,91.24749999999966,71.43999999999892,3,4.5
4,A,PREY,338,7976.309999999949,269,185.3679999999996,5,2,91.05399999999966,65.1987499999992,2,4.5
4,A,PREY,339,17070.72999999985,500,185.3679999999996,5,2,91.9599999999997,24.042499999999805,2,4.5
4,A,PREY,340,16190.949999999855,500,185.3679999999996,338,2,99.35112426035501,93.93999999999943,10,4.5
4,A,PREY,341,15551.109999999862,500,185.3679999999996,338,133,89.96860946745561,60.405733082706796,654,4.5
4,A,PREY,342,15990.999999999856,500,185.3679999999996,1,2,99.72999999999999,58.157499999999125,6,4.5
4,A,PREY,343,16990.74999999985,500,185.3679999999996,338,2,90.6757100591715,34.50999999999934,2,4.5
4,A,PREY,344,108.66000000000007,31,185.3679999999996,18,2,96.76055555555546,85.67999999999994,1,4.5
4,A,PREY,345,16270.929999999853,500,185.3679999999996,338,2,79.447514792899,69.59249999999939,6,4.5
4,A,PREY,346,15151.209999999866,500,185.3679999999996,5,2,92.55999999999972,22.35124999999984,2,4.5
4,A,PREY,347,15751.059999999861,500,185.3679999999996,319,1,65.96692789968651,83.42249999999956,4,4.5
4,A,PREY,348,16430.889999999854,500,185.3679999999996,4,2,94.09749999999977,44.4412499999991,3,4.5
4,A,PREY,349,68.78000000000004,20,185.3679999999996,6,2,95.09499999999981,88.89999999999998,1,4.5
4,A,PREY,350,16630.839999999855,500,185.3679999999996,338,2,93.39582840236689,92.94249999999948,8,4.5
4,B,PREDATOR,1,-12.159999999999998,216,6.867333333333235,6,2,90.07499999999963,27.28000000000023,0,1.7
4,B,PREDATOR,2,-12.169999999999998,217,6.867333333333235,337,2,94.23314540059326,48.93999999999964,1,1.7
4,B,PREDATOR,3,12.406666666666341,285,6.867333333333235,337,2,88.0956379821954,41.49999999999954,2,1.7
4,B,PREDATOR,4,-12.209999999999997,221,6.867333333333235,5,2,87.67599999999953,44.40999999999967,1,1.7
4,B,PREDATOR,5,-12.149999999999999,215,6.867333333333235,6,2,91.97999999999969,35.19999999999987,0,1.7
4,B,PREDATOR,6,-12.159999999999998,216,6.867333333333235,337,2,94.0561127596437,40.989999999999945,1,1.7
4,B,PREDATOR,7,-12.179999999999998,218,6.867333333333235,6,2,90.88999999999965,26.290000000000244,0,1.7
4,B,PREDATOR,8,12.106666666666259,299,6.867333333333235,4,2,92.0724999999997,21.476250000000146,2,1.7
4,B,PREDATOR,9,-12.289999999999996,229,6.867333333333235,5,2,89.81799999999961,39.8699999999998,1,1.7
4,B,PREDATOR,10,-12.269999999999996,227,6.867333333333235,5,2,88.38399999999956,47.609999999999644,1,1.7
4,B,PREDATOR,11,-12.219999999999997,222,6.867333333333235,6,2,91.09999999999967,37.059999999999974,0,1.7
4,B,PREDATOR,12,-12.209999999999997,221,6.867333333333235,337,2,92.11875370919859,35.380000000000095,0,1.7
4,B,PREDATOR,13,-12.189999999999998,219,6.867333333333235,5,2,91.51599999999969,54.419999999999526,1,1.7
4,B,PREDATOR,14,-12.179999999999998,218,6.867333333333235,6,2,92.2049999999997,43.23999999999991,0,1.7
4,B,PREDATOR,15,-12.229999999999997,223,6.867333333333235,4,2,91.76499999999969,43.20999999999995,2,1.7
4,B,PREDATOR,16,-12.239999999999997,224,6.867333333333235,337,2,90.74762611275929,67.68999999999961,55,1.7
4,B,PREDATOR,17,-12.249999999999996,225,6.867333333333235,4,2,85.89999999999947,65.14999999999932,2,1.7
4,B,PREDATOR,18,-12.209999999999997,221,6.867333333333235,5,2,87.03399999999951,50.696250000000134,1,1.7
4,B,PREDATOR,19,-12.169999999999998,217,6.867333333333235,5,2,85.07799999999943,58.749999999999346,1,1.7
4,B,PREDATOR,20,-12.309999999999995,231,6.867333333333235,4,2,90.27249999999962,40.029999999999696,2,1.7
4,B,PREDATOR,21,-12.319999999999995,232,6.867333333333235,337,2,84.26112759643905,34.81000000000012,0,1.7
4,B,PREDATOR,22,12.273333333332927,285,6.867333333333235,337,2,88.2462908011865,29.950000000000088,1,1.7
4,B,PREDATOR,23,-12.199999999999998,220,6.867333333333235,4,2,92.64249999999973,68.5899999999991,2,1.7
4,B,PREDATOR,24,-12.129999999999999,213,6.867333333333235,337,2,93.56157270029651,42.23999999999984,1,1.7
4,B,PREDATOR,25,-12.269999999999996,227,6.867333333333235,4,2,89.06499999999959,63.69999999999945,2,1.7
4,B,PREDATOR,26,-12.189999999999998,219,6.867333333333235,5,2,90.20799999999963,47.369999999999735,1,1.7
4,B,PREDATOR,27,-12.229999999999997,223,6.867333333333235,5,2,91.56999999999968,59.34999999999927,1,1.7
4,B,PREDATOR,28,-12.189999999999998,219,6.867333333333235,6,2,88.69999999999959,43.269999999999825,0,1.7
4,B,PREDATOR,29,11.929999999999852,314,6.867333333333235,3,2,85.75999999999947,33.549999999999685,3,1.7
4,B,PREDATOR,30,12.45333333333292,267,6.867333333333235,337,2,90.91866468842697,62.20999999999907,3,1.7
4,B,PREDATOR,31,1081.997499999997,500,6.867333333333235,337,3,91.50267062314511,58.93333333333285,157,1.7
4,B,PREDATOR,32,-12.259999999999996,226,6.867333333333235,5,2,94.25799999999978,49.42124999999972,1,1.7
4,B,PREDATOR,33,13.133333333333207,199,6.867333333333235,5,3,91.01199999999966,25.139999999999876,1,1.7
4,B,PREDATOR,34,9.27499999999955,302,6.867333333333235,3,2,90.63999999999965,51.24999999999945,3,1.7
4,B,PREDATOR,35,-12.159999999999998,216,6.867333333333235,337,2,91.51753709198793,32.82999999999999,0,1.7
4,B,PREDATOR,36,12.156666666666327,294,6.867333333333235,4,2,96.03999999999985,21.130000000000013,2,1.7
4,B,PREDATOR,37,-12.179999999999998,218,6.867333333333235,3,2,88.68999999999956,67.8099999999996,3,1.7
4,B,PREDATOR,38,-12.309999999999995,231,6.867333333333235,5,2,86.04399999999947,51.78999999999944,1,1.7
4,B,PREDATOR,39,-12.199999999999998,220,6.867333333333235,4,2,91.02999999999966,55.32499999999949,2,1.7
4,B,PREDATOR,40,-12.179999999999998,218,6.867333333333235,277,2,65.46891696750902,50.49999999999954,1,1.7
4,B,PREDATOR,41,12.873333333333006,289,6.867333333333235,337,2,89.02934718100849,27.969999999999946,1,1.7
4,B,PREDATOR,42,-12.199999999999998,220,6.867333333333235,337,2,80.69765578635011,29.200000000000124,0,1.7
4,B,PREDATOR,43,-12.209999999999997,221,6.867333333333235,337,2,93.47804154302646,39.58000000000001,0,1.7
4,B,PREDATOR,44,-12.179999999999998,218,6.867333333333235,337,2,92.0531454005933,45.0899999999997,1,1.7
4,B,PREDATOR,45,-12.359999999999994,236,6.867333333333235,4,2,88.02999999999955,63.46124999999914,2,1.7
4,B,PREDATOR,46,-12.269999999999996,227,6.867333333333235,6,2,87.84999999999953,27.010000000000012,0,1.7
4,B,PREDATOR,47,-12.259999999999996,226,6.867333333333235,5,2,90.05799999999962,60.94874999999925,1,1.7
4,B,PREDATOR,48,-12.489999999999991,249,6.867333333333235,4,2,86.8899999999995,51.2199999999994,2,1.7
4,B,PREDATOR,49,-12.339999999999995,234,6.867333333333235,4,2,90.13749999999962,50.3699999999996,2,1.7
4,B,PREDATOR,50,12.22666666666626,287,6.867333333333235,3,2,87.73999999999954,61.199999999998965,3,1.7
4,B,PREDATOR,51,-12.209999999999997,221,6.867333333333235,6,2,90.55499999999965,25.03000000000013,0,1.7
4,B,PREDATOR,52,12.293333333332905,283,6.867333333333235,337,2,87.42023738872356,41.33999999999973,2,1.7
4,B,PREDATOR,53,61.819999999998636,347,6.867333333333235,3,2,96.29999999999986,19.05999999999992,3,1.7
4,B,PREDATOR,54,-12.259999999999996,226,6.867333333333235,337,2,92.41106824925788,52.35999999999949,1,1.7
4,B,PREDATOR,55,-12.239999999999997,224,6.867333333333235,5,2,87.11799999999951,56.01999999999934,1,1.7
4,B,PREDATOR,56,-12.239999999999997,224,6.867333333333235,6,2,88.89999999999958,37.569999999999744,0,1.7
4,B,PREDATOR,57,-12.199999999999998,220,6.867333333333235,337,2,90.20629080118657,70.74999999999909,2,1.7
4,B,PREDATOR,58,-12.239999999999997,224,6.867333333333235,5,2,88.90599999999958,45.86999999999982,1,1.7
4,B,PREDATOR,59,-12.249999999999996,225,6.867333333333235,6,2,91.35499999999968,41.34999999999973,0,1.7
4,B,PREDATOR,60,-12.349999999999994,235,6.867333333333235,337,2,93.84759643916892,56.79999999999926,1,1.7
4,B,PREDATOR,61,11.949999999999646,312,6.867333333333235,3,2,92.90999999999974,33.129999999999605,3,1.7
4,B,PREDATOR,62,-12.219999999999997,222,6.867333333333235,337,2,90.27961424332328,56.319999999999425,1,1.7
4,B,PREDATOR,63,37.14666666666714,302,6.867333333333235,2,2,93.57999999999976,39.759999999999735,4,1.7
4,B,PREDATOR,64,-12.209999999999997,221,6.867333333333235,6,2,89.81999999999961,31.47999999999999,0,1.7
4,B,PREDATOR,65,-12.209999999999997,221,6.867333333333235,5,2,93.29799999999975,59.07999999999927,1,1.7
4,B,PREDATOR,66,12.353333333332932,277,6.867333333333235,337,2,90.42762611275928,35.482499999999696,2,1.7
4,B,PREDATOR,67,-12.359999999999994,236,6.867333333333235,5,2,86.9559999999995,37.82999999999983,1,1.7
4,B,PREDATOR,68,-12.209999999999997,221,6.867333333333235,6,2,89.4799999999996,41.22999999999972,0,1.7
4,B,PREDATOR,69,-12.189999999999998,219,6.867333333333235,5,2,85.35399999999944,46.77999999999966,1,1.7
4,B,PREDATOR,70,-12.249999999999996,225,6.867333333333235,5,2,90.21999999999963,45.279999999999646,1,1.7
4,B,PREDATOR,71,12.339999999999593,281,6.867333333333235,337,2,90.64403560830826,36.54999999999972,2,1.7
4,B,PREDATOR,72,-12.389999999999993,239,6.867333333333235,6,2,92.62499999999972,22.27000000000015,0,1.7
4,B,PREDATOR,73,13.969999999999777,302,6.867333333333235,337,2,92.19943620178013,19.059999999999974,1,1.7
4,B,PREDATOR,74,-12.129999999999999,213,6.867333333333235,3,2,91.40999999999967,59.739999999999526,3,1.7
4,B,PREDATOR,75,12.229999999999615,300,6.867333333333235,337,2,90.26810089020735,27.1,1,1.7
4,B,PREDATOR,76,-12.299999999999995,230,6.867333333333235,6,2,91.9149999999997,31.0000000000001,0,1.7
4,B,PREDATOR,77,-12.319999999999995,232,6.867333333333235,5,2,88.22799999999957,37.84,1,1.7
4,B,PREDATOR,78,-12.509999999999991,251,6.867333333333235,337,2,91.84439169139435,18.880000000000262,0,1.7
4,B,PREDATOR,79,-12.429999999999993,243,6.867333333333235,5,2,91.9299999999997,49.50999999999968,1,1.7
4,B,PREDATOR,80,-12.329999999999995,233,6.867333333333235,337,2,87.1798219584565,63.98999999999924,2,1.7
4,B,PREDATOR,81,36.296666666667136,387,6.867333333333235,3,2,90.33999999999963,7.869999999999996,3,1.7
4,B,PREDATOR,82,-12.359999999999994,236,6.867333333333235,6,2,87.85499999999955,38.98000000000002,0,1.7
4,B,PREDATOR,83,-12.55999999999999,256,6.867333333333235,5,2,89.76999999999961,32.92,1,1.7
4,B,PREDATOR,84,-12.329999999999995,233,6.867333333333235,6,2,88.92999999999957,35.739999999999945,0,1.7
4,B,PREDATOR,85,85.38333333333162,495,6.867333333333235,2,1,90.90999999999966,0.6999999999997252,4,1.7
4,B,PREDATOR,86,12.179999999999678,289,6.867333333333235,3,2,91.55999999999968,55.77999999999912,3,1.7
4,B,PREDATOR,87,60.91999999999876,437,6.867333333333235,3,2,90.91999999999966,2.710000000000267,3,1.7
4,B,PREDATOR,88,-12.209999999999997,221,6.867333333333235,4,2,91.9449999999997,48.00999999999962,2,1.7
4,B,PREDATOR,89,-12.429999999999993,243,6.867333333333235,5,2,86.05599999999947,48.239999999999675,1,1.7
4,B,PREDATOR,90,-12.189999999999998,219,6.867333333333235,337,2,92.47097922848641,36.70000000000006,2,1.7
4,B,PREDATOR,91,95.33333333333174,500,6.867333333333235,2,2,94.38999999999979,15.420000000000101,4,1.7
4,B,PREDATOR,92,652.926666666666,500,6.867333333333235,337,2,91.79100890207685,50.22999999999985,27,1.7
4,B,PREDATOR,93,95.25333333333181,500,6.867333333333235,1,2,95.19999999999982,10.289999999999907,5,1.7
4,B,PREDATOR,94,60.2999999999985,475,6.867333333333235,0,2,0.0,25.29999999999935,6,1.7
4,B,PREDATOR,95,-12.269999999999996,227,6.867333333333235,337,2,88.78682492581592,29.56000000000028,0,1.7
4,B,PREDATOR,96,-12.389999999999993,239,6.867333333333235,5,2,89.15199999999959,52.98999999999948,1,1.7
4,B,PREDATOR,97,12.193333333332932,293,6.867333333333235,5,2,88.02399999999955,26.739999999999988,1,1.7
4,B,PREDATOR,98,-12.439999999999992,244,6.867333333333235,337,2,92.35673590504423,27.670000000000204,0,1.7
4,B,PREDATOR,99,-12.299999999999995,230,6.867333333333235,5,1,94.43199999999979,24.820000000000498,1,1.7
4,B,PREDATOR,100,-12.259999999999996,226,6.867333333333235,4,2,92.71749999999972,54.849999999999575,2,1.7
4,B,PREDATOR,101,12.183333333332959,294,6.867333333333235,5,2,88.64799999999957,26.91999999999985,1,1.7
4,B,PREDATOR,102,-12.289999999999996,229,6.867333333333235,5,2,90.95199999999966,44.52999999999976,1,1.7
4,B,PREDATOR,103,12.235833333332893,282,6.867333333333235,4,2,91.20999999999967,35.459999999999674,2,1.7
4,B,PREDATOR,104,36.50333333333369,369,6.867333333333235,3,2,89.89999999999962,15.729999999999869,3,1.7
4,B,PREDATOR,105,-12.239999999999997,224,6.867333333333235,5,2,93.60399999999976,48.45999999999955,1,1.7
4,B,PREDATOR,106,-12.249999999999996,225,6.867333333333235,5,2,87.62799999999953,41.69999999999969,1,1.7
4,B,PREDATOR,107,-12.299999999999995,230,6.867333333333235,6,2,87.54999999999954,31.8999999999999,0,1.7
4,B,PREDATOR,108,-12.389999999999993,239,6.867333333333235,6,2,92.2049999999997,26.620000000000303,0,1.7
4,B,PREDATOR,109,12.186666666666282,291,6.867333333333235,4,2,86.7999999999995,36.54999999999978,2,1.7
4,B,PREDATOR,110,-12.339999999999995,234,6.867333333333235,4,2,89.2824999999996,49.41999999999983,2,1.7
4,B,PREDATOR,111,-12.229999999999997,223,6.867333333333235,6,2,87.08499999999951,43.68999999999971,0,1.7
4,B,PREDATOR,112,12.183333333332895,294,6.867333333333235,5,2,89.84799999999962,34.56999999999969,1,1.7
4,B,PREDATOR,113,-12.199999999999998,220,6.867333333333235,5,2,89.4039999999996,45.69999999999992,1,1.7
4,B,PREDATOR,114,95.33333333333213,500,6.867333333333235,2,2,89.82999999999961,6.300000000000407,4,1.7
4,B,PREDATOR,115,-12.249999999999996,225,6.867333333333235,5,2,88.23999999999955,46.80999999999969,1,1.7
4,B,PREDATOR,116,-12.319999999999995,232,6.867333333333235,5,2,89.70399999999961,44.82999999999961,1,1.7
4,B,PREDATOR,117,-12.259999999999996,226,6.867333333333235,6,2,91.77999999999969,39.4299999999998,0,1.7
4,B,PREDATOR,118,-12.219999999999997,222,6.867333333333235,4,2,88.83999999999958,66.66374999999913,2,1.7
4,B,PREDATOR,119,12.22666666666627,287,6.867333333333235,4,2,86.57499999999949,45.1599999999997,2,1.7
4,B,PREDATOR,120,-12.609999999999989,261,6.867333333333235,4,2,88.09749999999956,49.239999999999455,2,1.7
4,B,PREDATOR,121,-12.309999999999995,231,6.867333333333235,3,2,89.5599999999996,64.86999999999918,3,1.7
4,B,PREDATOR,122,12.373333333332914,275,6.867333333333235,2,2,98.01999999999992,60.063749999999104,4,1.7
4,B,PREDATOR,123,12.166666666666258,293,6.867333333333235,4,2,88.47249999999957,45.90999999999953,2,1.7
4,B,PREDATOR,124,36.38333333333388,397,6.867333333333235,337,2,91.14011869436168,16.11999999999972,3,1.7
4,B,PREDATOR,125,60.71999999999846,473,6.867333333333235,337,1,90.77433234421329,15.939999999999808,3,1.7
4,B,PREDATOR,126,-12.439999999999992,244,6.867333333333235,337,2,82.2690801186943,51.699999999999385,1,1.7
4,B,PREDATOR,127,12.38333333333293,274,6.867333333333235,5,2,89.3079999999996,20.470000000000276,1,1.7
4,B,PREDATOR,128,-12.289999999999996,229,6.867333333333235,6,2,89.13999999999959,29.470000000000077,0,1.7
4,B,PREDATOR,129,-12.189999999999998,219,6.867333333333235,5,2,89.13399999999959,49.50999999999972,1,1.7
4,B,PREDATOR,130,888.8324999999991,500,6.867333333333235,337,3,87.94388724035566,44.11999999999977,37,1.7
4,B,PREDATOR,131,-12.759999999999986,276,6.867333333333235,6,2,92.82999999999974,28.47999999999997,0,1.7
4,B,PREDATOR,132,36.05666666666679,411,6.867333333333235,3,2,84.47999999999941,12.909999999999737,3,1.7
4,B,PREDATOR,133,-12.51999999999999,252,6.867333333333235,337,2,90.3927596439167,33.519999999999875,1,1.7
4,B,PREDATOR,134,-12.289999999999996,229,6.867333333333235,337,2,88.81866468842722,32.01999999999992,0,1.7
4,B,PREDATOR,135,-12.489999999999991,249,6.867333333333235,3,2,91.61999999999968,51.429999999999474,3,1.7
4,B,PREDATOR,136,12.19666666666623,290,6.867333333333235,337,2,83.79554896142429,33.399999999999636,2,1.7
4,B,PREDATOR,137,-12.279999999999996,228,6.867333333333235,5,2,90.91599999999966,43.56999999999971,1,1.7
4,B,PREDATOR,138,-12.249999999999996,225,6.867333333333235,5,2,88.38999999999956,41.34999999999981,1,1.7
4,B,PREDATOR,139,-12.269999999999996,227,6.867333333333235,5,2,83.22999999999936,39.48999999999989,1,1.7
4,B,PREDATOR,140,-12.229999999999997,223,6.867333333333235,3,2,87.60999999999952,69.3099999999992,3,1.7
4,B,PREDATOR,141,12.023333333332937,310,6.867333333333235,5,2,91.9779999999997,16.750000000000114,1,1.7
4,B,PREDATOR,142,-12.219999999999997,222,6.867333333333235,4,2,85.20999999999944,70.14999999999907,2,1.7
4,B,PREDATOR,143,12.099999999999673,297,6.867333333333235,3,2,91.47999999999968,50.85999999999945,3,1.7
4,B,PREDATOR,144,-12.329999999999995,233,6.867333333333235,3,2,95.22999999999983,65.8649999999993,3,1.7
4,B,PREDATOR,145,-12.489999999999991,249,6.867333333333235,337,2,91.14005934718068,51.09999999999951,1,1.7
4,B,PREDATOR,146,12.023333333332923,310,6.867333333333235,5,2,86.9679999999995,17.200000000000077,1,1.7
4,B,PREDATOR,147,-12.349999999999994,235,6.867333333333235,6,2,88.99499999999959,43.899999999999636,0,1.7
4,B,PREDATOR,148,-12.289999999999996,229,6.867333333333235,337,2,94.24041543026686,41.46999999999972,0,1.7
4,B,PREDATOR,149,-12.289999999999996,229,6.867333333333235,5,2,90.54399999999964,47.61999999999973,1,1.7
4,B,PREDATOR,150,-12.299999999999995,230,6.867333333333235,337,2,85.97267062314533,34.29999999999988,0,1.7
4,B,PREDATOR,151,-12.339999999999995,234,6.867333333333235,5,2,88.64199999999957,51.30999999999941,1,1.7
4,B,PREDATOR,152,-12.369999999999994,237,6.867333333333235,337,2,85.27703264094949,32.71000000000011,1,1.7
4,B,PREDATOR,153,-12.359999999999994,236,6.867333333333235,6,2,91.55499999999968,21.880000000000162,0,1.7
4,B,PREDATOR,154,-12.339999999999995,234,6.867333333333235,337,2,89.80296735905007,32.95000000000005,1,1.7
4,B,PREDATOR,155,-12.56999999999999,257,6.867333333333235,5,2,87.53199999999953,46.02999999999974,1,1.7
4,B,PREDATOR,156,35.96000000000044,426,6.867333333333235,4,2,89.20749999999958,4.780000000000108,2,1.7
4,B,PREDATOR,157,-12.429999999999993,243,6.867333333333235,5,2,88.15599999999955,25.390000000000185,1,1.7
4,B,PREDATOR,158,12.513333333332929,261,6.867333333333235,5,2,91.69599999999969,26.22999999999999,1,1.7
4,B,PREDATOR,159,-12.339999999999995,234,6.867333333333235,5,3,90.36999999999964,7.213333333333498,1,1.7
4,B,PREDATOR,160,-12.879999999999983,288,6.867333333333235,337,2,90.76329376854581,46.41999999999952,1,1.7
4,B,PREDATOR,161,-12.58999999999999,259,6.867333333333235,9,2,95.10888888888876,21.520000000000046,0,1.7
4,B,PREDATOR,162,11.94333333333289,318,6.867333333333235,337,2,80.77774480712164,28.839999999999918,1,1.7
4,B,PREDATOR,163,60.8899999999984,432,6.867333333333235,2,2,88.34499999999956,23.079999999999988,4,1.7
4,B,PREDATOR,164,-12.509999999999991,251,6.867333333333235,337,2,90.83836795252206,25.029999999999944,0,1.7
4,B,PREDATOR,165,-12.489999999999991,249,6.867333333333235,5,2,91.50999999999968,47.19999999999943,1,1.7
4,B,PREDATOR,166,-12.58999999999999,259,6.867333333333235,6,2,92.45499999999971,40.11999999999966,0,1.7
4,B,PREDATOR,167,-12.169999999999998,217,6.867333333333235,4,2,85.00749999999942,45.459999999999766,2,1.7
4,B,PREDATOR,168,37.200000000000514,302,6.867333333333235,4,2,88.63749999999956,30.459999999999894,2,1.7
4,B,PREDATOR,169,-12.339999999999995,234,6.867333333333235,337,2,93.63860534124605,50.28999999999957,1,1.7
4,B,PREDATOR,170,36.40666666666719,376,6.867333333333235,3,2,83.65999999999939,23.919999999999845,3,1.7
4,B,PREDATOR,171,-12.319999999999995,232,6.867333333333235,337,2,85.87459940652813,27.160000000000153,0,1.7
4,B,PREDATOR,172,806.0825000000001,500,6.867333333333235,337,3,88.20020771513309,40.8466666666664,67,1.7
4,B,PREDATOR,173,-12.959999999999981,296,6.867333333333235,6,2,91.71499999999969,31.029999999999802,0,1.7
4,B,PREDATOR,174,3302.180833333315,500,6.867333333333235,337,2,89.93219584569704,56.13999999999989,136,1.7
4,B,PREDATOR,175,3460.562499999974,500,6.867333333333235,337,3,88.19332344213609,36.83333333333314,141,1.7
4,B,PREDATOR,176,-12.769999999999985,277,6.867333333333235,4,2,86.94249999999951,49.05999999999955,2,1.7
4,B,PREDATOR,177,-12.359999999999994,236,6.867333333333235,4,2,88.35249999999957,43.239999999999846,2,1.7
4,B,PREDATOR,178,95.33333333333152,500,6.867333333333235,2,2,94.41999999999979,7.569999999999949,4,1.7
4,B,PREDATOR,179,-12.459999999999992,246,6.867333333333235,337,2,92.87261127596416,26.979999999999944,0,1.7
4,B,PREDATOR,180,-12.709999999999987,271,6.867333333333235,6,2,85.75999999999947,31.030000000000044,0,1.7
4,B,PREDATOR,181,-12.199999999999998,220,6.867333333333235,5,2,90.93399999999966,53.709999999999425,1,1.7
4,B,PREDATOR,182,-12.689999999999987,269,6.867333333333235,4,2,84.2649999999994,44.37999999999951,2,1.7
4,B,PREDATOR,183,-12.439999999999992,244,6.867333333333235,337,2,88.9748071216613,37.119999999999855,0,1.7
4,B,PREDATOR,184,7.134166666666106,314,6.867333333333235,4,2,86.60499999999949,38.079999999999814,2,1.7
4,B,PREDATOR,185,12.393333333332906,273,6.867333333333235,337,2,73.81649851632046,42.21999999999973,2,1.7
4,B,PREDATOR,186,12.193333333332893,293,6.867333333333235,5,2,89.5899999999996,23.590000000000053,1,1.7
4,B,PREDATOR,187,-12.659999999999988,266,6.867333333333235,6,2,86.20999999999948,22.48000000000024,0,1.7
4,B,PREDATOR,188,12.32333333333291,280,6.867333333333235,3,2,88.61999999999956,40.599999999999575,3,1.7
4,B,PREDATOR,189,13.989999999999855,300,6.867333333333235,337,2,87.6851632047473,26.04999999999992,1,1.7
4,B,PREDATOR,190,12.236666666666304,286,6.867333333333235,4,2,90.54999999999964,34.509999999999735,2,1.7
4,B,PREDATOR,191,-12.789999999999985,279,6.867333333333235,6,2,87.27999999999952,20.61999999999999,0,1.7
4,B,PREDATOR,192,-12.239999999999997,224,6.867333333333235,5,2,88.07199999999956,45.5499999999997,1,1.7
4,B,PREDATOR,193,-12.199999999999998,220,6.867333333333235,337,2,91.03044510385723,48.99999999999957,0,1.7
4,B,PREDATOR,194,-12.55999999999999,256,6.867333333333235,6,2,89.99999999999962,25.030000000000214,0,1.7
4,B,PREDATOR,195,36.63000000000055,359,6.867333333333235,4,2,89.09499999999959,22.120000000000235,2,1.7
4,B,PREDATOR,196,-12.729999999999986,273,6.867333333333235,5,2,91.37199999999967,44.19999999999955,1,1.7
4,B,PREDATOR,197,-12.659999999999988,266,6.867333333333235,6,2,87.26499999999952,30.280000000000072,0,1.7
4,B,PREDATOR,198,-12.469999999999992,247,6.867333333333235,337,2,77.31640949554892,34.06000000000016,0,1.7
4,B,PREDATOR,199,-12.51999999999999,252,6.867333333333235,337,2,91.65427299703242,50.97999999999932,1,1.7
4,B,PREDATOR,200,11.373333333332814,375,6.867333333333235,5,2,89.25999999999961,14.949999999999838,1,1.7
4,B,PREDATOR,201,35.910000000000124,423,6.867333333333235,2,2,92.57499999999972,6.250000000000025,4,1.7
4,B,PREDATOR,202,70.28999999999931,500,6.867333333333235,3,3,95.71999999999984,11.900000000000304,3,1.7
4,B,PREDATOR,203,321.03833333333415,500,6.867333333333235,337,1,92.1112462908009,95.79999999999995,13,1.7
4,B,PREDATOR,204,-12.839999999999984,284,6.867333333333235,337,2,94.79985163204726,38.43999999999987,29,1.7
4,B,PREDATOR,205,36.05000000000055,417,6.867333333333235,4,2,93.42249999999976,4.810000000000158,2,1.7
4,B,PREDATOR,206,12.276666666666236,282,6.867333333333235,4,2,86.8749999999995,51.45999999999941,2,1.7
4,B,PREDATOR,207,3316.6524999999833,500,6.867333333333235,337,3,89.67792284866435,40.69999999999997,137,1.7
4,B,PREDATOR,208,341.7875000000019,439,6.867333333333235,337,2,89.19038575667615,14.920000000000034,15,1.7
4,B,PREDATOR,209,-12.309999999999995,231,6.867333333333235,4,2,88.40499999999957,60.481249999999264,2,1.7
4,B,PREDATOR,210,-12.139999999999999,214,6.867333333333235,2,2,92.2599999999997,59.37999999999951,4,1.7
4,B,PREDATOR,211,-12.369999999999994,237,6.867333333333235,5,2,89.65599999999961,8.970000000000123,1,1.7
4,B,PREDATOR,212,-12.489999999999991,249,6.867333333333235,337,2,87.47290801186897,37.71999999999965,0,1.7
4,B,PREDATOR,213,-12.53999999999999,254,6.867333333333235,6,2,87.79999999999954,25.569999999999922,0,1.7
4,B,PREDATOR,214,12.116666666666239,298,6.867333333333235,3,2,94.31999999999978,17.49000000000053,3,1.7
4,B,PREDATOR,215,36.586666666667206,358,6.867333333333235,3,2,95.70999999999985,26.349999999999557,3,1.7
4,B,PREDATOR,216,-12.839999999999984,284,6.867333333333235,4,2,89.84499999999962,41.04999999999968,2,1.7
4,B,PREDATOR,217,-11.670000000000002,167,6.867333333333235,6,3,97.82999999999993,22.60000000000004,0,1.7
4,B,PREDATOR,218,-12.609999999999989,261,6.867333333333235,3,2,89.6999999999996,62.3499999999991,3,1.7
4,B,PREDATOR,219,-12.489999999999991,249,6.867333333333235,5,2,90.04599999999964,35.70999999999997,1,1.7
4,B,PREDATOR,220,-12.369999999999994,237,6.867333333333235,35,2,94.20771428571422,27.61000000000001,0,1.7
4,B,PREDATOR,221,-12.159999999999998,216,6.867333333333235,5,2,91.22799999999967,43.29999999999982,1,1.7
4,B,PREDATOR,222,11.923333333332879,320,6.867333333333235,337,2,90.02391691394621,14.950000000000042,1,1.7
4,B,PREDATOR,223,11.786666666666187,331,6.867333333333235,4,2,94.7049999999998,24.849999999999742,2,1.7
4,B,PREDATOR,224,-12.219999999999997,222,6.867333333333235,5,2,92.0439999999997,38.87999999999989,1,1.7
4,B,PREDATOR,225,11.123333333332782,400,6.867333333333235,337,2,90.58623145400558,20.349999999999767,1,1.7
4,B,PREDATOR,226,-12.209999999999997,221,6.867333333333235,337,2,92.87667655786323,36.27999999999999,0,1.7
4,B,PREDATOR,227,-12.149999999999999,215,6.867333333333235,4,2,91.38249999999968,67.77999999999912,2,1.7
4,B,PREDATOR,228,-12.909999999999982,291,6.867333333333235,337,2,85.06685459940644,35.42999999999969,1,1.7
4,B,PREDATOR,229,-12.399999999999993,240,6.867333333333235,5,2,92.88399999999973,33.340000000000074,1,1.7
4,B,PREDATOR,230,61.47999999999838,381,6.867333333333235,3,2,89.03999999999958,28.029999999999873,3,1.7
4,B,PREDATOR,231,-12.639999999999988,264,6.867333333333235,5,2,89.4639999999996,36.81999999999969,1,1.7
4,B,PREDATOR,232,11.653333333332808,347,6.867333333333235,3,2,88.11999999999955,38.25999999999965,3,1.7
4,B,PREDATOR,233,-12.249999999999996,225,6.867333333333235,3,2,88.94999999999959,69.42999999999913,3,1.7
4,B,PREDATOR,234,-12.499999999999991,250,6.867333333333235,5,2,86.51199999999949,35.66624999999972,1,1.7
4,B,PREDATOR,235,-12.209999999999997,221,6.867333333333235,337,2,93.0757863501481,60.33999999999952,3,1.7
4,B,PREDATOR,236,-12.489999999999991,249,6.867333333333235,6,2,86.30499999999948,39.51999999999988,0,1.7
4,B,PREDATOR,237,9.978333333332833,304,6.867333333333235,2,2,90.74499999999965,43.509999999999415,4,1.7
4,B,PREDATOR,238,-13.189999999999976,319,6.867333333333235,337,2,91.33409495548929,33.519999999999925,0,1.7
4,B,PREDATOR,239,12.046666666666264,305,6.867333333333235,4,2,92.52999999999972,41.40999999999931,2,1.7
4,B,PREDATOR,240,-12.56999999999999,257,6.867333333333235,6,2,90.92499999999966,29.259999999999927,0,1.7
4,B,PREDATOR,241,11.853333333332829,327,6.867333333333235,4,2,90.32499999999963,28.109999999999904,2,1.7
4,B,PREDATOR,242,-13.429999999999971,343,6.867333333333235,337,2,92.44810089020743,17.73999999999992,0,1.7
4,B,PREDATOR,243,-12.609999999999989,261,6.867333333333235,337,2,88.67673590504442,49.98999999999937,1,1.7
4,B,PREDATOR,244,14.729999999999825,226,6.867333333333235,337,2,87.60961424332298,14.060000000000066,1,1.7
4,B,PREDATOR,245,12.31333333333295,281,6.867333333333235,5,2,85.40799999999945,28.629999999999903,1,1.7
4,B,PREDATOR,246,-12.299999999999995,230,6.867333333333235,337,2,91.17181008902057,46.4199999999996,1,1.7
4,B,PREDATOR,247,-12.259999999999996,226,6.867333333333235,4,2,88.79499999999959,66.1899999999992,2,1.7
4,B,PREDATOR,248,-12.209999999999997,221,6.867333333333235,5,2,89.99199999999962,59.889999999999254,1,1.7
4,B,PREDATOR,249,11.42333333333283,370,6.867333333333235,4,2,92.97249999999974,20.0999999999997,2,1.7
4,B,PREDATOR,250,-12.259999999999996,226,6.867333333333235,5,2,91.08399999999966,55.02999999999941,1,1.7
4,B,PREDATOR,251,4031.9516666666486,500,6.867333333333235,337,2,90.05599406528161,62.31999999999965,168,1.7
4,B,PREDATOR,252,48.980000000000025,500,6.867333333333235,337,2,90.20335311572663,5.600000000000164,2,1.7
4,B,PREDATOR,253,45.16666666666716,500,6.867333333333235,3,3,92.2899999999997,11.846666666666438,3,1.7
4,B,PREDATOR,254,-12.879999999999983,288,6.867333333333235,337,2,86.59412462907963,32.19999999999991,2,1.7
4,B,PREDATOR,255,95.09166666666512,500,6.867333333333235,1,2,97.83999999999992,18.262499999999957,5,1.7
4,B,PREDATOR,256,10.769999999999454,430,6.867333333333235,3,2,84.0399999999994,20.01999999999994,3,1.7
4,B,PREDATOR,257,-13.099999999999978,310,6.867333333333235,337,2,91.35510385756643,22.269999999999968,1,1.7
4,B,PREDATOR,258,37.20666666666715,296,6.867333333333235,3,2,94.99999999999982,44.16999999999943,3,1.7
4,B,PREDATOR,259,-12.289999999999996,229,6.867333333333235,6,2,89.4249999999996,49.569999999999624,0,1.7
4,B,PREDATOR,260,13.289999999999699,370,6.867333333333235,337,2,91.05056379821924,25.539999999999846,2,1.7
4,B,PREDATOR,261,-12.239999999999997,224,6.867333333333235,337,2,87.17771513353067,43.569999999999744,1,1.7
4,B,PREDATOR,262,-12.189999999999998,219,6.867333333333235,4,2,90.17499999999963,65.32624999999919,2,1.7
4,B,PREDATOR,263,11.833333333332847,329,6.867333333333235,5,2,89.3019999999996,37.269999999999726,1,1.7
4,B,PREDATOR,264,-12.709999999999987,271,6.867333333333235,337,2,90.79715133531124,16.780000000000207,0,1.7
4,B,PREDATOR,265,-12.609999999999989,261,6.867333333333235,6,2,90.33999999999963,29.079999999999856,0,1.7
4,B,PREDATOR,266,-12.489999999999991,249,6.867333333333235,5,2,86.61399999999949,42.99999999999969,1,1.7
4,B,PREDATOR,267,-12.339999999999995,234,6.867333333333235,337,2,87.58623145400547,42.09999999999981,1,1.7
4,B,PREDATOR,268,-12.449999999999992,245,6.867333333333235,5,2,90.30399999999963,42.81999999999964,1,1.7
4,B,PREDATOR,269,-12.459999999999992,246,6.867333333333235,6,2,88.66999999999958,22.780000000000253,0,1.7
4,B,PREDATOR,270,-12.209999999999997,221,6.867333333333235,4,2,91.44249999999968,45.12999999999984,4,1.7
4,B,PREDATOR,271,11.969999999999592,310,6.867333333333235,3,2,91.83999999999969,46.77999999999966,3,1.7
4,B,PREDATOR,272,-12.55999999999999,256,6.867333333333235,337,2,93.31181008902055,44.43999999999971,2,1.7
4,B,PREDATOR,273,12.023333333332856,310,6.867333333333235,4,2,87.30999999999952,39.89999999999975,2,1.7
4,B,PREDATOR,274,95.22666666666558,500,6.867333333333235,1,2,92.0199999999997,27.719999999999605,5,1.7
4,B,PREDATOR,275,-12.629999999999988,263,6.867333333333235,337,2,89.64287833827854,41.739999999999554,1,1.7
4,B,PREDATOR,276,11.106666666666053,399,6.867333333333235,3,1,88.43999999999956,26.979999999999364,3,1.7
4,B,PREDATOR,277,-12.53999999999999,254,6.867333333333235,337,2,90.03824925815987,46.929999999999595,1,1.7
4,B,PREDATOR,278,-12.759999999999986,276,6.867333333333235,6,2,90.95499999999966,31.62999999999991,0,1.7
4,B,PREDATOR,279,-12.489999999999991,249,6.867333333333235,5,2,92.60799999999972,38.0737499999998,1,1.7
4,B,PREDATOR,280,-12.189999999999998,219,6.867333333333235,6,2,90.33499999999964,38.76999999999978,0,1.7
4,B,PREDATOR,281,-12.219999999999997,222,6.867333333333235,5,2,88.94799999999958,47.7699999999997,1,1.7
4,B,PREDATOR,282,-12.299999999999995,230,6.867333333333235,337,2,85.45670623145394,64.23999999999916,2,1.7
4,B,PREDATOR,283,-12.51999999999999,252,6.867333333333235,5,2,87.16599999999951,42.729999999999805,1,1.7
4,B,PREDATOR,284,-12.189999999999998,219,6.867333333333235,5,2,89.67999999999961,49.479999999999485,1,1.7
4,B,PREDATOR,285,-12.889999999999983,289,6.867333333333235,6,2,91.38999999999969,33.070000000000164,0,1.7
4,B,PREDATOR,286,11.886666666666224,321,6.867333333333235,4,2,89.10999999999959,35.529999999999816,2,1.7
4,B,PREDATOR,287,-12.139999999999999,214,6.867333333333235,6,2,90.76999999999965,26.020000000000344,0,1.7
4,B,PREDATOR,288,-12.339999999999995,234,6.867333333333235,6,2,90.85999999999966,35.169999999999966,0,1.7
4,B,PREDATOR,289,-12.659999999999988,266,6.867333333333235,6,2,87.0449999999995,28.629999999999974,0,1.7
4,B,PREDATOR,290,11.663333333333094,346,6.867333333333235,5,2,93.77799999999976,30.43,1,1.7
4,B,PREDATOR,291,11.683333333333051,336,6.867333333333235,2,2,89.13999999999959,49.80999999999933,4,1.7
4,B,PREDATOR,292,48.98000000000047,500,6.867333333333235,337,1,91.78454005934687,3.600000000000951,4,1.7
4,B,PREDATOR,293,-13.04999999999998,305,6.867333333333235,5,2,92.63799999999972,29.47000000000004,1,1.7
4,B,PREDATOR,294,45.166666666667,500,6.867333333333235,3,2,91.35999999999967,19.549999999999912,3,1.7
4,B,PREDATOR,295,-12.129999999999999,213,6.867333333333235,337,2,90.88026706231437,35.59000000000013,0,1.7
4,B,PREDATOR,296,-12.159999999999998,216,6.867333333333235,337,2,91.58807121661688,64.10999999999916,2,1.7
4,B,PREDATOR,297,-12.739999999999986,274,6.867333333333235,4,2,86.5824999999995,50.81249999999932,2,1.7
4,B,PREDATOR,298,11.853333333332836,327,6.867333333333235,337,2,78.19727002967358,24.160000000000068,1,1.7
4,B,PREDATOR,299,-12.819999999999984,282,6.867333333333235,337,2,89.25089020771473,42.75999999999965,0,1.7
4,B,PREDATOR,300,11.026666666666147,407,6.867333333333235,4,2,86.98749999999951,19.149999999999736,2,1.7
4,B,PREDATOR,301,-12.459999999999992,246,6.867333333333235,6,2,85.95499999999947,32.08000000000012,0,1.7
4,B,PREDATOR,302,38.05333333333331,406,6.867333333333235,337,2,89.39979228486607,7.030000000000014,2,1.7
4,B,PREDATOR,303,-12.289999999999996,229,6.867333333333235,5,2,90.06399999999962,44.21999999999963,1,1.7
4,B,PREDATOR,304,-12.289999999999996,229,6.867333333333235,5,2,89.12199999999959,45.11999999999972,1,1.7
4,B,PREDATOR,305,-12.189999999999998,219,6.867333333333235,6,2,86.8099999999995,43.41999999999976,0,1.7
4,B,PREDATOR,306,-12.909999999999982,291,6.867333333333235,5,2,87.79599999999954,40.67999999999954,1,1.7
4,B,PREDATOR,307,10.706666666666022,439,6.867333333333235,4,2,92.1699999999997,16.269999999999875,2,1.7
4,B,PREDATOR,308,-12.709999999999987,271,6.867333333333235,337,2,92.82658753709173,24.129999999999974,0,1.7
4,B,PREDATOR,309,-12.189999999999998,219,6.867333333333235,5,2,92.0499999999997,36.81999999999991,1,1.7
4,B,PREDATOR,310,-12.859999999999983,286,6.867333333333235,5,2,89.90799999999962,45.84999999999956,1,1.7
4,B,PREDATOR,311,-12.839999999999984,284,6.867333333333235,6,2,88.98499999999957,32.019999999999854,0,1.7
4,B,PREDATOR,312,12.303333333332953,282,6.867333333333235,4,2,90.35499999999963,35.47499999999981,2,1.7
4,B,PREDATOR,313,11.836666666666245,326,6.867333333333235,4,2,94.03749999999977,30.18999999999997,2,1.7
4,B,PREDATOR,314,2524.482499999993,500,6.867333333333235,337,2,89.79243323442107,63.9099999999997,104,1.7
4,B,PREDATOR,315,12.153333333332897,297,6.867333333333235,3,2,91.71999999999969,39.669999999999526,3,1.7
4,B,PREDATOR,316,6506.3074999999635,500,6.867333333333235,337,1,89.04997032640917,99.88,283,1.7
4,B,PREDATOR,317,70.1299999999992,500,6.867333333333235,1,3,96.15999999999985,22.040000000000138,5,1.7
4,B,PREDATOR,318,11.203333333332898,392,6.867333333333235,5,2,92.2659999999997,19.06,1,1.7
4,B,PREDATOR,319,11.523333333333143,360,6.867333333333235,5,2,91.21599999999967,21.700000000000163,1,1.7
4,B,PREDATOR,320,36.62333333333397,357,6.867333333333235,3,2,89.21999999999959,24.42999999999977,3,1.7
4,B,PREDATOR,321,-12.359999999999994,236,6.867333333333235,2,2,87.21999999999952,64.53999999999913,4,1.7
4,B,PREDATOR,322,-12.379999999999994,238,6.867333333333235,5,2,86.23599999999948,50.6199999999994,1,1.7
4,B,PREDATOR,323,-12.709999999999987,271,6.867333333333235,6,2,88.60999999999956,25.03,0,1.7
4,B,PREDATOR,324,-12.55999999999999,256,6.867333333333235,5,2,91.47399999999968,31.900000000000105,1,1.7
4,B,PREDATOR,325,11.813333333332833,331,6.867333333333235,337,2,90.94480712166138,28.329999999999828,1,1.7
4,B,PREDATOR,326,-12.209999999999997,221,6.867333333333235,6,2,87.07999999999952,47.979999999999755,0,1.7
4,B,PREDATOR,327,36.2891666666666,381,6.867333333333235,3,2,88.95999999999958,25.92999999999943,3,1.7
4,B,PREDATOR,328,-12.739999999999986,274,6.867333333333235,337,2,91.87151335311542,17.320000000000164,0,1.7
4,B,PREDATOR,329,-12.159999999999998,216,6.867333333333235,4,2,89.5899999999996,53.85999999999973,2,1.7
4,B,PREDATOR,330,6476.702499999964,500,6.867333333333235,337,2,91.47074183976233,50.46999999999995,265,1.7
4,B,PREDATOR,331,-12.429999999999993,243,6.867333333333235,6,2,90.55499999999965,22.090000000000288,0,1.7
4,B,PREDATOR,332,-13.239999999999975,324,6.867333333333235,5,2,91.56399999999968,34.02999999999947,1,1.7
4,B,PREDATOR,333,-11.97,197,6.867333333333235,6,3,89.3899999999996,30.73999999999992,0,1.7
4,B,PREDATOR,334,-12.859999999999983,286,6.867333333333235,4,2,89.55249999999961,60.81999999999897,2,1.7
4,B,PREDATOR,335,-12.959999999999981,296,6.867333333333235,4,2,92.66499999999972,40.6299999999995,2,1.7
4,B,PREDATOR,336,11.846666666666186,325,6.867333333333235,4,2,94.28499999999978,41.229999999999606,2,1.7
4,B,PREDATOR,337,-12.52999999999999,253,6.867333333333235,4,2,93.99999999999977,50.49999999999949,2,1.7
4,B,PREDATOR,338,12.016666666666195,308,6.867333333333235,3,2,91.67999999999968,32.409999999999926,3,1.7
4,B,PREDATOR,339,-12.259999999999996,226,6.867333333333235,5,2,93.09999999999974,8.380000000000145,1,1.7
4,B,PREDATOR,340,11.913333333332863,321,6.867333333333235,337,2,91.12139465875337,36.382499999999624,2,1.7
4,B,PREDATOR,341,-13.05999999999998,306,6.867333333333235,5,2,89.66799999999961,37.299999999999756,1,1.7
4,B,PREDATOR,342,-12.659999999999988,266,6.867333333333235,6,2,89.08499999999958,37.930000000000106,0,1.7
4,B,PREDATOR,343,-12.789999999999985,279,6.867333333333235,5,2,87.22599999999952,42.75999999999963,1,1.7
4,B,PREDATOR,344,11.079999999999474,415,6.867333333333235,337,2,92.67127596439143,11.699999999999898,2,1.7
4,B,PREDATOR,345,11.46666666666612,363,6.867333333333235,4,2,91.52499999999968,20.169999999999987,2,1.7
4,B,PREDATOR,346,-12.439999999999992,244,6.867333333333235,5,2,93.60399999999976,35.61999999999993,1,1.7
4,B,PREDATOR,347,36.57666666666718,359,6.867333333333235,3,2,88.70999999999958,39.75999999999972,3,1.7
4,B,PREDATOR,348,-12.959999999999981,296,6.867333333333235,337,2,91.39359050445087,10.480000000000256,0,1.7
4,B,PREDATOR,349,-13.03999999999998,304,6.867333333333235,6,2,88.9449999999996,17.020000000000223,0,1.7
4,B,PREDATOR,350,11.603333333332818,352,6.867333333333235,5,2,94.19799999999978,16.210000000000207,1,1.7
5,A,PREY,1,1554.610000000004,500,145.29399999999936,338,1,90.78804733727776,8.900000000000203,1,1.0
5,A,PREY,2,1834.5400000000043,500,145.29399999999936,6,0,93.70999999999977,0.0,1,1.0
5,A,PREY,3,2274.4299999999844,500,145.29399999999936,7,0,93.66142857142833,0.0,0,1.0
5,A,PREY,4,68.66999999999997,31,145.29399999999936,6,2,92.92499999999973,85.55999999999992,1,1.0
5,A,PREY,5,1186.9900000000016,221,145.29399999999936,6,2,90.07499999999963,40.17750000000001,1,1.0
5,A,PREY,6,228.6500000000002,79,145.29399999999936,4,2,86.47749999999948,85.11375000000001,3,1.0
5,A,PREY,7,2354.4099999999908,500,145.29399999999936,338,1,91.72284023668608,12.340000000000208,5,1.0
5,A,PREY,8,106.32000000000001,15,145.29399999999936,6,2,96.34499999999987,89.35,1,1.0
5,A,PREY,9,2434.3899999999962,500,145.29399999999936,338,0,86.2548520710054,0.0,1,1.0
5,A,PREY,10,2874.2799999999734,500,145.29399999999936,7,0,94.9557142857141,0.0,0,1.0
5,A,PREY,11,108.79999999999995,17,145.29399999999936,6,2,96.05499999999985,88.92999999999998,1,1.0
5,A,PREY,12,2341.6999999999975,321,145.29399999999936,337,2,91.02415430267028,24.79499999999991,1,1.0
5,A,PREY,13,2874.2799999999793,500,145.29399999999936,6,0,94.49499999999979,0.0,1,1.0
5,A,PREY,14,2634.3399999999824,500,145.29399999999936,338,0,92.59647928994055,0.0,1,1.0
5,A,PREY,15,1147.3200000000015,189,145.29399999999936,322,2,74.37850931677018,43.26875000000018,2,1.0
5,A,PREY,16,2954.259999999969,500,145.29399999999936,7,0,95.28999999999982,0.0,0,1.0
5,A,PREY,17,3954.0099999999497,500,145.29399999999936,7,0,91.8742857142854,0.0,0,1.0
5,A,PREY,18,228.95000000000016,49,145.29399999999936,5,2,88.68999999999957,92.34749999999987,2,1.0
5,A,PREY,19,3554.109999999965,500,145.29399999999936,338,1,91.54692307692275,1.359999999999573,2,1.0
5,A,PREY,20,3674.0799999999563,500,145.29399999999936,5,1,90.60999999999964,2.3799999999996055,2,1.0
5,A,PREY,21,3993.999999999966,500,145.29399999999936,5,0,91.83399999999969,0.0,2,1.0
5,A,PREY,22,4393.899999999956,500,145.29399999999936,4,1,94.30749999999978,43.900000000001334,3,1.0
5,A,PREY,23,105.82999999999997,14,145.29399999999936,6,2,96.71499999999988,90.45999999999998,1,1.0
5,A,PREY,24,4433.88999999996,500,145.29399999999936,5,0,95.32599999999982,0.0,2,1.0
5,A,PREY,25,4113.969999999964,500,145.29399999999936,6,0,93.63999999999976,0.0,1,1.0
5,A,PREY,26,4033.989999999967,500,145.29399999999936,7,0,91.99857142857113,0.0,0,1.0
5,A,PREY,27,4513.869999999952,500,145.29399999999936,338,0,88.7884319526623,0.0,0,1.0
5,A,PREY,28,4393.899999999953,500,145.29399999999936,338,1,92.65594674556185,0.8199999999999916,2,1.0
5,A,PREY,29,4633.839999999944,500,145.29399999999936,338,0,91.15062130177482,0.0,0,1.0
5,A,PREY,30,2146.370000000001,209,145.29399999999936,5,2,88.39599999999956,39.77625000000017,2,1.0
5,A,PREY,31,1066.8900000000012,134,145.29399999999936,5,2,92.0619999999997,74.65874999999971,2,1.0
5,A,PREY,32,4553.859999999948,500,145.29399999999936,6,0,92.1449999999997,0.0,1,1.0
5,A,PREY,33,5313.669999999936,500,145.29399999999936,6,0,91.9999999999997,0.0,1,1.0
5,A,PREY,34,4833.789999999949,500,145.29399999999936,338,0,87.08863905325396,0.0,1,1.0
5,A,PREY,35,4673.8299999999535,500,145.29399999999936,5,1,94.41399999999979,17.29999999999978,2,1.0
5,A,PREY,36,867.4700000000009,131,145.29399999999936,6,2,89.7449999999996,54.3637500000002,1,1.0
5,A,PREY,37,3225.1599999999808,353,145.29399999999936,4,2,92.2449999999997,24.326250000000083,3,1.0
5,A,PREY,38,4793.799999999949,500,145.29399999999936,338,0,89.78473372781026,0.0,0,1.0
5,A,PREY,39,1746.8000000000018,176,145.29399999999936,6,2,91.9099999999997,37.24500000000019,1,1.0
5,A,PREY,40,5153.70999999994,500,145.29399999999936,338,0,93.10914201183407,0.0,0,1.0
5,A,PREY,41,1986.2100000000023,229,145.29399999999936,337,2,92.32572700296708,37.920000000000016,1,1.0
5,A,PREY,42,6033.489999999927,500,145.29399999999936,6,0,89.15499999999959,0.0,1,1.0
5,A,PREY,43,5313.669999999936,500,145.29399999999936,5,0,93.45399999999975,0.0,2,1.0
5,A,PREY,44,5113.719999999946,500,145.29399999999936,5,0,93.48399999999975,0.0,2,1.0
5,A,PREY,45,4673.829999999958,500,145.29399999999936,7,1,95.18285714285696,0.39999999999987135,0,1.0
5,A,PREY,46,5233.689999999942,500,145.29399999999936,7,0,91.76714285714255,0.0,0,1.0
5,A,PREY,47,6113.469999999938,500,145.29399999999936,5,0,96.53199999999987,0.0,2,1.0
5,A,PREY,48,2026.4200000000021,207,145.29399999999936,4,2,87.78249999999954,56.53124999999983,3,1.0
5,A,PREY,49,26.850000000000023,14,145.29399999999936,6,2,96.73999999999988,91.05999999999997,1,1.0
5,A,PREY,50,1546.9800000000012,113,145.29399999999936,5,2,91.63599999999968,80.68874999999966,2,1.0
5,A,PREY,51,2346.55,186,145.29399999999936,6,2,94.30499999999978,35.512500000000216,1,1.0
5,A,PREY,52,6433.389999999925,500,145.29399999999936,338,0,91.97544378698194,0.0,0,1.0
5,A,PREY,53,1827.6000000000015,144,145.29399999999936,119,2,84.34294117647055,46.586250000000206,1,1.0
5,A,PREY,54,5633.589999999935,500,145.29399999999936,7,0,93.65714285714262,0.0,0,1.0
5,A,PREY,55,108.73999999999992,23,145.29399999999936,6,2,94.7349999999998,87.66999999999999,1,1.0
5,A,PREY,56,1746.4800000000014,158,145.29399999999936,337,2,91.74842729970307,62.3887499999999,2,1.0
5,A,PREY,57,948.7000000000006,56,145.29399999999936,5,2,87.96399999999953,91.49749999999986,2,1.0
5,A,PREY,58,6273.429999999928,500,145.29399999999936,338,0,93.32056213017728,0.0,0,1.0
5,A,PREY,59,6873.279999999928,500,145.29399999999936,5,1,94.38999999999979,5.000000000000298,2,1.0
5,A,PREY,60,5953.509999999939,500,145.29399999999936,5,0,96.56799999999987,0.0,2,1.0
5,A,PREY,61,5953.509999999938,500,145.29399999999936,5,0,93.44799999999975,0.0,2,1.0
5,A,PREY,62,7233.189999999914,500,145.29399999999936,338,0,86.37760355029533,0.0,0,1.0
5,A,PREY,63,2307.259999999999,166,145.29399999999936,6,2,93.55999999999976,45.412500000000236,1,1.0
5,A,PREY,64,6713.319999999924,500,145.29399999999936,6,0,92.59999999999972,0.0,1,1.0
5,A,PREY,65,7633.089999999918,500,145.29399999999936,7,0,92.71857142857117,0.0,0,1.0
5,A,PREY,66,1867.7100000000014,132,145.29399999999936,5,2,90.36999999999964,60.85999999999999,2,1.0
5,A,PREY,67,6873.279999999921,500,145.29399999999936,6,0,88.36999999999955,0.0,1,1.0
5,A,PREY,68,2707.2099999999964,161,145.29399999999936,103,2,85.91640776699026,66.44624999999967,1,1.0
5,A,PREY,69,7833.039999999913,500,145.29399999999936,338,0,91.71973372781034,0.0,0,1.0
5,A,PREY,70,7793.049999999912,500,145.29399999999936,338,0,91.13677514792866,0.0,0,1.0
5,A,PREY,71,3344.1199999999903,304,145.29399999999936,337,2,89.89578635014799,23.970000000000134,1,1.0
5,A,PREY,72,2546.879999999995,198,145.29399999999936,337,2,89.39109792284826,42.172499999999964,1,1.0
5,A,PREY,73,6793.299999999926,500,145.29399999999936,338,0,93.04860946745534,0.0,1,1.0
5,A,PREY,74,6993.249999999922,500,145.29399999999936,338,1,91.45470414201152,14.899999999999775,1,1.0
5,A,PREY,75,6673.329999999937,500,145.29399999999936,7,0,93.31428571428546,0.0,0,1.0
5,A,PREY,76,842.0200000000011,126,145.29399999999936,3,2,85.20999999999944,83.93999999999984,4,1.0
5,A,PREY,77,146.83000000000004,13,145.29399999999936,9,2,97.45222222222216,89.76999999999998,1,1.0
5,A,PREY,78,7913.019999999909,500,145.29399999999936,7,0,94.11571428571406,0.0,0,1.0
5,A,PREY,79,2906.509999999996,176,145.29399999999936,337,2,91.06762611275954,53.07749999999993,1,1.0
5,A,PREY,80,7593.099999999917,500,145.29399999999936,338,0,90.71047337278073,0.0,2,1.0
5,A,PREY,81,7553.109999999924,500,145.29399999999936,7,0,91.71999999999969,0.0,0,1.0
5,A,PREY,82,7793.0499999999165,500,145.29399999999936,7,0,91.9899999999997,0.0,0,1.0
5,A,PREY,83,2347.0999999999985,131,145.29399999999936,5,2,87.27999999999952,65.56874999999994,2,1.0
5,A,PREY,84,6344.389999999921,500,145.29399999999936,338,1,91.04124260354996,96.63999999999999,6,1.0
5,A,PREY,85,2746.779999999994,153,145.29399999999936,19,2,91.51368421052622,37.4400000000003,1,1.0
5,A,PREY,86,8272.929999999908,500,145.29399999999936,6,0,90.65499999999963,0.0,1,1.0
5,A,PREY,87,7953.009999999911,500,145.29399999999936,6,0,93.12499999999973,0.0,1,1.0
5,A,PREY,88,9032.739999999902,500,145.29399999999936,7,0,92.8514285714283,0.0,0,1.0
5,A,PREY,89,8592.84999999991,500,145.29399999999936,5,0,94.20399999999978,0.0,2,1.0
5,A,PREY,90,7873.029999999923,500,145.29399999999936,6,0,94.08499999999977,0.0,1,1.0
5,A,PREY,91,8512.869999999912,500,145.29399999999936,6,0,94.06999999999978,0.0,1,1.0
5,A,PREY,92,3105.4999999999945,222,145.29399999999936,200,2,76.02704999999997,42.77624999999993,1,1.0
5,A,PREY,93,8832.789999999904,500,145.29399999999936,6,0,94.24999999999977,0.0,1,1.0
5,A,PREY,94,308.64000000000004,28,145.29399999999936,5,2,94.26999999999978,97.24499999999996,2,1.0
5,A,PREY,95,225.30000000000007,14,145.29399999999936,6,2,96.76499999999987,89.55999999999999,1,1.0
5,A,PREY,96,3581.2999999999893,230,145.29399999999936,337,2,87.58124629080072,39.98999999999995,2,1.0
5,A,PREY,97,8592.849999999904,500,145.29399999999936,7,0,93.62714285714262,0.0,0,1.0
5,A,PREY,98,7153.209999999929,500,145.29399999999936,338,0,87.62810650887528,0.0,0,1.0
5,A,PREY,99,8872.77999999991,500,145.29399999999936,7,0,93.68285714285689,0.0,0,1.0
5,A,PREY,100,68.33999999999999,14,145.29399999999936,6,2,96.76499999999989,89.55999999999999,1,1.0
5,A,PREY,101,8072.979999999915,500,145.29399999999936,6,0,92.65999999999973,0.0,1,1.0
5,A,PREY,102,9512.619999999899,500,145.29399999999936,5,0,97.82799999999992,0.0,2,1.0
5,A,PREY,103,8792.799999999903,500,145.29399999999936,7,0,91.5442857142854,0.0,0,1.0
5,A,PREY,104,1015.5800000000007,66,145.29399999999936,5,2,86.36199999999948,81.03999999999998,2,1.0
5,A,PREY,105,228.2000000000001,24,145.29399999999936,6,2,94.4149999999998,87.45999999999998,1,1.0
5,A,PREY,106,9312.669999999904,500,145.29399999999936,338,0,90.4847633136091,0.0,1,1.0
5,A,PREY,107,1332.280000000002,238,145.29399999999936,337,2,89.62955489614204,71.04999999999981,6,1.0
5,A,PREY,108,2307.0799999999986,184,145.29399999999936,6,2,93.68499999999976,33.086250000000256,1,1.0
5,A,PREY,109,9672.579999999896,500,145.29399999999936,7,0,92.34999999999971,0.0,0,1.0
5,A,PREY,110,2146.9100000000008,155,145.29399999999936,5,2,91.71399999999969,66.92249999999979,2,1.0
5,A,PREY,111,228.3,14,145.29399999999936,6,2,96.48999999999988,89.55999999999999,1,1.0
5,A,PREY,112,4026.4599999999928,203,145.29399999999936,6,2,87.41999999999952,36.206250000000146,1,1.0
5,A,PREY,113,9872.529999999893,500,145.29399999999936,338,0,86.05257396449652,0.0,1,1.0
5,A,PREY,114,9112.719999999901,500,145.29399999999936,338,0,87.15307692307644,0.0,0,1.0
5,A,PREY,115,9952.509999999897,500,145.29399999999936,5,1,94.8579999999998,0.7599999999996244,2,1.0
5,A,PREY,116,10232.439999999893,500,145.29399999999936,338,0,87.96068047337232,0.0,1,1.0
5,A,PREY,117,1985.3900000000017,211,145.29399999999936,5,2,91.22799999999968,37.79625000000014,2,1.0
5,A,PREY,118,10312.419999999893,500,145.29399999999936,338,0,91.42239644970383,0.0,0,1.0
5,A,PREY,119,9152.709999999899,500,145.29399999999936,6,0,95.38999999999983,0.0,1,1.0
5,A,PREY,120,144.81,15,145.29399999999936,6,2,96.21999999999986,90.39999999999998,1,1.0
5,A,PREY,121,10552.359999999888,500,145.29399999999936,7,0,95.50428571428554,0.0,0,1.0
5,A,PREY,122,9432.639999999894,500,145.29399999999936,338,0,92.30278106508847,0.0,0,1.0
5,A,PREY,123,5126.839999999957,337,145.29399999999936,337,1,90.88804154302636,100.0,5,1.0
5,A,PREY,124,9112.719999999907,500,145.29399999999936,338,0,91.4143195266269,0.0,1,1.0
5,A,PREY,125,4984.469999999975,278,145.29399999999936,5,2,94.8099999999998,34.15499999999996,2,1.0
5,A,PREY,126,29.320000000000004,17,145.29399999999936,5,2,95.73999999999984,99.16,2,1.0
5,A,PREY,127,10712.31999999989,500,145.29399999999936,7,0,93.13428571428547,0.0,0,1.0
5,A,PREY,128,4345.159999999989,275,145.29399999999936,5,2,87.70599999999953,32.6625,2,1.0
5,A,PREY,129,10352.409999999893,500,145.29399999999936,338,0,89.4412426035499,0.0,0,1.0
5,A,PREY,130,2347.21,170,145.29399999999936,4,2,90.18249999999964,57.20624999999997,3,1.0
5,A,PREY,131,11472.129999999883,500,145.29399999999936,5,0,96.27399999999986,0.0,2,1.0
5,A,PREY,132,8592.849999999915,500,145.29399999999936,338,0,92.32603550295829,0.0,4,1.0
5,A,PREY,133,9752.55999999991,500,145.29399999999936,338,0,91.5505621301772,0.0,0,1.0
5,A,PREY,134,9392.649999999905,500,145.29399999999936,338,0,85.85118343195214,0.0,3,1.0
5,A,PREY,135,9872.529999999904,500,145.29399999999936,6,1,94.6649999999998,5.079999999999429,1,1.0
5,A,PREY,136,10552.359999999897,500,145.29399999999936,338,0,86.63278106508825,0.0,0,1.0
5,A,PREY,137,2707.5699999999983,125,145.29399999999936,6,2,92.06999999999971,56.4487500000001,1,1.0
5,A,PREY,138,11032.239999999887,500,145.29399999999936,5,0,92.30199999999971,0.0,2,1.0
5,A,PREY,139,9072.729999999914,500,145.29399999999936,6,0,93.86999999999978,0.0,1,1.0
5,A,PREY,140,10112.469999999905,500,145.29399999999936,338,0,86.05816568047284,0.0,0,1.0
5,A,PREY,141,5265.10999999998,257,145.29399999999936,5,2,93.12999999999974,40.99249999999998,2,1.0
5,A,PREY,142,2747.389999999997,142,145.29399999999936,3,2,99.71999999999998,69.62625000000013,4,1.0
5,A,PREY,143,10792.299999999886,500,145.29399999999936,338,0,91.63781065088726,0.0,0,1.0
5,A,PREY,144,11472.129999999883,500,145.29399999999936,6,1,91.8699999999997,0.5000000000006445,1,1.0
5,A,PREY,145,9952.509999999907,500,145.29399999999936,338,0,92.9160059171595,0.0,1,1.0
5,A,PREY,146,11232.189999999884,500,145.29399999999936,338,0,90.27147928994047,0.0,1,1.0
5,A,PREY,147,10312.419999999902,500,145.29399999999936,7,0,95.6971428571427,0.0,0,1.0
5,A,PREY,148,10072.479999999901,500,145.29399999999936,6,0,94.7399999999998,0.0,1,1.0
5,A,PREY,149,3026.6199999999985,162,145.29399999999936,41,2,85.360243902439,40.15875000000022,1,1.0
5,A,PREY,150,11112.219999999887,500,145.29399999999936,338,0,93.75609467455597,0.0,0,1.0
5,A,PREY,151,4425.559999999988,183,145.29399999999936,6,2,90.81499999999966,36.20625000000021,1,1.0
5,A,PREY,152,11792.04999999988,500,145.29399999999936,7,0,92.89857142857116,0.0,0,1.0
5,A,PREY,153,3346.5099999999943,165,145.29399999999936,225,2,77.5201333333333,35.33250000000031,1,1.0
5,A,PREY,154,4825.6199999999835,217,145.29399999999936,337,2,92.30700296735891,58.619999999999784,3,1.0
5,A,PREY,155,1228.1500000000005,54,145.29399999999936,9,2,93.77888888888869,74.93999999999994,1,1.0
5,A,PREY,156,65.83999999999996,14,145.29399999999936,6,2,97.2949999999999,90.15999999999998,1,1.0
5,A,PREY,157,3706.8799999999965,169,145.29399999999936,6,2,92.83499999999974,53.03625000000002,1,1.0
5,A,PREY,158,12231.93999999988,500,145.29399999999936,338,0,91.14121301775114,0.0,2,1.0
5,A,PREY,159,2906.9699999999975,180,145.29399999999936,6,2,91.8349999999997,61.13249999999975,1,1.0
5,A,PREY,160,6065.019999999969,246,145.29399999999936,337,2,88.41198813056336,58.22249999999954,2,1.0
5,A,PREY,161,12191.949999999879,500,145.29399999999936,338,0,92.10751479289911,0.0,1,1.0
5,A,PREY,162,12191.949999999879,500,145.29399999999936,338,0,91.88890532544347,0.0,0,1.0
5,A,PREY,163,96.33000000000007,64,145.29399999999936,5,2,89.74599999999961,87.00999999999988,2,1.0
5,A,PREY,164,228.7700000000001,17,145.29399999999936,5,2,95.85999999999984,99.16,2,1.0
5,A,PREY,165,10792.299999999897,500,145.29399999999936,338,0,92.65150887573937,0.0,0,1.0
5,A,PREY,166,10912.269999999899,500,145.29399999999936,5,1,98.24799999999993,4.419999999999568,2,1.0
5,A,PREY,167,3906.5699999999956,195,145.29399999999936,5,2,89.85399999999962,34.406250000000185,2,1.0
5,A,PREY,168,12151.959999999879,500,145.29399999999936,7,1,92.72285714285685,2.3799999999995345,1,1.0
5,A,PREY,169,11432.13999999989,500,145.29399999999936,7,0,91.59142857142824,0.0,0,1.0
5,A,PREY,170,2107.0800000000004,139,145.29399999999936,21,2,96.56857142857135,39.352500000000305,1,1.0
5,A,PREY,171,425.7400000000002,15,145.29399999999936,6,2,96.73999999999988,89.35,1,1.0
5,A,PREY,172,12031.989999999885,500,145.29399999999936,338,0,89.76928994082803,0.0,4,1.0
5,A,PREY,173,12311.91999999988,500,145.29399999999936,5,1,92.0319999999997,34.5000000000008,2,1.0
5,A,PREY,174,5265.56999999998,211,145.29399999999936,2,2,89.84499999999962,53.34000000000004,5,1.0
5,A,PREY,175,12591.849999999877,500,145.29399999999936,338,0,85.6493491124255,0.0,0,1.0
5,A,PREY,176,9712.56999999991,500,145.29399999999936,338,1,92.87275147928968,99.16,10,1.0
5,A,PREY,177,11672.07999999988,500,145.29399999999936,7,0,94.50571428571409,0.0,0,1.0
5,A,PREY,178,12591.849999999875,500,145.29399999999936,338,0,92.2789053254435,0.0,0,1.0
5,A,PREY,179,11112.219999999897,500,145.29399999999936,338,1,87.66254437869776,5.140000000000075,4,1.0
5,A,PREY,180,11952.00999999989,500,145.29399999999936,5,0,94.5699999999998,0.0,2,1.0
5,A,PREY,181,12191.949999999884,500,145.29399999999936,5,1,95.72799999999984,15.600000000000705,2,1.0
5,A,PREY,182,11592.09999999989,500,145.29399999999936,7,0,93.88428571428548,0.0,0,1.0
5,A,PREY,183,11872.029999999886,500,145.29399999999936,338,1,92.80532544378671,49.20000000000052,2,1.0
5,A,PREY,184,11912.019999999891,500,145.29399999999936,4,1,93.58749999999975,27.000000000000718,3,1.0
5,A,PREY,185,13111.719999999872,500,145.29399999999936,338,0,88.51230769230725,0.0,1,1.0
5,A,PREY,186,10992.249999999898,500,145.29399999999936,338,0,91.83103550295827,0.0,0,1.0
5,A,PREY,187,5418.899999999975,274,145.29399999999936,3,2,95.67999999999984,56.81999999999958,4,1.0
5,A,PREY,188,11991.99999999988,500,145.29399999999936,4,1,92.37999999999971,40.90000000000122,3,1.0
5,A,PREY,189,12031.989999999892,500,145.29399999999936,6,1,96.25499999999987,2.600000000000665,1,1.0
5,A,PREY,190,12591.849999999875,500,145.29399999999936,338,0,92.4744378698222,0.0,1,1.0
5,A,PREY,191,11792.049999999894,500,145.29399999999936,338,0,91.83227810650857,0.0,1,1.0
5,A,PREY,192,2267.4899999999993,144,145.29399999999936,337,2,90.80747774480687,64.63624999999988,2,1.0
5,A,PREY,193,188.7800000000001,17,145.29399999999936,6,2,95.70499999999983,91.32999999999996,1,1.0
5,A,PREY,194,12151.959999999883,500,145.29399999999936,338,0,93.66822485207076,0.0,0,1.0
5,A,PREY,195,12551.859999999882,500,145.29399999999936,338,1,92.27065088757367,2.379999999999595,1,1.0
5,A,PREY,196,107.72000000000001,25,145.29399999999936,5,3,93.84999999999977,57.931666666666665,3,1.0
5,A,PREY,197,2587.689999999999,116,145.29399999999936,5,2,90.39999999999964,67.84624999999988,2,1.0
5,A,PREY,198,4746.409999999985,190,145.29399999999936,337,2,91.8957566765577,44.81625000000011,1,1.0
5,A,PREY,199,14191.449999999868,500,145.29399999999936,338,1,88.59044378698182,99.50749999999971,7,1.0
5,A,PREY,200,12191.949999999886,500,145.29399999999936,5,0,94.7199999999998,0.0,2,1.0
5,A,PREY,201,12631.839999999882,500,145.29399999999936,338,0,92.39109467455592,0.0,0,1.0
5,A,PREY,202,13511.61999999987,500,145.29399999999936,6,0,87.85499999999955,0.0,1,1.0
5,A,PREY,203,11991.999999999889,500,145.29399999999936,338,1,86.78233727810601,7.899999999999298,1,1.0
5,A,PREY,204,11912.019999999886,500,145.29399999999936,5,0,98.63199999999995,0.0,2,1.0
5,A,PREY,205,12151.959999999883,500,145.29399999999936,7,0,90.74714285714252,0.0,0,1.0
5,A,PREY,206,3505.459999999999,216,145.29399999999936,5,2,90.21999999999963,41.89875000000004,2,1.0
5,A,PREY,207,388.77000000000015,13,145.29399999999936,6,2,97.00999999999988,90.36999999999998,1,1.0
5,A,PREY,208,14151.459999999865,500,145.29399999999936,7,0,90.61857142857106,0.0,0,1.0
5,A,PREY,209,13951.509999999867,500,145.29399999999936,6,0,91.23999999999967,0.0,1,1.0
5,A,PREY,210,13071.729999999878,500,145.29399999999936,7,0,94.47999999999979,0.0,0,1.0
5,A,PREY,211,109.31999999999996,15,145.29399999999936,6,2,96.46999999999987,89.35,1,1.0
5,A,PREY,212,13151.709999999877,500,145.29399999999936,7,0,91.6642857142854,0.0,0,1.0
5,A,PREY,213,12231.939999999886,500,145.29399999999936,338,1,87.55591715976284,88.1525000000005,7,1.0
5,A,PREY,214,14471.379999999863,500,145.29399999999936,338,0,92.05976331360915,0.0,1,1.0
5,A,PREY,215,108.33999999999999,13,145.29399999999936,6,2,96.75999999999988,89.76999999999998,1,1.0
5,A,PREY,216,12911.769999999882,500,145.29399999999936,5,0,90.27399999999963,0.0,2,1.0
5,A,PREY,217,13511.61999999987,500,145.29399999999936,338,0,92.0094378698222,0.0,1,1.0
5,A,PREY,218,12431.889999999888,500,145.29399999999936,338,0,87.49248520710012,0.0,0,1.0
5,A,PREY,219,13991.499999999865,500,145.29399999999936,5,0,91.85199999999969,0.0,2,1.0
5,A,PREY,220,14311.419999999865,500,145.29399999999936,6,0,92.94499999999975,0.0,1,1.0
5,A,PREY,221,12551.85999999989,500,145.29399999999936,7,0,92.41428571428541,0.0,0,1.0
5,A,PREY,222,12951.75999999988,500,145.29399999999936,338,0,92.76680473372753,0.0,0,1.0
5,A,PREY,223,1303.390000000001,128,145.29399999999936,337,2,90.69178041542992,91.71999999999976,4,1.0
5,A,PREY,224,14071.479999999869,500,145.29399999999936,5,1,94.16799999999978,10.100000000000222,2,1.0
5,A,PREY,225,13471.62999999987,500,145.29399999999936,7,0,94.80571428571409,0.0,0,1.0
5,A,PREY,226,13351.659999999882,500,145.29399999999936,5,0,91.9539999999997,0.0,2,1.0
5,A,PREY,227,13671.579999999874,500,145.29399999999936,338,0,91.46242603550263,0.0,0,1.0
5,A,PREY,228,2467.1499999999996,123,145.29399999999936,6,2,87.46499999999952,49.22250000000027,1,1.0
5,A,PREY,229,5826.089999999977,195,145.29399999999936,337,2,86.93943620177991,79.34624999999996,5,1.0
5,A,PREY,230,9743.649999999921,341,145.29399999999936,4,1,93.42999999999975,43.39249999999995,3,1.0
5,A,PREY,231,3186.0299999999966,117,145.29399999999936,6,2,89.11999999999959,62.009999999999934,1,1.0
5,A,PREY,232,14271.429999999866,500,145.29399999999936,338,1,89.0871597633132,85.71999999999994,10,1.0
5,A,PREY,233,12671.829999999885,500,145.29399999999936,7,0,96.77714285714274,0.0,0,1.0
5,A,PREY,234,13831.539999999874,500,145.29399999999936,6,0,94.37999999999978,0.0,1,1.0
5,A,PREY,235,4466.0299999999925,185,145.29399999999936,337,2,92.25424332344186,68.84624999999954,2,1.0
5,A,PREY,236,14031.489999999865,500,145.29399999999936,6,1,96.29999999999986,0.27999999999962266,1,1.0
5,A,PREY,237,13111.71999999988,500,145.29399999999936,338,0,90.61071005917125,0.0,1,1.0
5,A,PREY,238,12911.769999999882,500,145.29399999999936,338,0,85.98076923076869,0.0,2,1.0
5,A,PREY,239,13711.569999999872,500,145.29399999999936,7,0,88.95999999999958,0.0,1,1.0
5,A,PREY,240,5625.289999999978,230,145.29399999999936,5,2,89.4939999999996,40.229999999999976,2,1.0
5,A,PREY,241,9263.869999999928,331,145.29399999999936,5,1,93.92799999999977,46.084999999999674,2,1.0
5,A,PREY,242,14111.469999999867,500,145.29399999999936,7,0,91.28285714285683,0.0,0,1.0
5,A,PREY,243,12511.86999999989,500,145.29399999999936,7,0,94.44142857142836,0.0,0,1.0
5,A,PREY,244,3706.739999999997,183,145.29399999999936,4,2,93.54999999999976,52.25625,3,1.0
5,A,PREY,245,15391.14999999986,500,145.29399999999936,338,0,92.32967455621274,0.0,0,1.0
5,A,PREY,246,14871.27999999986,500,145.29399999999936,338,0,93.9604142011832,0.0,1,1.0
5,A,PREY,247,11821.649999999892,489,145.29399999999936,337,1,89.97955489614205,58.87250000000024,7,1.0
5,A,PREY,248,15471.129999999855,500,145.29399999999936,5,0,95.46999999999983,0.0,2,1.0
5,A,PREY,249,13151.709999999883,500,145.29399999999936,5,0,88.37199999999956,0.0,2,1.0
5,A,PREY,250,3667.139999999999,144,145.29399999999936,337,2,92.80765578635,52.186250000000335,2,1.0
5,A,PREY,251,14911.26999999986,500,145.29399999999936,338,1,93.75766272189324,83.17249999999969,8,1.0
5,A,PREY,252,14311.419999999873,500,145.29399999999936,338,0,93.5650887573962,0.0,1,1.0
5,A,PREY,253,13991.49999999987,500,145.29399999999936,2,1,98.91999999999996,17.079999999999885,5,1.0
5,A,PREY,254,13591.599999999877,500,145.29399999999936,338,0,92.06757396449675,0.0,0,1.0
5,A,PREY,255,4663.789999999989,204,145.29399999999936,337,2,92.46670623145374,49.154999999999944,1,1.0
5,A,PREY,256,2867.4599999999996,132,145.29399999999936,5,2,90.05799999999962,72.44624999999982,2,1.0
5,A,PREY,257,15231.189999999857,500,145.29399999999936,6,0,94.9299999999998,0.0,1,1.0
5,A,PREY,258,14991.249999999862,500,145.29399999999936,338,0,86.31982248520659,0.0,0,1.0
5,A,PREY,259,107.20000000000005,27,145.29399999999936,6,2,94.61999999999979,88.97624999999994,1,1.0
5,A,PREY,260,14671.329999999869,500,145.29399999999936,338,0,92.39517751479262,0.0,0,1.0
5,A,PREY,261,14591.349999999864,500,145.29399999999936,7,0,95.7271428571427,0.0,1,1.0
5,A,PREY,262,5306.179999999983,199,145.29399999999936,3,2,93.04999999999973,68.93624999999986,4,1.0
5,A,PREY,263,4185.369999999994,158,145.29399999999936,6,2,94.17499999999977,63.787499999999795,1,1.0
5,A,PREY,264,15791.049999999856,500,145.29399999999936,338,0,92.97556213017725,0.0,1,1.0
5,A,PREY,265,13991.499999999873,500,145.29399999999936,6,0,95.27999999999982,0.0,1,1.0
5,A,PREY,266,13671.579999999876,500,145.29399999999936,6,0,92.47999999999972,0.0,1,1.0
5,A,PREY,267,68.81000000000003,17,145.29399999999936,6,2,95.67999999999984,88.92999999999998,1,1.0
5,A,PREY,268,11792.0499999999,500,145.29399999999936,338,2,88.95136094674514,49.49750000000006,15,1.0
5,A,PREY,269,7663.369999999951,271,145.29399999999936,337,2,85.58347181008847,46.23125000000023,3,1.0
5,A,PREY,270,6178.459999999971,199,145.29399999999936,6,2,91.19999999999966,35.07000000000022,1,1.0
5,A,PREY,271,15311.169999999856,500,145.29399999999936,6,0,91.70499999999969,0.0,1,1.0
5,A,PREY,272,14391.39999999987,500,145.29399999999936,3,1,95.43999999999983,47.30000000000142,4,1.0
5,A,PREY,273,14071.479999999872,500,145.29399999999936,6,1,95.24999999999982,2.019999999999566,2,1.0
5,A,PREY,274,14911.269999999866,500,145.29399999999936,7,0,93.18571428571404,0.0,0,1.0
5,A,PREY,275,14591.349999999868,500,145.29399999999936,338,0,92.8376331360944,0.0,0,1.0
5,A,PREY,276,66.82,16,145.29399999999936,6,3,95.97499999999984,51.09333333333333,1,1.0
5,A,PREY,277,13111.719999999888,500,145.29399999999936,5,0,93.05199999999974,0.0,2,1.0
5,A,PREY,278,15671.079999999856,500,145.29399999999936,7,0,91.42428571428539,0.0,0,1.0
5,A,PREY,279,15031.239999999863,500,145.29399999999936,338,0,91.15497041420085,0.0,0,1.0
5,A,PREY,280,468.39000000000016,49,145.29399999999936,6,2,88.41499999999957,78.3524999999999,1,1.0
5,A,PREY,281,1866.3300000000006,120,145.29399999999936,337,2,92.63329376854595,62.66624999999989,1,1.0
5,A,PREY,282,7383.8799999999555,277,145.29399999999936,5,2,88.07199999999955,29.460000000000004,2,1.0
5,A,PREY,283,4466.399999999993,148,145.29399999999936,6,2,89.9349999999996,36.438750000000276,1,1.0
5,A,PREY,284,1702.9100000000008,66,145.29399999999936,3,2,85.44999999999943,99.37,4,1.0
5,A,PREY,285,13671.579999999874,500,145.29399999999936,338,0,92.33588757396421,0.0,1,1.0
5,A,PREY,286,16070.979999999854,500,145.29399999999936,338,0,90.92091715976309,0.0,1,1.0
5,A,PREY,287,15431.13999999986,500,145.29399999999936,338,0,91.72568047337248,0.0,1,1.0
5,A,PREY,288,25.330000000000034,16,145.29399999999936,6,2,96.17499999999986,89.13999999999999,1,1.0
5,A,PREY,289,868.2500000000005,53,145.29399999999936,6,2,90.40999999999964,78.47249999999988,1,1.0
5,A,PREY,290,14351.40999999987,500,145.29399999999936,7,0,92.93714285714259,0.0,0,1.0
5,A,PREY,291,15351.15999999986,500,145.29399999999936,5,1,94.15599999999978,7.2000000000006645,2,1.0
5,A,PREY,292,15391.149999999861,500,145.29399999999936,7,0,89.8857142857139,0.0,0,1.0
5,A,PREY,293,9223.579999999933,311,145.29399999999936,337,2,87.98789317507372,47.08875000000004,4,1.0
5,A,PREY,294,15711.069999999856,500,145.29399999999936,7,0,91.1885714285711,0.0,0,1.0
5,A,PREY,295,13951.509999999878,500,145.29399999999936,338,0,90.8847041420115,0.0,0,1.0
5,A,PREY,296,14751.309999999867,500,145.29399999999936,338,0,90.31603550295821,0.0,0,1.0
5,A,PREY,297,7704.759999999953,281,145.29399999999936,3,2,86.38999999999949,48.29500000000024,5,1.0
5,A,PREY,298,15351.159999999856,500,145.29399999999936,338,1,92.06029585798787,18.40000000000024,4,1.0
5,A,PREY,299,65.84,14,145.29399999999936,6,2,96.63999999999987,90.60999999999999,1,1.0
5,A,PREY,300,1241.9900000000011,119,145.29399999999936,4,2,85.93749999999946,71.56000000000007,3,1.0
5,A,PREY,301,16270.929999999853,500,145.29399999999936,6,0,91.8199999999997,0.0,1,1.0
5,A,PREY,302,16230.939999999851,500,145.29399999999936,4,1,95.00499999999981,18.30000000000088,3,1.0
5,A,PREY,303,14551.359999999866,500,145.29399999999936,7,0,92.36285714285687,0.0,1,1.0
5,A,PREY,304,14751.309999999869,500,145.29399999999936,5,0,89.4639999999996,0.0,2,1.0
5,A,PREY,305,15191.199999999864,500,145.29399999999936,338,0,91.4593195266269,0.0,1,1.0
5,A,PREY,306,5106.349999999987,187,145.29399999999936,5,2,86.9499999999995,38.325000000000216,2,1.0
5,A,PREY,307,16070.979999999852,500,145.29399999999936,6,0,97.69999999999992,0.0,1,1.0
5,A,PREY,308,7702.7799999999515,279,145.29399999999936,5,2,88.14999999999955,43.70249999999991,2,1.0
5,A,PREY,309,16950.759999999853,500,145.29399999999936,338,2,92.01281065088727,11.951249999999437,2,1.0
5,A,PREY,310,2827.0899999999997,120,145.29399999999936,5,2,89.22999999999959,78.00124999999967,2,1.0
5,A,PREY,311,8224.579999999944,286,145.29399999999936,337,2,85.28050445103801,44.83499999999981,3,1.0
5,A,PREY,312,15871.029999999855,500,145.29399999999936,6,0,95.58999999999985,0.0,1,1.0
5,A,PREY,313,5666.389999999979,169,145.29399999999936,2,2,90.87999999999965,82.01625000000004,5,1.0
5,A,PREY,314,16510.869999999857,500,145.29399999999936,338,0,91.71316568047305,0.0,0,1.0
5,A,PREY,315,16070.979999999852,500,145.29399999999936,338,0,90.65375739644935,0.0,0,1.0
5,A,PREY,316,15631.089999999855,500,145.29399999999936,338,0,92.59976331360923,0.0,0,1.0
5,A,PREY,317,68.77999999999993,20,145.29399999999936,6,2,95.26999999999981,88.29999999999998,1,1.0
5,A,PREY,318,14511.369999999872,500,145.29399999999936,7,0,92.33714285714257,0.0,0,1.0
5,A,PREY,319,8303.879999999948,304,145.29399999999936,4,2,92.1549999999997,37.432499999999784,3,1.0
5,A,PREY,320,13141.619999999888,409,145.29399999999936,4,1,83.81499999999939,29.41999999999971,3,1.0
5,A,PREY,321,2976.029999999994,122,145.29399999999936,4,2,86.38749999999949,71.23000000000003,3,1.0
5,A,PREY,322,16830.789999999848,500,145.29399999999936,5,0,92.34399999999971,0.0,2,1.0
5,A,PREY,323,15871.029999999857,500,145.29399999999936,338,0,85.98831360946693,0.0,0,1.0
5,A,PREY,324,6011.459999999967,253,145.29399999999936,337,2,86.45436201780365,27.63375000000007,1,1.0
5,A,PREY,325,17310.669999999853,500,145.29399999999936,5,0,90.79599999999965,0.0,2,1.0
5,A,PREY,326,15871.029999999857,500,145.29399999999936,4,0,93.66999999999976,0.0,3,1.0
5,A,PREY,327,15271.179999999866,500,145.29399999999936,7,0,92.89428571428546,0.0,0,1.0
5,A,PREY,328,15751.059999999861,500,145.29399999999936,338,0,88.95355029585757,0.0,1,1.0
5,A,PREY,329,16270.929999999853,500,145.29399999999936,338,1,92.9620710059169,1.5999999999998238,0,1.0
5,A,PREY,330,14751.30999999987,500,145.29399999999936,338,1,88.355414201183,91.59999999999997,8,1.0
5,A,PREY,331,16590.849999999853,500,145.29399999999936,7,0,95.09714285714267,0.0,0,1.0
5,A,PREY,332,15431.139999999861,500,145.29399999999936,7,0,92.615714285714,0.0,0,1.0
5,A,PREY,333,15591.099999999862,500,145.29399999999936,7,0,93.55428571428547,0.0,0,1.0
5,A,PREY,334,108.73999999999995,23,145.29399999999936,6,2,94.58499999999981,88.71999999999997,1,1.0
5,A,PREY,335,17070.72999999986,500,145.29399999999936,5,0,93.29799999999975,0.0,2,1.0
5,A,PREY,336,16030.989999999852,500,145.29399999999936,7,0,95.1399999999998,0.0,0,1.0
5,A,PREY,337,5266.069999999984,211,145.29399999999936,5,2,88.96599999999958,57.94624999999999,2,1.0
5,A,PREY,338,17150.70999999985,500,145.29399999999936,338,1,92.54384615384588,3.8799999999995203,2,1.0
5,A,PREY,339,15191.199999999864,500,145.29399999999936,338,0,91.4266568047334,0.0,1,1.0
5,A,PREY,340,15831.03999999986,500,145.29399999999936,4,1,94.45749999999978,32.50000000000067,3,1.0
5,A,PREY,341,16310.919999999855,500,145.29399999999936,338,0,91.75639053254406,0.0,0,1.0
5,A,PREY,342,2107.98,99,145.29399999999936,6,3,92.10999999999972,27.37916666666676,1,1.0
5,A,PREY,343,16190.949999999859,500,145.29399999999936,338,0,92.45375739644942,0.0,0,1.0
5,A,PREY,344,16630.839999999855,500,145.29399999999936,5,0,92.41599999999971,0.0,2,1.0
5,A,PREY,345,5985.609999999977,239,145.29399999999936,337,2,92.84311572700274,43.336249999999986,2,1.0
5,A,PREY,346,5346.089999999985,157,145.29399999999936,337,2,91.45234421364962,55.992499999999886,2,1.0
5,A,PREY,347,15657.579999999854,500,145.29399999999936,338,1,89.20130177514753,87.81999999999995,11,1.0
5,A,PREY,348,16310.919999999855,500,145.29399999999936,338,0,91.9610650887571,0.0,0,1.0
5,A,PREY,349,16550.85999999985,500,145.29399999999936,338,0,93.31745562130152,0.0,1,1.0
5,A,PREY,350,174.79000000000002,66,145.29399999999936,5,2,84.51999999999941,79.68999999999997,2,1.0
5,B,PREDATOR,1,-12.279999999999996,228,8.884666666666499,337,2,71.05320474777444,60.4687500000002,101,62.7
5,B,PREDATOR,2,-12.209999999999997,221,8.884666666666499,5,2,87.43599999999952,25.42000000000007,1,62.7
5,B,PREDATOR,3,-12.199999999999998,220,8.884666666666499,5,2,86.37399999999948,34.71999999999993,1,62.7
5,B,PREDATOR,4,-12.179999999999998,218,8.884666666666499,1,2,91.74999999999969,52.059999999999874,8,62.7
5,B,PREDATOR,5,-12.239999999999997,224,8.884666666666499,4,2,94.7424999999998,35.76999999999985,2,62.7
5,B,PREDATOR,6,-12.319999999999995,232,8.884666666666499,6,2,90.73499999999966,21.460000000000086,0,62.7
5,B,PREDATOR,7,-12.239999999999997,224,8.884666666666499,6,2,91.18999999999967,13.420000000000258,0,62.7
5,B,PREDATOR,8,-12.209999999999997,221,8.884666666666499,337,2,78.93059347181004,81.50999999999974,61,62.7
5,B,PREDATOR,9,-12.189999999999998,219,8.884666666666499,337,2,82.74795252225512,30.751250000000145,2,62.7
5,B,PREDATOR,10,-12.209999999999997,221,8.884666666666499,4,2,89.4249999999996,38.349999999999724,2,62.7
5,B,PREDATOR,11,-12.279999999999996,228,8.884666666666499,4,2,92.45499999999971,27.700000000000045,2,62.7
5,B,PREDATOR,12,-12.239999999999997,224,8.884666666666499,337,2,92.71658753709173,37.92999999999973,1,62.7
5,B,PREDATOR,13,-12.259999999999996,226,8.884666666666499,337,2,72.35071216617207,55.69000000000014,89,62.7
5,B,PREDATOR,14,-12.239999999999997,224,8.884666666666499,3,2,92.0399999999997,59.62000000000001,5,62.7
5,B,PREDATOR,15,-11.31,131,8.884666666666499,3,3,90.81999999999965,32.15250000000027,3,62.7
5,B,PREDATOR,16,11.794999999999662,287,8.884666666666499,3,2,90.71999999999964,38.4399999999996,3,62.7
5,B,PREDATOR,17,-12.209999999999997,221,8.884666666666499,3,2,91.73999999999968,42.76750000000042,3,62.7
5,B,PREDATOR,18,-12.229999999999997,223,8.884666666666499,6,2,89.82499999999963,19.390000000000164,0,62.7
5,B,PREDATOR,19,9.611666666666258,283,8.884666666666499,4,2,92.72499999999972,8.65000000000019,2,62.7
5,B,PREDATOR,20,-12.239999999999997,224,8.884666666666499,299,2,66.06802675585283,44.75375000000008,2,62.7
5,B,PREDATOR,21,-12.279999999999996,228,8.884666666666499,4,2,96.36999999999986,64.23874999999917,2,62.7
5,B,PREDATOR,22,-12.239999999999997,224,8.884666666666499,3,2,85.69999999999946,63.519999999999584,3,62.7
5,B,PREDATOR,23,11.843333333332899,274,8.884666666666499,1,2,94.23999999999978,45.72999999999969,5,62.7
5,B,PREDATOR,24,-12.269999999999996,227,8.884666666666499,5,2,89.67999999999961,43.80999999999968,1,62.7
5,B,PREDATOR,25,-12.379999999999994,238,8.884666666666499,4,2,94.92999999999981,29.739999999999903,2,62.7
5,B,PREDATOR,26,-12.189999999999998,219,8.884666666666499,337,2,92.58136498516296,31.17999999999997,1,62.7
5,B,PREDATOR,27,-12.379999999999994,238,8.884666666666499,1,3,91.11999999999966,23.447500000000176,5,62.7
5,B,PREDATOR,28,-12.219999999999997,222,8.884666666666499,3,2,92.65999999999973,66.41499999999917,3,62.7
5,B,PREDATOR,29,-12.369999999999994,237,8.884666666666499,337,2,83.44706231453995,55.03000000000014,68,62.7
5,B,PREDATOR,30,-12.269999999999996,227,8.884666666666499,5,2,91.9839999999997,24.1900000000001,1,62.7
5,B,PREDATOR,31,-12.339999999999995,234,8.884666666666499,4,2,91.10499999999966,19.870000000000182,2,62.7
5,B,PREDATOR,32,-12.239999999999997,224,8.884666666666499,3,2,89.67999999999961,29.058750000000167,3,62.7
5,B,PREDATOR,33,-12.249999999999996,225,8.884666666666499,26,2,85.75461538461533,22.035000000000352,1,62.7
5,B,PREDATOR,34,-12.309999999999995,231,8.884666666666499,337,2,71.12483679525221,40.12499999999961,2,62.7
5,B,PREDATOR,35,-12.239999999999997,224,8.884666666666499,3,2,90.56999999999964,62.986249999999565,3,62.7
5,B,PREDATOR,36,-12.339999999999995,234,8.884666666666499,5,2,91.75599999999969,31.184999999999963,1,62.7
5,B,PREDATOR,37,-12.259999999999996,226,8.884666666666499,337,2,92.18130563798199,61.50375000000021,14,62.7
5,B,PREDATOR,38,-12.409999999999993,241,8.884666666666499,5,2,87.22599999999952,12.970000000000226,1,62.7
5,B,PREDATOR,39,-12.259999999999996,226,8.884666666666499,337,2,92.44142433234394,47.919999999999646,3,62.7
5,B,PREDATOR,40,-12.219999999999997,222,8.884666666666499,337,2,89.56023738872383,27.459999999999972,0,62.7
5,B,PREDATOR,41,-12.209999999999997,221,8.884666666666499,4,2,89.81499999999961,43.36499999999971,2,62.7
5,B,PREDATOR,42,12.261666666666242,270,8.884666666666499,4,2,92.48499999999972,9.67000000000025,2,62.7
5,B,PREDATOR,43,-12.279999999999996,228,8.884666666666499,4,2,90.19749999999962,65.48249999999908,2,62.7
5,B,PREDATOR,44,-12.319999999999995,232,8.884666666666499,337,2,84.20106824925806,60.574999999999164,2,62.7
5,B,PREDATOR,45,-12.349999999999994,235,8.884666666666499,337,2,89.68922848664667,20.650000000000006,1,62.7
5,B,PREDATOR,46,-12.269999999999996,227,8.884666666666499,5,2,89.69799999999961,19.150000000000155,1,62.7
5,B,PREDATOR,47,-12.339999999999995,234,8.884666666666499,4,2,91.77999999999969,39.28624999999984,2,62.7
5,B,PREDATOR,48,-12.299999999999995,230,8.884666666666499,337,3,81.99468842729961,11.891666666666758,2,62.7
5,B,PREDATOR,49,-12.209999999999997,221,8.884666666666499,308,2,63.52084415584415,15.580000000000194,0,62.7
5,B,PREDATOR,50,-12.349999999999994,235,8.884666666666499,337,2,88.40774480712155,19.600000000000033,0,62.7
5,B,PREDATOR,51,11.133333333332983,291,8.884666666666499,5,2,91.6119999999997,8.680000000000199,1,62.7
5,B,PREDATOR,52,-12.259999999999996,226,8.884666666666499,4,2,88.62999999999957,26.486250000000183,2,62.7
5,B,PREDATOR,53,11.52333333333287,297,8.884666666666499,337,2,92.0419881305635,19.023749999999957,2,62.7
5,B,PREDATOR,54,-12.169999999999998,217,8.884666666666499,1,2,93.51999999999975,61.48000000000006,5,62.7
5,B,PREDATOR,55,10.798333333332868,284,8.884666666666499,337,2,88.40925816023721,8.770000000000262,1,62.7
5,B,PREDATOR,56,-12.289999999999996,229,8.884666666666499,4,2,93.36999999999975,39.532499999999786,2,62.7
5,B,PREDATOR,57,-12.199999999999998,220,8.884666666666499,4,2,91.25499999999967,57.96749999999945,2,62.7
5,B,PREDATOR,58,-12.329999999999995,233,8.884666666666499,5,2,87.25599999999952,17.980000000000114,1,62.7
5,B,PREDATOR,59,-12.209999999999997,221,8.884666666666499,3,2,91.31999999999967,61.480000000000004,52,62.7
5,B,PREDATOR,60,-12.179999999999998,218,8.884666666666499,4,2,89.55249999999961,69.90499999999906,2,62.7
5,B,PREDATOR,61,-12.219999999999997,222,8.884666666666499,337,2,69.19308605341244,45.40624999999983,2,62.7
5,B,PREDATOR,62,-12.189999999999998,219,8.884666666666499,337,2,73.37311572700294,57.76000000000005,106,62.7
5,B,PREDATOR,63,-12.239999999999997,224,8.884666666666499,3,2,87.68999999999953,70.78499999999934,3,62.7
5,B,PREDATOR,64,-12.189999999999998,219,8.884666666666499,3,2,92.43999999999971,53.86124999999963,3,62.7
5,B,PREDATOR,65,11.503333333332884,281,8.884666666666499,1,2,84.48999999999941,38.79750000000018,5,62.7
5,B,PREDATOR,66,-12.219999999999997,222,8.884666666666499,5,2,93.31599999999975,45.57999999999959,1,62.7
5,B,PREDATOR,67,-12.289999999999996,229,8.884666666666499,5,2,91.44399999999968,40.25999999999972,1,62.7
5,B,PREDATOR,68,-12.389999999999993,239,8.884666666666499,2,2,91.04499999999966,51.03999999999981,4,62.7
5,B,PREDATOR,69,-12.259999999999996,226,8.884666666666499,307,2,68.18280130293161,39.948749999999606,1,62.7
5,B,PREDATOR,70,-12.259999999999996,226,8.884666666666499,337,2,66.71712166172108,19.61250000000018,1,62.7
5,B,PREDATOR,71,-12.199999999999998,220,8.884666666666499,337,2,92.44637982195822,55.41999999999956,3,62.7
5,B,PREDATOR,72,-12.259999999999996,226,8.884666666666499,337,2,70.86459940652817,40.41999999999978,1,62.7
5,B,PREDATOR,73,-12.269999999999996,227,8.884666666666499,4,2,92.34999999999971,39.07125000000008,2,62.7
5,B,PREDATOR,74,-12.199999999999998,220,8.884666666666499,337,2,81.95694362017797,40.989999999999924,2,62.7
5,B,PREDATOR,75,34.29000000000027,342,8.884666666666499,2,1,86.07999999999947,60.69999999999912,4,62.7
5,B,PREDATOR,76,-12.389999999999993,239,8.884666666666499,4,2,85.14249999999944,37.539999999999964,2,62.7
5,B,PREDATOR,77,-12.309999999999995,231,8.884666666666499,5,2,93.32799999999975,48.01874999999954,1,62.7
5,B,PREDATOR,78,-12.489999999999991,249,8.884666666666499,5,2,90.94599999999966,45.05624999999957,1,62.7
5,B,PREDATOR,79,9.65249999999953,319,8.884666666666499,3,2,95.54999999999984,9.190000000000108,4,62.7
5,B,PREDATOR,80,-12.319999999999995,232,8.884666666666499,337,2,83.934302670623,17.110000000000223,0,62.7
5,B,PREDATOR,81,10.987499999999622,307,8.884666666666499,3,2,86.63999999999949,29.829999999999814,3,62.7
5,B,PREDATOR,82,-12.429999999999993,243,8.884666666666499,5,2,87.80799999999954,41.66999999999956,1,62.7
5,B,PREDATOR,83,31.405000000000406,339,8.884666666666499,337,2,90.74100890207686,60.45999999999987,182,62.7
5,B,PREDATOR,84,-12.399999999999993,240,8.884666666666499,337,2,90.51807121661699,22.30000000000009,0,62.7
5,B,PREDATOR,85,-12.409999999999993,241,8.884666666666499,3,2,84.78999999999942,61.37624999999968,3,62.7
5,B,PREDATOR,86,-12.229999999999997,223,8.884666666666499,5,2,90.96999999999966,34.77999999999982,1,62.7
5,B,PREDATOR,87,-12.249999999999996,225,8.884666666666499,4,2,90.59499999999964,44.61999999999968,2,62.7
5,B,PREDATOR,88,28.98916666666672,361,8.884666666666499,1,2,82.95999999999935,29.061250000000005,5,62.7
5,B,PREDATOR,89,-12.249999999999996,225,8.884666666666499,5,2,92.1519999999997,39.24749999999995,1,62.7
5,B,PREDATOR,90,31.32416666666689,370,8.884666666666499,1,2,93.93999999999977,30.039999999999704,5,62.7
5,B,PREDATOR,91,-12.469999999999992,247,8.884666666666499,11,2,94.91272727272711,54.25000000000014,7,62.7
5,B,PREDATOR,92,-12.409999999999993,241,8.884666666666499,4,2,93.09999999999974,30.667500000000118,2,62.7
5,B,PREDATOR,93,-12.289999999999996,229,8.884666666666499,337,2,91.99192878338249,42.772499999999596,1,62.7
5,B,PREDATOR,94,-12.359999999999994,236,8.884666666666499,5,2,89.6079999999996,47.1899999999996,1,62.7
5,B,PREDATOR,95,54.42416666666514,486,8.884666666666499,1,1,96.75999999999988,27.119999999998665,5,62.7
5,B,PREDATOR,96,8.427499999999656,314,8.884666666666499,3,2,90.27999999999963,32.701249999999575,3,62.7
5,B,PREDATOR,97,33.281666666666936,354,8.884666666666499,337,1,90.80824925815989,1.7200000000002555,2,62.7
5,B,PREDATOR,98,-12.389999999999993,239,8.884666666666499,337,2,91.53112759643895,57.91000000000007,8,62.7
5,B,PREDATOR,99,-12.55999999999999,256,8.884666666666499,337,2,77.84997032640942,52.719999999999956,3,62.7
5,B,PREDATOR,100,-12.209999999999997,221,8.884666666666499,4,2,86.7249999999995,41.289999999999736,2,62.7
5,B,PREDATOR,101,-12.329999999999995,233,8.884666666666499,337,2,76.7755786350148,22.000000000000185,1,62.7
5,B,PREDATOR,102,-12.439999999999992,244,8.884666666666499,6,2,83.47999999999938,12.070000000000274,0,62.7
5,B,PREDATOR,103,-12.259999999999996,226,8.884666666666499,337,2,87.45943620178022,96.93999999999988,72,62.7
5,B,PREDATOR,104,-12.269999999999996,227,8.884666666666499,4,2,88.57749999999956,39.9412499999997,2,62.7
5,B,PREDATOR,105,-12.289999999999996,229,8.884666666666499,3,2,87.71999999999953,72.9249999999991,3,62.7
5,B,PREDATOR,106,-12.179999999999998,218,8.884666666666499,4,2,90.65499999999965,47.49999999999988,2,62.7
5,B,PREDATOR,107,-12.189999999999998,219,8.884666666666499,185,2,71.45486486486486,23.073750000000157,1,62.7
5,B,PREDATOR,108,-12.459999999999992,246,8.884666666666499,337,2,85.52848664688416,14.68000000000022,0,62.7
5,B,PREDATOR,109,-12.189999999999998,219,8.884666666666499,4,2,84.77499999999942,37.299999999999756,2,62.7
5,B,PREDATOR,110,8.66333333333282,295,8.884666666666499,4,2,92.63499999999972,32.41124999999956,2,62.7
5,B,PREDATOR,111,-12.469999999999992,247,8.884666666666499,5,2,93.14799999999975,32.28999999999985,1,62.7
5,B,PREDATOR,112,-12.429999999999993,243,8.884666666666499,5,3,92.1519999999997,15.831666666666566,1,62.7
5,B,PREDATOR,113,-12.509999999999991,251,8.884666666666499,0,2,0.0,51.310000000000045,6,62.7
5,B,PREDATOR,114,-12.159999999999998,216,8.884666666666499,5,2,86.53599999999949,40.689999999999834,1,62.7
5,B,PREDATOR,115,-12.229999999999997,223,8.884666666666499,337,2,77.66934718100887,14.740000000000272,0,62.7
5,B,PREDATOR,116,-12.189999999999998,219,8.884666666666499,337,2,67.51946587537091,14.920000000000247,0,62.7
5,B,PREDATOR,117,-12.51999999999999,252,8.884666666666499,6,2,90.82499999999965,13.360000000000177,0,62.7
5,B,PREDATOR,118,10.787499999999666,273,8.884666666666499,337,2,93.10732937685438,54.820000000000135,138,62.7
5,B,PREDATOR,119,-12.199999999999998,220,8.884666666666499,337,2,87.74023738872386,62.05000000000008,127,62.7
5,B,PREDATOR,120,-12.389999999999993,239,8.884666666666499,93,2,81.55989247311825,20.61999999999997,1,62.7
5,B,PREDATOR,121,10.86083333333289,271,8.884666666666499,5,2,90.70599999999965,15.580000000000062,1,62.7
5,B,PREDATOR,122,32.0508333333336,327,8.884666666666499,2,2,84.3399999999994,34.17999999999946,4,62.7
5,B,PREDATOR,123,-12.339999999999995,234,8.884666666666499,337,2,91.76560830860504,52.81000000000005,3,62.7
5,B,PREDATOR,124,-12.51999999999999,252,8.884666666666499,4,2,87.29499999999953,28.150000000000034,2,62.7
5,B,PREDATOR,125,-12.309999999999995,231,8.884666666666499,5,2,93.42399999999975,54.30999999999936,1,62.7
5,B,PREDATOR,126,-12.249999999999996,225,8.884666666666499,1,2,92.76999999999973,56.7399999999998,42,62.7
5,B,PREDATOR,127,-12.459999999999992,246,8.884666666666499,5,2,94.10799999999978,44.69999999999995,1,62.7
5,B,PREDATOR,128,-12.479999999999992,248,8.884666666666499,4,2,91.07499999999966,24.215000000000337,2,62.7
5,B,PREDATOR,129,-12.509999999999991,251,8.884666666666499,337,2,80.83255192878333,31.98999999999993,1,62.7
5,B,PREDATOR,130,-12.489999999999991,249,8.884666666666499,4,2,87.83499999999954,40.3649999999996,2,62.7
5,B,PREDATOR,131,-12.619999999999989,262,8.884666666666499,3,2,89.5599999999996,50.13999999999986,3,62.7
5,B,PREDATOR,132,-12.429999999999993,243,8.884666666666499,2,2,97.68999999999991,56.48249999999989,4,62.7
5,B,PREDATOR,133,-12.639999999999988,264,8.884666666666499,337,2,90.0030267062313,47.42749999999973,2,62.7
5,B,PREDATOR,134,12.248333333332903,274,8.884666666666499,5,2,89.99199999999962,11.620000000000168,1,62.7
5,B,PREDATOR,135,-12.189999999999998,219,8.884666666666499,2,2,88.89999999999958,67.29874999999923,4,62.7
5,B,PREDATOR,136,-12.229999999999997,223,8.884666666666499,5,2,87.98799999999954,38.37999999999967,1,62.7
5,B,PREDATOR,137,-12.209999999999997,221,8.884666666666499,8,2,92.06749999999968,12.130000000000265,0,62.7
5,B,PREDATOR,138,-12.239999999999997,224,8.884666666666499,337,2,85.60596439169127,14.110000000000225,1,62.7
5,B,PREDATOR,139,-12.209999999999997,221,8.884666666666499,5,2,90.99999999999966,23.970000000000226,1,62.7
5,B,PREDATOR,140,-12.329999999999995,233,8.884666666666499,3,2,92.30999999999972,64.97624999999947,3,62.7
5,B,PREDATOR,141,10.058333333332866,277,8.884666666666499,0,2,0.0,43.32999999999985,6,62.7
5,B,PREDATOR,142,-12.58999999999999,259,8.884666666666499,337,2,82.04112759643904,28.119999999999948,1,62.7
5,B,PREDATOR,143,11.64666666666645,342,8.884666666666499,4,1,91.25499999999967,37.88749999999936,2,62.7
5,B,PREDATOR,144,-12.489999999999991,249,8.884666666666499,4,2,88.58499999999957,36.2975000000001,2,62.7
5,B,PREDATOR,145,-12.259999999999996,226,8.884666666666499,4,3,89.86749999999962,32.199999999999825,2,62.7
5,B,PREDATOR,146,-12.459999999999992,246,8.884666666666499,4,2,92.65749999999971,52.9899999999994,2,62.7
5,B,PREDATOR,147,-12.58999999999999,259,8.884666666666499,5,2,89.2839999999996,39.13124999999978,1,62.7
5,B,PREDATOR,148,-12.309999999999995,231,8.884666666666499,3,2,92.83999999999973,48.969999999999835,3,62.7
5,B,PREDATOR,149,-12.839999999999984,284,8.884666666666499,5,2,83.82399999999939,21.794999999999956,1,62.7
5,B,PREDATOR,150,-12.289999999999996,229,8.884666666666499,337,2,84.18774480712146,14.770000000000227,0,62.7
5,B,PREDATOR,151,-12.339999999999995,234,8.884666666666499,4,2,91.9899999999997,51.2499999999998,2,62.7
5,B,PREDATOR,152,55.594999999998855,366,8.884666666666499,2,1,91.77999999999969,14.97999999999959,4,62.7
5,B,PREDATOR,153,10.940833333332863,290,8.884666666666499,4,2,94.26999999999978,27.49499999999989,2,62.7
5,B,PREDATOR,154,-12.639999999999988,264,8.884666666666499,5,2,88.74999999999957,20.559999999999945,1,62.7
5,B,PREDATOR,155,7.318333333332744,335,8.884666666666499,1,2,84.1299999999994,38.919999999999696,8,62.7
5,B,PREDATOR,156,11.564166666666301,306,8.884666666666499,3,2,90.63999999999965,39.224999999999504,3,62.7
5,B,PREDATOR,157,-12.709999999999987,271,8.884666666666499,305,2,64.55822950819672,56.68000000000005,16,62.7
5,B,PREDATOR,158,-12.409999999999993,241,8.884666666666499,6,2,90.20999999999962,18.58000000000009,0,62.7
5,B,PREDATOR,159,-11.4,140,8.884666666666499,2,3,84.1149999999994,53.81583333333316,4,62.7
5,B,PREDATOR,160,-12.259999999999996,226,8.884666666666499,337,2,79.01023738872392,12.280000000000223,0,62.7
5,B,PREDATOR,161,11.443333333332992,356,8.884666666666499,4,1,82.66749999999934,16.78250000000023,2,62.7
5,B,PREDATOR,162,-12.699999999999987,270,8.884666666666499,3,2,91.71999999999969,48.31749999999946,3,62.7
5,B,PREDATOR,163,9.840833333332911,325,8.884666666666499,4,2,89.19999999999959,27.479999999999613,2,62.7
5,B,PREDATOR,164,-12.55999999999999,256,8.884666666666499,337,2,93.27272997032622,29.332499999999847,1,62.7
5,B,PREDATOR,165,-12.359999999999994,236,8.884666666666499,337,2,67.94783382789316,30.648749999999968,2,62.7
5,B,PREDATOR,166,-12.469999999999992,247,8.884666666666499,337,2,81.08626112759639,19.660000000000053,0,62.7
5,B,PREDATOR,167,9.968333333332852,286,8.884666666666499,5,2,90.96999999999966,10.480000000000237,1,62.7
5,B,PREDATOR,168,11.694999999999611,324,8.884666666666499,3,2,92.92999999999972,10.060000000000155,3,62.7
5,B,PREDATOR,169,-12.53999999999999,254,8.884666666666499,337,2,92.46094955489588,17.752500000000282,1,62.7
5,B,PREDATOR,170,31.803333333333505,353,8.884666666666499,3,2,91.56999999999967,9.61125000000003,3,62.7
5,B,PREDATOR,171,10.380833333332815,319,8.884666666666499,5,2,87.22599999999952,5.770000000000231,1,62.7
5,B,PREDATOR,172,-12.209999999999997,221,8.884666666666499,3,2,88.33999999999956,53.91625000000007,3,62.7
5,B,PREDATOR,173,-12.269999999999996,227,8.884666666666499,3,2,91.19999999999966,42.54999999999974,3,62.7
5,B,PREDATOR,174,-12.639999999999988,264,8.884666666666499,3,2,89.8099999999996,45.032499999999885,3,62.7
5,B,PREDATOR,175,-12.199999999999998,220,8.884666666666499,5,2,90.26199999999963,26.973750000000244,1,62.7
5,B,PREDATOR,176,-12.489999999999991,249,8.884666666666499,2,2,95.07999999999981,58.96000000000002,4,62.7
5,B,PREDATOR,177,-12.339999999999995,234,8.884666666666499,3,2,92.1999999999997,60.999999999999446,3,62.7
5,B,PREDATOR,178,-12.199999999999998,220,8.884666666666499,337,2,79.27946587537087,15.850000000000206,0,62.7
5,B,PREDATOR,179,9.347499999999465,306,8.884666666666499,337,2,91.37905044510353,1.7800000000002907,1,62.7
5,B,PREDATOR,180,10.78083333333293,339,8.884666666666499,4,2,87.14499999999951,14.853750000000002,2,62.7
5,B,PREDATOR,181,-12.359999999999994,236,8.884666666666499,6,2,91.08999999999968,20.230000000000093,0,62.7
5,B,PREDATOR,182,51.44250000000025,422,8.884666666666499,2,1,86.46999999999949,1.5399999999998357,4,62.7
5,B,PREDATOR,183,-12.159999999999998,216,8.884666666666499,6,2,88.13999999999955,15.580000000000233,0,62.7
5,B,PREDATOR,184,-12.389999999999993,239,8.884666666666499,337,2,90.06495548961406,48.05999999999964,3,62.7
5,B,PREDATOR,185,12.116666666666228,283,8.884666666666499,3,2,87.13999999999952,24.939999999999795,3,62.7
5,B,PREDATOR,186,-12.189999999999998,219,8.884666666666499,4,2,91.18749999999966,39.39374999999987,2,62.7
5,B,PREDATOR,187,-12.219999999999997,222,8.884666666666499,337,2,92.0256676557861,15.310000000000178,0,62.7
5,B,PREDATOR,188,-12.169999999999998,217,8.884666666666499,6,2,93.14999999999975,15.910000000000263,0,62.7
5,B,PREDATOR,189,-12.199999999999998,220,8.884666666666499,4,2,93.62499999999976,51.93999999999991,2,62.7
5,B,PREDATOR,190,-12.179999999999998,218,8.884666666666499,6,2,94.11999999999978,22.240000000000123,0,62.7
5,B,PREDATOR,191,-12.669999999999987,267,8.884666666666499,4,2,90.00999999999962,35.45374999999964,2,62.7
5,B,PREDATOR,192,-12.839999999999984,284,8.884666666666499,5,2,92.33199999999971,21.135000000000034,1,62.7
5,B,PREDATOR,193,8.564166666666216,336,8.884666666666499,337,2,92.22154302670594,30.68749999999956,3,62.7
5,B,PREDATOR,194,-12.829999999999984,283,8.884666666666499,337,2,85.3587537091987,8.74000000000027,0,62.7
5,B,PREDATOR,195,29.588333333333658,399,8.884666666666499,3,1,87.79999999999954,4.872500000000012,3,62.7
5,B,PREDATOR,196,10.730833333332791,338,8.884666666666499,2,2,83.70999999999938,42.21999999999965,4,62.7
5,B,PREDATOR,197,-12.239999999999997,224,8.884666666666499,5,2,89.72199999999961,18.850000000000193,1,62.7
5,B,PREDATOR,198,-12.199999999999998,220,8.884666666666499,322,2,64.24555900621115,17.200000000000227,0,62.7
5,B,PREDATOR,199,9.319999999999615,281,8.884666666666499,337,2,90.99350148367918,12.88000000000012,1,62.7
5,B,PREDATOR,200,7.942499999999429,328,8.884666666666499,2,2,95.67999999999984,47.82999999999903,4,62.7
5,B,PREDATOR,201,-12.939999999999982,294,8.884666666666499,3,2,91.48999999999967,23.921250000000093,3,62.7
5,B,PREDATOR,202,-12.199999999999998,220,8.884666666666499,337,2,75.74694362017802,17.800000000000267,0,62.7
5,B,PREDATOR,203,-12.51999999999999,252,8.884666666666499,3,2,95.31999999999982,56.97999999999925,3,62.7
5,B,PREDATOR,204,-12.259999999999996,226,8.884666666666499,6,2,90.00999999999961,11.38000000000027,0,62.7
5,B,PREDATOR,205,-12.209999999999997,221,8.884666666666499,4,2,86.62749999999949,41.96999999999989,2,62.7
5,B,PREDATOR,206,-12.639999999999988,264,8.884666666666499,5,2,88.02999999999955,10.635000000000185,1,62.7
5,B,PREDATOR,207,-12.54999999999999,255,8.884666666666499,2,2,89.4399999999996,70.2099999999993,4,62.7
5,B,PREDATOR,208,-12.239999999999997,224,8.884666666666499,3,2,91.59999999999968,73.66374999999911,3,62.7
5,B,PREDATOR,209,-12.209999999999997,221,8.884666666666499,3,2,93.15999999999974,68.01999999999954,3,62.7
5,B,PREDATOR,210,54.904999999998246,453,8.884666666666499,2,1,91.46499999999968,11.127499999999413,4,62.7
5,B,PREDATOR,211,-12.639999999999988,264,8.884666666666499,1,2,80.67999999999927,77.91999999999945,13,62.7
5,B,PREDATOR,212,-12.249999999999996,225,8.884666666666499,337,2,78.3474480712165,37.419999999999746,2,62.7
5,B,PREDATOR,213,7.583333333332783,314,8.884666666666499,1,2,91.59999999999968,39.07499999999958,5,62.7
5,B,PREDATOR,214,-12.289999999999996,229,8.884666666666499,5,2,84.92199999999943,21.840000000000327,1,62.7
5,B,PREDATOR,215,-12.169999999999998,217,8.884666666666499,337,2,78.99056379821953,25.210000000000058,1,62.7
5,B,PREDATOR,216,-12.659999999999988,266,8.884666666666499,5,2,88.52799999999957,33.43500000000007,1,62.7
5,B,PREDATOR,217,34.36750000000047,388,8.884666666666499,337,2,86.38332344213633,100.0,334,62.7
5,B,PREDATOR,218,-12.53999999999999,254,8.884666666666499,337,2,86.01130563798208,9.520000000000243,0,62.7
5,B,PREDATOR,219,-12.259999999999996,226,8.884666666666499,3,2,88.56999999999955,66.20249999999932,3,62.7
5,B,PREDATOR,220,10.733333333332764,358,8.884666666666499,2,1,88.62999999999957,73.60999999999878,4,62.7
5,B,PREDATOR,221,-12.729999999999986,273,8.884666666666499,4,2,87.76749999999953,26.967500000000214,2,62.7
5,B,PREDATOR,222,10.370833333332735,374,8.884666666666499,337,1,92.56347181008874,22.92000000000004,3,62.7
5,B,PREDATOR,223,-12.709999999999987,271,8.884666666666499,3,2,92.51999999999971,50.70374999999953,5,62.7
5,B,PREDATOR,224,370.63750000000203,500,8.884666666666499,0,42,0.0,50.77327380952329,699,62.7
5,B,PREDATOR,225,-12.57999999999999,258,8.884666666666499,4,2,92.73999999999972,38.25999999999976,2,62.7
5,B,PREDATOR,226,-12.859999999999983,286,8.884666666666499,337,2,91.38382789317478,59.44000000000007,233,62.7
5,B,PREDATOR,227,9.705833333332764,346,8.884666666666499,3,2,96.91999999999989,11.566250000000373,3,62.7
5,B,PREDATOR,228,-12.149999999999999,215,8.884666666666499,3,2,93.71999999999976,53.61624999999969,3,62.7
5,B,PREDATOR,229,-12.219999999999997,222,8.884666666666499,6,2,88.09999999999955,34.20999999999991,0,62.7
5,B,PREDATOR,230,57.44249999999881,413,8.884666666666499,337,1,92.52973293768518,9.93999999999978,3,62.7
5,B,PREDATOR,231,-12.299999999999995,230,8.884666666666499,337,2,82.51673590504443,99.39999999999998,75,62.7
5,B,PREDATOR,232,-12.189999999999998,219,8.884666666666499,5,2,88.13799999999955,45.427499999999576,1,62.7
5,B,PREDATOR,233,-12.159999999999998,216,8.884666666666499,6,2,86.4249999999995,24.880000000000063,0,62.7
5,B,PREDATOR,234,27.72750000000009,311,8.884666666666499,2,3,84.80499999999942,17.021666666666533,4,62.7
5,B,PREDATOR,235,-12.819999999999984,282,8.884666666666499,0,2,0.0,47.740000000000066,9,62.7
5,B,PREDATOR,236,-12.289999999999996,229,8.884666666666499,2,2,87.71499999999953,48.54999999999996,4,62.7
5,B,PREDATOR,237,11.293333333332983,291,8.884666666666499,337,2,89.56747774480672,39.189999999999465,2,62.7
5,B,PREDATOR,238,-12.329999999999995,233,8.884666666666499,337,2,89.15106824925796,55.12000000000014,119,62.7
5,B,PREDATOR,239,33.38000000000031,357,8.884666666666499,4,2,93.24999999999974,1.3600000000001824,2,62.7
5,B,PREDATOR,240,-12.58999999999999,259,8.884666666666499,337,2,83.077181008902,17.62000000000008,0,62.7
5,B,PREDATOR,241,8.011666666666082,341,8.884666666666499,337,2,90.38931750741804,7.989999999999948,2,62.7
5,B,PREDATOR,242,-12.389999999999993,239,8.884666666666499,337,3,92.998308605341,7.444166666666796,1,62.7
5,B,PREDATOR,243,8.935833333332758,342,8.884666666666499,0,2,0.0,38.67999999999958,6,62.7
5,B,PREDATOR,244,-13.159999999999977,316,8.884666666666499,4,2,95.73249999999985,31.509999999999597,2,62.7
5,B,PREDATOR,245,9.815833333332707,389,8.884666666666499,2,2,88.16499999999955,19.20249999999971,4,62.7
5,B,PREDATOR,246,34.74250000000062,460,8.884666666666499,337,0,91.03827893175041,0.0,3,62.7
5,B,PREDATOR,247,10.89833333333277,355,8.884666666666499,337,1,90.58943620178009,28.05499999999982,2,62.7
5,B,PREDATOR,248,10.055833333332705,392,8.884666666666499,2,2,93.96999999999977,15.86500000000036,4,62.7
5,B,PREDATOR,249,-12.639999999999988,264,8.884666666666499,2,3,86.10999999999947,13.535833333333391,4,62.7
5,B,PREDATOR,250,-12.649999999999988,265,8.884666666666499,337,2,88.39178041542984,9.550000000000267,0,62.7
5,B,PREDATOR,251,-11.870000000000001,187,8.884666666666499,5,3,91.36599999999967,20.120000000000175,1,62.7
5,B,PREDATOR,252,-12.759999999999986,276,8.884666666666499,5,2,88.60599999999957,15.776250000000257,1,62.7
5,B,PREDATOR,253,-12.859999999999983,286,8.884666666666499,6,2,89.91499999999962,12.730000000000224,0,62.7
5,B,PREDATOR,254,-12.509999999999991,251,8.884666666666499,6,2,89.7449999999996,8.380000000000294,0,62.7
5,B,PREDATOR,255,-12.189999999999998,219,8.884666666666499,337,2,85.65783382789303,70.50999999999988,125,62.7
5,B,PREDATOR,256,-12.259999999999996,226,8.884666666666499,5,2,85.75599999999946,16.090000000000234,1,62.7
5,B,PREDATOR,257,-12.209999999999997,221,8.884666666666499,2,2,89.5749999999996,56.80000000000004,4,62.7
5,B,PREDATOR,258,-12.199999999999998,220,8.884666666666499,337,2,85.70353115726994,27.615000000000357,1,62.7
5,B,PREDATOR,259,-12.629999999999988,263,8.884666666666499,5,2,88.14999999999955,20.115000000000197,1,62.7
5,B,PREDATOR,260,8.56833333333275,345,8.884666666666499,3,2,94.3899999999998,24.248749999999802,3,62.7
5,B,PREDATOR,261,-12.509999999999991,251,8.884666666666499,337,2,83.3139169139465,35.7999999999998,2,62.7
5,B,PREDATOR,262,11.256666666666218,276,8.884666666666499,3,2,84.1899999999994,18.768750000000185,3,62.7
5,B,PREDATOR,263,-12.53999999999999,254,8.884666666666499,6,2,92.50999999999972,17.020000000000064,0,62.7
5,B,PREDATOR,264,-12.719999999999986,272,8.884666666666499,6,2,89.55499999999961,13.660000000000043,0,62.7
5,B,PREDATOR,265,-12.739999999999986,274,8.884666666666499,5,2,93.45999999999975,36.28499999999954,1,62.7
5,B,PREDATOR,266,-12.409999999999993,241,8.884666666666499,4,2,91.16499999999967,49.809999999999725,2,62.7
5,B,PREDATOR,267,62.46166666666568,500,8.884666666666499,337,1,89.07234421364943,0.024999999999393396,3,62.7
5,B,PREDATOR,268,9.391666666666149,308,8.884666666666499,2,2,90.68499999999965,34.836250000000064,4,62.7
5,B,PREDATOR,269,-12.309999999999995,231,8.884666666666499,3,2,88.03999999999955,54.37249999999976,3,62.7
5,B,PREDATOR,270,-12.149999999999999,215,8.884666666666499,4,2,88.31499999999956,30.13000000000004,2,62.7
5,B,PREDATOR,271,-12.209999999999997,221,8.884666666666499,2,2,94.8249999999998,60.96999999999949,4,62.7
5,B,PREDATOR,272,11.503333333333002,281,8.884666666666499,278,2,63.55658273381294,16.480000000000047,1,62.7
5,B,PREDATOR,273,-12.839999999999984,284,8.884666666666499,337,2,91.6107715133529,51.85000000000014,165,62.7
5,B,PREDATOR,274,11.79666666666627,330,8.884666666666499,337,2,89.83836795252188,24.219999999999644,2,62.7
5,B,PREDATOR,275,86.09249999999831,500,8.884666666666499,1,2,90.63999999999965,35.434999999998965,5,62.7
5,B,PREDATOR,276,10.096666666666154,311,8.884666666666499,3,2,87.0899999999995,33.27999999999961,3,62.7
5,B,PREDATOR,277,-12.409999999999993,241,8.884666666666499,4,3,89.4849999999996,8.117500000000101,2,62.7
5,B,PREDATOR,278,8.203333333332752,341,8.884666666666499,5,2,92.2599999999997,5.080000000000181,1,62.7
5,B,PREDATOR,279,-12.129999999999999,213,8.884666666666499,3,2,87.84999999999953,56.91874999999943,3,62.7
5,B,PREDATOR,280,-11.3,130,8.884666666666499,6,3,93.00333333333312,35.69083333333347,1,62.7
5,B,PREDATOR,281,-12.379999999999994,238,8.884666666666499,337,2,84.18522255192859,16.240000000000208,0,62.7
5,B,PREDATOR,282,-12.739999999999986,274,8.884666666666499,1,2,91.08999999999966,52.0312499999998,5,62.7
5,B,PREDATOR,283,-12.839999999999984,284,8.884666666666499,337,2,89.85367952522216,41.25999999999975,3,62.7
5,B,PREDATOR,284,-12.409999999999993,241,8.884666666666499,2,2,92.96499999999973,54.45000000000003,4,62.7
5,B,PREDATOR,285,8.754999999999422,381,8.884666666666499,2,2,86.27499999999948,12.708749999999952,4,62.7
5,B,PREDATOR,286,-12.329999999999995,233,8.884666666666499,4,2,84.10749999999939,50.50624999999969,2,62.7
5,B,PREDATOR,287,-12.789999999999985,279,8.884666666666499,3,2,88.34999999999957,44.718749999999645,3,62.7
5,B,PREDATOR,288,10.368333333332865,285,8.884666666666499,1,2,99.15999999999997,45.579999999999906,5,62.7
5,B,PREDATOR,289,2254.5183333333293,500,8.884666666666499,337,1,91.80543026706208,100.0,93,62.7
5,B,PREDATOR,290,9.888333333332765,348,8.884666666666499,5,1,92.01999999999971,15.039999999999806,1,62.7
5,B,PREDATOR,291,-13.089999999999979,309,8.884666666666499,4,2,83.8824999999994,21.41000000000026,2,62.7
5,B,PREDATOR,292,-12.309999999999995,231,8.884666666666499,337,2,81.26994065281893,39.33374999999982,1,62.7
5,B,PREDATOR,293,-12.219999999999997,222,8.884666666666499,3,2,94.23999999999978,77.01999999999929,3,62.7
5,B,PREDATOR,294,8.025833333332768,325,8.884666666666499,4,2,90.21999999999963,18.49499999999999,2,62.7
5,B,PREDATOR,295,10.640833333332816,320,8.884666666666499,3,2,90.37999999999964,54.82249999999907,3,62.7
5,B,PREDATOR,296,33.78083333333398,397,8.884666666666499,2,2,85.62999999999946,18.84999999999956,4,62.7
5,B,PREDATOR,297,11.663333333332831,319,8.884666666666499,5,2,92.81799999999973,9.820000000000094,1,62.7
5,B,PREDATOR,298,-12.959999999999981,296,8.884666666666499,337,2,83.61890207715123,11.380000000000168,0,62.7
5,B,PREDATOR,299,-12.809999999999985,281,8.884666666666499,5,2,86.6199999999995,29.90624999999985,1,62.7
5,B,PREDATOR,300,-12.859999999999983,286,8.884666666666499,337,2,92.94729970326387,11.080000000000233,0,62.7
5,B,PREDATOR,301,81.61166666666499,394,8.884666666666499,1,1,83.67999999999938,15.999999999999561,6,62.7
5,B,PREDATOR,302,32.67000000000022,371,8.884666666666499,3,2,90.08999999999962,18.093749999999535,3,62.7
5,B,PREDATOR,303,-12.149999999999999,215,8.884666666666499,337,2,74.5000890207715,34.660000000000025,2,62.7
5,B,PREDATOR,304,-12.929999999999982,293,8.884666666666499,4,2,90.64749999999964,19.51000000000006,2,62.7
5,B,PREDATOR,305,-12.12,212,8.884666666666499,337,2,91.12534124629056,66.13,25,62.7
5,B,PREDATOR,306,-12.299999999999995,230,8.884666666666499,5,2,89.99799999999962,39.399999999999736,1,62.7
5,B,PREDATOR,307,11.008333333332905,344,8.884666666666499,337,2,92.77317507418371,15.817500000000097,2,62.7
5,B,PREDATOR,308,-13.389999999999972,339,8.884666666666499,4,1,89.91999999999962,66.75999999999883,2,62.7
5,B,PREDATOR,309,-12.699999999999987,270,8.884666666666499,337,2,75.40922848664685,53.9500000000001,116,62.7
5,B,PREDATOR,310,8.056666666666063,353,8.884666666666499,4,2,89.34249999999959,10.779999999999912,2,62.7
5,B,PREDATOR,311,-12.279999999999996,228,8.884666666666499,6,2,85.81999999999947,13.54000000000023,0,62.7
5,B,PREDATOR,312,10.80416666666614,328,8.884666666666499,4,2,88.49499999999956,9.369999999999973,2,62.7
5,B,PREDATOR,313,-12.55999999999999,256,8.884666666666499,2,2,95.79999999999984,50.43999999999968,4,62.7
5,B,PREDATOR,314,5291.722499999985,500,8.884666666666499,337,1,90.42706231453988,100.0,212,62.7
5,B,PREDATOR,315,-12.209999999999997,221,8.884666666666499,337,2,83.0889020771512,59.140000000000114,135,62.7
5,B,PREDATOR,316,32.68250000000039,369,8.884666666666499,1,2,81.27999999999929,32.049999999999656,5,62.7
5,B,PREDATOR,317,-12.689999999999987,269,8.884666666666499,3,2,87.70999999999954,51.09999999999954,3,62.7
5,B,PREDATOR,318,-12.139999999999999,214,8.884666666666499,4,2,90.55749999999964,48.36374999999969,2,62.7
5,B,PREDATOR,319,-12.189999999999998,219,8.884666666666499,3,2,90.91999999999966,75.37124999999962,3,62.7
5,B,PREDATOR,320,10.705833333332846,300,8.884666666666499,4,2,89.64249999999961,14.283750000000053,2,62.7
5,B,PREDATOR,321,-12.659999999999988,266,8.884666666666499,337,2,90.54367952522222,19.029999999999937,0,62.7
5,B,PREDATOR,322,-12.219999999999997,222,8.884666666666499,6,2,92.0799999999997,17.560000000000194,0,62.7
5,B,PREDATOR,323,114.58249999999795,500,8.884666666666499,1,1,94.5999999999998,32.80000000000019,5,62.7
5,B,PREDATOR,324,-13.159999999999977,316,8.884666666666499,3,2,94.7999999999998,52.39499999999948,3,62.7
5,B,PREDATOR,325,-12.959999999999981,296,8.884666666666499,337,2,90.67827893175038,12.280000000000117,0,62.7
5,B,PREDATOR,326,-12.58999999999999,259,8.884666666666499,337,2,81.5177448071215,44.228749999999586,2,62.7
5,B,PREDATOR,327,5560.357499999964,500,8.884666666666499,337,3,91.35142433234398,68.98333333333322,580,62.7
5,B,PREDATOR,328,11.140833333332742,378,8.884666666666499,2,2,92.2449999999997,18.209999999999802,4,62.7
5,B,PREDATOR,329,9.840833333332613,454,8.884666666666499,1,2,84.39999999999941,10.485000000000538,5,62.7
5,B,PREDATOR,330,87.6749999999985,500,8.884666666666499,1,2,91.47999999999968,14.307500000000092,5,62.7
5,B,PREDATOR,331,8.085833333332777,319,8.884666666666499,337,2,92.11474777448042,28.833749999999565,2,62.7
5,B,PREDATOR,332,-12.659999999999988,266,8.884666666666499,5,2,85.39599999999945,7.360000000000211,1,62.7
5,B,PREDATOR,333,-12.629999999999988,263,8.884666666666499,4,2,90.06999999999962,35.94874999999988,2,62.7
5,B,PREDATOR,334,-12.389999999999993,239,8.884666666666499,337,2,90.17961424332309,22.870000000000047,0,62.7
5,B,PREDATOR,335,4963.424999999972,500,8.884666666666499,337,1,75.53359050445039,100.0,228,62.7
5,B,PREDATOR,336,7.706666666665933,442,8.884666666666499,3,1,95.58999999999985,20.149999999999725,3,62.7
5,B,PREDATOR,337,-12.58999999999999,259,8.884666666666499,3,2,85.75999999999947,45.459999999999496,3,62.7
5,B,PREDATOR,338,-11.950000000000001,195,8.884666666666499,4,3,88.70499999999957,27.20416666666692,2,62.7
5,B,PREDATOR,339,10.208333333332737,370,8.884666666666499,5,0,86.28999999999948,0.0,1,62.7
5,B,PREDATOR,340,-12.99999999999998,300,8.884666666666499,337,2,92.41430267062289,65.24625,27,62.7
5,B,PREDATOR,341,33.86583333333364,356,8.884666666666499,337,1,85.59424332344202,91.71999999999969,31,62.7
5,B,PREDATOR,342,-13.409999999999972,341,8.884666666666499,337,2,90.14569732937649,36.30999999999945,2,62.7
5,B,PREDATOR,343,8.300833333332795,311,8.884666666666499,0,2,0.0,77.31999999999954,6,62.7
5,B,PREDATOR,344,9.340833333332883,342,8.884666666666499,4,2,88.80999999999958,18.806249999999835,2,62.7
5,B,PREDATOR,345,-12.12,212,8.884666666666499,1,2,93.75999999999976,78.23999999999941,5,62.7
5,B,PREDATOR,346,-12.709999999999987,271,8.884666666666499,45,2,86.07755555555555,22.959999999999987,1,62.7
5,B,PREDATOR,347,-12.259999999999996,226,8.884666666666499,6,2,90.07499999999963,19.180000000000106,0,62.7
5,B,PREDATOR,348,5249.417499999979,500,8.884666666666499,337,2,93.36172106824903,50.12249999999979,217,62.7
5,B,PREDATOR,349,-12.249999999999996,225,8.884666666666499,3,2,89.53999999999961,65.64749999999927,3,62.7
5,B,PREDATOR,350,31.608333333333555,332,8.884666666666499,3,1,90.69999999999965,56.58499999999886,3,62.7
6,A,PREY,1,2434.389999999986,500,118.1279999999997,5,1,89.4639999999996,3.577500000000099,2,1.8
6,A,PREY,2,348.69000000000057,72,118.1279999999997,5,2,84.60999999999942,85.94999999999989,2,1.8
6,A,PREY,3,2314.4199999999955,500,118.1279999999997,338,0,93.2984615384613,0.0,0,1.8
6,A,PREY,4,1306.710000000002,246,118.1279999999997,4,2,91.53999999999968,61.399999999999665,3,1.8
6,A,PREY,5,2674.3299999999795,500,118.1279999999997,338,0,89.84606508875702,0.0,0,1.8
6,A,PREY,6,263.2200000000001,21,118.1279999999997,6,2,95.49999999999983,88.38999999999999,1,1.8
6,A,PREY,7,2274.4300000000003,500,118.1279999999997,7,0,91.38571428571395,0.0,0,1.8
6,A,PREY,8,2794.299999999983,500,118.1279999999997,338,0,91.40011834319493,0.0,0,1.8
6,A,PREY,9,2714.3199999999874,500,118.1279999999997,338,0,92.13298816568017,0.0,0,1.8
6,A,PREY,10,388.8800000000004,52,118.1279999999997,6,2,87.80499999999954,76.44374999999991,1,1.8
6,A,PREY,11,2874.279999999969,500,118.1279999999997,338,0,89.50053254437829,0.0,2,1.8
6,A,PREY,12,3354.159999999971,500,118.1279999999997,6,1,94.46499999999979,5.200000000000119,1,1.8
6,A,PREY,13,2954.259999999979,500,118.1279999999997,338,0,91.90097633136064,0.0,1,1.8
6,A,PREY,14,3714.0699999999706,500,118.1279999999997,7,0,89.77857142857104,0.0,0,1.8
6,A,PREY,15,946.6600000000014,210,118.1279999999997,337,2,92.43991097922833,68.52499999999988,3,1.8
6,A,PREY,16,106.80999999999999,16,118.1279999999997,6,2,95.94999999999983,89.13999999999999,1,1.8
6,A,PREY,17,3394.149999999964,500,118.1279999999997,5,1,93.27999999999975,8.135000000000241,2,1.8
6,A,PREY,18,1985.3900000000028,311,118.1279999999997,337,2,94.0662314540057,41.36250000000029,1,1.8
6,A,PREY,19,3674.0799999999617,500,118.1279999999997,338,0,89.18677514792857,0.0,0,1.8
6,A,PREY,20,4113.969999999958,500,118.1279999999997,5,0,91.08999999999966,0.0,2,1.8
6,A,PREY,21,3714.069999999963,500,118.1279999999997,338,0,94.76065088757376,0.0,1,1.8
6,A,PREY,22,1146.9000000000015,181,118.1279999999997,6,2,90.17499999999961,53.580000000000325,1,1.8
6,A,PREY,23,668.1800000000006,65,118.1279999999997,6,2,86.06999999999947,71.89874999999995,1,1.8
6,A,PREY,24,1217.8500000000017,183,118.1279999999997,3,2,91.23999999999967,79.66124999999973,4,1.8
6,A,PREY,25,4073.979999999962,500,118.1279999999997,3,2,94.4599999999998,10.482499999999412,4,1.8
6,A,PREY,26,2823.9099999999794,388,118.1279999999997,2,2,83.27499999999937,52.60124999999994,5,1.8
6,A,PREY,27,1067.3800000000012,135,118.1279999999997,107,2,88.32859813084109,73.88999999999987,2,1.8
6,A,PREY,28,4593.84999999995,500,118.1279999999997,338,0,90.54825443786947,0.0,1,1.8
6,A,PREY,29,1266.6500000000017,203,118.1279999999997,5,2,88.07799999999955,74.57249999999942,2,1.8
6,A,PREY,30,3423.8999999999724,374,118.1279999999997,6,2,92.1299999999997,24.6862500000003,1,1.8
6,A,PREY,31,66.32000000000004,16,118.1279999999997,6,2,96.17499999999984,89.13999999999999,1,1.8
6,A,PREY,32,4193.9499999999525,500,118.1279999999997,338,1,90.33272189349077,43.23999999999952,4,1.8
6,A,PREY,33,4313.919999999963,500,118.1279999999997,338,0,87.1873076923072,0.0,0,1.8
6,A,PREY,34,4713.819999999953,500,118.1279999999997,338,0,90.30591715976294,0.0,0,1.8
6,A,PREY,35,4073.979999999953,500,118.1279999999997,338,1,90.08588757396413,21.940000000000097,1,1.8
6,A,PREY,36,973.3800000000012,136,118.1279999999997,5,2,93.63799999999962,91.11999999999979,3,1.8
6,A,PREY,37,4942.749999999952,451,118.1279999999997,6,1,88.39499999999957,39.31250000000022,1,1.8
6,A,PREY,38,308.3700000000003,55,118.1279999999997,6,2,87.44999999999952,78.93374999999986,1,1.8
6,A,PREY,39,3904.279999999978,424,118.1279999999997,6,1,93.08999999999973,40.22000000000031,1,1.8
6,A,PREY,40,3864.619999999974,391,118.1279999999997,3,2,95.19999999999982,38.81249999999991,4,1.8
6,A,PREY,41,748.5800000000006,73,118.1279999999997,5,2,86.24199999999948,82.2699999999999,2,1.8
6,A,PREY,42,1108.3500000000008,87,118.1279999999997,6,2,94.11999999999978,67.02749999999999,1,1.8
6,A,PREY,43,3385.679999999981,297,118.1279999999997,5,2,94.8579999999998,55.99749999999969,3,1.8
6,A,PREY,44,5433.639999999935,500,118.1279999999997,5,0,89.69199999999961,0.0,2,1.8
6,A,PREY,45,947.660000000001,110,118.1279999999997,6,2,93.92999999999978,60.30000000000005,1,1.8
6,A,PREY,46,5993.499999999936,500,118.1279999999997,7,0,90.15999999999963,0.0,0,1.8
6,A,PREY,47,826.0700000000014,171,118.1279999999997,3,2,91.97999999999969,88.49624999999962,4,1.8
6,A,PREY,48,1907.2200000000014,130,118.1279999999997,59,2,85.48271186440674,67.15624999999984,2,1.8
6,A,PREY,49,28.340000000000032,15,118.1279999999997,6,2,96.39999999999986,90.09999999999998,1,1.8
6,A,PREY,50,6382.699999999941,470,118.1279999999997,4,2,82.32249999999934,27.74499999999992,3,1.8
6,A,PREY,51,5953.5099999999275,500,118.1279999999997,5,1,88.32999999999956,7.774999999999738,2,1.8
6,A,PREY,52,5833.539999999935,500,118.1279999999997,338,0,91.155591715976,0.0,2,1.8
6,A,PREY,53,5073.729999999954,500,118.1279999999997,5,1,93.09399999999974,23.73999999999973,2,1.8
6,A,PREY,54,6033.489999999928,500,118.1279999999997,4,1,97.47249999999991,19.899999999999892,3,1.8
6,A,PREY,55,3705.499999999986,257,118.1279999999997,4,2,82.68999999999934,57.59374999999984,3,1.8
6,A,PREY,56,6512.869999999924,500,118.1279999999997,338,1,91.55420118343163,2.200000000000154,0,1.8
6,A,PREY,57,2386.059999999998,184,118.1279999999997,5,2,88.05999999999955,59.02874999999992,2,1.8
6,A,PREY,58,6633.339999999927,500,118.1279999999997,7,0,92.555714285714,0.0,0,1.8
6,A,PREY,59,146.3000000000001,16,118.1279999999997,6,2,96.12499999999984,90.63999999999997,1,1.8
6,A,PREY,60,6353.4099999999235,500,118.1279999999997,5,0,94.6779999999998,0.0,2,1.8
6,A,PREY,61,6463.149999999933,473,118.1279999999997,4,2,87.51249999999953,30.46374999999997,3,1.8
6,A,PREY,62,7153.209999999924,500,118.1279999999997,7,1,92.75714285714257,1.3000000000002119,0,1.8
6,A,PREY,63,5913.519999999943,500,118.1279999999997,6,1,90.59499999999964,18.522500000000097,1,1.8
6,A,PREY,64,147.76000000000005,20,118.1279999999997,7,2,95.50285714285702,88.29999999999998,1,1.8
6,A,PREY,65,6713.3199999999215,500,118.1279999999997,7,0,93.90999999999977,0.0,0,1.8
6,A,PREY,66,6673.329999999919,500,118.1279999999997,338,0,90.57733727810616,0.0,1,1.8
6,A,PREY,67,5023.479999999961,376,118.1279999999997,3,2,87.09999999999951,36.33000000000054,4,1.8
6,A,PREY,68,7033.239999999913,500,118.1279999999997,6,1,90.94499999999965,25.119999999999735,1,1.8
6,A,PREY,69,1267.330000000001,135,118.1279999999997,5,2,89.3799999999996,73.70999999999968,2,1.8
6,A,PREY,70,6633.3399999999265,500,118.1279999999997,4,2,93.79749999999976,18.488749999999442,3,1.8
6,A,PREY,71,6953.259999999924,500,118.1279999999997,338,0,90.9141715976328,0.0,0,1.8
6,A,PREY,72,6033.48999999994,500,118.1279999999997,6,0,96.14499999999985,0.0,1,1.8
6,A,PREY,73,2546.459999999994,190,118.1279999999997,337,2,93.20780415430261,62.32249999999976,2,1.8
6,A,PREY,74,7462.129999999924,450,118.1279999999997,337,1,87.88810089020727,36.86000000000007,2,1.8
6,A,PREY,75,6543.079999999936,428,118.1279999999997,4,2,96.54999999999987,33.601250000000064,3,1.8
6,A,PREY,76,708.2700000000007,105,118.1279999999997,5,2,89.11599999999957,79.39999999999972,2,1.8
6,A,PREY,77,4704.249999999966,357,118.1279999999997,337,2,89.45157270029635,15.87750000000037,1,1.8
6,A,PREY,78,7593.099999999916,500,118.1279999999997,338,0,89.64751479289902,0.0,0,1.8
6,A,PREY,79,7433.139999999914,500,118.1279999999997,4,2,95.37249999999983,11.59000000000005,3,1.8
6,A,PREY,80,7513.11999999992,500,118.1279999999997,5,1,91.15599999999966,14.945000000000121,2,1.8
6,A,PREY,81,60.27000000000002,21,118.1279999999997,6,2,94.5999999999998,90.33999999999996,1,1.8
6,A,PREY,82,6353.4099999999435,500,118.1279999999997,6,0,92.4499999999997,0.0,1,1.8
6,A,PREY,83,8392.89999999991,500,118.1279999999997,6,0,89.3649999999996,0.0,1,1.8
6,A,PREY,84,8592.849999999908,500,118.1279999999997,5,1,93.23799999999974,24.159999999999602,2,1.8
6,A,PREY,85,8592.849999999906,500,118.1279999999997,6,0,92.0849999999997,0.0,1,1.8
6,A,PREY,86,147.26000000000028,70,118.1279999999997,9,2,91.35777777777753,85.64749999999974,2,1.8
6,A,PREY,87,7382.369999999928,428,118.1279999999997,6,2,91.71499999999969,19.155000000000342,1,1.8
6,A,PREY,88,145.28000000000003,18,118.1279999999997,6,2,95.65999999999985,88.71999999999998,1,1.8
6,A,PREY,89,5864.199999999956,333,118.1279999999997,5,2,88.01199999999955,48.22874999999995,2,1.8
6,A,PREY,90,8712.819999999903,500,118.1279999999997,338,0,94.36230769230747,0.0,2,1.8
6,A,PREY,91,7153.20999999993,500,118.1279999999997,7,0,94.3042857142855,0.0,0,1.8
6,A,PREY,92,8312.91999999991,500,118.1279999999997,5,1,91.11999999999966,5.199999999999666,2,1.8
6,A,PREY,93,547.4200000000004,44,118.1279999999997,6,2,88.76499999999957,80.6849999999999,1,1.8
6,A,PREY,94,610.5500000000008,79,118.1279999999997,5,2,91.37799999999967,82.95999999999987,2,1.8
6,A,PREY,95,348.8600000000003,55,118.1279999999997,9,2,80.25333333333309,79.78124999999986,1,1.8
6,A,PREY,96,5704.539999999963,303,118.1279999999997,6,2,89.3799999999996,42.57375000000014,1,1.8
6,A,PREY,97,8432.889999999908,500,118.1279999999997,7,0,93.28428571428546,0.0,0,1.8
6,A,PREY,98,1507.8600000000008,76,118.1279999999997,5,2,81.4899999999993,81.91999999999987,2,1.8
6,A,PREY,99,9312.669999999902,500,118.1279999999997,5,0,92.37999999999971,0.0,2,1.8
6,A,PREY,100,8592.849999999908,500,118.1279999999997,338,1,92.08301775147898,20.50000000000003,1,1.8
6,A,PREY,101,9352.659999999898,500,118.1279999999997,7,0,92.42285714285686,0.0,0,1.8
6,A,PREY,102,5863.9399999999605,309,118.1279999999997,337,2,87.47397626112713,50.56625000000017,2,1.8
6,A,PREY,103,1867.5100000000011,102,118.1279999999997,5,2,92.56599999999972,83.20874999999971,2,1.8
6,A,PREY,104,8952.759999999904,500,118.1279999999997,5,0,92.54799999999972,0.0,2,1.8
6,A,PREY,105,9152.709999999903,500,118.1279999999997,338,1,92.85130177514765,13.959999999999594,2,1.8
6,A,PREY,106,6382.38999999995,351,118.1279999999997,337,1,82.05400593471788,37.87250000000026,1,1.8
6,A,PREY,107,142.24000000000015,22,118.1279999999997,5,2,94.35999999999979,98.32,2,1.8
6,A,PREY,108,7983.439999999927,406,118.1279999999997,4,2,92.1099999999997,29.467500000000243,3,1.8
6,A,PREY,109,9032.739999999907,500,118.1279999999997,7,0,91.51428571428539,0.0,0,1.8
6,A,PREY,110,7753.059999999929,500,118.1279999999997,338,1,92.15917159763285,15.289999999999806,1,1.8
6,A,PREY,111,10392.399999999892,500,118.1279999999997,220,0,72.5176818181818,0.0,0,1.8
6,A,PREY,112,9472.62999999991,500,118.1279999999997,338,0,90.16470414201146,0.0,1,1.8
6,A,PREY,113,9792.549999999896,500,118.1279999999997,338,0,91.11032544378664,0.0,0,1.8
6,A,PREY,114,8912.769999999911,500,118.1279999999997,338,0,89.90402366863869,0.0,0,1.8
6,A,PREY,115,10472.37999999989,500,118.1279999999997,338,1,92.17647928994053,22.29999999999992,1,1.8
6,A,PREY,116,8592.84999999991,500,118.1279999999997,338,0,88.37863905325399,0.0,0,1.8
6,A,PREY,117,8382.669999999915,473,118.1279999999997,4,2,89.97249999999963,22.871250000000053,3,1.8
6,A,PREY,118,10392.399999999889,500,118.1279999999997,338,0,92.72082840236658,0.0,1,1.8
6,A,PREY,119,9712.569999999892,500,118.1279999999997,4,1,94.69749999999979,15.28750000000007,3,1.8
6,A,PREY,120,10152.45999999989,500,118.1279999999997,338,0,91.07713017751446,0.0,0,1.8
6,A,PREY,121,9192.699999999899,500,118.1279999999997,338,1,90.27724852070969,8.989999999999892,1,1.8
6,A,PREY,122,8992.749999999915,500,118.1279999999997,338,1,88.08502958579837,23.319999999999812,1,1.8
6,A,PREY,123,7223.239999999938,395,118.1279999999997,337,2,87.80278931750718,44.032499999999914,4,1.8
6,A,PREY,124,6302.34999999995,357,118.1279999999997,4,2,92.27499999999971,28.165000000000422,3,1.8
6,A,PREY,125,11272.179999999884,500,118.1279999999997,6,1,90.62499999999964,21.75999999999972,1,1.8
6,A,PREY,126,8872.779999999915,500,118.1279999999997,6,0,89.3999999999996,0.0,1,1.8
6,A,PREY,127,10032.489999999896,500,118.1279999999997,6,2,91.46499999999969,15.819999999999999,1,1.8
6,A,PREY,128,10672.329999999885,500,118.1279999999997,338,0,93.57139053254413,0.0,0,1.8
6,A,PREY,129,10992.249999999885,500,118.1279999999997,338,0,93.34781065088733,0.0,0,1.8
6,A,PREY,130,9992.499999999894,500,118.1279999999997,5,0,92.51799999999972,0.0,2,1.8
6,A,PREY,131,6024.599999999964,289,118.1279999999997,5,2,87.78399999999954,36.061249999999916,2,1.8
6,A,PREY,132,10152.459999999897,500,118.1279999999997,7,0,90.67428571428536,0.0,0,1.8
6,A,PREY,133,1428.5200000000007,62,118.1279999999997,149,2,84.85134228187916,84.40124999999992,2,1.8
6,A,PREY,134,11312.169999999885,500,118.1279999999997,338,0,90.52789940828367,0.0,0,1.8
6,A,PREY,135,109.10999999999989,36,118.1279999999997,6,2,92.1249999999997,83.90999999999991,1,1.8
6,A,PREY,136,9752.559999999903,500,118.1279999999997,338,1,93.87065088757385,20.97999999999999,1,1.8
6,A,PREY,137,11072.229999999887,500,118.1279999999997,338,1,94.5818047337276,30.39999999999982,3,1.8
6,A,PREY,138,9912.519999999906,500,118.1279999999997,7,0,93.2671428571426,0.0,0,1.8
6,A,PREY,139,10912.269999999886,500,118.1279999999997,6,0,95.50999999999983,0.0,1,1.8
6,A,PREY,140,9792.549999999908,500,118.1279999999997,338,1,88.09949704141967,14.859999999999639,1,1.8
6,A,PREY,141,2585.9999999999964,185,118.1279999999997,27,2,89.70666666666664,43.8487500000004,1,1.8
6,A,PREY,142,572.4900000000002,36,118.1279999999997,6,2,90.99499999999966,84.93999999999997,1,1.8
6,A,PREY,143,8102.719999999926,425,118.1279999999997,3,2,89.97999999999962,37.97624999999992,4,1.8
6,A,PREY,144,11512.119999999886,500,118.1279999999997,338,1,92.5521005917157,24.979999999999993,1,1.8
6,A,PREY,145,9312.669999999913,500,118.1279999999997,338,0,87.53171597633089,0.0,1,1.8
6,A,PREY,146,11072.229999999887,500,118.1279999999997,7,0,91.48857142857112,0.0,0,1.8
6,A,PREY,147,459.6300000000002,25,118.1279999999997,6,2,93.56999999999975,90.99999999999994,1,1.8
6,A,PREY,148,10112.4699999999,500,118.1279999999997,6,0,90.63999999999965,0.0,1,1.8
6,A,PREY,149,9952.50999999991,500,118.1279999999997,7,0,94.00857142857122,0.0,0,1.8
6,A,PREY,150,10225.939999999899,500,118.1279999999997,338,1,87.70479289940782,82.83999999999963,6,1.8
6,A,PREY,151,10512.369999999899,500,118.1279999999997,338,0,91.67035502958548,0.0,1,1.8
6,A,PREY,152,12031.989999999882,500,118.1279999999997,3,2,90.38999999999965,31.449999999999683,4,1.8
6,A,PREY,153,9912.519999999906,500,118.1279999999997,6,0,90.17999999999962,0.0,1,1.8
6,A,PREY,154,575.0400000000002,31,118.1279999999997,6,2,92.4499999999997,90.33999999999993,1,1.8
6,A,PREY,155,8752.809999999923,500,118.1279999999997,338,1,93.49488165680448,22.17999999999968,3,1.8
6,A,PREY,156,10752.309999999896,500,118.1279999999997,338,1,91.56473372781032,90.39999999999986,6,1.8
6,A,PREY,157,10872.279999999893,500,118.1279999999997,5,1,94.7679999999998,23.71249999999999,2,1.8
6,A,PREY,158,11512.11999999989,500,118.1279999999997,6,0,92.80999999999972,0.0,1,1.8
6,A,PREY,159,12191.949999999879,500,118.1279999999997,338,0,89.40023668639013,0.0,0,1.8
6,A,PREY,160,11592.099999999886,500,118.1279999999997,338,1,88.46458579881613,12.399999999999995,0,1.8
6,A,PREY,161,28.230000000000054,26,118.1279999999997,6,2,93.32499999999975,87.40499999999992,1,1.8
6,A,PREY,162,11152.209999999894,500,118.1279999999997,338,0,92.59328402366836,0.0,0,1.8
6,A,PREY,163,6224.959999999964,298,118.1279999999997,6,2,87.73999999999954,32.90625000000044,1,1.8
6,A,PREY,164,11192.199999999886,500,118.1279999999997,338,0,93.76337278106486,0.0,1,1.8
6,A,PREY,165,12951.759999999873,500,118.1279999999997,338,0,91.35387573964464,0.0,1,1.8
6,A,PREY,166,4186.749999999994,170,118.1279999999997,4,2,91.68249999999969,64.86249999999978,3,1.8
6,A,PREY,167,12871.779999999875,500,118.1279999999997,338,2,89.10387573964456,13.612499999999748,3,1.8
6,A,PREY,168,148.68999999999988,27,118.1279999999997,6,2,93.37999999999975,86.30999999999995,1,1.8
6,A,PREY,169,11272.179999999888,500,118.1279999999997,7,1,90.08714285714248,20.799999999999997,0,1.8
6,A,PREY,170,10422.1199999999,477,118.1279999999997,337,1,91.03587537091954,41.70499999999963,2,1.8
6,A,PREY,171,11472.129999999885,500,118.1279999999997,338,0,90.83535502958546,0.0,0,1.8
6,A,PREY,172,6783.309999999952,349,118.1279999999997,4,2,87.66999999999953,49.131249999999845,3,1.8
6,A,PREY,173,11832.039999999883,500,118.1279999999997,4,1,90.47499999999964,49.08499999999882,3,1.8
6,A,PREY,174,12311.919999999875,500,118.1279999999997,338,0,90.53304733727785,0.0,1,1.8
6,A,PREY,175,11832.03999999988,500,118.1279999999997,338,1,95.0258579881655,5.2000000000002435,1,1.8
6,A,PREY,176,9142.769999999924,444,118.1279999999997,337,2,92.11115727002938,57.44624999999983,6,1.8
6,A,PREY,177,13431.639999999868,500,118.1279999999997,7,0,94.97714285714265,0.0,0,1.8
6,A,PREY,178,228.50000000000017,44,118.1279999999997,18,2,94.33833333333318,79.03874999999992,1,1.8
6,A,PREY,179,11991.999999999882,500,118.1279999999997,7,0,93.84571428571405,0.0,0,1.8
6,A,PREY,180,13311.669999999871,500,118.1279999999997,4,1,90.76749999999964,21.04000000000019,3,1.8
6,A,PREY,181,10752.3099999999,500,118.1279999999997,338,0,87.78946745562084,0.0,1,1.8
6,A,PREY,182,11112.219999999896,500,118.1279999999997,5,1,87.91599999999954,18.68249999999969,2,1.8
6,A,PREY,183,7744.559999999941,350,118.1279999999997,5,2,90.81399999999965,31.501250000000347,2,1.8
6,A,PREY,184,11592.09999999989,500,118.1279999999997,338,0,89.24437869822444,0.0,0,1.8
6,A,PREY,185,12631.839999999882,500,118.1279999999997,6,0,92.46499999999973,0.0,1,1.8
6,A,PREY,186,7304.2699999999495,290,118.1279999999997,4,2,95.13999999999982,64.06499999999987,3,1.8
6,A,PREY,187,13111.71999999987,500,118.1279999999997,338,0,91.81017751479258,0.0,1,1.8
6,A,PREY,188,12911.769999999873,500,118.1279999999997,338,0,88.89458579881615,0.0,1,1.8
6,A,PREY,189,4385.439999999992,246,118.1279999999997,337,2,91.17519287833795,53.8987499999998,2,1.8
6,A,PREY,190,226.2800000000001,16,118.1279999999997,6,2,96.27499999999986,89.13999999999999,1,1.8
6,A,PREY,191,13031.739999999876,500,118.1279999999997,338,1,89.30535502958541,3.7850000000000454,2,1.8
6,A,PREY,192,6025.369999999971,262,118.1279999999997,5,2,89.72799999999961,56.81374999999973,2,1.8
6,A,PREY,193,13431.63999999987,500,118.1279999999997,6,1,94.9699999999998,4.865000000000269,1,1.8
6,A,PREY,194,12071.979999999887,500,118.1279999999997,338,1,92.17088757396421,20.860000000000003,1,1.8
6,A,PREY,195,8979.379999999926,387,118.1279999999997,4,1,89.2224999999996,32.17500000000014,3,1.8
6,A,PREY,196,13711.569999999869,500,118.1279999999997,5,2,95.60799999999983,17.51624999999989,2,1.8
6,A,PREY,197,8663.259999999935,357,118.1279999999997,337,1,75.41091988130562,41.67750000000028,2,1.8
6,A,PREY,198,9903.499999999922,352,118.1279999999997,6,2,89.7099999999996,38.460000000000186,1,1.8
6,A,PREY,199,14151.459999999866,500,118.1279999999997,338,0,89.93428994082802,0.0,1,1.8
6,A,PREY,200,12071.979999999887,500,118.1279999999997,7,0,89.45714285714246,0.0,0,1.8
6,A,PREY,201,12551.859999999884,500,118.1279999999997,338,1,89.794615384615,81.33999999999936,4,1.8
6,A,PREY,202,12991.749999999873,500,118.1279999999997,7,0,90.43857142857107,0.0,0,1.8
6,A,PREY,203,13991.499999999867,500,118.1279999999997,338,1,93.16807692307665,3.160000000000182,2,1.8
6,A,PREY,204,134.14,82,118.1279999999997,6,2,89.3099999999996,75.43000000000004,2,1.8
6,A,PREY,205,13311.669999999875,500,118.1279999999997,338,0,92.96047337278081,0.0,1,1.8
6,A,PREY,206,12511.869999999886,500,118.1279999999997,7,0,94.59142857142835,0.0,0,1.8
6,A,PREY,207,28.440000000000005,5,118.1279999999997,6,3,99.01999999999997,55.281666666666666,1,1.8
6,A,PREY,208,13591.599999999868,500,118.1279999999997,338,1,91.33346153846121,8.199999999999697,1,1.8
6,A,PREY,209,11792.049999999892,500,118.1279999999997,338,0,92.86328402366836,0.0,0,1.8
6,A,PREY,210,5904.759999999971,276,118.1279999999997,5,2,89.04999999999959,46.94000000000031,2,1.8
6,A,PREY,211,2347.489999999999,92,118.1279999999997,10,2,84.2609999999999,93.15499999999983,4,1.8
6,A,PREY,212,13711.569999999867,500,118.1279999999997,6,1,95.26999999999983,20.38000000000012,1,1.8
6,A,PREY,213,12031.989999999889,500,118.1279999999997,5,0,93.27999999999975,0.0,2,1.8
6,A,PREY,214,948.0300000000004,73,118.1279999999997,5,2,87.20199999999952,80.91999999999992,2,1.8
6,A,PREY,215,62.770000000000046,21,118.1279999999997,6,2,94.5999999999998,88.08999999999997,1,1.8
6,A,PREY,216,12191.949999999888,500,118.1279999999997,4,1,95.45499999999983,17.85999999999958,3,1.8
6,A,PREY,217,13111.71999999987,500,118.1279999999997,7,0,93.33999999999973,0.0,0,1.8
6,A,PREY,218,12591.849999999886,500,118.1279999999997,6,1,93.52999999999975,9.820000000000189,1,1.8
6,A,PREY,219,13351.65999999988,500,118.1279999999997,4,1,89.63499999999961,11.554999999999843,3,1.8
6,A,PREY,220,7384.2499999999545,290,118.1279999999997,4,2,88.73499999999957,50.75624999999986,3,1.8
6,A,PREY,221,14311.419999999864,500,118.1279999999997,6,1,90.36999999999962,14.919999999999575,1,1.8
6,A,PREY,222,8183.999999999942,345,118.1279999999997,337,2,90.28605341246255,29.90375000000033,2,1.8
6,A,PREY,223,14351.409999999863,500,118.1279999999997,338,1,91.39710059171566,13.420000000000112,2,1.8
6,A,PREY,224,9503.369999999928,325,118.1279999999997,4,2,86.00499999999947,59.2087499999997,3,1.8
6,A,PREY,225,10463.339999999916,354,118.1279999999997,3,2,90.31999999999964,53.39749999999973,4,1.8
6,A,PREY,226,21.280000000000037,21,118.1279999999997,6,2,95.22999999999983,88.68999999999997,1,1.8
6,A,PREY,227,13311.669999999871,500,118.1279999999997,338,1,90.40097633136058,5.232500000000129,1,1.8
6,A,PREY,228,5225.789999999983,240,118.1279999999997,337,2,87.09940652818942,45.923750000000126,2,1.8
6,A,PREY,229,11422.669999999902,397,118.1279999999997,5,2,91.68999999999969,16.576250000000304,2,1.8
6,A,PREY,230,12791.799999999885,500,118.1279999999997,6,0,92.1299999999997,0.0,1,1.8
6,A,PREY,231,13991.499999999865,500,118.1279999999997,3,1,98.23999999999994,39.99999999999958,4,1.8
6,A,PREY,232,6784.479999999962,282,118.1279999999997,6,2,90.85999999999966,52.69250000000038,2,1.8
6,A,PREY,233,19.22000000000002,27,118.1279999999997,6,2,93.27999999999975,87.12999999999997,1,1.8
6,A,PREY,234,5864.969999999976,206,118.1279999999997,4,2,94.02999999999977,64.10499999999958,3,1.8
6,A,PREY,235,1047.9100000000008,82,118.1279999999997,4,2,90.86499999999967,88.08000000000001,3,1.8
6,A,PREY,236,13551.609999999875,500,118.1279999999997,5,0,93.36999999999975,0.0,2,1.8
6,A,PREY,237,14711.319999999865,500,118.1279999999997,4,1,94.32999999999979,41.25999999999954,3,1.8
6,A,PREY,238,7984.1499999999505,285,118.1279999999997,4,2,86.9049999999995,68.93249999999989,3,1.8
6,A,PREY,239,260.68000000000023,25,118.1279999999997,6,2,93.65499999999976,87.24999999999997,1,1.8
6,A,PREY,240,10223.299999999916,364,118.1279999999997,5,2,91.03599999999966,35.13875000000023,2,1.8
6,A,PREY,241,1907.8100000000009,71,118.1279999999997,6,2,83.04999999999936,72.71249999999989,1,1.8
6,A,PREY,242,14151.459999999868,500,118.1279999999997,6,1,94.6349999999998,27.339999999999957,1,1.8
6,A,PREY,243,24.330000000000034,16,118.1279999999997,5,2,95.94999999999985,99.58,2,1.8
6,A,PREY,244,1227.3700000000006,82,118.1279999999997,6,2,92.73499999999973,66.37500000000003,1,1.8
6,A,PREY,245,13791.549999999872,500,118.1279999999997,7,0,89.10999999999959,0.0,0,1.8
6,A,PREY,246,11262.709999999905,397,118.1279999999997,337,2,87.31721068249212,30.830000000000098,2,1.8
6,A,PREY,247,8384.20999999994,319,118.1279999999997,6,2,92.0999999999997,42.98625000000037,1,1.8
6,A,PREY,248,14471.379999999863,500,118.1279999999997,338,0,90.54192307692273,0.0,0,1.8
6,A,PREY,249,3347.0099999999984,165,118.1279999999997,5,2,91.48599999999968,63.86374999999986,2,1.8
6,A,PREY,250,15071.22999999986,500,118.1279999999997,338,0,94.60585798816548,0.0,1,1.8
6,A,PREY,251,13831.539999999874,500,118.1279999999997,338,0,90.26162721893455,0.0,0,1.8
6,A,PREY,252,14831.28999999986,500,118.1279999999997,338,0,89.65488165680433,0.0,0,1.8
6,A,PREY,253,12991.749999999884,500,118.1279999999997,338,0,93.7645266272187,0.0,1,1.8
6,A,PREY,254,2108.1899999999996,78,118.1279999999997,11,2,94.23818181818166,65.95500000000004,1,1.8
6,A,PREY,255,13711.569999999878,500,118.1279999999997,7,0,92.87285714285687,0.0,0,1.8
6,A,PREY,256,14271.429999999871,500,118.1279999999997,6,0,91.31499999999967,0.0,1,1.8
6,A,PREY,257,14231.439999999871,500,118.1279999999997,6,1,91.07499999999966,14.859999999999735,1,1.8
6,A,PREY,258,66.83000000000004,15,118.1279999999997,6,2,96.71499999999988,89.35,1,1.8
6,A,PREY,259,14791.299999999863,500,118.1279999999997,338,0,89.49183431952623,0.0,0,1.8
6,A,PREY,260,9303.869999999932,330,118.1279999999997,5,2,93.12999999999974,44.7162500000005,2,1.8
6,A,PREY,261,15951.009999999853,500,118.1279999999997,338,1,92.60420118343167,20.020000000000067,1,1.8
6,A,PREY,262,12911.769999999882,500,118.1279999999997,338,2,88.43002958579838,20.872499999999945,1,1.8
6,A,PREY,263,2105.349999999999,112,118.1279999999997,5,2,90.22599999999963,70.39249999999986,2,1.8
6,A,PREY,264,4666.469999999989,186,118.1279999999997,337,2,93.50747774480706,62.20124999999993,2,1.8
6,A,PREY,265,15511.119999999855,500,118.1279999999997,6,0,92.82499999999972,0.0,1,1.8
6,A,PREY,266,13671.579999999876,500,118.1279999999997,5,1,93.50799999999975,11.94499999999969,2,1.8
6,A,PREY,267,22.310000000000038,18,118.1279999999997,5,2,96.43599999999988,99.78999999999999,2,1.8
6,A,PREY,268,7864.859999999952,267,118.1279999999997,5,2,92.37999999999971,49.856249999999946,2,1.8
6,A,PREY,269,1984.3100000000009,69,118.1279999999997,5,2,82.35999999999933,79.36,2,1.8
6,A,PREY,270,15391.149999999856,500,118.1279999999997,6,0,91.16499999999967,0.0,1,1.8
6,A,PREY,271,12982.239999999889,451,118.1279999999997,337,1,93.15848664688403,26.310000000000187,2,1.8
6,A,PREY,272,11741.989999999896,407,118.1279999999997,6,2,93.05999999999973,31.676250000000177,1,1.8
6,A,PREY,273,16030.989999999854,500,118.1279999999997,5,0,95.95599999999986,0.0,2,1.8
6,A,PREY,274,15111.21999999986,500,118.1279999999997,3,1,90.65999999999964,41.140000000000214,4,1.8
6,A,PREY,275,13351.659999999883,500,118.1279999999997,338,0,91.97011834319497,0.0,0,1.8
6,A,PREY,276,13022.369999999884,437,118.1279999999997,337,1,89.3207121661717,38.797500000000234,2,1.8
6,A,PREY,277,15191.199999999857,500,118.1279999999997,7,0,91.8742857142854,0.0,0,1.8
6,A,PREY,278,4905.809999999985,246,118.1279999999997,337,2,88.56219584569689,51.953750000000284,2,1.8
6,A,PREY,279,15191.199999999857,500,118.1279999999997,4,1,96.61749999999986,18.700000000000234,3,1.8
6,A,PREY,280,13671.579999999876,500,118.1279999999997,338,0,87.47056213017704,0.0,0,1.8
6,A,PREY,281,265.77000000000015,16,118.1279999999997,6,2,95.99999999999983,89.13999999999999,1,1.8
6,A,PREY,282,15271.179999999857,500,118.1279999999997,338,1,89.7274852071002,1.910000000000198,1,1.8
6,A,PREY,283,13551.609999999879,500,118.1279999999997,4,0,95.49999999999983,0.0,3,1.8
6,A,PREY,284,12461.969999999894,441,118.1279999999997,5,2,85.91199999999947,19.97374999999997,2,1.8
6,A,PREY,285,14871.279999999866,500,118.1279999999997,338,0,91.94269230769201,0.0,0,1.8
6,A,PREY,286,1503.9000000000008,72,118.1279999999997,45,2,90.78999999999995,78.43,2,1.8
6,A,PREY,287,15911.019999999853,500,118.1279999999997,338,2,90.77464497041385,12.970000000000006,2,1.8
6,A,PREY,288,15111.219999999865,500,118.1279999999997,338,0,92.61920118343167,0.0,1,1.8
6,A,PREY,289,14591.349999999868,500,118.1279999999997,7,0,90.94428571428537,0.0,0,1.8
6,A,PREY,290,14151.459999999872,500,118.1279999999997,338,0,91.74671597633106,0.0,2,1.8
6,A,PREY,291,1499.0200000000007,110,118.1279999999997,4,2,93.42249999999976,74.35,3,1.8
6,A,PREY,292,16790.799999999854,500,118.1279999999997,338,1,91.70597633136063,23.799999999999603,2,1.8
6,A,PREY,293,64.30999999999999,17,118.1279999999997,6,2,95.72999999999983,88.92999999999998,1,1.8
6,A,PREY,294,15751.059999999856,500,118.1279999999997,7,0,93.53714285714263,0.0,0,1.8
6,A,PREY,295,11782.469999999903,408,118.1279999999997,337,2,84.96065281899052,27.56625000000008,2,1.8
6,A,PREY,296,11143.13999999991,357,118.1279999999997,337,2,93.54287833827868,31.56000000000033,1,1.8
6,A,PREY,297,10943.139999999912,362,118.1279999999997,2,2,93.45999999999975,50.2437499999999,5,1.8
6,A,PREY,298,12414.049999999888,434,118.1279999999997,2,2,94.08999999999978,51.76000000000021,5,1.8
6,A,PREY,299,15911.019999999853,500,118.1279999999997,5,1,86.8719999999995,14.872499999999356,2,1.8
6,A,PREY,300,14231.439999999873,500,118.1279999999997,6,1,95.70999999999985,23.37999999999989,1,1.8
6,A,PREY,301,14511.369999999872,500,118.1279999999997,338,0,93.73124260355004,0.0,0,1.8
6,A,PREY,302,15831.03999999986,500,118.1279999999997,338,1,92.25452662721877,1.4599999999997884,2,1.8
6,A,PREY,303,14871.279999999864,500,118.1279999999997,338,0,93.86863905325421,0.0,0,1.8
6,A,PREY,304,15791.049999999854,500,118.1279999999997,5,2,95.42799999999983,16.569999999999844,2,1.8
6,A,PREY,305,14151.459999999875,500,118.1279999999997,6,1,90.16999999999962,3.939999999999592,1,1.8
6,A,PREY,306,14511.369999999872,500,118.1279999999997,5,2,92.30199999999971,19.33000000000008,2,1.8
6,A,PREY,307,18.25000000000002,24,118.1279999999997,6,2,94.01499999999976,90.15999999999995,1,1.8
6,A,PREY,308,1067.0500000000004,68,118.1279999999997,4,2,83.78499999999939,94.5099999999999,3,1.8
6,A,PREY,309,16390.899999999852,500,118.1279999999997,7,0,90.69999999999963,0.0,0,1.8
6,A,PREY,310,15271.179999999862,500,118.1279999999997,3,2,96.69999999999987,48.18999999999998,4,1.8
6,A,PREY,311,28.25000000000005,24,118.1279999999997,5,2,93.78999999999976,99.02249999999995,2,1.8
6,A,PREY,312,429.1000000000002,29,118.1279999999997,5,2,92.97999999999973,96.29624999999996,2,1.8
6,A,PREY,313,15071.229999999867,500,118.1279999999997,6,1,92.16999999999972,27.93999999999992,1,1.8
6,A,PREY,314,3187.6299999999997,107,118.1279999999997,6,2,89.7299999999996,68.4262499999999,1,1.8
6,A,PREY,315,12383.1299999999,377,118.1279999999997,337,2,91.6794065281896,30.370000000000186,3,1.8
6,A,PREY,316,14391.399999999865,500,118.1279999999997,249,1,73.17847389558231,24.51999999999969,2,1.8
6,A,PREY,317,13631.58999999988,500,118.1279999999997,338,0,92.36224852070977,0.0,0,1.8
6,A,PREY,318,1303.5000000000007,67,118.1279999999997,4,2,82.29249999999934,96.66999999999987,3,1.8
6,A,PREY,319,14791.299999999868,500,118.1279999999997,7,0,91.37714285714253,0.0,0,1.8
6,A,PREY,320,16230.939999999853,500,118.1279999999997,338,1,91.01526627218901,25.780000000000015,1,1.8
6,A,PREY,321,16550.859999999855,500,118.1279999999997,338,0,92.46511834319499,0.0,1,1.8
6,A,PREY,322,16990.74999999985,500,118.1279999999997,338,1,86.41221893491073,20.020000000000103,1,1.8
6,A,PREY,323,15311.169999999864,500,118.1279999999997,7,0,92.43999999999971,0.0,0,1.8
6,A,PREY,324,8623.759999999944,308,118.1279999999997,337,2,91.86172106824895,51.884999999999884,3,1.8
6,A,PREY,325,16710.819999999854,500,118.1279999999997,7,0,90.07428571428535,0.0,0,1.8
6,A,PREY,326,15191.199999999866,500,118.1279999999997,5,0,96.90399999999988,0.0,2,1.8
6,A,PREY,327,15031.239999999865,500,118.1279999999997,338,1,87.711538461538,20.560000000000077,3,1.8
6,A,PREY,328,16550.85999999985,500,118.1279999999997,6,0,92.55999999999972,0.0,1,1.8
6,A,PREY,329,28.860000000000028,13,118.1279999999997,6,2,96.75999999999988,89.76999999999998,1,1.8
6,A,PREY,330,82.0699999999997,90,118.1279999999997,5,2,96.84999999999988,82.89999999999984,2,1.8
6,A,PREY,331,12821.879999999894,391,118.1279999999997,337,2,91.33605341246259,30.228750000000144,1,1.8
6,A,PREY,332,16590.84999999985,500,118.1279999999997,338,1,89.07579881656764,93.27999999999975,7,1.8
6,A,PREY,333,15471.129999999863,500,118.1279999999997,6,0,94.07999999999977,0.0,1,1.8
6,A,PREY,334,15431.139999999863,500,118.1279999999997,7,0,90.54999999999964,0.0,0,1.8
6,A,PREY,335,16230.939999999859,500,118.1279999999997,7,0,92.645714285714,0.0,0,1.8
6,A,PREY,336,16590.849999999857,500,118.1279999999997,338,0,87.96112426035457,0.0,2,1.8
6,A,PREY,337,16110.969999999856,500,118.1279999999997,6,1,91.48499999999967,11.48000000000014,1,1.8
6,A,PREY,338,15831.039999999859,500,118.1279999999997,338,0,90.61855029585763,0.0,1,1.8
6,A,PREY,339,15551.109999999864,500,118.1279999999997,338,0,92.94076923076896,0.0,1,1.8
6,A,PREY,340,15671.07999999986,500,118.1279999999997,338,1,92.49857988165651,2.319999999999667,1,1.8
6,A,PREY,341,16150.959999999857,500,118.1279999999997,338,1,87.65642011834272,17.37999999999977,1,1.8
6,A,PREY,342,16070.979999999858,500,118.1279999999997,338,0,91.32609467455589,0.0,0,1.8
6,A,PREY,343,1507.6500000000005,47,118.1279999999997,5,2,90.03999999999962,89.92624999999984,2,1.8
6,A,PREY,344,16470.879999999855,500,118.1279999999997,6,0,89.95499999999963,0.0,1,1.8
6,A,PREY,345,16070.97999999986,500,118.1279999999997,338,0,93.22967455621276,0.0,1,1.8
6,A,PREY,346,15311.169999999864,500,118.1279999999997,338,0,89.14337278106467,0.0,0,1.8
6,A,PREY,347,15831.039999999859,500,118.1279999999997,6,1,91.64999999999968,3.935000000000165,1,1.8
6,A,PREY,348,16150.959999999857,500,118.1279999999997,338,0,88.51958579881615,0.0,0,1.8
6,A,PREY,349,15631.08999999986,500,118.1279999999997,6,0,94.22999999999979,0.0,1,1.8
6,A,PREY,350,188.66999999999996,28,118.1279999999997,5,2,92.73999999999972,97.83124999999991,2,1.8
6,B,PREDATOR,1,-12.259999999999996,226,0.6926666666667648,6,2,89.40499999999959,42.28000000000023,0,20.7
6,B,PREDATOR,2,-12.289999999999996,229,0.6926666666667648,337,2,88.1206824925815,44.170000000000186,0,20.7
6,B,PREDATOR,3,-12.179999999999998,218,0.6926666666667648,337,2,91.75857566765548,49.9299999999999,1,20.7
6,B,PREDATOR,4,-12.339999999999995,234,0.6926666666667648,337,2,75.1454302670623,35.020000000000415,0,20.7
6,B,PREDATOR,5,117.85833333333204,500,0.6926666666667648,337,2,90.05219584569696,17.477500000000056,6,20.7
6,B,PREDATOR,6,-12.239999999999997,224,0.6926666666667648,230,2,70.31608695652172,37.72000000000026,0,20.7
6,B,PREDATOR,7,-12.239999999999997,224,0.6926666666667648,4,2,91.21749999999966,48.609999999999914,2,20.7
6,B,PREDATOR,8,-12.209999999999997,221,0.6926666666667648,337,2,79.43094955489612,57.62999999999945,2,20.7
6,B,PREDATOR,9,10.310833333332878,272,0.6926666666667648,4,2,88.23249999999956,40.856250000000216,2,20.7
6,B,PREDATOR,10,-12.169999999999998,217,0.6926666666667648,5,2,88.49199999999956,45.000000000000085,1,20.7
6,B,PREDATOR,11,-12.159999999999998,216,0.6926666666667648,337,2,75.60041543026699,46.780000000000115,0,20.7
6,B,PREDATOR,12,-12.189999999999998,219,0.6926666666667648,337,2,81.16982195845694,31.12000000000031,0,20.7
6,B,PREDATOR,13,10.06583333333286,283,0.6926666666667648,3,2,89.71999999999962,47.64874999999969,3,20.7
6,B,PREDATOR,14,-12.179999999999998,218,0.6926666666667648,4,2,83.82999999999939,56.28999999999982,2,20.7
6,B,PREDATOR,15,-12.239999999999997,224,0.6926666666667648,6,2,90.32499999999963,41.32000000000032,0,20.7
6,B,PREDATOR,16,8.751666666666258,295,0.6926666666667648,337,2,91.07183976261095,35.407500000000354,2,20.7
6,B,PREDATOR,17,-12.169999999999998,217,0.6926666666667648,5,2,91.52799999999968,40.540000000000234,1,20.7
6,B,PREDATOR,18,10.444166666666197,283,0.6926666666667648,4,2,93.09999999999974,41.73999999999987,2,20.7
6,B,PREDATOR,19,-12.209999999999997,221,0.6926666666667648,3,2,90.15999999999963,69.96999999999935,3,20.7
6,B,PREDATOR,20,-12.249999999999996,225,0.6926666666667648,6,2,93.00999999999972,38.65000000000036,0,20.7
6,B,PREDATOR,21,-12.289999999999996,229,0.6926666666667648,243,2,71.75654320987653,40.961250000000234,1,20.7
6,B,PREDATOR,22,-12.459999999999992,246,0.6926666666667648,5,2,92.0499999999997,41.298750000000155,1,20.7
6,B,PREDATOR,23,-12.199999999999998,220,0.6926666666667648,6,2,93.80499999999977,41.35000000000035,0,20.7
6,B,PREDATOR,24,-12.209999999999997,221,0.6926666666667648,4,2,87.88749999999953,55.56999999999988,2,20.7
6,B,PREDATOR,25,-12.199999999999998,220,0.6926666666667648,337,2,92.33795252225498,52.35999999999973,1,20.7
6,B,PREDATOR,26,-12.249999999999996,225,0.6926666666667648,3,2,90.86999999999966,63.78999999999991,3,20.7
6,B,PREDATOR,27,-12.279999999999996,228,0.6926666666667648,337,2,72.06175074183976,55.14999999999958,1,20.7
6,B,PREDATOR,28,-12.159999999999998,216,0.6926666666667648,5,2,89.83599999999963,47.29874999999992,1,20.7
6,B,PREDATOR,29,-12.219999999999997,222,0.6926666666667648,337,2,91.81275964391672,42.76000000000025,0,20.7
6,B,PREDATOR,30,-12.189999999999998,219,0.6926666666667648,337,2,77.6515133531157,46.522500000000086,1,20.7
6,B,PREDATOR,31,-12.239999999999997,224,0.6926666666667648,337,2,65.58643916913947,26.02000000000033,0,20.7
6,B,PREDATOR,32,-12.239999999999997,224,0.6926666666667648,5,2,91.34799999999967,46.06124999999999,1,20.7
6,B,PREDATOR,33,-12.52999999999999,253,0.6926666666667648,337,2,87.35685459940606,38.29000000000032,0,20.7
6,B,PREDATOR,34,11.31333333333289,273,0.6926666666667648,5,2,90.71199999999965,29.59000000000043,1,20.7
6,B,PREDATOR,35,-12.239999999999997,224,0.6926666666667648,337,2,90.48919881305625,38.32000000000038,0,20.7
6,B,PREDATOR,36,-12.349999999999994,235,0.6926666666667648,337,2,89.67415430267025,40.45000000000037,0,20.7
6,B,PREDATOR,37,-12.199999999999998,220,0.6926666666667648,337,2,89.71997032640911,33.700000000000315,0,20.7
6,B,PREDATOR,38,-12.239999999999997,224,0.6926666666667648,337,2,88.47697329376813,35.17000000000042,0,20.7
6,B,PREDATOR,39,-12.219999999999997,222,0.6926666666667648,3,2,91.25999999999966,62.95000000000005,3,20.7
6,B,PREDATOR,40,-12.219999999999997,222,0.6926666666667648,6,2,92.54999999999973,39.01000000000027,0,20.7
6,B,PREDATOR,41,-12.309999999999995,231,0.6926666666667648,6,2,89.79499999999962,23.830000000000357,0,20.7
6,B,PREDATOR,42,-11.34,134,0.6926666666667648,6,3,89.4549999999996,38.960000000000214,0,20.7
6,B,PREDATOR,43,-12.209999999999997,221,0.6926666666667648,4,2,89.95749999999961,59.31999999999982,2,20.7
6,B,PREDATOR,44,-11.32,132,0.6926666666667648,4,3,82.11249999999933,48.25166666666666,2,20.7
6,B,PREDATOR,45,-12.169999999999998,217,0.6926666666667648,337,2,92.29275964391664,46.81000000000006,0,20.7
6,B,PREDATOR,46,-12.239999999999997,224,0.6926666666667648,16,2,95.50812499999988,37.570000000000384,0,20.7
6,B,PREDATOR,47,-11.32,132,0.6926666666667648,4,3,90.85749999999965,43.97666666666686,2,20.7
6,B,PREDATOR,48,-12.199999999999998,220,0.6926666666667648,4,2,89.8074999999996,52.08999999999986,2,20.7
6,B,PREDATOR,49,9.863333333332987,275,0.6926666666667648,2,2,87.39999999999952,54.41624999999969,4,20.7
6,B,PREDATOR,50,10.54333333333298,288,0.6926666666667648,0,2,0.0,61.80999999999945,6,20.7
6,B,PREDATOR,51,-12.369999999999994,237,0.6926666666667648,5,2,91.25799999999967,51.69999999999982,1,20.7
6,B,PREDATOR,52,-12.259999999999996,226,0.6926666666667648,4,2,90.52749999999963,43.089999999999954,2,20.7
6,B,PREDATOR,53,-12.319999999999995,232,0.6926666666667648,337,2,79.18581602373884,42.66999999999998,1,20.7
6,B,PREDATOR,54,-12.239999999999997,224,0.6926666666667648,5,2,86.40999999999948,44.96249999999992,1,20.7
6,B,PREDATOR,55,-12.389999999999993,239,0.6926666666667648,337,2,85.2449851632046,43.12000000000026,0,20.7
6,B,PREDATOR,56,10.578333333332873,279,0.6926666666667648,337,2,89.22643916913907,39.520000000000174,1,20.7
6,B,PREDATOR,57,8.6224999999995,287,0.6926666666667648,3,2,95.82999999999986,39.67000000000002,3,20.7
6,B,PREDATOR,58,-12.209999999999997,221,0.6926666666667648,5,2,90.39399999999964,42.64875000000014,1,20.7
6,B,PREDATOR,59,-12.209999999999997,221,0.6926666666667648,337,2,73.16982195845692,48.352499999999765,1,20.7
6,B,PREDATOR,60,-12.189999999999998,219,0.6926666666667648,6,2,88.74499999999956,52.11999999999978,0,20.7
6,B,PREDATOR,61,7.533333333332836,273,0.6926666666667648,5,2,83.41599999999937,35.8900000000003,1,20.7
6,B,PREDATOR,62,11.475833333332888,277,0.6926666666667648,337,2,89.56148367952505,30.46000000000046,1,20.7
6,B,PREDATOR,63,10.838333333332875,280,0.6926666666667648,70,2,70.75414285714282,27.100000000000406,1,20.7
6,B,PREDATOR,64,-12.229999999999997,223,0.6926666666667648,337,2,80.55258160237385,37.39000000000032,0,20.7
6,B,PREDATOR,65,-12.199999999999998,220,0.6926666666667648,5,2,89.4819999999996,43.930000000000256,1,20.7
6,B,PREDATOR,66,-12.379999999999994,238,0.6926666666667648,4,2,86.02749999999946,58.869999999999855,2,20.7
6,B,PREDATOR,67,-12.219999999999997,222,0.6926666666667648,3,2,89.53999999999961,69.60999999999923,3,20.7
6,B,PREDATOR,68,-12.269999999999996,227,0.6926666666667648,5,2,90.50799999999964,40.69000000000032,1,20.7
6,B,PREDATOR,69,9.130833333332847,282,0.6926666666667648,5,2,84.90399999999943,43.510000000000005,1,20.7
6,B,PREDATOR,70,-12.359999999999994,236,0.6926666666667648,4,2,91.35249999999967,62.478749999999614,2,20.7
6,B,PREDATOR,71,-12.339999999999995,234,0.6926666666667648,337,2,84.91534124629065,41.74125000000012,1,20.7
6,B,PREDATOR,72,-12.469999999999992,247,0.6926666666667648,337,2,88.0816320474773,70.26999999999958,3,20.7
6,B,PREDATOR,73,-12.259999999999996,226,0.6926666666667648,5,2,88.99599999999958,33.61000000000039,1,20.7
6,B,PREDATOR,74,7.516666666666273,272,0.6926666666667648,4,2,87.76749999999953,36.370000000000374,2,20.7
6,B,PREDATOR,75,-12.209999999999997,221,0.6926666666667648,337,2,86.6386350148367,43.780000000000214,0,20.7
6,B,PREDATOR,76,11.179166666666218,277,0.6926666666667648,4,2,87.05499999999951,37.9000000000003,2,20.7
6,B,PREDATOR,77,-12.209999999999997,221,0.6926666666667648,6,2,90.24499999999962,42.13000000000014,0,20.7
6,B,PREDATOR,78,12.078333333332916,264,0.6926666666667648,337,2,91.37364985163174,23.170000000000403,1,20.7
6,B,PREDATOR,79,55.9524999999986,429,0.6926666666667648,3,1,93.46999999999976,9.820000000000398,3,20.7
6,B,PREDATOR,80,-12.209999999999997,221,0.6926666666667648,5,2,90.99999999999966,49.20999999999998,1,20.7
6,B,PREDATOR,81,8.097499999999512,272,0.6926666666667648,3,2,92.10999999999972,49.78874999999945,3,20.7
6,B,PREDATOR,82,-12.189999999999998,219,0.6926666666667648,337,2,86.41044510385743,46.72000000000006,0,20.7
6,B,PREDATOR,83,-12.239999999999997,224,0.6926666666667648,5,2,87.33399999999952,44.141250000000014,1,20.7
6,B,PREDATOR,84,-12.249999999999996,225,0.6926666666667648,337,2,84.58548961424326,37.7500000000004,0,20.7
6,B,PREDATOR,85,7.695833333332834,277,0.6926666666667648,5,2,86.9079999999995,33.46000000000016,1,20.7
6,B,PREDATOR,86,-12.179999999999998,218,0.6926666666667648,5,2,89.06199999999959,51.48999999999981,1,20.7
6,B,PREDATOR,87,33.41250000000035,323,0.6926666666667648,4,2,88.89999999999958,25.240000000000393,2,20.7
6,B,PREDATOR,88,-12.209999999999997,221,0.6926666666667648,2,2,89.3199999999996,73.3299999999995,12,20.7
6,B,PREDATOR,89,11.65833333333289,279,0.6926666666667648,4,2,93.87999999999977,32.65875000000013,2,20.7
6,B,PREDATOR,90,-12.189999999999998,219,0.6926666666667648,4,2,84.2799999999994,45.51999999999992,2,20.7
6,B,PREDATOR,91,-12.289999999999996,229,0.6926666666667648,3,2,95.54999999999984,52.8099999999998,3,20.7
6,B,PREDATOR,92,-12.159999999999998,216,0.6926666666667648,337,2,90.45557863501467,38.23000000000011,0,20.7
6,B,PREDATOR,93,-12.239999999999997,224,0.6926666666667648,6,2,90.99999999999966,37.420000000000414,0,20.7
6,B,PREDATOR,94,-12.249999999999996,225,0.6926666666667648,337,2,93.83928783382767,34.3000000000002,0,20.7
6,B,PREDATOR,95,10.347499999999487,314,0.6926666666667648,3,2,92.63999999999972,48.2199999999995,3,20.7
6,B,PREDATOR,96,-12.57999999999999,258,0.6926666666667648,5,2,92.50599999999972,42.75000000000022,1,20.7
6,B,PREDATOR,97,11.169166666666216,278,0.6926666666667648,3,2,85.32999999999944,40.88250000000013,3,20.7
6,B,PREDATOR,98,10.535833333332855,290,0.6926666666667648,337,2,83.290296735905,35.650000000000134,1,20.7
6,B,PREDATOR,99,-12.179999999999998,218,0.6926666666667648,4,2,86.8149999999995,60.36999999999961,2,20.7
6,B,PREDATOR,100,29.210000000000214,345,0.6926666666667648,5,2,94.13599999999974,32.35000000000039,2,20.7
6,B,PREDATOR,101,-12.459999999999992,246,0.6926666666667648,5,2,85.39599999999945,44.140000000000114,1,20.7
6,B,PREDATOR,102,-12.409999999999993,241,0.6926666666667648,337,3,90.08278931750705,19.064166666666853,1,20.7
6,B,PREDATOR,103,9.164166666666157,300,0.6926666666667648,2,2,93.38499999999975,46.23999999999985,4,20.7
6,B,PREDATOR,104,-12.329999999999995,233,0.6926666666667648,3,2,90.97999999999966,52.059999999999846,3,20.7
6,B,PREDATOR,105,-12.389999999999993,239,0.6926666666667648,4,2,90.87249999999966,51.254999999999676,2,20.7
6,B,PREDATOR,106,-12.239999999999997,224,0.6926666666667648,6,2,92.29499999999969,41.92000000000022,0,20.7
6,B,PREDATOR,107,29.90000000000019,357,0.6926666666667648,0,2,0.0,20.021249999999807,6,20.7
6,B,PREDATOR,108,7.989166666666177,272,0.6926666666667648,3,2,88.59999999999957,49.44999999999988,3,20.7
6,B,PREDATOR,109,31.767500000000283,339,0.6926666666667648,4,2,91.88499999999969,28.570000000000462,2,20.7
6,B,PREDATOR,110,-12.629999999999988,263,0.6926666666667648,5,2,95.36799999999982,48.15999999999967,1,20.7
6,B,PREDATOR,111,-12.199999999999998,220,0.6926666666667648,6,2,89.9349999999996,43.15000000000013,0,20.7
6,B,PREDATOR,112,58.489999999999306,422,0.6926666666667648,3,2,88.13999999999955,13.510000000000142,3,20.7
6,B,PREDATOR,113,29.95083333333337,366,0.6926666666667648,2,2,87.33999999999952,31.959999999999887,4,20.7
6,B,PREDATOR,114,-12.159999999999998,216,0.6926666666667648,6,2,92.0149999999997,38.83000000000008,0,20.7
6,B,PREDATOR,115,945.8874999999979,500,0.6926666666667648,337,1,89.34264094955454,100.0,39,20.7
6,B,PREDATOR,116,34.68666666666701,332,0.6926666666667648,3,2,90.65999999999964,29.770000000000465,3,20.7
6,B,PREDATOR,117,-12.209999999999997,221,0.6926666666667648,6,2,94.30499999999978,33.430000000000426,0,20.7
6,B,PREDATOR,118,-12.359999999999994,236,0.6926666666667648,4,2,91.11999999999966,51.06999999999982,2,20.7
6,B,PREDATOR,119,11.098333333332876,281,0.6926666666667648,3,2,90.87999999999965,56.67999999999966,3,20.7
6,B,PREDATOR,120,8.309999999999517,271,0.6926666666667648,3,2,88.91999999999958,43.34624999999981,3,20.7
6,B,PREDATOR,121,8.130833333332804,301,0.6926666666667648,5,2,86.58999999999949,26.080000000000368,1,20.7
6,B,PREDATOR,122,58.7049999999985,294,0.6926666666667648,3,2,91.53999999999968,27.370000000000367,3,20.7
6,B,PREDATOR,123,-12.309999999999995,231,0.6926666666667648,337,2,69.556706231454,40.93000000000001,1,20.7
6,B,PREDATOR,124,10.663333333332828,311,0.6926666666667648,337,2,90.33605341246255,30.880000000000216,1,20.7
6,B,PREDATOR,125,-12.289999999999996,229,0.6926666666667648,5,2,90.39999999999964,43.97624999999988,1,20.7
6,B,PREDATOR,126,-12.239999999999997,224,0.6926666666667648,221,2,69.92054298642532,53.67999999999962,1,20.7
6,B,PREDATOR,127,-12.239999999999997,224,0.6926666666667648,337,2,93.46430267062293,48.22,0,20.7
6,B,PREDATOR,128,-12.209999999999997,221,0.6926666666667648,5,2,90.24399999999963,37.740000000000194,1,20.7
6,B,PREDATOR,129,-12.179999999999998,218,0.6926666666667648,337,2,78.69454005934716,43.99000000000029,0,20.7
6,B,PREDATOR,130,9.366666666666193,276,0.6926666666667648,3,2,93.51999999999975,51.039999999999885,3,20.7
6,B,PREDATOR,131,-12.199999999999998,220,0.6926666666667648,5,2,91.53999999999968,40.780000000000314,1,20.7
6,B,PREDATOR,132,-12.269999999999996,227,0.6926666666667648,320,2,72.44818749999997,42.16000000000034,0,20.7
6,B,PREDATOR,133,-12.189999999999998,219,0.6926666666667648,6,2,93.38999999999976,50.16999999999986,0,20.7
6,B,PREDATOR,134,-12.189999999999998,219,0.6926666666667648,6,2,91.45999999999968,35.920000000000385,0,20.7
6,B,PREDATOR,135,54.64249999999894,437,0.6926666666667648,3,0,94.7599999999998,0.0,3,20.7
6,B,PREDATOR,136,-12.349999999999994,235,0.6926666666667648,337,2,93.52581602373864,38.65000000000042,0,20.7
6,B,PREDATOR,137,-12.329999999999995,233,0.6926666666667648,337,2,91.74750741839732,33.49000000000026,0,20.7
6,B,PREDATOR,138,-12.359999999999994,236,0.6926666666667648,337,2,89.38640949554855,35.8300000000003,0,20.7
6,B,PREDATOR,139,-12.459999999999992,246,0.6926666666667648,337,2,91.43611275964359,40.7800000000004,0,20.7
6,B,PREDATOR,140,8.139166666666123,311,0.6926666666667648,337,2,93.82943620178018,30.10125000000018,2,20.7
6,B,PREDATOR,141,-12.229999999999997,223,0.6926666666667648,3,2,92.89999999999974,59.6499999999997,3,20.7
6,B,PREDATOR,142,-12.289999999999996,229,0.6926666666667648,337,2,75.19679525222551,54.1299999999997,1,20.7
6,B,PREDATOR,143,11.9783333333329,274,0.6926666666667648,5,2,91.37199999999967,36.07000000000031,1,20.7
6,B,PREDATOR,144,-12.259999999999996,226,0.6926666666667648,5,2,86.51199999999949,44.50125000000011,1,20.7
6,B,PREDATOR,145,31.710000000000292,365,0.6926666666667648,4,2,93.00999999999974,11.350000000000387,2,20.7
6,B,PREDATOR,146,-12.199999999999998,220,0.6926666666667648,6,2,86.51999999999948,43.00000000000013,0,20.7
6,B,PREDATOR,147,-12.419999999999993,242,0.6926666666667648,6,2,93.85999999999977,42.76000000000019,0,20.7
6,B,PREDATOR,148,10.216666666666177,296,0.6926666666667648,4,2,93.54999999999976,45.75999999999975,2,20.7
6,B,PREDATOR,149,-12.429999999999993,243,0.6926666666667648,5,2,89.97399999999962,42.58000000000004,1,20.7
6,B,PREDATOR,150,-12.279999999999996,228,0.6926666666667648,11,2,77.96545454545446,43.74750000000004,1,20.7
6,B,PREDATOR,151,-12.369999999999994,237,0.6926666666667648,5,2,91.63599999999968,47.59499999999976,1,20.7
6,B,PREDATOR,152,10.865833333332832,311,0.6926666666667648,337,2,93.51341246290778,22.930000000000444,1,20.7
6,B,PREDATOR,153,11.096666666666193,292,0.6926666666667648,4,2,93.27999999999975,29.080000000000453,2,20.7
6,B,PREDATOR,154,-12.439999999999992,244,0.6926666666667648,5,2,91.40199999999967,40.09875000000009,1,20.7
6,B,PREDATOR,155,-12.56999999999999,257,0.6926666666667648,6,2,94.41999999999979,30.610000000000397,0,20.7
6,B,PREDATOR,156,7.781666666666153,286,0.6926666666667648,337,2,92.05916913946558,40.4499999999999,2,20.7
6,B,PREDATOR,157,7.277499999999462,300,0.6926666666667648,3,2,91.8799999999997,41.84249999999982,3,20.7
6,B,PREDATOR,158,-12.299999999999995,230,0.6926666666667648,5,2,89.3739999999996,37.58625000000024,1,20.7
6,B,PREDATOR,159,-12.389999999999993,239,0.6926666666667648,6,2,87.22499999999951,38.620000000000424,0,20.7
6,B,PREDATOR,160,-12.459999999999992,246,0.6926666666667648,6,2,86.72999999999949,34.630000000000315,0,20.7
6,B,PREDATOR,161,-12.639999999999988,264,0.6926666666667648,4,2,91.99749999999969,42.5200000000001,2,20.7
6,B,PREDATOR,162,-12.209999999999997,221,0.6926666666667648,337,2,91.87632047477726,45.57999999999994,0,20.7
6,B,PREDATOR,163,-12.189999999999998,219,0.6926666666667648,4,2,86.7849999999995,55.23999999999974,2,20.7
6,B,PREDATOR,164,-12.199999999999998,220,0.6926666666667648,3,2,97.38999999999992,58.97249999999933,3,20.7
6,B,PREDATOR,165,11.500833333332844,309,0.6926666666667648,5,2,92.0979999999997,15.670000000000277,1,20.7
6,B,PREDATOR,166,-12.209999999999997,221,0.6926666666667648,4,2,92.19249999999971,59.22999999999928,2,20.7
6,B,PREDATOR,167,-12.159999999999998,216,0.6926666666667648,6,2,91.18999999999967,42.28000000000016,0,20.7
6,B,PREDATOR,168,-12.389999999999993,239,0.6926666666667648,324,2,67.40595679012345,48.75999999999985,1,20.7
6,B,PREDATOR,169,-12.359999999999994,236,0.6926666666667648,6,2,86.21999999999947,39.28000000000041,0,20.7
6,B,PREDATOR,170,9.328333333332791,323,0.6926666666667648,337,2,90.27640949554859,25.2400000000004,1,20.7
6,B,PREDATOR,171,-12.759999999999986,276,0.6926666666667648,337,2,92.2019287833826,33.198750000000096,1,20.7
6,B,PREDATOR,172,-12.459999999999992,246,0.6926666666667648,6,2,86.5099999999995,46.33,0,20.7
6,B,PREDATOR,173,7.664999999999436,322,0.6926666666667648,3,2,85.45999999999945,31.96000000000032,3,20.7
6,B,PREDATOR,174,9.494999999999637,331,0.6926666666667648,3,2,91.07999999999966,40.02999999999991,3,20.7
6,B,PREDATOR,175,-12.639999999999988,264,0.6926666666667648,6,2,90.80499999999965,34.27000000000046,0,20.7
6,B,PREDATOR,176,-12.209999999999997,221,0.6926666666667648,337,2,85.70881305637977,40.68375000000009,1,20.7
6,B,PREDATOR,177,8.053333333332843,275,0.6926666666667648,337,2,90.00272997032626,30.70000000000038,1,20.7
6,B,PREDATOR,178,-12.849999999999984,285,0.6926666666667648,4,2,87.89499999999954,35.44000000000027,2,20.7
6,B,PREDATOR,179,-12.52999999999999,253,0.6926666666667648,3,2,89.3999999999996,54.03999999999978,3,20.7
6,B,PREDATOR,180,7.783333333332836,275,0.6926666666667648,5,2,90.57999999999966,37.15000000000042,1,20.7
6,B,PREDATOR,181,-12.52999999999999,253,0.6926666666667648,337,2,92.44252225519267,45.93999999999998,0,20.7
6,B,PREDATOR,182,-12.439999999999992,244,0.6926666666667648,337,2,87.25207715133484,39.970000000000354,0,20.7
6,B,PREDATOR,183,8.26916666666615,295,0.6926666666667648,4,2,89.94249999999961,37.750000000000256,2,20.7
6,B,PREDATOR,184,10.176666666666152,330,0.6926666666667648,4,2,88.59249999999957,28.818750000000197,2,20.7
6,B,PREDATOR,185,-12.489999999999991,249,0.6926666666667648,3,2,86.39999999999948,61.929999999999424,3,20.7
6,B,PREDATOR,186,-12.679999999999987,268,0.6926666666667648,4,2,88.05249999999955,41.560000000000045,2,20.7
6,B,PREDATOR,187,10.674166666666379,320,0.6926666666667648,4,2,89.16999999999959,37.06000000000024,2,20.7
6,B,PREDATOR,188,11.672499999999564,336,0.6926666666667648,337,1,89.84798219584532,23.44000000000033,2,20.7
6,B,PREDATOR,189,-12.58999999999999,259,0.6926666666667648,337,2,91.39540059347162,37.35999999999989,1,20.7
6,B,PREDATOR,190,-12.239999999999997,224,0.6926666666667648,5,2,90.95199999999966,42.40000000000015,1,20.7
6,B,PREDATOR,191,9.59166666666617,294,0.6926666666667648,3,2,85.39999999999945,36.15999999999983,3,20.7
6,B,PREDATOR,192,-12.509999999999991,251,0.6926666666667648,6,2,88.53999999999957,35.83000000000011,0,20.7
6,B,PREDATOR,193,-11.780000000000001,178,0.6926666666667648,5,2,88.58799999999958,39.15000000000036,1,20.7
6,B,PREDATOR,194,-12.409999999999993,241,0.6926666666667648,337,2,71.74780415430266,52.20999999999978,1,20.7
6,B,PREDATOR,195,-12.389999999999993,239,0.6926666666667648,6,2,87.32999999999952,36.07000000000032,0,20.7
6,B,PREDATOR,196,11.565833333332902,268,0.6926666666667648,218,2,70.91733944954126,52.23999999999969,3,20.7
6,B,PREDATOR,197,9.073333333332771,335,0.6926666666667648,337,1,90.205727002967,7.30000000000025,1,20.7
6,B,PREDATOR,198,-12.939999999999982,294,0.6926666666667648,4,2,84.92499999999943,40.84499999999993,2,20.7
6,B,PREDATOR,199,-12.349999999999994,235,0.6926666666667648,6,2,88.42499999999957,36.40000000000037,0,20.7
6,B,PREDATOR,200,7.796666666666136,298,0.6926666666667648,4,2,88.29249999999956,37.45000000000003,2,20.7
6,B,PREDATOR,201,8.654166666666049,372,0.6926666666667648,4,2,96.51999999999987,28.398750000000195,2,20.7
6,B,PREDATOR,202,11.950833333332907,270,0.6926666666667648,337,2,94.00498516320454,39.700000000000244,1,20.7
6,B,PREDATOR,203,-12.609999999999989,261,0.6926666666667648,6,2,89.6199999999996,33.13000000000043,0,20.7
6,B,PREDATOR,204,-12.329999999999995,233,0.6926666666667648,5,2,90.84399999999965,49.44999999999986,1,20.7
6,B,PREDATOR,205,-12.659999999999988,266,0.6926666666667648,4,2,94.98999999999981,57.42999999999997,2,20.7
6,B,PREDATOR,206,-12.209999999999997,221,0.6926666666667648,3,2,89.33999999999959,61.23999999999947,3,20.7
6,B,PREDATOR,207,31.999166666666937,378,0.6926666666667648,3,2,90.05999999999962,29.920000000000094,3,20.7
6,B,PREDATOR,208,-12.649999999999988,265,0.6926666666667648,1,2,85.62999999999946,68.22999999999942,5,20.7
6,B,PREDATOR,209,-12.729999999999986,273,0.6926666666667648,337,2,90.9302967359047,37.99000000000031,0,20.7
6,B,PREDATOR,210,-12.55999999999999,256,0.6926666666667648,5,2,89.75199999999961,44.86000000000007,1,20.7
6,B,PREDATOR,211,-12.1,210,0.6926666666667648,157,2,78.06694267515921,27.400000000000354,0,20.7
6,B,PREDATOR,212,-12.209999999999997,221,0.6926666666667648,2,2,96.33999999999986,70.47999999999934,4,20.7
6,B,PREDATOR,213,-12.299999999999995,230,0.6926666666667648,4,2,92.78499999999973,55.95999999999931,2,20.7
6,B,PREDATOR,214,-12.58999999999999,259,0.6926666666667648,337,2,90.41169139465858,44.66249999999992,1,20.7
6,B,PREDATOR,215,-12.189999999999998,219,0.6926666666667648,5,2,89.6019999999996,45.36999999999982,1,20.7
6,B,PREDATOR,216,-12.58999999999999,259,0.6926666666667648,337,2,93.461424332344,44.63625000000011,1,20.7
6,B,PREDATOR,217,8.946666666666088,345,0.6926666666667648,4,2,93.09999999999974,28.30000000000044,2,20.7
6,B,PREDATOR,218,-12.379999999999994,238,0.6926666666667648,337,2,89.27943620178002,44.63625000000003,1,20.7
6,B,PREDATOR,219,51.30749999999956,442,0.6926666666667648,3,0,93.52999999999975,0.0,3,20.7
6,B,PREDATOR,220,11.753333333333002,283,0.6926666666667648,337,2,87.5546587537091,36.49000000000031,1,20.7
6,B,PREDATOR,221,7.399166666666124,304,0.6926666666667648,337,2,92.58531157270008,36.95249999999988,2,20.7
6,B,PREDATOR,222,-12.339999999999995,234,0.6926666666667648,337,2,76.69059347181006,35.47000000000038,0,20.7
6,B,PREDATOR,223,-12.439999999999992,244,0.6926666666667648,5,2,86.6739999999995,47.65874999999983,1,20.7
6,B,PREDATOR,224,-12.199999999999998,220,0.6926666666667648,337,2,92.39445103857545,62.950000000000145,67,20.7
6,B,PREDATOR,225,50.87416666666663,465,0.6926666666667648,2,1,85.46499999999945,20.465000000000078,4,20.7
6,B,PREDATOR,226,10.834166666666453,343,0.6926666666667648,337,2,78.21543026706229,25.21000000000037,2,20.7
6,B,PREDATOR,227,87.73499999999835,500,0.6926666666667648,337,1,93.23379821958432,8.375000000000298,4,20.7
6,B,PREDATOR,228,-12.609999999999989,261,0.6926666666667648,4,2,92.1399999999997,62.019999999999875,2,20.7
6,B,PREDATOR,229,-11.23,123,0.6926666666667648,3,3,95.73999999999984,50.660000000000075,3,20.7
6,B,PREDATOR,230,32.790833333333566,361,0.6926666666667648,1,2,93.63999999999976,34.68999999999975,5,20.7
6,B,PREDATOR,231,-12.159999999999998,216,0.6926666666667648,337,2,90.90094955489604,51.5799999999998,0,20.7
6,B,PREDATOR,232,7.834166666666173,274,0.6926666666667648,4,2,87.65499999999953,36.712500000000304,2,20.7
6,B,PREDATOR,233,10.239166666666184,290,0.6926666666667648,337,2,91.86299703264065,33.63999999999985,2,20.7
6,B,PREDATOR,234,-12.459999999999992,246,0.6926666666667648,5,2,89.88399999999963,52.23999999999964,1,20.7
6,B,PREDATOR,235,-12.299999999999995,230,0.6926666666667648,3,2,89.2299999999996,70.98999999999918,3,20.7
6,B,PREDATOR,236,-12.339999999999995,234,0.6926666666667648,297,2,70.77858585858586,54.39999999999951,2,20.7
6,B,PREDATOR,237,9.478333333332971,281,0.6926666666667648,337,2,91.56412462907993,32.830000000000325,1,20.7
6,B,PREDATOR,238,12.26666666666632,293,0.6926666666667648,337,2,88.00516320474732,13.69000000000039,1,20.7
6,B,PREDATOR,239,7.904999999999395,352,0.6926666666667648,3,2,91.52999999999967,28.840000000000224,3,20.7
6,B,PREDATOR,240,10.849166666666205,283,0.6926666666667648,1,2,86.58999999999949,49.687499999999496,5,20.7
6,B,PREDATOR,241,31.472500000000394,401,0.6926666666667648,2,1,90.69999999999965,40.89999999999966,4,20.7
6,B,PREDATOR,242,-12.159999999999998,216,0.6926666666667648,6,2,90.42499999999963,42.88000000000031,0,20.7
6,B,PREDATOR,243,-12.219999999999997,222,0.6926666666667648,3,2,83.9799999999994,65.38000000000005,3,20.7
6,B,PREDATOR,244,7.159166666666179,301,0.6926666666667648,4,2,91.8999999999997,47.38499999999969,2,20.7
6,B,PREDATOR,245,-12.159999999999998,216,0.6926666666667648,4,2,90.78999999999965,44.9099999999998,2,20.7
6,B,PREDATOR,246,-12.859999999999983,286,0.6926666666667648,337,2,91.58780415430236,32.08000000000034,0,20.7
6,B,PREDATOR,247,7.88666666666615,289,0.6926666666667648,4,2,88.44999999999956,42.91000000000001,2,20.7
6,B,PREDATOR,248,147.42249999999981,500,0.6926666666667648,337,1,90.33946587537056,44.599999999999824,6,20.7
6,B,PREDATOR,249,7.246666666666128,299,0.6926666666667648,3,2,88.44999999999955,41.97749999999992,3,20.7
6,B,PREDATOR,250,-12.249999999999996,225,0.6926666666667648,282,2,68.98081560283687,43.720000000000155,1,20.7
6,B,PREDATOR,251,11.259999999999861,288,0.6926666666667648,3,2,91.85999999999969,37.27000000000017,3,20.7
6,B,PREDATOR,252,-12.58999999999999,259,0.6926666666667648,4,2,90.48999999999964,30.58000000000014,2,20.7
6,B,PREDATOR,253,-11.270000000000001,127,0.6926666666667648,2,3,87.92499999999954,60.02083333333326,4,20.7
6,B,PREDATOR,254,-12.189999999999998,219,0.6926666666667648,337,2,91.25762611275948,45.07000000000018,0,20.7
6,B,PREDATOR,255,-12.279999999999996,228,0.6926666666667648,3,2,89.65999999999961,56.289999999999935,3,20.7
6,B,PREDATOR,256,-12.199999999999998,220,0.6926666666667648,6,2,89.5799999999996,39.55000000000038,0,20.7
6,B,PREDATOR,257,-12.189999999999998,219,0.6926666666667648,337,2,81.33706231454003,49.26999999999995,0,20.7
6,B,PREDATOR,258,-12.209999999999997,221,0.6926666666667648,4,2,90.65499999999965,49.148749999999794,2,20.7
6,B,PREDATOR,259,10.348333333332866,283,0.6926666666667648,2,2,88.56999999999957,39.88000000000012,9,20.7
6,B,PREDATOR,260,13.542499999999835,314,0.6926666666667648,337,2,89.81602373887202,19.12000000000029,1,20.7
6,B,PREDATOR,261,-12.229999999999997,223,0.6926666666667648,220,2,73.16763636363635,33.49000000000041,0,20.7
6,B,PREDATOR,262,30.902500000000124,404,0.6926666666667648,337,2,87.43436201780368,19.600000000000435,4,20.7
6,B,PREDATOR,263,105.00499999999806,500,0.6926666666667648,1,2,86.9199999999995,25.3774999999996,5,20.7
6,B,PREDATOR,264,11.933333333332873,292,0.6926666666667648,5,2,82.47399999999934,31.960000000000203,1,20.7
6,B,PREDATOR,265,86.65666666666483,500,0.6926666666667648,0,2,0.0,26.415000000000056,6,20.7
6,B,PREDATOR,266,9.886666666666043,386,0.6926666666667648,3,2,85.90999999999947,32.00999999999976,3,20.7
6,B,PREDATOR,267,10.79583333333313,183,0.6926666666667648,4,3,89.0724999999996,30.828333333333358,2,20.7
6,B,PREDATOR,268,-13.159999999999977,316,0.6926666666667648,337,2,87.62887240356037,42.09999999999992,2,20.7
6,B,PREDATOR,269,8.662499999999506,283,0.6926666666667648,3,2,83.63999999999938,47.53874999999969,3,20.7
6,B,PREDATOR,270,-12.209999999999997,221,0.6926666666667648,6,2,88.09499999999956,35.53000000000038,0,20.7
6,B,PREDATOR,271,-12.309999999999995,231,0.6926666666667648,6,3,88.82999999999959,13.053333333333413,0,20.7
6,B,PREDATOR,272,-12.209999999999997,221,0.6926666666667648,6,2,83.87499999999939,45.730000000000075,0,20.7
6,B,PREDATOR,273,-12.259999999999996,226,0.6926666666667648,5,2,91.76799999999969,33.16000000000018,1,20.7
6,B,PREDATOR,274,7.498333333332811,290,0.6926666666667648,5,2,92.0439999999997,36.400000000000254,1,20.7
6,B,PREDATOR,275,-12.469999999999992,247,0.6926666666667648,4,2,90.62499999999964,40.840000000000245,2,20.7
6,B,PREDATOR,276,11.329166666666202,289,0.6926666666667648,337,2,91.54516320474757,43.50999999999988,2,20.7
6,B,PREDATOR,277,-12.58999999999999,259,0.6926666666667648,6,2,88.05499999999955,32.470000000000475,0,20.7
6,B,PREDATOR,278,-12.52999999999999,253,0.6926666666667648,5,2,88.31799999999956,48.5924999999997,1,20.7
6,B,PREDATOR,279,-12.389999999999993,239,0.6926666666667648,6,2,89.53499999999961,40.42000000000037,0,20.7
6,B,PREDATOR,280,6.896666666666034,361,0.6926666666667648,4,1,92.96499999999973,22.820000000000235,2,20.7
6,B,PREDATOR,281,-12.879999999999983,288,0.6926666666667648,6,2,86.47999999999949,34.540000000000404,0,20.7
6,B,PREDATOR,282,-12.409999999999993,241,0.6926666666667648,337,2,89.35976261127585,36.84375000000018,1,20.7
6,B,PREDATOR,283,-12.909999999999982,291,0.6926666666667648,6,2,89.59999999999961,26.230000000000445,0,20.7
6,B,PREDATOR,284,10.553333333332771,349,0.6926666666667648,5,2,86.27199999999948,24.970000000000283,1,20.7
6,B,PREDATOR,285,-12.159999999999998,216,0.6926666666667648,4,2,89.73249999999962,58.17999999999979,2,20.7
6,B,PREDATOR,286,10.875833333332833,310,0.6926666666667648,5,2,86.48799999999949,23.35000000000042,1,20.7
6,B,PREDATOR,287,-12.169999999999998,217,0.6926666666667648,5,2,90.98199999999966,56.31999999999972,1,20.7
6,B,PREDATOR,288,-12.339999999999995,234,0.6926666666667648,6,2,87.69499999999954,46.87000000000003,0,20.7
6,B,PREDATOR,289,-13.47999999999997,348,0.6926666666667648,5,2,90.44799999999964,38.58999999999998,1,20.7
6,B,PREDATOR,290,7.088333333332715,355,0.6926666666667648,5,2,95.60799999999983,21.250000000000433,1,20.7
6,B,PREDATOR,291,-12.809999999999985,281,0.6926666666667648,6,2,94.61999999999979,27.280000000000328,0,20.7
6,B,PREDATOR,292,-12.829999999999984,283,0.6926666666667648,5,2,89.67399999999961,40.090000000000245,1,20.7
6,B,PREDATOR,293,-12.12,212,0.6926666666667648,4,2,87.81249999999955,43.8400000000002,2,20.7
6,B,PREDATOR,294,-12.609999999999989,261,0.6926666666667648,6,2,93.71999999999976,31.63000000000023,0,20.7
6,B,PREDATOR,295,11.169166666666149,332,0.6926666666667648,4,2,94.35999999999979,31.210000000000257,2,20.7
6,B,PREDATOR,296,10.063333333332741,368,0.6926666666667648,5,1,90.50199999999964,33.94000000000014,1,20.7
6,B,PREDATOR,297,-12.98999999999998,299,0.6926666666667648,5,2,90.00999999999962,29.590000000000394,1,20.7
6,B,PREDATOR,298,-13.00999999999998,301,0.6926666666667648,337,2,89.67243323442098,20.98000000000018,0,20.7
6,B,PREDATOR,299,8.865833333332711,376,0.6926666666667648,337,1,69.13887240356082,21.58000000000046,1,20.7
6,B,PREDATOR,300,-12.309999999999995,231,0.6926666666667648,337,2,89.95293768545979,44.23000000000022,0,20.7
6,B,PREDATOR,301,9.015833333332852,277,0.6926666666667648,5,2,86.8479999999995,42.459999999999994,1,20.7
6,B,PREDATOR,302,-12.599999999999989,260,0.6926666666667648,6,2,93.05499999999972,36.25000000000041,0,20.7
6,B,PREDATOR,303,-11.290000000000001,129,0.6926666666667648,337,3,91.79267062314517,39.448333333333395,1,20.7
6,B,PREDATOR,304,-12.809999999999985,281,0.6926666666667648,4,2,85.35249999999945,43.80749999999989,2,20.7
6,B,PREDATOR,305,7.261666666666072,338,0.6926666666667648,1,2,91.65999999999968,46.29999999999983,5,20.7
6,B,PREDATOR,306,-12.619999999999989,262,0.6926666666667648,337,2,93.42507418397605,28.51000000000034,0,20.7
6,B,PREDATOR,307,-12.599999999999989,260,0.6926666666667648,337,2,72.06106824925813,28.421250000000278,1,20.7
6,B,PREDATOR,308,-12.389999999999993,239,0.6926666666667648,6,2,91.22499999999967,35.6200000000003,0,20.7
6,B,PREDATOR,309,-12.789999999999985,279,0.6926666666667648,4,2,87.09249999999952,45.219999999999885,2,20.7
6,B,PREDATOR,310,-12.53999999999999,254,0.6926666666667648,5,2,84.74199999999942,37.2699999999999,1,20.7
6,B,PREDATOR,311,-12.889999999999983,289,0.6926666666667648,6,2,85.83499999999947,29.9200000000004,0,20.7
6,B,PREDATOR,312,11.51249999999965,295,0.6926666666667648,3,2,90.23999999999963,38.32000000000013,3,20.7
6,B,PREDATOR,313,12.118333333333004,287,0.6926666666667648,5,2,90.03399999999962,27.310000000000258,1,20.7
6,B,PREDATOR,314,84.44416666666478,500,0.6926666666667648,0,1,0.0,17.397499999999287,6,20.7
6,B,PREDATOR,315,-11.57,157,0.6926666666667648,6,3,89.5849999999996,25.72000000000007,0,20.7
6,B,PREDATOR,316,7.889999999999395,373,0.6926666666667648,3,2,83.70999999999938,24.190000000000033,3,20.7
6,B,PREDATOR,317,-13.189999999999976,319,0.6926666666667648,5,1,87.56199999999953,31.777500000000558,1,20.7
6,B,PREDATOR,318,-12.319999999999995,232,0.6926666666667648,6,2,88.79499999999958,31.960000000000434,0,20.7
6,B,PREDATOR,319,29.95166666666716,495,0.6926666666667648,3,1,92.0199999999997,20.800000000000026,3,20.7
6,B,PREDATOR,320,8.959166666666148,391,0.6926666666667648,4,1,90.39999999999964,29.060000000000176,2,20.7
6,B,PREDATOR,321,-12.759999999999986,276,0.6926666666667648,337,2,90.33614243323424,30.430000000000216,0,20.7
6,B,PREDATOR,322,-12.53999999999999,254,0.6926666666667648,3,2,84.49999999999942,44.14000000000017,3,20.7
6,B,PREDATOR,323,-12.309999999999995,231,0.6926666666667648,5,2,90.99399999999966,56.139999999999596,1,20.7
6,B,PREDATOR,324,1757.6899999999926,500,0.6926666666667648,337,1,88.61608308605305,100.0,72,20.7
6,B,PREDATOR,325,-12.149999999999999,215,0.6926666666667648,282,3,66.32258865248227,28.543333333333123,1,20.7
6,B,PREDATOR,326,12.16333333333287,296,0.6926666666667648,5,2,87.59199999999953,37.480000000000274,1,20.7
6,B,PREDATOR,327,41.25250000000042,500,0.6926666666667648,4,2,87.65499999999953,2.4162500000003835,2,20.7
6,B,PREDATOR,328,144.83499999999987,500,0.6926666666667648,0,1,0.0,40.647499999999795,7,20.7
6,B,PREDATOR,329,-13.45999999999997,346,0.6926666666667648,3,1,86.5499999999995,45.699999999999434,3,20.7
6,B,PREDATOR,330,-12.859999999999983,286,0.6926666666667648,4,2,87.45999999999952,28.060000000000393,2,20.7
6,B,PREDATOR,331,8.199999999999333,417,0.6926666666667648,3,2,88.27999999999956,28.060000000000073,3,20.7
6,B,PREDATOR,332,-12.259999999999996,226,0.6926666666667648,5,2,84.61599999999942,56.2299999999996,1,20.7
6,B,PREDATOR,333,9.979166666666144,316,0.6926666666667648,337,1,91.08700296735887,33.694999999999744,2,20.7
6,B,PREDATOR,334,-12.209999999999997,221,0.6926666666667648,337,2,89.97489614243311,43.361250000000155,2,20.7
6,B,PREDATOR,335,-12.52999999999999,253,0.6926666666667648,337,2,89.36210682492569,43.54000000000012,0,20.7
6,B,PREDATOR,336,-12.419999999999993,242,0.6926666666667648,5,2,89.67999999999961,48.819999999999844,1,20.7
6,B,PREDATOR,337,-11.530000000000001,153,0.6926666666667648,6,3,89.34999999999961,32.70000000000013,0,20.7
6,B,PREDATOR,338,-12.939999999999982,294,0.6926666666667648,5,2,90.89799999999966,27.607500000000083,1,20.7
6,B,PREDATOR,339,-11.4,140,0.6926666666667648,6,3,88.45499999999954,34.68000000000011,0,20.7
6,B,PREDATOR,340,-12.459999999999992,246,0.6926666666667648,337,2,90.34005934718066,40.33000000000028,0,20.7
6,B,PREDATOR,341,-12.889999999999983,289,0.6926666666667648,5,2,91.59399999999968,38.24250000000013,1,20.7
6,B,PREDATOR,342,7.575833333332698,370,0.6926666666667648,5,0,92.31999999999971,0.0,1,20.7
6,B,PREDATOR,343,90.59333333333309,500,0.6926666666667648,2,1,95.61999999999983,22.39499999999993,4,20.7
6,B,PREDATOR,344,8.80833333333275,348,0.6926666666667648,5,2,93.14799999999974,17.140000000000356,1,20.7
6,B,PREDATOR,345,-12.389999999999993,239,0.6926666666667648,6,2,87.90999999999956,35.770000000000366,0,20.7
6,B,PREDATOR,346,-12.239999999999997,224,0.6926666666667648,5,2,93.42399999999975,41.44500000000015,1,20.7
6,B,PREDATOR,347,-12.239999999999997,224,0.6926666666667648,337,2,86.82777448071167,67.20999999999998,54,20.7
6,B,PREDATOR,348,29.8366666666672,484,0.6926666666667648,3,1,88.23999999999955,23.500000000000146,3,20.7
6,B,PREDATOR,349,-12.959999999999981,296,0.6926666666667648,5,2,87.71799999999953,25.00000000000024,1,20.7
6,B,PREDATOR,350,40.74916666666686,500,0.6926666666667648,2,1,86.6949999999995,8.17249999999996,4,20.7
7,A,PREY,1,66.83000000000003,15,13139.604999999898,5,2,96.57999999999987,100.0,2,1.5
7,A,PREY,2,707.1600000000014,216,13139.604999999898,337,2,92.76982195845669,50.062499999999716,1,1.5
7,A,PREY,3,2194.4500000000007,500,13139.604999999898,338,1,79.26633136094671,4.399999999999328,1,1.5
7,A,PREY,4,2034.4900000000048,500,13139.604999999898,338,1,86.60665680473322,97.3599999999999,5,1.5
7,A,PREY,5,2354.409999999982,500,13139.604999999898,7,2,89.51714285714245,6.399999999999904,0,1.5
7,A,PREY,6,2314.4199999999973,500,13139.604999999898,338,1,90.30384615384578,0.9999999999999974,0,1.5
7,A,PREY,7,2144.6500000000037,431,13139.604999999898,4,1,93.87999999999977,67.63999999999906,3,1.5
7,A,PREY,8,66.83999999999999,14,13139.604999999898,6,2,96.48999999999988,89.55999999999999,1,1.5
7,A,PREY,9,1307.2900000000018,188,13139.604999999898,4,2,91.77999999999969,72.7387499999998,3,1.5
7,A,PREY,10,3194.199999999967,500,13139.604999999898,2,2,89.4849999999996,40.539999999999154,5,1.5
7,A,PREY,11,262.79000000000036,64,13139.604999999898,5,2,86.22999999999948,87.75999999999986,2,1.5
7,A,PREY,12,619.7600000000007,108,13139.604999999898,4,2,93.61749999999975,85.71999999999976,3,1.5
7,A,PREY,13,1625.3600000000029,323,13139.604999999898,5,2,92.1999999999997,19.688750000000404,2,1.5
7,A,PREY,14,2224.809999999999,313,13139.604999999898,4,2,91.59999999999968,56.54749999999932,3,1.5
7,A,PREY,15,3434.1399999999785,500,13139.604999999898,5,1,89.3139999999996,13.119999999999147,2,1.5
7,A,PREY,16,3234.1899999999737,500,13139.604999999898,2,117,93.36999999999975,71.08596153846139,1061,1.5
7,A,PREY,17,3674.0799999999626,500,13139.604999999898,5,1,89.91399999999962,42.8699999999997,2,1.5
7,A,PREY,18,3274.1799999999603,500,13139.604999999898,338,1,87.34221893491076,89.4399999999996,7,1.5
7,A,PREY,19,1746.1000000000022,246,13139.604999999898,4,2,93.11499999999974,55.93624999999972,3,1.5
7,A,PREY,20,4073.979999999955,500,13139.604999999898,338,0,92.16751479289911,0.0,1,1.5
7,A,PREY,21,3554.109999999967,500,13139.604999999898,6,1,92.86499999999972,19.182499999999628,1,1.5
7,A,PREY,22,1027.3700000000017,187,13139.604999999898,6,2,91.72499999999968,47.70749999999999,1,1.5
7,A,PREY,23,3674.0799999999763,500,13139.604999999898,4,1,89.67249999999962,77.76999999999794,3,1.5
7,A,PREY,24,508.2900000000004,58,13139.604999999898,5,2,86.55999999999949,84.85999999999989,2,1.5
7,A,PREY,25,3194.1999999999634,500,13139.604999999898,6,1,90.55499999999965,2.989999999999469,1,1.5
7,A,PREY,26,3834.0399999999654,500,13139.604999999898,338,0,88.47254437869779,0.0,2,1.5
7,A,PREY,27,1706.830000000002,224,13139.604999999898,337,2,91.97433234421345,51.08624999999972,1,1.5
7,A,PREY,28,3474.129999999955,500,13139.604999999898,4,1,87.23499999999952,47.68749999999914,3,1.5
7,A,PREY,29,4873.779999999953,500,13139.604999999898,5,1,97.16799999999989,49.78249999999899,2,1.5
7,A,PREY,30,4513.8699999999535,500,13139.604999999898,338,2,91.14786982248488,26.442499999999274,2,1.5
7,A,PREY,31,189.09999999999997,35,13139.604999999898,6,2,91.8699999999997,82.84874999999994,1,1.5
7,A,PREY,32,4193.949999999964,500,13139.604999999898,6,1,91.46499999999969,0.4549999999996578,1,1.5
7,A,PREY,33,4713.81999999995,500,13139.604999999898,338,1,92.61485207100564,2.0199999999995697,1,1.5
7,A,PREY,34,1625.8800000000022,221,13139.604999999898,5,2,93.11199999999974,71.25874999999937,2,1.5
7,A,PREY,35,4873.779999999957,500,13139.604999999898,5,1,93.96999999999977,2.4049999999994354,2,1.5
7,A,PREY,36,5193.699999999955,500,13139.604999999898,5,2,96.87999999999988,27.439999999999344,2,1.5
7,A,PREY,37,4553.859999999968,500,13139.604999999898,338,1,87.62544378698178,7.467500000000206,1,1.5
7,A,PREY,38,1346.7500000000018,191,13139.604999999898,6,2,91.62499999999967,51.59624999999994,1,1.5
7,A,PREY,39,1777.3400000000017,171,13139.604999999898,3,2,87.2499999999995,81.93999999999963,4,1.5
7,A,PREY,40,5153.709999999951,500,13139.604999999898,6,1,94.5749999999998,5.799999999999366,1,1.5
7,A,PREY,41,1826.7500000000016,179,13139.604999999898,6,2,94.18999999999977,60.35249999999977,1,1.5
7,A,PREY,42,5593.599999999936,500,13139.604999999898,4,1,95.76249999999985,62.61999999999881,3,1.5
7,A,PREY,43,1907.060000000002,196,13139.604999999898,337,2,86.45228486646832,62.816249999999656,1,1.5
7,A,PREY,44,5473.62999999994,500,13139.604999999898,6,0,93.88999999999976,0.0,1,1.5
7,A,PREY,45,2426.8499999999976,204,13139.604999999898,4,2,94.17999999999978,72.57249999999966,3,1.5
7,A,PREY,46,3065.339999999979,289,13139.604999999898,5,2,92.42799999999971,40.7924999999998,2,1.5
7,A,PREY,47,509.0200000000002,35,13139.604999999898,5,2,90.93999999999966,94.58749999999989,2,1.5
7,A,PREY,48,5393.649999999946,500,13139.604999999898,338,2,86.80349112425985,94.56999999999996,10,1.5
7,A,PREY,49,6113.469999999927,500,13139.604999999898,338,2,90.72884615384581,43.811249999999895,5,1.5
7,A,PREY,50,6233.439999999928,500,13139.604999999898,7,0,92.15714285714257,0.0,0,1.5
7,A,PREY,51,1652.1600000000014,141,13139.604999999898,9,2,94.41444444444431,81.48999999999974,2,1.5
7,A,PREY,52,5833.539999999939,500,13139.604999999898,3,2,92.45999999999971,26.39624999999933,4,1.5
7,A,PREY,53,5753.559999999938,500,13139.604999999898,7,0,87.78999999999954,0.0,0,1.5
7,A,PREY,54,5873.529999999929,500,13139.604999999898,7,0,92.93714285714259,0.0,0,1.5
7,A,PREY,55,185.2600000000001,19,13139.604999999898,6,2,95.36499999999982,88.50999999999999,1,1.5
7,A,PREY,56,5753.5599999999495,500,13139.604999999898,5,1,93.23799999999974,23.082499999999254,2,1.5
7,A,PREY,57,6353.409999999931,500,13139.604999999898,338,0,92.94292899408258,0.0,0,1.5
7,A,PREY,58,2663.439999999995,289,13139.604999999898,337,2,92.4251632047475,48.32999999999949,2,1.5
7,A,PREY,59,6393.399999999928,500,13139.604999999898,3,2,93.16999999999973,21.054999999999715,4,1.5
7,A,PREY,60,7233.189999999919,500,13139.604999999898,7,0,92.64999999999974,0.0,0,1.5
7,A,PREY,61,3705.589999999981,298,13139.604999999898,4,2,91.57749999999967,49.22999999999955,3,1.5
7,A,PREY,62,428.6500000000002,24,13139.604999999898,6,2,94.7799999999998,90.75999999999995,1,1.5
7,A,PREY,63,3745.59999999998,296,13139.604999999898,337,2,88.32602373887195,29.396250000000002,1,1.5
7,A,PREY,64,1987.3000000000018,170,13139.604999999898,4,2,89.75499999999961,81.0049999999995,3,1.5
7,A,PREY,65,7113.21999999992,500,13139.604999999898,4,1,96.33249999999987,49.17999999999891,3,1.5
7,A,PREY,66,7313.169999999915,500,13139.604999999898,7,0,91.0771428571425,0.0,0,1.5
7,A,PREY,67,6913.269999999928,500,13139.604999999898,7,0,86.78285714285663,0.0,0,1.5
7,A,PREY,68,6673.329999999925,500,13139.604999999898,7,0,93.65714285714262,0.0,0,1.5
7,A,PREY,69,7033.239999999919,500,13139.604999999898,338,1,93.13718934911216,80.07999999999925,7,1.5
7,A,PREY,70,6713.319999999926,500,13139.604999999898,5,1,97.4679999999999,55.372499999998176,2,1.5
7,A,PREY,71,7193.199999999918,500,13139.604999999898,5,1,95.28399999999982,14.7524999999998,2,1.5
7,A,PREY,72,337.27000000000044,64,13139.604999999898,5,2,83.8599999999994,82.95999999999991,2,1.5
7,A,PREY,73,29.350000000000023,14,13139.604999999898,6,2,96.48999999999988,89.55999999999999,1,1.5
7,A,PREY,74,7193.1999999999225,500,13139.604999999898,6,1,91.5849999999997,10.947499999999556,1,1.5
7,A,PREY,75,6793.29999999993,500,13139.604999999898,338,0,92.81446745562103,0.0,0,1.5
7,A,PREY,76,7713.069999999918,500,13139.604999999898,7,0,89.43142857142819,0.0,0,1.5
7,A,PREY,77,8352.90999999991,500,13139.604999999898,3,2,96.53999999999986,26.349999999999298,4,1.5
7,A,PREY,78,106.31000000000002,16,13139.604999999898,5,2,95.94999999999985,99.78999999999999,2,1.5
7,A,PREY,79,8312.919999999913,500,13139.604999999898,338,1,87.72902366863859,0.8199999999996364,1,1.5
7,A,PREY,80,7793.049999999919,500,13139.604999999898,5,1,96.80799999999988,0.9999999999998092,2,1.5
7,A,PREY,81,7113.219999999933,500,13139.604999999898,338,0,91.63355029585766,0.0,0,1.5
7,A,PREY,82,8192.94999999991,500,13139.604999999898,338,0,92.36606508875711,0.0,0,1.5
7,A,PREY,83,65.84,14,13139.604999999898,6,2,96.66499999999989,89.55999999999999,1,1.5
7,A,PREY,84,8592.849999999911,500,13139.604999999898,338,1,89.56698224852032,90.93999999999993,5,1.5
7,A,PREY,85,7153.209999999926,500,13139.604999999898,338,2,86.26881656804682,23.86624999999931,2,1.5
7,A,PREY,86,7953.009999999911,500,13139.604999999898,4,1,90.63999999999965,14.672499999999747,3,1.5
7,A,PREY,87,7353.159999999924,500,13139.604999999898,338,1,91.53245562130145,13.782499999999915,1,1.5
7,A,PREY,88,8152.959999999909,500,13139.604999999898,338,0,92.718343195266,0.0,0,1.5
7,A,PREY,89,8152.959999999911,500,13139.604999999898,338,2,93.74443786982225,90.12999999999968,10,1.5
7,A,PREY,90,8392.899999999903,500,13139.604999999898,6,0,94.11499999999978,0.0,1,1.5
7,A,PREY,91,8472.87999999992,500,13139.604999999898,7,0,96.13857142857128,0.0,0,1.5
7,A,PREY,92,185.80000000000007,15,13139.604999999898,6,2,96.26499999999987,89.64999999999998,1,1.5
7,A,PREY,93,8512.86999999991,500,13139.604999999898,4,2,94.14999999999978,6.908749999999771,3,1.5
7,A,PREY,94,8592.849999999911,500,13139.604999999898,5,1,94.97199999999981,43.514999999998636,2,1.5
7,A,PREY,95,8632.839999999907,500,13139.604999999898,7,0,96.5585714285713,0.0,0,1.5
7,A,PREY,96,7313.169999999926,500,13139.604999999898,338,1,89.90624260354991,53.789999999998614,2,1.5
7,A,PREY,97,7673.0799999999235,500,13139.604999999898,338,2,93.83011834319504,30.737499999998928,3,1.5
7,A,PREY,98,5504.129999999957,349,13139.604999999898,4,2,91.25499999999967,45.9724999999993,3,1.5
7,A,PREY,99,9072.7299999999,500,13139.604999999898,338,1,94.21582840236664,96.87999999999988,5,1.5
7,A,PREY,100,2146.459999999998,200,13139.604999999898,44,2,95.71749999999997,70.60874999999959,3,1.5
7,A,PREY,101,8112.969999999911,500,13139.604999999898,338,1,88.66636094674514,92.07999999999984,6,1.5
7,A,PREY,102,9272.679999999906,500,13139.604999999898,338,1,87.11251479289892,6.3999999999999275,0,1.5
7,A,PREY,103,9032.739999999903,500,13139.604999999898,338,0,91.67065088757364,0.0,0,1.5
7,A,PREY,104,107.32999999999996,14,13139.604999999898,6,2,96.73999999999988,89.55999999999999,1,1.5
7,A,PREY,105,8752.8099999999,500,13139.604999999898,6,1,90.37499999999964,10.370000000000134,1,1.5
7,A,PREY,106,10192.449999999893,500,13139.604999999898,338,0,89.11869822485164,0.0,0,1.5
7,A,PREY,107,7473.129999999928,500,13139.604999999898,4,2,94.9974999999998,28.9599999999995,3,1.5
7,A,PREY,108,9792.549999999896,500,13139.604999999898,6,1,89.33999999999959,30.717499999999564,1,1.5
7,A,PREY,109,8752.809999999918,500,13139.604999999898,338,0,88.94011834319484,0.0,3,1.5
7,A,PREY,110,304.2600000000001,16,13139.604999999898,5,2,95.94999999999985,100.0,2,1.5
7,A,PREY,111,9272.679999999897,500,13139.604999999898,5,2,89.22999999999959,13.78624999999926,2,1.5
7,A,PREY,112,8872.779999999906,500,13139.604999999898,6,0,93.98999999999978,0.0,1,1.5
7,A,PREY,113,8912.769999999913,500,13139.604999999898,338,0,90.24032544378662,0.0,0,1.5
7,A,PREY,114,3586.4799999999937,212,13139.604999999898,337,2,91.59050445103837,87.44999999999973,5,1.5
7,A,PREY,115,10112.469999999892,500,13139.604999999898,338,0,86.557337278106,0.0,0,1.5
7,A,PREY,116,8232.93999999992,500,13139.604999999898,6,1,90.85499999999966,12.879999999999123,1,1.5
7,A,PREY,117,9312.669999999902,500,13139.604999999898,338,1,92.32115384615356,10.260000000000225,2,1.5
7,A,PREY,118,10272.42999999989,500,13139.604999999898,338,1,91.11946745562098,95.37999999999987,5,1.5
7,A,PREY,119,8672.829999999918,500,13139.604999999898,338,1,91.06381656804699,17.952499999999,2,1.5
7,A,PREY,120,10112.469999999892,500,13139.604999999898,338,1,90.59097633136058,93.1599999999998,5,1.5
7,A,PREY,121,9472.629999999896,500,13139.604999999898,6,0,91.7549999999997,0.0,1,1.5
7,A,PREY,122,10352.409999999893,500,13139.604999999898,6,1,88.13999999999955,0.7249999999994635,1,1.5
7,A,PREY,123,9992.499999999896,500,13139.604999999898,4,2,91.40499999999967,8.60749999999977,3,1.5
7,A,PREY,124,3786.2199999999943,183,13139.604999999898,6,2,96.01499999999986,65.88749999999959,1,1.5
7,A,PREY,125,1627.8500000000008,74,13139.604999999898,4,2,85.21749999999943,93.12749999999984,3,1.5
7,A,PREY,126,10672.329999999887,500,13139.604999999898,4,1,92.69499999999972,57.2349999999989,3,1.5
7,A,PREY,127,10152.459999999897,500,13139.604999999898,6,1,93.58499999999977,13.699999999999633,1,1.5
7,A,PREY,128,3586.2499999999914,185,13139.604999999898,6,2,89.5849999999996,66.91499999999954,1,1.5
7,A,PREY,129,828.4600000000004,33,13139.604999999898,6,2,91.35999999999967,84.95624999999993,1,1.5
7,A,PREY,130,10952.259999999886,500,13139.604999999898,338,0,91.45337278106476,0.0,0,1.5
7,A,PREY,131,9512.61999999991,500,13139.604999999898,338,1,91.11233727810617,84.09999999999992,6,1.5
7,A,PREY,132,3386.029999999994,162,13139.604999999898,6,2,88.80999999999959,51.093750000000085,1,1.5
7,A,PREY,133,4106.51999999999,195,13139.604999999898,4,2,93.69249999999977,64.70374999999974,3,1.5
7,A,PREY,134,307.78000000000014,14,13139.604999999898,6,2,96.48999999999988,89.55999999999999,1,1.5
7,A,PREY,135,267.52000000000027,41,13139.604999999898,6,2,89.4249999999996,83.99624999999989,1,1.5
7,A,PREY,136,9101.299999999912,442,13139.604999999898,3,2,93.65999999999976,29.63124999999958,4,1.5
7,A,PREY,137,6223.049999999957,339,13139.604999999898,6,1,91.41499999999968,49.88749999999973,1,1.5
7,A,PREY,138,11192.199999999886,500,13139.604999999898,5,1,92.65599999999972,46.7749999999992,2,1.5
7,A,PREY,139,11752.059999999881,500,13139.604999999898,338,1,93.48795857988141,20.53249999999953,1,1.5
7,A,PREY,140,10832.289999999886,500,13139.604999999898,4,2,93.80499999999977,32.916249999999124,3,1.5
7,A,PREY,141,68.12999999999985,35,13139.604999999898,6,2,91.16999999999966,85.27874999999986,1,1.5
7,A,PREY,142,68.24000000000005,24,13139.604999999898,5,3,95.04999999999981,56.284166666666685,2,1.5
7,A,PREY,143,9472.629999999908,500,13139.604999999898,338,0,87.97985207100547,0.0,1,1.5
7,A,PREY,144,9912.519999999904,500,13139.604999999898,338,1,89.5490828402363,82.71999999999937,4,1.5
7,A,PREY,145,7982.509999999934,349,13139.604999999898,4,2,93.33999999999975,19.367500000000227,3,1.5
7,A,PREY,146,10632.339999999891,500,13139.604999999898,338,8,90.57103550295822,36.644687499999925,36,1.5
7,A,PREY,147,26.340000000000032,15,13139.604999999898,6,2,96.21999999999986,89.49999999999999,1,1.5
7,A,PREY,148,107.71999999999991,25,13139.604999999898,6,2,93.83999999999976,86.93249999999995,1,1.5
7,A,PREY,149,11592.099999999886,500,13139.604999999898,7,0,91.50571428571398,0.0,0,1.5
7,A,PREY,150,4026.169999999993,182,13139.604999999898,337,2,94.12584569732928,64.72499999999965,1,1.5
7,A,PREY,151,11792.049999999885,500,13139.604999999898,4,1,93.09999999999974,14.924999999999562,3,1.5
7,A,PREY,152,9432.63999999991,500,13139.604999999898,6,0,90.70499999999966,0.0,1,1.5
7,A,PREY,153,12151.959999999879,500,13139.604999999898,4,1,90.57999999999964,11.357500000000654,3,1.5
7,A,PREY,154,11712.069999999883,500,13139.604999999898,338,2,93.96121301775123,41.887499999999534,8,1.5
7,A,PREY,155,7303.189999999943,398,13139.604999999898,4,2,93.77499999999976,38.13249999999941,3,1.5
7,A,PREY,156,12071.979999999876,500,13139.604999999898,6,2,92.59999999999972,9.877500000000026,1,1.5
7,A,PREY,157,12271.929999999878,500,13139.604999999898,338,1,87.28417159763266,14.969999999999827,2,1.5
7,A,PREY,158,9952.50999999991,500,13139.604999999898,338,0,88.54372781065045,0.0,0,1.5
7,A,PREY,159,10512.369999999897,500,13139.604999999898,5,2,91.11399999999966,2.922500000000303,2,1.5
7,A,PREY,160,11312.169999999891,500,13139.604999999898,2,2,99.88,27.7137499999994,5,1.5
7,A,PREY,161,68.69999999999989,28,13139.604999999898,11,2,85.90272727272715,85.12124999999992,1,1.5
7,A,PREY,162,4865.6299999999865,215,13139.604999999898,337,2,93.79646884272988,59.89624999999995,2,1.5
7,A,PREY,163,12271.929999999877,500,13139.604999999898,338,0,92.02133136094645,0.0,0,1.5
7,A,PREY,164,10552.359999999897,500,13139.604999999898,3,2,95.73999999999984,23.004999999999377,4,1.5
7,A,PREY,165,5401.339999999972,279,13139.604999999898,337,2,85.11100890207659,59.55999999999989,3,1.5
7,A,PREY,166,12711.819999999872,500,13139.604999999898,6,0,96.41999999999986,0.0,1,1.5
7,A,PREY,167,11032.239999999894,500,13139.604999999898,3,2,93.58999999999976,23.513749999999355,4,1.5
7,A,PREY,168,10872.279999999893,500,13139.604999999898,338,1,89.0346449704138,12.282499999999368,2,1.5
7,A,PREY,169,11792.049999999881,500,13139.604999999898,6,2,93.62999999999977,14.289999999999583,1,1.5
7,A,PREY,170,12231.939999999879,500,13139.604999999898,338,0,89.47763313609427,0.0,1,1.5
7,A,PREY,171,4385.599999999994,230,13139.604999999898,5,2,91.82199999999969,67.67374999999936,2,1.5
7,A,PREY,172,5505.889999999975,223,13139.604999999898,337,2,92.90483679525197,38.75625000000004,1,1.5
7,A,PREY,173,11752.059999999881,500,13139.604999999898,338,1,91.1548816568044,52.96499999999844,3,1.5
7,A,PREY,174,11472.129999999892,500,13139.604999999898,3,2,92.0599999999997,10.637499999999859,4,1.5
7,A,PREY,175,11901.659999999885,486,13139.604999999898,337,1,86.4773887240351,45.31999999999938,2,1.5
7,A,PREY,176,12231.93999999988,500,13139.604999999898,4,2,90.87999999999965,14.081249999999551,3,1.5
7,A,PREY,177,8432.889999999916,500,13139.604999999898,338,0,92.32417159763284,0.0,2,1.5
7,A,PREY,178,107.36999999999973,60,13139.604999999898,6,2,88.35499999999955,79.69124999999981,1,1.5
7,A,PREY,179,4346.23999999999,217,13139.604999999898,6,2,89.4449999999996,57.65999999999975,1,1.5
7,A,PREY,180,11752.059999999881,500,13139.604999999898,338,0,90.28142011834282,0.0,0,1.5
7,A,PREY,181,147.80000000000013,16,13139.604999999898,5,2,96.21999999999984,99.94,2,1.5
7,A,PREY,182,12311.91999999988,500,13139.604999999898,338,1,86.28937869822434,7.2999999999998515,1,1.5
7,A,PREY,183,13911.519999999866,500,13139.604999999898,4,2,91.57749999999967,11.818749999999644,3,1.5
7,A,PREY,184,10752.309999999896,500,13139.604999999898,5,2,90.86199999999965,9.072499999999717,2,1.5
7,A,PREY,185,13351.65999999987,500,13139.604999999898,2,2,91.77999999999969,50.60249999999918,5,1.5
7,A,PREY,186,11352.159999999896,500,13139.604999999898,338,0,86.58476331360896,0.0,1,1.5
7,A,PREY,187,11632.089999999895,500,13139.604999999898,7,2,93.3271428571426,3.8499999999999273,0,1.5
7,A,PREY,188,11912.019999999886,500,13139.604999999898,2,2,90.51999999999964,32.6049999999994,5,1.5
7,A,PREY,189,5105.8299999999845,189,13139.604999999898,337,2,88.79673590504407,64.85249999999964,1,1.5
7,A,PREY,190,348.77000000000015,14,13139.604999999898,6,2,96.51499999999987,89.55999999999999,1,1.5
7,A,PREY,191,6145.6799999999685,228,13139.604999999898,5,2,89.82999999999961,70.03499999999934,2,1.5
7,A,PREY,192,12391.899999999878,500,13139.604999999898,5,2,94.05999999999977,5.319999999999404,2,1.5
7,A,PREY,193,27.780000000000044,21,13139.604999999898,5,2,94.5999999999998,98.74,2,1.5
7,A,PREY,194,12111.969999999887,500,13139.604999999898,338,0,92.89355029585772,0.0,0,1.5
7,A,PREY,195,4705.529999999988,229,13139.604999999898,337,2,88.94516320474736,38.71874999999996,1,1.5
7,A,PREY,196,1468.0900000000006,54,13139.604999999898,5,2,85.71999999999946,85.11749999999992,2,1.5
7,A,PREY,197,13351.65999999987,500,13139.604999999898,338,2,87.18428994082792,53.25999999999957,7,1.5
7,A,PREY,198,11022.299999999905,444,13139.604999999898,337,2,90.59050445103821,30.91249999999987,3,1.5
7,A,PREY,199,788.9700000000004,33,13139.604999999898,6,2,91.40499999999967,84.35624999999993,1,1.5
7,A,PREY,200,4106.129999999994,184,13139.604999999898,5,2,91.53399999999968,77.15249999999943,2,1.5
7,A,PREY,201,13831.539999999868,500,13139.604999999898,3,2,95.56999999999982,11.428749999999981,4,1.5
7,A,PREY,202,13591.599999999868,500,13139.604999999898,6,1,95.59499999999984,7.535000000000393,1,1.5
7,A,PREY,203,11432.139999999894,500,13139.604999999898,338,1,92.12272189349095,5.199999999999951,0,1.5
7,A,PREY,204,11672.079999999894,500,13139.604999999898,4,1,92.88249999999974,48.2849999999989,3,1.5
7,A,PREY,205,12391.899999999881,500,13139.604999999898,338,0,88.14147928994038,0.0,0,1.5
7,A,PREY,206,12791.799999999874,500,13139.604999999898,338,2,93.54757396449679,70.88624999999956,7,1.5
7,A,PREY,207,8743.489999999932,332,13139.604999999898,4,2,94.20999999999978,47.491249999999525,3,1.5
7,A,PREY,208,1308.6600000000005,51,13139.604999999898,6,2,88.07499999999955,81.92999999999986,1,1.5
7,A,PREY,209,13631.589999999867,500,13139.604999999898,7,0,91.68142857142826,0.0,0,1.5
7,A,PREY,210,13631.589999999866,500,13139.604999999898,6,0,94.18999999999978,0.0,1,1.5
7,A,PREY,211,11912.019999999891,500,13139.604999999898,338,1,88.06869822485162,58.94499999999856,3,1.5
7,A,PREY,212,28.19000000000006,30,13139.604999999898,10,2,93.53199999999985,96.80249999999992,2,1.5
7,A,PREY,213,2627.0399999999972,130,13139.604999999898,132,2,84.25022727272723,64.54874999999986,1,1.5
7,A,PREY,214,12951.759999999875,500,13139.604999999898,6,1,93.21499999999975,1.939999999999661,1,1.5
7,A,PREY,215,67.12999999999997,35,13139.604999999898,5,2,90.87399999999965,94.31749999999988,2,1.5
7,A,PREY,216,13511.619999999868,500,13139.604999999898,338,2,88.19269230769187,22.40624999999973,2,1.5
7,A,PREY,217,3464.9599999999964,167,13139.604999999898,6,2,88.9449999999996,56.7899999999998,1,1.5
7,A,PREY,218,12587.849999999888,500,13139.604999999898,338,1,90.32704142011798,79.83999999999924,5,1.5
7,A,PREY,219,225.30000000000007,14,13139.604999999898,6,2,96.58999999999988,89.55999999999999,1,1.5
7,A,PREY,220,1581.3800000000008,72,13139.604999999898,5,2,81.5199999999993,84.57999999999987,2,1.5
7,A,PREY,221,13511.619999999873,500,13139.604999999898,338,2,90.0054733727807,13.90999999999977,3,1.5
7,A,PREY,222,507.5900000000002,28,13139.604999999898,6,2,93.15999999999973,87.53999999999994,1,1.5
7,A,PREY,223,987.7000000000004,55,13139.604999999898,6,2,90.22499999999964,76.7662499999999,1,1.5
7,A,PREY,224,148.23000000000005,23,13139.604999999898,6,2,94.05999999999977,87.66999999999999,1,1.5
7,A,PREY,225,12871.77999999988,500,13139.604999999898,6,0,95.09499999999981,0.0,1,1.5
7,A,PREY,226,13471.629999999874,500,13139.604999999898,338,1,91.62955621301744,2.2474999999997305,1,1.5
7,A,PREY,227,14231.439999999864,500,13139.604999999898,338,0,92.0132544378695,0.0,0,1.5
7,A,PREY,228,14591.34999999986,500,13139.604999999898,338,1,91.17920118343163,80.55999999999949,4,1.5
7,A,PREY,229,423.73000000000013,66,13139.604999999898,5,2,83.67399999999938,83.8899999999999,2,1.5
7,A,PREY,230,13031.739999999882,500,13139.604999999898,338,1,91.21556213017718,92.91999999999976,4,1.5
7,A,PREY,231,13671.579999999876,500,13139.604999999898,5,1,89.06799999999959,14.08499999999976,2,1.5
7,A,PREY,232,13511.619999999875,500,13139.604999999898,338,0,87.33618343195218,0.0,1,1.5
7,A,PREY,233,13711.569999999876,500,13139.604999999898,338,2,89.37881656804693,36.172499999999694,5,1.5
7,A,PREY,234,13591.599999999878,500,13139.604999999898,338,1,90.74748520710023,9.219999999999219,1,1.5
7,A,PREY,235,13951.509999999871,500,13139.604999999898,6,1,92.97999999999973,0.9724999999995011,1,1.5
7,A,PREY,236,13111.719999999877,500,13139.604999999898,7,0,94.10714285714263,0.0,0,1.5
7,A,PREY,237,13351.659999999878,500,13139.604999999898,4,1,93.47499999999975,27.32999999999986,3,1.5
7,A,PREY,238,6265.029999999971,240,13139.604999999898,4,2,90.66999999999965,64.3799999999997,3,1.5
7,A,PREY,239,14471.379999999861,500,13139.604999999898,6,1,94.08999999999976,3.282499999999432,1,1.5
7,A,PREY,240,13311.66999999988,500,13139.604999999898,5,1,91.19199999999967,7.429999999999523,2,1.5
7,A,PREY,241,13591.599999999875,500,13139.604999999898,338,1,87.48502958579834,2.0199999999995626,1,1.5
7,A,PREY,242,7744.2599999999475,280,13139.604999999898,5,2,87.30999999999952,61.9462499999995,2,1.5
7,A,PREY,243,14471.379999999865,500,13139.604999999898,7,0,94.0428571428569,0.0,0,1.5
7,A,PREY,244,14391.399999999863,500,13139.604999999898,3,1,96.15999999999985,64.89999999999885,4,1.5
7,A,PREY,245,12911.769999999888,500,13139.604999999898,7,0,92.7571428571426,0.0,0,1.5
7,A,PREY,246,14871.27999999986,500,13139.604999999898,7,0,91.65142857142826,0.0,0,1.5
7,A,PREY,247,13671.579999999878,500,13139.604999999898,6,1,90.16499999999962,8.01999999999929,1,1.5
7,A,PREY,248,14031.489999999876,500,13139.604999999898,338,2,92.86218934911214,43.74999999999984,5,1.5
7,A,PREY,249,4146.789999999997,167,13139.604999999898,94,2,88.4559574468085,61.70999999999982,1,1.5
7,A,PREY,250,15271.179999999858,500,13139.604999999898,338,1,86.68032544378647,99.39999999999998,6,1.5
7,A,PREY,251,14911.26999999986,500,13139.604999999898,4,1,90.36249999999964,43.30499999999944,3,1.5
7,A,PREY,252,13711.569999999878,500,13139.604999999898,7,1,92.73571428571401,1.2999999999998524,0,1.5
7,A,PREY,253,13351.659999999878,500,13139.604999999898,7,0,88.9642857142853,0.0,0,1.5
7,A,PREY,254,14191.44999999987,500,13139.604999999898,338,1,87.66875739644924,9.755000000000026,1,1.5
7,A,PREY,255,13791.549999999874,500,13139.604999999898,338,1,90.66272189349078,86.19999999999948,4,1.5
7,A,PREY,256,14151.459999999872,500,13139.604999999898,3,2,93.40999999999974,21.7374999999995,4,1.5
7,A,PREY,257,15391.149999999858,500,13139.604999999898,7,0,93.67428571428547,0.0,0,1.5
7,A,PREY,258,13191.69999999988,500,13139.604999999898,3,1,92.82999999999974,54.9149999999989,4,1.5
7,A,PREY,259,2569.6599999999967,119,13139.604999999898,5,2,83.67399999999938,83.55999999999975,3,1.5
7,A,PREY,260,15391.149999999856,500,13139.604999999898,338,0,88.11147928994038,0.0,0,1.5
7,A,PREY,261,14351.40999999987,500,13139.604999999898,5,1,87.66999999999953,4.912499999999806,2,1.5
7,A,PREY,262,107.75000000000004,22,13139.604999999898,6,2,94.4299999999998,87.87999999999998,1,1.5
7,A,PREY,263,5862.439999999975,209,13139.604999999898,337,2,93.98635014836788,62.936249999999546,1,1.5
7,A,PREY,264,14511.369999999863,500,13139.604999999898,338,1,90.62828402366829,11.859999999999156,1,1.5
7,A,PREY,265,14751.309999999869,500,13139.604999999898,6,2,90.30999999999965,3.75749999999976,1,1.5
7,A,PREY,266,7859.279999999951,275,13139.604999999898,1,107,92.1999999999997,83.90577102803735,932,1.5
7,A,PREY,267,8863.949999999939,283,13139.604999999898,337,2,86.58510385756625,63.94249999999927,3,1.5
7,A,PREY,268,15311.169999999858,500,13139.604999999898,7,1,94.20142857142835,2.499999999999911,0,1.5
7,A,PREY,269,266.2800000000001,15,13139.604999999898,6,2,96.29499999999985,90.24999999999997,1,1.5
7,A,PREY,270,13871.529999999873,500,13139.604999999898,338,1,89.187514792899,85.70499999999949,4,1.5
7,A,PREY,271,14391.399999999869,500,13139.604999999898,338,1,92.66952662721866,5.319999999999392,1,1.5
7,A,PREY,272,14631.339999999867,500,13139.604999999898,338,1,91.88816568047307,92.37999999999973,7,1.5
7,A,PREY,273,225.29000000000002,15,13139.604999999898,6,2,96.21999999999986,89.35,1,1.5
7,A,PREY,274,15031.239999999862,500,13139.604999999898,4,1,95.0874999999998,39.487499999999685,3,1.5
7,A,PREY,275,14391.399999999869,500,13139.604999999898,338,1,91.43207100591684,2.1999999999995703,1,1.5
7,A,PREY,276,14671.329999999869,500,13139.604999999898,4,1,96.81999999999988,65.85999999999895,3,1.5
7,A,PREY,277,5145.739999999986,197,13139.604999999898,6,2,85.35499999999945,58.49249999999972,1,1.5
7,A,PREY,278,15391.149999999858,500,13139.604999999898,338,0,91.65671597633104,0.0,0,1.5
7,A,PREY,279,7224.039999999959,265,13139.604999999898,3,2,90.90999999999967,65.12124999999958,4,1.5
7,A,PREY,280,15591.099999999855,500,13139.604999999898,338,1,91.70535502958549,3.702500000000124,1,1.5
7,A,PREY,281,788.5600000000003,24,13139.604999999898,6,2,93.93999999999976,87.60999999999999,1,1.5
7,A,PREY,282,6665.709999999966,212,13139.604999999898,337,2,93.85071216617203,51.20999999999982,1,1.5
7,A,PREY,283,14991.24999999986,500,13139.604999999898,338,0,88.15559171597587,0.0,0,1.5
7,A,PREY,284,26.790000000000042,20,13139.604999999898,6,2,94.8949999999998,90.84999999999997,1,1.5
7,A,PREY,285,15271.179999999862,500,13139.604999999898,338,168,78.90112426035499,64.41648809523807,1072,1.5
7,A,PREY,286,5146.509999999985,170,13139.604999999898,337,2,90.65442136498514,64.61624999999972,1,1.5
7,A,PREY,287,15311.169999999856,500,13139.604999999898,5,1,91.54599999999968,39.97249999999941,2,1.5
7,A,PREY,288,14431.389999999874,500,13139.604999999898,3,2,94.9799999999998,25.30125000000029,4,1.5
7,A,PREY,289,4986.159999999985,209,13139.604999999898,337,2,93.75676557863493,59.33624999999964,1,1.5
7,A,PREY,290,16030.989999999854,500,13139.604999999898,338,0,87.04594674556164,0.0,0,1.5
7,A,PREY,291,14551.359999999868,500,13139.604999999898,338,0,87.06600591715927,0.0,0,1.5
7,A,PREY,292,4506.569999999994,180,13139.604999999898,163,2,81.37030674846623,55.30124999999995,1,1.5
7,A,PREY,293,305.7700000000001,15,13139.604999999898,6,2,96.49499999999985,89.35,1,1.5
7,A,PREY,294,186.81,14,13139.604999999898,6,2,96.48999999999988,89.55999999999999,1,1.5
7,A,PREY,295,15311.16999999986,500,13139.604999999898,3,1,93.71999999999976,51.63999999999889,4,1.5
7,A,PREY,296,16150.959999999852,500,13139.604999999898,338,0,87.88044378698179,0.0,0,1.5
7,A,PREY,297,14391.39999999987,500,13139.604999999898,7,1,91.77142857142826,0.6999999999999348,0,1.5
7,A,PREY,298,15311.169999999864,500,13139.604999999898,5,2,95.80599999999984,14.336249999999797,2,1.5
7,A,PREY,299,15911.019999999853,500,13139.604999999898,338,0,87.34221893491076,0.0,0,1.5
7,A,PREY,300,14711.319999999872,500,13139.604999999898,5,1,95.56599999999983,41.742499999999175,2,1.5
7,A,PREY,301,857.5900000000006,69,13139.604999999898,5,2,83.9859999999994,78.01,2,1.5
7,A,PREY,302,1776.8900000000008,66,13139.604999999898,4,2,82.97499999999935,93.63999999999992,3,1.5
7,A,PREY,303,16430.889999999854,500,13139.604999999898,338,1,86.56346153846104,8.079999999999313,1,1.5
7,A,PREY,304,1267.7200000000005,46,13139.604999999898,33,2,93.94363636363632,91.31999999999991,2,1.5
7,A,PREY,305,16150.959999999852,500,13139.604999999898,5,1,94.38399999999979,26.08249999999944,2,1.5
7,A,PREY,306,14180.349999999877,460,13139.604999999898,3,2,89.85999999999962,52.07625000000003,4,1.5
7,A,PREY,307,546.2000000000002,16,13139.604999999898,6,2,96.07499999999983,89.13999999999999,1,1.5
7,A,PREY,308,12102.259999999904,371,13139.604999999898,337,2,91.35768545994033,35.546249999999546,2,1.5
7,A,PREY,309,668.6200000000002,21,13139.604999999898,6,2,95.22499999999981,88.08999999999997,1,1.5
7,A,PREY,310,15871.029999999855,500,13139.604999999898,338,0,87.0723076923072,0.0,1,1.5
7,A,PREY,311,16710.819999999854,500,13139.604999999898,338,0,94.3502366863903,0.0,0,1.5
7,A,PREY,312,1068.3100000000002,92,13139.604999999898,5,2,91.97199999999971,83.96624999999986,2,1.5
7,A,PREY,313,14911.269999999866,500,13139.604999999898,338,1,91.3659467455618,4.51250000000025,1,1.5
7,A,PREY,314,15911.019999999857,500,13139.604999999898,338,1,87.62775147928947,89.07999999999961,4,1.5
7,A,PREY,315,15351.159999999863,500,13139.604999999898,338,1,92.10467455621271,3.399999999999962,0,1.5
7,A,PREY,316,5345.279999999984,188,13139.604999999898,38,2,89.08552631578942,60.25249999999976,2,1.5
7,A,PREY,317,15071.229999999858,500,13139.604999999898,338,0,90.27778106508839,0.0,0,1.5
7,A,PREY,318,16470.879999999852,500,13139.604999999898,7,0,92.255714285714,0.0,0,1.5
7,A,PREY,319,14831.289999999868,500,13139.604999999898,338,1,88.64713017751437,65.31999999999883,4,1.5
7,A,PREY,320,2307.68,74,13139.604999999898,5,3,84.70599999999942,34.85750000000009,2,1.5
7,A,PREY,321,16630.839999999855,500,13139.604999999898,338,2,91.4280769230766,9.157499999999775,2,1.5
7,A,PREY,322,1068.3800000000003,35,13139.604999999898,8,2,92.0999999999998,94.01999999999995,2,1.5
7,A,PREY,323,16430.889999999854,500,13139.604999999898,6,1,91.80499999999968,3.935000000000546,1,1.5
7,A,PREY,324,5705.699999999979,237,13139.604999999898,5,2,90.44199999999964,54.08624999999972,2,1.5
7,A,PREY,325,16630.83999999985,500,13139.604999999898,338,1,90.02278106508838,71.2924999999991,4,1.5
7,A,PREY,326,15351.159999999862,500,13139.604999999898,5,0,93.30399999999975,0.0,2,1.5
7,A,PREY,327,16190.949999999852,500,13139.604999999898,338,1,87.54778106508829,12.519999999999428,1,1.5
7,A,PREY,328,17110.719999999856,500,13139.604999999898,3,1,88.08999999999953,61.967499999999674,4,1.5
7,A,PREY,329,14751.309999999872,500,13139.604999999898,338,1,87.22911242603503,84.1174999999996,6,1.5
7,A,PREY,330,4825.929999999989,186,13139.604999999898,6,2,91.33999999999968,58.612499999999784,1,1.5
7,A,PREY,331,15471.129999999866,500,13139.604999999898,338,0,87.03343195266224,0.0,0,1.5
7,A,PREY,332,15471.129999999857,500,13139.604999999898,7,0,95.68428571428555,0.0,0,1.5
7,A,PREY,333,16270.929999999855,500,13139.604999999898,6,1,94.04499999999977,8.952499999999754,1,1.5
7,A,PREY,334,708.5600000000003,26,13139.604999999898,6,2,93.42499999999977,88.91249999999994,1,1.5
7,A,PREY,335,16790.799999999846,500,13139.604999999898,6,1,92.54999999999973,1.969999999999465,1,1.5
7,A,PREY,336,14551.359999999871,500,13139.604999999898,6,1,92.31499999999971,4.299999999999604,1,1.5
7,A,PREY,337,16630.839999999855,500,13139.604999999898,338,2,90.12073964497004,48.65249999999957,7,1.5
7,A,PREY,338,6345.509999999971,240,13139.604999999898,3,2,91.03999999999967,58.817499999999555,4,1.5
7,A,PREY,339,16830.78999999985,500,13139.604999999898,338,1,86.86834319526578,6.399999999999974,1,1.5
7,A,PREY,340,14951.259999999867,500,13139.604999999898,338,0,87.5588757396445,0.0,2,1.5
7,A,PREY,341,15391.149999999863,500,13139.604999999898,338,2,88.46171597633092,45.05999999999962,7,1.5
7,A,PREY,342,16070.979999999858,500,13139.604999999898,338,1,87.04097633136047,8.919999999999204,1,1.5
7,A,PREY,343,16150.959999999855,500,13139.604999999898,6,1,93.35999999999974,5.059999999999428,2,1.5
7,A,PREY,344,15791.049999999861,500,13139.604999999898,3,0,95.72999999999983,0.0,4,1.5
7,A,PREY,345,16790.79999999985,500,13139.604999999898,4,2,91.8249999999997,15.863749999999138,3,1.5
7,A,PREY,346,4106.219999999999,175,13139.604999999898,119,2,83.50084033613443,49.548750000000084,1,1.5
7,A,PREY,347,16750.809999999852,500,13139.604999999898,7,0,93.05714285714258,0.0,0,1.5
7,A,PREY,348,15471.129999999863,500,13139.604999999898,2,2,97.4799999999999,15.014999999999652,5,1.5
7,A,PREY,349,584.6300000000005,72,13139.604999999898,4,2,82.43499999999933,96.36999999999989,3,1.5
7,A,PREY,350,14471.379999999877,500,13139.604999999898,7,0,89.73571428571391,0.0,0,1.5
7,B,PREDATOR,1,12.141666666666437,282,2.503249999999819,4,2,100.0,19.826250000000364,2,2.0
7,B,PREDATOR,2,-12.339999999999995,234,2.503249999999819,5,2,100.0,38.53500000000012,1,2.0
7,B,PREDATOR,3,-12.159999999999998,216,2.503249999999819,6,2,100.0,26.380000000000052,0,2.0
7,B,PREDATOR,4,-12.219999999999997,222,2.503249999999819,6,2,100.0,22.060000000000056,0,2.0
7,B,PREDATOR,5,-12.309999999999995,231,2.503249999999819,5,2,100.0,48.49499999999999,1,2.0
7,B,PREDATOR,6,-12.259999999999996,226,2.503249999999819,6,3,100.0,14.393333333333295,0,2.0
7,B,PREDATOR,7,-12.359999999999994,236,2.503249999999819,6,2,100.0,48.57999999999973,0,2.0
7,B,PREDATOR,8,-12.389999999999993,239,2.503249999999819,4,2,100.0,57.939999999999415,2,2.0
7,B,PREDATOR,9,-12.179999999999998,218,2.503249999999819,2,3,100.0,20.175833333333642,4,2.0
7,B,PREDATOR,10,-11.32,132,2.503249999999819,4,3,100.0,39.71999999999994,2,2.0
7,B,PREDATOR,11,-12.239999999999997,224,2.503249999999819,6,2,100.0,38.3199999999998,0,2.0
7,B,PREDATOR,12,-12.239999999999997,224,2.503249999999819,5,2,100.0,46.779999999999774,1,2.0
7,B,PREDATOR,13,11.79833333333316,292,2.503249999999819,4,2,100.0,37.376249999999644,2,2.0
7,B,PREDATOR,14,-12.279999999999996,228,2.503249999999819,6,2,100.0,28.98999999999994,0,2.0
7,B,PREDATOR,15,-12.169999999999998,217,2.503249999999819,4,2,100.0,65.21624999999952,2,2.0
7,B,PREDATOR,16,-12.179999999999998,218,2.503249999999819,4,2,100.0,47.499999999999574,2,2.0
7,B,PREDATOR,17,-12.309999999999995,231,2.503249999999819,4,2,100.0,41.42625000000007,2,2.0
7,B,PREDATOR,18,-12.369999999999994,237,2.503249999999819,5,2,100.0,38.358749999999944,1,2.0
7,B,PREDATOR,19,-12.149999999999999,215,2.503249999999819,4,2,100.0,64.1962499999996,2,2.0
7,B,PREDATOR,20,-12.199999999999998,220,2.503249999999819,5,2,100.0,47.516249999999815,1,2.0
7,B,PREDATOR,21,-12.159999999999998,216,2.503249999999819,6,2,100.0,55.47999999999942,0,2.0
7,B,PREDATOR,22,-12.389999999999993,239,2.503249999999819,6,2,100.0,25.270000000000014,0,2.0
7,B,PREDATOR,23,-12.249999999999996,225,2.503249999999819,4,2,100.0,46.133750000000056,2,2.0
7,B,PREDATOR,24,-12.159999999999998,216,2.503249999999819,6,2,100.0,42.57999999999976,0,2.0
7,B,PREDATOR,25,-12.159999999999998,216,2.503249999999819,4,2,100.0,47.649999999999714,2,2.0
7,B,PREDATOR,26,-12.309999999999995,231,2.503249999999819,5,2,100.0,38.279999999999866,1,2.0
7,B,PREDATOR,27,12.148333333333104,284,2.503249999999819,3,2,100.0,41.35250000000033,3,2.0
7,B,PREDATOR,28,-12.169999999999998,217,2.503249999999819,6,2,100.0,43.20999999999975,0,2.0
7,B,PREDATOR,29,12.11166666666625,285,2.503249999999819,4,2,100.0,32.97999999999987,2,2.0
7,B,PREDATOR,30,-12.239999999999997,224,2.503249999999819,6,2,100.0,15.52000000000017,0,2.0
7,B,PREDATOR,31,-12.189999999999998,219,2.503249999999819,3,2,100.0,45.92249999999997,3,2.0
7,B,PREDATOR,32,-12.249999999999996,225,2.503249999999819,5,2,100.0,30.198750000000217,1,2.0
7,B,PREDATOR,33,-12.249999999999996,225,2.503249999999819,4,2,100.0,70.64624999999906,2,2.0
7,B,PREDATOR,34,-12.209999999999997,221,2.503249999999819,5,2,100.0,43.92999999999963,1,2.0
7,B,PREDATOR,35,12.139166666666478,289,2.503249999999819,4,2,100.0,39.35249999999937,2,2.0
7,B,PREDATOR,36,-12.159999999999998,216,2.503249999999819,5,2,100.0,59.01999999999934,1,2.0
7,B,PREDATOR,37,-12.149999999999999,215,2.503249999999819,4,2,100.0,60.882499999999794,2,2.0
7,B,PREDATOR,38,-12.239999999999997,224,2.503249999999819,2,2,100.0,52.151250000000395,4,2.0
7,B,PREDATOR,39,-12.209999999999997,221,2.503249999999819,5,2,100.0,52.94624999999979,1,2.0
7,B,PREDATOR,40,-12.179999999999998,218,2.503249999999819,6,2,100.0,39.03999999999986,0,2.0
7,B,PREDATOR,41,-12.269999999999996,227,2.503249999999819,4,2,100.0,49.07375000000006,2,2.0
7,B,PREDATOR,42,-12.159999999999998,216,2.503249999999819,4,2,100.0,56.2649999999996,2,2.0
7,B,PREDATOR,43,-12.219999999999997,222,2.503249999999819,4,2,99.97,58.92999999999958,2,2.0
7,B,PREDATOR,44,12.29583333333291,276,2.503249999999819,4,2,100.0,52.179999999999396,2,2.0
7,B,PREDATOR,45,12.26833333333291,272,2.503249999999819,4,2,100.0,36.399999999999636,2,2.0
7,B,PREDATOR,46,12.239166666666419,279,2.503249999999819,4,2,100.0,49.05999999999942,2,2.0
7,B,PREDATOR,47,-12.199999999999998,220,2.503249999999819,5,2,100.0,44.94999999999957,1,2.0
7,B,PREDATOR,48,-11.32,132,2.503249999999819,5,3,100.0,38.6508333333332,1,2.0
7,B,PREDATOR,49,-12.289999999999996,229,2.503249999999819,5,2,100.0,39.68624999999969,1,2.0
7,B,PREDATOR,50,11.895833333332883,316,2.503249999999819,3,2,100.0,39.162499999999824,3,2.0
7,B,PREDATOR,51,-12.129999999999999,213,2.503249999999819,5,2,100.0,37.68999999999985,1,2.0
7,B,PREDATOR,52,-12.219999999999997,222,2.503249999999819,5,2,99.946,46.08999999999968,1,2.0
7,B,PREDATOR,53,-12.129999999999999,213,2.503249999999819,3,2,100.0,58.39249999999984,3,2.0
7,B,PREDATOR,54,14.072499999999897,285,2.503249999999819,337,2,89.04836795252184,23.81625000000021,2,2.0
7,B,PREDATOR,55,-12.169999999999998,217,2.503249999999819,6,2,100.0,36.60999999999981,0,2.0
7,B,PREDATOR,56,-12.169999999999998,217,2.503249999999819,5,2,100.0,60.75999999999938,1,2.0
7,B,PREDATOR,57,-12.289999999999996,229,2.503249999999819,4,2,100.0,45.699999999999704,2,2.0
7,B,PREDATOR,58,-12.199999999999998,220,2.503249999999819,6,2,99.955,27.70000000000013,0,2.0
7,B,PREDATOR,59,12.16249999999985,284,2.503249999999819,2,2,100.0,61.74874999999928,4,2.0
7,B,PREDATOR,60,11.71249999999967,329,2.503249999999819,2,2,100.0,41.9824999999995,4,2.0
7,B,PREDATOR,61,-11.270000000000001,127,2.503249999999819,4,3,100.0,41.7991666666666,2,2.0
7,B,PREDATOR,62,12.215833333333121,284,2.503249999999819,4,2,100.0,32.78624999999996,2,2.0
7,B,PREDATOR,63,-12.149999999999999,215,2.503249999999819,5,2,100.0,56.182499999999436,1,2.0
7,B,PREDATOR,64,11.636666666666207,328,2.503249999999819,3,2,100.0,28.342500000000115,3,2.0
7,B,PREDATOR,65,11.763333333332868,309,2.503249999999819,5,2,100.0,8.320000000000022,1,2.0
7,B,PREDATOR,66,-12.199999999999998,220,2.503249999999819,6,2,99.955,32.34999999999989,0,2.0
7,B,PREDATOR,67,-12.269999999999996,227,2.503249999999819,4,2,100.0,60.4687499999995,2,2.0
7,B,PREDATOR,68,-12.239999999999997,224,2.503249999999819,3,2,100.0,43.11500000000029,3,2.0
7,B,PREDATOR,69,-12.379999999999994,238,2.503249999999819,5,2,100.0,58.83999999999938,1,2.0
7,B,PREDATOR,70,11.947499999999843,292,2.503249999999819,3,2,100.0,54.219999999999324,12,2.0
7,B,PREDATOR,71,11.770833333332915,288,2.503249999999819,4,2,100.0,26.756249999999987,2,2.0
7,B,PREDATOR,72,11.886666666666349,309,2.503249999999819,1,2,100.0,75.31874999999975,5,2.0
7,B,PREDATOR,73,-12.209999999999997,221,2.503249999999819,4,2,100.0,56.978750000000105,2,2.0
7,B,PREDATOR,74,-12.169999999999998,217,2.503249999999819,5,2,100.0,42.459999999999724,1,2.0
7,B,PREDATOR,75,-12.249999999999996,225,2.503249999999819,5,2,100.0,44.139999999999574,1,2.0
7,B,PREDATOR,76,-12.189999999999998,219,2.503249999999819,5,2,100.0,47.34999999999965,1,2.0
7,B,PREDATOR,77,-12.199999999999998,220,2.503249999999819,3,2,100.0,64.3899999999993,3,2.0
7,B,PREDATOR,78,11.934166666666348,296,2.503249999999819,4,2,100.0,46.162499999999554,2,2.0
7,B,PREDATOR,79,60.419999999998815,460,2.503249999999819,3,1,100.0,5.200000000000044,3,2.0
7,B,PREDATOR,80,-12.279999999999996,228,2.503249999999819,4,2,100.0,65.29249999999959,2,2.0
7,B,PREDATOR,81,-12.179999999999998,218,2.503249999999819,4,2,100.0,64.72249999999963,2,2.0
7,B,PREDATOR,82,-12.249999999999996,225,2.503249999999819,3,2,100.0,64.61499999999958,3,2.0
7,B,PREDATOR,83,-12.259999999999996,226,2.503249999999819,4,3,100.0,11.4941666666668,2,2.0
7,B,PREDATOR,84,11.948333333333041,304,2.503249999999819,5,2,100.0,23.620000000000058,1,2.0
7,B,PREDATOR,85,-12.389999999999993,239,2.503249999999819,5,2,100.0,53.9199999999993,1,2.0
7,B,PREDATOR,86,-12.339999999999995,234,2.503249999999819,4,2,100.0,60.102499999999395,2,2.0
7,B,PREDATOR,87,-12.189999999999998,219,2.503249999999819,5,2,100.0,54.009999999999614,1,2.0
7,B,PREDATOR,88,-12.249999999999996,225,2.503249999999819,3,2,100.0,66.57999999999909,3,2.0
7,B,PREDATOR,89,12.048333333333035,285,2.503249999999819,5,2,100.0,26.199999999999896,1,2.0
7,B,PREDATOR,90,-12.179999999999998,218,2.503249999999819,4,2,100.0,60.62624999999963,2,2.0
7,B,PREDATOR,91,36.31666666666666,358,2.503249999999819,3,2,100.0,25.82249999999944,3,2.0
7,B,PREDATOR,92,12.065833333332874,299,2.503249999999819,3,2,100.0,36.099999999999525,3,2.0
7,B,PREDATOR,93,-12.259999999999996,226,2.503249999999819,3,2,100.0,58.11874999999982,3,2.0
7,B,PREDATOR,94,11.519166666666214,324,2.503249999999819,2,2,100.0,53.46999999999964,4,2.0
7,B,PREDATOR,95,11.975833333332895,281,2.503249999999819,337,2,90.62281899109757,15.129999999999919,1,2.0
7,B,PREDATOR,96,-12.239999999999997,224,2.503249999999819,4,2,100.0,63.86749999999922,2,2.0
7,B,PREDATOR,97,12.188333333332915,280,2.503249999999819,3,2,100.0,51.998749999999475,3,2.0
7,B,PREDATOR,98,-12.239999999999997,224,2.503249999999819,5,2,100.0,54.459999999999404,1,2.0
7,B,PREDATOR,99,12.88666666666652,218,2.503249999999819,4,3,100.0,16.62583333333352,2,2.0
7,B,PREDATOR,100,11.9908333333329,293,2.503249999999819,3,2,100.0,27.4550000000001,3,2.0
7,B,PREDATOR,101,-12.219999999999997,222,2.503249999999819,3,2,100.0,70.5387499999994,4,2.0
7,B,PREDATOR,102,-12.259999999999996,226,2.503249999999819,4,2,100.0,50.82875,2,2.0
7,B,PREDATOR,103,-12.229999999999997,223,2.503249999999819,6,2,99.91000000000001,43.539999999999765,0,2.0
7,B,PREDATOR,104,36.544166666667,342,2.503249999999819,3,2,100.0,27.18999999999964,3,2.0
7,B,PREDATOR,105,-12.139999999999999,214,2.503249999999819,4,2,100.0,56.052500000000045,2,2.0
7,B,PREDATOR,106,61.008333333332864,358,2.503249999999819,2,2,100.0,15.356249999999864,4,2.0
7,B,PREDATOR,107,-12.189999999999998,219,2.503249999999819,5,2,100.0,39.219999999999715,1,2.0
7,B,PREDATOR,108,-12.229999999999997,223,2.503249999999819,5,2,100.0,34.78875000000009,1,2.0
7,B,PREDATOR,109,-12.139999999999999,214,2.503249999999819,5,2,100.0,50.78624999999992,1,2.0
7,B,PREDATOR,110,-12.209999999999997,221,2.503249999999819,4,2,100.0,42.84500000000022,2,2.0
7,B,PREDATOR,111,-12.199999999999998,220,2.503249999999819,5,2,99.946,47.89874999999988,1,2.0
7,B,PREDATOR,112,375.76583333333485,500,2.503249999999819,2,69,100.0,60.24086956521735,938,2.0
7,B,PREDATOR,113,12.115833333332896,294,2.503249999999819,3,2,100.0,35.61875000000013,3,2.0
7,B,PREDATOR,114,-12.229999999999997,223,2.503249999999819,5,2,100.0,37.25624999999976,1,2.0
7,B,PREDATOR,115,36.35583333333349,350,2.503249999999819,2,2,100.0,24.96500000000048,4,2.0
7,B,PREDATOR,116,-12.259999999999996,226,2.503249999999819,4,2,100.0,50.36375000000001,2,2.0
7,B,PREDATOR,117,-12.219999999999997,222,2.503249999999819,5,2,100.0,47.12625000000004,1,2.0
7,B,PREDATOR,118,-12.289999999999996,229,2.503249999999819,5,2,100.0,55.59999999999951,1,2.0
7,B,PREDATOR,119,-12.189999999999998,219,2.503249999999819,5,2,100.0,44.486249999999664,1,2.0
7,B,PREDATOR,120,11.86583333333296,292,2.503249999999819,4,2,100.0,19.6087500000001,2,2.0
7,B,PREDATOR,121,-12.189999999999998,219,2.503249999999819,5,2,100.0,39.219999999999715,1,2.0
7,B,PREDATOR,122,-12.209999999999997,221,2.503249999999819,5,2,100.0,49.79625000000003,1,2.0
7,B,PREDATOR,123,-12.309999999999995,231,2.503249999999819,5,2,100.0,30.52875000000031,1,2.0
7,B,PREDATOR,124,-12.259999999999996,226,2.503249999999819,3,2,99.91000000000001,56.349999999999675,3,2.0
7,B,PREDATOR,125,-12.469999999999992,247,2.503249999999819,4,2,100.0,37.31625000000005,2,2.0
7,B,PREDATOR,126,-12.179999999999998,218,2.503249999999819,4,2,100.0,58.67624999999967,2,2.0
7,B,PREDATOR,127,12.243333333332915,282,2.503249999999819,5,2,100.0,9.76000000000019,1,2.0
7,B,PREDATOR,128,-12.159999999999998,216,2.503249999999819,4,2,100.0,62.37874999999932,2,2.0
7,B,PREDATOR,129,11.6441666666662,325,2.503249999999819,3,2,100.0,15.506250000000009,3,2.0
7,B,PREDATOR,130,35.7075000000004,350,2.503249999999819,3,2,100.0,24.416250000000012,3,2.0
7,B,PREDATOR,131,11.984166666666278,291,2.503249999999819,4,2,100.0,32.079999999999586,2,2.0
7,B,PREDATOR,132,-12.229999999999997,223,2.503249999999819,3,2,100.0,56.97999999999945,3,2.0
7,B,PREDATOR,133,-12.189999999999998,219,2.503249999999819,6,2,100.0,40.569999999999794,0,2.0
7,B,PREDATOR,134,-12.279999999999996,228,2.503249999999819,4,2,100.0,63.45499999999969,2,2.0
7,B,PREDATOR,135,11.68583333333285,337,2.503249999999819,4,2,100.0,8.842500000000273,2,2.0
7,B,PREDATOR,136,-12.159999999999998,216,2.503249999999819,4,2,100.0,46.962500000000105,2,2.0
7,B,PREDATOR,137,-12.209999999999997,221,2.503249999999819,4,2,100.0,36.258750000000035,2,2.0
7,B,PREDATOR,138,-12.199999999999998,220,2.503249999999819,337,2,78.48109792284866,68.89,58,2.0
7,B,PREDATOR,139,-12.319999999999995,232,2.503249999999819,5,2,100.0,44.42624999999988,1,2.0
7,B,PREDATOR,140,-12.509999999999991,251,2.503249999999819,4,2,100.0,43.29500000000021,2,2.0
7,B,PREDATOR,141,-12.309999999999995,231,2.503249999999819,5,2,100.0,51.549999999999464,1,2.0
7,B,PREDATOR,142,-12.299999999999995,230,2.503249999999819,5,2,100.0,58.18499999999941,1,2.0
7,B,PREDATOR,143,-12.319999999999995,232,2.503249999999819,6,2,100.0,13.360000000000298,0,2.0
7,B,PREDATOR,144,-12.339999999999995,234,2.503249999999819,5,2,99.946,47.63624999999975,1,2.0
7,B,PREDATOR,145,36.272500000000036,385,2.503249999999819,4,0,100.0,0.0,2,2.0
7,B,PREDATOR,146,-12.309999999999995,231,2.503249999999819,6,2,100.0,39.129999999999725,0,2.0
7,B,PREDATOR,147,-12.259999999999996,226,2.503249999999819,5,2,100.0,47.396249999999554,1,2.0
7,B,PREDATOR,148,-12.309999999999995,231,2.503249999999819,6,2,100.0,46.32999999999961,0,2.0
7,B,PREDATOR,149,-12.359999999999994,236,2.503249999999819,5,2,99.946,35.546250000000036,1,2.0
7,B,PREDATOR,150,11.798333333332854,319,2.503249999999819,3,2,100.0,31.767500000000517,3,2.0
7,B,PREDATOR,151,-12.249999999999996,225,2.503249999999819,4,2,100.0,67.28999999999914,2,2.0
7,B,PREDATOR,152,-12.279999999999996,228,2.503249999999819,4,2,100.0,48.57999999999956,2,2.0
7,B,PREDATOR,153,-12.459999999999992,246,2.503249999999819,5,2,100.0,38.54624999999983,1,2.0
7,B,PREDATOR,154,-12.509999999999991,251,2.503249999999819,5,2,100.0,50.09624999999951,1,2.0
7,B,PREDATOR,155,-12.209999999999997,221,2.503249999999819,5,2,100.0,56.279999999999546,1,2.0
7,B,PREDATOR,156,-12.209999999999997,221,2.503249999999819,5,3,100.0,7.33333333333336,1,2.0
7,B,PREDATOR,157,-12.209999999999997,221,2.503249999999819,4,2,100.0,48.189999999999635,2,2.0
7,B,PREDATOR,158,11.804999999999827,313,2.503249999999819,3,2,100.0,56.186249999999006,3,2.0
7,B,PREDATOR,159,11.703333333332838,315,2.503249999999819,3,2,99.91000000000001,46.29999999999956,3,2.0
7,B,PREDATOR,160,-12.479999999999992,248,2.503249999999819,5,2,100.0,41.15625000000006,1,2.0
7,B,PREDATOR,161,11.870833333333094,305,2.503249999999819,4,2,100.0,27.266249999999935,2,2.0
7,B,PREDATOR,162,11.685833333332953,337,2.503249999999819,3,2,100.0,24.541250000000307,3,2.0
7,B,PREDATOR,163,-12.489999999999991,249,2.503249999999819,6,2,100.0,42.51999999999969,0,2.0
7,B,PREDATOR,164,218.80500000000117,477,2.503249999999819,3,60,100.0,65.9757916666664,920,2.0
7,B,PREDATOR,165,-12.299999999999995,230,2.503249999999819,4,2,100.0,42.897500000000186,2,2.0
7,B,PREDATOR,166,59.80499999999872,446,2.503249999999819,2,1,100.0,13.059999999999453,4,2.0
7,B,PREDATOR,167,-12.53999999999999,254,2.503249999999819,3,2,100.0,67.11999999999905,3,2.0
7,B,PREDATOR,168,-12.259999999999996,226,2.503249999999819,6,2,100.0,37.479999999999876,0,2.0
7,B,PREDATOR,169,11.820833333333093,310,2.503249999999819,4,2,100.0,48.2662499999995,2,2.0
7,B,PREDATOR,170,11.999166666666477,303,2.503249999999819,4,2,100.0,24.04125000000002,2,2.0
7,B,PREDATOR,171,-12.51999999999999,252,2.503249999999819,2,2,100.0,70.0612499999994,4,2.0
7,B,PREDATOR,172,-12.429999999999993,243,2.503249999999819,4,2,100.0,53.906249999999744,2,2.0
7,B,PREDATOR,173,11.86333333333288,299,2.503249999999819,2,2,100.0,42.80125000000038,4,2.0
7,B,PREDATOR,174,-12.459999999999992,246,2.503249999999819,2,2,100.0,69.15999999999914,4,2.0
7,B,PREDATOR,175,11.469166666666156,356,2.503249999999819,2,2,100.0,19.114999999999988,4,2.0
7,B,PREDATOR,176,11.803333333332864,329,2.503249999999819,2,2,100.0,40.21750000000019,4,2.0
7,B,PREDATOR,177,-12.269999999999996,227,2.503249999999819,5,2,100.0,56.049999999999415,1,2.0
7,B,PREDATOR,178,-12.689999999999987,269,2.503249999999819,5,2,100.0,31.88624999999999,1,2.0
7,B,PREDATOR,179,11.391666666666316,357,2.503249999999819,4,1,100.0,25.599999999999792,2,2.0
7,B,PREDATOR,180,11.935833333332928,285,2.503249999999819,5,2,100.0,14.8000000000001,1,2.0
7,B,PREDATOR,181,12.493333333333096,209,2.503249999999819,5,3,100.0,15.640000000000043,1,2.0
7,B,PREDATOR,182,-12.55999999999999,256,2.503249999999819,5,2,99.976,43.79624999999972,1,2.0
7,B,PREDATOR,183,-12.619999999999989,262,2.503249999999819,6,2,100.0,12.160000000000144,0,2.0
7,B,PREDATOR,184,-12.169999999999998,217,2.503249999999819,5,2,100.0,63.77624999999928,1,2.0
7,B,PREDATOR,185,12.088333333333152,282,2.503249999999819,2,2,100.0,63.04249999999902,4,2.0
7,B,PREDATOR,186,-12.379999999999994,238,2.503249999999819,5,2,100.0,48.099999999999454,1,2.0
7,B,PREDATOR,187,-12.509999999999991,251,2.503249999999819,3,2,100.0,59.743749999999686,3,2.0
7,B,PREDATOR,188,-12.239999999999997,224,2.503249999999819,4,2,100.0,45.518750000000296,2,2.0
7,B,PREDATOR,189,-12.139999999999999,214,2.503249999999819,5,2,100.0,57.086249999999694,1,2.0
7,B,PREDATOR,190,-12.139999999999999,214,2.503249999999819,5,2,100.0,19.368750000000432,1,2.0
7,B,PREDATOR,191,-12.169999999999998,217,2.503249999999819,5,2,100.0,55.44999999999948,1,2.0
7,B,PREDATOR,192,-12.409999999999993,241,2.503249999999819,6,2,100.0,27.28000000000004,0,2.0
7,B,PREDATOR,193,-11.750000000000002,175,2.503249999999819,5,3,100.0,21.568333333333616,1,2.0
7,B,PREDATOR,194,35.99333333333362,339,2.503249999999819,2,2,100.0,44.16874999999953,4,2.0
7,B,PREDATOR,195,11.289999999999681,324,2.503249999999819,3,2,100.0,33.099999999999596,3,2.0
7,B,PREDATOR,196,-12.659999999999988,266,2.503249999999819,5,2,100.0,45.54999999999936,1,2.0
7,B,PREDATOR,197,-12.249999999999996,225,2.503249999999819,3,2,100.0,54.531250000000284,3,2.0
7,B,PREDATOR,198,35.39833333333347,443,2.503249999999819,1,2,100.0,19.698749999999688,5,2.0
7,B,PREDATOR,199,-12.739999999999986,274,2.503249999999819,4,2,100.0,53.12624999999966,2,2.0
7,B,PREDATOR,200,-12.879999999999983,288,2.503249999999819,5,2,100.0,32.75625000000018,1,2.0
7,B,PREDATOR,201,34.9625000000007,486,2.503249999999819,2,1,100.0,8.71250000000031,4,2.0
7,B,PREDATOR,202,11.958333333332858,303,2.503249999999819,2,2,100.0,55.919999999999405,4,2.0
7,B,PREDATOR,203,-12.189999999999998,219,2.503249999999819,6,2,100.0,28.12000000000002,0,2.0
7,B,PREDATOR,204,-11.620000000000001,162,2.503249999999819,337,3,89.28130563798182,62.86666666666648,57,2.0
7,B,PREDATOR,205,11.806666666666233,302,2.503249999999819,3,2,100.0,45.862499999999315,3,2.0
7,B,PREDATOR,206,-12.309999999999995,231,2.503249999999819,5,2,100.0,58.37999999999958,1,2.0
7,B,PREDATOR,207,-11.4,140,2.503249999999819,4,3,100.0,38.89666666666696,2,2.0
7,B,PREDATOR,208,-12.179999999999998,218,2.503249999999819,5,2,100.0,49.856249999999775,1,2.0
7,B,PREDATOR,209,12.093333333332916,276,2.503249999999819,3,2,100.0,34.06250000000039,3,2.0
7,B,PREDATOR,210,-12.309999999999995,231,2.503249999999819,5,2,100.0,36.896249999999775,1,2.0
7,B,PREDATOR,211,12.155833333333208,290,2.503249999999819,4,2,100.0,28.248750000000186,2,2.0
7,B,PREDATOR,212,-12.199999999999998,220,2.503249999999819,4,2,100.0,68.93624999999909,2,2.0
7,B,PREDATOR,213,11.99833333333291,293,2.503249999999819,2,2,100.0,40.67125000000019,4,2.0
7,B,PREDATOR,214,-12.319999999999995,232,2.503249999999819,6,2,100.0,43.509999999999806,0,2.0
7,B,PREDATOR,215,-12.359999999999994,236,2.503249999999819,5,2,100.0,56.06249999999964,1,2.0
7,B,PREDATOR,216,-12.459999999999992,246,2.503249999999819,6,2,99.955,12.130000000000177,0,2.0
7,B,PREDATOR,217,12.081666666666306,288,2.503249999999819,4,2,100.0,31.856249999999726,2,2.0
7,B,PREDATOR,218,-12.819999999999984,282,2.503249999999819,6,2,100.0,11.56000000000011,0,2.0
7,B,PREDATOR,219,-12.199999999999998,220,2.503249999999819,5,2,100.0,61.016249999999374,1,2.0
7,B,PREDATOR,220,11.76583333333288,329,2.503249999999819,4,1,99.9325,2.3850000000001312,2,2.0
7,B,PREDATOR,221,-12.619999999999989,262,2.503249999999819,5,2,100.0,36.35999999999984,1,2.0
7,B,PREDATOR,222,-12.359999999999994,236,2.503249999999819,5,2,100.0,37.98999999999963,1,2.0
7,B,PREDATOR,223,13.01333333333306,184,2.503249999999819,4,3,100.0,19.98833333333352,2,2.0
7,B,PREDATOR,224,-12.679999999999987,268,2.503249999999819,5,2,100.0,36.956250000000026,1,2.0
7,B,PREDATOR,225,11.264999999999445,375,2.503249999999819,337,1,89.05836795252185,62.61999999999987,77,2.0
7,B,PREDATOR,226,-12.489999999999991,249,2.503249999999819,4,2,100.0,60.62624999999922,2,2.0
7,B,PREDATOR,227,-12.909999999999982,291,2.503249999999819,4,2,100.0,33.99500000000004,2,2.0
7,B,PREDATOR,228,-12.169999999999998,217,2.503249999999819,2,2,100.0,71.28999999999934,4,2.0
7,B,PREDATOR,229,12.115833333332885,294,2.503249999999819,4,2,100.0,16.06875000000014,2,2.0
7,B,PREDATOR,230,-12.629999999999988,263,2.503249999999819,4,2,100.0,42.83749999999985,2,2.0
7,B,PREDATOR,231,11.494166666666272,286,2.503249999999819,4,2,100.0,33.746249999999684,2,2.0
7,B,PREDATOR,232,-13.00999999999998,301,2.503249999999819,6,2,100.0,14.080000000000005,0,2.0
7,B,PREDATOR,233,-12.189999999999998,219,2.503249999999819,6,2,100.0,47.169999999999646,0,2.0
7,B,PREDATOR,234,-11.270000000000001,127,2.503249999999819,6,3,100.0,32.71999999999984,0,2.0
7,B,PREDATOR,235,-12.709999999999987,271,2.503249999999819,4,2,100.0,62.71249999999898,2,2.0
7,B,PREDATOR,236,12.161666666666425,280,2.503249999999819,4,2,100.0,28.239999999999775,2,2.0
7,B,PREDATOR,237,-12.839999999999984,284,2.503249999999819,4,2,100.0,61.299999999998995,2,2.0
7,B,PREDATOR,238,-12.54999999999999,255,2.503249999999819,3,2,100.0,39.75999999999984,4,2.0
7,B,PREDATOR,239,35.24250000000062,437,2.503249999999819,3,1,100.0,13.359999999999934,3,2.0
7,B,PREDATOR,240,-12.739999999999986,274,2.503249999999819,1,2,100.0,59.28124999999995,5,2.0
7,B,PREDATOR,241,-12.449999999999992,245,2.503249999999819,337,2,93.53908011869412,58.40249999999952,3,2.0
7,B,PREDATOR,242,-12.259999999999996,226,2.503249999999819,5,2,100.0,49.7799999999995,1,2.0
7,B,PREDATOR,243,-12.229999999999997,223,2.503249999999819,4,2,100.0,36.219999999999786,2,2.0
7,B,PREDATOR,244,11.039999999999642,397,2.503249999999819,3,2,100.0,42.0699999999993,3,2.0
7,B,PREDATOR,245,35.61583333333388,424,2.503249999999819,3,2,100.0,6.269999999999852,3,2.0
7,B,PREDATOR,246,35.522500000000086,355,2.503249999999819,4,2,99.9325,3.250000000000113,2,2.0
7,B,PREDATOR,247,-12.359999999999994,236,2.503249999999819,6,2,100.0,35.37999999999983,0,2.0
7,B,PREDATOR,248,-12.859999999999983,286,2.503249999999819,5,2,100.0,33.92999999999975,1,2.0
7,B,PREDATOR,249,10.995833333332788,379,2.503249999999819,4,2,99.9325,12.43500000000018,2,2.0
7,B,PREDATOR,250,10.878333333332717,408,2.503249999999819,2,2,100.0,15.355000000000084,4,2.0
7,B,PREDATOR,251,-12.749999999999986,275,2.503249999999819,5,2,100.0,38.37999999999978,1,2.0
7,B,PREDATOR,252,-12.599999999999989,260,2.503249999999819,4,2,100.0,31.565000000000005,2,2.0
7,B,PREDATOR,253,-12.389999999999993,239,2.503249999999819,3,2,100.0,65.99249999999932,3,2.0
7,B,PREDATOR,254,11.698333333332938,329,2.503249999999819,4,2,100.0,37.736250000000034,2,2.0
7,B,PREDATOR,255,-12.459999999999992,246,2.503249999999819,5,2,100.0,51.69999999999952,1,2.0
7,B,PREDATOR,256,10.508333333332663,448,2.503249999999819,3,2,100.0,23.472499999999542,3,2.0
7,B,PREDATOR,257,-12.359999999999994,236,2.503249999999819,2,2,100.0,59.33249999999957,4,2.0
7,B,PREDATOR,258,-12.389999999999993,239,2.503249999999819,4,2,100.0,56.126249999999374,2,2.0
7,B,PREDATOR,259,12.01916666666632,301,2.503249999999819,2,2,100.0,44.06124999999975,4,2.0
7,B,PREDATOR,260,11.79166666666624,317,2.503249999999819,4,1,100.0,61.239999999998844,2,2.0
7,B,PREDATOR,261,10.826666666666144,424,2.503249999999819,3,1,100.0,47.75249999999934,3,2.0
7,B,PREDATOR,262,-12.789999999999985,279,2.503249999999819,6,2,100.0,34.719999999999715,0,2.0
7,B,PREDATOR,263,12.155833333333204,282,2.503249999999819,1,2,100.0,55.58624999999953,5,2.0
7,B,PREDATOR,264,-12.55999999999999,256,2.503249999999819,3,2,100.0,40.29250000000046,3,2.0
7,B,PREDATOR,265,10.569999999999604,381,2.503249999999819,3,1,100.0,53.07999999999892,3,2.0
7,B,PREDATOR,266,11.073333333333016,396,2.503249999999819,5,0,100.0,0.0,1,2.0
7,B,PREDATOR,267,-12.12,212,2.503249999999819,5,2,100.0,60.87999999999939,1,2.0
7,B,PREDATOR,268,-12.129999999999999,213,2.503249999999819,6,2,100.0,52.989999999999455,0,2.0
7,B,PREDATOR,269,-12.209999999999997,221,2.503249999999819,4,2,100.0,50.799999999999585,2,2.0
7,B,PREDATOR,270,11.216666666666333,376,2.503249999999819,4,2,99.9325,17.82999999999953,2,2.0
7,B,PREDATOR,271,35.55250000000052,415,2.503249999999819,4,0,100.0,0.0,2,2.0
7,B,PREDATOR,272,10.683333333332799,399,2.503249999999819,3,2,100.0,13.30250000000017,3,2.0
7,B,PREDATOR,273,-12.219999999999997,222,2.503249999999819,4,2,100.0,63.5662499999996,2,2.0
7,B,PREDATOR,274,-12.699999999999987,270,2.503249999999819,3,2,100.0,58.04249999999952,3,2.0
7,B,PREDATOR,275,35.62250000000039,399,2.503249999999819,3,1,100.0,2.2850000000005384,3,2.0
7,B,PREDATOR,276,-13.239999999999975,324,2.503249999999819,6,2,100.0,18.519999999999875,0,2.0
7,B,PREDATOR,277,-12.659999999999988,266,2.503249999999819,4,2,100.0,64.97624999999888,2,2.0
7,B,PREDATOR,278,35.65416666666701,404,2.503249999999819,3,2,99.91000000000001,23.37999999999943,3,2.0
7,B,PREDATOR,279,-12.689999999999987,269,2.503249999999819,4,2,99.97,38.29874999999993,2,2.0
7,B,PREDATOR,280,-12.459999999999992,246,2.503249999999819,5,2,100.0,41.69624999999958,1,2.0
7,B,PREDATOR,281,-12.169999999999998,217,2.503249999999819,5,2,100.0,58.82624999999934,1,2.0
7,B,PREDATOR,282,-12.309999999999995,231,2.503249999999819,4,2,100.0,41.645000000000294,2,2.0
7,B,PREDATOR,283,11.850833333333076,307,2.503249999999819,4,2,100.0,26.65875000000006,2,2.0
7,B,PREDATOR,284,-12.239999999999997,224,2.503249999999819,4,2,100.0,44.95250000000017,2,2.0
7,B,PREDATOR,285,11.239166666666224,379,2.503249999999819,4,2,100.0,23.079999999999686,2,2.0
7,B,PREDATOR,286,60.11333333333325,488,2.503249999999819,2,0,100.0,0.0,4,2.0
7,B,PREDATOR,287,-13.639999999999967,364,2.503249999999819,5,1,100.0,16.160000000000466,1,2.0
7,B,PREDATOR,288,10.803333333332793,405,2.503249999999819,3,1,100.0,11.19750000000085,3,2.0
7,B,PREDATOR,289,9.656666666666242,406,2.503249999999819,2,2,100.0,23.293750000000458,4,2.0
7,B,PREDATOR,290,11.488333333333033,350,2.503249999999819,4,2,100.0,33.116249999999845,2,2.0
7,B,PREDATOR,291,1322.2416666666652,500,2.503249999999819,337,3,89.84501483679487,94.95999999999998,163,2.0
7,B,PREDATOR,292,11.259166666666479,377,2.503249999999819,4,2,100.0,12.446249999999901,2,2.0
7,B,PREDATOR,293,11.32833333333282,339,2.503249999999819,4,2,99.9325,8.535000000000453,2,2.0
7,B,PREDATOR,294,12.064166666666276,283,2.503249999999819,3,2,100.0,43.239999999999455,3,2.0
7,B,PREDATOR,295,59.6708333333324,482,2.503249999999819,2,2,100.0,10.676249999999655,4,2.0
7,B,PREDATOR,296,-13.259999999999975,326,2.503249999999819,5,2,100.0,28.059999999999615,1,2.0
7,B,PREDATOR,297,-13.289999999999974,329,2.503249999999819,5,2,100.0,35.26874999999997,1,2.0
7,B,PREDATOR,298,-12.849999999999984,285,2.503249999999819,3,2,100.0,49.19875000000038,3,2.0
7,B,PREDATOR,299,-12.789999999999985,279,2.503249999999819,5,2,100.0,19.818750000000314,1,2.0
7,B,PREDATOR,300,-12.419999999999993,242,2.503249999999819,5,2,100.0,48.17999999999972,1,2.0
7,B,PREDATOR,301,11.959166666666489,307,2.503249999999819,4,2,100.0,27.176250000000056,2,2.0
7,B,PREDATOR,302,-12.449999999999992,245,2.503249999999819,4,2,100.0,64.74874999999949,2,2.0
7,B,PREDATOR,303,-11.39,139,2.503249999999819,5,3,100.0,39.10583333333339,1,2.0
7,B,PREDATOR,304,-12.639999999999988,264,2.503249999999819,6,2,100.0,14.47000000000006,0,2.0
7,B,PREDATOR,305,-12.339999999999995,234,2.503249999999819,4,2,99.865,59.64999999999927,2,2.0
7,B,PREDATOR,306,-12.289999999999996,229,2.503249999999819,4,2,100.0,63.29624999999912,2,2.0
7,B,PREDATOR,307,-12.349999999999994,235,2.503249999999819,5,2,100.0,28.35999999999999,1,2.0
7,B,PREDATOR,308,11.170833333333052,321,2.503249999999819,1,2,100.0,45.39375000000031,5,2.0
7,B,PREDATOR,309,-11.3,130,2.503249999999819,5,3,100.0,42.86000000000004,1,2.0
7,B,PREDATOR,310,10.489166666666312,454,2.503249999999819,4,1,100.0,14.05249999999974,2,2.0
7,B,PREDATOR,311,-12.309999999999995,231,2.503249999999819,5,2,100.0,35.94999999999974,1,2.0
7,B,PREDATOR,312,11.402499999999735,360,2.503249999999819,2,2,100.0,46.53249999999964,4,2.0
7,B,PREDATOR,313,-12.389999999999993,239,2.503249999999819,6,2,100.0,32.76999999999976,0,2.0
7,B,PREDATOR,314,-12.739999999999986,274,2.503249999999819,3,2,100.0,48.009999999999586,3,2.0
7,B,PREDATOR,315,-12.199999999999998,220,2.503249999999819,4,2,100.0,55.56500000000002,2,2.0
7,B,PREDATOR,316,-12.359999999999994,236,2.503249999999819,3,2,100.0,67.35874999999939,3,2.0
7,B,PREDATOR,317,-12.689999999999987,269,2.503249999999819,4,2,100.0,50.768749999999855,2,2.0
7,B,PREDATOR,318,-12.299999999999995,230,2.503249999999819,4,2,100.0,37.72875000000004,2,2.0
7,B,PREDATOR,319,11.798333333333124,319,2.503249999999819,3,2,100.0,28.801250000000024,3,2.0
7,B,PREDATOR,320,-12.189999999999998,219,2.503249999999819,6,2,100.0,43.41999999999968,0,2.0
7,B,PREDATOR,321,-12.249999999999996,225,2.503249999999819,6,2,100.0,33.39999999999981,0,2.0
7,B,PREDATOR,322,-12.149999999999999,215,2.503249999999819,5,2,100.0,50.366249999999674,1,2.0
7,B,PREDATOR,323,-12.309999999999995,231,2.503249999999819,6,2,99.955,39.12999999999986,0,2.0
7,B,PREDATOR,324,-12.609999999999989,261,2.503249999999819,5,2,100.0,52.01249999999947,1,2.0
7,B,PREDATOR,325,-12.899999999999983,290,2.503249999999819,4,2,100.0,33.36500000000007,2,2.0
7,B,PREDATOR,326,-12.909999999999982,291,2.503249999999819,5,2,100.0,47.77874999999954,1,2.0
7,B,PREDATOR,327,-12.98999999999998,299,2.503249999999819,3,2,100.0,43.40624999999953,3,2.0
7,B,PREDATOR,328,-12.809999999999985,281,2.503249999999819,4,2,100.0,38.00624999999995,2,2.0
7,B,PREDATOR,329,11.2833333333328,357,2.503249999999819,1,2,100.0,41.50875000000035,5,2.0
7,B,PREDATOR,330,-12.689999999999987,269,2.503249999999819,4,2,100.0,46.4337500000001,2,2.0
7,B,PREDATOR,331,11.70833333333284,328,2.503249999999819,3,2,100.0,29.622500000000002,3,2.0
7,B,PREDATOR,332,-12.139999999999999,214,2.503249999999819,5,2,100.0,59.418749999999626,1,2.0
7,B,PREDATOR,333,12.315833333332906,274,2.503249999999819,4,2,100.0,30.53625000000003,2,2.0
7,B,PREDATOR,334,-12.609999999999989,261,2.503249999999819,6,2,100.0,31.029999999999927,0,2.0
7,B,PREDATOR,335,-12.209999999999997,221,2.503249999999819,3,2,100.0,62.22874999999979,3,2.0
7,B,PREDATOR,336,-12.189999999999998,219,2.503249999999819,4,2,100.0,54.052499999999775,2,2.0
7,B,PREDATOR,337,-12.859999999999983,286,2.503249999999819,337,3,94.14100890207698,99.71999999999998,327,2.0
7,B,PREDATOR,338,36.19500000000062,362,2.503249999999819,337,2,90.87020771513319,22.97624999999972,3,2.0
7,B,PREDATOR,339,12.037499999999595,283,2.503249999999819,2,2,100.0,51.75749999999962,4,2.0
7,B,PREDATOR,340,-12.269999999999996,227,2.503249999999819,4,2,100.0,65.44249999999944,2,2.0
7,B,PREDATOR,341,11.096666666666083,397,2.503249999999819,4,2,100.0,10.900000000000068,2,2.0
7,B,PREDATOR,342,-12.739999999999986,274,2.503249999999819,5,2,100.0,49.85249999999959,1,2.0
7,B,PREDATOR,343,-12.159999999999998,216,2.503249999999819,4,2,100.0,60.446249999999736,2,2.0
7,B,PREDATOR,344,-12.149999999999999,215,2.503249999999819,6,2,100.0,16.150000000000247,0,2.0
7,B,PREDATOR,345,-12.159999999999998,216,2.503249999999819,5,2,100.0,41.10999999999969,1,2.0
7,B,PREDATOR,346,12.051666666666494,291,2.503249999999819,4,2,100.0,48.02999999999939,2,2.0
7,B,PREDATOR,347,-12.459999999999992,246,2.503249999999819,6,2,100.0,12.880000000000202,0,2.0
7,B,PREDATOR,348,59.33499999999898,497,2.503249999999819,1,1,100.0,19.479999999999325,5,2.0
7,B,PREDATOR,349,-11.260000000000002,126,2.503249999999819,4,3,100.0,39.2108333333334,2,2.0
7,B,PREDATOR,350,11.243333333332954,385,2.503249999999819,5,2,100.0,5.949999999999783,1,2.0
8,A,PREY,1,1794.5500000000043,500,251.5239999999996,8,2,86.73124999999997,23.04999999999991,0,1.1
8,A,PREY,2,1914.5200000000048,500,251.5239999999996,6,2,99.68999999999998,17.800000000000168,1,1.1
8,A,PREY,3,1794.5500000000045,500,251.5239999999996,5,2,99.922,18.880000000000173,2,1.1
8,A,PREY,4,2314.4199999999823,500,251.5239999999996,338,2,87.3763905325439,30.000000000000078,1,1.1
8,A,PREY,5,2474.3799999999856,500,251.5239999999996,5,2,99.24999999999997,24.760000000000026,2,1.1
8,A,PREY,6,2394.399999999997,500,251.5239999999996,7,2,99.65285714285713,13.600000000000268,0,1.1
8,A,PREY,7,2994.249999999973,500,251.5239999999996,7,2,99.85,13.000000000000334,0,1.1
8,A,PREY,8,26.86000000000002,13,251.5239999999996,6,2,100.0,90.51999999999998,1,1.1
8,A,PREY,9,2834.289999999979,500,251.5239999999996,5,2,99.46,34.089999999999634,2,1.1
8,A,PREY,10,2474.3799999999887,500,251.5239999999996,6,2,99.77499999999999,25.9649999999998,1,1.1
8,A,PREY,11,3114.2199999999693,500,251.5239999999996,7,2,99.73428571428569,13.000000000000167,0,1.1
8,A,PREY,12,2274.430000000001,500,251.5239999999996,338,2,91.5818047337275,15.55000000000018,0,1.1
8,A,PREY,13,2994.249999999981,500,251.5239999999996,6,2,99.865,22.030000000000015,1,1.1
8,A,PREY,14,3394.1499999999746,500,251.5239999999996,6,2,99.865,31.83999999999954,1,1.1
8,A,PREY,15,2674.3299999999826,500,251.5239999999996,7,2,99.71285714285713,9.700000000000276,0,1.1
8,A,PREY,16,25.360000000000014,13,251.5239999999996,6,2,100.0,89.76999999999998,1,1.1
8,A,PREY,17,3274.1799999999707,500,251.5239999999996,6,2,99.71,26.666249999999806,1,1.1
8,A,PREY,18,3474.1299999999724,500,251.5239999999996,5,2,99.946,30.55499999999966,2,1.1
8,A,PREY,19,-14.139999999999999,14,251.5239999999996,6,2,100.0,87.54749999999996,1,1.1
8,A,PREY,20,3234.189999999971,500,251.5239999999996,6,2,99.935,28.17999999999978,1,1.1
8,A,PREY,21,3954.0099999999625,500,251.5239999999996,7,2,99.78999999999999,13.900000000000265,0,1.1
8,A,PREY,22,3354.1599999999685,500,251.5239999999996,7,2,99.53714285714284,3.550000000000353,0,1.1
8,A,PREY,23,4273.929999999962,500,251.5239999999996,5,2,99.78399999999999,26.499999999999908,2,1.1
8,A,PREY,24,3794.0499999999543,500,251.5239999999996,5,2,99.78399999999999,22.20999999999987,2,1.1
8,A,PREY,25,4113.969999999954,500,251.5239999999996,6,2,99.98,26.049999999999763,1,1.1
8,A,PREY,26,4713.819999999949,500,251.5239999999996,7,2,99.82857142857142,12.850000000000277,0,1.1
8,A,PREY,27,4433.8899999999585,500,251.5239999999996,6,2,99.98,24.4162499999999,1,1.1
8,A,PREY,28,4393.89999999996,500,251.5239999999996,7,2,99.96142857142857,11.950000000000271,0,1.1
8,A,PREY,29,5113.719999999946,500,251.5239999999996,7,2,99.96142857142857,21.3999999999999,0,1.1
8,A,PREY,30,4193.949999999962,500,251.5239999999996,338,2,89.00455621301734,14.200000000000284,0,1.1
8,A,PREY,31,4513.869999999961,500,251.5239999999996,6,2,99.865,22.92999999999995,1,1.1
8,A,PREY,32,4873.77999999995,500,251.5239999999996,6,2,99.91000000000001,23.589999999999947,1,1.1
8,A,PREY,33,4353.909999999968,500,251.5239999999996,6,2,100.0,18.43000000000016,1,1.1
8,A,PREY,34,4433.889999999961,500,251.5239999999996,5,0,100.0,0.0,2,1.1
8,A,PREY,35,4353.909999999963,500,251.5239999999996,338,2,93.00218934911216,30.131249999999604,1,1.1
8,A,PREY,36,4593.8499999999485,500,251.5239999999996,6,2,99.87,18.910000000000096,1,1.1
8,A,PREY,37,548.4300000000004,43,251.5239999999996,6,2,100.0,79.55624999999992,1,1.1
8,A,PREY,38,5353.659999999949,500,251.5239999999996,7,2,99.96142857142857,8.20000000000034,0,1.1
8,A,PREY,39,4553.8599999999615,500,251.5239999999996,6,2,99.955,21.189999999999884,1,1.1
8,A,PREY,40,5313.669999999936,500,251.5239999999996,5,2,99.946,24.10000000000006,2,1.1
8,A,PREY,41,373.22000000000054,68,251.5239999999996,5,2,99.946,78.67,2,1.1
8,A,PREY,42,4593.849999999958,500,251.5239999999996,7,2,99.84571428571428,22.7499999999999,0,1.1
8,A,PREY,43,6273.429999999935,500,251.5239999999996,7,2,99.92285714285715,16.000000000000192,0,1.1
8,A,PREY,44,5273.679999999943,500,251.5239999999996,5,2,99.72999999999999,25.569999999999972,2,1.1
8,A,PREY,45,5353.659999999936,500,251.5239999999996,6,2,99.8,24.309999999999878,1,1.1
8,A,PREY,46,5473.629999999936,500,251.5239999999996,7,2,99.88428571428571,17.200000000000166,0,1.1
8,A,PREY,47,5633.589999999941,500,251.5239999999996,5,2,99.946,32.709999999999646,2,1.1
8,A,PREY,48,5433.6399999999385,500,251.5239999999996,7,2,99.78999999999999,18.55000000000003,0,1.1
8,A,PREY,49,5553.609999999929,500,251.5239999999996,157,2,78.71904458598726,22.149999999999867,0,1.1
8,A,PREY,50,5073.729999999947,500,251.5239999999996,6,2,99.72999999999998,24.84999999999988,1,1.1
8,A,PREY,51,6393.399999999922,500,251.5239999999996,7,2,99.98285714285714,8.350000000000467,0,1.1
8,A,PREY,52,6673.329999999926,500,251.5239999999996,338,2,83.86647928994083,14.290000000000187,1,1.1
8,A,PREY,53,6073.479999999932,500,251.5239999999996,6,2,99.63999999999999,28.329999999999792,1,1.1
8,A,PREY,54,6273.429999999921,500,251.5239999999996,7,2,99.88428571428571,14.950000000000202,0,1.1
8,A,PREY,55,6473.379999999933,500,251.5239999999996,6,2,99.955,23.799999999999937,1,1.1
8,A,PREY,56,5793.549999999938,500,251.5239999999996,7,2,99.98285714285714,7.00000000000048,0,1.1
8,A,PREY,57,6353.409999999931,500,251.5239999999996,7,2,100.0,10.300000000000292,0,1.1
8,A,PREY,58,6473.379999999927,500,251.5239999999996,5,2,100.0,34.15874999999956,2,1.1
8,A,PREY,59,4913.769999999959,500,251.5239999999996,7,2,99.84571428571428,14.200000000000244,0,1.1
8,A,PREY,60,6673.329999999929,500,251.5239999999996,6,2,100.0,22.570000000000014,1,1.1
8,A,PREY,61,5753.559999999943,500,251.5239999999996,6,2,99.955,21.232500000000098,1,1.1
8,A,PREY,62,6593.349999999921,500,251.5239999999996,7,2,100.0,17.500000000000117,0,1.1
8,A,PREY,63,5953.50999999994,500,251.5239999999996,6,2,100.0,25.548749999999856,1,1.1
8,A,PREY,64,5993.49999999994,500,251.5239999999996,6,2,99.955,26.319999999999766,1,1.1
8,A,PREY,65,7153.20999999992,500,251.5239999999996,7,2,100.0,23.94999999999984,0,1.1
8,A,PREY,66,5833.5399999999445,500,251.5239999999996,7,2,99.96142857142857,6.2500000000002975,0,1.1
8,A,PREY,67,6433.389999999938,500,251.5239999999996,7,2,99.96142857142857,10.000000000000215,0,1.1
8,A,PREY,68,6993.249999999927,500,251.5239999999996,338,2,91.81958579881626,53.84749999999908,6,1.1
8,A,PREY,69,388.99000000000024,41,251.5239999999996,19,2,94.09052631578948,89.73999999999991,1,1.1
8,A,PREY,70,7433.139999999911,500,251.5239999999996,6,2,100.0,17.632500000000306,1,1.1
8,A,PREY,71,66.83999999999999,14,251.5239999999996,6,2,100.0,89.55999999999999,1,1.1
8,A,PREY,72,6793.299999999926,500,251.5239999999996,7,2,100.0,17.200000000000074,0,1.1
8,A,PREY,73,6753.309999999928,500,251.5239999999996,4,2,99.72999999999999,38.49999999999941,3,1.1
8,A,PREY,74,7273.179999999918,500,251.5239999999996,6,2,100.0,30.639999999999592,1,1.1
8,A,PREY,75,7073.229999999927,500,251.5239999999996,7,2,99.98285714285714,15.700000000000209,0,1.1
8,A,PREY,76,864.0400000000008,74,251.5239999999996,3,2,100.0,99.78999999999999,4,1.1
8,A,PREY,77,7353.159999999919,500,251.5239999999996,6,2,99.935,30.716249999999626,1,1.1
8,A,PREY,78,8472.87999999991,500,251.5239999999996,338,2,92.45286982248493,13.000000000000309,0,1.1
8,A,PREY,79,7873.029999999913,500,251.5239999999996,7,2,99.96142857142857,14.20000000000024,0,1.1
8,A,PREY,80,8392.899999999909,500,251.5239999999996,7,2,99.75571428571428,19.45000000000001,0,1.1
8,A,PREY,81,8192.94999999991,500,251.5239999999996,4,2,99.865,24.618750000000222,3,1.1
8,A,PREY,82,8432.889999999903,500,251.5239999999996,6,2,100.0,14.07000000000039,1,1.1
8,A,PREY,83,6473.379999999942,500,251.5239999999996,6,2,100.0,27.339999999999737,1,1.1
8,A,PREY,84,7313.169999999924,500,251.5239999999996,7,2,99.88428571428571,18.40000000000005,0,1.1
8,A,PREY,85,8112.969999999911,500,251.5239999999996,7,2,99.96142857142857,4.900000000000465,0,1.1
8,A,PREY,86,1821.3600000000013,118,251.5239999999996,4,2,100.0,85.26999999999973,3,1.1
8,A,PREY,87,6713.319999999938,500,251.5239999999996,7,2,99.88428571428571,10.600000000000222,0,1.1
8,A,PREY,88,8032.989999999912,500,251.5239999999996,6,2,100.0,19.240000000000173,1,1.1
8,A,PREY,89,6993.249999999934,500,251.5239999999996,7,2,99.96142857142857,6.700000000000414,0,1.1
8,A,PREY,90,429.16000000000025,23,251.5239999999996,6,2,100.0,87.66999999999999,1,1.1
8,A,PREY,91,947.3200000000005,44,251.5239999999996,4,2,100.0,94.32999999999998,3,1.1
8,A,PREY,92,8552.859999999908,500,251.5239999999996,4,2,99.9325,36.08624999999958,3,1.1
8,A,PREY,93,7873.029999999926,500,251.5239999999996,7,2,99.98285714285714,13.300000000000269,0,1.1
8,A,PREY,94,8552.859999999908,500,251.5239999999996,5,2,99.59799999999998,33.8199999999996,2,1.1
8,A,PREY,95,8792.799999999901,500,251.5239999999996,6,2,99.72999999999998,8.415000000000592,1,1.1
8,A,PREY,96,348.70000000000016,21,251.5239999999996,6,2,100.0,88.08999999999997,1,1.1
8,A,PREY,97,9072.729999999905,500,251.5239999999996,4,2,99.79749999999999,39.80374999999931,3,1.1
8,A,PREY,98,8392.899999999907,500,251.5239999999996,6,2,100.0,16.215000000000188,1,1.1
8,A,PREY,99,7713.0699999999215,500,251.5239999999996,338,2,89.6824852071002,10.900000000000368,0,1.1
8,A,PREY,100,8992.7499999999,500,251.5239999999996,6,2,99.935,19.241249999999983,1,1.1
8,A,PREY,101,8632.839999999902,500,251.5239999999996,7,2,100.0,14.050000000000166,0,1.1
8,A,PREY,102,8672.829999999914,500,251.5239999999996,7,2,100.0,18.40000000000008,0,1.1
8,A,PREY,103,9032.73999999991,500,251.5239999999996,7,2,100.0,21.54999999999997,0,1.1
8,A,PREY,104,8032.989999999922,500,251.5239999999996,6,2,99.955,18.430000000000184,1,1.1
8,A,PREY,105,9512.619999999903,500,251.5239999999996,5,2,99.922,26.97999999999988,2,1.1
8,A,PREY,106,9952.509999999891,500,251.5239999999996,4,2,100.0,49.81374999999971,3,1.1
8,A,PREY,107,7953.009999999921,500,251.5239999999996,7,2,99.96142857142857,8.500000000000302,0,1.1
8,A,PREY,108,9752.559999999896,500,251.5239999999996,7,2,100.0,17.350000000000076,0,1.1
8,A,PREY,109,7793.049999999923,500,251.5239999999996,7,2,99.94428571428571,15.400000000000169,0,1.1
8,A,PREY,110,9712.569999999898,500,251.5239999999996,7,2,99.96142857142857,16.750000000000163,0,1.1
8,A,PREY,111,9472.629999999897,500,251.5239999999996,7,2,99.92285714285715,11.350000000000179,0,1.1
8,A,PREY,112,9352.659999999898,500,251.5239999999996,6,2,99.91000000000001,26.516249999999825,1,1.1
8,A,PREY,113,10152.459999999894,500,251.5239999999996,5,2,100.0,25.7199999999999,2,1.1
8,A,PREY,114,8312.919999999918,500,251.5239999999996,7,2,100.0,11.350000000000225,0,1.1
8,A,PREY,115,8592.849999999917,500,251.5239999999996,4,2,99.9025,23.590000000000163,3,1.1
8,A,PREY,116,10112.469999999897,500,251.5239999999996,7,2,100.0,16.450000000000095,0,1.1
8,A,PREY,117,8752.809999999918,500,251.5239999999996,6,2,99.91000000000001,19.720000000000127,1,1.1
8,A,PREY,118,3466.7599999999907,187,251.5239999999996,5,2,100.0,70.84499999999979,2,1.1
8,A,PREY,119,10152.459999999892,500,251.5239999999996,7,2,99.55857142857141,9.85000000000029,0,1.1
8,A,PREY,120,10032.489999999894,500,251.5239999999996,6,2,99.955,27.57999999999974,1,1.1
8,A,PREY,121,9712.569999999898,500,251.5239999999996,4,2,99.9025,30.129999999999825,3,1.1
8,A,PREY,122,228.1000000000002,34,251.5239999999996,6,2,100.0,82.76624999999991,1,1.1
8,A,PREY,123,385.76000000000016,14,251.5239999999996,6,2,100.0,91.20999999999998,1,1.1
8,A,PREY,124,9752.559999999898,500,251.5239999999996,7,2,99.96142857142857,19.29999999999998,0,1.1
8,A,PREY,125,10632.33999999989,500,251.5239999999996,6,2,99.955,29.229999999999627,1,1.1
8,A,PREY,126,10152.459999999894,500,251.5239999999996,5,2,99.838,21.370000000000218,2,1.1
8,A,PREY,127,9912.519999999897,500,251.5239999999996,6,2,99.955,26.07999999999987,1,1.1
8,A,PREY,128,10672.329999999889,500,251.5239999999996,7,2,99.88857142857144,17.2000000000001,0,1.1
8,A,PREY,129,10512.369999999892,500,251.5239999999996,6,2,99.935,20.89000000000009,1,1.1
8,A,PREY,130,8772.299999999907,500,251.5239999999996,338,2,94.91221893491104,49.990000000000165,7,1.1
8,A,PREY,131,8912.769999999899,500,251.5239999999996,338,2,86.08911242603497,29.982499999999767,2,1.1
8,A,PREY,132,8312.919999999925,500,251.5239999999996,5,2,99.838,34.38999999999959,2,1.1
8,A,PREY,133,10312.419999999895,500,251.5239999999996,5,2,99.838,31.25624999999982,2,1.1
8,A,PREY,134,10872.279999999886,500,251.5239999999996,7,2,100.0,12.700000000000156,0,1.1
8,A,PREY,135,9792.549999999908,500,251.5239999999996,7,2,100.0,18.25000000000003,0,1.1
8,A,PREY,136,9432.639999999905,500,251.5239999999996,7,2,99.78999999999999,19.600000000000023,0,1.1
8,A,PREY,137,10952.259999999887,500,251.5239999999996,6,2,100.0,27.11625000000045,1,1.1
8,A,PREY,138,9792.549999999907,500,251.5239999999996,7,2,99.94428571428571,13.900000000000292,0,1.1
8,A,PREY,139,11352.159999999882,500,251.5239999999996,6,2,100.0,18.280000000000108,1,1.1
8,A,PREY,140,9472.629999999906,500,251.5239999999996,5,2,99.67599999999999,35.10999999999948,2,1.1
8,A,PREY,141,11792.049999999881,500,251.5239999999996,7,2,100.0,18.100000000000044,0,1.1
8,A,PREY,142,9552.60999999991,500,251.5239999999996,4,2,99.8725,33.667499999999734,3,1.1
8,A,PREY,143,10752.309999999889,500,251.5239999999996,6,2,100.0,25.548749999999863,1,1.1
8,A,PREY,144,148.33,13,251.5239999999996,6,2,100.0,91.71999999999997,1,1.1
8,A,PREY,145,10192.449999999903,500,251.5239999999996,5,2,100.0,23.289999999999914,2,1.1
8,A,PREY,146,10392.3999999999,500,251.5239999999996,7,2,100.0,11.200000000000276,0,1.1
8,A,PREY,147,10712.319999999898,500,251.5239999999996,5,2,100.0,25.86125000000022,2,1.1
8,A,PREY,148,10512.369999999899,500,251.5239999999996,5,2,99.976,32.092499999999745,2,1.1
8,A,PREY,149,11272.179999999884,500,251.5239999999996,7,2,100.0,19.450000000000006,0,1.1
8,A,PREY,150,9512.619999999908,500,251.5239999999996,7,2,100.0,3.5500000000004444,0,1.1
8,A,PREY,151,9712.569999999905,500,251.5239999999996,6,2,99.91000000000001,26.64999999999987,1,1.1
8,A,PREY,152,11432.139999999883,500,251.5239999999996,5,2,100.0,34.479999999999535,2,1.1
8,A,PREY,153,10672.329999999898,500,251.5239999999996,4,2,100.0,36.53249999999961,3,1.1
8,A,PREY,154,108.46000000000011,51,251.5239999999996,6,2,99.955,82.97999999999985,1,1.1
8,A,PREY,155,10712.31999999989,500,251.5239999999996,7,2,100.0,13.300000000000262,0,1.1
8,A,PREY,156,10752.3099999999,500,251.5239999999996,6,2,100.0,16.930000000000167,1,1.1
8,A,PREY,157,10912.269999999895,500,251.5239999999996,6,2,100.0,25.47999999999984,1,1.1
8,A,PREY,158,10792.299999999896,500,251.5239999999996,6,2,100.0,24.382499999999915,1,1.1
8,A,PREY,159,10552.3599999999,500,251.5239999999996,6,2,99.955,22.630000000000024,1,1.1
8,A,PREY,160,10592.349999999888,500,251.5239999999996,7,2,100.0,11.950000000000294,0,1.1
8,A,PREY,161,29.220000000000056,27,251.5239999999996,5,2,100.0,96.15374999999993,2,1.1
8,A,PREY,162,10192.449999999903,500,251.5239999999996,7,2,99.98285714285714,15.700000000000149,0,1.1
8,A,PREY,163,11432.139999999892,500,251.5239999999996,6,2,100.0,23.49999999999987,1,1.1
8,A,PREY,164,11392.149999999892,500,251.5239999999996,5,2,99.892,31.299999999999777,2,1.1
8,A,PREY,165,268.2900000000001,14,251.5239999999996,5,2,100.0,100.0,2,1.1
8,A,PREY,166,11752.059999999881,500,251.5239999999996,7,2,100.0,12.25000000000038,0,1.1
8,A,PREY,167,12031.98999999989,500,251.5239999999996,6,2,99.88999999999999,22.539999999999914,1,1.1
8,A,PREY,168,11952.00999999988,500,251.5239999999996,338,2,91.20227810650854,26.49999999999978,1,1.1
8,A,PREY,169,11752.059999999889,500,251.5239999999996,7,2,100.0,14.800000000000232,0,1.1
8,A,PREY,170,11592.099999999891,500,251.5239999999996,6,2,99.935,28.419999999999675,1,1.1
8,A,PREY,171,12191.94999999988,500,251.5239999999996,6,2,99.955,25.689999999999884,1,1.1
8,A,PREY,172,12711.819999999874,500,251.5239999999996,7,2,100.0,15.550000000000221,0,1.1
8,A,PREY,173,10352.409999999903,500,251.5239999999996,7,2,99.88428571428571,11.650000000000299,0,1.1
8,A,PREY,174,12671.829999999876,500,251.5239999999996,7,0,100.0,0.0,0,1.1
8,A,PREY,175,11112.219999999894,500,251.5239999999996,6,2,99.91000000000001,25.16624999999989,1,1.1
8,A,PREY,176,12031.989999999878,500,251.5239999999996,338,2,90.57227810650852,16.750000000000085,0,1.1
8,A,PREY,177,12111.96999999988,500,251.5239999999996,5,2,99.952,23.350000000000144,2,1.1
8,A,PREY,178,12831.789999999872,500,251.5239999999996,7,2,99.96142857142857,19.74999999999998,0,1.1
8,A,PREY,179,12431.889999999878,500,251.5239999999996,7,2,99.94428571428571,10.150000000000261,0,1.1
8,A,PREY,180,12911.769999999873,500,251.5239999999996,5,2,99.868,19.42000000000031,2,1.1
8,A,PREY,181,5345.859999999973,230,251.5239999999996,5,2,100.0,64.07999999999976,2,1.1
8,A,PREY,182,12951.759999999873,500,251.5239999999996,6,2,99.955,20.816249999999943,1,1.1
8,A,PREY,183,13031.739999999874,500,251.5239999999996,5,2,100.0,31.25624999999974,2,1.1
8,A,PREY,184,10912.2699999999,500,251.5239999999996,7,2,100.0,7.450000000000379,0,1.1
8,A,PREY,185,11952.009999999887,500,251.5239999999996,4,2,100.0,32.07999999999943,3,1.1
8,A,PREY,186,12151.959999999883,500,251.5239999999996,6,2,100.0,19.91625000000009,1,1.1
8,A,PREY,187,11352.159999999893,500,251.5239999999996,7,2,99.98285714285714,16.30000000000011,0,1.1
8,A,PREY,188,12791.799999999874,500,251.5239999999996,4,2,100.0,39.42999999999941,3,1.1
8,A,PREY,189,10832.2899999999,500,251.5239999999996,6,2,100.0,16.930000000000046,1,1.1
8,A,PREY,190,11792.049999999892,500,251.5239999999996,7,2,99.90571428571427,21.099999999999934,0,1.1
8,A,PREY,191,12271.929999999878,500,251.5239999999996,5,2,100.0,32.00624999999978,2,1.1
8,A,PREY,192,10792.299999999903,500,251.5239999999996,7,2,99.98285714285714,20.79999999999999,0,1.1
8,A,PREY,193,748.5000000000003,31,251.5239999999996,6,2,100.0,84.64499999999994,1,1.1
8,A,PREY,194,13071.729999999872,500,251.5239999999996,5,2,100.0,16.42000000000022,2,1.1
8,A,PREY,195,11272.179999999898,500,251.5239999999996,6,2,100.0,28.629999999999733,1,1.1
8,A,PREY,196,12351.909999999885,500,251.5239999999996,6,2,100.0,21.015000000000043,1,1.1
8,A,PREY,197,12231.939999999884,500,251.5239999999996,6,2,100.0,18.10000000000011,1,1.1
8,A,PREY,198,11912.019999999888,500,251.5239999999996,7,2,99.96142857142857,16.000000000000206,0,1.1
8,A,PREY,199,12991.749999999874,500,251.5239999999996,4,0,99.80499999999999,0.0,3,1.1
8,A,PREY,200,12911.769999999873,500,251.5239999999996,7,2,99.92285714285715,12.550000000000274,0,1.1
8,A,PREY,201,13471.629999999868,500,251.5239999999996,6,2,99.955,16.432500000000378,1,1.1
8,A,PREY,202,13351.659999999873,500,251.5239999999996,6,2,100.0,18.88000000000016,1,1.1
8,A,PREY,203,263.7800000000001,15,251.5239999999996,6,2,100.0,91.59999999999997,1,1.1
8,A,PREY,204,13111.719999999885,500,251.5239999999996,4,2,100.0,26.41000000000012,3,1.1
8,A,PREY,205,11872.029999999893,500,251.5239999999996,338,2,90.93236686390497,13.150000000000293,0,1.1
8,A,PREY,206,13311.669999999878,500,251.5239999999996,7,2,100.0,18.25000000000008,0,1.1
8,A,PREY,207,12911.76999999988,500,251.5239999999996,7,2,100.0,12.25000000000028,0,1.1
8,A,PREY,208,11952.009999999887,500,251.5239999999996,7,2,99.96142857142857,10.00000000000028,0,1.1
8,A,PREY,209,13311.669999999871,500,251.5239999999996,5,2,99.946,30.044999999999632,2,1.1
8,A,PREY,210,14031.489999999867,500,251.5239999999996,4,2,100.0,37.209999999999816,3,1.1
8,A,PREY,211,12271.929999999893,500,251.5239999999996,7,2,100.0,18.100000000000072,0,1.1
8,A,PREY,212,12831.789999999883,500,251.5239999999996,6,2,99.98,26.589999999999833,1,1.1
8,A,PREY,213,13311.669999999871,500,251.5239999999996,6,2,99.955,22.479999999999976,1,1.1
8,A,PREY,214,14271.429999999864,500,251.5239999999996,5,2,100.0,27.789999999999843,2,1.1
8,A,PREY,215,12111.969999999892,500,251.5239999999996,7,2,100.0,10.600000000000328,0,1.1
8,A,PREY,216,12551.85999999989,500,251.5239999999996,5,2,100.0,25.750000000000014,2,1.1
8,A,PREY,217,12151.959999999883,500,251.5239999999996,7,2,100.0,2.35000000000042,0,1.1
8,A,PREY,218,12671.829999999882,500,251.5239999999996,6,2,100.0,18.07000000000021,1,1.1
8,A,PREY,219,13191.699999999875,500,251.5239999999996,5,2,100.0,30.597499999999794,2,1.1
8,A,PREY,220,12791.799999999881,500,251.5239999999996,7,2,100.0,13.750000000000236,0,1.1
8,A,PREY,221,12751.809999999883,500,251.5239999999996,4,2,99.9325,26.800000000000075,3,1.1
8,A,PREY,222,14231.439999999864,500,251.5239999999996,6,2,100.0,23.59874999999998,1,1.1
8,A,PREY,223,12871.779999999884,500,251.5239999999996,5,2,100.0,9.912500000000716,2,1.1
8,A,PREY,224,13551.609999999877,500,251.5239999999996,6,2,100.0,15.116250000000187,1,1.1
8,A,PREY,225,12471.879999999881,500,251.5239999999996,4,2,100.0,48.56499999999873,3,1.1
8,A,PREY,226,12911.76999999988,500,251.5239999999996,6,2,100.0,20.13999999999992,1,1.1
8,A,PREY,227,1014.0500000000006,69,251.5239999999996,5,2,100.0,87.45999999999985,2,1.1
8,A,PREY,228,3825.619999999998,142,251.5239999999996,5,2,100.0,72.87499999999991,2,1.1
8,A,PREY,229,14111.469999999867,500,251.5239999999996,5,2,99.976,27.099999999999884,2,1.1
8,A,PREY,230,13991.499999999865,500,251.5239999999996,6,2,99.91000000000001,19.882500000000086,1,1.1
8,A,PREY,231,349.2600000000001,15,251.5239999999996,6,2,100.0,90.24999999999997,1,1.1
8,A,PREY,232,3706.7699999999977,130,251.5239999999996,5,2,100.0,68.73125000000014,2,1.1
8,A,PREY,233,14431.389999999867,500,251.5239999999996,5,2,100.0,37.17999999999938,2,1.1
8,A,PREY,234,13151.709999999885,500,251.5239999999996,7,2,100.0,7.7500000000004565,0,1.1
8,A,PREY,235,698.1800000000003,64,251.5239999999996,5,2,100.0,80.55999999999997,2,1.1
8,A,PREY,236,14351.409999999867,500,251.5239999999996,4,2,100.0,25.39000000000013,3,1.1
8,A,PREY,237,12831.789999999877,500,251.5239999999996,4,2,99.9325,30.0699999999999,3,1.1
8,A,PREY,238,13991.499999999865,500,251.5239999999996,6,2,100.0,20.500000000000014,1,1.1
8,A,PREY,239,12791.799999999888,500,251.5239999999996,5,2,100.0,34.64749999999922,2,1.1
8,A,PREY,240,303.7600000000001,16,251.5239999999996,6,2,100.0,91.23999999999997,1,1.1
8,A,PREY,241,12791.799999999883,500,251.5239999999996,7,2,100.0,13.60000000000019,0,1.1
8,A,PREY,242,1174.9200000000003,78,251.5239999999996,5,2,100.0,86.76999999999984,2,1.1
8,A,PREY,243,226.80000000000007,14,251.5239999999996,6,2,100.0,90.45999999999998,1,1.1
8,A,PREY,244,14351.409999999867,500,251.5239999999996,6,2,100.0,22.13250000000008,1,1.1
8,A,PREY,245,14391.399999999869,500,251.5239999999996,6,2,99.955,22.36,1,1.1
8,A,PREY,246,15031.239999999862,500,251.5239999999996,6,2,100.0,26.04999999999977,1,1.1
8,A,PREY,247,12551.859999999886,500,251.5239999999996,7,2,99.96142857142857,17.650000000000098,0,1.1
8,A,PREY,248,13631.589999999876,500,251.5239999999996,6,2,100.0,18.116249999999987,1,1.1
8,A,PREY,249,13351.659999999876,500,251.5239999999996,7,2,100.0,12.400000000000345,0,1.1
8,A,PREY,250,13791.549999999874,500,251.5239999999996,6,2,99.955,22.13250000000004,1,1.1
8,A,PREY,251,14511.369999999863,500,251.5239999999996,338,2,91.95547337278076,12.40000000000027,0,1.1
8,A,PREY,252,14311.419999999871,500,251.5239999999996,6,2,99.955,15.798750000000165,1,1.1
8,A,PREY,253,14111.469999999872,500,251.5239999999996,7,2,100.0,14.200000000000243,0,1.1
8,A,PREY,254,14231.439999999873,500,251.5239999999996,6,2,100.0,22.929999999999804,1,1.1
8,A,PREY,255,13791.549999999874,500,251.5239999999996,5,2,99.946,26.889999999999972,2,1.1
8,A,PREY,256,306.79000000000013,13,251.5239999999996,6,2,100.0,89.76999999999998,1,1.1
8,A,PREY,257,15271.179999999858,500,251.5239999999996,7,2,100.0,20.949999999999974,0,1.1
8,A,PREY,258,699.6400000000002,68,251.5239999999996,4,2,100.0,93.61874999999992,3,1.1
8,A,PREY,259,15351.15999999986,500,251.5239999999996,7,2,100.0,13.300000000000251,0,1.1
8,A,PREY,260,226.30000000000007,14,251.5239999999996,6,2,99.59499999999998,89.55999999999999,1,1.1
8,A,PREY,261,13711.56999999987,500,251.5239999999996,7,2,100.0,13.000000000000284,0,1.1
8,A,PREY,262,14351.409999999869,500,251.5239999999996,7,2,99.96142857142857,17.950000000000056,0,1.1
8,A,PREY,263,14951.259999999862,500,251.5239999999996,7,2,99.98285714285714,19.60000000000001,0,1.1
8,A,PREY,264,15151.20999999986,500,251.5239999999996,7,2,100.0,13.900000000000231,0,1.1
8,A,PREY,265,12471.87999999989,500,251.5239999999996,7,2,99.96142857142857,21.69999999999995,0,1.1
8,A,PREY,266,15191.199999999859,500,251.5239999999996,7,2,100.0,11.950000000000191,0,1.1
8,A,PREY,267,344.76000000000016,15,251.5239999999996,5,2,100.0,99.78999999999999,2,1.1
8,A,PREY,268,13751.559999999874,500,251.5239999999996,6,2,100.0,23.13999999999995,1,1.1
8,A,PREY,269,13351.659999999882,500,251.5239999999996,338,2,88.7746745562126,50.019999999999705,4,1.1
8,A,PREY,270,1427.8700000000006,77,251.5239999999996,6,2,100.0,72.9599999999999,1,1.1
8,A,PREY,271,15071.22999999986,500,251.5239999999996,7,2,99.96142857142857,14.950000000000195,0,1.1
8,A,PREY,272,15631.089999999855,500,251.5239999999996,7,2,100.0,16.600000000000165,0,1.1
8,A,PREY,273,27.85000000000003,14,251.5239999999996,6,2,99.82,91.20999999999998,1,1.1
8,A,PREY,274,13871.529999999877,500,251.5239999999996,7,2,100.0,11.65000000000017,0,1.1
8,A,PREY,275,14271.429999999871,500,251.5239999999996,7,2,100.0,14.0500000000001,0,1.1
8,A,PREY,276,14271.42999999987,500,251.5239999999996,6,2,100.0,21.164999999999843,1,1.1
8,A,PREY,277,14911.269999999866,500,251.5239999999996,6,2,100.0,14.770000000000364,1,1.1
8,A,PREY,278,14751.309999999867,500,251.5239999999996,5,0,100.0,0.0,2,1.1
8,A,PREY,279,14311.419999999871,500,251.5239999999996,7,2,100.0,18.400000000000066,0,1.1
8,A,PREY,280,14231.439999999871,500,251.5239999999996,7,2,100.0,12.25000000000017,0,1.1
8,A,PREY,281,14391.399999999869,500,251.5239999999996,4,2,100.0,34.46249999999972,3,1.1
8,A,PREY,282,14751.309999999867,500,251.5239999999996,7,2,100.0,12.100000000000167,0,1.1
8,A,PREY,283,14791.299999999868,500,251.5239999999996,5,2,100.0,25.570000000000046,2,1.1
8,A,PREY,284,14551.359999999868,500,251.5239999999996,338,2,93.73284023668617,23.04999999999989,0,1.1
8,A,PREY,285,13471.629999999881,500,251.5239999999996,6,2,99.955,18.789999999999964,1,1.1
8,A,PREY,286,13151.70999999987,500,251.5239999999996,338,2,92.43733727810623,21.84999999999992,0,1.1
8,A,PREY,287,-11.07,7,251.5239999999996,6,2,100.0,90.72374999999997,1,1.1
8,A,PREY,288,12151.9599999999,500,251.5239999999996,5,2,100.0,28.29999999999982,2,1.1
8,A,PREY,289,15551.109999999857,500,251.5239999999996,7,2,100.0,10.750000000000387,0,1.1
8,A,PREY,290,15871.029999999855,500,251.5239999999996,7,2,100.0,12.550000000000306,0,1.1
8,A,PREY,291,188.6300000000001,32,251.5239999999996,5,2,100.0,95.60999999999996,2,1.1
8,A,PREY,292,14191.449999999873,500,251.5239999999996,338,0,91.6677218934908,0.0,0,1.1
8,A,PREY,293,15231.189999999862,500,251.5239999999996,7,2,100.0,16.600000000000172,0,1.1
8,A,PREY,294,15511.119999999859,500,251.5239999999996,6,2,100.0,10.016250000000595,1,1.1
8,A,PREY,295,24.840000000000025,15,251.5239999999996,6,2,100.0,89.35,1,1.1
8,A,PREY,296,15711.06999999986,500,251.5239999999996,4,2,100.0,37.27499999999952,3,1.1
8,A,PREY,297,15431.139999999861,500,251.5239999999996,7,2,99.96142857142857,15.550000000000097,0,1.1
8,A,PREY,298,16230.939999999851,500,251.5239999999996,7,2,100.0,18.700000000000053,0,1.1
8,A,PREY,299,13751.559999999878,500,251.5239999999996,7,2,100.0,12.250000000000204,0,1.1
8,A,PREY,300,14991.249999999867,500,251.5239999999996,6,2,100.0,27.082499999999822,1,1.1
8,A,PREY,301,108.69999999999989,27,251.5239999999996,7,2,100.0,89.18999999999988,1,1.1
8,A,PREY,302,15951.009999999853,500,251.5239999999996,7,2,100.0,12.400000000000288,0,1.1
8,A,PREY,303,14591.349999999868,500,251.5239999999996,6,2,100.0,25.882499999999794,1,1.1
8,A,PREY,304,14951.259999999867,500,251.5239999999996,6,2,100.0,21.04000000000012,1,1.1
8,A,PREY,305,14831.289999999866,500,251.5239999999996,6,2,99.91000000000001,32.2162499999995,1,1.1
8,A,PREY,306,264.80000000000007,13,251.5239999999996,6,2,99.955,89.76999999999998,1,1.1
8,A,PREY,307,16470.879999999852,500,251.5239999999996,6,2,100.0,27.249999999999858,1,1.1
8,A,PREY,308,1707.6100000000008,96,251.5239999999996,6,2,100.0,66.26249999999999,1,1.1
8,A,PREY,309,16310.919999999853,500,251.5239999999996,7,2,100.0,10.600000000000323,0,1.1
8,A,PREY,310,13391.649999999872,500,251.5239999999996,338,2,95.73343195266256,34.74999999999955,2,1.1
8,A,PREY,311,16110.969999999854,500,251.5239999999996,7,2,100.0,14.650000000000219,0,1.1
8,A,PREY,312,16550.859999999855,500,251.5239999999996,6,2,99.955,22.930000000000017,1,1.1
8,A,PREY,313,16630.83999999985,500,251.5239999999996,6,2,99.955,19.090000000000188,1,1.1
8,A,PREY,314,16030.989999999852,500,251.5239999999996,5,2,99.946,35.58124999999965,2,1.1
8,A,PREY,315,15711.069999999856,500,251.5239999999996,7,2,99.96142857142857,16.30000000000013,0,1.1
8,A,PREY,316,16430.88999999985,500,251.5239999999996,7,2,100.0,10.450000000000353,0,1.1
8,A,PREY,317,226.81000000000006,13,251.5239999999996,6,2,100.0,89.76999999999998,1,1.1
8,A,PREY,318,14791.29999999987,500,251.5239999999996,7,2,100.0,9.850000000000454,0,1.1
8,A,PREY,319,15191.199999999866,500,251.5239999999996,338,2,93.17961538461512,20.715000000000124,1,1.1
8,A,PREY,320,345.77000000000015,14,251.5239999999996,6,2,100.0,89.55999999999999,1,1.1
8,A,PREY,321,16270.929999999851,500,251.5239999999996,5,2,100.0,32.19999999999972,2,1.1
8,A,PREY,322,14751.309999999869,500,251.5239999999996,7,0,100.0,0.0,0,1.1
8,A,PREY,323,15231.189999999864,500,251.5239999999996,6,2,100.0,23.482500000000005,1,1.1
8,A,PREY,324,15551.109999999862,500,251.5239999999996,7,2,100.0,15.850000000000186,0,1.1
8,A,PREY,325,15871.029999999859,500,251.5239999999996,7,2,100.0,7.4500000000004825,0,1.1
8,A,PREY,326,15791.049999999857,500,251.5239999999996,6,2,100.0,15.400000000000135,1,1.1
8,A,PREY,327,15511.119999999863,500,251.5239999999996,7,2,100.0,17.050000000000104,0,1.1
8,A,PREY,328,15831.039999999859,500,251.5239999999996,7,2,100.0,16.450000000000152,0,1.1
8,A,PREY,329,16630.83999999986,500,251.5239999999996,6,2,100.0,20.19999999999984,1,1.1
8,A,PREY,330,15671.07999999986,500,251.5239999999996,7,2,100.0,23.199999999999896,0,1.1
8,A,PREY,331,15911.019999999859,500,251.5239999999996,6,2,100.0,22.248750000000072,1,1.1
8,A,PREY,332,4460.729999999992,165,251.5239999999996,4,2,100.0,76.45,4,1.1
8,A,PREY,333,16030.989999999856,500,251.5239999999996,5,2,100.0,32.94874999999966,2,1.1
8,A,PREY,334,15231.189999999862,500,251.5239999999996,338,2,88.55073964496998,10.900000000000205,0,1.1
8,A,PREY,335,16790.79999999985,500,251.5239999999996,7,2,100.0,19.15000000000002,0,1.1
8,A,PREY,336,14951.25999999987,500,251.5239999999996,338,2,90.1985207100588,49.41999999999988,5,1.1
8,A,PREY,337,15391.149999999865,500,251.5239999999996,5,2,100.0,24.279999999999998,2,1.1
8,A,PREY,338,16350.909999999854,500,251.5239999999996,7,2,99.96142857142857,11.050000000000143,0,1.1
8,A,PREY,339,17070.72999999985,500,251.5239999999996,9,2,99.94,27.159999999999872,2,1.1
8,A,PREY,340,108.73999999999992,23,251.5239999999996,5,2,100.0,98.74,2,1.1
8,A,PREY,341,15031.239999999865,500,251.5239999999996,6,2,100.0,18.22000000000002,1,1.1
8,A,PREY,342,15911.01999999986,500,251.5239999999996,7,2,100.0,18.70000000000003,0,1.1
8,A,PREY,343,15871.029999999859,500,251.5239999999996,6,2,99.955,14.220000000000232,1,1.1
8,A,PREY,344,17150.709999999846,500,251.5239999999996,7,2,100.0,20.49999999999999,0,1.1
8,A,PREY,345,15071.22999999987,500,251.5239999999996,7,2,100.0,17.3500000000001,0,1.1
8,A,PREY,346,10982.969999999921,328,251.5239999999996,5,2,100.0,51.930000000000014,2,1.1
8,A,PREY,347,16510.869999999853,500,251.5239999999996,6,2,100.0,13.990000000000299,1,1.1
8,A,PREY,348,15990.999999999858,500,251.5239999999996,7,2,100.0,12.700000000000255,0,1.1
8,A,PREY,349,16110.969999999857,500,251.5239999999996,7,2,100.0,17.200000000000138,0,1.1
8,A,PREY,350,975.1200000000005,63,251.5239999999996,5,2,99.946,83.01999999999991,2,1.1
8,B,PREDATOR,1,-12.159999999999998,216,2.4380000000000415,4,2,91.83999999999969,75.17999999999927,2,1.7
8,B,PREDATOR,2,-12.209999999999997,221,2.4380000000000415,337,2,88.5737091988128,50.97999999999979,0,1.7
8,B,PREDATOR,3,-12.239999999999997,224,2.4380000000000415,6,2,90.67999999999965,54.51999999999957,0,1.7
8,B,PREDATOR,4,-12.249999999999996,225,2.4380000000000415,5,2,90.69999999999965,51.6099999999998,1,1.7
8,B,PREDATOR,5,-12.199999999999998,220,2.4380000000000415,3,2,83.00999999999935,73.32374999999911,3,1.7
8,B,PREDATOR,6,-12.289999999999996,229,2.4380000000000415,337,2,64.2281008902077,91.74999999999969,140,1.7
8,B,PREDATOR,7,-12.309999999999995,231,2.4380000000000415,337,2,68.75955489614245,41.53,0,1.7
8,B,PREDATOR,8,-12.209999999999997,221,2.4380000000000415,5,2,92.0559999999997,64.37999999999937,1,1.7
8,B,PREDATOR,9,-12.239999999999997,224,2.4380000000000415,5,2,93.67599999999976,61.61999999999964,1,1.7
8,B,PREDATOR,10,12.143333333332889,298,2.4380000000000415,337,2,87.7276854599402,41.140000000000065,1,1.7
8,B,PREDATOR,11,-12.319999999999995,232,2.4380000000000415,3,2,92.47999999999972,77.90999999999914,3,1.7
8,B,PREDATOR,12,12.169999999999876,290,2.4380000000000415,3,2,92.67999999999972,64.3999999999989,3,1.7
8,B,PREDATOR,13,-12.169999999999998,217,2.4380000000000415,3,2,90.24999999999962,73.76999999999919,3,1.7
8,B,PREDATOR,14,-12.189999999999998,219,2.4380000000000415,5,2,89.96199999999962,58.17000000000001,1,1.7
8,B,PREDATOR,15,-12.289999999999996,229,2.4380000000000415,4,2,90.46749999999963,63.699999999999804,2,1.7
8,B,PREDATOR,16,-12.309999999999995,231,2.4380000000000415,130,2,71.7160769230769,64.1499999999995,2,1.7
8,B,PREDATOR,17,-12.209999999999997,221,2.4380000000000415,5,2,88.44999999999956,53.61999999999972,1,1.7
8,B,PREDATOR,18,-11.430000000000001,143,2.4380000000000415,337,3,70.10032640949552,62.48000000000011,46,1.7
8,B,PREDATOR,19,-12.199999999999998,220,2.4380000000000415,4,2,90.46749999999965,67.84999999999931,2,1.7
8,B,PREDATOR,20,-12.239999999999997,224,2.4380000000000415,3,2,92.0399999999997,76.97999999999907,3,1.7
8,B,PREDATOR,21,-12.199999999999998,220,2.4380000000000415,337,2,59.549851632047506,84.87999999999957,93,1.7
8,B,PREDATOR,22,-12.199999999999998,220,2.4380000000000415,5,2,91.81599999999969,58.349999999999596,1,1.7
8,B,PREDATOR,23,-12.239999999999997,224,2.4380000000000415,3,2,89.1899999999996,79.0199999999994,3,1.7
8,B,PREDATOR,24,12.273333333332937,285,2.4380000000000415,5,2,89.75199999999961,44.649999999999835,1,1.7
8,B,PREDATOR,25,-12.259999999999996,226,2.4380000000000415,5,2,90.00999999999962,65.40999999999924,1,1.7
8,B,PREDATOR,26,12.163333333332998,288,2.4380000000000415,1,2,89.4399999999996,55.539999999999694,5,1.7
8,B,PREDATOR,27,-12.159999999999998,216,2.4380000000000415,4,2,90.38499999999964,72.81999999999952,2,1.7
8,B,PREDATOR,28,-12.309999999999995,231,2.4380000000000415,5,2,90.65199999999965,62.129999999999555,1,1.7
8,B,PREDATOR,29,12.16999999999979,290,2.4380000000000415,3,2,91.21999999999967,58.65874999999912,3,1.7
8,B,PREDATOR,30,12.253333333332963,287,2.4380000000000415,5,2,92.2659999999997,28.96000000000049,1,1.7
8,B,PREDATOR,31,-12.229999999999997,223,2.4380000000000415,143,2,66.2125874125874,51.989999999999824,1,1.7
8,B,PREDATOR,32,-12.199999999999998,220,2.4380000000000415,4,2,88.55499999999958,70.17999999999908,2,1.7
8,B,PREDATOR,33,-12.409999999999993,241,2.4380000000000415,3,2,90.89999999999965,75.6699999999991,3,1.7
8,B,PREDATOR,34,-12.189999999999998,219,2.4380000000000415,4,2,91.57749999999967,57.1299999999998,2,1.7
8,B,PREDATOR,35,-12.349999999999994,235,2.4380000000000415,3,2,90.53999999999964,86.49749999999949,3,1.7
8,B,PREDATOR,36,9.062499999999519,278,2.4380000000000415,337,2,63.08845697329372,57.9899999999992,2,1.7
8,B,PREDATOR,37,-12.399999999999993,240,2.4380000000000415,3,2,86.40999999999947,66.57999999999957,3,1.7
8,B,PREDATOR,38,12.226666666666416,287,2.4380000000000415,4,2,89.98749999999961,51.579999999999636,2,1.7
8,B,PREDATOR,39,-12.209999999999997,221,2.4380000000000415,4,2,86.40249999999949,67.41999999999916,2,1.7
8,B,PREDATOR,40,248.23250000000172,500,2.4380000000000415,337,6,80.76382789317485,90.27333333333333,307,1.7
8,B,PREDATOR,41,-12.279999999999996,228,2.4380000000000415,3,2,92.69999999999972,76.28999999999911,3,1.7
8,B,PREDATOR,42,-12.319999999999995,232,2.4380000000000415,3,2,89.7299999999996,70.79999999999913,3,1.7
8,B,PREDATOR,43,12.305833333332922,275,2.4380000000000415,5,2,84.81999999999942,41.05000000000005,1,1.7
8,B,PREDATOR,44,12.076666666666492,302,2.4380000000000415,4,2,92.0349999999997,51.80999999999949,2,1.7
8,B,PREDATOR,45,12.049999999999615,302,2.4380000000000415,3,2,86.26999999999948,48.09999999999968,3,1.7
8,B,PREDATOR,46,-12.219999999999997,222,2.4380000000000415,337,2,67.98264094955486,55.85999999999974,1,1.7
8,B,PREDATOR,47,-12.309999999999995,231,2.4380000000000415,3,2,89.03999999999958,77.18999999999917,3,1.7
8,B,PREDATOR,48,-12.189999999999998,219,2.4380000000000415,2,2,90.63999999999965,84.37999999999937,4,1.7
8,B,PREDATOR,49,-12.219999999999997,222,2.4380000000000415,6,2,89.96499999999962,50.55999999999952,0,1.7
8,B,PREDATOR,50,-12.199999999999998,220,2.4380000000000415,337,2,79.79284866468836,68.6500000000002,42,1.7
8,B,PREDATOR,51,-12.229999999999997,223,2.4380000000000415,4,2,87.03999999999951,68.61999999999948,2,1.7
8,B,PREDATOR,52,-12.189999999999998,219,2.4380000000000415,6,2,90.73499999999966,51.6699999999998,0,1.7
8,B,PREDATOR,53,12.17999999999961,289,2.4380000000000415,3,2,85.75999999999947,49.83999999999966,3,1.7
8,B,PREDATOR,54,11.97333333333299,315,2.4380000000000415,3,2,90.35999999999963,61.809999999999405,3,1.7
8,B,PREDATOR,55,12.273333333332983,285,2.4380000000000415,3,2,91.9999999999997,63.79999999999947,3,1.7
8,B,PREDATOR,56,-12.189999999999998,219,2.4380000000000415,337,3,62.61878338278932,52.35999999999998,54,1.7
8,B,PREDATOR,57,-12.209999999999997,221,2.4380000000000415,337,2,81.25290801186925,62.10999999999926,1,1.7
8,B,PREDATOR,58,-12.409999999999993,241,2.4380000000000415,5,2,87.69399999999953,52.52999999999987,1,1.7
8,B,PREDATOR,59,12.276666666666342,282,2.4380000000000415,4,2,85.55499999999945,48.99999999999966,2,1.7
8,B,PREDATOR,60,12.173333333332907,295,2.4380000000000415,4,2,94.38999999999979,49.64999999999963,2,1.7
8,B,PREDATOR,61,-12.239999999999997,224,2.4380000000000415,4,2,90.18999999999963,62.129999999999754,2,1.7
8,B,PREDATOR,62,-12.209999999999997,221,2.4380000000000415,5,2,91.44999999999968,62.57999999999943,1,1.7
8,B,PREDATOR,63,-12.189999999999998,219,2.4380000000000415,3,2,88.68999999999956,58.71999999999974,3,1.7
8,B,PREDATOR,64,-12.229999999999997,223,2.4380000000000415,1,2,86.43999999999949,86.64999999999952,5,1.7
8,B,PREDATOR,65,-12.199999999999998,220,2.4380000000000415,4,2,87.31749999999951,64.43999999999977,2,1.7
8,B,PREDATOR,66,-12.269999999999996,227,2.4380000000000415,3,2,92.45999999999971,77.54999999999939,3,1.7
8,B,PREDATOR,67,14.119999999999775,287,2.4380000000000415,337,2,56.914213649851625,66.88000000000027,159,1.7
8,B,PREDATOR,68,-12.209999999999997,221,2.4380000000000415,337,2,62.72471810089017,73.40999999999906,2,1.7
8,B,PREDATOR,69,-12.129999999999999,213,2.4380000000000415,5,2,90.99999999999966,61.739999999999384,1,1.7
8,B,PREDATOR,70,-12.239999999999997,224,2.4380000000000415,235,2,70.21514893617018,61.83999999999948,1,1.7
8,B,PREDATOR,71,-12.339999999999995,234,2.4380000000000415,5,2,91.56999999999968,58.899999999999295,1,1.7
8,B,PREDATOR,72,-12.209999999999997,221,2.4380000000000415,1,2,91.9599999999997,80.81999999999934,5,1.7
8,B,PREDATOR,73,-12.269999999999996,227,2.4380000000000415,5,2,85.18599999999944,57.95999999999957,1,1.7
8,B,PREDATOR,74,-12.249999999999996,225,2.4380000000000415,337,2,88.47982195845668,51.99999999999975,0,1.7
8,B,PREDATOR,75,-12.239999999999997,224,2.4380000000000415,3,2,89.46999999999962,69.32999999999969,3,1.7
8,B,PREDATOR,76,-12.249999999999996,225,2.4380000000000415,5,2,90.59799999999964,63.59999999999941,1,1.7
8,B,PREDATOR,77,-12.249999999999996,225,2.4380000000000415,4,2,93.18999999999974,58.299999999999585,2,1.7
8,B,PREDATOR,78,-12.259999999999996,226,2.4380000000000415,3,2,90.46999999999964,69.57999999999953,3,1.7
8,B,PREDATOR,79,-12.509999999999991,251,2.4380000000000415,4,2,88.02249999999955,65.17999999999921,2,1.7
8,B,PREDATOR,80,-12.209999999999997,221,2.4380000000000415,337,2,66.51172106824924,54.54999999999973,2,1.7
8,B,PREDATOR,81,12.073333333332885,305,2.4380000000000415,3,2,92.75999999999972,53.899999999999686,3,1.7
8,B,PREDATOR,82,-12.389999999999993,239,2.4380000000000415,337,2,74.12195845697316,55.929999999999815,3,1.7
8,B,PREDATOR,83,-12.309999999999995,231,2.4380000000000415,337,2,64.61341246290799,64.94999999999922,2,1.7
8,B,PREDATOR,84,-12.209999999999997,221,2.4380000000000415,337,2,88.46540059347167,62.07999999999983,2,1.7
8,B,PREDATOR,85,-12.169999999999998,217,2.4380000000000415,5,2,92.52399999999972,51.879999999999754,1,1.7
8,B,PREDATOR,86,12.283333333332914,284,2.4380000000000415,337,2,88.01833827893137,59.07124999999992,3,1.7
8,B,PREDATOR,87,-12.279999999999996,228,2.4380000000000415,337,2,69.63418397626108,65.52999999999946,2,1.7
8,B,PREDATOR,88,12.31666666666626,278,2.4380000000000415,337,2,63.50142433234418,55.95999999999982,3,1.7
8,B,PREDATOR,89,-12.239999999999997,224,2.4380000000000415,3,2,87.10999999999952,72.17999999999913,3,1.7
8,B,PREDATOR,90,12.243333333332904,288,2.4380000000000415,4,2,88.00749999999954,59.489999999999206,2,1.7
8,B,PREDATOR,91,-12.209999999999997,221,2.4380000000000415,3,2,86.30999999999949,76.75999999999918,3,1.7
8,B,PREDATOR,92,38.520000000000195,370,2.4380000000000415,337,2,52.81762611275961,36.25,2,1.7
8,B,PREDATOR,93,-12.489999999999991,249,2.4380000000000415,5,2,85.95399999999947,53.819999999999695,1,1.7
8,B,PREDATOR,94,-11.420000000000002,142,2.4380000000000415,5,3,94.13799999999978,31.273333333333525,1,1.7
8,B,PREDATOR,95,12.14666666666629,295,2.4380000000000415,1,2,87.48999999999953,83.05999999999896,5,1.7
8,B,PREDATOR,96,-12.189999999999998,219,2.4380000000000415,5,2,89.8839999999996,56.36999999999978,1,1.7
8,B,PREDATOR,97,-12.239999999999997,224,2.4380000000000415,267,2,63.18891385767791,62.8799999999993,2,1.7
8,B,PREDATOR,98,-12.409999999999993,241,2.4380000000000415,337,2,64.90255192878325,46.48000000000003,0,1.7
8,B,PREDATOR,99,-12.449999999999992,245,2.4380000000000415,4,2,88.70499999999957,53.27999999999961,2,1.7
8,B,PREDATOR,100,-12.239999999999997,224,2.4380000000000415,6,2,89.15999999999958,47.02000000000008,0,1.7
8,B,PREDATOR,101,-12.459999999999992,246,2.4380000000000415,3,2,88.15999999999956,58.929999999999914,3,1.7
8,B,PREDATOR,102,85.2666666666649,496,2.4380000000000415,1,2,87.39999999999952,18.610000000000134,5,1.7
8,B,PREDATOR,103,-12.489999999999991,249,2.4380000000000415,4,2,89.2599999999996,70.66999999999896,2,1.7
8,B,PREDATOR,104,-12.209999999999997,221,2.4380000000000415,3,2,93.15999999999974,60.81999999999947,3,1.7
8,B,PREDATOR,105,-12.359999999999994,236,2.4380000000000415,337,2,89.15335311572663,56.576249999999504,1,1.7
8,B,PREDATOR,106,36.716666666666676,345,2.4380000000000415,2,2,95.22999999999982,60.04999999999876,4,1.7
8,B,PREDATOR,107,-12.329999999999995,233,2.4380000000000415,6,2,87.82999999999954,45.040000000000155,0,1.7
8,B,PREDATOR,108,-12.189999999999998,219,2.4380000000000415,3,2,91.67999999999968,66.78999999999962,3,1.7
8,B,PREDATOR,109,12.329999999999584,282,2.4380000000000415,337,2,88.41367952522215,35.56000000000034,1,1.7
8,B,PREDATOR,110,-12.259999999999996,226,2.4380000000000415,337,2,89.47240356083057,71.75999999999976,2,1.7
8,B,PREDATOR,111,12.27333333333293,285,2.4380000000000415,3,2,87.2499999999995,67.3699999999998,3,1.7
8,B,PREDATOR,112,-12.239999999999997,224,2.4380000000000415,6,2,88.57999999999957,50.319999999999865,0,1.7
8,B,PREDATOR,113,-12.239999999999997,224,2.4380000000000415,337,2,84.78403560830849,56.21999999999965,1,1.7
8,B,PREDATOR,114,-12.269999999999996,227,2.4380000000000415,337,2,90.9803857566763,47.41000000000004,0,1.7
8,B,PREDATOR,115,-12.389999999999993,239,2.4380000000000415,5,2,88.07799999999955,54.869999999999564,1,1.7
8,B,PREDATOR,116,12.01666666666621,308,2.4380000000000415,337,2,67.43323442136483,57.569999999999254,3,1.7
8,B,PREDATOR,117,12.053333333332892,307,2.4380000000000415,4,2,90.42249999999964,37.758750000000276,2,1.7
8,B,PREDATOR,118,-12.189999999999998,219,2.4380000000000415,3,2,85.00999999999944,69.5799999999995,5,1.7
8,B,PREDATOR,119,-12.279999999999996,228,2.4380000000000415,5,2,87.96399999999954,53.189999999999756,1,1.7
8,B,PREDATOR,120,-12.189999999999998,219,2.4380000000000415,6,2,91.48499999999967,47.61999999999998,0,1.7
8,B,PREDATOR,121,-12.369999999999994,237,2.4380000000000415,2,2,90.63999999999965,66.77999999999939,4,1.7
8,B,PREDATOR,122,-12.239999999999997,224,2.4380000000000415,337,2,84.99919881305621,56.969999999999644,1,1.7
8,B,PREDATOR,123,-12.309999999999995,231,2.4380000000000415,77,2,75.44999999999996,60.46250000000043,2,1.7
8,B,PREDATOR,124,-12.189999999999998,219,2.4380000000000415,5,2,86.64999999999948,49.46999999999998,1,1.7
8,B,PREDATOR,125,-12.269999999999996,227,2.4380000000000415,5,2,88.17399999999955,56.9099999999998,1,1.7
8,B,PREDATOR,126,-12.279999999999996,228,2.4380000000000415,337,2,90.4155489614241,65.36999999999935,2,1.7
8,B,PREDATOR,127,-12.249999999999996,225,2.4380000000000415,6,2,89.15999999999958,46.59999999999994,0,1.7
8,B,PREDATOR,128,-12.339999999999995,234,2.4380000000000415,337,2,66.47198813056379,70.81999999999904,2,1.7
8,B,PREDATOR,129,-12.169999999999998,217,2.4380000000000415,2,2,87.06999999999951,70.79999999999976,4,1.7
8,B,PREDATOR,130,-12.209999999999997,221,2.4380000000000415,337,2,59.2382492581603,85.88999999999956,139,1.7
8,B,PREDATOR,131,-12.189999999999998,219,2.4380000000000415,337,2,88.16997032640914,75.11999999999915,3,1.7
8,B,PREDATOR,132,-12.509999999999991,251,2.4380000000000415,3,2,92.39999999999971,70.92999999999924,3,1.7
8,B,PREDATOR,133,-12.189999999999998,219,2.4380000000000415,5,2,89.75799999999961,62.85999999999938,1,1.7
8,B,PREDATOR,134,-12.229999999999997,223,2.4380000000000415,3,2,90.19999999999963,79.9899999999993,3,1.7
8,B,PREDATOR,135,-12.189999999999998,219,2.4380000000000415,2,2,89.5899999999996,67.21000000000004,15,1.7
8,B,PREDATOR,136,-12.249999999999996,225,2.4380000000000415,3,2,88.48999999999955,57.339999999999776,3,1.7
8,B,PREDATOR,137,-12.249999999999996,225,2.4380000000000415,5,2,88.07199999999955,57.51999999999977,1,1.7
8,B,PREDATOR,138,-12.159999999999998,216,2.4380000000000415,4,2,90.60999999999964,67.40999999999914,2,1.7
8,B,PREDATOR,139,-12.639999999999988,264,2.4380000000000415,5,2,90.51999999999964,54.56999999999965,1,1.7
8,B,PREDATOR,140,11.546666666666374,355,2.4380000000000415,4,2,93.66999999999976,48.5799999999994,2,1.7
8,B,PREDATOR,141,39.00666666666686,372,2.4380000000000415,337,2,84.28080118694317,27.760000000000232,2,1.7
8,B,PREDATOR,142,11.869999999999832,320,2.4380000000000415,3,2,97.2399999999999,55.92999999999915,3,1.7
8,B,PREDATOR,143,-12.289999999999996,229,2.4380000000000415,5,2,89.17599999999959,54.99999999999964,1,1.7
8,B,PREDATOR,144,11.863333333333083,318,2.4380000000000415,2,2,87.69999999999953,61.552499999999,10,1.7
8,B,PREDATOR,145,-12.439999999999992,244,2.4380000000000415,3,2,88.57999999999957,68.24999999999974,3,1.7
8,B,PREDATOR,146,11.896666666666222,320,2.4380000000000415,3,2,89.21999999999959,60.989999999999085,3,1.7
8,B,PREDATOR,147,-12.179999999999998,218,2.4380000000000415,337,2,83.46816023738852,62.58999999999958,1,1.7
8,B,PREDATOR,148,-12.509999999999991,251,2.4380000000000415,3,2,91.11999999999966,79.75999999999908,3,1.7
8,B,PREDATOR,149,-12.269999999999996,227,2.4380000000000415,337,2,89.3431750741837,56.8299999999996,1,1.7
8,B,PREDATOR,150,-12.179999999999998,218,2.4380000000000415,3,2,89.16999999999958,75.02999999999926,3,1.7
8,B,PREDATOR,151,40.15000000000016,383,2.4380000000000415,337,2,61.447774480712,26.740000000000297,2,1.7
8,B,PREDATOR,152,-12.159999999999998,216,2.4380000000000415,5,2,86.7039999999995,55.8299999999999,1,1.7
8,B,PREDATOR,153,-12.329999999999995,233,2.4380000000000415,4,2,83.9949999999994,62.22999999999969,2,1.7
8,B,PREDATOR,154,-12.57999999999999,258,2.4380000000000415,5,2,86.9499999999995,53.18999999999969,1,1.7
8,B,PREDATOR,155,-12.289999999999996,229,2.4380000000000415,337,2,64.63869436201782,64.59999999999937,3,1.7
8,B,PREDATOR,156,-12.169999999999998,217,2.4380000000000415,2,2,89.5599999999996,85.74999999999949,4,1.7
8,B,PREDATOR,157,-12.169999999999998,217,2.4380000000000415,6,2,90.72999999999963,54.309999999999604,0,1.7
8,B,PREDATOR,158,-11.280000000000001,128,2.4380000000000415,3,3,93.79999999999977,57.866666666666454,3,1.7
8,B,PREDATOR,159,-12.209999999999997,221,2.4380000000000415,6,2,89.06499999999959,46.33000000000001,0,1.7
8,B,PREDATOR,160,-12.259999999999996,226,2.4380000000000415,24,2,97.78999999999996,65.46999999999943,2,1.7
8,B,PREDATOR,161,-12.189999999999998,219,2.4380000000000415,337,2,90.18118694361993,47.77000000000005,0,1.7
8,B,PREDATOR,162,12.273333333332948,285,2.4380000000000415,5,2,91.70199999999969,44.19999999999992,1,1.7
8,B,PREDATOR,163,12.313333333332933,281,2.4380000000000415,337,2,88.28632047477711,74.73999999999981,98,1.7
8,B,PREDATOR,164,-12.229999999999997,223,2.4380000000000415,6,2,88.37999999999955,48.18999999999998,0,1.7
8,B,PREDATOR,165,12.393333333332931,273,2.4380000000000415,5,2,92.1819999999997,48.78999999999967,1,1.7
8,B,PREDATOR,166,12.136666666666217,304,2.4380000000000415,337,2,96.03118694362003,60.22000000000013,5,1.7
8,B,PREDATOR,167,-12.209999999999997,221,2.4380000000000415,2,2,83.81499999999939,71.88999999999957,4,1.7
8,B,PREDATOR,168,-12.159999999999998,216,2.4380000000000415,4,2,90.12249999999962,74.0199999999997,2,1.7
8,B,PREDATOR,169,-12.189999999999998,219,2.4380000000000415,337,2,70.4594658753708,44.46999999999997,0,1.7
8,B,PREDATOR,170,12.073333333332913,305,2.4380000000000415,3,2,98.03999999999992,57.94999999999915,3,1.7
8,B,PREDATOR,171,36.183333333333586,401,2.4380000000000415,3,2,87.48999999999951,38.879999999999804,3,1.7
8,B,PREDATOR,172,-12.379999999999994,238,2.4380000000000415,5,2,92.0439999999997,60.23999999999927,1,1.7
8,B,PREDATOR,173,-11.430000000000001,143,2.4380000000000415,5,3,92.2599999999997,42.35999999999992,1,1.7
8,B,PREDATOR,174,11.783333333332836,334,2.4380000000000415,2,2,90.18999999999963,67.30999999999874,4,1.7
8,B,PREDATOR,175,11.853333333332847,327,2.4380000000000415,3,2,88.17999999999955,51.905000000000044,3,1.7
8,B,PREDATOR,176,-12.309999999999995,231,2.4380000000000415,337,2,89.94958456973278,66.56999999999938,3,1.7
8,B,PREDATOR,177,-12.55999999999999,256,2.4380000000000415,284,2,62.01760563380283,69.94000000000018,114,1.7
8,B,PREDATOR,178,-12.269999999999996,227,2.4380000000000415,2,3,90.32499999999963,40.3266666666667,4,1.7
8,B,PREDATOR,179,12.283333333332964,284,2.4380000000000415,2,2,80.19999999999925,71.63999999999939,4,1.7
8,B,PREDATOR,180,12.033333333332875,309,2.4380000000000415,2,2,94.8099999999998,59.31999999999932,4,1.7
8,B,PREDATOR,181,9.647499999999527,279,2.4380000000000415,2,2,92.36499999999971,70.85999999999893,4,1.7
8,B,PREDATOR,182,11.783333333332846,334,2.4380000000000415,337,2,64.55121661721059,32.62000000000006,1,1.7
8,B,PREDATOR,183,-12.499999999999991,250,2.4380000000000415,246,2,64.35016260162602,73.59999999999997,46,1.7
8,B,PREDATOR,184,12.313333333332926,281,2.4380000000000415,337,2,87.4158160237386,49.0299999999996,1,1.7
8,B,PREDATOR,185,-12.169999999999998,217,2.4380000000000415,5,2,91.56999999999968,54.549999999999756,1,1.7
8,B,PREDATOR,186,36.282500000000475,387,2.4380000000000415,4,2,93.26499999999974,35.40999999999994,2,1.7
8,B,PREDATOR,187,-12.57999999999999,258,2.4380000000000415,4,2,86.9874999999995,61.02999999999979,2,1.7
8,B,PREDATOR,188,-12.619999999999989,262,2.4380000000000415,5,2,91.50399999999968,54.639999999999446,1,1.7
8,B,PREDATOR,189,36.98000000000059,324,2.4380000000000415,4,2,87.22749999999951,32.77000000000044,2,1.7
8,B,PREDATOR,190,-12.779999999999985,278,2.4380000000000415,5,2,89.88999999999962,52.13999999999956,1,1.7
8,B,PREDATOR,191,11.79666666666631,330,2.4380000000000415,3,2,94.40999999999978,55.09999999999961,3,1.7
8,B,PREDATOR,192,-12.859999999999983,286,2.4380000000000415,337,2,69.73967359050407,72.33999999999995,143,1.7
8,B,PREDATOR,193,-12.209999999999997,221,2.4380000000000415,337,2,87.47869436201758,50.379999999999875,0,1.7
8,B,PREDATOR,194,-12.239999999999997,224,2.4380000000000415,337,2,67.88925816023736,76.94999999999958,3,1.7
8,B,PREDATOR,195,-11.25,125,2.4380000000000415,4,3,86.72499999999948,43.819999999999986,2,1.7
8,B,PREDATOR,196,-12.309999999999995,231,2.4380000000000415,4,2,91.44999999999968,65.91999999999948,2,1.7
8,B,PREDATOR,197,1455.3525000000004,500,2.4380000000000415,337,3,83.58243323442086,44.30000000000009,55,1.7
8,B,PREDATOR,198,11.723333333333043,340,2.4380000000000415,5,2,89.71599999999961,37.300000000000054,1,1.7
8,B,PREDATOR,199,-12.269999999999996,227,2.4380000000000415,337,2,85.58519287833812,45.46000000000002,0,1.7
8,B,PREDATOR,200,45.11333333333406,500,2.4380000000000415,2,3,90.63999999999965,26.12666666666641,15,1.7
8,B,PREDATOR,201,2505.5074999999715,500,2.4380000000000415,116,65,71.04051724137932,54.04311538461541,1212,1.7
8,B,PREDATOR,202,10.80333333333279,432,2.4380000000000415,5,2,86.8299999999995,21.010000000000318,1,1.7
8,B,PREDATOR,203,-12.699999999999987,270,2.4380000000000415,2,2,84.42999999999941,69.89999999999895,11,1.7
8,B,PREDATOR,204,-12.139999999999999,214,2.4380000000000415,4,2,88.20249999999956,64.24000000000001,2,1.7
8,B,PREDATOR,205,60.45999999999814,475,2.4380000000000415,0,2,0.0,41.49999999999936,7,1.7
8,B,PREDATOR,206,-11.270000000000001,127,2.4380000000000415,4,3,91.62999999999968,46.866666666666696,2,1.7
8,B,PREDATOR,207,12.023333333332905,310,2.4380000000000415,3,2,84.75999999999942,58.569999999999204,3,1.7
8,B,PREDATOR,208,11.773333333332866,335,2.4380000000000415,4,2,86.26749999999947,28.200000000000205,2,1.7
8,B,PREDATOR,209,13.099999999999666,389,2.4380000000000415,337,2,71.13629080118652,22.720000000000347,1,1.7
8,B,PREDATOR,210,35.983333333333775,413,2.4380000000000415,2,2,89.3199999999996,44.31999999999956,4,1.7
8,B,PREDATOR,211,-12.309999999999995,231,2.4380000000000415,5,2,87.48399999999953,59.42999999999937,1,1.7
8,B,PREDATOR,212,-12.639999999999988,264,2.4380000000000415,337,2,89.85913946587515,41.17000000000016,0,1.7
8,B,PREDATOR,213,-12.55999999999999,256,2.4380000000000415,5,2,92.67999999999972,49.82999999999989,1,1.7
8,B,PREDATOR,214,11.676666666666305,342,2.4380000000000415,2,2,94.8999999999998,59.63999999999975,4,1.7
8,B,PREDATOR,215,-12.639999999999988,264,2.4380000000000415,5,2,93.98799999999977,57.569999999999304,1,1.7
8,B,PREDATOR,216,12.023333333332873,310,2.4380000000000415,337,2,62.815370919881325,68.80000000000013,121,1.7
8,B,PREDATOR,217,-12.169999999999998,217,2.4380000000000415,203,2,69.09940886699506,62.979999999999784,2,1.7
8,B,PREDATOR,218,12.353333333332921,274,2.4380000000000415,3,2,89.33999999999959,61.2399999999999,3,1.7
8,B,PREDATOR,219,11.876666666666177,338,2.4380000000000415,337,2,63.42112759643898,40.44000000000045,2,1.7
8,B,PREDATOR,220,12.153333333332908,297,2.4380000000000415,4,2,85.17999999999944,50.00999999999954,2,1.7
8,B,PREDATOR,221,-12.239999999999997,224,2.4380000000000415,3,2,87.29999999999951,77.40999999999926,3,1.7
8,B,PREDATOR,222,-12.12,212,2.4380000000000415,6,2,87.31499999999953,51.45999999999986,0,1.7
8,B,PREDATOR,223,11.903333333332847,322,2.4380000000000415,2,2,99.02499999999996,64.18999999999892,4,1.7
8,B,PREDATOR,224,11.699999999999568,337,2.4380000000000415,3,2,92.67999999999972,60.55999999999875,3,1.7
8,B,PREDATOR,225,12.233333333332899,289,2.4380000000000415,5,2,87.88599999999954,31.120000000000523,1,1.7
8,B,PREDATOR,226,-12.419999999999993,242,2.4380000000000415,337,2,88.92649851632017,78.92999999999984,73,1.7
8,B,PREDATOR,227,-12.289999999999996,229,2.4380000000000415,4,2,90.77499999999965,73.07999999999922,2,1.7
8,B,PREDATOR,228,-12.149999999999999,215,2.4380000000000415,337,2,85.28596439169132,69.09999999999961,2,1.7
8,B,PREDATOR,229,-12.169999999999998,217,2.4380000000000415,5,2,89.4879999999996,59.19999999999939,1,1.7
8,B,PREDATOR,230,12.293333333333072,283,2.4380000000000415,5,2,91.16199999999967,48.639999999999624,1,1.7
8,B,PREDATOR,231,-12.379999999999994,238,2.4380000000000415,337,2,76.99620178041538,70.07999999999926,3,1.7
8,B,PREDATOR,232,11.579999999999773,349,2.4380000000000415,3,2,91.9999999999997,41.919999999999824,4,1.7
8,B,PREDATOR,233,12.153333333332887,297,2.4380000000000415,3,2,90.80999999999965,58.90999999999964,3,1.7
8,B,PREDATOR,234,37.27333333333383,300,2.4380000000000415,337,2,65.56643916913944,70.9,191,1.7
8,B,PREDATOR,235,95.22666666666534,500,2.4380000000000415,1,3,97.95999999999992,23.373333333333097,5,1.7
8,B,PREDATOR,236,-12.819999999999984,282,2.4380000000000415,4,13,89.6199999999996,73.76249999999943,222,1.7
8,B,PREDATOR,237,-12.259999999999996,226,2.4380000000000415,2,2,90.42999999999964,73.91999999999923,4,1.7
8,B,PREDATOR,238,-12.339999999999995,234,2.4380000000000415,4,2,88.29999999999956,70.06999999999954,2,1.7
8,B,PREDATOR,239,-13.05999999999998,306,2.4380000000000415,3,2,90.71999999999964,54.63999999999956,7,1.7
8,B,PREDATOR,240,-12.189999999999998,219,2.4380000000000415,4,2,89.76249999999962,63.789999999999694,2,1.7
8,B,PREDATOR,241,74.10333333333239,500,2.4380000000000415,337,3,89.62195845697285,11.32666666666688,3,1.7
8,B,PREDATOR,242,-12.439999999999992,244,2.4380000000000415,2,2,88.77999999999957,74.6999999999991,4,1.7
8,B,PREDATOR,243,-12.169999999999998,217,2.4380000000000415,4,2,91.10499999999966,61.4399999999995,2,1.7
8,B,PREDATOR,244,-12.259999999999996,226,2.4380000000000415,337,2,88.71480712166155,65.12999999999934,1,1.7
8,B,PREDATOR,245,-12.209999999999997,221,2.4380000000000415,337,2,66.63810089020772,51.72999999999979,0,1.7
8,B,PREDATOR,246,11.693333333332978,343,2.4380000000000415,5,2,97.3719999999999,28.84000000000048,1,1.7
8,B,PREDATOR,247,10.946666666666195,407,2.4380000000000415,1,2,83.61999999999938,36.189999999999664,5,1.7
8,B,PREDATOR,248,-12.689999999999987,269,2.4380000000000415,337,2,59.739287833827824,61.85999999999923,2,1.7
8,B,PREDATOR,249,-12.159999999999998,216,2.4380000000000415,337,2,87.21186943620158,50.979999999999855,0,1.7
8,B,PREDATOR,250,-12.409999999999993,241,2.4380000000000415,5,2,88.60599999999957,52.95999999999967,1,1.7
8,B,PREDATOR,251,12.316666666666274,278,2.4380000000000415,3,2,83.70999999999938,65.23999999999896,3,1.7
8,B,PREDATOR,252,-12.689999999999987,269,2.4380000000000415,337,2,67.21047477744803,55.219999999999544,2,1.7
8,B,PREDATOR,253,-12.369999999999994,237,2.4380000000000415,337,3,62.863382789317505,21.193333333333545,1,1.7
8,B,PREDATOR,254,-12.359999999999994,236,2.4380000000000415,337,2,67.75729970326407,56.70999999999988,2,1.7
8,B,PREDATOR,255,-12.179999999999998,218,2.4380000000000415,337,2,66.60510385756676,57.27999999999969,1,1.7
8,B,PREDATOR,256,-12.309999999999995,231,2.4380000000000415,2,2,87.38499999999952,75.78999999999931,4,1.7
8,B,PREDATOR,257,45.11333333333367,500,2.4380000000000415,2,3,84.57999999999942,25.433333333333255,4,1.7
8,B,PREDATOR,258,-12.53999999999999,254,2.4380000000000415,4,2,87.57999999999953,64.92999999999944,2,1.7
8,B,PREDATOR,259,-12.169999999999998,217,2.4380000000000415,229,2,64.99366812227073,77.46999999999977,3,1.7
8,B,PREDATOR,260,-12.839999999999984,284,2.4380000000000415,5,2,90.01599999999962,49.16999999999976,1,1.7
8,B,PREDATOR,261,-12.58999999999999,259,2.4380000000000415,337,2,88.22916913946561,55.46999999999961,1,1.7
8,B,PREDATOR,262,-12.739999999999986,274,2.4380000000000415,3,2,90.07999999999963,65.27249999999907,3,1.7
8,B,PREDATOR,263,12.146666666666293,295,2.4380000000000415,3,2,88.17999999999955,57.00999999999943,3,1.7
8,B,PREDATOR,264,-12.189999999999998,219,2.4380000000000415,4,2,90.12249999999963,77.87999999999907,2,1.7
8,B,PREDATOR,265,-12.359999999999994,236,2.4380000000000415,6,2,89.6449999999996,49.92999999999981,0,1.7
8,B,PREDATOR,266,-12.909999999999982,291,2.4380000000000415,337,2,65.66302670623139,67.84000000000017,49,1.7
8,B,PREDATOR,267,-12.159999999999998,216,2.4380000000000415,4,3,90.01749999999961,33.380000000000294,2,1.7
8,B,PREDATOR,268,-12.209999999999997,221,2.4380000000000415,5,2,88.10199999999955,59.27999999999946,1,1.7
8,B,PREDATOR,269,-12.55999999999999,256,2.4380000000000415,5,2,94.8639999999998,51.21999999999971,1,1.7
8,B,PREDATOR,270,11.896666666666205,320,2.4380000000000415,2,2,90.63999999999965,60.92999999999919,4,1.7
8,B,PREDATOR,271,11.79666666666621,330,2.4380000000000415,2,2,93.27999999999975,68.95999999999894,4,1.7
8,B,PREDATOR,272,11.523333333332817,360,2.4380000000000415,337,2,67.63178041543014,40.800000000000196,2,1.7
8,B,PREDATOR,273,-12.939999999999982,294,2.4380000000000415,337,2,80.30548961424293,76.55999999999983,73,1.7
8,B,PREDATOR,274,12.483333333332931,264,2.4380000000000415,4,2,90.63999999999965,51.4200000000003,2,1.7
8,B,PREDATOR,275,-12.409999999999993,241,2.4380000000000415,4,2,87.45999999999952,61.74999999999943,2,1.7
8,B,PREDATOR,276,-12.359999999999994,236,2.4380000000000415,6,2,88.74999999999959,43.78000000000011,0,1.7
8,B,PREDATOR,277,11.615833333332807,344,2.4380000000000415,337,2,56.37219584569733,35.970000000000034,2,1.7
8,B,PREDATOR,278,35.113333333334005,500,2.4380000000000415,2,2,96.81999999999988,33.509999999999586,4,1.7
8,B,PREDATOR,279,70.23666666666615,500,2.4380000000000415,1,3,98.79999999999995,24.139999999999944,5,1.7
8,B,PREDATOR,280,12.013333333332886,311,2.4380000000000415,3,2,92.51999999999971,54.15999999999963,13,1.7
8,B,PREDATOR,281,-12.469999999999992,247,2.4380000000000415,337,2,75.3335311572699,53.73999999999977,2,1.7
8,B,PREDATOR,282,-12.859999999999983,286,2.4380000000000415,6,2,92.00999999999969,31.030000000000385,0,1.7
8,B,PREDATOR,283,11.5333333333328,359,2.4380000000000415,337,2,67.56038575667642,27.97000000000049,1,1.7
8,B,PREDATOR,284,-12.53999999999999,254,2.4380000000000415,3,2,85.21999999999944,76.68999999999915,3,1.7
8,B,PREDATOR,285,-12.759999999999986,276,2.4380000000000415,5,2,88.04799999999955,52.522499999999596,1,1.7
8,B,PREDATOR,286,12.509999999999684,256,2.4380000000000415,3,3,88.93999999999959,35.213333333333274,3,1.7
8,B,PREDATOR,287,-12.709999999999987,271,2.4380000000000415,337,2,57.1852225519288,68.2199999999994,3,1.7
8,B,PREDATOR,288,-12.229999999999997,223,2.4380000000000415,3,2,85.97999999999946,76.08999999999914,3,1.7
8,B,PREDATOR,289,11.829999999999506,332,2.4380000000000415,337,2,88.81160237388684,33.01000000000011,1,1.7
8,B,PREDATOR,290,-12.189999999999998,219,2.4380000000000415,4,2,89.11749999999958,60.78749999999957,2,1.7
8,B,PREDATOR,291,-12.169999999999998,217,2.4380000000000415,252,2,72.7071825396825,75.42999999999992,39,1.7
8,B,PREDATOR,292,-12.209999999999997,221,2.4380000000000415,337,2,90.61427299703237,72.98999999999918,2,1.7
8,B,PREDATOR,293,-12.189999999999998,219,2.4380000000000415,5,2,89.2779999999996,64.16999999999953,1,1.7
8,B,PREDATOR,294,-12.759999999999986,276,2.4380000000000415,4,2,88.56999999999957,60.249999999999226,2,1.7
8,B,PREDATOR,295,-12.859999999999983,286,2.4380000000000415,5,2,89.4039999999996,48.39999999999962,1,1.7
8,B,PREDATOR,296,-12.759999999999986,276,2.4380000000000415,4,2,88.43499999999956,60.87499999999908,2,1.7
8,B,PREDATOR,297,35.350000000000335,471,2.4380000000000415,1,2,80.97999999999928,36.349999999999724,5,1.7
8,B,PREDATOR,298,35.63333333333366,448,2.4380000000000415,2,2,81.5499999999993,28.97624999999972,4,1.7
8,B,PREDATOR,299,513.1675000000005,500,2.4380000000000415,337,3,78.05611275964328,39.90000000000008,20,1.7
8,B,PREDATOR,300,10.773333333332678,435,2.4380000000000415,0,2,0.0,59.129999999999235,15,1.7
8,B,PREDATOR,301,11.763333333332918,328,2.4380000000000415,2,2,89.96499999999962,42.66999999999967,4,1.7
8,B,PREDATOR,302,11.946666666666411,315,2.4380000000000415,4,2,89.06499999999959,43.19999999999989,2,1.7
8,B,PREDATOR,303,-12.349999999999994,235,2.4380000000000415,4,2,91.15749999999966,73.63249999999894,2,1.7
8,B,PREDATOR,304,-12.259999999999996,226,2.4380000000000415,337,2,90.42676557863471,66.87999999999923,3,1.7
8,B,PREDATOR,305,12.276666666666332,282,2.4380000000000415,4,2,88.47999999999956,53.15999999999964,2,1.7
8,B,PREDATOR,306,-12.739999999999986,274,2.4380000000000415,4,2,84.0324999999994,43.51000000000013,2,1.7
8,B,PREDATOR,307,-12.429999999999993,243,2.4380000000000415,5,2,91.52199999999968,56.339999999999705,1,1.7
8,B,PREDATOR,308,-12.679999999999987,268,2.4380000000000415,3,2,86.41999999999949,69.58000000000006,3,1.7
8,B,PREDATOR,309,2079.054166666666,500,2.4380000000000415,337,3,66.37448071216608,79.79333333333328,404,1.7
8,B,PREDATOR,310,-12.259999999999996,226,2.4380000000000415,3,2,90.89999999999965,67.50999999999985,3,1.7
8,B,PREDATOR,311,-12.609999999999989,261,2.4380000000000415,337,2,69.2276261127596,74.78749999999921,3,1.7
8,B,PREDATOR,312,5429.6958333333,500,2.4380000000000415,337,3,62.11548961424293,45.20000000000007,246,1.7
8,B,PREDATOR,313,70.2899999999981,500,2.4380000000000415,3,3,88.03999999999955,11.88000000000005,3,1.7
8,B,PREDATOR,314,-13.04999999999998,305,2.4380000000000415,4,2,88.99749999999958,48.579999999999686,2,1.7
8,B,PREDATOR,315,-12.449999999999992,245,2.4380000000000415,5,2,91.04199999999966,62.54999999999925,1,1.7
8,B,PREDATOR,316,-12.389999999999993,239,2.4380000000000415,337,2,55.89335311572704,100.0,83,1.7
8,B,PREDATOR,317,-12.51999999999999,252,2.4380000000000415,337,2,83.18139465875362,54.80999999999969,1,1.7
8,B,PREDATOR,318,11.353333333332747,377,2.4380000000000415,3,2,95.77999999999984,57.929999999999225,3,1.7
8,B,PREDATOR,319,125.07333333333592,346,2.4380000000000415,1,2,98.55999999999995,66.96999999999899,16,1.7
8,B,PREDATOR,320,2188.7466666666037,500,2.4380000000000415,337,3,88.92620178041497,36.29999999999972,98,1.7
8,B,PREDATOR,321,11.339999999999462,373,2.4380000000000415,1,2,94.95999999999981,73.63999999999874,5,1.7
8,B,PREDATOR,322,-12.56999999999999,257,2.4380000000000415,5,2,89.5059999999996,61.14999999999938,1,1.7
8,B,PREDATOR,323,36.263333333333286,393,2.4380000000000415,3,2,89.89999999999962,42.809999999999505,3,1.7
8,B,PREDATOR,324,-12.479999999999992,248,2.4380000000000415,3,2,94.8399999999998,71.54999999999936,3,1.7
8,B,PREDATOR,325,693.7575000000033,468,2.4380000000000415,2,63,90.69999999999965,44.46547619047567,844,1.7
8,B,PREDATOR,326,-13.159999999999977,316,2.4380000000000415,0,55,0.0,59.490681818181656,830,1.7
8,B,PREDATOR,327,12.203333333332898,292,2.4380000000000415,4,2,85.31499999999944,47.609999999999786,2,1.7
8,B,PREDATOR,328,-12.809999999999985,281,2.4380000000000415,2,2,95.42499999999983,82.21999999999949,4,1.7
8,B,PREDATOR,329,-12.939999999999982,294,2.4380000000000415,337,2,60.43133531157266,67.3699999999997,3,1.7
8,B,PREDATOR,330,-12.749999999999986,275,2.4380000000000415,1,2,86.07999999999947,65.58999999999934,5,1.7
8,B,PREDATOR,331,-12.239999999999997,224,2.4380000000000415,3,2,88.97999999999958,74.36249999999922,3,1.7
8,B,PREDATOR,332,-12.309999999999995,231,2.4380000000000415,4,2,91.21749999999966,68.61999999999944,2,1.7
8,B,PREDATOR,333,12.313333333332919,281,2.4380000000000415,337,2,87.02715133531139,42.73000000000007,1,1.7
8,B,PREDATOR,334,35.95333333333295,424,2.4380000000000415,3,2,88.73999999999957,35.36999999999974,3,1.7
8,B,PREDATOR,335,-12.299999999999995,230,2.4380000000000415,4,2,96.18999999999986,70.74999999999906,2,1.7
8,B,PREDATOR,336,-12.909999999999982,291,2.4380000000000415,3,2,88.03999999999955,73.05249999999887,3,1.7
8,B,PREDATOR,337,11.64999999999952,350,2.4380000000000415,337,2,83.7965875370914,46.79624999999942,2,1.7
8,B,PREDATOR,338,11.565833333332838,349,2.4380000000000415,337,2,60.34483679525222,69.01,174,1.7
8,B,PREDATOR,339,-12.609999999999989,261,2.4380000000000415,5,2,88.98399999999958,53.87999999999961,1,1.7
8,B,PREDATOR,340,62.03999999999849,325,2.4380000000000415,3,3,98.54999999999995,18.08000000000011,3,1.7
8,B,PREDATOR,341,-13.739999999999965,374,2.4380000000000415,4,2,91.77999999999969,53.33999999999909,2,1.7
8,B,PREDATOR,342,-12.859999999999983,286,2.4380000000000415,337,2,89.51267062314511,47.529999999999646,1,1.7
8,B,PREDATOR,343,-13.219999999999976,322,2.4380000000000415,3,2,90.31999999999964,67.20999999999889,3,1.7
8,B,PREDATOR,344,-12.309999999999995,231,2.4380000000000415,4,2,89.2749999999996,62.819999999999226,2,1.7
8,B,PREDATOR,345,11.37666666666612,372,2.4380000000000415,3,2,88.45999999999957,44.409999999999634,3,1.7
8,B,PREDATOR,346,-13.439999999999971,344,2.4380000000000415,3,2,95.72999999999983,55.0499999999991,5,1.7
8,B,PREDATOR,347,-12.57999999999999,258,2.4380000000000415,4,2,90.45999999999964,64.02999999999936,2,1.7
8,B,PREDATOR,348,11.836666666666181,326,2.4380000000000415,4,2,88.59249999999957,52.92999999999918,2,1.7
8,B,PREDATOR,349,-12.489999999999991,249,2.4380000000000415,5,2,88.16199999999955,57.26999999999967,1,1.7
8,B,PREDATOR,350,10.673333333332705,445,2.4380000000000415,4,2,85.60749999999945,30.59999999999964,2,1.7
9,A,PREY,1,2274.429999999994,500,196.63599999999965,338,2,95.87778106508867,77.6299999999994,11,1.9
9,A,PREY,2,1783.2700000000038,428,196.63599999999965,5,2,87.76599999999954,46.437499999999496,2,1.9
9,A,PREY,3,2234.439999999995,500,196.63599999999965,6,2,95.39999999999982,6.150000000000505,1,1.9
9,A,PREY,4,2142.3299999999986,363,196.63599999999965,3,2,90.86999999999966,58.48499999999932,4,1.9
9,A,PREY,5,64.32999999999998,15,196.63599999999965,6,2,96.31999999999987,89.35,1,1.9
9,A,PREY,6,3234.1899999999764,500,196.63599999999965,4,2,88.14999999999955,35.34999999999917,3,1.9
9,A,PREY,7,2154.460000000002,500,196.63599999999965,338,2,99.21769230769229,51.190000000000204,9,1.9
9,A,PREY,8,2754.30999999997,500,196.63599999999965,338,2,99.90627218934914,23.899999999999896,2,1.9
9,A,PREY,9,3074.229999999972,500,196.63599999999965,338,1,95.89488165680457,54.89999999999824,2,1.9
9,A,PREY,10,2594.3499999999854,500,196.63599999999965,4,2,90.11499999999963,38.339999999999165,3,1.9
9,A,PREY,11,1290.660000000002,251,196.63599999999965,337,2,96.08255192878325,51.97875000000002,1,1.9
9,A,PREY,12,3234.1899999999664,500,196.63599999999965,22,2,92.33727272727266,14.50000000000004,0,1.9
9,A,PREY,13,143.83000000000004,13,196.63599999999965,6,2,96.75999999999988,89.76999999999998,1,1.9
9,A,PREY,14,2634.339999999977,500,196.63599999999965,4,2,95.91249999999985,30.86999999999923,3,1.9
9,A,PREY,15,3714.0699999999583,500,196.63599999999965,338,2,99.23633136094672,51.3399999999999,8,1.9
9,A,PREY,16,3307.6999999999716,496,196.63599999999965,2,2,96.87999999999988,64.41249999999917,5,1.9
9,A,PREY,17,1122.6400000000015,157,196.63599999999965,6,2,92.1599999999997,57.273750000000106,1,1.9
9,A,PREY,18,107.34000000000002,13,196.63599999999965,6,2,96.75999999999988,89.76999999999998,1,1.9
9,A,PREY,19,3914.0199999999622,500,196.63599999999965,7,2,94.6299999999998,10.0000000000001,0,1.9
9,A,PREY,20,3354.159999999975,500,196.63599999999965,5,2,97.82199999999992,27.249999999999705,2,1.9
9,A,PREY,21,3674.079999999959,500,196.63599999999965,338,2,99.4609171597633,20.76999999999962,1,1.9
9,A,PREY,22,3834.039999999967,500,196.63599999999965,7,0,93.62714285714263,0.0,0,1.9
9,A,PREY,23,3874.0299999999665,500,196.63599999999965,6,2,94.2699999999998,24.219999999999665,1,1.9
9,A,PREY,24,3714.069999999965,500,196.63599999999965,3,2,93.42999999999977,33.18999999999939,4,1.9
9,A,PREY,25,3874.0299999999593,500,196.63599999999965,5,1,93.08199999999974,30.399999999999103,2,1.9
9,A,PREY,26,3714.0699999999565,500,196.63599999999965,338,2,99.82417159763314,6.8499999999997705,0,1.9
9,A,PREY,27,3834.039999999959,500,196.63599999999965,338,1,91.67337278106505,37.17999999999919,1,1.9
9,A,PREY,28,4513.869999999955,500,196.63599999999965,6,2,91.77499999999968,15.699999999999612,1,1.9
9,A,PREY,29,2398.2799999999884,261,196.63599999999965,4,2,92.69499999999972,74.42249999999933,3,1.9
9,A,PREY,30,4033.9899999999548,500,196.63599999999965,6,1,92.0999999999997,23.25999999999942,1,1.9
9,A,PREY,31,4913.769999999946,500,196.63599999999965,3,2,92.42999999999972,41.22999999999914,4,1.9
9,A,PREY,32,4153.959999999967,500,196.63599999999965,4,2,92.83749999999972,36.599999999999206,3,1.9
9,A,PREY,33,5393.649999999935,500,196.63599999999965,338,2,98.29408284023667,29.589999999999634,2,1.9
9,A,PREY,34,4113.96999999996,500,196.63599999999965,338,2,99.77278106508875,6.400000000000322,0,1.9
9,A,PREY,35,4873.7799999999415,500,196.63599999999965,5,2,93.39399999999975,23.01999999999971,2,1.9
9,A,PREY,36,308.4800000000003,44,196.63599999999965,6,2,89.8149999999996,83.00249999999988,1,1.9
9,A,PREY,37,2785.6799999999944,262,196.63599999999965,337,2,95.51332344213633,55.30499999999995,2,1.9
9,A,PREY,38,188.72000000000008,23,196.63599999999965,6,2,94.48499999999979,89.45249999999993,1,1.9
9,A,PREY,39,5353.659999999945,500,196.63599999999965,6,2,93.63499999999976,16.799999999999912,1,1.9
9,A,PREY,40,4793.799999999946,500,196.63599999999965,338,1,97.90937869822484,89.49999999999996,6,1.9
9,A,PREY,41,4993.749999999956,500,196.63599999999965,5,2,96.50199999999987,15.879999999999564,2,1.9
9,A,PREY,42,69.35000000000001,13,196.63599999999965,6,2,96.93499999999989,89.76999999999998,1,1.9
9,A,PREY,43,5593.599999999941,500,196.63599999999965,7,2,94.95999999999981,17.649999999999892,0,1.9
9,A,PREY,44,149.23999999999995,22,196.63599999999965,6,2,94.82999999999981,88.02999999999997,1,1.9
9,A,PREY,45,5313.669999999939,500,196.63599999999965,4,2,92.55999999999972,32.009999999999124,3,1.9
9,A,PREY,46,4793.79999999994,500,196.63599999999965,338,1,99.83215976331363,21.999999999999844,0,1.9
9,A,PREY,47,6273.4299999999275,500,196.63599999999965,5,2,91.9539999999997,23.829999999999526,2,1.9
9,A,PREY,48,4593.849999999956,500,196.63599999999965,2,2,98.97999999999996,42.7299999999993,5,1.9
9,A,PREY,49,5353.659999999943,500,196.63599999999965,6,0,95.46499999999985,0.0,1,1.9
9,A,PREY,50,63.83000000000002,15,196.63599999999965,6,2,96.66999999999989,89.35,1,1.9
9,A,PREY,51,5593.599999999939,500,196.63599999999965,338,2,94.62414201183412,22.50999999999957,3,1.9
9,A,PREY,52,5793.549999999931,500,196.63599999999965,6,2,93.46999999999974,15.899999999999785,1,1.9
9,A,PREY,53,5793.549999999933,500,196.63599999999965,338,1,90.50405325443788,21.09999999999983,0,1.9
9,A,PREY,54,5433.639999999946,500,196.63599999999965,6,2,90.70499999999966,11.890000000000159,1,1.9
9,A,PREY,55,5993.4999999999345,500,196.63599999999965,4,2,93.16749999999973,29.00999999999916,3,1.9
9,A,PREY,56,6273.429999999926,500,196.63599999999965,7,1,93.43857142857118,1.6000000000004082,0,1.9
9,A,PREY,57,5313.669999999934,500,196.63599999999965,5,2,89.04999999999959,27.929999999999374,2,1.9
9,A,PREY,58,5633.589999999941,500,196.63599999999965,5,2,96.92199999999988,33.77999999999945,2,1.9
9,A,PREY,59,6313.419999999924,500,196.63599999999965,338,2,99.851775147929,23.97999999999973,1,1.9
9,A,PREY,60,7433.139999999915,500,196.63599999999965,6,2,91.08999999999965,18.449999999999914,1,1.9
9,A,PREY,61,5913.51999999994,500,196.63599999999965,338,2,94.45615384615381,59.63999999999953,8,1.9
9,A,PREY,62,6553.3599999999215,500,196.63599999999965,338,1,94.80399408284009,31.059999999999235,2,1.9
9,A,PREY,63,7233.189999999913,500,196.63599999999965,338,2,99.62855029585798,59.26000000000001,10,1.9
9,A,PREY,64,6113.469999999941,500,196.63599999999965,338,1,83.10085798816571,2.800000000000031,0,1.9
9,A,PREY,65,7353.159999999915,500,196.63599999999965,6,2,91.54499999999969,15.939999999999632,1,1.9
9,A,PREY,66,7593.099999999915,500,196.63599999999965,338,1,95.15331360946742,80.67999999999992,7,1.9
9,A,PREY,67,6633.339999999923,500,196.63599999999965,6,2,94.56999999999978,13.19999999999995,1,1.9
9,A,PREY,68,810.6600000000007,63,196.63599999999965,51,2,88.788431372549,79.57,2,1.9
9,A,PREY,69,7433.139999999914,500,196.63599999999965,7,1,92.61142857142829,2.2000000000000783,0,1.9
9,A,PREY,70,6433.389999999925,500,196.63599999999965,338,2,99.2746449704142,63.660000000000124,8,1.9
9,A,PREY,71,6193.449999999937,500,196.63599999999965,6,2,95.06999999999982,18.429999999999843,1,1.9
9,A,PREY,72,7233.189999999925,500,196.63599999999965,338,1,99.63701183431952,13.899999999999821,0,1.9
9,A,PREY,73,108.7099999999999,26,196.63599999999965,5,2,94.6299999999998,96.82499999999995,2,1.9
9,A,PREY,74,6593.349999999928,500,196.63599999999965,6,1,92.97499999999974,7.359999999999868,1,1.9
9,A,PREY,75,331.68000000000006,73,196.63599999999965,228,2,87.6877192982456,88.11999999999983,2,1.9
9,A,PREY,76,1264.0500000000009,113,196.63599999999965,6,2,93.32833333333305,70.38874999999996,2,1.9
9,A,PREY,77,7273.179999999913,500,196.63599999999965,7,2,91.88285714285682,11.200000000000069,0,1.9
9,A,PREY,78,7713.0699999999215,500,196.63599999999965,338,1,99.70923076923077,17.199999999999996,0,1.9
9,A,PREY,79,188.6199999999999,33,196.63599999999965,6,2,91.9099999999997,85.13999999999993,1,1.9
9,A,PREY,80,7513.119999999916,500,196.63599999999965,7,1,92.705714285714,9.100000000000291,0,1.9
9,A,PREY,81,7393.149999999928,500,196.63599999999965,338,2,99.8484023668639,30.459999999999617,2,1.9
9,A,PREY,82,385.01000000000016,89,196.63599999999965,4,2,91.83999999999969,84.50625000000002,3,1.9
9,A,PREY,83,8872.779999999908,500,196.63599999999965,6,2,92.92499999999973,13.650000000000352,1,1.9
9,A,PREY,84,7593.099999999918,500,196.63599999999965,338,1,98.73097633136092,10.000000000000188,0,1.9
9,A,PREY,85,108.52999999999993,44,196.63599999999965,5,2,90.06999999999962,93.09874999999988,2,1.9
9,A,PREY,86,6633.339999999933,500,196.63599999999965,338,2,99.73239644970415,8.80000000000022,0,1.9
9,A,PREY,87,8472.879999999912,500,196.63599999999965,6,2,94.19499999999978,24.74999999999954,1,1.9
9,A,PREY,88,7633.089999999913,500,196.63599999999965,77,2,86.36545454545454,36.92999999999909,3,1.9
9,A,PREY,89,8232.939999999906,500,196.63599999999965,338,2,98.89508875739645,10.59999999999998,0,1.9
9,A,PREY,90,8312.919999999907,500,196.63599999999965,338,2,89.6610355029586,12.399999999999993,0,1.9
9,A,PREY,91,9592.5999999999,500,196.63599999999965,338,2,96.00710059171594,28.56999999999942,2,1.9
9,A,PREY,92,8192.94999999991,500,196.63599999999965,4,2,92.79999999999973,31.889999999999038,3,1.9
9,A,PREY,93,67.34000000000002,14,196.63599999999965,6,2,96.76499999999987,89.55999999999999,1,1.9
9,A,PREY,94,5713.569999999942,500,196.63599999999965,338,2,99.49142011834317,22.809999999999533,2,1.9
9,A,PREY,95,8992.749999999902,500,196.63599999999965,338,2,97.0494082840236,17.4299999999995,2,1.9
9,A,PREY,96,65.34999999999997,13,196.63599999999965,6,2,96.75999999999988,89.76999999999998,1,1.9
9,A,PREY,97,8232.939999999913,500,196.63599999999965,6,2,91.77999999999969,22.500000000000163,1,1.9
9,A,PREY,98,10512.36999999989,500,196.63599999999965,4,2,89.3949999999996,27.699999999999818,3,1.9
9,A,PREY,99,8472.879999999912,500,196.63599999999965,5,2,94.7919999999998,19.59999999999968,2,1.9
9,A,PREY,100,207.81000000000017,63,196.63599999999965,10,2,85.34299999999986,87.96999999999986,2,1.9
9,A,PREY,101,8672.82999999991,500,196.63599999999965,338,2,96.08739644970399,6.400000000000196,0,1.9
9,A,PREY,102,147.82999999999998,13,196.63599999999965,6,2,97.4399999999999,89.76999999999998,1,1.9
9,A,PREY,103,69.15000000000005,33,196.63599999999965,6,2,92.43499999999972,83.85749999999993,1,1.9
9,A,PREY,104,9512.619999999908,500,196.63599999999965,338,2,98.70032544378695,10.900000000000166,0,1.9
9,A,PREY,105,8112.9699999999175,500,196.63599999999965,3,2,97.93999999999993,41.81000000000015,4,1.9
9,A,PREY,106,9152.709999999903,500,196.63599999999965,338,1,87.18902366863905,26.499999999999684,2,1.9
9,A,PREY,107,8912.769999999904,500,196.63599999999965,338,2,99.88079881656805,25.089999999999584,2,1.9
9,A,PREY,108,7833.039999999924,500,196.63599999999965,338,2,81.3502958579881,15.149999999999727,1,1.9
9,A,PREY,109,8472.879999999917,500,196.63599999999965,6,2,91.49499999999968,20.55000000000019,1,1.9
9,A,PREY,110,10032.489999999896,500,196.63599999999965,6,1,97.4449999999999,11.259999999999646,1,1.9
9,A,PREY,111,9712.5699999999,500,196.63599999999965,7,2,91.99857142857114,5.349999999999716,0,1.9
9,A,PREY,112,10152.459999999895,500,196.63599999999965,7,2,92.77428571428543,4.60000000000014,0,1.9
9,A,PREY,113,548.4200000000003,44,196.63599999999965,5,2,90.27999999999963,89.32499999999993,2,1.9
9,A,PREY,114,9912.519999999893,500,196.63599999999965,338,2,99.84742603550293,14.439999999999818,1,1.9
9,A,PREY,115,9552.6099999999,500,196.63599999999965,4,2,92.0724999999997,31.76999999999929,3,1.9
9,A,PREY,116,28.270000000000046,22,196.63599999999965,6,2,94.9049999999998,90.58874999999992,1,1.9
9,A,PREY,117,8649.329999999914,500,196.63599999999965,5,2,93.71799999999976,28.629999999999434,2,1.9
9,A,PREY,118,10112.469999999894,500,196.63599999999965,338,1,99.82221893491125,0.10000000000000941,0,1.9
9,A,PREY,119,8752.809999999916,500,196.63599999999965,6,2,91.45499999999969,13.089999999999938,1,1.9
9,A,PREY,120,9112.71999999991,500,196.63599999999965,7,1,93.06999999999972,6.699999999999968,0,1.9
9,A,PREY,121,9272.679999999906,500,196.63599999999965,7,2,92.8514285714283,5.050000000000106,0,1.9
9,A,PREY,122,8712.819999999916,500,196.63599999999965,6,1,90.10499999999962,14.600000000000744,1,1.9
9,A,PREY,123,10752.30999999989,500,196.63599999999965,338,1,94.40038461538462,84.87999999999994,8,1.9
9,A,PREY,124,9792.549999999905,500,196.63599999999965,6,1,93.45999999999975,15.87999999999941,1,1.9
9,A,PREY,125,10312.419999999893,500,196.63599999999965,6,2,94.07499999999978,21.159999999999513,1,1.9
9,A,PREY,126,340.9500000000002,46,196.63599999999965,7,3,92.48857142857126,51.566666666666684,2,1.9
9,A,PREY,127,8979.749999999909,500,196.63599999999965,5,1,98.00199999999992,54.90000000000092,2,1.9
9,A,PREY,128,11032.239999999885,500,196.63599999999965,6,2,91.8199999999997,13.050000000000546,1,1.9
9,A,PREY,129,265.7900000000001,14,196.63599999999965,6,2,96.53999999999986,89.55999999999999,1,1.9
9,A,PREY,130,10792.299999999896,500,196.63599999999965,338,2,99.79150887573964,8.800000000000228,0,1.9
9,A,PREY,131,11032.239999999885,500,196.63599999999965,338,2,97.01059171597632,8.200000000000337,0,1.9
9,A,PREY,132,4578.359999999981,249,196.63599999999965,5,2,92.0259999999997,70.58249999999941,2,1.9
9,A,PREY,133,11112.219999999885,500,196.63599999999965,338,0,99.78565088757395,0.0,0,1.9
9,A,PREY,134,10232.439999999897,500,196.63599999999965,2,1,93.81999999999977,65.13999999999875,5,1.9
9,A,PREY,135,9632.58999999991,500,196.63599999999965,6,2,96.55499999999988,28.349999999999376,1,1.9
9,A,PREY,136,9260.919999999915,476,196.63599999999965,4,2,93.62499999999976,33.88874999999972,3,1.9
9,A,PREY,137,708.9600000000003,36,196.63599999999965,6,2,91.02499999999965,83.81249999999991,1,1.9
9,A,PREY,138,10712.31999999989,500,196.63599999999965,6,2,95.47999999999983,24.6999999999997,1,1.9
9,A,PREY,139,10432.389999999888,500,196.63599999999965,5,2,91.9299999999997,29.450000000000074,2,1.9
9,A,PREY,140,10672.329999999889,500,196.63599999999965,4,1,95.12499999999982,36.81999999999917,3,1.9
9,A,PREY,141,268.8000000000001,13,196.63599999999965,7,2,97.85714285714278,89.76999999999998,1,1.9
9,A,PREY,142,11152.209999999885,500,196.63599999999965,7,2,91.3085714285711,16.900000000000006,0,1.9
9,A,PREY,143,10992.249999999889,500,196.63599999999965,4,2,94.08249999999978,34.59999999999945,3,1.9
9,A,PREY,144,11352.159999999883,500,196.63599999999965,338,2,97.9334911242603,71.16999999999946,13,1.9
9,A,PREY,145,7562.879999999943,321,196.63599999999965,5,2,92.31999999999971,65.02999999999918,2,1.9
9,A,PREY,146,508.1300000000002,24,196.63599999999965,6,2,93.78999999999975,87.45999999999998,1,1.9
9,A,PREY,147,11552.109999999882,500,196.63599999999965,4,2,97.2099999999999,26.6299999999998,3,1.9
9,A,PREY,148,10392.399999999907,500,196.63599999999965,7,1,93.39999999999975,14.50000000000019,0,1.9
9,A,PREY,149,10472.3799999999,500,196.63599999999965,338,1,99.83526627218933,83.19999999999993,6,1.9
9,A,PREY,150,10112.469999999901,500,196.63599999999965,338,2,99.89073964497041,6.2800000000000455,1,1.9
9,A,PREY,151,10792.299999999896,500,196.63599999999965,338,2,99.68544378698223,22.249999999999453,2,1.9
9,A,PREY,152,11392.149999999887,500,196.63599999999965,6,1,95.38999999999983,14.23249999999974,1,1.9
9,A,PREY,153,10592.3499999999,500,196.63599999999965,7,1,93.1771428571426,6.100000000000467,0,1.9
9,A,PREY,154,8472.879999999897,500,196.63599999999965,338,2,94.62618343195267,25.349999999999525,1,1.9
9,A,PREY,155,2542.569999999995,129,196.63599999999965,5,2,88.89399999999958,84.30999999999972,2,1.9
9,A,PREY,156,11592.099999999886,500,196.63599999999965,4,2,94.6449999999998,32.61999999999913,3,1.9
9,A,PREY,157,10672.3299999999,500,196.63599999999965,338,2,99.1508875739645,11.349999999999955,0,1.9
9,A,PREY,158,10232.439999999891,500,196.63599999999965,338,2,98.99772189349109,50.619999999999976,6,1.9
9,A,PREY,159,9341.499999999918,416,196.63599999999965,2,2,86.37999999999948,68.06999999999883,5,1.9
9,A,PREY,160,10792.299999999896,500,196.63599999999965,4,1,95.99499999999985,46.59999999999899,3,1.9
9,A,PREY,161,9872.52999999991,500,196.63599999999965,4,2,90.45999999999964,31.479999999999464,3,1.9
9,A,PREY,162,10872.279999999895,500,196.63599999999965,338,2,98.10807692307685,9.700000000000186,0,1.9
9,A,PREY,163,12351.909999999878,500,196.63599999999965,3,2,94.55999999999979,52.489999999999156,4,1.9
9,A,PREY,164,10512.369999999899,500,196.63599999999965,338,0,99.80517751479289,0.0,0,1.9
9,A,PREY,165,12191.949999999879,500,196.63599999999965,7,2,94.05142857142833,15.550000000000157,0,1.9
9,A,PREY,166,10952.259999999897,500,196.63599999999965,4,2,98.85249999999996,33.33999999999951,3,1.9
9,A,PREY,167,12071.979999999881,500,196.63599999999965,6,2,95.07499999999982,10.800000000000615,1,1.9
9,A,PREY,168,12231.939999999877,500,196.63599999999965,5,2,92.93799999999973,34.839999999999094,5,1.9
9,A,PREY,169,10392.399999999901,500,196.63599999999965,338,2,99.44588757396447,19.950000000000625,1,1.9
9,A,PREY,170,11192.199999999897,500,196.63599999999965,338,1,99.81343195266271,16.699999999999513,1,1.9
9,A,PREY,171,11192.199999999893,500,196.63599999999965,6,2,94.7199999999998,10.050000000000484,1,1.9
9,A,PREY,172,104.83999999999997,13,196.63599999999965,6,2,97.0549999999999,89.76999999999998,1,1.9
9,A,PREY,173,12191.94999999988,500,196.63599999999965,338,1,95.16964497041413,41.99750000000044,1,1.9
9,A,PREY,174,948.3800000000005,38,196.63599999999965,6,2,92.82999999999974,83.40749999999991,1,1.9
9,A,PREY,175,13111.71999999987,500,196.63599999999965,4,2,96.12999999999985,19.539999999999488,3,1.9
9,A,PREY,176,9552.609999999908,500,196.63599999999965,338,1,99.16917159763311,6.100000000000472,0,1.9
9,A,PREY,177,10792.299999999897,500,196.63599999999965,6,2,96.45499999999986,21.450000000000472,1,1.9
9,A,PREY,178,10832.28999999989,500,196.63599999999965,6,1,97.95499999999993,17.080000000000194,1,1.9
9,A,PREY,179,11991.999999999876,500,196.63599999999965,4,2,96.06249999999986,32.36999999999992,3,1.9
9,A,PREY,180,12231.939999999877,500,196.63599999999965,5,2,94.03599999999977,39.29999999999898,2,1.9
9,A,PREY,181,11512.119999999897,500,196.63599999999965,338,0,99.87849112426035,0.0,0,1.9
9,A,PREY,182,11392.14999999989,500,196.63599999999965,4,1,95.85249999999985,45.279999999999,3,1.9
9,A,PREY,183,12231.939999999879,500,196.63599999999965,5,1,92.61999999999972,32.61999999999919,2,1.9
9,A,PREY,184,6018.709999999965,328,196.63599999999965,4,2,90.11499999999963,54.737499999999386,3,1.9
9,A,PREY,185,12871.779999999875,500,196.63599999999965,205,131,68.59531707317072,55.18501908396966,2303,1.9
9,A,PREY,186,11312.169999999891,500,196.63599999999965,5,2,96.58599999999987,28.62999999999969,2,1.9
9,A,PREY,187,12871.779999999873,500,196.63599999999965,7,2,93.70857142857119,7.450000000000006,0,1.9
9,A,PREY,188,11552.109999999895,500,196.63599999999965,7,2,94.25714285714265,14.350000000000044,0,1.9
9,A,PREY,189,64.33999999999999,14,196.63599999999965,6,2,96.48999999999988,89.55999999999999,1,1.9
9,A,PREY,190,12631.839999999875,500,196.63599999999965,6,1,94.43499999999979,32.899999999999416,1,1.9
9,A,PREY,191,11072.229999999896,500,196.63599999999965,338,1,96.04689349112421,93.69999999999997,9,1.9
9,A,PREY,192,11952.009999999891,500,196.63599999999965,5,1,96.63999999999987,37.47999999999914,2,1.9
9,A,PREY,193,11512.119999999892,500,196.63599999999965,5,2,93.76599999999976,20.60999999999921,2,1.9
9,A,PREY,194,13151.70999999987,500,196.63599999999965,5,1,90.08799999999962,24.579999999999277,2,1.9
9,A,PREY,195,2178.829999999995,112,196.63599999999965,4,2,91.24749999999966,81.27999999999983,3,1.9
9,A,PREY,196,13671.579999999867,500,196.63599999999965,5,2,92.1759999999997,17.579999999999806,2,1.9
9,A,PREY,197,28.280000000000044,21,196.63599999999965,6,2,95.1499999999998,88.08999999999997,1,1.9
9,A,PREY,198,905.0300000000007,74,196.63599999999965,97,2,75.9645360824742,76.96000000000002,2,1.9
9,A,PREY,199,13311.669999999873,500,196.63599999999965,338,1,98.0901183431952,91.9599999999997,6,1.9
9,A,PREY,200,11872.029999999886,500,196.63599999999965,338,2,99.65926035502957,22.049999999999827,1,1.9
9,A,PREY,201,13831.53999999987,500,196.63599999999965,338,2,99.77278106508875,44.95000000000019,8,1.9
9,A,PREY,202,11991.999999999893,500,196.63599999999965,338,2,97.16579881656801,22.589999999999748,2,1.9
9,A,PREY,203,13031.739999999872,500,196.63599999999965,338,1,99.69591715976331,93.27999999999997,8,1.9
9,A,PREY,204,13751.559999999869,500,196.63599999999965,6,2,94.98999999999982,22.950000000000305,1,1.9
9,A,PREY,205,11552.109999999893,500,196.63599999999965,5,2,95.36799999999982,33.369999999999486,2,1.9
9,A,PREY,206,11991.999999999893,500,196.63599999999965,338,2,82.42275147928991,45.5800000000002,4,1.9
9,A,PREY,207,13311.669999999876,500,196.63599999999965,6,1,92.66999999999973,41.07999999999917,1,1.9
9,A,PREY,208,11632.089999999878,500,196.63599999999965,338,2,98.78088757396446,22.049999999999706,1,1.9
9,A,PREY,209,13711.569999999869,500,196.63599999999965,338,1,99.79914201183432,79.83999999999992,7,1.9
9,A,PREY,210,14151.459999999865,500,196.63599999999965,338,2,95.16961538461535,55.779999999999966,11,1.9
9,A,PREY,211,11632.089999999895,500,196.63599999999965,7,2,94.3299999999998,4.450000000000437,0,1.9
9,A,PREY,212,8622.179999999935,366,196.63599999999965,5,2,91.71399999999969,40.962500000000375,2,1.9
9,A,PREY,213,13391.649999999869,500,196.63599999999965,338,2,89.45440828402364,60.729999999999634,10,1.9
9,A,PREY,214,4300.17999999999,174,196.63599999999965,6,2,94.72999999999979,61.52249999999995,1,1.9
9,A,PREY,215,13551.60999999987,500,196.63599999999965,5,1,91.53999999999968,33.2799999999995,2,1.9
9,A,PREY,216,508.68999999999994,68,196.63599999999965,5,2,84.96999999999943,78.22,2,1.9
9,A,PREY,217,11392.149999999896,500,196.63599999999965,6,2,96.86499999999988,18.150000000000468,1,1.9
9,A,PREY,218,12911.76999999988,500,196.63599999999965,338,31,65.22698224852076,50.66233870967754,475,1.9
9,A,PREY,219,13671.579999999874,500,196.63599999999965,5,1,95.79399999999984,40.199999999999854,2,1.9
9,A,PREY,220,14671.329999999862,500,196.63599999999965,338,2,99.61887573964495,50.68000000000023,8,1.9
9,A,PREY,221,12351.909999999887,500,196.63599999999965,6,2,92.43499999999972,10.690000000000047,1,1.9
9,A,PREY,222,14631.339999999862,500,196.63599999999965,5,2,96.24999999999986,23.90000000000067,2,1.9
9,A,PREY,223,148.79,17,196.63599999999965,6,2,95.85499999999985,88.92999999999998,1,1.9
9,A,PREY,224,12871.77999999988,500,196.63599999999965,338,2,99.80047337278106,52.6900000000002,9,1.9
9,A,PREY,225,1178.0900000000006,111,196.63599999999965,5,3,92.1579999999997,40.627500000000175,2,1.9
9,A,PREY,226,4726.849999999979,246,196.63599999999965,6,2,89.89999999999964,61.31249999999957,1,1.9
9,A,PREY,227,14671.329999999862,500,196.63599999999965,338,2,95.98547337278094,75.88625000000027,8,1.9
9,A,PREY,228,13431.639999999878,500,196.63599999999965,338,1,96.15355029585795,20.55999999999966,1,1.9
9,A,PREY,229,12831.78999999988,500,196.63599999999965,5,2,97.80999999999992,30.279999999999387,2,1.9
9,A,PREY,230,13351.659999999869,500,196.63599999999965,338,2,93.8013313609467,50.50000000000013,8,1.9
9,A,PREY,231,3423.9199999999983,172,196.63599999999965,337,2,87.72851632047474,56.876250000000056,1,1.9
9,A,PREY,232,14111.469999999865,500,196.63599999999965,338,1,99.74455621301774,5.200000000000468,0,1.9
9,A,PREY,233,12831.789999999883,500,196.63599999999965,7,2,92.11428571428542,5.500000000000467,0,1.9
9,A,PREY,234,12871.779999999882,500,196.63599999999965,338,2,99.69875739644968,32.73999999999917,3,1.9
9,A,PREY,235,12431.889999999885,500,196.63599999999965,7,2,92.69285714285687,13.750000000000123,0,1.9
9,A,PREY,236,14151.459999999866,500,196.63599999999965,338,2,97.44162721893488,13.14999999999997,0,1.9
9,A,PREY,237,12511.869999999888,500,196.63599999999965,6,2,95.55999999999983,17.25000000000047,1,1.9
9,A,PREY,238,13111.719999999883,500,196.63599999999965,4,2,96.74499999999988,20.699999999999402,3,1.9
9,A,PREY,239,14111.469999999872,500,196.63599999999965,4,2,95.45499999999983,43.399999999999764,3,1.9
9,A,PREY,240,13671.579999999873,500,196.63599999999965,7,2,94.53999999999981,3.8500000000004464,0,1.9
9,A,PREY,241,14511.369999999863,500,196.63599999999965,6,2,91.22999999999968,6.1899999999999515,1,1.9
9,A,PREY,242,12591.849999999886,500,196.63599999999965,338,2,98.38931952662719,66.66999999999959,10,1.9
9,A,PREY,243,9863.49999999992,353,196.63599999999965,3,2,93.21999999999974,59.2699999999992,4,1.9
9,A,PREY,244,894.1400000000007,63,196.63599999999965,5,2,89.90799999999963,79.27,2,1.9
9,A,PREY,245,10502.919999999915,395,196.63599999999965,6,2,88.90999999999958,36.73500000000017,1,1.9
9,A,PREY,246,3612.7699999999954,132,196.63599999999965,6,2,89.63499999999961,64.55999999999986,1,1.9
9,A,PREY,247,15231.189999999859,500,196.63599999999965,4,2,93.15249999999975,38.87000000000019,3,1.9
9,A,PREY,248,13431.63999999988,500,196.63599999999965,5,1,97.4319999999999,23.899999999999096,2,1.9
9,A,PREY,249,14031.489999999872,500,196.63599999999965,7,1,90.05714285714248,16.599999999999923,0,1.9
9,A,PREY,250,3888.039999999991,198,196.63599999999965,337,2,95.68744807121647,55.230000000000004,1,1.9
9,A,PREY,251,13671.57999999988,500,196.63599999999965,5,2,88.26999999999956,33.49999999999963,2,1.9
9,A,PREY,252,148.81000000000006,15,196.63599999999965,6,2,96.21999999999986,89.35,1,1.9
9,A,PREY,253,12511.869999999886,500,196.63599999999965,338,2,93.75934911242602,12.000000000000009,1,1.9
9,A,PREY,254,5345.629999999982,203,196.63599999999965,6,2,91.58999999999969,58.54124999999975,1,1.9
9,A,PREY,255,14831.28999999986,500,196.63599999999965,338,1,95.39920118343179,24.499999999998792,1,1.9
9,A,PREY,256,15391.149999999856,500,196.63599999999965,338,1,99.59127218934911,26.000000000000956,1,1.9
9,A,PREY,257,12631.839999999886,500,196.63599999999965,7,1,93.93571428571406,6.9999999999996225,0,1.9
9,A,PREY,258,14991.24999999986,500,196.63599999999965,4,2,91.7349999999997,36.65999999999979,3,1.9
9,A,PREY,259,15511.119999999855,500,196.63599999999965,3,2,95.34999999999984,38.589999999999094,4,1.9
9,A,PREY,260,68.84000000000002,14,196.63599999999965,6,2,96.81499999999988,89.85999999999999,1,1.9
9,A,PREY,261,13631.589999999876,500,196.63599999999965,6,2,91.22999999999968,25.49999999999956,1,1.9
9,A,PREY,262,11072.229999999894,500,196.63599999999965,338,1,99.71207100591714,30.49999999999962,1,1.9
9,A,PREY,263,1757.0600000000006,149,196.63599999999965,5,2,91.42599999999968,69.9049999999999,2,1.9
9,A,PREY,264,13391.649999999881,500,196.63599999999965,338,2,99.63103550295857,14.549999999999615,1,1.9
9,A,PREY,265,15471.129999999857,500,196.63599999999965,338,2,98.78349112426035,9.250000000000227,0,1.9
9,A,PREY,266,15271.179999999857,500,196.63599999999965,5,2,91.52799999999968,13.239999999999753,2,1.9
9,A,PREY,267,6267.399999999971,202,196.63599999999965,337,2,86.23816023738868,81.12000000000012,3,1.9
9,A,PREY,268,15111.21999999986,500,196.63599999999965,3,2,92.2599999999997,31.709999999999795,4,1.9
9,A,PREY,269,264.7800000000001,15,196.63599999999965,6,3,96.21999999999986,51.23333333333333,1,1.9
9,A,PREY,270,14551.359999999871,500,196.63599999999965,6,1,89.07999999999959,24.63999999999912,1,1.9
9,A,PREY,271,4866.819999999989,195,196.63599999999965,337,3,82.58976261127596,64.12666666666685,10,1.9
9,A,PREY,272,15511.119999999857,500,196.63599999999965,4,2,92.39499999999971,37.639999999999304,3,1.9
9,A,PREY,273,13711.569999999876,500,196.63599999999965,338,1,98.63316568047335,92.43999999999997,4,1.9
9,A,PREY,274,15431.139999999856,500,196.63599999999965,6,2,86.89499999999951,12.750000000000627,1,1.9
9,A,PREY,275,13951.509999999875,500,196.63599999999965,338,2,96.74639053254427,9.639999999999946,1,1.9
9,A,PREY,276,14391.39999999987,500,196.63599999999965,7,2,93.52857142857117,2.9500000000002164,0,1.9
9,A,PREY,277,1028.9200000000003,32,196.63599999999965,6,2,92.55499999999972,87.7762499999999,1,1.9
9,A,PREY,278,15471.129999999857,500,196.63599999999965,6,2,93.17999999999974,16.419999999999632,1,1.9
9,A,PREY,279,13631.58999999988,500,196.63599999999965,338,2,98.99568047337276,58.859999999999616,9,1.9
9,A,PREY,280,13911.519999999875,500,196.63599999999965,5,1,97.73799999999991,45.45999999999904,2,1.9
9,A,PREY,281,1068.3300000000004,40,196.63599999999965,6,2,90.84499999999967,85.79999999999988,1,1.9
9,A,PREY,282,15791.049999999854,500,196.63599999999965,7,2,94.93857142857124,6.550000000000174,0,1.9
9,A,PREY,283,14671.32999999987,500,196.63599999999965,338,2,98.91183431952658,22.349999999999564,1,1.9
9,A,PREY,284,14231.439999999873,500,196.63599999999965,7,2,92.56857142857113,7.750000000000373,0,1.9
9,A,PREY,285,14551.359999999868,500,196.63599999999965,338,2,98.15325443786976,43.179999999999524,7,1.9
9,A,PREY,286,14791.299999999866,500,196.63599999999965,7,1,93.74285714285689,7.299999999999905,0,1.9
9,A,PREY,287,15431.139999999856,500,196.63599999999965,338,2,77.78644970414197,14.649999999999885,0,1.9
9,A,PREY,288,14231.439999999873,500,196.63599999999965,338,1,99.55958579881657,22.8999999999999,0,1.9
9,A,PREY,289,13391.649999999883,500,196.63599999999965,5,2,92.0739999999997,18.949999999999545,2,1.9
9,A,PREY,290,15151.209999999863,500,196.63599999999965,6,2,91.7699999999997,20.249999999999616,1,1.9
9,A,PREY,291,14831.289999999866,500,196.63599999999965,338,1,96.59698224852066,4.300000000000455,0,1.9
9,A,PREY,292,14991.249999999865,500,196.63599999999965,5,2,91.59399999999968,15.499999999999794,2,1.9
9,A,PREY,293,16590.849999999853,500,196.63599999999965,338,2,99.64958579881656,52.24000000000002,7,1.9
9,A,PREY,294,14431.389999999872,500,196.63599999999965,338,2,85.43263313609465,8.500000000000101,0,1.9
9,A,PREY,295,14471.37999999987,500,196.63599999999965,338,2,96.51482248520698,19.67999999999912,2,1.9
9,A,PREY,296,14711.319999999867,500,196.63599999999965,6,2,93.63499999999976,12.749999999999748,1,1.9
9,A,PREY,297,14551.359999999868,500,196.63599999999965,7,1,95.94999999999985,4.5999999999998655,0,1.9
9,A,PREY,298,664.1300000000002,20,196.63599999999965,5,2,95.91399999999983,98.74,2,1.9
9,A,PREY,299,16550.85999999985,500,196.63599999999965,338,2,88.54778106508876,13.950000000000351,1,1.9
9,A,PREY,300,16390.899999999852,500,196.63599999999965,338,2,78.5403846153846,11.650000000000013,0,1.9
9,A,PREY,301,13711.569999999881,500,196.63599999999965,5,2,92.0739999999997,19.8399999999996,2,1.9
9,A,PREY,302,14511.369999999872,500,196.63599999999965,4,2,93.79749999999976,32.5800000000001,3,1.9
9,A,PREY,303,14671.329999999867,500,196.63599999999965,338,2,99.20979289940826,16.089999999999932,1,1.9
9,A,PREY,304,16390.899999999852,500,196.63599999999965,7,1,91.48857142857112,1.9000000000004231,0,1.9
9,A,PREY,305,16630.839999999855,500,196.63599999999965,6,2,91.25499999999967,13.200000000000358,1,1.9
9,A,PREY,306,4249.079999999996,135,196.63599999999965,337,2,84.34908011869435,80.91000000000011,3,1.9
9,A,PREY,307,788.5100000000003,29,196.63599999999965,5,2,93.18399999999974,97.52999999999997,2,1.9
9,A,PREY,308,15151.209999999863,500,196.63599999999965,5,2,95.15199999999982,23.0399999999994,2,1.9
9,A,PREY,309,14431.389999999872,500,196.63599999999965,338,2,92.92813609467434,54.99999999999987,5,1.9
9,A,PREY,310,3718.619999999991,194,196.63599999999965,6,2,90.93499999999966,48.720000000000255,1,1.9
9,A,PREY,311,16350.90999999985,500,196.63599999999965,338,1,99.73594674556213,32.25999999999928,1,1.9
9,A,PREY,312,28.820000000000036,17,196.63599999999965,6,2,96.17999999999988,88.92999999999998,1,1.9
9,A,PREY,313,16310.919999999855,500,196.63599999999965,3,1,98.07999999999993,48.999999999998984,4,1.9
9,A,PREY,314,28.840000000000032,15,196.63599999999965,6,2,96.21999999999986,89.35,1,1.9
9,A,PREY,315,15871.029999999859,500,196.63599999999965,338,2,98.42428994082839,23.829999999999664,1,1.9
9,A,PREY,316,15711.06999999986,500,196.63599999999965,338,2,99.8475147928994,1.5999999999998058,0,1.9
9,A,PREY,317,15431.139999999858,500,196.63599999999965,6,2,91.63499999999969,25.20000000000003,1,1.9
9,A,PREY,318,15911.019999999855,500,196.63599999999965,338,2,99.66121301775148,26.469999999999537,1,1.9
9,A,PREY,319,13511.61999999988,500,196.63599999999965,5,2,91.8759999999997,28.549999999999336,2,1.9
9,A,PREY,320,14831.28999999987,500,196.63599999999965,4,2,94.5324999999998,26.649999999999597,3,1.9
9,A,PREY,321,15951.009999999858,500,196.63599999999965,338,2,99.35837278106509,6.399999999999933,0,1.9
9,A,PREY,322,68.8,18,196.63599999999965,5,2,95.52999999999983,98.94999999999999,2,1.9
9,A,PREY,323,16510.86999999985,500,196.63599999999965,4,2,96.09999999999985,26.579999999999924,3,1.9
9,A,PREY,324,15551.10999999986,500,196.63599999999965,2,2,90.57999999999964,51.08999999999966,5,1.9
9,A,PREY,325,15511.11999999986,500,196.63599999999965,338,1,99.72937869822485,4.30000000000045,1,1.9
9,A,PREY,326,15791.049999999861,500,196.63599999999965,6,1,92.0599999999997,17.600000000000282,1,1.9
9,A,PREY,327,15471.12999999986,500,196.63599999999965,4,2,94.50999999999979,35.139999999999326,4,1.9
9,A,PREY,328,27.660000000000068,33,196.63599999999965,6,2,92.10999999999972,85.46624999999989,1,1.9
9,A,PREY,329,25.360000000000028,13,196.63599999999965,6,2,96.93499999999989,91.11999999999998,1,1.9
9,A,PREY,330,224.77000000000015,17,196.63599999999965,6,2,95.67999999999984,89.07999999999998,1,1.9
9,A,PREY,331,14991.24999999987,500,196.63599999999965,6,2,93.34999999999975,24.48999999999966,1,1.9
9,A,PREY,332,16430.88999999985,500,196.63599999999965,5,1,92.70999999999972,45.27999999999893,2,1.9
9,A,PREY,333,305.79000000000013,13,196.63599999999965,6,2,96.9099999999999,89.76999999999998,1,1.9
9,A,PREY,334,15711.069999999856,500,196.63599999999965,6,2,91.9099999999997,16.499999999999755,1,1.9
9,A,PREY,335,16390.899999999852,500,196.63599999999965,6,2,94.7599999999998,15.749999999999716,1,1.9
9,A,PREY,336,14631.339999999871,500,196.63599999999965,6,0,93.01999999999974,0.0,1,1.9
9,A,PREY,337,15511.119999999864,500,196.63599999999965,7,2,92.9714285714283,11.650000000000112,0,1.9
9,A,PREY,338,15791.049999999861,500,196.63599999999965,338,2,93.61568047337276,45.670000000000016,7,1.9
9,A,PREY,339,1267.6400000000006,54,196.63599999999965,5,2,86.9199999999995,90.61999999999989,2,1.9
9,A,PREY,340,15551.109999999864,500,196.63599999999965,338,2,78.21943786982249,43.720000000000205,5,1.9
9,A,PREY,341,16830.789999999848,500,196.63599999999965,338,2,99.64840236686389,10.499999999999993,1,1.9
9,A,PREY,342,15311.169999999864,500,196.63599999999965,338,0,99.77177514792899,0.0,0,1.9
9,A,PREY,343,16150.959999999859,500,196.63599999999965,298,72,62.371208053691284,51.69434027777795,1332,1.9
9,A,PREY,344,16190.949999999855,500,196.63599999999965,338,2,99.679674556213,7.749999999999922,0,1.9
9,A,PREY,345,16950.759999999853,500,196.63599999999965,338,2,77.55689349112424,22.989999999999757,2,1.9
9,A,PREY,346,16790.799999999854,500,196.63599999999965,6,2,96.65499999999987,14.549999999999866,1,1.9
9,A,PREY,347,16510.869999999853,500,196.63599999999965,338,2,99.03594674556211,20.899999999999626,2,1.9
9,A,PREY,348,14431.389999999876,500,196.63599999999965,5,1,96.41199999999986,36.60000000000122,2,1.9
9,A,PREY,349,15151.209999999866,500,196.63599999999965,338,2,99.84281065088756,21.899999999999558,1,1.9
9,A,PREY,350,16790.799999999854,500,196.63599999999965,6,1,93.68499999999976,18.499999999999233,1,1.9
9,B,PREDATOR,1,-12.259999999999996,226,53.58974999999973,6,2,87.84999999999953,38.53000000000018,0,3.5
9,B,PREDATOR,2,-12.259999999999996,226,53.58974999999973,1,2,98.79999999999995,77.43999999999927,5,3.5
9,B,PREDATOR,3,-12.329999999999995,233,53.58974999999973,3,2,93.95999999999977,67.80999999999935,3,3.5
9,B,PREDATOR,4,-12.279999999999996,228,53.58974999999973,6,2,91.48999999999967,44.140000000000015,0,3.5
9,B,PREDATOR,5,-12.259999999999996,226,53.58974999999973,5,2,92.93199999999973,42.547499999999616,1,3.5
9,B,PREDATOR,6,-12.239999999999997,224,53.58974999999973,337,2,91.26830860534092,36.519999999999996,1,3.5
9,B,PREDATOR,7,-12.289999999999996,229,53.58974999999973,6,2,88.93499999999959,38.620000000000005,0,3.5
9,B,PREDATOR,8,-12.209999999999997,221,53.58974999999973,5,2,90.84399999999965,51.70124999999955,1,3.5
9,B,PREDATOR,9,-12.299999999999995,230,53.58974999999973,337,2,76.5041839762611,44.3499999999998,0,3.5
9,B,PREDATOR,10,7.060833333333063,298,53.58974999999973,2,2,85.35999999999945,51.84999999999937,4,3.5
9,B,PREDATOR,11,-12.189999999999998,219,53.58974999999973,6,2,85.98499999999949,44.61999999999962,0,3.5
9,B,PREDATOR,12,-12.189999999999998,219,53.58974999999973,337,2,90.72893175074161,41.02000000000004,0,3.5
9,B,PREDATOR,13,-12.229999999999997,223,53.58974999999973,337,2,82.12590504451032,51.81999999999975,1,3.5
9,B,PREDATOR,14,-12.189999999999998,219,53.58974999999973,337,2,88.65359050445062,53.76999999999961,1,3.5
9,B,PREDATOR,15,-12.319999999999995,232,53.58974999999973,3,2,91.44999999999966,53.25999999999952,3,3.5
9,B,PREDATOR,16,-12.139999999999999,214,53.58974999999973,35,2,95.97657142857139,43.86999999999994,0,3.5
9,B,PREDATOR,17,-12.239999999999997,224,53.58974999999973,5,2,90.26799999999965,60.69999999999926,1,3.5
9,B,PREDATOR,18,-12.239999999999997,224,53.58974999999973,4,2,91.65249999999969,60.88624999999925,2,3.5
9,B,PREDATOR,19,-12.189999999999998,219,53.58974999999973,5,2,91.77999999999969,56.23874999999968,1,3.5
9,B,PREDATOR,20,9.258333333332976,276,53.58974999999973,5,2,90.63999999999965,29.380000000000212,1,3.5
9,B,PREDATOR,21,-12.189999999999998,219,53.58974999999973,337,2,87.59094955489567,39.82000000000002,0,3.5
9,B,PREDATOR,22,-12.199999999999998,220,53.58974999999973,3,2,87.07999999999952,56.739999999999945,3,3.5
9,B,PREDATOR,23,-12.229999999999997,223,53.58974999999973,5,3,91.21599999999967,18.046666666666574,1,3.5
9,B,PREDATOR,24,-12.279999999999996,228,53.58974999999973,5,2,89.6079999999996,47.91999999999956,1,3.5
9,B,PREDATOR,25,-12.259999999999996,226,53.58974999999973,5,2,90.17199999999961,62.13999999999933,1,3.5
9,B,PREDATOR,26,-11.290000000000001,129,53.58974999999973,138,3,76.84355072463765,37.17999999999999,1,3.5
9,B,PREDATOR,27,-12.229999999999997,223,53.58974999999973,337,2,72.82216617210673,68.82499999999916,2,3.5
9,B,PREDATOR,28,-12.209999999999997,221,53.58974999999973,5,2,91.44399999999968,54.61874999999965,1,3.5
9,B,PREDATOR,29,56.079999999999025,414,53.58974999999973,3,2,81.17999999999928,17.92,3,3.5
9,B,PREDATOR,30,-12.179999999999998,218,53.58974999999973,6,2,91.88499999999969,43.990000000000066,0,3.5
9,B,PREDATOR,31,-12.169999999999998,217,53.58974999999973,5,2,93.80799999999977,48.429999999999936,1,3.5
9,B,PREDATOR,32,-12.159999999999998,216,53.58974999999973,6,2,88.80499999999957,52.62999999999944,0,3.5
9,B,PREDATOR,33,-12.389999999999993,239,53.58974999999973,5,2,89.57199999999962,43.52624999999985,1,3.5
9,B,PREDATOR,34,-12.189999999999998,219,53.58974999999973,3,2,92.38999999999972,53.019999999999705,3,3.5
9,B,PREDATOR,35,-12.239999999999997,224,53.58974999999973,337,2,89.43738872403522,50.61999999999951,0,3.5
9,B,PREDATOR,36,-12.239999999999997,224,53.58974999999973,6,2,89.3649999999996,30.070000000000334,0,3.5
9,B,PREDATOR,37,-12.209999999999997,221,53.58974999999973,274,2,72.22638686131386,39.43000000000019,0,3.5
9,B,PREDATOR,38,-12.169999999999998,217,53.58974999999973,6,2,90.83499999999965,52.35999999999961,0,3.5
9,B,PREDATOR,39,-12.259999999999996,226,53.58974999999973,324,2,69.06336419753084,48.60999999999969,1,3.5
9,B,PREDATOR,40,-12.159999999999998,216,53.58974999999973,4,2,92.55999999999972,49.68999999999971,2,3.5
9,B,PREDATOR,41,-12.339999999999995,234,53.58974999999973,5,2,91.33599999999967,52.29999999999974,1,3.5
9,B,PREDATOR,42,-12.289999999999996,229,53.58974999999973,337,2,87.43554896142386,49.86999999999974,0,3.5
9,B,PREDATOR,43,-12.179999999999998,218,53.58974999999973,3,2,89.1899999999996,66.6999999999992,3,3.5
9,B,PREDATOR,44,-12.319999999999995,232,53.58974999999973,3,2,83.94999999999939,77.37999999999924,18,3.5
9,B,PREDATOR,45,-12.289999999999996,229,53.58974999999973,337,2,86.1666468842729,45.21999999999961,0,3.5
9,B,PREDATOR,46,-12.209999999999997,221,53.58974999999973,4,2,87.79749999999953,56.58999999999986,2,3.5
9,B,PREDATOR,47,-12.299999999999995,230,53.58974999999973,5,2,90.78999999999965,43.80999999999988,1,3.5
9,B,PREDATOR,48,-12.299999999999995,230,53.58974999999973,337,2,71.9000890207715,36.400000000000134,0,3.5
9,B,PREDATOR,49,-12.289999999999996,229,53.58974999999973,6,2,89.1949999999996,28.720000000000255,0,3.5
9,B,PREDATOR,50,-12.319999999999995,232,53.58974999999973,5,2,88.45599999999956,37.690000000000026,1,3.5
9,B,PREDATOR,51,-12.209999999999997,221,53.58974999999973,307,2,67.37664495114005,49.83749999999967,1,3.5
9,B,PREDATOR,52,-12.239999999999997,224,53.58974999999973,337,2,78.5464094955489,30.370000000000033,0,3.5
9,B,PREDATOR,53,-12.269999999999996,227,53.58974999999973,5,2,91.74399999999969,49.41,1,3.5
9,B,PREDATOR,54,-12.309999999999995,231,53.58974999999973,6,2,94.24999999999977,45.87999999999979,0,3.5
9,B,PREDATOR,55,-12.249999999999996,225,53.58974999999973,6,2,90.05999999999962,45.54999999999983,0,3.5
9,B,PREDATOR,56,-12.209999999999997,221,53.58974999999973,337,2,80.63498516320468,40.62999999999973,0,3.5
9,B,PREDATOR,57,-12.189999999999998,219,53.58974999999973,337,2,73.63459940652818,45.5199999999998,0,3.5
9,B,PREDATOR,58,842.2900000000014,500,53.58974999999973,337,3,93.21934718100866,24.06916666666662,34,3.5
9,B,PREDATOR,59,-12.189999999999998,219,53.58974999999973,4,2,97.1949999999999,70.20999999999907,2,3.5
9,B,PREDATOR,60,-12.259999999999996,226,53.58974999999973,5,2,92.45199999999971,58.34999999999924,1,3.5
9,B,PREDATOR,61,8.709999999999502,285,53.58974999999973,3,2,85.25999999999944,52.44999999999929,3,3.5
9,B,PREDATOR,62,-12.259999999999996,226,53.58974999999973,6,2,88.93499999999959,42.280000000000065,0,3.5
9,B,PREDATOR,63,-12.209999999999997,221,53.58974999999973,337,2,86.0346587537091,62.73999999999975,2,3.5
9,B,PREDATOR,64,-12.409999999999993,241,53.58974999999973,4,2,88.73499999999957,60.59999999999923,2,3.5
9,B,PREDATOR,65,-12.219999999999997,222,53.58974999999973,6,2,86.8149999999995,49.35999999999987,0,3.5
9,B,PREDATOR,66,-12.229999999999997,223,53.58974999999973,6,2,92.17999999999972,37.54000000000005,0,3.5
9,B,PREDATOR,67,-12.229999999999997,223,53.58974999999973,283,2,71.5241696113074,50.57999999999977,1,3.5
9,B,PREDATOR,68,-12.259999999999996,226,53.58974999999973,4,2,92.36499999999971,53.679999999999865,2,3.5
9,B,PREDATOR,69,695.4525000000001,500,53.58974999999973,337,3,88.28246290801142,35.900000000000226,28,3.5
9,B,PREDATOR,70,77.94666666666615,463,53.58974999999973,1,1,90.39999999999964,20.61999999999994,5,3.5
9,B,PREDATOR,71,-12.259999999999996,226,53.58974999999973,4,2,89.14749999999958,61.15624999999917,2,3.5
9,B,PREDATOR,72,-12.459999999999992,246,53.58974999999973,158,2,76.34031645569618,45.87999999999974,0,3.5
9,B,PREDATOR,73,32.7841666666666,385,53.58974999999973,337,2,67.06148367952515,28.672499999999765,3,3.5
9,B,PREDATOR,74,1195.9075,500,53.58974999999973,337,1,92.40608308605313,63.039999999999836,48,3.5
9,B,PREDATOR,75,-12.189999999999998,219,53.58974999999973,188,2,72.04026595744679,54.759999999999515,2,3.5
9,B,PREDATOR,76,-12.209999999999997,221,53.58974999999973,337,2,82.00848664688417,35.830000000000325,0,3.5
9,B,PREDATOR,77,-12.239999999999997,224,53.58974999999973,337,2,71.32430267062314,59.529999999999646,1,3.5
9,B,PREDATOR,78,10.674166666666187,311,53.58974999999973,4,2,92.94249999999974,29.92000000000027,2,3.5
9,B,PREDATOR,79,-12.239999999999997,224,53.58974999999973,5,2,88.61199999999957,50.306249999999494,1,3.5
9,B,PREDATOR,80,-12.239999999999997,224,53.58974999999973,5,2,87.99399999999955,59.49999999999942,1,3.5
9,B,PREDATOR,81,-12.199999999999998,220,53.58974999999973,6,2,91.8499999999997,31.30000000000021,0,3.5
9,B,PREDATOR,82,31.753333333333522,377,53.58974999999973,2,2,93.53499999999976,29.93999999999945,4,3.5
9,B,PREDATOR,83,82.8516666666649,500,53.58974999999973,1,2,90.75999999999965,6.052499999999969,5,3.5
9,B,PREDATOR,84,-12.269999999999996,227,53.58974999999973,5,2,91.00599999999966,50.077499999999716,1,3.5
9,B,PREDATOR,85,33.38249999999978,357,53.58974999999973,337,2,90.19729970326372,28.96000000000019,2,3.5
9,B,PREDATOR,86,9.937499999999533,277,53.58974999999973,3,2,85.44999999999943,56.58999999999928,3,3.5
9,B,PREDATOR,87,-12.229999999999997,223,53.58974999999973,337,2,90.07543026706195,58.179999999999325,1,3.5
9,B,PREDATOR,88,-12.229999999999997,223,53.58974999999973,337,2,92.04507418397607,48.03999999999983,0,3.5
9,B,PREDATOR,89,-12.259999999999996,226,53.58974999999973,337,2,88.64367952522215,41.38000000000014,0,3.5
9,B,PREDATOR,90,11.769999999999788,300,53.58974999999973,3,2,85.32999999999944,50.73999999999965,3,3.5
9,B,PREDATOR,91,-12.199999999999998,220,53.58974999999973,5,2,89.84799999999962,43.154999999999724,1,3.5
9,B,PREDATOR,92,8.357499999999513,273,53.58974999999973,3,2,83.63999999999938,62.859999999999005,3,3.5
9,B,PREDATOR,93,-12.269999999999996,227,53.58974999999973,244,2,66.96602459016391,58.51499999999925,1,3.5
9,B,PREDATOR,94,-12.289999999999996,229,53.58974999999973,4,2,87.94749999999954,47.289999999999765,2,3.5
9,B,PREDATOR,95,-12.229999999999997,223,53.58974999999973,5,2,88.02999999999955,45.48999999999995,1,3.5
9,B,PREDATOR,96,7.615833333332807,297,53.58974999999973,5,2,88.32999999999956,16.660000000000377,1,3.5
9,B,PREDATOR,97,8.9841666666663,282,53.58974999999973,4,2,85.80999999999946,29.988749999999786,2,3.5
9,B,PREDATOR,98,51.739999999999746,366,53.58974999999973,0,2,0.0,41.88999999999957,6,3.5
9,B,PREDATOR,99,-12.159999999999998,216,53.58974999999973,337,2,89.8211869436198,61.63499999999936,1,3.5
9,B,PREDATOR,100,87.72083333333164,500,53.58974999999973,2,3,94.41999999999979,6.040000000000165,4,3.5
9,B,PREDATOR,101,-12.159999999999998,216,53.58974999999973,337,2,90.39759643916896,58.209999999999866,2,3.5
9,B,PREDATOR,102,11.12916666666617,309,53.58974999999973,3,2,91.44999999999966,43.739999999999625,3,3.5
9,B,PREDATOR,103,-12.279999999999996,228,53.58974999999973,5,2,88.30599999999956,42.14624999999973,1,3.5
9,B,PREDATOR,104,-12.189999999999998,219,53.58974999999973,337,2,86.9068249258158,47.31999999999987,0,3.5
9,B,PREDATOR,105,-12.189999999999998,219,53.58974999999973,337,2,89.78379821958424,57.10874999999946,1,3.5
9,B,PREDATOR,106,-12.229999999999997,223,53.58974999999973,337,2,88.1391097922846,51.45999999999978,1,3.5
9,B,PREDATOR,107,-12.199999999999998,220,53.58974999999973,5,2,88.57599999999957,57.83249999999941,1,3.5
9,B,PREDATOR,108,120.05499999999786,500,53.58974999999973,337,3,90.34195845697292,19.984166666666507,6,3.5
9,B,PREDATOR,109,-12.159999999999998,216,53.58974999999973,17,2,89.24647058823518,27.280000000000136,0,3.5
9,B,PREDATOR,110,-12.189999999999998,219,53.58974999999973,337,2,90.64596439169105,61.80999999999952,16,3.5
9,B,PREDATOR,111,7.635833333332785,310,53.58974999999973,337,2,90.25240356083049,27.250000000000483,1,3.5
9,B,PREDATOR,112,-12.419999999999993,242,53.58974999999973,337,2,89.8605637982194,33.1600000000003,0,3.5
9,B,PREDATOR,113,11.834166666666318,298,53.58974999999973,1,2,91.59999999999968,64.68999999999888,5,3.5
9,B,PREDATOR,114,-12.649999999999988,265,53.58974999999973,337,2,92.05581602373856,38.35000000000021,0,3.5
9,B,PREDATOR,115,-12.279999999999996,228,53.58974999999973,5,2,92.32599999999971,49.51124999999969,1,3.5
9,B,PREDATOR,116,-12.409999999999993,241,53.58974999999973,4,2,88.65999999999957,54.36749999999947,2,3.5
9,B,PREDATOR,117,10.148333333332845,295,53.58974999999973,5,2,88.62399999999957,30.40000000000024,1,3.5
9,B,PREDATOR,118,10.661666666666184,295,53.58974999999973,3,2,91.67999999999968,38.55999999999964,3,3.5
9,B,PREDATOR,119,-12.369999999999994,237,53.58974999999973,337,2,74.05103857566762,41.78249999999969,1,3.5
9,B,PREDATOR,120,10.825833333332865,288,53.58974999999973,5,2,90.14799999999963,31.09000000000014,1,3.5
9,B,PREDATOR,121,7.349166666666152,282,53.58974999999973,4,2,91.60749999999969,36.61000000000005,2,3.5
9,B,PREDATOR,122,-12.269999999999996,227,53.58974999999973,3,2,89.6399999999996,62.91999999999956,3,3.5
9,B,PREDATOR,123,10.562499999999533,282,53.58974999999973,3,2,90.52999999999963,43.38999999999974,3,3.5
9,B,PREDATOR,124,-12.309999999999995,231,53.58974999999973,337,2,68.8022255192878,58.47999999999969,2,3.5
9,B,PREDATOR,125,-12.209999999999997,221,53.58974999999973,184,3,68.65211956521738,14.713333333333347,0,3.5
9,B,PREDATOR,126,-12.189999999999998,219,53.58974999999973,324,2,69.31123456790122,49.869999999999564,0,3.5
9,B,PREDATOR,127,-12.53999999999999,254,53.58974999999973,4,2,89.93499999999962,51.45999999999979,2,3.5
9,B,PREDATOR,128,-12.249999999999996,225,53.58974999999973,5,2,89.3139999999996,44.4099999999998,1,3.5
9,B,PREDATOR,129,-12.219999999999997,222,53.58974999999973,4,2,91.29999999999967,68.49999999999908,2,3.5
9,B,PREDATOR,130,-12.399999999999993,240,53.58974999999973,6,2,89.14999999999958,32.650000000000325,0,3.5
9,B,PREDATOR,131,-12.809999999999985,281,53.58974999999973,337,2,87.80035608308559,48.0999999999997,1,3.5
9,B,PREDATOR,132,11.00083333333299,284,53.58974999999973,5,2,84.88599999999943,30.070000000000494,1,3.5
9,B,PREDATOR,133,31.03250000000022,327,53.58974999999973,337,2,93.14851632047451,27.310000000000514,2,3.5
9,B,PREDATOR,134,8.930833333332854,275,53.58974999999973,337,2,90.6902967359047,29.050000000000246,1,3.5
9,B,PREDATOR,135,-12.289999999999996,229,53.58974999999973,337,2,89.1666765578631,47.01999999999989,0,3.5
9,B,PREDATOR,136,-12.51999999999999,252,53.58974999999973,15,2,91.08199999999997,43.50999999999984,0,3.5
9,B,PREDATOR,137,-12.219999999999997,222,53.58974999999973,5,2,86.19999999999948,54.25124999999954,1,3.5
9,B,PREDATOR,138,-12.709999999999987,271,53.58974999999973,1,2,90.39999999999964,71.8349999999993,5,3.5
9,B,PREDATOR,139,9.957499999999536,275,53.58974999999973,3,2,91.7099999999997,49.44999999999931,3,3.5
9,B,PREDATOR,140,-12.309999999999995,231,53.58974999999973,337,2,82.82210682492568,51.236249999999735,1,3.5
9,B,PREDATOR,141,8.559999999999517,273,53.58974999999973,3,2,89.59999999999961,33.42999999999999,3,3.5
9,B,PREDATOR,142,-12.459999999999992,246,53.58974999999973,4,2,87.91749999999955,62.716249999999356,2,3.5
9,B,PREDATOR,143,-12.209999999999997,221,53.58974999999973,337,2,86.95848664688411,39.13000000000003,1,3.5
9,B,PREDATOR,144,-12.56999999999999,257,53.58974999999973,3,2,89.62999999999961,53.08124999999934,3,3.5
9,B,PREDATOR,145,-12.459999999999992,246,53.58974999999973,5,2,87.77799999999954,57.134999999999295,1,3.5
9,B,PREDATOR,146,30.74500000000041,367,53.58974999999973,337,2,73.4782195845695,13.510000000000144,2,3.5
9,B,PREDATOR,147,8.125833333332784,315,53.58974999999973,4,2,91.17999999999967,34.93874999999998,2,3.5
9,B,PREDATOR,148,-12.179999999999998,218,53.58974999999973,3,2,92.70999999999974,50.7999999999998,3,3.5
9,B,PREDATOR,149,-12.379999999999994,238,53.58974999999973,6,2,92.91499999999974,39.34000000000001,0,3.5
9,B,PREDATOR,150,-12.349999999999994,235,53.58974999999973,337,2,70.1975074183975,48.67124999999953,1,3.5
9,B,PREDATOR,151,-12.199999999999998,220,53.58974999999973,117,2,80.16683760683757,40.00000000000003,0,3.5
9,B,PREDATOR,152,32.415833333333644,358,53.58974999999973,2,2,93.87999999999977,39.93999999999957,4,3.5
9,B,PREDATOR,153,32.48500000000042,364,53.58974999999973,4,2,95.25999999999982,15.670000000000368,2,3.5
9,B,PREDATOR,154,-12.339999999999995,234,53.58974999999973,4,2,88.98249999999959,73.68874999999909,2,3.5
9,B,PREDATOR,155,11.858333333332881,286,53.58974999999973,337,2,89.91566765578597,26.830000000000005,1,3.5
9,B,PREDATOR,156,7.846666666666183,266,53.58974999999973,3,2,87.94999999999955,54.30999999999984,3,3.5
9,B,PREDATOR,157,30.91000000000014,415,53.58974999999973,4,2,90.00999999999962,11.94999999999989,2,3.5
9,B,PREDATOR,158,-12.159999999999998,216,53.58974999999973,337,2,71.47409495548959,32.08000000000015,0,3.5
9,B,PREDATOR,159,8.369166666666166,285,53.58974999999973,4,2,90.69999999999965,45.159999999999336,2,3.5
9,B,PREDATOR,160,9.08916666666624,240,53.58974999999973,3,3,89.99999999999962,30.796666666666372,3,3.5
9,B,PREDATOR,161,-12.55999999999999,256,53.58974999999973,6,2,89.98499999999962,44.079999999999785,0,3.5
9,B,PREDATOR,162,-12.659999999999988,266,53.58974999999973,5,2,85.20999999999944,41.891249999999914,1,3.5
9,B,PREDATOR,163,-12.369999999999994,237,53.58974999999973,5,2,88.26399999999956,37.52624999999986,1,3.5
9,B,PREDATOR,164,-12.329999999999995,233,53.58974999999973,3,2,92.45999999999971,73.016249999999,3,3.5
9,B,PREDATOR,165,9.485833333332844,287,53.58974999999973,5,2,90.06399999999962,36.01000000000025,1,3.5
9,B,PREDATOR,166,-12.279999999999996,228,53.58974999999973,6,2,90.28499999999963,30.19000000000026,0,3.5
9,B,PREDATOR,167,7.544166666666127,303,53.58974999999973,4,2,87.71499999999953,46.50999999999952,2,3.5
9,B,PREDATOR,168,-12.689999999999987,269,53.58974999999973,337,2,90.68255192878303,42.549999999999564,5,3.5
9,B,PREDATOR,169,-12.809999999999985,281,53.58974999999973,6,2,91.22999999999968,27.580000000000375,0,3.5
9,B,PREDATOR,170,-12.329999999999995,233,53.58974999999973,5,2,87.0279999999995,37.18875000000005,1,3.5
9,B,PREDATOR,171,10.325833333332787,338,53.58974999999973,4,2,88.35999999999956,24.66374999999984,2,3.5
9,B,PREDATOR,172,-12.169999999999998,217,53.58974999999973,13,2,95.32461538461529,66.40124999999921,2,3.5
9,B,PREDATOR,173,-12.199999999999998,220,53.58974999999973,6,2,89.5199999999996,33.699999999999875,0,3.5
9,B,PREDATOR,174,-12.299999999999995,230,53.58974999999973,337,2,74.2101483679525,33.10000000000038,0,3.5
9,B,PREDATOR,175,-12.209999999999997,221,53.58974999999973,5,2,92.75799999999973,47.199999999999804,1,3.5
9,B,PREDATOR,176,-12.219999999999997,222,53.58974999999973,18,2,96.33222222222213,36.7600000000002,0,3.5
9,B,PREDATOR,177,-12.189999999999998,219,53.58974999999973,337,2,88.40379821958443,41.920000000000016,0,3.5
9,B,PREDATOR,178,-12.189999999999998,219,53.58974999999973,337,2,91.06718100890185,55.56999999999941,1,3.5
9,B,PREDATOR,179,139.9374999999983,500,53.58974999999973,337,3,92.17816023738843,19.092499999999976,6,3.5
9,B,PREDATOR,180,-12.239999999999997,224,53.58974999999973,3,2,89.59999999999961,72.18999999999915,3,3.5
9,B,PREDATOR,181,33.06250000000017,331,53.58974999999973,4,2,89.2899999999996,20.380000000000056,2,3.5
9,B,PREDATOR,182,-12.439999999999992,244,53.58974999999973,337,2,90.84421364985128,37.87000000000012,0,3.5
9,B,PREDATOR,183,10.155833333332874,274,53.58974999999973,337,2,69.45789317507415,38.3199999999999,1,3.5
9,B,PREDATOR,184,-12.239999999999997,224,53.58974999999973,6,2,90.87499999999966,41.020000000000266,0,3.5
9,B,PREDATOR,185,10.449166666666217,269,53.58974999999973,3,2,95.93999999999984,58.85999999999912,3,3.5
9,B,PREDATOR,186,9.209999999999697,301,53.58974999999973,337,2,89.93163204747736,38.05874999999967,2,3.5
9,B,PREDATOR,187,-12.189999999999998,219,53.58974999999973,337,2,84.10709198813043,49.86999999999965,0,3.5
9,B,PREDATOR,188,-12.849999999999984,285,53.58974999999973,337,2,62.27329376854597,55.25624999999968,1,3.5
9,B,PREDATOR,189,8.896666666666155,296,53.58974999999973,4,2,85.50249999999944,32.257499999999965,2,3.5
9,B,PREDATOR,190,33.029166666666754,368,53.58974999999973,3,2,93.10999999999974,34.20999999999959,3,3.5
9,B,PREDATOR,191,11.133333333332862,291,53.58974999999973,4,2,86.40249999999949,31.398750000000135,2,3.5
9,B,PREDATOR,192,-12.259999999999996,226,53.58974999999973,4,2,92.31999999999971,56.01999999999967,2,3.5
9,B,PREDATOR,193,-12.289999999999996,229,53.58974999999973,5,2,89.08599999999959,56.549999999999386,1,3.5
9,B,PREDATOR,194,-12.309999999999995,231,53.58974999999973,6,2,90.20999999999962,43.32999999999992,0,3.5
9,B,PREDATOR,195,67.54249999999888,500,53.58974999999973,1,3,86.55999999999949,11.177499999999588,5,3.5
9,B,PREDATOR,196,9.049166666666226,301,53.58974999999973,4,2,89.6199999999996,40.98999999999956,2,3.5
9,B,PREDATOR,197,-12.489999999999991,249,53.58974999999973,5,2,92.75199999999973,37.92999999999991,1,3.5
9,B,PREDATOR,198,11.456666666666278,310,53.58974999999973,4,2,93.30249999999975,20.26000000000016,2,3.5
9,B,PREDATOR,199,-12.409999999999993,241,53.58974999999973,3,2,93.71999999999976,67.80999999999909,3,3.5
9,B,PREDATOR,200,-12.289999999999996,229,53.58974999999973,4,2,91.58499999999968,70.76999999999899,2,3.5
9,B,PREDATOR,201,7.929166666666168,278,53.58974999999973,4,2,91.76499999999969,44.99624999999958,2,3.5
9,B,PREDATOR,202,-12.359999999999994,236,53.58974999999973,337,2,91.3922848664686,35.23000000000044,0,3.5
9,B,PREDATOR,203,10.02916666666619,284,53.58974999999973,4,2,86.67249999999949,41.76999999999981,2,3.5
9,B,PREDATOR,204,-12.269999999999996,227,53.58974999999973,337,2,82.01534124629073,34.66000000000024,0,3.5
9,B,PREDATOR,205,9.09583333333286,272,53.58974999999973,337,2,86.46011869436185,29.410000000000096,1,3.5
9,B,PREDATOR,206,-12.349999999999994,235,53.58974999999973,5,2,89.99199999999962,41.75999999999973,1,3.5
9,B,PREDATOR,207,-12.189999999999998,219,53.58974999999973,5,2,93.35199999999975,35.26500000000044,1,3.5
9,B,PREDATOR,208,-12.429999999999993,243,53.58974999999973,3,2,88.47999999999956,66.27999999999932,5,3.5
9,B,PREDATOR,209,-12.58999999999999,259,53.58974999999973,337,2,89.78741839762573,35.31999999999998,0,3.5
9,B,PREDATOR,210,-12.179999999999998,218,53.58974999999973,337,2,76.71643916913943,29.440000000000268,0,3.5
9,B,PREDATOR,211,-12.309999999999995,231,53.58974999999973,337,2,81.89519287833812,39.13000000000008,0,3.5
9,B,PREDATOR,212,11.835833333332983,214,53.58974999999973,5,3,87.70599999999953,20.640000000000025,1,3.5
9,B,PREDATOR,213,-12.639999999999988,264,53.58974999999973,5,2,93.92799999999977,26.118750000000208,1,3.5
9,B,PREDATOR,214,-12.909999999999982,291,53.58974999999973,4,2,93.27999999999975,47.34999999999982,2,3.5
9,B,PREDATOR,215,8.183333333332746,343,53.58974999999973,5,2,89.5059999999996,32.290000000000006,1,3.5
9,B,PREDATOR,216,-12.57999999999999,258,53.58974999999973,337,2,93.15154302670597,31.98999999999983,0,3.5
9,B,PREDATOR,217,7.018333333332697,365,53.58974999999973,5,2,93.96399999999979,29.499999999999844,1,3.5
9,B,PREDATOR,218,-12.55999999999999,256,53.58974999999973,6,2,86.97499999999951,45.2799999999997,0,3.5
9,B,PREDATOR,219,102.5974999999986,500,53.58974999999973,1,3,83.19999999999936,12.649166666666874,5,3.5
9,B,PREDATOR,220,-12.939999999999982,294,53.58974999999973,4,2,85.67499999999946,35.709999999999795,2,3.5
9,B,PREDATOR,221,-12.309999999999995,231,53.58974999999973,4,2,88.43499999999956,71.69999999999897,2,3.5
9,B,PREDATOR,222,-12.489999999999991,249,53.58974999999973,4,2,93.72999999999976,56.919999999999405,2,3.5
9,B,PREDATOR,223,-12.329999999999995,233,53.58974999999973,26,2,96.356923076923,29.440000000000225,0,3.5
9,B,PREDATOR,224,-12.279999999999996,228,53.58974999999973,337,2,89.94160237388685,45.48999999999957,0,3.5
9,B,PREDATOR,225,-12.339999999999995,234,53.58974999999973,4,2,86.56749999999948,51.66999999999981,2,3.5
9,B,PREDATOR,226,-12.189999999999998,219,53.58974999999973,4,2,95.49249999999984,57.60999999999983,2,3.5
9,B,PREDATOR,227,-12.189999999999998,219,53.58974999999973,5,2,91.60599999999968,59.6199999999994,1,3.5
9,B,PREDATOR,228,-12.239999999999997,224,53.58974999999973,3,2,94.7999999999998,65.19999999999933,3,3.5
9,B,PREDATOR,229,7.961666666666181,268,53.58974999999973,4,2,87.68499999999953,49.329999999999316,2,3.5
9,B,PREDATOR,230,-12.459999999999992,246,53.58974999999973,337,2,68.65462908011868,52.749999999999545,2,3.5
9,B,PREDATOR,231,-12.159999999999998,216,53.58974999999973,190,2,74.87342105263156,52.92999999999961,0,3.5
9,B,PREDATOR,232,9.926666666666298,293,53.58974999999973,1,2,84.75999999999942,52.9874999999994,5,3.5
9,B,PREDATOR,233,8.179166666666168,280,53.58974999999973,4,2,85.74249999999947,37.449999999999996,2,3.5
9,B,PREDATOR,234,9.058333333332863,269,53.58974999999973,337,2,70.44709198813051,31.870000000000246,1,3.5
9,B,PREDATOR,235,12.098333333333,289,53.58974999999973,5,2,89.94999999999962,30.220000000000176,1,3.5
9,B,PREDATOR,236,-12.289999999999996,229,53.58974999999973,337,2,90.97744807121634,40.41999999999969,0,3.5
9,B,PREDATOR,237,8.108333333332867,273,53.58974999999973,337,2,92.5838872403558,39.64000000000005,1,3.5
9,B,PREDATOR,238,32.83250000000027,332,53.58974999999973,337,2,87.6717804154298,44.169999999999476,3,3.5
9,B,PREDATOR,239,-12.52999999999999,253,53.58974999999973,337,2,69.07406528189907,44.57999999999959,1,3.5
9,B,PREDATOR,240,10.573333333332814,320,53.58974999999973,4,2,85.74249999999945,27.27000000000039,2,3.5
9,B,PREDATOR,241,-12.759999999999986,276,53.58974999999973,337,2,91.43735905044484,48.04499999999967,1,3.5
9,B,PREDATOR,242,-12.55999999999999,256,53.58974999999973,337,2,86.77632047477728,20.230000000000288,0,3.5
9,B,PREDATOR,243,10.718333333332817,319,53.58974999999973,5,2,89.96799999999962,15.220000000000244,1,3.5
9,B,PREDATOR,244,-12.209999999999997,221,53.58974999999973,5,3,94.16199999999978,17.573333333333448,1,3.5
9,B,PREDATOR,245,-12.919999999999982,292,53.58974999999973,337,2,90.29667655786317,30.460000000000285,0,3.5
9,B,PREDATOR,246,-12.219999999999997,222,53.58974999999973,6,2,91.9099999999997,36.76000000000012,0,3.5
9,B,PREDATOR,247,137.94250000000125,500,53.58974999999973,337,2,89.47516320474737,21.821249999999722,7,3.5
9,B,PREDATOR,248,-12.289999999999996,229,53.58974999999973,3,2,88.65999999999957,67.63874999999942,3,3.5
9,B,PREDATOR,249,-12.1,210,53.58974999999973,6,2,92.23499999999972,49.29999999999971,0,3.5
9,B,PREDATOR,250,-12.189999999999998,219,53.58974999999973,337,2,68.05845697329373,47.0799999999997,1,3.5
9,B,PREDATOR,251,54.57999999999816,387,53.58974999999973,3,2,93.63999999999976,17.410000000000036,3,3.5
9,B,PREDATOR,252,-12.199999999999998,220,53.58974999999973,4,2,88.65999999999957,48.93999999999983,2,3.5
9,B,PREDATOR,253,-12.199999999999998,220,53.58974999999973,6,2,94.18833333333316,54.888749999999405,1,3.5
9,B,PREDATOR,254,-12.249999999999996,225,53.58974999999973,5,2,87.05199999999951,34.35000000000013,1,3.5
9,B,PREDATOR,255,-12.509999999999991,251,53.58974999999973,5,2,86.42199999999949,45.51999999999964,1,3.5
9,B,PREDATOR,256,12.333333333332975,225,53.58974999999973,5,3,95.76399999999984,20.58000000000005,1,3.5
9,B,PREDATOR,257,-12.709999999999987,271,53.58974999999973,337,2,88.1237982195844,34.03000000000048,0,3.5
9,B,PREDATOR,258,-12.659999999999988,266,53.58974999999973,5,2,87.88599999999954,26.05000000000021,1,3.5
9,B,PREDATOR,259,-12.659999999999988,266,53.58974999999973,6,2,90.20499999999963,36.730000000000324,0,3.5
9,B,PREDATOR,260,-12.359999999999994,236,53.58974999999973,181,2,77.31806629834252,52.89999999999941,1,3.5
9,B,PREDATOR,261,10.85666666666612,343,53.58974999999973,3,2,87.86999999999955,22.269999999999712,3,3.5
9,B,PREDATOR,262,-12.309999999999995,231,53.58974999999973,5,2,90.97599999999966,45.236249999999714,1,3.5
9,B,PREDATOR,263,82.19749999999898,500,53.58974999999973,0,2,0.0,25.188749999999906,6,3.5
9,B,PREDATOR,264,-12.609999999999989,261,53.58974999999973,4,2,87.06249999999952,46.27874999999973,2,3.5
9,B,PREDATOR,265,-12.55999999999999,256,53.58974999999973,5,2,92.66199999999972,59.16999999999932,1,3.5
9,B,PREDATOR,266,-12.239999999999997,224,53.58974999999973,2,2,89.91999999999962,68.1599999999993,4,3.5
9,B,PREDATOR,267,-12.289999999999996,229,53.58974999999973,3,2,90.44999999999963,62.01999999999934,3,3.5
9,B,PREDATOR,268,-12.209999999999997,221,53.58974999999973,173,2,71.26531791907512,52.86749999999947,1,3.5
9,B,PREDATOR,269,-12.269999999999996,227,53.58974999999973,337,2,85.41679525222538,31.360000000000074,0,3.5
9,B,PREDATOR,270,-12.53999999999999,254,53.58974999999973,337,2,88.07839762611232,32.02000000000014,0,3.5
9,B,PREDATOR,271,10.328333333332873,277,53.58974999999973,337,2,87.34255192878291,47.55999999999958,1,3.5
9,B,PREDATOR,272,-12.859999999999983,286,53.58974999999973,3,2,94.13999999999977,62.30249999999906,3,3.5
9,B,PREDATOR,273,8.479166666666123,337,53.58974999999973,4,2,86.8599999999995,22.719999999999967,2,3.5
9,B,PREDATOR,274,-12.939999999999982,294,53.58974999999973,5,2,89.00799999999958,46.17999999999944,1,3.5
9,B,PREDATOR,275,288.59250000000054,500,53.58974999999973,337,3,89.66670623145362,42.67999999999987,12,3.5
9,B,PREDATOR,276,-12.179999999999998,218,53.58974999999973,5,2,94.6419999999998,48.669999999999895,1,3.5
9,B,PREDATOR,277,-11.370000000000001,137,53.58974999999973,5,3,86.76399999999948,42.87999999999994,1,3.5
9,B,PREDATOR,278,10.989166666666192,377,53.58974999999973,4,2,93.44499999999975,33.78999999999935,2,3.5
9,B,PREDATOR,279,-12.689999999999987,269,53.58974999999973,337,2,89.90362017804117,37.27000000000003,0,3.5
9,B,PREDATOR,280,-12.609999999999989,261,53.58974999999973,6,2,86.83499999999951,33.73000000000005,0,3.5
9,B,PREDATOR,281,9.880833333332737,369,53.58974999999973,4,2,89.76249999999962,20.523749999999943,2,3.5
9,B,PREDATOR,282,-12.11,211,53.58974999999973,337,2,75.5448961424332,53.94999999999946,1,3.5
9,B,PREDATOR,283,11.546666666666228,274,53.58974999999973,2,2,88.14999999999955,72.97499999999906,4,3.5
9,B,PREDATOR,284,10.11666666666608,363,53.58974999999973,4,2,87.63249999999954,25.539999999999853,2,3.5
9,B,PREDATOR,285,-12.709999999999987,271,53.58974999999973,337,2,91.23884272997,40.179999999999964,0,3.5
9,B,PREDATOR,286,-12.389999999999993,239,53.58974999999973,51,2,95.79823529411763,58.833749999999355,3,3.5
9,B,PREDATOR,287,12.041666666666247,265,53.58974999999973,3,2,86.31999999999948,60.669999999999234,3,3.5
9,B,PREDATOR,288,-12.169999999999998,217,53.58974999999973,5,2,93.76599999999976,50.09999999999965,1,3.5
9,B,PREDATOR,289,-12.459999999999992,246,53.58974999999973,6,2,92.08999999999969,42.27999999999979,0,3.5
9,B,PREDATOR,290,-12.859999999999983,286,53.58974999999973,42,2,92.19547619047614,29.229999999999883,0,3.5
9,B,PREDATOR,291,-12.429999999999993,243,53.58974999999973,6,2,93.51999999999975,39.9399999999999,0,3.5
9,B,PREDATOR,292,207.80583333333345,500,53.58974999999973,337,3,92.47566765578605,24.9133333333331,9,3.5
9,B,PREDATOR,293,9.330833333332725,370,53.58974999999973,2,2,88.68999999999957,35.37999999999949,4,3.5
9,B,PREDATOR,294,-13.259999999999975,326,53.58974999999973,4,2,89.1174999999996,49.04999999999923,2,3.5
9,B,PREDATOR,295,10.283333333332694,403,53.58974999999973,5,2,90.94599999999966,15.190000000000406,1,3.5
9,B,PREDATOR,296,-12.939999999999982,294,53.58974999999973,5,2,88.97199999999958,45.189999999999735,1,3.5
9,B,PREDATOR,297,8.190833333332952,284,53.58974999999973,2,2,92.52999999999972,49.29999999999975,4,3.5
9,B,PREDATOR,298,-12.53999999999999,254,53.58974999999973,6,2,91.90499999999969,26.92000000000015,0,3.5
9,B,PREDATOR,299,254.27166666666773,500,53.58974999999973,337,3,90.19477744807085,38.279999999999774,31,3.5
9,B,PREDATOR,300,-12.11,211,53.58974999999973,5,2,90.12399999999963,49.509999999999806,1,3.5
9,B,PREDATOR,301,-12.789999999999985,279,53.58974999999973,337,2,90.78415430267027,44.7699999999996,1,3.5
9,B,PREDATOR,302,-12.09,209,53.58974999999973,5,2,87.04599999999951,63.57749999999938,1,3.5
9,B,PREDATOR,303,378.65000000000055,500,53.58974999999973,337,2,87.57943620177994,56.62124999999946,17,3.5
9,B,PREDATOR,304,35.1750000000005,391,53.58974999999973,0,2,0.0,40.8087499999994,6,3.5
9,B,PREDATOR,305,-12.789999999999985,279,53.58974999999973,6,2,90.45999999999964,41.91999999999969,0,3.5
9,B,PREDATOR,306,-13.539999999999969,354,53.58974999999973,4,2,93.01749999999973,39.51999999999937,2,3.5
9,B,PREDATOR,307,106.54416666666467,500,53.58974999999973,0,3,0.0,23.42916666666612,6,3.5
9,B,PREDATOR,308,9.875833333332922,321,53.58974999999973,2,2,87.35499999999952,58.38999999999898,4,3.5
9,B,PREDATOR,309,8.382499999999231,473,53.58974999999973,2,2,80.85999999999927,19.089999999999463,4,3.5
9,B,PREDATOR,310,-12.959999999999981,296,53.58974999999973,337,3,87.61590504450993,6.333333333333376,0,3.5
9,B,PREDATOR,311,-12.359999999999994,236,53.58974999999973,337,2,77.67210682492558,46.119999999999585,1,3.5
9,B,PREDATOR,312,7.3116666666660795,333,53.58974999999973,4,2,91.38999999999967,36.88000000000007,2,3.5
9,B,PREDATOR,313,9.668333333332805,316,53.58974999999973,337,2,70.79611275964386,22.930000000000412,1,3.5
9,B,PREDATOR,314,-12.54999999999999,255,53.58974999999973,4,2,95.49999999999983,43.12000000000006,2,3.5
9,B,PREDATOR,315,-12.959999999999981,296,53.58974999999973,337,2,93.78581602373865,22.780000000000285,0,3.5
9,B,PREDATOR,316,-12.909999999999982,291,53.58974999999973,5,2,89.93799999999962,41.709999999999795,1,3.5
9,B,PREDATOR,317,8.745833333332767,334,53.58974999999973,5,2,92.75799999999973,34.87000000000011,1,3.5
9,B,PREDATOR,318,-12.55999999999999,256,53.58974999999973,337,2,89.90477744807083,37.6299999999998,0,3.5
9,B,PREDATOR,319,10.055833333332705,392,53.58974999999973,4,2,94.43499999999979,24.029999999999824,2,3.5
9,B,PREDATOR,320,12.329166666666245,270,53.58974999999973,4,2,89.93499999999962,45.81999999999945,2,3.5
9,B,PREDATOR,321,10.599166666666195,308,53.58974999999973,4,2,91.72749999999968,46.05999999999962,2,3.5
9,B,PREDATOR,322,-12.889999999999983,289,53.58974999999973,4,2,85.85499999999946,53.15999999999924,2,3.5
9,B,PREDATOR,323,-12.239999999999997,224,53.58974999999973,5,2,89.99199999999962,50.19999999999957,1,3.5
9,B,PREDATOR,324,64.20999999999853,500,53.58974999999973,2,3,92.43999999999971,14.64583333333283,4,3.5
9,B,PREDATOR,325,-12.179999999999998,218,53.58974999999973,4,2,92.97249999999974,54.81999999999958,2,3.5
9,B,PREDATOR,326,9.153333333332784,327,53.58974999999973,5,2,93.27999999999975,30.310000000000432,1,3.5
9,B,PREDATOR,327,9.582499999999497,299,53.58974999999973,3,2,86.03999999999947,46.261249999999436,3,3.5
9,B,PREDATOR,328,-12.639999999999988,264,53.58974999999973,5,2,88.26999999999956,38.932499999999855,1,3.5
9,B,PREDATOR,329,-12.219999999999997,222,53.58974999999973,337,2,66.14623145400591,47.40999999999977,1,3.5
9,B,PREDATOR,330,-12.229999999999997,223,53.58974999999973,337,2,91.03136498516287,64.96624999999902,2,3.5
9,B,PREDATOR,331,488.00333333333606,500,53.58974999999973,337,3,89.39100890207675,35.10333333333327,20,3.5
9,B,PREDATOR,332,-12.909999999999982,291,53.58974999999973,3,2,92.18999999999971,35.94749999999982,3,3.5
9,B,PREDATOR,333,-12.169999999999998,217,53.58974999999973,6,2,88.64499999999957,43.6599999999999,0,3.5
9,B,PREDATOR,334,-12.709999999999987,271,53.58974999999973,337,2,89.38026706231413,24.2800000000002,0,3.5
9,B,PREDATOR,335,-12.859999999999983,286,53.58974999999973,6,2,91.16499999999967,23.3800000000003,0,3.5
9,B,PREDATOR,336,-12.789999999999985,279,53.58974999999973,5,2,90.47199999999964,37.7200000000002,1,3.5
9,B,PREDATOR,337,10.628333333332767,355,53.58974999999973,5,2,89.83599999999961,24.9999999999999,1,3.5
9,B,PREDATOR,338,-12.189999999999998,219,53.58974999999973,4,2,90.27999999999963,56.8299999999995,2,3.5
9,B,PREDATOR,339,11.324999999999635,304,53.58974999999973,3,2,93.47999999999975,40.92999999999958,3,3.5
9,B,PREDATOR,340,-12.729999999999986,273,53.58974999999973,3,2,84.2499999999994,51.9999999999996,3,3.5
9,B,PREDATOR,341,-13.609999999999967,361,53.58974999999973,6,2,88.45999999999957,10.630000000000075,0,3.5
9,B,PREDATOR,342,-12.839999999999984,284,53.58974999999973,6,2,95.30999999999983,31.870000000000324,0,3.5
9,B,PREDATOR,343,345.2750000000004,500,53.58974999999973,337,2,88.68026706231412,50.26000000000022,14,3.5
9,B,PREDATOR,344,5.975833333332693,440,53.58974999999973,5,2,86.16399999999948,16.30000000000005,1,3.5
9,B,PREDATOR,345,80.3599999999983,500,53.58974999999973,0,1,0.0,19.14000000000059,6,3.5
9,B,PREDATOR,346,111.94416666666548,500,53.58974999999973,0,3,0.0,19.169166666666698,6,3.5
9,B,PREDATOR,347,9.014999999999555,337,53.58974999999973,3,2,95.18999999999983,38.272499999999695,3,3.5
9,B,PREDATOR,348,-12.58999999999999,259,53.58974999999973,6,2,89.85499999999962,40.719999999999914,0,3.5
9,B,PREDATOR,349,-12.389999999999993,239,53.58974999999973,6,2,90.11999999999962,30.670000000000357,0,3.5
9,B,PREDATOR,350,4237.574999999986,500,53.58974999999973,337,3,88.50347181008866,38.100000000000186,177,3.5
10,A,PREY,1,1714.5700000000043,500,18469.537999999844,4,2,89.1024999999996,27.550000000000303,3,7.6
10,A,PREY,2,2114.4699999999993,500,18469.537999999844,338,1,91.58076923076891,34.54500000000061,2,7.6
10,A,PREY,3,227.76000000000016,68,18469.537999999844,4,2,82.24749999999932,90.75374999999985,3,7.6
10,A,PREY,4,148.62999999999997,33,18469.537999999844,6,2,92.5099999999997,83.78999999999994,1,7.6
10,A,PREY,5,1754.560000000004,500,18469.537999999844,5,2,91.92399999999971,21.098750000000067,2,7.6
10,A,PREY,6,1302.5600000000027,311,18469.537999999844,2,2,94.8399999999998,64.04250000000016,5,7.6
10,A,PREY,7,2354.40999999998,500,18469.537999999844,1,2,88.68999999999957,38.22750000000002,6,7.6
10,A,PREY,8,189.1600000000002,29,18469.537999999844,6,2,92.43999999999971,89.38499999999989,1,7.6
10,A,PREY,9,2754.309999999987,500,18469.537999999844,3,2,93.05999999999973,23.700000000000557,4,7.6
10,A,PREY,10,2874.2799999999875,500,18469.537999999844,338,1,88.51520710059128,26.87000000000042,1,7.6
10,A,PREY,11,3194.199999999968,500,18469.537999999844,4,1,87.00249999999951,25.72999999999984,3,7.6
10,A,PREY,12,29.410000000000004,8,18469.537999999844,6,2,98.15999999999991,90.82,1,7.6
10,A,PREY,13,748.2800000000009,103,18469.537999999844,4,2,89.5974999999996,82.57499999999987,3,7.6
10,A,PREY,14,3234.1899999999687,500,18469.537999999844,5,1,95.78199999999984,25.62749999999999,2,7.6
10,A,PREY,15,3554.109999999965,500,18469.537999999844,338,2,93.00121301775123,95.10999999999996,111,7.6
10,A,PREY,16,2954.2599999999743,500,18469.537999999844,338,2,92.45718934911214,17.487500000000022,4,7.6
10,A,PREY,17,228.38000000000017,56,18469.537999999844,6,2,86.7499999999995,78.95999999999984,1,7.6
10,A,PREY,18,3154.209999999976,500,18469.537999999844,3,2,94.37999999999978,23.426249999999985,4,7.6
10,A,PREY,19,3714.069999999958,500,18469.537999999844,338,2,88.0752662721889,45.63999999999929,5,7.6
10,A,PREY,20,68.85000000000001,13,18469.537999999844,6,2,97.00999999999988,89.76999999999998,1,7.6
10,A,PREY,21,907.8900000000011,138,18469.537999999844,5,2,91.65399999999968,77.78624999999958,2,7.6
10,A,PREY,22,4433.889999999944,500,18469.537999999844,5,2,92.54799999999972,21.485000000000195,2,7.6
10,A,PREY,23,3993.999999999957,500,18469.537999999844,4,2,94.14249999999979,24.20125000000001,3,7.6
10,A,PREY,24,4353.909999999951,500,18469.537999999844,5,1,95.66199999999984,7.7800000000003235,2,7.6
10,A,PREY,25,4393.899999999956,500,18469.537999999844,338,2,88.17147928994038,28.569999999999922,57,7.6
10,A,PREY,26,4153.959999999953,500,18469.537999999844,338,2,92.60505917159738,64.52999999999999,137,7.6
10,A,PREY,27,142.22,24,18469.537999999844,6,2,94.33999999999976,91.05999999999995,1,7.6
10,A,PREY,28,1347.2500000000016,191,18469.537999999844,4,2,91.14999999999966,82.22624999999931,3,7.6
10,A,PREY,29,1507.0700000000015,155,18469.537999999844,307,2,86.39205211726382,75.5500000000001,4,7.6
10,A,PREY,30,947.4000000000009,86,18469.537999999844,3,2,93.67999999999977,90.87999999999988,4,7.6
10,A,PREY,31,4113.969999999965,500,18469.537999999844,2,2,92.72499999999972,33.56499999999954,5,7.6
10,A,PREY,32,4433.889999999948,500,18469.537999999844,338,2,93.60431952662697,35.3050000000001,3,7.6
10,A,PREY,33,4233.939999999956,500,18469.537999999844,338,2,89.65458579881619,34.03124999999985,5,7.6
10,A,PREY,34,4713.819999999955,500,18469.537999999844,338,1,88.01923076923032,21.32000000000013,1,7.6
10,A,PREY,35,4433.8899999999485,500,18469.537999999844,3,1,99.03999999999996,48.37000000000041,4,7.6
10,A,PREY,36,5633.589999999939,500,18469.537999999844,204,2,71.4699019607843,45.31999999999992,5,7.6
10,A,PREY,37,4313.919999999964,500,18469.537999999844,2,2,96.80499999999988,26.149999999999913,5,7.6
10,A,PREY,38,4993.749999999951,500,18469.537999999844,4,2,94.35999999999979,17.440000000000346,3,7.6
10,A,PREY,39,508.9100000000003,46,18469.537999999844,6,2,90.52499999999965,80.74499999999989,1,7.6
10,A,PREY,40,5233.689999999942,500,18469.537999999844,338,2,90.85852071005883,94.0299999999998,117,7.6
10,A,PREY,41,4993.749999999947,500,18469.537999999844,2,2,96.66999999999987,32.00624999999965,5,7.6
10,A,PREY,42,4913.7699999999495,500,18469.537999999844,4,2,94.57749999999979,16.457500000000305,3,7.6
10,A,PREY,43,5193.699999999944,500,18469.537999999844,338,2,92.66665680473345,24.92875000000018,3,7.6
10,A,PREY,44,5633.589999999935,500,18469.537999999844,338,1,87.18343195266223,46.73999999999998,2,7.6
10,A,PREY,45,5153.7099999999455,500,18469.537999999844,3,2,94.6699999999998,21.031249999999947,4,7.6
10,A,PREY,46,5713.569999999935,500,18469.537999999844,5,1,94.24599999999978,22.58000000000047,2,7.6
10,A,PREY,47,5793.549999999935,500,18469.537999999844,3,2,94.29999999999978,43.11999999999989,4,7.6
10,A,PREY,48,1028.0200000000007,72,18469.537999999844,6,2,80.97999999999927,79.06124999999977,1,7.6
10,A,PREY,49,6793.299999999917,500,18469.537999999844,3,2,93.24999999999973,27.30999999999972,4,7.6
10,A,PREY,50,5033.739999999944,500,18469.537999999844,5,1,94.43799999999979,38.54249999999989,2,7.6
10,A,PREY,51,6633.339999999922,500,18469.537999999844,3,1,95.45999999999982,24.80000000000001,4,7.6
10,A,PREY,52,5273.679999999949,500,18469.537999999844,5,2,92.37399999999971,15.221249999999864,2,7.6
10,A,PREY,53,6513.369999999922,500,18469.537999999844,3,2,93.87999999999977,43.616249999999894,4,7.6
10,A,PREY,54,5302.669999999944,500,18469.537999999844,337,2,90.02160237388686,97.4799999999999,73,7.6
10,A,PREY,55,6273.429999999931,500,18469.537999999844,3,2,90.86999999999966,19.335000000000093,4,7.6
10,A,PREY,56,6633.339999999925,500,18469.537999999844,5,1,89.71599999999961,27.862499999999944,2,7.6
10,A,PREY,57,5913.519999999929,500,18469.537999999844,2,2,93.80499999999977,33.78124999999976,5,7.6
10,A,PREY,58,6793.299999999921,500,18469.537999999844,338,2,94.022544378698,36.03250000000054,3,7.6
10,A,PREY,59,6833.289999999924,500,18469.537999999844,4,2,95.85999999999984,14.325000000000133,4,7.6
10,A,PREY,60,5273.679999999945,500,18469.537999999844,338,1,86.80979289940778,16.250000000000263,2,7.6
10,A,PREY,61,6673.3299999999235,500,18469.537999999844,338,1,94.2657396449702,28.185000000000457,2,7.6
10,A,PREY,62,5433.639999999953,500,18469.537999999844,3,2,98.94999999999997,30.013749999999774,4,7.6
10,A,PREY,63,6793.299999999924,500,18469.537999999844,3,2,92.73999999999972,35.17500000000018,4,7.6
10,A,PREY,64,343.3000000000004,61,18469.537999999844,4,2,88.44999999999956,80.13999999999999,8,7.6
10,A,PREY,65,1627.450000000001,114,18469.537999999844,337,2,85.21071216617209,100.0,60,7.6
10,A,PREY,66,6873.279999999918,500,18469.537999999844,338,1,90.9539940828399,26.669999999999884,2,7.6
10,A,PREY,67,6953.259999999917,500,18469.537999999844,2,1,95.88999999999984,41.05999999999962,5,7.6
10,A,PREY,68,6793.299999999928,500,18469.537999999844,338,2,92.0514201183429,13.556249999999867,1,7.6
10,A,PREY,69,3105.93999999999,228,18469.537999999844,5,2,91.35999999999967,57.46999999999973,2,7.6
10,A,PREY,70,7353.159999999917,500,18469.537999999844,3,2,92.23999999999971,26.730000000000302,4,7.6
10,A,PREY,71,7113.219999999927,500,18469.537999999844,6,1,92.91499999999974,33.32000000000101,1,7.6
10,A,PREY,72,7073.229999999917,500,18469.537999999844,338,2,86.65461538461487,27.758749999999672,2,7.6
10,A,PREY,73,7273.179999999915,500,18469.537999999844,2,2,97.2399999999999,45.77125,5,7.6
10,A,PREY,74,7433.139999999917,500,18469.537999999844,3,2,93.60999999999974,38.959999999999695,7,7.6
10,A,PREY,75,1228.0300000000007,66,18469.537999999844,18,2,94.9583333333332,84.86749999999984,2,7.6
10,A,PREY,76,1307.9600000000007,71,18469.537999999844,4,2,86.08749999999948,94.76249999999987,3,7.6
10,A,PREY,77,69.39000000000001,9,18469.537999999844,5,2,97.83999999999992,99.78999999999999,2,7.6
10,A,PREY,78,627.5900000000004,75,18469.537999999844,5,2,83.88999999999939,84.24999999999986,2,7.6
10,A,PREY,79,8352.909999999905,500,18469.537999999844,5,2,94.37199999999979,14.096250000000301,2,7.6
10,A,PREY,80,26.770000000000046,22,18469.537999999844,6,2,94.3299999999998,91.0574999999999,1,7.6
10,A,PREY,81,6553.359999999929,500,18469.537999999844,6,0,94.47999999999979,0.0,1,7.6
10,A,PREY,82,627.7500000000002,109,18469.537999999844,6,2,91.61499999999968,69.20249999999983,1,7.6
10,A,PREY,83,8512.869999999906,500,18469.537999999844,4,1,95.69499999999984,53.79999999999979,3,7.6
10,A,PREY,84,7833.039999999919,500,18469.537999999844,3,1,91.66999999999969,55.339999999999115,4,7.6
10,A,PREY,85,8152.959999999909,500,18469.537999999844,3,2,88.93999999999959,31.98000000000012,4,7.6
10,A,PREY,86,7913.019999999909,500,18469.537999999844,2,2,97.65999999999991,33.6887499999999,5,7.6
10,A,PREY,87,7873.0299999999215,500,18469.537999999844,3,2,91.9399999999997,33.32500000000019,4,7.6
10,A,PREY,88,8392.899999999909,500,18469.537999999844,2,2,100.0,36.53749999999951,5,7.6
10,A,PREY,89,7953.009999999919,500,18469.537999999844,338,1,87.22958579881609,33.62249999999944,2,7.6
10,A,PREY,90,8232.939999999911,500,18469.537999999844,338,1,87.40576923076875,36.36999999999968,3,7.6
10,A,PREY,91,9032.7399999999,500,18469.537999999844,338,2,91.88292899408253,57.206249999999834,30,7.6
10,A,PREY,92,8632.839999999907,500,18469.537999999844,5,2,91.8039999999997,20.88125000000033,2,7.6
10,A,PREY,93,7793.049999999925,500,18469.537999999844,5,2,92.96799999999973,24.717500000000072,2,7.6
10,A,PREY,94,8352.909999999916,500,18469.537999999844,1,2,100.0,48.452499999998665,6,7.6
10,A,PREY,95,8272.929999999917,500,18469.537999999844,338,2,88.80766272189307,95.04999999999984,120,7.6
10,A,PREY,96,9632.589999999896,500,18469.537999999844,338,2,88.59121301775106,28.701250000000044,3,7.6
10,A,PREY,97,7353.159999999933,500,18469.537999999844,4,2,93.12999999999974,22.757500000000128,3,7.6
10,A,PREY,98,8312.919999999916,500,18469.537999999844,3,2,98.94999999999997,36.369999999999706,4,7.6
10,A,PREY,99,8672.829999999905,500,18469.537999999844,6,1,90.94999999999966,28.700000000000507,1,7.6
10,A,PREY,100,9592.599999999897,500,18469.537999999844,4,1,96.59499999999987,66.06249999999979,3,7.6
10,A,PREY,101,8032.989999999921,500,18469.537999999844,2,2,90.00999999999962,33.50999999999991,5,7.6
10,A,PREY,102,7673.079999999925,500,18469.537999999844,338,1,94.5087573964495,28.15250000000006,3,7.6
10,A,PREY,103,8792.799999999916,500,18469.537999999844,5,2,93.68199999999976,15.619999999999965,2,7.6
10,A,PREY,104,348.7300000000002,18,18469.537999999844,6,2,95.40999999999984,89.16999999999999,1,7.6
10,A,PREY,105,28.460000000000008,3,18469.537999999844,6,2,99.45999999999998,91.87,1,7.6
10,A,PREY,106,9912.519999999895,500,18469.537999999844,5,2,92.94399999999973,29.828750000000277,2,7.6
10,A,PREY,107,8512.869999999915,500,18469.537999999844,2,1,97.02999999999989,42.560000000000684,5,7.6
10,A,PREY,108,8912.769999999902,500,18469.537999999844,338,1,88.20659763313564,24.33499999999982,1,7.6
10,A,PREY,109,8552.859999999908,500,18469.537999999844,338,1,92.32230769230742,25.55000000000011,2,7.6
10,A,PREY,110,8392.899999999918,500,18469.537999999844,5,2,92.53599999999972,7.807499999999743,2,7.6
10,A,PREY,111,9512.619999999897,500,18469.537999999844,2,2,95.25999999999982,33.20499999999984,5,7.6
10,A,PREY,112,8192.949999999919,500,18469.537999999844,2,2,91.9449999999997,17.93749999999996,5,7.6
10,A,PREY,113,10232.439999999891,500,18469.537999999844,3,2,87.30999999999953,45.26874999999929,4,7.6
10,A,PREY,114,4580.129999999984,272,18469.537999999844,337,2,91.95448071216587,58.88374999999972,2,7.6
10,A,PREY,115,10112.469999999892,500,18469.537999999844,338,1,92.97517751479265,31.102500000000028,2,7.6
10,A,PREY,116,2187.3000000000006,115,18469.537999999844,6,2,92.4699999999997,78.2937499999998,2,7.6
10,A,PREY,117,9752.5599999999,500,18469.537999999844,338,1,92.68381656804706,25.12999999999977,2,7.6
10,A,PREY,118,8672.829999999914,500,18469.537999999844,3,2,94.5999999999998,36.28499999999988,4,7.6
10,A,PREY,119,10072.479999999896,500,18469.537999999844,4,2,94.8549999999998,28.46875000000003,3,7.6
10,A,PREY,120,9592.599999999899,500,18469.537999999844,2,1,91.23999999999967,36.165000000000006,6,7.6
10,A,PREY,121,9112.71999999991,500,18469.537999999844,5,1,94.5879999999998,34.58250000000028,2,7.6
10,A,PREY,122,68.84000000000003,14,18469.537999999844,6,2,96.48999999999988,89.55999999999999,1,7.6
10,A,PREY,123,108.67999999999996,29,18469.537999999844,13,2,85.8399999999999,86.40999999999997,2,7.6
10,A,PREY,124,10472.379999999892,500,18469.537999999844,338,2,85.72082840236632,73.1637499999989,9,7.6
10,A,PREY,125,9312.66999999991,500,18469.537999999844,4,2,88.00749999999954,34.76125000000053,3,7.6
10,A,PREY,126,3906.0899999999906,193,18469.537999999844,337,2,86.10608308605288,69.22000000000008,46,7.6
10,A,PREY,127,10912.269999999886,500,18469.537999999844,3,2,93.07999999999974,37.05624999999955,4,7.6
10,A,PREY,128,10472.379999999894,500,18469.537999999844,338,1,89.78730769230731,23.584999999999848,2,7.6
10,A,PREY,129,10312.419999999893,500,18469.537999999844,3,1,95.99999999999984,56.79249999999923,4,7.6
10,A,PREY,130,6864.039999999949,324,18469.537999999844,337,2,85.94581602373833,60.46000000000015,10,7.6
10,A,PREY,131,107.00000000000007,47,18469.537999999844,6,2,88.95499999999959,81.05999999999989,1,7.6
10,A,PREY,132,10992.249999999889,500,18469.537999999844,4,2,91.31499999999967,27.598750000000138,3,7.6
10,A,PREY,133,11352.159999999885,500,18469.537999999844,6,1,94.4649999999998,8.660000000000155,1,7.6
10,A,PREY,134,11352.159999999885,500,18469.537999999844,338,2,86.60810650887524,14.025000000000137,1,7.6
10,A,PREY,135,748.9600000000004,35,18469.537999999844,6,2,92.61999999999972,83.03249999999994,1,7.6
10,A,PREY,136,268.8100000000001,12,18469.537999999844,6,2,97.02999999999987,90.87999999999998,1,7.6
10,A,PREY,137,9912.519999999899,500,18469.537999999844,3,1,89.40999999999958,23.872500000000336,4,7.6
10,A,PREY,138,10872.279999999892,500,18469.537999999844,2,1,93.81999999999977,26.979999999999862,6,7.6
10,A,PREY,139,9192.699999999913,500,18469.537999999844,2,2,92.1699999999997,27.244999999999713,5,7.6
10,A,PREY,140,148.0000000000001,46,18469.537999999844,5,2,88.53999999999958,90.62249999999989,2,7.6
10,A,PREY,141,3585.279999999994,182,18469.537999999844,4,2,89.40249999999959,74.45624999999943,3,7.6
10,A,PREY,142,508.8100000000003,56,18469.537999999844,5,2,88.29399999999956,85.3899999999999,2,7.6
10,A,PREY,143,2427.5899999999992,130,18469.537999999844,5,2,91.46199999999968,73.3424999999997,2,7.6
10,A,PREY,144,10872.279999999888,500,18469.537999999844,5,2,92.99199999999973,13.628750000000204,2,7.6
10,A,PREY,145,12351.909999999876,500,18469.537999999844,338,1,93.01825443786956,25.362500000000267,1,7.6
10,A,PREY,146,10952.25999999989,500,18469.537999999844,338,1,89.92195266272151,25.550000000000388,1,7.6
10,A,PREY,147,10472.379999999886,500,18469.537999999844,338,2,93.42715976331337,16.951249999999852,2,7.6
10,A,PREY,148,10821.589999999893,470,18469.537999999844,337,2,87.77741839762565,63.975000000000236,6,7.6
10,A,PREY,149,8303.109999999928,381,18469.537999999844,3,2,94.5999999999998,49.88124999999996,4,7.6
10,A,PREY,150,508.1400000000002,23,18469.537999999844,5,2,94.05999999999977,91.11999999999995,2,7.6
10,A,PREY,151,11152.209999999886,500,18469.537999999844,338,2,90.92464497041387,14.462500000000206,3,7.6
10,A,PREY,152,11672.079999999884,500,18469.537999999844,338,2,88.33352071005874,43.62125000000006,6,7.6
10,A,PREY,153,9792.549999999907,500,18469.537999999844,338,1,93.54485207100566,1.6000000000003078,0,7.6
10,A,PREY,154,11432.139999999881,500,18469.537999999844,338,1,91.9453550295855,10.300000000000228,0,7.6
10,A,PREY,155,11192.199999999884,500,18469.537999999844,338,1,86.9533727810646,45.400000000000205,14,7.6
10,A,PREY,156,148.13000000000005,33,18469.537999999844,6,2,93.33499999999975,87.6712499999999,1,7.6
10,A,PREY,157,667.7500000000003,58,18469.537999999844,4,2,89.03499999999958,93.21999999999996,3,7.6
10,A,PREY,158,10392.399999999901,500,18469.537999999844,338,1,87.23958579881608,33.81000000000022,2,7.6
10,A,PREY,159,11792.049999999881,500,18469.537999999844,338,2,88.60609467455578,34.725000000000385,4,7.6
10,A,PREY,160,10032.489999999905,500,18469.537999999844,338,1,90.7540236686387,20.314999999999827,2,7.6
10,A,PREY,161,10272.4299999999,500,18469.537999999844,3,2,89.21999999999959,33.81624999999998,4,7.6
10,A,PREY,162,5824.899999999966,264,18469.537999999844,337,2,92.30272997032615,71.56000000000007,53,7.6
10,A,PREY,163,668.0300000000003,30,18469.537999999844,6,2,92.74499999999972,88.79999999999991,1,7.6
10,A,PREY,164,12271.929999999877,500,18469.537999999844,338,2,91.17866863905293,25.422500000000248,2,7.6
10,A,PREY,165,4145.749999999994,171,18469.537999999844,20,2,86.90349999999997,72.72624999999945,3,7.6
10,A,PREY,166,12111.96999999988,500,18469.537999999844,6,1,91.9499999999997,10.820000000000288,1,7.6
10,A,PREY,167,12591.849999999877,500,18469.537999999844,5,2,92.1519999999997,24.9462500000001,2,7.6
10,A,PREY,168,11512.119999999893,500,18469.537999999844,7,0,87.95714285714239,0.0,0,7.6
10,A,PREY,169,12511.869999999875,500,18469.537999999844,4,2,92.82249999999974,31.339999999999964,3,7.6
10,A,PREY,170,12671.829999999873,500,18469.537999999844,338,1,92.52606508875711,33.000000000000256,2,7.6
10,A,PREY,171,3945.769999999993,274,18469.537999999844,337,2,91.99454005934687,57.4087499999998,3,7.6
10,A,PREY,172,13031.739999999872,500,18469.537999999844,338,1,94.02094674556191,3.149999999999687,2,7.6
10,A,PREY,173,29.450000000000003,4,18469.537999999844,6,2,99.18999999999996,91.66,1,7.6
10,A,PREY,174,12031.989999999883,500,18469.537999999844,338,1,92.22440828402338,23.600000000000236,1,7.6
10,A,PREY,175,10992.249999999904,500,18469.537999999844,5,2,90.20199999999963,18.43999999999991,2,7.6
10,A,PREY,176,11232.189999999895,500,18469.537999999844,5,1,93.69399999999976,31.729999999999638,2,7.6
10,A,PREY,177,629.0800000000003,26,18469.537999999844,5,2,93.96999999999977,87.03999999999998,2,7.6
10,A,PREY,178,12791.799999999874,500,18469.537999999844,5,1,89.68599999999961,30.46999999999981,2,7.6
10,A,PREY,179,1987.250000000001,125,18469.537999999844,5,2,92.78799999999973,64.87999999999995,2,7.6
10,A,PREY,180,10752.309999999901,500,18469.537999999844,4,2,93.52749999999975,20.356249999999804,3,7.6
10,A,PREY,181,12711.819999999872,500,18469.537999999844,3,2,91.47999999999968,37.93999999999988,4,7.6
10,A,PREY,182,11672.079999999889,500,18469.537999999844,2,2,98.37999999999994,45.102499999999715,5,7.6
10,A,PREY,183,11712.069999999892,500,18469.537999999844,6,1,95.01499999999982,28.670000000000464,1,7.6
10,A,PREY,184,12151.959999999879,500,18469.537999999844,338,2,93.86798816568025,27.87500000000027,4,7.6
10,A,PREY,185,12591.849999999873,500,18469.537999999844,338,2,89.00331360946704,90.93999999999983,120,7.6
10,A,PREY,186,10272.429999999904,500,18469.537999999844,338,1,90.79585798816534,44.94999999999977,3,7.6
10,A,PREY,187,12871.779999999872,500,18469.537999999844,338,2,87.53402366863858,59.77999999999983,6,7.6
10,A,PREY,188,12951.759999999875,500,18469.537999999844,5,1,91.49799999999968,1.889999999999949,2,7.6
10,A,PREY,189,2946.3499999999995,191,18469.537999999844,36,2,92.09388888888886,77.29124999999948,4,7.6
10,A,PREY,190,10542.34999999991,401,18469.537999999844,337,2,86.4873590504446,21.37875000000018,1,7.6
10,A,PREY,191,12871.779999999873,500,18469.537999999844,3,2,91.63999999999969,18.444999999999983,4,7.6
10,A,PREY,192,28.19000000000006,30,18469.537999999844,6,2,92.16999999999972,84.14624999999991,1,7.6
10,A,PREY,193,468.37000000000006,51,18469.537999999844,4,2,91.8024999999997,93.12374999999992,3,7.6
10,A,PREY,194,148.35000000000008,61,18469.537999999844,5,2,86.52999999999948,83.63999999999993,2,7.6
10,A,PREY,195,13191.699999999872,500,18469.537999999844,3,2,91.48999999999967,37.12125000000019,4,7.6
10,A,PREY,196,12231.939999999882,500,18469.537999999844,5,2,90.04599999999962,17.129999999999974,2,7.6
10,A,PREY,197,12511.86999999988,500,18469.537999999844,338,2,92.15313609467427,7.755000000000329,9,7.6
10,A,PREY,198,12431.889999999878,500,18469.537999999844,1,2,99.72999999999999,24.47749999999995,6,7.6
10,A,PREY,199,13351.65999999987,500,18469.537999999844,338,1,90.98642011834286,29.700000000000195,3,7.6
10,A,PREY,200,13431.639999999872,500,18469.537999999844,2,2,93.33999999999975,35.00749999999952,5,7.6
10,A,PREY,201,546.9000000000004,96,18469.537999999844,4,2,85.09749999999943,79.92999999999972,3,7.6
10,A,PREY,202,12591.849999999875,500,18469.537999999844,338,2,91.93346153846123,10.219999999999619,2,7.6
10,A,PREY,203,11712.06999999989,500,18469.537999999844,3,2,92.65999999999973,36.599999999999795,4,7.6
10,A,PREY,204,13671.579999999869,500,18469.537999999844,3,2,94.28999999999978,44.42249999999957,4,7.6
10,A,PREY,205,13300.749999999873,492,18469.537999999844,1,2,95.31999999999982,45.72249999999946,6,7.6
10,A,PREY,206,13231.689999999877,500,18469.537999999844,338,2,92.86230769230743,37.49624999999994,4,7.6
10,A,PREY,207,13991.499999999865,500,18469.537999999844,4,2,91.35249999999968,25.874999999999964,3,7.6
10,A,PREY,208,13471.629999999868,500,18469.537999999844,2,2,95.67999999999984,49.82374999999968,5,7.6
10,A,PREY,209,11712.069999999894,500,18469.537999999844,4,2,93.35499999999975,25.5962499999999,3,7.6
10,A,PREY,210,11952.00999999989,500,18469.537999999844,338,2,87.04680473372733,25.602500000000198,2,7.6
10,A,PREY,211,13711.569999999867,500,18469.537999999844,4,2,92.52999999999972,27.77000000000021,3,7.6
10,A,PREY,212,11432.139999999896,500,18469.537999999844,7,0,92.0799999999997,0.0,0,7.6
10,A,PREY,213,11792.049999999892,500,18469.537999999844,3,1,92.71999999999973,29.717499999999966,4,7.6
10,A,PREY,214,3453.859999999995,177,18469.537999999844,3,2,97.51999999999991,84.4899999999997,4,7.6
10,A,PREY,215,1028.3600000000004,38,18469.537999999844,4,2,90.98499999999964,96.39999999999998,3,7.6
10,A,PREY,216,13631.589999999873,500,18469.537999999844,3,2,89.27999999999959,35.5300000000003,4,7.6
10,A,PREY,217,13551.60999999987,500,18469.537999999844,5,1,95.36799999999982,46.85999999999958,2,7.6
10,A,PREY,218,1506.5700000000008,105,18469.537999999844,67,2,93.09164179104475,87.93499999999966,3,7.6
10,A,PREY,219,11901.249999999893,477,18469.537999999844,337,2,88.18919881305594,33.033750000000175,4,7.6
10,A,PREY,220,14271.429999999864,500,18469.537999999844,2,1,99.88,89.91999999999996,5,7.6
10,A,PREY,221,12511.869999999884,500,18469.537999999844,338,1,90.80428994082806,49.644999999999285,3,7.6
10,A,PREY,222,144.68,28,18469.537999999844,11,2,96.24363636363627,87.21999999999997,1,7.6
10,A,PREY,223,428.6100000000002,28,18469.537999999844,4,2,93.57249999999976,89.31999999999995,3,7.6
10,A,PREY,224,13591.599999999868,500,18469.537999999844,5,1,94.6899999999998,20.060000000000134,2,7.6
10,A,PREY,225,13671.579999999867,500,18469.537999999844,2,2,99.63999999999999,44.851249999999155,5,7.6
10,A,PREY,226,12831.789999999884,500,18469.537999999844,2,1,92.55999999999972,37.44500000000035,5,7.6
10,A,PREY,227,13151.709999999883,500,18469.537999999844,5,2,97.71999999999991,24.23999999999991,2,7.6
10,A,PREY,228,13311.669999999876,500,18469.537999999844,3,2,89.58999999999962,24.414999999999804,4,7.6
10,A,PREY,229,12711.81999999988,500,18469.537999999844,338,2,93.01931952662696,26.980000000000153,101,7.6
10,A,PREY,230,13551.609999999875,500,18469.537999999844,3,2,93.18999999999976,39.88125000000021,4,7.6
10,A,PREY,231,13151.709999999883,500,18469.537999999844,2,2,91.71999999999969,44.02624999999986,5,7.6
10,A,PREY,232,14031.48999999987,500,18469.537999999844,4,1,94.8549999999998,14.682500000000147,3,7.6
10,A,PREY,233,14071.479999999872,500,18469.537999999844,4,1,97.71999999999991,60.66499999999943,3,7.6
10,A,PREY,234,13431.639999999876,500,18469.537999999844,5,2,87.59199999999953,21.492500000000238,2,7.6
10,A,PREY,235,868.1000000000004,68,18469.537999999844,6,2,87.43499999999953,73.80749999999989,1,7.6
10,A,PREY,236,12511.869999999886,500,18469.537999999844,3,2,92.18999999999971,31.188750000000248,4,7.6
10,A,PREY,237,548.5000000000001,36,18469.537999999844,4,2,91.9374999999997,96.21999999999998,3,7.6
10,A,PREY,238,466.1100000000003,27,18469.537999999844,6,2,93.60499999999975,86.82999999999998,1,7.6
10,A,PREY,239,13831.539999999866,500,18469.537999999844,338,1,92.73680473372754,25.18000000000034,37,7.6
10,A,PREY,240,13271.679999999877,500,18469.537999999844,3,2,92.87999999999973,37.928750000000235,7,7.6
10,A,PREY,241,13631.589999999875,500,18469.537999999844,338,2,87.93174556212972,10.540000000000095,2,7.6
10,A,PREY,242,13831.539999999874,500,18469.537999999844,338,2,88.23609467455577,34.28999999999944,7,7.6
10,A,PREY,243,14031.489999999874,500,18469.537999999844,2,2,95.36499999999982,42.65750000000004,5,7.6
10,A,PREY,244,14111.469999999865,500,18469.537999999844,338,1,88.58384615384573,30.935000000000475,2,7.6
10,A,PREY,245,13031.739999999882,500,18469.537999999844,338,2,91.29940828402341,52.419999999999916,80,7.6
10,A,PREY,246,1067.7800000000004,45,18469.537999999844,6,2,89.58999999999962,79.6987499999999,1,7.6
10,A,PREY,247,1388.1500000000005,50,18469.537999999844,29,2,92.35068965517236,80.78249999999987,1,7.6
10,A,PREY,248,13391.649999999876,500,18469.537999999844,2,2,90.51999999999964,38.60000000000029,5,7.6
10,A,PREY,249,8822.51999999993,377,18469.537999999844,337,2,91.96810089020741,67.78875000000014,73,7.6
10,A,PREY,250,15271.179999999857,500,18469.537999999844,5,2,89.73999999999961,13.328750000000014,2,7.6
10,A,PREY,251,13671.579999999876,500,18469.537999999844,4,2,92.22249999999971,10.635000000000028,3,7.6
10,A,PREY,252,8703.809999999936,351,18469.537999999844,337,2,92.46620178041515,95.76999999999987,58,7.6
10,A,PREY,253,14671.329999999862,500,18469.537999999844,338,1,91.39994082840205,6.320000000000297,1,7.6
10,A,PREY,254,14111.469999999874,500,18469.537999999844,338,2,86.40393491124209,23.7200000000001,2,7.6
10,A,PREY,255,28.840000000000032,15,18469.537999999844,6,2,96.21999999999986,89.49999999999999,1,7.6
10,A,PREY,256,14231.439999999868,500,18469.537999999844,338,1,90.87494082840202,43.61999999999898,4,7.6
10,A,PREY,257,13711.569999999874,500,18469.537999999844,3,2,94.27999999999979,25.674999999999724,4,7.6
10,A,PREY,258,13551.609999999875,500,18469.537999999844,4,2,92.64249999999973,37.30374999999974,3,7.6
10,A,PREY,259,5905.179999999975,234,18469.537999999844,4,2,90.03999999999962,66.1774999999995,3,7.6
10,A,PREY,260,1467.6100000000006,52,18469.537999999844,5,2,90.88599999999965,84.72999999999993,2,7.6
10,A,PREY,261,13231.689999999882,500,18469.537999999844,3,2,97.03999999999989,35.90249999999991,4,7.6
10,A,PREY,262,15191.19999999986,500,18469.537999999844,2,2,90.03999999999962,40.769999999999584,5,7.6
10,A,PREY,263,14671.329999999867,500,18469.537999999844,3,2,94.30999999999979,44.096249999999785,4,7.6
10,A,PREY,264,13871.529999999872,500,18469.537999999844,3,2,92.0999999999997,18.188749999999896,4,7.6
10,A,PREY,265,28.720000000000056,27,18469.537999999844,5,2,92.97999999999973,90.42999999999995,2,7.6
10,A,PREY,266,14711.319999999863,500,18469.537999999844,4,1,96.23499999999986,6.320000000000174,3,7.6
10,A,PREY,267,148.5999999999999,36,18469.537999999844,6,2,90.77499999999964,82.46249999999993,1,7.6
10,A,PREY,268,65.51999999999988,46,18469.537999999844,5,2,88.83999999999958,84.33999999999995,2,7.6
10,A,PREY,269,14111.469999999872,500,18469.537999999844,338,2,90.73461538461504,33.03000000000015,16,7.6
10,A,PREY,270,15431.139999999858,500,18469.537999999844,338,0,87.14144970414154,0.0,1,7.6
10,A,PREY,271,14311.419999999867,500,18469.537999999844,5,1,90.24399999999963,40.16249999999981,2,7.6
10,A,PREY,272,28.960000000000008,3,18469.537999999844,6,2,99.45999999999998,91.87,1,7.6
10,A,PREY,273,9343.029999999932,363,18469.537999999844,2,2,86.7999999999995,75.0412499999998,5,7.6
10,A,PREY,274,6505.809999999971,206,18469.537999999844,3,2,88.93999999999959,80.84499999999922,4,7.6
10,A,PREY,275,2108.2000000000007,77,18469.537999999844,5,2,85.77399999999946,80.99624999999995,2,7.6
10,A,PREY,276,14231.439999999868,500,18469.537999999844,5,1,92.1879999999997,31.152500000000167,2,7.6
10,A,PREY,277,27.80000000000004,19,18469.537999999844,6,3,95.79999999999984,50.673333333333325,1,7.6
10,A,PREY,278,11592.099999999884,500,18469.537999999844,338,1,95.40547337278089,20.420000000000226,1,7.6
10,A,PREY,279,27.80000000000001,19,18469.537999999844,6,2,95.13999999999982,88.50999999999999,1,7.6
10,A,PREY,280,26.240000000000038,25,18469.537999999844,6,2,93.71999999999976,87.24999999999997,1,7.6
10,A,PREY,281,13791.549999999883,500,18469.537999999844,3,2,93.93999999999977,37.48374999999958,4,7.6
10,A,PREY,282,14471.37999999987,500,18469.537999999844,1,2,100.0,33.90124999999995,6,7.6
10,A,PREY,283,29.480000000000004,1,18469.537999999844,6,2,100.0,92.28999999999999,1,7.6
10,A,PREY,284,15311.169999999862,500,18469.537999999844,3,2,89.83999999999962,32.12499999999996,4,7.6
10,A,PREY,285,29.40000000000002,9,18469.537999999844,6,2,97.88999999999992,90.60999999999999,1,7.6
10,A,PREY,286,15591.099999999858,500,18469.537999999844,4,2,96.27999999999986,21.79374999999977,3,7.6
10,A,PREY,287,14831.289999999864,500,18469.537999999844,338,1,91.48819526627187,27.095000000000862,1,7.6
10,A,PREY,288,28.630000000000074,36,18469.537999999844,6,2,90.72499999999964,82.62374999999989,1,7.6
10,A,PREY,289,3586.9899999999993,111,18469.537999999844,4,2,87.52749999999953,76.84000000000003,3,7.6
10,A,PREY,290,15511.119999999857,500,18469.537999999844,3,2,96.42999999999988,49.43374999999968,4,7.6
10,A,PREY,291,15911.019999999853,500,18469.537999999844,338,1,91.76908284023638,22.252499999999895,2,7.6
10,A,PREY,292,13871.529999999875,500,18469.537999999844,5,1,94.43799999999979,6.459999999999805,2,7.6
10,A,PREY,293,15990.499999999854,500,18469.537999999844,2,1,99.38499999999998,45.27999999999964,5,7.6
10,A,PREY,294,14031.489999999878,500,18469.537999999844,4,2,89.5449999999996,25.1037499999999,3,7.6
10,A,PREY,295,15631.089999999858,500,18469.537999999844,6,2,88.88499999999958,15.690000000000309,1,7.6
10,A,PREY,296,15711.069999999863,500,18469.537999999844,3,1,99.19999999999997,39.435000000000215,4,7.6
10,A,PREY,297,15431.139999999863,500,18469.537999999844,2,2,97.3899999999999,43.64374999999953,5,7.6
10,A,PREY,298,14751.309999999865,500,18469.537999999844,4,2,95.35749999999982,24.529999999999795,3,7.6
10,A,PREY,299,14631.339999999871,500,18469.537999999844,3,2,90.30999999999965,24.901250000000026,4,7.6
10,A,PREY,300,15191.199999999864,500,18469.537999999844,6,1,92.59999999999972,1.84000000000003,1,7.6
10,A,PREY,301,14341.119999999873,479,18469.537999999844,0,2,0.0,58.77249999999898,7,7.6
10,A,PREY,302,15551.109999999855,500,18469.537999999844,3,2,94.27999999999979,24.153750000000223,4,7.6
10,A,PREY,303,108.49000000000005,48,18469.537999999844,6,2,90.24499999999962,85.56999999999994,2,7.6
10,A,PREY,304,5305.259999999983,191,18469.537999999844,4,2,90.18999999999963,64.15874999999991,3,7.6
10,A,PREY,305,16430.889999999854,500,18469.537999999844,3,1,89.75999999999961,50.91999999999994,4,7.6
10,A,PREY,306,14791.299999999865,500,18469.537999999844,338,1,92.8386982248518,29.885000000000524,1,7.6
10,A,PREY,307,15311.169999999864,500,18469.537999999844,4,2,92.0199999999997,22.399999999999892,3,7.6
10,A,PREY,308,227.9600000000002,48,18469.537999999844,5,2,89.16999999999959,89.12249999999992,2,7.6
10,A,PREY,309,13391.649999999883,500,18469.537999999844,3,1,93.33999999999975,41.709999999999305,4,7.6
10,A,PREY,310,15951.009999999855,500,18469.537999999844,3,2,92.65999999999973,39.8625000000003,4,7.6
10,A,PREY,311,868.3900000000003,39,18469.537999999844,6,2,91.98999999999968,81.16874999999993,1,7.6
10,A,PREY,312,14991.249999999865,500,18469.537999999844,4,2,90.36249999999963,27.89125000000051,3,7.6
10,A,PREY,313,109.27999999999994,19,18469.537999999844,6,2,95.13999999999982,90.00999999999996,1,7.6
10,A,PREY,314,13151.709999999886,500,18469.537999999844,3,2,95.55999999999983,30.119999999999948,4,7.6
10,A,PREY,315,16150.959999999852,500,18469.537999999844,3,2,94.5199999999998,38.547499999999886,4,7.6
10,A,PREY,316,14911.269999999866,500,18469.537999999844,2,2,92.61999999999972,37.677499999999576,5,7.6
10,A,PREY,317,28.840000000000032,15,18469.537999999844,6,2,96.44499999999987,89.94999999999999,1,7.6
10,A,PREY,318,15551.10999999986,500,18469.537999999844,5,1,92.38599999999971,40.11000000000024,2,7.6
10,A,PREY,319,15591.099999999855,500,18469.537999999844,338,1,87.79834319526582,24.9300000000003,3,7.6
10,A,PREY,320,14391.399999999872,500,18469.537999999844,1,2,100.0,42.972499999999485,6,7.6
10,A,PREY,321,15311.169999999865,500,18469.537999999844,3,2,96.55999999999987,34.128750000000004,4,7.6
10,A,PREY,322,14991.249999999867,500,18469.537999999844,5,2,90.00399999999962,37.446249999999786,3,7.6
10,A,PREY,323,28.340000000000032,15,18469.537999999844,6,2,96.26999999999987,90.69999999999997,1,7.6
10,A,PREY,324,988.7800000000004,47,18469.537999999844,5,2,89.2899999999996,91.61374999999985,2,7.6
10,A,PREY,325,14391.399999999874,500,18469.537999999844,2,2,93.27999999999975,45.72499999999948,5,7.6
10,A,PREY,326,468.7000000000002,18,18469.537999999844,6,2,95.40999999999984,88.71999999999998,1,7.6
10,A,PREY,327,13631.589999999884,500,18469.537999999844,5,2,92.82999999999973,24.620000000000054,2,7.6
10,A,PREY,328,16230.939999999851,500,18469.537999999844,5,2,97.16799999999989,23.892500000000624,2,7.6
10,A,PREY,329,16190.949999999855,500,18469.537999999844,2,2,90.38499999999964,24.335000000000093,5,7.6
10,A,PREY,330,16030.989999999852,500,18469.537999999844,3,1,89.66999999999962,67.45249999999902,4,7.6
10,A,PREY,331,12261.7299999999,370,18469.537999999844,337,2,88.52068249258116,26.306250000000233,2,7.6
10,A,PREY,332,109.33000000000003,14,18469.537999999844,6,2,96.48999999999988,90.90999999999997,1,7.6
10,A,PREY,333,6502.839999999969,303,18469.537999999844,3,2,90.09999999999962,58.05750000000006,4,7.6
10,A,PREY,334,16550.85999999985,500,18469.537999999844,4,2,95.62749999999983,28.250000000000313,3,7.6
10,A,PREY,335,1020.5200000000007,72,18469.537999999844,5,2,83.25999999999935,84.68999999999986,2,7.6
10,A,PREY,336,17110.71999999985,500,18469.537999999844,2,2,95.13999999999982,40.48249999999945,5,7.6
10,A,PREY,337,16590.849999999853,500,18469.537999999844,5,1,91.9839999999997,21.240000000000222,2,7.6
10,A,PREY,338,15751.059999999858,500,18469.537999999844,338,2,86.559112426035,30.129999999999885,3,7.6
10,A,PREY,339,7182.029999999957,267,18469.537999999844,3,2,89.77999999999962,62.186249999999674,4,7.6
10,A,PREY,340,16870.779999999857,500,18469.537999999844,4,2,87.52749999999952,35.01500000000025,3,7.6
10,A,PREY,341,16310.919999999851,500,18469.537999999844,2,1,99.09999999999997,33.880000000000436,5,7.6
10,A,PREY,342,6824.469999999966,232,18469.537999999844,2,2,86.22999999999948,64.63874999999953,5,7.6
10,A,PREY,343,1708.4500000000007,62,18469.537999999844,5,2,86.16999999999948,82.71874999999986,2,7.6
10,A,PREY,344,109.41000000000001,6,18469.537999999844,6,2,98.64999999999996,91.24,1,7.6
10,A,PREY,345,1588.1500000000005,45,18469.537999999844,5,2,90.27999999999963,94.08874999999983,2,7.6
10,A,PREY,346,17190.69999999985,500,18469.537999999844,338,0,90.52479289940793,0.0,0,7.6
10,A,PREY,347,16470.879999999855,500,18469.537999999844,5,1,91.9299999999997,55.58999999999938,2,7.6
10,A,PREY,348,16110.969999999857,500,18469.537999999844,3,2,92.16999999999969,42.236250000000055,4,7.6
10,A,PREY,349,16590.84999999986,500,18469.537999999844,6,1,88.42999999999957,5.500000000000305,2,7.6
10,A,PREY,350,16710.819999999858,500,18469.537999999844,338,1,85.47964497041364,19.779999999999642,2,7.6
10,B,PREDATOR,1,-12.159999999999998,216,16.099999999999763,4,2,100.0,49.26999999999995,2,2.7
10,B,PREDATOR,2,-12.179999999999998,218,16.099999999999763,4,2,100.0,45.95624999999986,2,2.7
10,B,PREDATOR,3,-12.279999999999996,228,16.099999999999763,3,2,100.0,52.45374999999992,3,2.7
10,B,PREDATOR,4,12.25083333333293,267,16.099999999999763,4,2,100.0,27.14250000000031,2,2.7
10,B,PREDATOR,5,-12.189999999999998,219,16.099999999999763,4,2,100.0,55.75249999999977,2,2.7
10,B,PREDATOR,6,-12.239999999999997,224,16.099999999999763,6,2,100.0,49.41999999999993,0,2.7
10,B,PREDATOR,7,-12.209999999999997,221,16.099999999999763,3,2,100.0,58.05999999999977,3,2.7
10,B,PREDATOR,8,-12.209999999999997,221,16.099999999999763,3,2,100.0,62.91999999999982,3,2.7
10,B,PREDATOR,9,-12.179999999999998,218,16.099999999999763,337,2,85.12359050445075,42.070000000000206,1,2.7
10,B,PREDATOR,10,-12.169999999999998,217,16.099999999999763,4,2,100.0,59.70874999999964,2,2.7
10,B,PREDATOR,11,-12.159999999999998,216,16.099999999999763,5,2,100.0,49.32999999999993,1,2.7
10,B,PREDATOR,12,-12.149999999999999,215,16.099999999999763,5,2,100.0,55.539999999999594,1,2.7
10,B,PREDATOR,13,-12.279999999999996,228,16.099999999999763,5,2,100.0,55.41999999999963,1,2.7
10,B,PREDATOR,14,12.14583333333294,291,16.099999999999763,4,2,100.0,37.31249999999997,2,2.7
10,B,PREDATOR,15,-12.209999999999997,221,16.099999999999763,6,2,100.0,39.28000000000036,0,2.7
10,B,PREDATOR,16,-12.369999999999994,237,16.099999999999763,4,2,100.0,45.21124999999976,2,2.7
10,B,PREDATOR,17,-12.239999999999997,224,16.099999999999763,4,2,100.0,54.34874999999975,2,2.7
10,B,PREDATOR,18,36.59833333333377,346,16.099999999999763,2,2,100.0,38.82874999999993,4,2.7
10,B,PREDATOR,19,-12.199999999999998,220,16.099999999999763,6,2,100.0,37.0000000000003,0,2.7
10,B,PREDATOR,20,-12.199999999999998,220,16.099999999999763,3,2,100.0,62.75249999999959,3,2.7
10,B,PREDATOR,21,-12.249999999999996,225,16.099999999999763,4,2,100.0,58.88374999999995,2,2.7
10,B,PREDATOR,22,-12.239999999999997,224,16.099999999999763,4,2,100.0,46.08500000000005,2,2.7
10,B,PREDATOR,23,-11.32,132,16.099999999999763,5,3,100.0,34.42000000000019,1,2.7
10,B,PREDATOR,24,11.965833333332876,309,16.099999999999763,4,2,100.0,35.25999999999979,2,2.7
10,B,PREDATOR,25,-12.209999999999997,221,16.099999999999763,4,2,100.0,51.31250000000004,2,2.7
10,B,PREDATOR,26,-12.189999999999998,219,16.099999999999763,5,2,100.0,52.85249999999964,1,2.7
10,B,PREDATOR,27,-12.149999999999999,215,16.099999999999763,4,2,100.0,61.188749999999715,2,2.7
10,B,PREDATOR,28,11.995833333332984,279,16.099999999999763,5,2,100.0,38.32000000000025,1,2.7
10,B,PREDATOR,29,12.21583333333299,284,16.099999999999763,5,2,100.0,30.07000000000025,1,2.7
10,B,PREDATOR,30,11.8691666666663,289,16.099999999999763,4,2,100.0,38.520000000000145,2,2.7
10,B,PREDATOR,31,-12.159999999999998,216,16.099999999999763,6,2,100.0,41.980000000000146,0,2.7
10,B,PREDATOR,32,-12.269999999999996,227,16.099999999999763,5,2,100.0,43.04250000000026,1,2.7
10,B,PREDATOR,33,-12.389999999999993,239,16.099999999999763,6,2,100.0,42.37000000000015,0,2.7
10,B,PREDATOR,34,-12.239999999999997,224,16.099999999999763,5,2,100.0,52.252499999999884,1,2.7
10,B,PREDATOR,35,-12.289999999999996,229,16.099999999999763,6,2,100.0,44.17000000000023,0,2.7
10,B,PREDATOR,36,-12.289999999999996,229,16.099999999999763,3,2,100.0,59.11749999999962,3,2.7
10,B,PREDATOR,37,-12.259999999999996,226,16.099999999999763,4,2,100.0,47.55999999999982,2,2.7
10,B,PREDATOR,38,-12.229999999999997,223,16.099999999999763,4,2,100.0,54.13874999999997,2,2.7
10,B,PREDATOR,39,-12.209999999999997,221,16.099999999999763,4,2,99.9325,44.680000000000064,2,2.7
10,B,PREDATOR,40,-12.289999999999996,229,16.099999999999763,5,2,100.0,45.039999999999964,1,2.7
10,B,PREDATOR,41,-12.219999999999997,222,16.099999999999763,3,2,100.0,70.44999999999956,3,2.7
10,B,PREDATOR,42,36.34416666666685,362,16.099999999999763,3,2,100.0,25.24000000000013,3,2.7
10,B,PREDATOR,43,-12.259999999999996,226,16.099999999999763,5,2,100.0,50.5299999999999,1,2.7
10,B,PREDATOR,44,12.018333333333077,297,16.099999999999763,5,2,100.0,33.91000000000039,1,2.7
10,B,PREDATOR,45,-12.289999999999996,229,16.099999999999763,4,2,100.0,44.20249999999987,2,2.7
10,B,PREDATOR,46,-12.159999999999998,216,16.099999999999763,6,2,100.0,46.180000000000184,0,2.7
10,B,PREDATOR,47,12.013333333332932,296,16.099999999999763,5,2,100.0,31.78000000000012,1,2.7
10,B,PREDATOR,48,-12.139999999999999,214,16.099999999999763,6,2,100.0,40.270000000000145,0,2.7
10,B,PREDATOR,49,-12.289999999999996,229,16.099999999999763,4,2,100.0,50.2950000000003,2,2.7
10,B,PREDATOR,50,-12.299999999999995,230,16.099999999999763,3,2,99.91000000000001,64.08124999999961,3,2.7
10,B,PREDATOR,51,12.021666666666318,294,16.099999999999763,4,2,100.0,40.552500000000194,2,2.7
10,B,PREDATOR,52,-12.209999999999997,221,16.099999999999763,6,2,100.0,39.43000000000001,0,2.7
10,B,PREDATOR,53,-12.279999999999996,228,16.099999999999763,3,2,100.0,67.17999999999999,3,2.7
10,B,PREDATOR,54,12.15916666666653,287,16.099999999999763,3,2,100.0,54.19624999999978,3,2.7
10,B,PREDATOR,55,-12.309999999999995,231,16.099999999999763,5,2,100.0,3.1600000000000823,1,2.7
10,B,PREDATOR,56,12.205833333333208,285,16.099999999999763,5,2,100.0,34.45000000000031,1,2.7
10,B,PREDATOR,57,-12.339999999999995,234,16.099999999999763,5,2,100.0,52.218749999999794,1,2.7
10,B,PREDATOR,58,11.92166666666642,304,16.099999999999763,4,2,100.0,43.25250000000007,2,2.7
10,B,PREDATOR,59,-12.169999999999998,217,16.099999999999763,3,2,100.0,55.45749999999984,3,2.7
10,B,PREDATOR,60,-12.249999999999996,225,16.099999999999763,4,2,100.0,55.599999999999824,2,2.7
10,B,PREDATOR,61,-12.199999999999998,220,16.099999999999763,4,2,100.0,55.49624999999966,2,2.7
10,B,PREDATOR,62,-12.309999999999995,231,16.099999999999763,6,2,100.0,40.93000000000004,0,2.7
10,B,PREDATOR,63,-12.209999999999997,221,16.099999999999763,5,2,100.0,35.880000000000216,1,2.7
10,B,PREDATOR,64,-12.339999999999995,234,16.099999999999763,4,2,100.0,66.99999999999986,2,2.7
10,B,PREDATOR,65,-12.239999999999997,224,16.099999999999763,4,2,100.0,59.5024999999993,2,2.7
10,B,PREDATOR,66,12.335833333332916,272,16.099999999999763,5,2,100.0,38.41000000000032,1,2.7
10,B,PREDATOR,67,982.5074999999973,500,16.099999999999763,217,27,77.44516129032235,78.10009259259253,343,2.7
10,B,PREDATOR,68,12.109166666666246,292,16.099999999999763,3,2,100.0,47.5299999999996,3,2.7
10,B,PREDATOR,69,-12.209999999999997,221,16.099999999999763,5,2,100.0,60.96999999999957,1,2.7
10,B,PREDATOR,70,-12.209999999999997,221,16.099999999999763,3,2,99.91000000000001,60.51249999999963,3,2.7
10,B,PREDATOR,71,36.31666666666697,358,16.099999999999763,2,1,100.0,47.80249999999925,4,2.7
10,B,PREDATOR,72,-12.359999999999994,236,16.099999999999763,4,2,100.0,45.56624999999992,2,2.7
10,B,PREDATOR,73,11.769166666666239,326,16.099999999999763,4,2,100.0,23.028750000000272,2,2.7
10,B,PREDATOR,74,-12.329999999999995,233,16.099999999999763,4,2,100.0,47.92249999999994,2,2.7
10,B,PREDATOR,75,12.091666666666514,287,16.099999999999763,4,2,100.0,45.70874999999997,2,2.7
10,B,PREDATOR,76,-12.199999999999998,220,16.099999999999763,5,2,100.0,57.549999999999386,1,2.7
10,B,PREDATOR,77,11.680833333333032,324,16.099999999999763,4,2,100.0,39.50250000000017,2,2.7
10,B,PREDATOR,78,-12.609999999999989,261,16.099999999999763,4,2,100.0,48.87874999999987,2,2.7
10,B,PREDATOR,79,-12.409999999999993,241,16.099999999999763,5,2,100.0,40.680000000000035,1,2.7
10,B,PREDATOR,80,60.12999999999956,446,16.099999999999763,1,2,100.0,12.588749999999953,5,2.7
10,B,PREDATOR,81,-12.389999999999993,239,16.099999999999763,3,2,100.0,53.61999999999989,3,2.7
10,B,PREDATOR,82,-12.159999999999998,216,16.099999999999763,5,2,100.0,48.84999999999981,1,2.7
10,B,PREDATOR,83,12.165833333332982,289,16.099999999999763,5,2,100.0,37.870000000000125,1,2.7
10,B,PREDATOR,84,-12.219999999999997,222,16.099999999999763,4,2,100.0,62.20124999999963,2,2.7
10,B,PREDATOR,85,12.148333333333175,284,16.099999999999763,5,2,100.0,29.77000000000011,1,2.7
10,B,PREDATOR,86,-12.259999999999996,226,16.099999999999763,5,2,100.0,36.43125000000023,1,2.7
10,B,PREDATOR,87,-12.239999999999997,224,16.099999999999763,6,2,100.0,44.769999999999854,0,2.7
10,B,PREDATOR,88,-12.179999999999998,218,16.099999999999763,6,2,100.0,45.79000000000006,0,2.7
10,B,PREDATOR,89,-11.31,131,16.099999999999763,5,3,100.0,42.25999999999998,1,2.7
10,B,PREDATOR,90,-12.169999999999998,217,16.099999999999763,6,2,100.0,48.30999999999998,0,2.7
10,B,PREDATOR,91,11.851666666666274,284,16.099999999999763,4,2,100.0,34.72,2,2.7
10,B,PREDATOR,92,-12.249999999999996,225,16.099999999999763,5,2,100.0,49.91624999999998,1,2.7
10,B,PREDATOR,93,-12.269999999999996,227,16.099999999999763,4,2,100.0,49.07249999999982,2,2.7
10,B,PREDATOR,94,11.859166666666285,314,16.099999999999763,3,2,100.0,39.10250000000029,3,2.7
10,B,PREDATOR,95,-12.239999999999997,224,16.099999999999763,5,2,100.0,49.28624999999993,1,2.7
10,B,PREDATOR,96,-12.239999999999997,224,16.099999999999763,5,2,100.0,50.167499999999954,1,2.7
10,B,PREDATOR,97,-12.259999999999996,226,16.099999999999763,4,2,100.0,51.10124999999974,2,2.7
10,B,PREDATOR,98,-12.289999999999996,229,16.099999999999763,1,2,100.0,73.51999999999956,5,2.7
10,B,PREDATOR,99,-12.309999999999995,231,16.099999999999763,6,2,100.0,31.480000000000253,0,2.7
10,B,PREDATOR,100,11.626666666666319,293,16.099999999999763,3,2,100.0,48.30499999999968,3,2.7
10,B,PREDATOR,101,12.044166666666504,285,16.099999999999763,4,2,100.0,39.716250000000265,2,2.7
10,B,PREDATOR,102,-12.459999999999992,246,16.099999999999763,4,2,100.0,39.99500000000012,2,2.7
10,B,PREDATOR,103,11.806666666666372,302,16.099999999999763,4,2,100.0,38.04999999999987,2,2.7
10,B,PREDATOR,104,-12.269999999999996,227,16.099999999999763,5,2,100.0,57.369999999999806,1,2.7
10,B,PREDATOR,105,-12.409999999999993,241,16.099999999999763,5,2,100.0,51.89624999999994,1,2.7
10,B,PREDATOR,106,-12.299999999999995,230,16.099999999999763,6,2,100.0,37.00000000000033,0,2.7
10,B,PREDATOR,107,-12.349999999999994,235,16.099999999999763,4,2,99.9325,58.34249999999979,2,2.7
10,B,PREDATOR,108,12.058333333333193,293,16.099999999999763,5,2,100.0,29.890000000000196,1,2.7
10,B,PREDATOR,109,-12.219999999999997,222,16.099999999999763,5,2,100.0,52.00874999999982,1,2.7
10,B,PREDATOR,110,-12.179999999999998,218,16.099999999999763,5,2,100.0,51.8099999999999,1,2.7
10,B,PREDATOR,111,-12.229999999999997,223,16.099999999999763,4,2,100.0,47.73874999999992,2,2.7
10,B,PREDATOR,112,-12.409999999999993,241,16.099999999999763,5,2,100.0,53.99999999999964,1,2.7
10,B,PREDATOR,113,-12.279999999999996,228,16.099999999999763,5,2,100.0,44.499999999999986,1,2.7
10,B,PREDATOR,114,-12.279999999999996,228,16.099999999999763,5,2,100.0,45.50625000000004,1,2.7
10,B,PREDATOR,115,-12.269999999999996,227,16.099999999999763,4,2,100.0,41.49999999999999,2,2.7
10,B,PREDATOR,116,-12.289999999999996,229,16.099999999999763,6,2,100.0,44.17,0,2.7
10,B,PREDATOR,117,-12.209999999999997,221,16.099999999999763,5,2,100.0,54.279999999999774,1,2.7
10,B,PREDATOR,118,11.909166666666332,312,16.099999999999763,3,2,100.0,35.90249999999997,3,2.7
10,B,PREDATOR,119,4.9733333333331,265,16.099999999999763,3,2,100.0,54.17624999999977,3,2.7
10,B,PREDATOR,120,-12.169999999999998,217,16.099999999999763,6,2,100.0,38.860000000000255,0,2.7
10,B,PREDATOR,121,-12.199999999999998,220,16.099999999999763,5,2,100.0,48.04875000000004,1,2.7
10,B,PREDATOR,122,12.081666666666235,293,16.099999999999763,337,2,88.71804154302627,29.29000000000034,1,2.7
10,B,PREDATOR,123,-12.209999999999997,221,16.099999999999763,3,2,100.0,53.52874999999986,3,2.7
10,B,PREDATOR,124,-12.239999999999997,224,16.099999999999763,2,2,100.0,72.95999999999967,4,2.7
10,B,PREDATOR,125,-12.309999999999995,231,16.099999999999763,5,2,100.0,54.179999999999865,1,2.7
10,B,PREDATOR,126,-12.429999999999993,243,16.099999999999763,3,2,100.0,52.211249999999865,3,2.7
10,B,PREDATOR,127,-12.269999999999996,227,16.099999999999763,5,2,100.0,56.19999999999958,1,2.7
10,B,PREDATOR,128,-12.279999999999996,228,16.099999999999763,4,2,100.0,52.31624999999979,2,2.7
10,B,PREDATOR,129,-12.269999999999996,227,16.099999999999763,6,2,100.0,42.60999999999994,0,2.7
10,B,PREDATOR,130,-12.289999999999996,229,16.099999999999763,4,2,100.0,60.11249999999954,2,2.7
10,B,PREDATOR,131,-12.209999999999997,221,16.099999999999763,5,2,100.0,38.54625000000013,1,2.7
10,B,PREDATOR,132,-12.259999999999996,226,16.099999999999763,6,2,100.0,40.63000000000032,0,2.7
10,B,PREDATOR,133,-12.259999999999996,226,16.099999999999763,6,2,100.0,31.330000000000172,0,2.7
10,B,PREDATOR,134,-12.58999999999999,259,16.099999999999763,4,2,100.0,52.089999999999776,2,2.7
10,B,PREDATOR,135,11.451666666666275,351,16.099999999999763,4,1,100.0,37.44500000000016,2,2.7
10,B,PREDATOR,136,-12.639999999999988,264,16.099999999999763,5,2,100.0,37.43625000000012,1,2.7
10,B,PREDATOR,137,11.702499999999668,330,16.099999999999763,3,2,100.0,30.820000000000178,3,2.7
10,B,PREDATOR,138,12.146666666666531,295,16.099999999999763,4,2,100.0,32.23500000000028,2,2.7
10,B,PREDATOR,139,-12.159999999999998,216,16.099999999999763,5,2,99.946,55.12874999999974,1,2.7
10,B,PREDATOR,140,-12.199999999999998,220,16.099999999999763,9,2,98.81555555555556,38.20000000000019,0,2.7
10,B,PREDATOR,141,-12.339999999999995,234,16.099999999999763,6,2,100.0,44.919999999999916,0,2.7
10,B,PREDATOR,142,11.908333333333085,308,16.099999999999763,5,2,100.0,26.14000000000015,1,2.7
10,B,PREDATOR,143,12.183333333332916,267,16.099999999999763,3,2,100.0,57.712499999999686,3,2.7
10,B,PREDATOR,144,-12.229999999999997,223,16.099999999999763,5,2,100.0,51.62249999999983,1,2.7
10,B,PREDATOR,145,-12.389999999999993,239,16.099999999999763,5,2,100.0,51.459999999999525,1,2.7
10,B,PREDATOR,146,12.880833333333042,204,16.099999999999763,4,2,100.0,30.276250000000097,2,2.7
10,B,PREDATOR,147,-12.269999999999996,227,16.099999999999763,6,2,100.0,41.710000000000186,0,2.7
10,B,PREDATOR,148,12.230833333332912,269,16.099999999999763,5,2,100.0,39.22000000000012,1,2.7
10,B,PREDATOR,149,36.06166666666668,397,16.099999999999763,3,1,100.0,29.139999999999596,3,2.7
10,B,PREDATOR,150,-12.759999999999986,276,16.099999999999763,6,2,100.0,31.180000000000323,0,2.7
10,B,PREDATOR,151,12.079166666666469,295,16.099999999999763,4,2,100.0,48.489999999999704,2,2.7
10,B,PREDATOR,152,35.94166666666668,409,16.099999999999763,2,2,100.0,18.66875000000015,4,2.7
10,B,PREDATOR,153,60.324999999999186,448,16.099999999999763,2,1,100.0,6.90499999999999,4,2.7
10,B,PREDATOR,154,-12.669999999999987,267,16.099999999999763,5,2,100.0,42.59249999999991,1,2.7
10,B,PREDATOR,155,-12.209999999999997,221,16.099999999999763,5,2,100.0,48.296250000000015,1,2.7
10,B,PREDATOR,156,35.762500000000394,394,16.099999999999763,4,2,100.0,0.2200000000001771,2,2.7
10,B,PREDATOR,157,-12.359999999999994,236,16.099999999999763,4,2,100.0,43.11125000000004,2,2.7
10,B,PREDATOR,158,-12.479999999999992,248,16.099999999999763,4,2,100.0,41.55999999999993,2,2.7
10,B,PREDATOR,159,-12.379999999999994,238,16.099999999999763,5,2,100.0,43.488750000000095,1,2.7
10,B,PREDATOR,160,-12.309999999999995,231,16.099999999999763,5,2,100.0,44.469999999999985,1,2.7
10,B,PREDATOR,161,36.26666666666652,363,16.099999999999763,2,2,100.0,41.55500000000015,4,2.7
10,B,PREDATOR,162,-12.359999999999994,236,16.099999999999763,4,2,100.0,57.8399999999997,2,2.7
10,B,PREDATOR,163,-12.309999999999995,231,16.099999999999763,6,2,100.0,34.63000000000003,0,2.7
10,B,PREDATOR,164,-12.379999999999994,238,16.099999999999763,3,2,100.0,46.08999999999993,3,2.7
10,B,PREDATOR,165,-12.289999999999996,229,16.099999999999763,6,2,100.0,37.27000000000022,0,2.7
10,B,PREDATOR,166,12.053333333333141,307,16.099999999999763,5,2,99.946,11.260000000000348,1,2.7
10,B,PREDATOR,167,-12.389999999999993,239,16.099999999999763,3,2,100.0,49.27875,3,2.7
10,B,PREDATOR,168,-12.209999999999997,221,16.099999999999763,4,2,100.0,54.009999999999735,2,2.7
10,B,PREDATOR,169,-12.419999999999993,242,16.099999999999763,4,2,100.0,40.7500000000003,17,2.7
10,B,PREDATOR,170,35.34666666666701,401,16.099999999999763,3,1,100.0,23.80000000000001,3,2.7
10,B,PREDATOR,171,11.478333333332893,324,16.099999999999763,5,2,100.0,33.37000000000025,1,2.7
10,B,PREDATOR,172,11.275833333332878,343,16.099999999999763,1,2,100.0,34.71999999999975,5,2.7
10,B,PREDATOR,173,11.553333333332885,339,16.099999999999763,5,2,100.0,27.070000000000114,1,2.7
10,B,PREDATOR,174,-12.439999999999992,244,16.099999999999763,6,2,100.0,32.770000000000294,0,2.7
10,B,PREDATOR,175,-12.289999999999996,229,16.099999999999763,3,2,100.0,49.718749999999844,3,2.7
10,B,PREDATOR,176,-12.159999999999998,216,16.099999999999763,2,2,100.0,79.56249999999939,4,2.7
10,B,PREDATOR,177,-12.179999999999998,218,16.099999999999763,5,2,100.0,43.97249999999998,1,2.7
10,B,PREDATOR,178,-12.189999999999998,219,16.099999999999763,3,2,100.0,56.70250000000007,3,2.7
10,B,PREDATOR,179,-12.239999999999997,224,16.099999999999763,6,2,100.0,42.67000000000006,0,2.7
10,B,PREDATOR,180,-12.55999999999999,256,16.099999999999763,6,2,100.0,38.08000000000006,0,2.7
10,B,PREDATOR,181,-12.309999999999995,231,16.099999999999763,5,2,100.0,55.749999999999616,1,2.7
10,B,PREDATOR,182,-12.179999999999998,218,16.099999999999763,6,2,100.0,41.89000000000013,0,2.7
10,B,PREDATOR,183,-12.239999999999997,224,16.099999999999763,6,2,100.0,46.12000000000015,0,2.7
10,B,PREDATOR,184,36.277500000000266,339,16.099999999999763,2,2,100.0,36.648749999999964,4,2.7
10,B,PREDATOR,185,-12.479999999999992,248,16.099999999999763,4,2,100.0,47.688749999999914,2,2.7
10,B,PREDATOR,186,-12.359999999999994,236,16.099999999999763,5,2,100.0,45.86250000000006,1,2.7
10,B,PREDATOR,187,12.048333333333114,294,16.099999999999763,4,2,100.0,37.13625000000041,2,2.7
10,B,PREDATOR,188,-11.38,138,16.099999999999763,5,3,100.0,43.97583333333328,1,2.7
10,B,PREDATOR,189,-12.909999999999982,291,16.099999999999763,4,2,100.0,36.91000000000024,2,2.7
10,B,PREDATOR,190,-12.55999999999999,256,16.099999999999763,5,2,100.0,41.9962499999999,1,2.7
10,B,PREDATOR,191,-12.289999999999996,229,16.099999999999763,5,2,100.0,50.18624999999996,1,2.7
10,B,PREDATOR,192,-12.139999999999999,214,16.099999999999763,5,2,100.0,42.35250000000022,1,2.7
10,B,PREDATOR,193,-12.169999999999998,217,16.099999999999763,2,2,100.0,62.61999999999972,4,2.7
10,B,PREDATOR,194,-12.439999999999992,244,16.099999999999763,5,2,100.0,40.989999999999824,1,2.7
10,B,PREDATOR,195,-12.239999999999997,224,16.099999999999763,6,2,100.0,44.62000000000018,0,2.7
10,B,PREDATOR,196,-12.53999999999999,254,16.099999999999763,5,2,100.0,32.936250000000356,1,2.7
10,B,PREDATOR,197,-12.55999999999999,256,16.099999999999763,4,2,100.0,57.62624999999939,2,2.7
10,B,PREDATOR,198,-12.409999999999993,241,16.099999999999763,4,2,100.0,47.366249999999894,2,2.7
10,B,PREDATOR,199,35.986666666666885,391,16.099999999999763,3,2,100.0,20.980000000000082,3,2.7
10,B,PREDATOR,200,-12.649999999999988,265,16.099999999999763,4,2,100.0,48.66999999999953,2,2.7
10,B,PREDATOR,201,11.789166666666288,297,16.099999999999763,4,2,100.0,35.25999999999982,2,2.7
10,B,PREDATOR,202,-12.179999999999998,218,16.099999999999763,5,2,100.0,44.088750000000196,1,2.7
10,B,PREDATOR,203,-12.149999999999999,215,16.099999999999763,5,2,100.0,48.99999999999987,1,2.7
10,B,PREDATOR,204,-12.269999999999996,227,16.099999999999763,4,2,100.0,50.97499999999971,2,2.7
10,B,PREDATOR,205,-12.509999999999991,251,16.099999999999763,6,2,100.0,37.33000000000036,0,2.7
10,B,PREDATOR,206,-12.259999999999996,226,16.099999999999763,6,2,100.0,50.82999999999978,0,2.7
10,B,PREDATOR,207,-12.329999999999995,233,16.099999999999763,4,2,100.0,48.00500000000015,2,2.7
10,B,PREDATOR,208,35.06250000000025,380,16.099999999999763,4,0,100.0,0.0,2,2.7
10,B,PREDATOR,209,11.671666666666288,302,16.099999999999763,4,2,100.0,25.792500000000366,2,2.7
10,B,PREDATOR,210,11.508333333333104,348,16.099999999999763,5,2,100.0,13.840000000000177,1,2.7
10,B,PREDATOR,211,60.02333333333264,489,16.099999999999763,1,2,100.0,21.39125000000037,5,2.7
10,B,PREDATOR,212,-12.419999999999993,242,16.099999999999763,6,2,100.0,38.410000000000366,0,2.7
10,B,PREDATOR,213,-12.709999999999987,271,16.099999999999763,5,2,100.0,35.32000000000005,1,2.7
10,B,PREDATOR,214,11.679166666666367,335,16.099999999999763,4,2,100.0,22.582500000000238,2,2.7
10,B,PREDATOR,215,35.45500000000035,382,16.099999999999763,3,2,100.0,25.676250000000245,3,2.7
10,B,PREDATOR,216,59.91833333333245,461,16.099999999999763,2,1,100.0,33.972500000000714,4,2.7
10,B,PREDATOR,217,-12.259999999999996,226,16.099999999999763,4,2,100.0,53.752499999999515,2,2.7
10,B,PREDATOR,218,-12.209999999999997,221,16.099999999999763,5,2,100.0,49.01249999999982,1,2.7
10,B,PREDATOR,219,-12.469999999999992,247,16.099999999999763,5,2,100.0,36.0700000000002,1,2.7
10,B,PREDATOR,220,-12.189999999999998,219,16.099999999999763,5,2,100.0,42.686250000000044,1,2.7
10,B,PREDATOR,221,11.873333333332903,313,16.099999999999763,3,2,100.0,47.588749999999784,3,2.7
10,B,PREDATOR,222,-12.149999999999999,215,16.099999999999763,5,2,100.0,38.63250000000009,1,2.7
10,B,PREDATOR,223,-12.389999999999993,239,16.099999999999763,6,2,100.0,36.520000000000316,0,2.7
10,B,PREDATOR,224,11.63583333333287,315,16.099999999999763,4,2,100.0,29.85000000000025,2,2.7
10,B,PREDATOR,225,-13.189999999999976,319,16.099999999999763,5,2,100.0,33.236250000000084,1,2.7
10,B,PREDATOR,226,11.765833333333115,329,16.099999999999763,5,2,100.0,32.170000000000215,1,2.7
10,B,PREDATOR,227,-12.279999999999996,228,16.099999999999763,5,2,100.0,42.92250000000014,1,2.7
10,B,PREDATOR,228,-12.409999999999993,241,16.099999999999763,3,2,100.0,71.38000000000008,4,2.7
10,B,PREDATOR,229,-12.369999999999994,237,16.099999999999763,6,2,100.0,37.060000000000144,0,2.7
10,B,PREDATOR,230,-12.469999999999992,247,16.099999999999763,3,2,100.0,45.086249999999964,3,2.7
10,B,PREDATOR,231,-12.189999999999998,219,16.099999999999763,337,2,85.79839762611223,39.28000000000023,1,2.7
10,B,PREDATOR,232,12.071666666666522,289,16.099999999999763,4,2,100.0,33.98624999999998,2,2.7
10,B,PREDATOR,233,-12.459999999999992,246,16.099999999999763,6,2,100.0,43.18000000000005,0,2.7
10,B,PREDATOR,234,-12.57999999999999,258,16.099999999999763,4,2,100.0,51.14249999999966,2,2.7
10,B,PREDATOR,235,-12.319999999999995,232,16.099999999999763,5,2,100.0,44.919999999999916,1,2.7
10,B,PREDATOR,236,-12.259999999999996,226,16.099999999999763,4,2,100.0,56.50499999999968,2,2.7
10,B,PREDATOR,237,-12.259999999999996,226,16.099999999999763,5,2,100.0,48.11249999999994,1,2.7
10,B,PREDATOR,238,-12.309999999999995,231,16.099999999999763,4,2,100.0,43.50999999999998,2,2.7
10,B,PREDATOR,239,-12.309999999999995,231,16.099999999999763,4,2,100.0,54.84999999999964,2,2.7
10,B,PREDATOR,240,-12.159999999999998,216,16.099999999999763,3,2,100.0,61.6162499999996,3,2.7
10,B,PREDATOR,241,11.521666666666258,341,16.099999999999763,4,2,100.0,25.481250000000312,2,2.7
10,B,PREDATOR,242,-12.789999999999985,279,16.099999999999763,4,2,100.0,32.242500000000305,2,2.7
10,B,PREDATOR,243,12.04583333333287,301,16.099999999999763,4,2,100.0,32.84625000000025,2,2.7
10,B,PREDATOR,244,-12.389999999999993,239,16.099999999999763,6,2,100.0,45.66999999999995,0,2.7
10,B,PREDATOR,245,-12.229999999999997,223,16.099999999999763,5,2,100.0,44.080000000000176,1,2.7
10,B,PREDATOR,246,-12.319999999999995,232,16.099999999999763,4,2,100.0,67.64624999999975,2,2.7
10,B,PREDATOR,247,12.115833333333184,294,16.099999999999763,5,2,100.0,33.37000000000007,1,2.7
10,B,PREDATOR,248,11.762499999999777,324,16.099999999999763,3,2,100.0,29.03750000000013,3,2.7
10,B,PREDATOR,249,36.45500000000002,363,16.099999999999763,4,2,100.0,14.440000000000342,2,2.7
10,B,PREDATOR,250,-12.489999999999991,249,16.099999999999763,4,2,100.0,51.010000000000005,3,2.7
10,B,PREDATOR,251,-12.469999999999992,247,16.099999999999763,6,2,100.0,39.610000000000014,0,2.7
10,B,PREDATOR,252,-12.459999999999992,246,16.099999999999763,5,2,100.0,40.72875000000017,1,2.7
10,B,PREDATOR,253,59.272499999998495,487,16.099999999999763,3,1,100.0,0.16000000000016595,3,2.7
10,B,PREDATOR,254,-12.239999999999997,224,16.099999999999763,5,2,100.0,46.13625000000006,1,2.7
10,B,PREDATOR,255,-12.689999999999987,269,16.099999999999763,3,2,100.0,52.090000000000124,3,2.7
10,B,PREDATOR,256,11.339166666666225,342,16.099999999999763,4,2,100.0,24.36000000000022,2,2.7
10,B,PREDATOR,257,34.74000000000058,424,16.099999999999763,0,2,0.0,37.17874999999971,6,2.7
10,B,PREDATOR,258,-13.199999999999976,320,16.099999999999763,6,2,100.0,26.500000000000448,0,2.7
10,B,PREDATOR,259,-12.439999999999992,244,16.099999999999763,6,2,100.0,42.07000000000025,0,2.7
10,B,PREDATOR,260,-12.56999999999999,257,16.099999999999763,3,2,100.0,57.25,3,2.7
10,B,PREDATOR,261,-12.419999999999993,242,16.099999999999763,6,2,100.0,46.809999999999974,0,2.7
10,B,PREDATOR,262,-12.53999999999999,254,16.099999999999763,6,2,100.0,37.57000000000027,0,2.7
10,B,PREDATOR,263,-12.339999999999995,234,16.099999999999763,3,2,99.72999999999998,55.638749999999874,3,2.7
10,B,PREDATOR,264,-12.959999999999981,296,16.099999999999763,6,2,100.0,40.630000000000095,0,2.7
10,B,PREDATOR,265,-13.089999999999979,309,16.099999999999763,4,2,100.0,53.489999999999704,2,2.7
10,B,PREDATOR,266,-12.359999999999994,236,16.099999999999763,5,2,100.0,58.989999999999625,1,2.7
10,B,PREDATOR,267,60.154999999999085,500,16.099999999999763,3,0,100.0,0.0,3,2.7
10,B,PREDATOR,268,-13.389999999999972,339,16.099999999999763,5,2,100.0,34.81875000000022,1,2.7
10,B,PREDATOR,269,11.332499999999532,367,16.099999999999763,2,2,100.0,49.591249999999604,4,2.7
10,B,PREDATOR,270,-12.55999999999999,256,16.099999999999763,6,2,100.0,37.780000000000314,0,2.7
10,B,PREDATOR,271,33.88500000000042,404,16.099999999999763,4,1,100.0,1.4200000000004003,2,2.7
10,B,PREDATOR,272,-11.46,146,16.099999999999763,6,3,100.0,18.160000000000107,0,2.7
10,B,PREDATOR,273,4623.946666666637,500,16.099999999999763,4,42,100.0,88.18232142857136,777,2.7
10,B,PREDATOR,274,-12.669999999999987,267,16.099999999999763,3,2,100.0,45.41625000000014,3,2.7
10,B,PREDATOR,275,11.619999999999527,318,16.099999999999763,2,2,100.0,32.49999999999996,4,2.7
10,B,PREDATOR,276,-12.669999999999987,267,16.099999999999763,3,2,100.0,44.04250000000013,3,2.7
10,B,PREDATOR,277,-12.319999999999995,232,16.099999999999763,4,2,100.0,46.59124999999992,2,2.7
10,B,PREDATOR,278,-12.489999999999991,249,16.099999999999763,4,2,100.0,53.56999999999997,2,2.7
10,B,PREDATOR,279,-12.55999999999999,256,16.099999999999763,5,2,100.0,33.10000000000015,1,2.7
10,B,PREDATOR,280,-12.55999999999999,256,16.099999999999763,6,2,100.0,44.680000000000035,0,2.7
10,B,PREDATOR,281,-12.58999999999999,259,16.099999999999763,5,2,100.0,39.202500000000086,1,2.7
10,B,PREDATOR,282,-12.609999999999989,261,16.099999999999763,4,2,100.0,40.870000000000054,2,2.7
10,B,PREDATOR,283,-12.689999999999987,269,16.099999999999763,2,2,100.0,50.20125000000003,4,2.7
10,B,PREDATOR,284,-12.329999999999995,233,16.099999999999763,5,2,100.0,56.32499999999985,1,2.7
10,B,PREDATOR,285,-12.189999999999998,219,16.099999999999763,3,2,100.0,73.81249999999946,3,2.7
10,B,PREDATOR,286,-12.199999999999998,220,16.099999999999763,4,2,100.0,52.54874999999976,2,2.7
10,B,PREDATOR,287,-12.189999999999998,219,16.099999999999763,4,2,100.0,54.5625,2,2.7
10,B,PREDATOR,288,11.72666666666643,283,16.099999999999763,4,2,100.0,40.74999999999995,2,2.7
10,B,PREDATOR,289,34.96750000000014,470,16.099999999999763,2,2,100.0,10.668749999999923,4,2.7
10,B,PREDATOR,290,-12.439999999999992,244,16.099999999999763,3,2,100.0,65.41000000000015,3,2.7
10,B,PREDATOR,291,61.012500000000195,500,16.099999999999763,1,2,100.0,4.98999999999984,6,2.7
10,B,PREDATOR,292,10.770833333332748,388,16.099999999999763,5,2,100.0,11.140000000000402,1,2.7
10,B,PREDATOR,293,2952.955833333317,500,16.099999999999763,6,41,99.955,86.60243902439014,678,2.7
10,B,PREDATOR,294,-13.159999999999977,316,16.099999999999763,4,2,100.0,50.42624999999965,2,2.7
10,B,PREDATOR,295,11.51499999999969,342,16.099999999999763,3,2,100.0,38.12750000000023,3,2.7
10,B,PREDATOR,296,-12.459999999999992,246,16.099999999999763,5,2,100.0,54.296249999999816,1,2.7
10,B,PREDATOR,297,12.11166666666625,285,16.099999999999763,4,2,100.0,36.609999999999914,2,2.7
10,B,PREDATOR,298,-12.269999999999996,227,16.099999999999763,5,2,100.0,60.32624999999946,1,2.7
10,B,PREDATOR,299,11.436666666666222,339,16.099999999999763,3,2,100.0,47.97999999999974,3,2.7
10,B,PREDATOR,300,11.478333333332882,351,16.099999999999763,5,2,100.0,21.28000000000032,1,2.7
10,B,PREDATOR,301,-12.889999999999983,289,16.099999999999763,5,2,99.892,32.186249999999966,1,2.7
10,B,PREDATOR,302,12.175833333332955,288,16.099999999999763,4,2,100.0,41.688750000000034,2,2.7
10,B,PREDATOR,303,-12.259999999999996,226,16.099999999999763,5,2,100.0,43.012500000000145,1,2.7
10,B,PREDATOR,304,12.018333333332896,297,16.099999999999763,4,2,100.0,34.30875000000032,2,2.7
10,B,PREDATOR,305,11.37833333333281,361,16.099999999999763,4,2,100.0,14.662500000000273,2,2.7
10,B,PREDATOR,306,-12.899999999999983,290,16.099999999999763,6,2,100.0,39.25000000000014,0,2.7
10,B,PREDATOR,307,11.561666666666467,340,16.099999999999763,4,2,100.0,31.316249999999975,2,2.7
10,B,PREDATOR,308,36.05416666666675,364,16.099999999999763,3,2,100.0,19.930000000000113,3,2.7
10,B,PREDATOR,309,35.212499999999785,459,16.099999999999763,2,1,100.0,35.81749999999996,4,2.7
10,B,PREDATOR,310,-12.709999999999987,271,16.099999999999763,3,2,100.0,61.43624999999966,3,2.7
10,B,PREDATOR,311,11.985833333333067,307,16.099999999999763,5,2,100.0,24.310000000000258,1,2.7
10,B,PREDATOR,312,11.778333333332965,313,16.099999999999763,2,2,100.0,38.349999999999994,4,2.7
10,B,PREDATOR,313,10.889166666666073,414,16.099999999999763,4,0,100.0,0.0,2,2.7
10,B,PREDATOR,314,11.662499999999751,334,16.099999999999763,3,2,100.0,26.958750000000194,3,2.7
10,B,PREDATOR,315,-12.339999999999995,234,16.099999999999763,3,2,100.0,69.25124999999943,3,2.7
10,B,PREDATOR,316,-12.169999999999998,217,16.099999999999763,6,2,100.0,45.610000000000234,0,2.7
10,B,PREDATOR,317,-12.159999999999998,216,16.099999999999763,4,2,100.0,52.628749999999954,2,2.7
10,B,PREDATOR,318,-12.209999999999997,221,16.099999999999763,4,2,100.0,69.36999999999921,2,2.7
10,B,PREDATOR,319,-12.659999999999988,266,16.099999999999763,5,2,100.0,33.378750000000096,1,2.7
10,B,PREDATOR,320,-12.389999999999993,239,16.099999999999763,4,2,100.0,42.382500000000135,2,2.7
10,B,PREDATOR,321,-12.209999999999997,221,16.099999999999763,6,2,100.0,40.48000000000038,0,2.7
10,B,PREDATOR,322,11.209166666666379,374,16.099999999999763,1,2,100.0,36.608750000000015,5,2.7
10,B,PREDATOR,323,-12.909999999999982,291,16.099999999999763,1,2,100.0,50.00249999999965,5,2.7
10,B,PREDATOR,324,11.478333333332854,324,16.099999999999763,4,2,100.0,36.35249999999993,2,2.7
10,B,PREDATOR,325,6306.264166666636,500,16.099999999999763,305,14,65.14245901639325,93.51999999999995,485,2.7
10,B,PREDATOR,326,-12.53999999999999,254,16.099999999999763,6,2,100.0,44.620000000000076,0,2.7
10,B,PREDATOR,327,-12.499999999999991,250,16.099999999999763,4,2,100.0,48.32625000000005,2,2.7
10,B,PREDATOR,328,-12.429999999999993,243,16.099999999999763,5,2,100.0,42.17250000000012,1,2.7
10,B,PREDATOR,329,11.346666666666158,366,16.099999999999763,4,2,100.0,33.429999999999666,2,2.7
10,B,PREDATOR,330,-12.159999999999998,216,16.099999999999763,6,2,100.0,36.580000000000155,0,2.7
10,B,PREDATOR,331,-12.239999999999997,224,16.099999999999763,5,2,100.0,41.902500000000174,1,2.7
10,B,PREDATOR,332,-12.279999999999996,228,16.099999999999763,5,0,99.892,0.0,1,2.7
10,B,PREDATOR,333,-12.189999999999998,219,16.099999999999763,5,2,100.0,46.10249999999992,1,2.7
10,B,PREDATOR,334,-12.709999999999987,271,16.099999999999763,4,2,100.0,44.63249999999988,2,2.7
10,B,PREDATOR,335,-12.659999999999988,266,16.099999999999763,6,2,100.0,32.08000000000034,0,2.7
10,B,PREDATOR,336,-12.409999999999993,241,16.099999999999763,6,2,100.0,33.43000000000001,0,2.7
10,B,PREDATOR,337,-12.289999999999996,229,16.099999999999763,6,2,100.0,37.57000000000027,0,2.7
10,B,PREDATOR,338,-12.259999999999996,226,16.099999999999763,6,2,100.0,43.630000000000166,0,2.7
10,B,PREDATOR,339,-12.269999999999996,227,16.099999999999763,5,2,99.946,39.85875000000015,1,2.7
10,B,PREDATOR,340,-12.319999999999995,232,16.099999999999763,5,2,100.0,44.84250000000004,1,2.7
10,B,PREDATOR,341,-12.439999999999992,244,16.099999999999763,4,2,100.0,52.998749999999816,2,2.7
10,B,PREDATOR,342,11.301666666666142,366,16.099999999999763,4,2,100.0,21.969999999999935,2,2.7
10,B,PREDATOR,343,60.37499999999968,445,16.099999999999763,3,0,100.0,0.0,3,2.7
10,B,PREDATOR,344,-12.659999999999988,266,16.099999999999763,6,2,100.0,41.68000000000023,0,2.7
10,B,PREDATOR,345,-12.309999999999995,231,16.099999999999763,5,2,100.0,50.21249999999995,1,2.7
10,B,PREDATOR,346,36.386666666666756,378,16.099999999999763,3,1,100.0,25.360000000000042,3,2.7
10,B,PREDATOR,347,-12.709999999999987,271,16.099999999999763,3,2,100.0,52.14999999999939,3,2.7
10,B,PREDATOR,348,-12.679999999999987,268,16.099999999999763,5,2,100.0,32.830000000000254,1,2.7
10,B,PREDATOR,349,94.69583333333165,500,16.099999999999763,2,1,100.0,42.57999999999969,4,2.7
10,B,PREDATOR,350,-12.239999999999997,224,16.099999999999763,3,2,100.0,66.61749999999961,3,2.7
