cycle,phase,agent_type,episode,reward,steps,eval_reward,prey_population,predator_population,avg_prey_energy,avg_predator_energy,predation_events,eval_predation_events
1,A,PREY,1,-0.9199999999999715,170,70.1669999999997,6,0,25.34166666666702,0.0,0,0.2
1,A,PREY,2,-2.8899999999999775,171,70.1669999999997,6,0,18.525000000000325,0.0,0,0.2
1,A,PREY,3,-2.869999999999978,169,70.1669999999997,5,1,27.060000000000354,21.23750000000043,1,0.2
1,A,PREY,4,-1.4399999999999675,173,70.1669999999997,6,0,24.61666666666702,0.0,0,0.2
1,A,PREY,5,-2.8799999999999706,170,70.1669999999997,6,0,31.641666666667017,0.0,0,0.2
1,A,PREY,6,-4.309999999999983,166,70.1669999999997,5,1,27.630000000000344,15.387500000000614,1,0.2
1,A,PREY,7,-7.4499999999999975,88,70.1669999999997,6,2,43.525000000000254,44.475000000000456,1,0.2
1,A,PREY,8,-4.3099999999999845,166,70.1669999999997,6,0,26.691666666667,0.0,0,0.2
1,A,PREY,9,-1.3999999999999684,169,70.1669999999997,6,0,19.12500000000033,0.0,0,0.2
1,A,PREY,10,-2.369999999999978,168,70.1669999999997,6,0,32.75833333333372,0.0,0,0.2
1,A,PREY,11,2.0200000000000298,170,70.1669999999997,6,0,38.7000000000004,0.0,0,0.2
1,A,PREY,12,-1.8899999999999668,169,70.1669999999997,6,0,35.600000000000314,0.0,0,0.2
1,A,PREY,13,3.470000000000036,172,70.1669999999997,6,0,18.000000000000316,0.0,0,0.2
1,A,PREY,14,-0.41999999999996973,169,70.1669999999997,6,1,25.716666666666995,0.10000000000044673,0,0.2
1,A,PREY,15,-3.819999999999972,166,70.1669999999997,6,1,33.408333333333694,1.6000000000004468,0,0.2
1,A,PREY,16,-2.8399999999999697,166,70.1669999999997,6,1,31.86666666666704,0.10000000000044673,0,0.2
1,A,PREY,17,-1.8999999999999773,170,70.1669999999997,6,0,31.63333333333371,0.0,0,0.2
1,A,PREY,18,4.9300000000000335,173,70.1669999999997,5,1,32.02000000000027,14.5000000000006,1,0.2
1,A,PREY,19,5.400000000000038,175,70.1669999999997,6,0,17.300000000000324,0.0,0,0.2
1,A,PREY,20,7.350000000000003,176,70.1669999999997,6,0,29.916666666667037,0.0,0,0.2
1,A,PREY,21,7.850000000000003,175,70.1669999999997,6,0,17.225000000000325,0.0,0,0.2
1,A,PREY,22,3.9400000000000333,174,70.1669999999997,6,0,30.90833333333371,0.0,0,0.2
1,A,PREY,23,8.83000000000001,175,70.1669999999997,6,1,30.433333333333696,0.10000000000044673,0,0.2
1,A,PREY,24,2.0000000000000338,172,70.1669999999997,6,0,18.125000000000323,0.0,0,0.2
1,A,PREY,25,5.410000000000032,174,70.1669999999997,6,0,22.700000000000347,0.0,0,0.2
1,A,PREY,26,4.950000000000035,171,70.1669999999997,6,0,18.65000000000033,0.0,0,0.2
1,A,PREY,27,12.239999999999975,177,70.1669999999997,6,0,26.87500000000038,0.0,0,0.2
1,A,PREY,28,10.76999999999999,177,70.1669999999997,5,1,32.75000000000036,19.137500000000703,1,0.2
1,A,PREY,29,3.4500000000000313,174,70.1669999999997,6,1,24.291666666667002,1.3000000000004468,0,0.2
1,A,PREY,30,8.82000000000001,176,70.1669999999997,6,0,23.22500000000034,0.0,0,0.2
1,A,PREY,31,13.229999999999928,176,70.1669999999997,6,0,30.383333333333713,0.0,0,0.2
1,A,PREY,32,9.810000000000015,175,70.1669999999997,6,0,23.99166666666702,0.0,0,0.2
1,A,PREY,33,3.4300000000000352,176,70.1669999999997,5,1,17.050000000000324,19.800000000000733,1,0.2
1,A,PREY,34,6.410000000000034,172,70.1669999999997,6,0,38.00000000000039,0.0,0,0.2
1,A,PREY,35,7.380000000000029,173,70.1669999999997,6,0,36.6500000000003,0.0,0,0.2
1,A,PREY,36,9.8,176,70.1669999999997,6,0,23.00000000000034,0.0,0,0.2
1,A,PREY,37,3.940000000000035,174,70.1669999999997,6,0,24.316666666667018,0.0,0,0.2
1,A,PREY,38,2.9900000000000375,171,70.1669999999997,5,1,18.340000000000323,10.062500000000604,1,0.2
1,A,PREY,39,4.450000000000037,172,70.1669999999997,6,0,31.358333333333704,0.0,0,0.2
1,A,PREY,40,11.229999999999992,180,70.1669999999997,6,0,22.59166666666702,0.0,0,0.2
1,A,PREY,41,7.390000000000024,172,70.1669999999997,6,0,18.325000000000326,0.0,0,0.2
1,A,PREY,42,54.67000000000018,276,70.1669999999997,1,0,26.900000000000727,0.0,0,0.2
1,A,PREY,43,8.849999999999996,173,70.1669999999997,6,0,24.46666666666702,0.0,0,0.2
1,A,PREY,44,10.759999999999964,178,70.1669999999997,6,0,23.166666666667012,0.0,0,0.2
1,A,PREY,45,12.229999999999995,178,70.1669999999997,6,0,23.116666666666998,0.0,0,0.2
1,A,PREY,46,10.770000000000005,177,70.1669999999997,6,0,23.366666666667015,0.0,0,0.2
1,A,PREY,47,9.800000000000002,176,70.1669999999997,6,0,30.308333333333703,0.0,0,0.2
1,A,PREY,48,11.749999999999966,177,70.1669999999997,6,0,28.86666666666703,0.0,0,0.2
1,A,PREY,49,15.619999999999976,182,70.1669999999997,6,0,20.450000000000347,0.0,0,0.2
1,A,PREY,50,9.319999999999945,175,70.1669999999997,6,0,23.86666666666702,0.0,0,0.2
1,A,PREY,51,1.0600000000000307,168,70.1669999999997,6,0,25.400000000000347,0.0,0,0.2
1,A,PREY,52,15.659999999999956,178,70.1669999999997,6,0,36.083333333333705,0.0,0,0.2
1,A,PREY,53,11.279999999999992,175,70.1669999999997,5,1,17.380000000000326,18.725000000000687,1,0.2
1,A,PREY,54,15.64999999999999,179,70.1669999999997,6,0,29.3583333333337,0.0,0,0.2
1,A,PREY,55,12.23999999999995,177,70.1669999999997,6,0,16.750000000000323,0.0,0,0.2
1,A,PREY,56,15.170000000000009,178,70.1669999999997,5,1,25.90000000000031,16.77500000000069,1,0.2
1,A,PREY,57,11.769999999999952,175,70.1669999999997,6,0,17.325000000000326,0.0,0,0.2
1,A,PREY,58,34.30000000000003,59,70.1669999999997,6,2,52.175000000000175,67.92500000000027,1,0.2
1,A,PREY,59,10.299999999999999,175,70.1669999999997,6,0,23.96666666666702,0.0,0,0.2
1,A,PREY,60,7.400000000000018,171,70.1669999999997,5,1,25.860000000000344,20.000000000000696,1,0.2
1,A,PREY,61,8.849999999999985,173,70.1669999999997,6,0,17.925000000000328,0.0,0,0.2
1,A,PREY,62,12.24999999999996,176,70.1669999999997,6,0,22.350000000000346,0.0,0,0.2
1,A,PREY,63,23.43999999999992,184,70.1669999999997,6,0,21.266666666667017,0.0,0,0.2
1,A,PREY,64,13.199999999999994,179,70.1669999999997,6,0,16.05000000000032,0.0,0,0.2
1,A,PREY,65,14.179999999999941,179,70.1669999999997,6,0,16.10000000000032,0.0,0,0.2
1,A,PREY,66,17.099999999999923,181,70.1669999999997,6,0,28.933333333333678,0.0,0,0.2
1,A,PREY,67,17.599999999999945,180,70.1669999999997,5,1,22.150000000000354,10.275000000000713,1,0.2
1,A,PREY,68,17.58999999999996,181,70.1669999999997,6,0,21.841666666667006,0.0,0,0.2
1,A,PREY,69,16.63999999999995,178,70.1669999999997,6,0,16.50000000000032,0.0,0,0.2
1,A,PREY,70,15.15999999999996,179,70.1669999999997,6,0,22.816666666666993,0.0,0,0.2
1,A,PREY,71,16.129999999999953,180,70.1669999999997,6,0,21.51666666666701,0.0,0,0.2
1,A,PREY,72,42.70000000000002,101,70.1669999999997,5,2,39.55000000000028,50.98125000000057,2,0.2
1,A,PREY,73,14.179999999999993,179,70.1669999999997,6,0,22.300000000000338,0.0,0,0.2
1,A,PREY,74,14.67999999999992,178,70.1669999999997,6,0,23.11666666666702,0.0,0,0.2
1,A,PREY,75,13.209999999999928,178,70.1669999999997,3,2,16.250000000000323,25.631250000000737,3,0.2
1,A,PREY,76,18.55999999999996,182,70.1669999999997,6,0,21.941666666667018,0.0,0,0.2
1,A,PREY,77,18.10999999999993,178,70.1669999999997,6,0,23.116666666667015,0.0,0,0.2
1,A,PREY,78,17.569999999999908,183,70.1669999999997,6,0,14.850000000000316,0.0,0,0.2
1,A,PREY,79,18.089999999999918,180,70.1669999999997,6,1,15.82500000000032,2.5000000000004468,0,0.2
1,A,PREY,80,26.349999999999966,187,70.1669999999997,4,1,38.262500000000344,45.775000000001015,3,0.2
1,A,PREY,81,28.809999999999942,186,70.1669999999997,5,1,13.900000000000315,13.100000000000694,1,0.2
1,A,PREY,82,16.12999999999991,180,70.1669999999997,6,0,15.750000000000313,0.0,0,0.2
1,A,PREY,83,10.309999999999958,174,70.1669999999997,5,1,17.530000000000324,11.925000000000669,1,0.2
1,A,PREY,84,22.94999999999996,184,70.1669999999997,6,0,14.47500000000032,0.0,0,0.2
1,A,PREY,85,28.269999999999975,191,70.1669999999997,6,0,19.066666666667,0.0,0,0.2
1,A,PREY,86,26.859999999999978,185,70.1669999999997,6,0,23.55000000000031,0.0,0,0.2
1,A,PREY,87,23.929999999999957,184,70.1669999999997,6,0,23.100000000000296,0.0,0,0.2
1,A,PREY,88,31.729999999999947,188,70.1669999999997,6,0,20.166666666666984,0.0,0,0.2
1,A,PREY,89,32.17999999999995,192,70.1669999999997,5,1,20.10000000000036,8.000000000000682,1,0.2
1,A,PREY,90,25.869999999999983,186,70.1669999999997,6,0,13.950000000000315,0.0,0,0.2
1,A,PREY,91,31.709999999999937,190,70.1669999999997,6,0,19.566666666667015,0.0,0,0.2
1,A,PREY,92,25.399999999999928,184,70.1669999999997,6,0,14.575000000000317,0.0,0,0.2
1,A,PREY,93,28.789999999999964,188,70.1669999999997,6,0,13.350000000000314,0.0,0,0.2
1,A,PREY,94,27.329999999999984,187,70.1669999999997,5,1,21.780000000000353,13.400000000000695,1,0.2
1,A,PREY,95,18.099999999999945,179,70.1669999999997,6,0,22.84166666666701,0.0,0,0.2
1,A,PREY,96,25.859999999999964,187,70.1669999999997,6,0,20.19166666666702,0.0,0,0.2
1,A,PREY,97,28.79999999999997,187,70.1669999999997,6,0,13.750000000000313,0.0,0,0.2
1,A,PREY,98,33.18999999999994,189,70.1669999999997,6,0,25.29166666666703,0.0,0,0.2
1,A,PREY,99,15.609999999999909,183,70.1669999999997,6,0,32.96666666666706,0.0,0,0.2
1,A,PREY,100,22.940000000000005,185,70.1669999999997,6,0,14.300000000000317,0.0,0,0.2
1,A,PREY,101,26.349999999999966,187,70.1669999999997,6,0,26.858333333333714,0.0,0,0.2
1,A,PREY,102,32.68999999999997,190,70.1669999999997,6,0,19.366666666667015,0.0,0,0.2
1,A,PREY,103,31.219999999999953,190,70.1669999999997,5,1,20.110000000000348,15.150000000000713,1,0.2
1,A,PREY,104,23.450000000000067,183,70.1669999999997,6,0,28.141666666667035,0.0,0,0.2
1,A,PREY,105,76.5999999999997,288,70.1669999999997,1,0,22.700000000000447,0.0,1,0.2
1,A,PREY,106,22.479999999999905,182,70.1669999999997,6,0,21.791666666667016,0.0,0,0.2
1,A,PREY,107,32.66999999999999,192,70.1669999999997,6,0,18.791666666667012,0.0,0,0.2
1,A,PREY,108,33.66999999999992,190,70.1669999999997,6,0,19.441666666667015,0.0,0,0.2
1,A,PREY,109,34.629999999999974,192,70.1669999999997,6,0,18.941666666667018,0.0,0,0.2
1,A,PREY,110,33.15999999999997,192,70.1669999999997,6,0,12.175000000000312,0.0,0,0.2
1,A,PREY,111,25.40000000000005,184,70.1669999999997,5,1,14.620000000000317,18.200000000000706,1,0.2
1,A,PREY,112,19.529999999999887,183,70.1669999999997,6,0,20.85000000000034,0.0,0,0.2
1,A,PREY,113,20.039999999999896,181,70.1669999999997,5,1,15.550000000000319,19.88750000000071,1,0.2
1,A,PREY,114,25.410000000000053,183,70.1669999999997,6,0,28.258333333333677,0.0,0,0.2
1,A,PREY,115,26.860000000000042,185,70.1669999999997,5,1,22.200000000000358,8.212500000000595,1,0.2
1,A,PREY,116,27.810000000000073,188,70.1669999999997,6,0,26.30833333333369,0.0,0,0.2
1,A,PREY,117,32.159999999999954,194,70.1669999999997,5,1,11.620000000000308,9.125000000000679,1,0.2
1,A,PREY,118,24.39000000000006,187,70.1669999999997,6,0,13.625000000000314,0.0,0,0.2
1,A,PREY,119,20.499999999999922,184,70.1669999999997,6,0,14.47500000000032,0.0,0,0.2
1,A,PREY,120,20.499999999999908,184,70.1669999999997,5,1,14.500000000000316,2.150000000000613,1,0.2
1,A,PREY,121,21.980000000000032,183,70.1669999999997,6,0,34.95000000000035,0.0,0,0.2
1,A,PREY,122,25.350000000000048,189,70.1669999999997,6,0,19.841666666667,0.0,0,0.2
1,A,PREY,123,73.2099999999998,284,70.1669999999997,0,0,0.0,0.0,0,0.2
1,A,PREY,124,21.98999999999996,182,70.1669999999997,6,0,31.26666666666701,0.0,0,0.2
1,A,PREY,125,24.910000000000046,184,70.1669999999997,6,0,14.675000000000319,0.0,0,0.2
1,A,PREY,126,29.779999999999944,187,70.1669999999997,6,0,13.225000000000316,0.0,0,0.2
1,A,PREY,127,39.49999999999993,195,70.1669999999997,6,0,11.27500000000031,0.0,0,0.2
1,A,PREY,128,40.96999999999994,195,70.1669999999997,5,1,35.32000000000045,8.600000000000485,1,0.2
1,A,PREY,129,32.200000000000045,190,70.1669999999997,5,1,12.820000000000311,4.137500000000608,1,0.2
1,A,PREY,130,42.41999999999996,197,70.1669999999997,5,0,10.720000000000306,0.0,1,0.2
1,A,PREY,131,37.55999999999993,193,70.1669999999997,6,0,25.158333333333715,0.0,0,0.2
1,A,PREY,132,24.39000000000007,187,70.1669999999997,6,0,13.700000000000317,0.0,0,0.2
1,A,PREY,133,14.039999999999928,144,70.1669999999997,6,2,26.600000000000346,11.737500000000487,1,0.2
1,A,PREY,134,21.009999999999895,182,70.1669999999997,6,0,21.81666666666702,0.0,0,0.2
1,A,PREY,135,23.430000000000057,185,70.1669999999997,6,0,34.25000000000042,0.0,0,0.2
1,A,PREY,136,22.459999999999937,184,70.1669999999997,6,0,27.84166666666702,0.0,0,0.2
1,A,PREY,137,23.42000000000006,186,70.1669999999997,6,0,14.100000000000316,0.0,0,0.2
1,A,PREY,138,27.799999999999923,189,70.1669999999997,5,1,21.09000000000036,11.000000000000409,1,0.2
1,A,PREY,139,29.74000000000003,191,70.1669999999997,6,0,18.891666666666982,0.0,0,0.2
1,A,PREY,140,26.31000000000006,191,70.1669999999997,6,0,19.09166666666702,0.0,0,0.2
1,A,PREY,141,28.32000000000008,186,70.1669999999997,6,0,14.050000000000315,0.0,0,0.2
1,A,PREY,142,35.12000000000001,192,70.1669999999997,6,0,37.200000000000394,0.0,0,0.2
1,A,PREY,143,42.91999999999993,196,70.1669999999997,6,0,19.55000000000031,0.0,0,0.2
1,A,PREY,144,39.029999999999966,193,70.1669999999997,6,0,20.600000000000318,0.0,0,0.2
1,A,PREY,145,42.92999999999993,195,70.1669999999997,6,0,11.350000000000309,0.0,0,0.2
1,A,PREY,146,36.08999999999996,193,70.1669999999997,5,1,27.950000000000387,9.400000000000588,1,0.2
1,A,PREY,147,43.87999999999992,198,70.1669999999997,6,0,16.050000000000338,0.0,0,0.2
1,A,PREY,148,40.00999999999992,193,70.1669999999997,6,0,11.800000000000312,0.0,0,0.2
1,A,PREY,149,42.42999999999992,196,70.1669999999997,6,0,24.408333333333697,0.0,0,0.2
1,A,PREY,150,27.320000000000057,188,70.1669999999997,5,1,13.300000000000315,6.700000000000586,1,0.2
1,A,PREY,151,33.14000000000004,194,70.1669999999997,6,0,11.600000000000309,0.0,0,0.2
1,A,PREY,152,17.09999999999993,181,70.1669999999997,6,0,22.041666666667016,0.0,0,0.2
1,A,PREY,153,43.40999999999989,196,70.1669999999997,6,0,17.716666666667,0.0,0,0.2
1,A,PREY,154,43.88999999999988,197,70.1669999999997,6,0,17.241666666667015,0.0,0,0.2
1,A,PREY,155,44.389999999999894,196,70.1669999999997,6,0,10.90000000000031,0.0,0,0.2
1,A,PREY,156,49.72999999999986,201,70.1669999999997,6,0,9.450000000000307,0.0,0,0.2
1,A,PREY,157,41.44999999999992,196,70.1669999999997,6,0,23.491666666666998,0.0,0,0.2
1,A,PREY,158,30.230000000000047,191,70.1669999999997,6,0,24.991666666667044,0.0,0,0.2
1,A,PREY,159,27.310000000000045,189,70.1669999999997,6,0,13.025000000000313,0.0,0,0.2
1,A,PREY,160,40.46999999999994,196,70.1669999999997,6,0,11.07500000000031,0.0,0,0.2
1,A,PREY,161,37.54000000000002,195,70.1669999999997,5,1,19.350000000000357,1.3875000000006656,1,0.2
1,A,PREY,162,20.019999999999925,183,70.1669999999997,5,1,14.860000000000317,15.33750000000073,1,0.2
1,A,PREY,163,27.319999999999986,188,70.1669999999997,4,0,33.48750000000042,0.0,0,0.2
1,A,PREY,164,42.919999999999916,196,70.1669999999997,6,0,11.125000000000307,0.0,0,0.2
1,A,PREY,165,24.43000000000005,183,70.1669999999997,6,0,14.725000000000316,0.0,0,0.2
1,A,PREY,166,30.720000000000056,191,70.1669999999997,6,0,12.525000000000311,0.0,0,0.2
1,A,PREY,167,36.1,192,70.1669999999997,6,0,12.17500000000031,0.0,0,0.2
1,A,PREY,168,51.68999999999986,201,70.1669999999997,6,0,22.783333333333715,0.0,0,0.2
1,A,PREY,169,50.2199999999999,201,70.1669999999997,6,0,16.091666666667013,0.0,0,0.2
1,A,PREY,170,20.999999999999872,183,70.1669999999997,6,0,21.616666666667015,0.0,0,0.2
1,A,PREY,171,14.209999999999848,176,70.1669999999997,6,0,30.041666666667016,0.0,0,0.2
1,A,PREY,172,33.170000000000016,191,70.1669999999997,6,0,12.475000000000312,0.0,0,0.2
1,A,PREY,173,32.18000000000005,192,70.1669999999997,6,0,12.100000000000309,0.0,0,0.2
1,A,PREY,174,38.530000000000015,194,70.1669999999997,6,0,18.216666666666985,0.0,0,0.2
1,A,PREY,175,36.11,191,70.1669999999997,6,0,12.525000000000313,0.0,0,0.2
1,A,PREY,176,31.22000000000005,190,70.1669999999997,6,0,19.266666666666993,0.0,0,0.2
1,A,PREY,177,33.17000000000001,191,70.1669999999997,6,0,19.091666666667017,0.0,0,0.2
1,A,PREY,178,40.489999999999974,194,70.1669999999997,6,0,11.62500000000031,0.0,0,0.2
1,A,PREY,179,49.72999999999989,201,70.1669999999997,6,0,9.375000000000304,0.0,0,0.2
1,A,PREY,180,51.209999999999894,200,70.1669999999997,6,0,22.883333333333724,0.0,0,0.2
1,A,PREY,181,38.07,191,70.1669999999997,5,1,28.55000000000038,7.4000000000006825,1,0.2
1,A,PREY,182,38.07000000000001,191,70.1669999999997,5,0,20.430000000000355,0.0,1,0.2
1,A,PREY,183,33.67000000000004,190,70.1669999999997,6,0,18.025000000000343,0.0,0,0.2
1,A,PREY,184,39.02999999999999,193,70.1669999999997,5,1,19.830000000000357,5.900000000000683,1,0.2
1,A,PREY,185,54.58999999999985,205,70.1669999999997,6,0,21.60833333333366,0.0,0,0.2
1,A,PREY,186,48.239999999999924,203,70.1669999999997,6,0,22.183333333333675,0.0,0,0.2
1,A,PREY,187,45.349999999999866,198,70.1669999999997,6,0,10.375000000000307,0.0,0,0.2
1,A,PREY,188,51.20999999999986,200,70.1669999999997,6,0,9.700000000000307,0.0,0,0.2
1,A,PREY,189,41.459999999999894,195,70.1669999999997,6,0,11.200000000000308,0.0,0,0.2
1,A,PREY,190,56.54999999999986,205,70.1669999999997,6,0,32.15833333333368,0.0,0,0.2
1,A,PREY,191,60.92999999999989,208,70.1669999999997,6,0,7.450000000000302,0.0,0,0.2
1,A,PREY,192,52.649999999999864,203,70.1669999999997,6,0,21.666666666667055,0.0,0,0.2
1,A,PREY,193,39.49,196,70.1669999999997,6,0,19.750000000000316,0.0,0,0.2
1,A,PREY,194,33.65000000000003,192,70.1669999999997,6,0,18.96666666666702,0.0,0,0.2
1,A,PREY,195,30.25999999999999,188,70.1669999999997,6,0,20.016666666667017,0.0,0,0.2
1,A,PREY,196,52.66999999999983,201,70.1669999999997,6,0,16.166666666667016,0.0,0,0.2
1,A,PREY,197,33.18000000000005,190,70.1669999999997,5,1,20.850000000000357,2.200000000000589,1,0.2
1,A,PREY,198,52.17999999999989,201,70.1669999999997,5,1,17.49000000000033,6.087500000000655,1,0.2
1,A,PREY,199,35.610000000000035,192,70.1669999999997,6,0,18.741666666666994,0.0,0,0.2
1,A,PREY,200,30.740000000000045,189,70.1669999999997,6,0,12.75000000000031,0.0,0,0.2
1,A,PREY,201,35.59000000000002,194,70.1669999999997,6,0,17.250000000000345,0.0,0,0.2
1,A,PREY,202,42.42999999999992,196,70.1669999999997,6,0,24.23333333333372,0.0,0,0.2
1,A,PREY,203,157.29,334,70.1669999999997,0,0,0.0,0.0,0,0.2
1,A,PREY,204,46.319999999999936,199,70.1669999999997,4,1,30.11250000000039,5.750000000000647,2,0.2
1,A,PREY,205,33.17000000000002,191,70.1669999999997,6,0,25.708333333333716,0.0,0,0.2
1,A,PREY,206,25.890000000000022,184,70.1669999999997,6,0,20.17500000000034,0.0,0,0.2
1,A,PREY,207,5.93,171,70.1669999999997,6,0,18.600000000000325,0.0,0,0.2
1,A,PREY,208,22.46,184,70.1669999999997,6,0,26.175000000000292,0.0,0,0.2
1,A,PREY,209,37.56999999999992,192,70.1669999999997,6,0,12.20000000000031,0.0,0,0.2
1,A,PREY,210,18.07999999999987,181,70.1669999999997,6,0,27.691666666667032,0.0,0,0.2
1,A,PREY,211,-9.08,6,70.1669999999997,6,2,68.17500000000003,90.45000000000003,1,0.2
1,A,PREY,212,26.87000000000005,184,70.1669999999997,6,0,21.266666666667017,0.0,0,0.2
1,A,PREY,213,41.93999999999999,196,70.1669999999997,6,0,23.70000000000027,0.0,0,0.2
1,A,PREY,214,30.720000000000027,191,70.1669999999997,6,0,19.116666666666994,0.0,0,0.2
1,A,PREY,215,35.11000000000002,193,70.1669999999997,6,0,24.800000000000278,0.0,0,0.2
1,A,PREY,216,42.409999999999954,198,70.1669999999997,6,0,10.175000000000306,0.0,0,0.2
1,A,PREY,217,41.90999999999997,199,70.1669999999997,6,0,16.791666666666973,0.0,0,0.2
1,A,PREY,218,40.449999999999996,198,70.1669999999997,6,0,10.475000000000309,0.0,0,0.2
1,A,PREY,219,43.37999999999997,199,70.1669999999997,6,0,16.550000000000335,0.0,0,0.2
1,A,PREY,220,42.32,207,70.1669999999997,6,0,14.466666666667017,0.0,0,0.2
1,A,PREY,221,47.29999999999996,199,70.1669999999997,6,0,10.050000000000308,0.0,0,0.2
1,A,PREY,222,39.53000000000002,192,70.1669999999997,5,1,20.220000000000358,5.200000000000587,1,0.2
1,A,PREY,223,35.15000000000002,189,70.1669999999997,6,0,12.975000000000314,0.0,0,0.2
1,A,PREY,224,60.90999999999992,210,70.1669999999997,6,0,19.708333333333727,0.0,0,0.2
1,A,PREY,225,64.81999999999988,211,70.1669999999997,6,0,6.525000000000303,0.0,0,0.2
1,A,PREY,226,64.81999999999991,211,70.1669999999997,6,0,13.091666666667019,0.0,0,0.2
1,A,PREY,227,66.76999999999994,212,70.1669999999997,6,0,19.533333333333704,0.0,0,0.2
1,A,PREY,228,63.83999999999989,211,70.1669999999997,6,0,13.216666666666974,0.0,0,0.2
1,A,PREY,229,60.43999999999988,208,70.1669999999997,6,0,12.60000000000035,0.0,0,0.2
1,A,PREY,230,56.059999999999825,205,70.1669999999997,6,0,8.425000000000301,0.0,0,0.2
1,A,PREY,231,58.98999999999983,206,70.1669999999997,5,1,14.950000000000353,3.612500000000682,1,0.2
1,A,PREY,232,58.02999999999985,204,70.1669999999997,6,0,18.100000000000307,0.0,0,0.2
1,A,PREY,233,57.9999999999999,207,70.1669999999997,6,0,19.566666666667064,0.0,0,0.2
1,A,PREY,234,57.03999999999986,205,70.1669999999997,6,0,8.275000000000304,0.0,0,0.2
1,A,PREY,235,59.95999999999985,207,70.1669999999997,5,1,7.510000000000301,2.0000000000004725,1,0.2
1,A,PREY,236,55.579999999999885,204,70.1669999999997,6,0,8.525000000000302,0.0,0,0.2
1,A,PREY,237,44.86000000000001,198,70.1669999999997,5,1,23.350000000000293,0.10000000000058884,1,0.2
1,A,PREY,238,42.89999999999999,198,70.1669999999997,6,0,29.983333333333704,0.0,0,0.2
1,A,PREY,239,58.99999999999987,205,70.1669999999997,6,0,8.050000000000301,0.0,0,0.2
1,A,PREY,240,43.40999999999999,196,70.1669999999997,6,0,30.325000000000376,0.0,0,0.2
1,A,PREY,241,49.72999999999995,201,70.1669999999997,6,0,9.375000000000304,0.0,0,0.2
1,A,PREY,242,43.80000000000001,206,70.1669999999997,6,0,13.875000000000336,0.0,0,0.2
1,A,PREY,243,54.0899999999999,206,70.1669999999997,6,0,8.100000000000302,0.0,0,0.2
1,A,PREY,244,63.839999999999876,211,70.1669999999997,6,0,13.141666666666984,0.0,0,0.2
1,A,PREY,245,47.78999999999989,199,70.1669999999997,5,0,18.120000000000356,0.0,1,0.2
1,A,PREY,246,54.119999999999834,203,70.1669999999997,6,0,8.675000000000303,0.0,0,0.2
1,A,PREY,247,46.33999999999992,197,70.1669999999997,6,0,10.525000000000306,0.0,0,0.2
1,A,PREY,248,58.98999999999985,206,70.1669999999997,6,0,21.208333333333698,0.0,0,0.2
1,A,PREY,249,39.519999999999996,193,70.1669999999997,4,1,21.062500000000355,10.700000000000689,2,0.2
1,A,PREY,250,39.99999999999999,194,70.1669999999997,6,0,31.30833333333375,0.0,0,0.2
1,B,PREDATOR,1,-0.8099999999999685,159,93.66499999999995,6,2,35.483333333333704,37.15000000000045,0,0.0
1,B,PREDATOR,2,-4.239999999999974,159,93.66499999999995,6,2,28.74166666666702,36.70000000000046,0,0.0
1,B,PREDATOR,3,-2.279999999999971,159,93.66499999999995,6,2,28.791666666667023,36.850000000000456,0,0.0
1,B,PREDATOR,4,21.916666666666572,203,93.66499999999995,5,2,4.900000000000315,23.80000000000048,1,0.0
1,B,PREDATOR,5,-3.2499999999999822,158,93.66499999999995,6,2,29.11666666666702,37.30000000000045,0,0.0
1,B,PREDATOR,6,-1.3299999999999716,162,93.66499999999995,6,2,31.250000000000302,35.65000000000047,0,0.0
1,B,PREDATOR,7,-3.7499999999999734,159,93.66499999999995,6,2,35.5083333333337,36.850000000000456,0,0.0
1,B,PREDATOR,8,-0.8199999999999736,160,93.66499999999995,6,2,28.61666666666702,36.70000000000046,0,0.0
1,B,PREDATOR,9,-2.779999999999978,160,93.66499999999995,6,2,28.566666666667018,36.40000000000046,0,0.0
1,B,PREDATOR,10,24.33166666666662,206,93.66499999999995,5,2,9.580000000000366,22.900000000000478,1,0.0
1,B,PREDATOR,11,0.6300000000000292,162,93.66499999999995,6,2,21.22500000000033,35.800000000000466,0,0.0
1,B,PREDATOR,12,-2.2999999999999723,161,93.66499999999995,6,2,28.141666666667017,36.40000000000046,0,0.0
1,B,PREDATOR,13,0.650000000000027,160,93.66499999999995,6,2,21.650000000000333,36.850000000000456,0,0.0
1,B,PREDATOR,14,-3.3299999999999788,166,93.66499999999995,6,2,26.716666666667,34.750000000000476,0,0.0
1,B,PREDATOR,15,1.1100000000000296,163,93.66499999999995,6,2,20.750000000000323,35.800000000000466,0,0.0
1,B,PREDATOR,16,1.59000000000003,164,93.66499999999995,6,2,20.65000000000033,35.50000000000047,0,0.0
1,B,PREDATOR,17,-1.8799999999999706,168,93.66499999999995,6,2,32.016666666667035,34.30000000000048,0,0.0
1,B,PREDATOR,18,3.9600000000000257,172,93.66499999999995,6,2,34.991666666666994,32.95000000000049,0,0.0
1,B,PREDATOR,19,-1.7899999999999707,159,93.66499999999995,6,2,22.175000000000335,37.000000000000455,0,0.0
1,B,PREDATOR,20,4.510000000000032,166,93.66499999999995,6,2,19.95000000000033,34.45000000000048,0,0.0
1,B,PREDATOR,21,5.460000000000036,169,93.66499999999995,6,2,18.850000000000332,34.00000000000048,0,0.0
1,B,PREDATOR,22,5.470000000000036,168,93.66499999999995,6,2,19.425000000000328,33.850000000000485,0,0.0
1,B,PREDATOR,23,5.440000000000035,171,93.66499999999995,6,2,23.92500000000034,33.40000000000049,0,0.0
1,B,PREDATOR,24,8.400000000000011,169,93.66499999999995,6,2,45.71666666666698,34.30000000000048,0,0.0
1,B,PREDATOR,25,8.350000000000007,174,93.66499999999995,6,2,23.841666666667024,32.650000000000496,0,0.0
1,B,PREDATOR,26,4.010000000000035,167,93.66499999999995,6,2,33.058333333333714,34.60000000000048,0,0.0
1,B,PREDATOR,27,4.51000000000003,166,93.66499999999995,6,2,26.71666666666702,34.30000000000048,0,0.0
1,B,PREDATOR,28,4.430000000000035,174,93.66499999999995,6,2,30.533333333333704,32.5000000000005,0,0.0
1,B,PREDATOR,29,14.129999999999919,184,93.66499999999995,5,2,20.880000000000365,30.95625000000055,1,0.0
1,B,PREDATOR,30,5.950000000000037,169,93.66499999999995,6,2,32.158333333333715,33.40000000000049,0,0.0
1,B,PREDATOR,31,5.340000000000035,181,93.66499999999995,6,2,13.525000000000327,29.800000000000495,0,0.0
1,B,PREDATOR,32,5.030000000000033,163,93.66499999999995,6,2,20.900000000000336,35.65000000000047,0,0.0
1,B,PREDATOR,33,30.68666666666674,200,93.66499999999995,5,2,5.440000000000314,24.700000000000482,1,0.0
1,B,PREDATOR,34,5.990000000000036,165,93.66499999999995,6,2,26.891666666667017,34.900000000000475,0,0.0
1,B,PREDATOR,35,1.5700000000000323,166,93.66499999999995,6,2,32.291666666667034,35.05000000000047,0,0.0
1,B,PREDATOR,36,3.520000000000035,167,93.66499999999995,6,2,19.50000000000033,34.45000000000048,0,0.0
1,B,PREDATOR,37,2.0900000000000336,163,93.66499999999995,6,2,27.64166666666701,35.50000000000047,0,0.0
1,B,PREDATOR,38,5.030000000000037,163,93.66499999999995,6,2,20.95000000000033,35.35000000000047,0,0.0
1,B,PREDATOR,39,6.880000000000026,174,93.66499999999995,6,2,16.600000000000335,32.0500000000005,0,0.0
1,B,PREDATOR,40,4.450000000000035,172,93.66499999999995,6,2,30.39166666666704,33.10000000000049,0,0.0
1,B,PREDATOR,41,12.259999999999943,175,93.66499999999995,6,2,16.100000000000335,32.2000000000005,0,0.0
1,B,PREDATOR,42,33.980833333333486,213,93.66499999999995,4,2,3.100000000000315,29.80000000000053,2,0.0
1,B,PREDATOR,43,10.349999999999989,170,93.66499999999995,6,2,38.3500000000004,33.25000000000049,0,0.0
1,B,PREDATOR,44,9.370000000000005,170,93.66499999999995,6,2,25.041666666667016,33.55000000000049,0,0.0
1,B,PREDATOR,45,7.3899999999999775,172,93.66499999999995,6,2,24.266666666667025,33.10000000000049,0,0.0
1,B,PREDATOR,46,13.73999999999994,174,93.66499999999995,5,2,41.11000000000038,38.475000000000556,1,0.0
1,B,PREDATOR,47,12.779999999999964,172,93.66499999999995,6,2,23.55000000000035,33.25000000000049,0,0.0
1,B,PREDATOR,48,8.870000000000003,171,93.66499999999995,6,2,17.750000000000338,33.10000000000049,0,0.0
1,B,PREDATOR,49,13.679999999999987,180,93.66499999999995,6,2,13.775000000000327,30.550000000000495,0,0.0
1,B,PREDATOR,50,14.739999999999958,172,93.66499999999995,5,2,33.230000000000395,40.45000000000049,1,0.0
1,B,PREDATOR,51,18.06999999999998,182,93.66499999999995,6,2,13.225000000000328,30.250000000000497,0,0.0
1,B,PREDATOR,52,3.1600000000000215,105,93.66499999999995,6,3,38.2750000000003,29.30000000000017,0,0.0
1,B,PREDATOR,53,11.329999999999961,170,93.66499999999995,6,2,23.35000000000035,33.40000000000049,0,0.0
1,B,PREDATOR,54,11.329999999999947,170,93.66499999999995,6,2,25.21666666666702,33.10000000000049,0,0.0
1,B,PREDATOR,55,15.689999999999957,175,93.66499999999995,6,2,22.99166666666703,32.5000000000005,0,0.0
1,B,PREDATOR,56,10.819999999999979,172,93.66499999999995,6,2,17.575000000000333,32.95000000000049,0,0.0
1,B,PREDATOR,57,12.239999999999943,177,93.66499999999995,6,2,14.725000000000334,31.150000000000496,0,0.0
1,B,PREDATOR,58,4.500000000000034,167,93.66499999999995,6,2,35.62500000000039,34.45000000000048,0,0.0
1,B,PREDATOR,59,12.779999999999964,172,93.66499999999995,6,2,17.525000000000333,33.25000000000049,0,0.0
1,B,PREDATOR,60,19.04999999999997,182,93.66499999999995,6,2,20.31666666666702,30.250000000000497,0,0.0
1,B,PREDATOR,61,13.219999999999994,177,93.66499999999995,6,2,15.150000000000333,31.9000000000005,0,0.0
1,B,PREDATOR,62,19.50999999999992,185,93.66499999999995,6,2,25.85833333333372,28.900000000000492,0,0.0
1,B,PREDATOR,63,20.029999999999966,182,93.66499999999995,4,2,23.48750000000037,29.500000000000494,0,0.0
1,B,PREDATOR,64,11.759999999999996,176,93.66499999999995,6,2,26.0750000000003,32.0500000000005,0,0.0
1,B,PREDATOR,65,52.53916666666663,231,93.66499999999995,1,2,40.25000000000052,14.650000000000459,1,0.0
1,B,PREDATOR,66,17.149999999999984,176,93.66499999999995,6,2,15.72500000000033,32.0500000000005,0,0.0
1,B,PREDATOR,67,20.55999999999993,178,93.66499999999995,6,2,14.775000000000333,31.150000000000496,0,0.0
1,B,PREDATOR,68,24.919999999999973,183,93.66499999999995,6,2,26.78333333333372,29.35000000000049,0,0.0
1,B,PREDATOR,69,18.529999999999944,185,93.66499999999995,6,2,31.833333333333712,29.200000000000493,0,0.0
1,B,PREDATOR,70,24.38999999999995,187,93.66499999999995,6,2,18.61666666666701,27.85000000000049,0,0.0
1,B,PREDATOR,71,17.59999999999993,180,93.66499999999995,6,2,13.650000000000327,30.400000000000496,0,0.0
1,B,PREDATOR,72,15.209999999999942,174,93.66499999999995,6,2,23.36666666666703,32.800000000000495,0,0.0
1,B,PREDATOR,73,17.619999999999948,178,93.66499999999995,6,2,14.625000000000332,31.000000000000497,0,0.0
1,B,PREDATOR,74,19.079999999999977,179,93.66499999999995,6,2,21.216666666667027,31.150000000000496,0,0.0
1,B,PREDATOR,75,19.499999999999936,186,93.66499999999995,6,2,11.275000000000324,28.900000000000492,0,0.0
1,B,PREDATOR,76,18.539999999999935,184,93.66499999999995,6,2,12.375000000000327,29.650000000000496,0,0.0
1,B,PREDATOR,77,25.88999999999994,184,93.66499999999995,6,2,26.458333333333727,29.650000000000496,0,0.0
1,B,PREDATOR,78,17.139999999999937,177,93.66499999999995,6,2,15.250000000000332,31.300000000000498,0,0.0
1,B,PREDATOR,79,18.599999999999937,178,93.66499999999995,5,2,23.31000000000036,32.94375000000054,1,0.0
1,B,PREDATOR,80,21.47999999999991,184,93.66499999999995,6,2,33.425000000000416,29.200000000000493,0,0.0
1,B,PREDATOR,81,22.939999999999948,185,93.66499999999995,6,2,25.833333333333698,29.35000000000049,0,0.0
1,B,PREDATOR,82,21.449999999999967,187,93.66499999999995,6,2,33.041666666667055,28.30000000000049,0,0.0
1,B,PREDATOR,83,21.989999999999952,182,93.66499999999995,6,2,12.925000000000324,30.100000000000495,0,0.0
1,B,PREDATOR,84,22.449999999999942,185,93.66499999999995,6,2,25.608333333333714,29.35000000000049,0,0.0
1,B,PREDATOR,85,20.489999999999917,185,93.66499999999995,6,2,17.400000000000357,29.050000000000495,0,0.0
1,B,PREDATOR,86,20.019999999999918,183,93.66499999999995,6,2,19.441666666667015,29.800000000000495,0,0.0
1,B,PREDATOR,87,26.330000000000027,189,93.66499999999995,6,2,9.72500000000032,28.00000000000049,0,0.0
1,B,PREDATOR,88,62.34166666666657,242,93.66499999999995,1,2,36.80000000000067,12.100000000000453,1,0.0
1,B,PREDATOR,89,20.009999999999934,184,93.66499999999995,6,2,12.050000000000326,29.800000000000495,0,0.0
1,B,PREDATOR,90,27.790000000000042,190,93.66499999999995,6,2,16.641666666667003,27.550000000000487,0,0.0
1,B,PREDATOR,91,19.05999999999993,181,93.66499999999995,6,2,26.191666666667057,29.950000000000493,0,0.0
1,B,PREDATOR,92,16.669999999999945,175,93.66499999999995,6,2,22.52500000000035,32.2000000000005,0,0.0
1,B,PREDATOR,93,31.17999999999995,194,93.66499999999995,6,2,15.891666666667021,26.350000000000485,0,0.0
1,B,PREDATOR,94,31.199999999999964,192,93.66499999999995,6,2,30.508333333333763,26.65000000000049,0,0.0
1,B,PREDATOR,95,23.45000000000004,183,93.66499999999995,6,2,26.9583333333337,29.650000000000496,0,0.0
1,B,PREDATOR,96,19.569999999999926,179,93.66499999999995,6,2,28.408333333333715,30.250000000000497,0,0.0
1,B,PREDATOR,97,14.689999999999925,177,93.66499999999995,6,2,41.85000000000041,30.700000000000497,0,0.0
1,B,PREDATOR,98,19.50999999999992,185,93.66499999999995,6,2,12.025000000000324,29.35000000000049,0,0.0
1,B,PREDATOR,99,21.959999999999905,185,93.66499999999995,6,2,11.875000000000322,29.500000000000494,0,0.0
1,B,PREDATOR,100,24.830000000000027,192,93.66499999999995,6,2,16.06666666666702,26.800000000000487,0,0.0
1,B,PREDATOR,101,26.340000000000003,188,93.66499999999995,6,2,27.941666666667007,28.30000000000049,0,0.0
1,B,PREDATOR,102,33.304166666666724,198,93.66499999999995,5,2,33.4500000000003,24.850000000000485,1,0.0
1,B,PREDATOR,103,36.02999999999996,199,93.66499999999995,6,2,5.825000000000315,24.700000000000482,0,0.0
1,B,PREDATOR,104,23.890000000000065,188,93.66499999999995,4,2,11.875000000000323,45.63750000000053,2,0.0
1,B,PREDATOR,105,22.45000000000004,185,93.66499999999995,6,2,18.616666666667026,29.200000000000493,0,0.0
1,B,PREDATOR,106,22.44999999999994,185,93.66499999999995,6,2,11.500000000000327,29.050000000000495,0,0.0
1,B,PREDATOR,107,27.33999999999996,186,93.66499999999995,6,2,12.250000000000325,28.450000000000493,0,0.0
1,B,PREDATOR,108,32.16999999999994,193,93.66499999999995,6,2,8.525000000000313,25.600000000000485,0,0.0
1,B,PREDATOR,109,30.23999999999996,190,93.66499999999995,6,2,17.141666666667025,27.70000000000049,0,0.0
1,B,PREDATOR,110,41.85999999999994,204,93.66499999999995,6,2,13.016666666667028,23.50000000000048,0,0.0
1,B,PREDATOR,111,27.790000000000013,190,93.66499999999995,6,2,37.208333333333776,28.00000000000049,0,0.0
1,B,PREDATOR,112,33.63999999999995,193,93.66499999999995,6,2,9.175000000000317,26.500000000000487,0,0.0
1,B,PREDATOR,113,35.079999999999934,196,93.66499999999995,6,2,22.891666666666993,25.600000000000485,0,0.0
1,B,PREDATOR,114,31.699999999999967,191,93.66499999999995,6,2,16.21666666666699,27.550000000000487,0,0.0
1,B,PREDATOR,115,34.069999999999986,199,93.66499999999995,6,2,12.891666666667005,24.40000000000048,0,0.0
1,B,PREDATOR,116,37.00999999999993,199,93.66499999999995,6,2,6.050000000000313,24.40000000000048,0,0.0
1,B,PREDATOR,117,37.99999999999996,198,93.66499999999995,6,2,13.875000000000343,24.850000000000485,0,0.0
1,B,PREDATOR,118,26.74000000000003,197,93.66499999999995,6,2,12.42500000000035,25.450000000000486,0,0.0
1,B,PREDATOR,119,27.280000000000044,192,93.66499999999995,6,2,23.65833333333372,26.200000000000486,0,0.0
1,B,PREDATOR,120,34.11999999999995,194,93.66499999999995,6,2,15.841666666667019,26.350000000000485,0,0.0
1,B,PREDATOR,121,24.89000000000005,186,93.66499999999995,6,2,11.500000000000322,28.75000000000049,0,0.0
1,B,PREDATOR,122,21.01999999999989,181,93.66499999999995,5,2,21.960000000000367,39.25000000000049,1,0.0
1,B,PREDATOR,123,22.92000000000004,187,93.66499999999995,6,2,25.48333333333372,28.450000000000493,0,0.0
1,B,PREDATOR,124,23.89000000000003,188,93.66499999999995,6,2,24.35833333333369,27.70000000000049,0,0.0
1,B,PREDATOR,125,20.459999999999887,188,93.66499999999995,6,2,10.375000000000322,28.60000000000049,0,0.0
1,B,PREDATOR,126,22.920000000000044,187,93.66499999999995,6,2,18.116666666667026,28.60000000000049,0,0.0
1,B,PREDATOR,127,14.189999999999904,178,93.66499999999995,6,2,21.541666666667023,31.000000000000497,0,0.0
1,B,PREDATOR,128,11.72999999999986,179,93.66499999999995,6,2,21.241666666667005,30.8500000000005,0,0.0
1,B,PREDATOR,129,22.97,182,93.66499999999995,6,2,26.883333333333713,29.650000000000496,0,0.0
1,B,PREDATOR,130,26.830000000000013,188,93.66499999999995,6,2,10.600000000000321,28.00000000000049,0,0.0
1,B,PREDATOR,131,38.489999999999974,198,93.66499999999995,6,2,14.000000000000341,24.850000000000485,0,0.0
1,B,PREDATOR,132,35.079999999999956,196,93.66499999999995,6,2,8.125000000000318,25.750000000000483,0,0.0
1,B,PREDATOR,133,27.78000000000003,191,93.66499999999995,6,2,29.491666666667083,27.550000000000487,0,0.0
1,B,PREDATOR,134,34.089999999999996,197,93.66499999999995,6,2,14.316666666667023,25.300000000000484,0,0.0
1,B,PREDATOR,135,31.680000000000014,193,93.66499999999995,6,2,15.66666666666702,26.350000000000485,0,0.0
1,B,PREDATOR,136,36.99999999999994,200,93.66499999999995,5,2,6.940000000000313,24.75000000000052,1,0.0
1,B,PREDATOR,137,23.440000000000033,184,93.66499999999995,6,2,26.458333333333712,28.450000000000493,0,0.0
1,B,PREDATOR,138,30.150000000000077,199,93.66499999999995,6,2,19.308333333333653,24.850000000000485,0,0.0
1,B,PREDATOR,139,39.88,206,93.66499999999995,6,2,5.025000000000313,23.05000000000048,0,0.0
1,B,PREDATOR,140,36.969999999999956,203,93.66499999999995,6,2,26.100000000000374,23.50000000000048,0,0.0
1,B,PREDATOR,141,32.659999999999954,193,93.66499999999995,6,2,23.183333333333724,26.800000000000487,0,0.0
1,B,PREDATOR,142,36.02000000000001,200,93.66499999999995,5,2,5.530000000000313,26.025000000000524,1,0.0
1,B,PREDATOR,143,41.32999999999997,208,93.66499999999995,6,2,3.7000000000003137,22.000000000000476,0,0.0
1,B,PREDATOR,144,35.980000000000025,204,93.66499999999995,6,2,11.450000000000346,23.50000000000048,0,0.0
1,B,PREDATOR,145,47.13416666666669,219,93.66499999999995,2,2,4.075000000000303,18.85000000000047,1,0.0
1,B,PREDATOR,146,37.98,200,93.66499999999995,6,2,5.475000000000315,24.55000000000048,0,0.0
1,B,PREDATOR,147,35.06999999999992,197,93.66499999999995,6,2,14.06666666666702,25.750000000000483,0,0.0
1,B,PREDATOR,148,43.339999999999904,203,93.66499999999995,6,2,4.750000000000314,23.20000000000048,0,0.0
1,B,PREDATOR,149,48.1699999999999,210,93.66499999999995,6,2,3.150000000000315,21.250000000000476,0,0.0
1,B,PREDATOR,150,57.859999999999914,221,93.66499999999995,4,2,32.800000000000544,18.550000000000466,0,0.0
1,B,PREDATOR,151,38.889999999999944,207,93.66499999999995,6,2,1.975000000000316,22.300000000000477,0,0.0
1,B,PREDATOR,152,42.37999999999991,201,93.66499999999995,6,2,19.208333333333712,24.250000000000483,0,0.0
1,B,PREDATOR,153,36.010000000000005,201,93.66499999999995,6,2,12.266666666667,24.250000000000483,0,0.0
1,B,PREDATOR,154,49.119999999999926,213,93.66499999999995,3,2,18.13333333333365,20.500000000000473,0,0.0
1,B,PREDATOR,155,50.5999999999999,212,93.66499999999995,4,2,22.88750000000044,20.800000000000473,0,0.0
1,B,PREDATOR,156,49.6399999999999,210,93.66499999999995,6,2,20.81666666666702,21.700000000000475,0,0.0
1,B,PREDATOR,157,49.5999999999999,214,93.66499999999995,5,2,20.72000000000043,20.35000000000047,0,0.0
1,B,PREDATOR,158,54.02999999999988,212,93.66499999999995,2,2,3.4750000000003185,20.800000000000473,0,0.0
1,B,PREDATOR,159,53.9399999999999,221,93.66499999999995,0,2,0.0,18.506250000000506,1,0.0
1,B,PREDATOR,160,38.45999999999998,201,93.66499999999995,6,2,5.100000000000316,23.95000000000048,0,0.0
1,B,PREDATOR,161,35.06999999999999,197,93.66499999999995,6,2,6.725000000000314,25.15000000000048,0,0.0
1,B,PREDATOR,162,39.43999999999999,201,93.66499999999995,6,2,12.475000000000344,24.10000000000048,0,0.0
1,B,PREDATOR,163,42.84999999999995,203,93.66499999999995,6,2,4.775000000000314,23.50000000000048,0,0.0
1,B,PREDATOR,164,34.610000000000035,194,93.66499999999995,6,2,22.76666666666705,26.200000000000486,0,0.0
1,B,PREDATOR,165,27.330000000000034,187,93.66499999999995,6,2,10.825000000000317,28.00000000000049,0,0.0
1,B,PREDATOR,166,20.5299999999999,181,93.66499999999995,6,2,13.500000000000327,30.100000000000495,0,0.0
1,B,PREDATOR,167,47.54916666666672,210,93.66499999999995,5,2,4.330000000000311,21.100000000000474,1,0.0
1,B,PREDATOR,168,29.290000000000013,187,93.66499999999995,6,2,17.35000000000035,28.60000000000049,0,0.0
1,B,PREDATOR,169,54.029999999999866,212,93.66499999999995,2,2,22.27500000000036,20.650000000000475,0,0.0
1,B,PREDATOR,170,51.59999999999991,210,93.66499999999995,6,2,9.800000000000347,21.550000000000473,0,0.0
1,B,PREDATOR,171,53.52999999999987,213,93.66499999999995,4,2,35.20000000000045,20.050000000000473,0,0.0
1,B,PREDATOR,172,52.05999999999986,213,93.66499999999995,3,2,16.63333333333375,20.650000000000475,0,0.0
1,B,PREDATOR,173,67.55999999999992,231,93.66499999999995,1,2,39.80000000000045,15.10000000000046,0,0.0
1,B,PREDATOR,174,52.079999999999885,211,93.66499999999995,6,2,8.916666666666995,19.00000000000047,0,0.0
1,B,PREDATOR,175,52.55999999999986,212,93.66499999999995,0,2,0.0,20.800000000000473,0,0.0
1,B,PREDATOR,176,42.40999999999999,198,93.66499999999995,6,2,5.525000000000312,25.450000000000486,0,0.0
1,B,PREDATOR,177,42.75999999999998,212,93.66499999999995,1,2,45.3500000000006,20.96250000000051,1,0.0
1,B,PREDATOR,178,58.3399999999999,222,93.66499999999995,1,2,0.10000000000032061,17.650000000000468,0,0.0
1,B,PREDATOR,179,51.599999999999895,210,93.66499999999995,6,2,16.691666666667064,21.700000000000475,0,0.0
1,B,PREDATOR,180,44.76999999999999,207,93.66499999999995,6,2,9.841666666667031,22.600000000000477,0,0.0
1,B,PREDATOR,181,48.2099999999999,206,93.66499999999995,6,2,9.675000000000354,22.900000000000478,0,0.0
1,B,PREDATOR,182,54.9799999999999,215,93.66499999999995,3,2,17.48333333333375,19.90000000000047,0,0.0
1,B,PREDATOR,183,64.18999999999983,225,93.66499999999995,1,2,0.5500000000003185,16.900000000000464,0,0.0
1,B,PREDATOR,184,52.52999999999989,215,93.66499999999995,4,2,12.025000000000386,20.500000000000473,0,0.0
1,B,PREDATOR,185,55.479999999999876,214,93.66499999999995,4,2,13.137500000000347,20.650000000000475,0,0.0
1,B,PREDATOR,186,34.12999999999999,193,93.66499999999995,6,2,23.933333333333703,26.350000000000485,0,0.0
1,B,PREDATOR,187,41.38999999999993,202,93.66499999999995,6,2,5.450000000000313,24.40000000000048,0,0.0
1,B,PREDATOR,188,45.74999999999995,207,93.66499999999995,6,2,3.4000000000003134,22.300000000000477,0,0.0
1,B,PREDATOR,189,35.08000000000003,196,93.66499999999995,5,2,15.640000000000333,26.77500000000053,1,0.0
1,B,PREDATOR,190,41.38999999999999,202,93.66499999999995,6,2,26.42500000000044,24.10000000000048,0,0.0
1,B,PREDATOR,191,57.869999999999855,220,93.66499999999995,4,2,42.05000000000046,18.550000000000466,0,0.0
1,B,PREDATOR,192,46.24999999999992,206,93.66499999999995,6,2,17.966666666667066,22.45000000000048,0,0.0
1,B,PREDATOR,193,55.94999999999989,216,93.66499999999995,3,2,2.60000000000031,19.75000000000047,0,0.0
1,B,PREDATOR,194,45.18,215,93.66499999999995,3,2,2.3000000000003173,20.050000000000473,0,0.0
1,B,PREDATOR,195,55.47999999999986,214,93.66499999999995,4,2,23.287500000000403,20.050000000000473,0,0.0
1,B,PREDATOR,196,47.22999999999994,206,93.66499999999995,6,2,3.075000000000317,21.850000000000477,0,0.0
1,B,PREDATOR,197,78.38999999999977,259,93.66499999999995,0,2,0.0,6.850000000000444,2,0.0
1,B,PREDATOR,198,48.669999999999916,209,93.66499999999995,5,2,9.630000000000335,32.88125000000056,1,0.0
1,B,PREDATOR,199,25.89,184,93.66499999999995,6,2,27.366666666667033,29.35000000000049,0,0.0
1,B,PREDATOR,200,34.58,197,93.66499999999995,6,2,7.425000000000313,25.600000000000485,0,0.0
1,B,PREDATOR,201,42.82999999999996,205,93.66499999999995,6,2,19.133333333333738,22.45000000000048,0,0.0
1,B,PREDATOR,202,58.81999999999992,223,93.66499999999995,3,2,28.56666666666713,17.500000000000465,0,0.0
1,B,PREDATOR,203,47.18999999999996,210,93.66499999999995,6,2,10.566666666667029,20.950000000000472,0,0.0
1,B,PREDATOR,204,44.71999999999998,212,93.66499999999995,3,2,32.11666666666714,20.200000000000472,0,0.0
1,B,PREDATOR,205,45.26999999999993,206,93.66499999999995,6,2,3.400000000000316,22.750000000000476,0,0.0
1,B,PREDATOR,206,54.949999999999875,218,93.66499999999995,3,2,29.283333333333832,19.00000000000047,0,0.0
1,B,PREDATOR,207,44.74999999999998,209,93.66499999999995,6,2,9.091666666667026,21.400000000000475,0,0.0
1,B,PREDATOR,208,43.32999999999997,204,93.66499999999995,6,2,27.6250000000004,23.65000000000048,0,0.0
1,B,PREDATOR,209,46.21999999999997,209,93.66499999999995,6,2,0.9250000000003163,22.000000000000476,0,0.0
1,B,PREDATOR,210,43.33999999999999,203,93.66499999999995,6,2,12.600000000000344,23.95000000000048,0,0.0
1,B,PREDATOR,211,40.91,201,93.66499999999995,6,2,19.75833333333369,24.40000000000048,0,0.0
1,B,PREDATOR,212,49.139999999999915,211,93.66499999999995,4,2,35.46250000000041,18.400000000000468,0,0.0
1,B,PREDATOR,213,61.29999999999984,220,93.66499999999995,1,2,0.25000000000031847,17.800000000000466,0,0.0
1,B,PREDATOR,214,38.98000000000002,198,93.66499999999995,6,2,13.141666666667023,23.80000000000048,0,0.0
1,B,PREDATOR,215,37.050000000000004,195,93.66499999999995,6,2,15.250000000000343,26.050000000000487,0,0.0
1,B,PREDATOR,216,42.84999999999997,203,93.66499999999995,4,2,6.137500000000312,23.675000000000555,2,0.0
1,B,PREDATOR,217,52.58999999999989,209,93.66499999999995,6,2,3.275000000000313,22.000000000000476,0,0.0
1,B,PREDATOR,218,44.77999999999996,206,93.66499999999995,6,2,2.175000000000315,22.600000000000477,0,0.0
1,B,PREDATOR,219,40.89999999999997,202,93.66499999999995,6,2,12.425000000000345,23.80000000000048,0,0.0
1,B,PREDATOR,220,46.68999999999997,211,93.66499999999995,5,2,11.040000000000372,20.800000000000473,0,0.0
1,B,PREDATOR,221,63.19999999999992,226,93.66499999999995,1,2,1.1500000000003168,16.15000000000046,0,0.0
1,B,PREDATOR,222,62.72999999999992,224,93.66499999999995,3,2,27.0666666666671,17.650000000000468,0,0.0
1,B,PREDATOR,223,62.739999999999895,223,93.66499999999995,2,2,22.725000000000467,17.350000000000463,0,0.0
1,B,PREDATOR,224,18.659999999999947,123,93.66499999999995,6,3,42.750000000000306,23.200000000000184,0,0.0
1,B,PREDATOR,225,46.6899999999999,211,93.66499999999995,4,2,22.812500000000437,21.100000000000474,0,0.0
1,B,PREDATOR,226,64.6599999999998,227,93.66499999999995,1,2,41.30000000000032,16.15000000000046,0,0.0
1,B,PREDATOR,227,46.67999999999995,212,93.66499999999995,5,2,27.80000000000046,20.800000000000473,0,0.0
1,B,PREDATOR,228,37.47,202,93.66499999999995,6,2,20.416666666667002,21.100000000000474,0,0.0
1,B,PREDATOR,229,47.659999999999975,212,93.66499999999995,1,2,46.250000000000604,20.950000000000472,0,0.0
1,B,PREDATOR,230,67.52999999999987,234,93.66499999999995,5,2,38.14000000000056,14.500000000000458,0,0.0
1,B,PREDATOR,231,39.86000000000003,208,93.66499999999995,6,2,17.1583333333337,22.000000000000476,0,0.0
1,B,PREDATOR,232,101.44166666666675,280,93.66499999999995,0,1,0.0,0.4000000000004467,1,0.0
1,B,PREDATOR,233,49.59999999999994,214,93.66499999999995,3,2,3.4000000000003134,20.35000000000047,0,0.0
1,B,PREDATOR,234,54.45999999999991,218,93.66499999999995,2,2,4.000000000000309,19.150000000000468,0,0.0
1,B,PREDATOR,235,58.83999999999967,221,93.66499999999995,3,2,0.35000000000031756,18.550000000000466,0,0.0
1,B,PREDATOR,236,48.649999999999935,211,93.66499999999995,6,2,9.64166666666703,21.250000000000476,0,0.0
1,B,PREDATOR,237,49.62999999999993,211,93.66499999999995,5,2,10.650000000000372,20.950000000000472,0,0.0
1,B,PREDATOR,238,59.299999999999955,224,93.66499999999995,1,2,2.3500000000003096,17.800000000000466,0,0.0
1,B,PREDATOR,239,32.1500000000001,195,93.66499999999995,6,2,29.508333333333763,26.050000000000487,0,0.0
1,B,PREDATOR,240,41.849999999999994,205,93.66499999999995,6,2,26.250000000000444,22.900000000000478,0,0.0
1,B,PREDATOR,241,45.289999999999964,204,93.66499999999995,6,2,10.716666666667026,23.05000000000048,0,0.0
1,B,PREDATOR,242,49.64999999999995,209,93.66499999999995,5,2,2.5000000000003153,21.300000000000512,1,0.0
1,B,PREDATOR,243,54.009999999999785,214,93.66499999999995,4,2,34.975000000000506,20.35000000000047,0,0.0
1,B,PREDATOR,244,53.50999999999991,215,93.66499999999995,4,2,4.150000000000311,19.30000000000047,0,0.0
1,B,PREDATOR,245,46.139999999999986,217,93.66499999999995,3,2,14.150000000000405,18.85000000000047,0,0.0
1,B,PREDATOR,246,79.6116666666665,259,93.66499999999995,1,2,31.70000000000073,6.700000000000444,1,0.0
1,B,PREDATOR,247,49.50999999999998,223,93.66499999999995,1,2,2.6500000000003094,17.500000000000465,0,0.0
1,B,PREDATOR,248,31.580000000000098,203,93.66499999999995,6,2,18.583333333333737,23.350000000000477,0,0.0
1,B,PREDATOR,249,43.279999999999994,209,93.66499999999995,6,2,9.391666666667012,21.250000000000476,0,0.0
1,B,PREDATOR,250,85.33666666666647,253,93.66499999999995,0,2,0.0,8.950000000000445,1,0.0
2,A,PREY,1,-3.399999999999972,173,34.4310000000001,6,2,23.916666666667027,32.800000000000495,0,0.0
2,A,PREY,2,-3.8499999999999783,169,34.4310000000001,6,2,30.400000000000293,34.30000000000048,0,0.0
2,A,PREY,3,-3.329999999999986,166,34.4310000000001,6,2,26.316666666667015,34.60000000000048,0,0.0
2,A,PREY,4,-4.289999999999987,164,34.4310000000001,6,2,27.36666666666702,35.800000000000466,0,0.0
2,A,PREY,5,-1.8699999999999743,167,34.4310000000001,6,2,26.491666666667015,34.750000000000476,0,0.0
2,A,PREY,6,-1.889999999999974,169,34.4310000000001,6,2,18.725000000000325,34.00000000000048,0,0.0
2,A,PREY,7,0.060000000000030695,170,34.4310000000001,6,2,18.37500000000033,33.55000000000049,0,0.0
2,A,PREY,8,-3.8299999999999805,167,34.4310000000001,6,2,26.316666666667015,34.60000000000048,0,0.0
2,A,PREY,9,0.580000000000032,167,34.4310000000001,6,2,33.00833333333371,34.60000000000048,0,0.0
2,A,PREY,10,2.0100000000000335,171,34.4310000000001,6,2,36.39166666666707,32.800000000000495,0,0.0
2,A,PREY,11,2.990000000000032,171,34.4310000000001,6,2,24.74166666666702,33.700000000000486,0,0.0
2,A,PREY,12,-3.3399999999999697,167,34.4310000000001,6,2,26.116666666667015,33.700000000000486,0,0.0
2,A,PREY,13,1.040000000000033,170,34.4310000000001,6,2,25.166666666667016,33.40000000000049,0,0.0
2,A,PREY,14,2.9200000000000372,178,34.4310000000001,6,2,14.85000000000033,31.6000000000005,0,0.0
2,A,PREY,15,-0.4199999999999733,169,34.4310000000001,6,2,18.650000000000333,33.55000000000049,0,0.0
2,A,PREY,16,0.08000000000002494,168,34.4310000000001,6,2,32.60000000000028,34.00000000000048,0,0.0
2,A,PREY,17,3.920000000000039,176,34.4310000000001,6,2,22.741666666667,31.9000000000005,0,0.0
2,A,PREY,18,2.9600000000000346,174,34.4310000000001,6,2,23.341666666667024,32.2000000000005,0,0.0
2,A,PREY,19,4.440000000000035,173,34.4310000000001,6,2,17.025000000000333,32.800000000000495,0,0.0
2,A,PREY,20,3.480000000000036,171,34.4310000000001,6,2,38.17500000000038,32.95000000000049,0,0.0
2,A,PREY,21,2.50000000000003,171,34.4310000000001,5,2,19.470000000000287,33.55000000000049,0,0.0
2,A,PREY,22,4.920000000000037,174,34.4310000000001,6,2,16.700000000000333,32.3500000000005,0,0.0
2,A,PREY,23,-0.41999999999997506,169,34.4310000000001,6,2,18.800000000000328,32.35000000000049,0,0.0
2,A,PREY,24,9.320000000000006,175,34.4310000000001,6,2,16.200000000000333,32.2000000000005,0,0.0
2,A,PREY,25,8.350000000000007,174,34.4310000000001,6,2,27.200000000000305,32.650000000000496,0,0.0
2,A,PREY,26,4.450000000000037,172,34.4310000000001,6,2,24.44166666666702,32.800000000000495,0,0.0
2,A,PREY,27,1.5300000000000313,170,34.4310000000001,6,2,18.200000000000333,33.700000000000486,0,0.0
2,A,PREY,28,4.430000000000037,174,34.4310000000001,6,2,23.39166666666703,32.5000000000005,0,0.0
2,A,PREY,29,4.440000000000037,173,34.4310000000001,6,2,23.81666666666702,32.800000000000495,0,0.0
2,A,PREY,30,9.799999999999985,176,34.4310000000001,6,2,22.716666666667027,32.0500000000005,0,0.0
2,A,PREY,31,9.310000000000004,176,34.4310000000001,6,2,22.591666666667027,32.2000000000005,0,0.0
2,A,PREY,32,-0.6999999999999833,99,34.4310000000001,7,2,36.521428571428785,55.30000000000028,0,0.0
2,A,PREY,33,6.9000000000000306,172,34.4310000000001,6,2,17.425000000000328,32.95000000000049,0,0.0
2,A,PREY,34,6.360000000000001,177,34.4310000000001,4,2,15.325000000000333,31.750000000000497,0,0.0
2,A,PREY,35,4.940000000000037,172,34.4310000000001,6,2,22.37500000000035,32.0500000000005,0,0.0
2,A,PREY,36,1.5400000000000347,169,34.4310000000001,6,2,45.03333333333367,34.00000000000048,0,0.0
2,A,PREY,37,11.74999999999998,177,34.4310000000001,6,2,29.583333333333723,31.150000000000496,0,0.0
2,A,PREY,38,8.809999999999997,177,34.4310000000001,6,2,27.641666666667025,31.750000000000497,0,0.0
2,A,PREY,39,10.73999999999998,180,34.4310000000001,6,2,13.900000000000327,30.700000000000497,0,0.0
2,A,PREY,40,4.420000000000037,175,34.4310000000001,6,2,22.89166666666703,31.9000000000005,0,0.0
2,A,PREY,41,4.9300000000000335,173,34.4310000000001,6,2,17.025000000000336,32.3500000000005,0,0.0
2,A,PREY,42,7.819999999999949,178,34.4310000000001,6,2,21.86666666666703,31.4500000000005,0,0.0
2,A,PREY,43,12.709999999999994,179,34.4310000000001,6,2,27.691666666667043,30.8500000000005,0,0.0
2,A,PREY,44,6.8699999999999815,175,34.4310000000001,6,2,16.125000000000338,32.3500000000005,0,0.0
2,A,PREY,45,10.289999999999926,176,34.4310000000001,6,2,15.775000000000333,32.0500000000005,0,0.0
2,A,PREY,46,9.809999999999922,175,34.4310000000001,6,2,22.916666666667027,32.0500000000005,0,0.0
2,A,PREY,47,7.860000000000008,174,34.4310000000001,6,2,29.241666666667044,32.5000000000005,0,0.0
2,A,PREY,48,15.649999999999975,179,34.4310000000001,6,2,21.44166666666703,30.8500000000005,0,0.0
2,A,PREY,49,14.199999999999967,177,34.4310000000001,6,2,15.200000000000335,31.4500000000005,0,0.0
2,A,PREY,50,9.279999999999946,179,34.4310000000001,6,2,13.95000000000033,31.150000000000496,0,0.0
2,A,PREY,51,4.440000000000035,173,34.4310000000001,6,2,17.000000000000334,32.650000000000496,0,0.0
2,A,PREY,52,16.129999999999946,180,34.4310000000001,6,2,35.050000000000395,30.8500000000005,0,0.0
2,A,PREY,53,16.629999999999992,179,34.4310000000001,6,2,14.500000000000329,30.8500000000005,0,0.0
2,A,PREY,54,9.819999999999938,174,34.4310000000001,6,2,16.47500000000034,32.3500000000005,0,0.0
2,A,PREY,55,4.950000000000037,171,34.4310000000001,6,2,24.81666666666702,32.650000000000496,0,0.0
2,A,PREY,56,5.420000000000039,173,34.4310000000001,6,2,29.04166666666705,32.95000000000049,0,0.0
2,A,PREY,57,14.209999999999944,176,34.4310000000001,6,2,15.550000000000336,31.750000000000497,0,0.0
2,A,PREY,58,6.380000000000001,175,34.4310000000001,6,2,16.075000000000333,32.3500000000005,0,0.0
2,A,PREY,59,12.749999999999938,175,34.4310000000001,4,2,16.262500000000337,32.2000000000005,0,0.0
2,A,PREY,60,12.739999999999972,176,34.4310000000001,6,2,37.51666666666702,31.9000000000005,0,0.0
2,A,PREY,61,20.999999999999943,183,34.4310000000001,5,2,29.360000000000372,37.30000000000051,1,0.0
2,A,PREY,62,21.95999999999995,185,34.4310000000001,6,2,12.450000000000324,29.35000000000049,0,0.0
2,A,PREY,63,20.96999999999997,186,34.4310000000001,6,2,30.833333333333723,28.900000000000492,0,0.0
2,A,PREY,64,8.829999999999943,175,34.4310000000001,6,2,23.091666666667027,31.9000000000005,0,0.0
2,A,PREY,65,10.759999999999922,178,34.4310000000001,6,2,33.96666666666698,31.000000000000497,0,0.0
2,A,PREY,66,21.479999999999933,184,34.4310000000001,6,2,12.000000000000327,29.500000000000494,0,0.0
2,A,PREY,67,8.839999999999941,174,34.4310000000001,6,2,23.51666666666702,32.5000000000005,0,0.0
2,A,PREY,68,10.29999999999991,175,34.4310000000001,6,2,22.916666666667027,32.5000000000005,0,0.0
2,A,PREY,69,8.819999999999938,176,34.4310000000001,6,2,15.70000000000033,31.300000000000498,0,0.0
2,A,PREY,70,22.959999999999944,183,34.4310000000001,6,2,19.616666666667022,30.100000000000495,0,0.0
2,A,PREY,71,22.939999999999955,185,34.4310000000001,6,2,12.425000000000322,28.900000000000492,0,0.0
2,A,PREY,72,14.679999999999982,178,34.4310000000001,6,2,21.600000000000346,31.000000000000497,0,0.0
2,A,PREY,73,5.89000000000004,175,34.4310000000001,6,2,15.850000000000334,32.2000000000005,0,0.0
2,A,PREY,74,16.13999999999993,179,34.4310000000001,6,2,21.541666666667027,31.000000000000497,0,0.0
2,A,PREY,75,25.349999999999955,189,34.4310000000001,6,2,10.37500000000032,28.00000000000049,0,0.0
2,A,PREY,76,13.199999999999934,179,34.4310000000001,6,2,21.41666666666701,30.550000000000495,0,0.0
2,A,PREY,77,16.099999999999902,183,34.4310000000001,6,2,39.30833333333366,29.800000000000495,0,0.0
2,A,PREY,78,14.159999999999934,181,34.4310000000001,6,2,25.225000000000293,30.100000000000495,0,0.0
2,A,PREY,79,24.40999999999993,185,34.4310000000001,6,2,25.80833333333369,28.60000000000049,0,0.0
2,A,PREY,80,12.239999999999926,177,34.4310000000001,6,2,15.250000000000332,31.6000000000005,0,0.0
2,A,PREY,81,14.159999999999913,181,34.4310000000001,6,2,34.2750000000004,30.550000000000495,0,0.0
2,A,PREY,82,12.229999999999896,178,34.4310000000001,6,2,28.658333333333726,30.8500000000005,0,0.0
2,A,PREY,83,8.819999999999913,176,34.4310000000001,6,2,22.49166666666703,31.9000000000005,0,0.0
2,A,PREY,84,24.869999999999962,188,34.4310000000001,6,2,17.716666666667024,28.450000000000493,0,0.0
2,A,PREY,85,28.809999999999974,186,34.4310000000001,6,2,17.80000000000035,28.900000000000492,0,0.0
2,A,PREY,86,22.47999999999994,182,34.4310000000001,6,2,20.541666666667023,30.100000000000495,0,0.0
2,A,PREY,87,20.039999999999964,181,34.4310000000001,6,2,33.508333333333745,30.250000000000497,0,0.0
2,A,PREY,88,25.379999999999946,186,34.4310000000001,6,2,18.41666666666701,28.900000000000492,0,0.0
2,A,PREY,89,28.789999999999942,188,34.4310000000001,6,2,17.84166666666702,28.30000000000049,0,0.0
2,A,PREY,90,24.39999999999997,186,34.4310000000001,6,2,17.125000000000355,28.900000000000492,0,0.0
2,A,PREY,91,24.909999999999947,184,34.4310000000001,6,2,12.100000000000323,29.200000000000493,0,0.0
2,A,PREY,92,29.76999999999997,188,34.4310000000001,6,2,17.716666666667024,28.15000000000049,0,0.0
2,A,PREY,93,15.649999999999928,179,34.4310000000001,6,2,19.825000000000358,30.700000000000497,0,0.0
2,A,PREY,94,17.1099999999999,180,34.4310000000001,6,2,14.000000000000329,30.100000000000495,0,0.0
2,A,PREY,95,18.579999999999913,180,34.4310000000001,6,2,20.81666666666703,30.550000000000495,0,0.0
2,A,PREY,96,18.56999999999993,181,34.4310000000001,6,2,20.691666666667025,30.100000000000495,0,0.0
2,A,PREY,97,19.539999999999935,182,34.4310000000001,6,2,13.600000000000326,29.650000000000496,0,0.0
2,A,PREY,98,35.12999999999998,191,34.4310000000001,6,2,16.941666666667007,27.40000000000049,0,0.0
2,A,PREY,99,21.499999999999922,182,34.4310000000001,6,2,20.26666666666702,29.650000000000496,0,0.0
2,A,PREY,100,20.42999999999988,191,34.4310000000001,6,2,9.25000000000032,27.40000000000049,0,0.0
2,A,PREY,101,25.87999999999992,185,34.4310000000001,6,2,23.77500000000029,29.200000000000493,0,0.0
2,A,PREY,102,17.109999999999914,180,34.4310000000001,6,2,21.016666666667003,30.400000000000496,0,0.0
2,A,PREY,103,20.50999999999992,183,34.4310000000001,5,2,26.3200000000003,32.85000000000055,1,0.0
2,A,PREY,104,25.869999999999944,186,34.4310000000001,6,2,11.725000000000323,28.15000000000049,0,0.0
2,A,PREY,105,19.049999999999905,182,34.4310000000001,6,2,13.250000000000327,30.100000000000495,0,0.0
2,A,PREY,106,21.979999999999908,183,34.4310000000001,6,2,19.766666666667025,29.800000000000495,0,0.0
2,A,PREY,107,21.0099999999999,182,34.4310000000001,6,2,13.450000000000328,30.250000000000497,0,0.0
2,A,PREY,108,20.50999999999992,183,34.4310000000001,6,2,12.650000000000327,29.500000000000494,0,0.0
2,A,PREY,109,11.25999999999994,177,34.4310000000001,6,2,21.80000000000035,31.6000000000005,0,0.0
2,A,PREY,110,28.779999999999948,189,34.4310000000001,6,2,17.57500000000034,27.85000000000049,0,0.0
2,A,PREY,111,21.479999999999933,184,34.4310000000001,6,2,12.125000000000325,29.200000000000493,0,0.0
2,A,PREY,112,19.049999999999923,182,34.4310000000001,6,2,13.250000000000327,29.800000000000495,0,0.0
2,A,PREY,113,19.039999999999914,183,34.4310000000001,6,2,25.991666666667054,29.800000000000495,0,0.0
2,A,PREY,114,24.91000000000004,184,34.4310000000001,6,2,12.025000000000324,29.800000000000495,0,0.0
2,A,PREY,115,17.589999999999897,181,34.4310000000001,6,2,13.450000000000324,30.400000000000496,0,0.0
2,A,PREY,116,29.77000000000005,188,34.4310000000001,6,2,30.533333333333733,27.70000000000049,0,0.0
2,A,PREY,117,18.569999999999915,181,34.4310000000001,6,2,20.541666666667027,30.700000000000497,0,0.0
2,A,PREY,118,32.190000000000055,191,34.4310000000001,6,2,16.76666666666702,26.950000000000486,0,0.0
2,A,PREY,119,18.55999999999991,182,34.4310000000001,6,2,20.166666666667016,30.400000000000496,0,0.0
2,A,PREY,120,32.7,189,34.4310000000001,6,2,9.77500000000032,27.85000000000049,0,0.0
2,A,PREY,121,11.259999999999872,177,34.4310000000001,6,2,20.85000000000036,31.6000000000005,0,0.0
2,A,PREY,122,29.290000000000063,187,34.4310000000001,6,2,11.000000000000325,28.15000000000049,0,0.0
2,A,PREY,123,20.979999999999883,185,34.4310000000001,6,2,11.975000000000326,28.60000000000049,0,0.0
2,A,PREY,124,12.229999999999889,178,34.4310000000001,6,2,14.850000000000334,31.6000000000005,0,0.0
2,A,PREY,125,8.349999999999879,174,34.4310000000001,6,2,16.500000000000334,32.800000000000495,0,0.0
2,A,PREY,126,30.719999999999896,191,34.4310000000001,6,2,15.791666666666991,27.25000000000049,0,0.0
2,A,PREY,127,12.239999999999865,177,34.4310000000001,6,2,22.066666666667007,31.6000000000005,0,0.0
2,A,PREY,128,24.910000000000046,184,34.4310000000001,6,2,26.26666666666704,28.900000000000492,0,0.0
2,A,PREY,129,36.07999999999993,194,34.4310000000001,6,2,8.100000000000316,26.800000000000487,0,0.0
2,A,PREY,130,25.400000000000027,184,34.4310000000001,6,2,26.108333333333718,29.050000000000495,0,0.0
2,A,PREY,131,20.529999999999895,181,34.4310000000001,6,2,20.541666666667027,30.250000000000497,0,0.0
2,A,PREY,132,41.43999999999993,197,34.4310000000001,6,2,21.033333333333683,25.750000000000483,0,0.0
2,A,PREY,133,42.419999999999916,197,34.4310000000001,6,2,14.791666666667007,25.300000000000484,0,0.0
2,A,PREY,134,40.97999999999995,194,34.4310000000001,6,2,21.31666666666706,26.350000000000485,0,0.0
2,A,PREY,135,22.910000000000068,188,34.4310000000001,6,2,11.025000000000324,28.15000000000049,0,0.0
2,A,PREY,136,23.92000000000005,185,34.4310000000001,6,2,11.625000000000322,29.200000000000493,0,0.0
2,A,PREY,137,27.319999999999922,188,34.4310000000001,6,2,17.541666666667023,28.30000000000049,0,0.0
2,A,PREY,138,22.4699999999999,183,34.4310000000001,6,2,33.600000000000385,29.950000000000493,0,0.0
2,A,PREY,139,33.67000000000002,190,34.4310000000001,6,2,9.300000000000317,27.40000000000049,0,0.0
2,A,PREY,140,39.50999999999994,194,34.4310000000001,6,2,19.075000000000305,26.350000000000485,0,0.0
2,A,PREY,141,39.49999999999993,195,34.4310000000001,6,2,20.966666666667013,26.050000000000487,0,0.0
2,A,PREY,142,34.169999999999916,189,34.4310000000001,6,2,9.825000000000319,28.00000000000049,0,0.0
2,A,PREY,143,53.139999999999844,203,34.4310000000001,6,2,5.100000000000315,23.95000000000048,0,0.0
2,A,PREY,144,46.31999999999992,199,34.4310000000001,6,2,12.600000000000337,25.300000000000484,0,0.0
2,A,PREY,145,49.72999999999988,201,34.4310000000001,6,2,13.316666666666997,23.80000000000048,0,0.0
2,A,PREY,146,39.50999999999992,194,34.4310000000001,6,2,30.050000000000427,26.200000000000486,0,0.0
2,A,PREY,147,37.57999999999995,191,34.4310000000001,6,2,16.891666666667025,26.500000000000487,0,0.0
2,A,PREY,148,36.05999999999992,196,34.4310000000001,6,2,28.525000000000365,25.450000000000486,0,0.0
2,A,PREY,149,48.2699999999999,200,34.4310000000001,6,2,12.316666666667023,24.40000000000048,0,0.0
2,A,PREY,150,44.839999999999904,200,34.4310000000001,6,2,28.075000000000426,24.850000000000485,0,0.0
2,A,PREY,151,52.15999999999989,203,34.4310000000001,6,2,4.400000000000314,23.350000000000477,0,0.0
2,A,PREY,152,52.159999999999854,203,34.4310000000001,5,2,21.950000000000365,28.83125000000053,1,0.0
2,A,PREY,153,43.83999999999992,202,34.4310000000001,6,2,26.050000000000377,23.95000000000048,0,0.0
2,A,PREY,154,41.45999999999994,195,34.4310000000001,6,2,8.125000000000316,26.350000000000485,0,0.0
2,A,PREY,155,29.75000000000003,190,34.4310000000001,6,2,23.616666666667054,27.25000000000049,0,0.0
2,A,PREY,156,34.14000000000003,192,34.4310000000001,6,2,16.016666666667025,26.800000000000487,0,0.0
2,A,PREY,157,30.210000000000036,193,34.4310000000001,6,2,22.041666666667055,26.350000000000485,0,0.0
2,A,PREY,158,34.63000000000004,192,34.4310000000001,6,2,21.30000000000029,26.800000000000487,0,0.0
2,A,PREY,159,31.240000000000038,188,34.4310000000001,6,2,11.12500000000032,28.15000000000049,0,0.0
2,A,PREY,160,35.109999999999985,193,34.4310000000001,6,2,16.341666666667024,26.800000000000487,0,0.0
2,A,PREY,161,29.770000000000067,188,34.4310000000001,6,2,18.191666666667004,28.00000000000049,0,0.0
2,A,PREY,162,32.190000000000026,191,34.4310000000001,6,2,16.66666666666702,27.25000000000049,0,0.0
2,A,PREY,163,25.370000000000083,187,34.4310000000001,6,2,17.791666666667023,28.450000000000493,0,0.0
2,A,PREY,164,44.85999999999996,198,34.4310000000001,6,2,20.766666666667057,25.450000000000486,0,0.0
2,A,PREY,165,29.750000000000057,190,34.4310000000001,6,2,16.791666666666995,27.85000000000049,0,0.0
2,A,PREY,166,29.77000000000005,188,34.4310000000001,6,2,25.258333333333695,28.15000000000049,0,0.0
2,A,PREY,167,29.75000000000003,190,34.4310000000001,6,2,9.775000000000322,27.70000000000049,0,0.0
2,A,PREY,168,41.95999999999994,194,34.4310000000001,6,2,8.350000000000318,26.200000000000486,0,0.0
2,A,PREY,169,45.3499999999999,198,34.4310000000001,6,2,14.316666666667023,25.15000000000048,0,0.0
2,A,PREY,170,47.3099999999999,198,34.4310000000001,6,2,14.250000000000341,25.300000000000484,0,0.0
2,A,PREY,171,43.38999999999989,198,34.4310000000001,6,2,6.175000000000317,25.000000000000483,0,0.0
2,A,PREY,172,41.92999999999992,197,34.4310000000001,6,2,15.016666666667023,25.900000000000485,0,0.0
2,A,PREY,173,48.269999999999875,200,34.4310000000001,6,2,6.400000000000314,24.55000000000048,0,0.0
2,A,PREY,174,47.79999999999992,198,34.4310000000001,6,2,14.716666666667022,24.700000000000482,0,0.0
2,A,PREY,175,51.18999999999991,202,34.4310000000001,6,2,4.675000000000315,24.250000000000483,0,0.0
2,A,PREY,176,52.66999999999987,201,34.4310000000001,6,2,18.841666666667052,24.55000000000048,0,0.0
2,A,PREY,177,40.95999999999995,196,34.4310000000001,6,2,7.100000000000313,25.900000000000485,0,0.0
2,A,PREY,178,43.419999999999916,195,34.4310000000001,6,2,9.150000000000317,25.000000000000483,0,0.0
2,A,PREY,179,36.1,192,34.4310000000001,6,2,9.250000000000316,26.800000000000487,0,0.0
2,A,PREY,180,46.28999999999992,202,34.4310000000001,6,2,13.766666666667005,23.50000000000048,0,0.0
2,A,PREY,181,35.130000000000024,191,34.4310000000001,6,2,16.74166666666702,27.100000000000488,0,0.0
2,A,PREY,182,34.150000000000034,191,34.4310000000001,6,2,31.225000000000403,26.500000000000487,0,0.0
2,A,PREY,183,36.57,194,34.4310000000001,6,2,15.041666666667021,25.600000000000485,0,0.0
2,A,PREY,184,48.26999999999992,200,34.4310000000001,6,2,6.100000000000317,24.700000000000482,0,0.0
2,A,PREY,185,49.2199999999999,203,34.4310000000001,6,2,32.700000000000344,23.50000000000048,0,0.0
2,A,PREY,186,31.700000000000053,191,34.4310000000001,6,2,23.83333333333373,27.100000000000488,0,0.0
2,A,PREY,187,35.130000000000024,191,34.4310000000001,6,2,9.10000000000032,26.500000000000487,0,0.0
2,A,PREY,188,60.44999999999987,207,34.4310000000001,6,2,18.016666666667064,22.45000000000048,0,0.0
2,A,PREY,189,57.52999999999986,205,34.4310000000001,6,2,10.76666666666703,22.750000000000476,0,0.0
2,A,PREY,190,33.68000000000002,189,34.4310000000001,6,2,17.56666666666702,27.85000000000049,0,0.0
2,A,PREY,191,44.87999999999993,196,34.4310000000001,6,2,14.516666666667021,25.300000000000484,0,0.0
2,A,PREY,192,53.61999999999988,204,34.4310000000001,6,2,11.041666666666991,23.05000000000048,0,0.0
2,A,PREY,193,47.27999999999988,201,34.4310000000001,6,2,5.825000000000315,23.95000000000048,0,0.0
2,A,PREY,194,50.21999999999988,201,34.4310000000001,6,2,12.766666666667023,23.50000000000048,0,0.0
2,A,PREY,195,56.069999999999865,204,34.4310000000001,6,2,25.925000000000406,23.20000000000048,0,0.0
2,A,PREY,196,49.239999999999895,201,34.4310000000001,6,2,13.191666666667018,24.40000000000048,0,0.0
2,A,PREY,197,58.0199999999999,205,34.4310000000001,6,2,16.775000000000286,22.150000000000475,0,0.0
2,A,PREY,198,36.61000000000002,190,34.4310000000001,6,2,17.87500000000033,27.70000000000049,0,0.0
2,A,PREY,199,35.59000000000001,194,34.4310000000001,6,2,8.225000000000314,26.500000000000487,0,0.0
2,A,PREY,200,52.159999999999854,203,34.4310000000001,6,2,11.650000000000341,23.50000000000048,0,0.0
2,A,PREY,201,29.280000000000037,188,34.4310000000001,6,2,24.558333333333675,28.60000000000049,0,0.0
2,A,PREY,202,32.66,193,34.4310000000001,6,2,23.23333333333373,26.800000000000487,0,0.0
2,A,PREY,203,44.37999999999985,197,34.4310000000001,6,2,6.8250000000003155,25.450000000000486,0,0.0
2,A,PREY,204,39.97999999999998,196,34.4310000000001,6,2,14.316666666667018,25.900000000000485,0,0.0
2,A,PREY,205,44.36999999999995,198,34.4310000000001,6,2,6.525000000000315,25.000000000000483,0,0.0
2,A,PREY,206,41.9,200,34.4310000000001,6,2,12.666666666667012,23.80000000000048,0,0.0
2,A,PREY,207,41.44999999999999,196,34.4310000000001,6,2,7.575000000000316,25.600000000000485,0,0.0
2,A,PREY,208,35.59000000000004,194,34.4310000000001,6,2,15.91666666666699,26.050000000000487,0,0.0
2,A,PREY,209,41.449999999999896,196,34.4310000000001,5,2,6.850000000000314,33.743750000000574,1,0.0
2,A,PREY,210,47.7799999999999,200,34.4310000000001,6,2,12.725000000000335,24.40000000000048,0,0.0
2,A,PREY,211,38.039999999999864,194,34.4310000000001,6,2,22.78333333333373,26.350000000000485,0,0.0
2,A,PREY,212,37.050000000000026,195,34.4310000000001,6,2,15.50000000000034,26.050000000000487,0,0.0
2,A,PREY,213,41.95,195,34.4310000000001,6,2,29.57500000000043,26.200000000000486,0,0.0
2,A,PREY,214,40.49999999999997,193,34.4310000000001,6,2,29.166666666666995,26.800000000000487,0,0.0
2,A,PREY,215,41.47000000000001,194,34.4310000000001,6,2,8.050000000000315,25.900000000000485,0,0.0
2,A,PREY,216,43.889999999999986,197,34.4310000000001,6,2,21.18333333333373,25.450000000000486,0,0.0
2,A,PREY,217,44.379999999999924,197,34.4310000000001,6,2,14.391666666667009,25.15000000000048,0,0.0
2,A,PREY,218,37.56000000000004,193,34.4310000000001,6,2,29.175000000000356,26.200000000000486,0,0.0
2,A,PREY,219,32.70000000000002,189,34.4310000000001,6,2,10.500000000000322,27.85000000000049,0,0.0
2,A,PREY,220,34.15000000000001,191,34.4310000000001,6,2,8.875000000000318,27.25000000000049,0,0.0
2,A,PREY,221,45.339999999999854,199,34.4310000000001,6,2,21.008333333333734,25.300000000000484,0,0.0
2,A,PREY,222,50.22999999999993,200,34.4310000000001,6,2,12.416666666667021,24.40000000000048,0,0.0
2,A,PREY,223,65.79999999999987,211,34.4310000000001,6,2,9.34166666666703,20.200000000000472,0,0.0
2,A,PREY,224,50.69999999999992,202,34.4310000000001,6,2,18.01666666666706,23.65000000000048,0,0.0
2,A,PREY,225,38.990000000000016,197,34.4310000000001,5,2,22.920000000000393,35.95000000000053,1,0.0
2,A,PREY,226,36.58000000000002,193,34.4310000000001,6,2,8.650000000000317,26.350000000000485,0,0.0
2,A,PREY,227,-10.01,1,34.4310000000001,6,2,69.7,92.35,1,0.0
2,A,PREY,228,61.9199999999999,207,34.4310000000001,6,2,12.975000000000326,22.45000000000048,0,0.0
2,A,PREY,229,42.91999999999999,196,34.4310000000001,6,2,7.175000000000316,25.600000000000485,0,0.0
2,A,PREY,230,41.460000000000015,195,34.4310000000001,6,2,7.425000000000317,26.200000000000486,0,0.0
2,A,PREY,231,37.57000000000002,192,34.4310000000001,6,2,16.86666666666702,27.100000000000488,0,0.0
2,A,PREY,232,37.06999999999999,193,34.4310000000001,6,2,22.216666666667013,26.500000000000487,0,0.0
2,A,PREY,233,39.98,196,34.4310000000001,6,2,15.716666666667024,25.900000000000485,0,0.0
2,A,PREY,234,55.58999999999989,203,34.4310000000001,6,2,12.116666666667024,23.95000000000048,0,0.0
2,A,PREY,235,40.50000000000001,193,34.4310000000001,6,2,15.716666666667022,26.800000000000487,0,0.0
2,A,PREY,236,56.069999999999865,204,34.4310000000001,6,2,10.966666666666997,23.50000000000048,0,0.0
2,A,PREY,237,42.42,197,34.4310000000001,6,2,30.283333333333726,25.450000000000486,0,0.0
2,A,PREY,238,50.679999999999936,204,34.4310000000001,6,2,10.941666666667006,22.600000000000477,0,0.0
2,A,PREY,239,74.52999999999994,220,34.4310000000001,2,2,1.2250000000003187,16.900000000000464,0,0.0
2,A,PREY,240,64.3399999999999,210,34.4310000000001,6,2,15.533333333333692,21.550000000000473,0,0.0
2,A,PREY,241,62.87999999999988,209,34.4310000000001,6,2,1.775000000000315,21.700000000000475,0,0.0
2,A,PREY,242,59.9499999999999,208,34.4310000000001,6,2,10.525000000000349,22.300000000000477,0,0.0
2,A,PREY,243,37.55999999999999,193,34.4310000000001,6,2,26.541666666667012,26.500000000000487,0,0.0
2,A,PREY,244,40.49,194,34.4310000000001,6,2,7.625000000000315,26.500000000000487,0,0.0
2,A,PREY,245,45.36999999999996,196,34.4310000000001,6,2,14.891666666667021,26.200000000000486,0,0.0
2,A,PREY,246,42.91999999999997,196,34.4310000000001,6,2,14.41666666666702,25.000000000000483,0,0.0
2,A,PREY,247,39.01,195,34.4310000000001,6,2,8.200000000000314,26.500000000000487,0,0.0
2,A,PREY,248,44.84999999999998,199,34.4310000000001,6,2,13.966666666667019,24.40000000000048,0,0.0
2,A,PREY,249,67.25999999999992,212,34.4310000000001,4,2,25.387500000000443,20.950000000000472,0,0.0
2,A,PREY,250,54.58999999999992,205,34.4310000000001,6,2,10.850000000000357,21.550000000000473,0,0.0
2,B,PREDATOR,1,-2.779999999999971,160,93.94399999999992,6,2,20.125000000000384,33.400000000000475,0,0.1
2,B,PREDATOR,2,-2.319999999999979,163,93.94399999999992,6,2,12.925000000000361,35.65000000000047,0,0.1
2,B,PREDATOR,3,-1.35999999999998,165,93.94399999999992,6,2,27.308333333333735,32.65000000000048,0,0.1
2,B,PREDATOR,4,-2.2999999999999723,161,93.94399999999992,6,2,19.866666666667047,33.55000000000048,0,0.1
2,B,PREDATOR,5,-2.8399999999999785,166,93.94399999999992,6,2,12.825000000000365,34.750000000000476,0,0.1
2,B,PREDATOR,6,25.124166666666635,210,93.94399999999992,1,2,42.700000000000536,21.550000000000473,1,0.1
2,B,PREDATOR,7,-1.31999999999997,161,93.94399999999992,6,2,15.475000000000364,36.70000000000046,0,0.1
2,B,PREDATOR,8,-2.7899999999999707,161,93.94399999999992,6,2,12.600000000000376,36.25000000000046,0,0.1
2,B,PREDATOR,9,-1.7899999999999725,159,93.94399999999992,6,2,29.12500000000031,36.850000000000456,0,0.1
2,B,PREDATOR,10,-5.699999999999987,158,93.94399999999992,6,2,22.200000000000376,37.30000000000045,0,0.1
2,B,PREDATOR,11,3.5200000000000333,167,93.94399999999992,6,2,10.375000000000364,34.750000000000476,0,0.1
2,B,PREDATOR,12,-3.7699999999999783,161,93.94399999999992,6,2,14.775000000000366,36.55000000000046,0,0.1
2,B,PREDATOR,13,2.0700000000000305,165,93.94399999999992,6,2,11.875000000000364,35.20000000000047,0,0.1
2,B,PREDATOR,14,-2.7999999999999705,162,93.94399999999992,6,2,19.516666666667046,36.10000000000046,0,0.1
2,B,PREDATOR,15,1.6100000000000332,162,93.94399999999992,6,2,13.525000000000363,34.60000000000048,0,0.1
2,B,PREDATOR,16,3.5200000000000333,167,93.94399999999992,6,2,16.950000000000383,33.850000000000485,0,0.1
2,B,PREDATOR,17,25.109166666666745,204,93.94399999999992,0,2,0.0,23.50000000000048,1,0.1
2,B,PREDATOR,18,1.4600000000000364,177,93.94399999999992,6,2,15.441666666667047,31.6000000000005,0,0.1
2,B,PREDATOR,19,1.6200000000000294,161,93.94399999999992,6,2,27.95833333333371,35.800000000000466,0,0.1
2,B,PREDATOR,20,4.020000000000035,166,93.94399999999992,6,2,11.075000000000367,34.00000000000048,0,0.1
2,B,PREDATOR,21,-1.3399999999999714,163,93.94399999999992,6,2,23.650000000000343,35.800000000000466,0,0.1
2,B,PREDATOR,22,1.580000000000032,165,93.94399999999992,6,2,11.100000000000362,34.900000000000475,0,0.1
2,B,PREDATOR,23,3.5000000000000373,169,93.94399999999992,6,2,24.566666666667057,34.00000000000048,0,0.1
2,B,PREDATOR,24,0.13000000000003098,163,93.94399999999992,6,2,12.325000000000372,35.50000000000047,0,0.1
2,B,PREDATOR,25,7.42999999999998,168,93.94399999999992,6,2,19.291666666667044,34.30000000000048,0,0.1
2,B,PREDATOR,26,4.9200000000000355,174,93.94399999999992,6,2,14.691666666667048,32.2000000000005,0,0.1
2,B,PREDATOR,27,4.020000000000035,166,93.94399999999992,6,2,10.40000000000037,34.900000000000475,0,0.1
2,B,PREDATOR,28,4.970000000000033,169,93.94399999999992,6,2,19.441666666667043,33.25000000000049,0,0.1
2,B,PREDATOR,29,10.820000000000004,172,93.94399999999992,6,2,17.04166666666705,33.10000000000049,0,0.1
2,B,PREDATOR,30,8.094166666666785,171,93.94399999999992,5,2,19.780000000000353,31.750000000000497,1,0.1
2,B,PREDATOR,31,19.83916666666672,203,93.94399999999992,0,2,0.0,23.05000000000048,1,0.1
2,B,PREDATOR,32,12.454166666666756,188,93.94399999999992,5,2,2.5000000000003597,28.00000000000049,1,0.1
2,B,PREDATOR,33,4.460000000000031,171,93.94399999999992,6,2,8.325000000000363,31.450000000000493,0,0.1
2,B,PREDATOR,34,3.050000000000031,165,93.94399999999992,6,2,12.800000000000365,35.05000000000047,0,0.1
2,B,PREDATOR,35,8.79999999999999,178,93.94399999999992,6,2,15.366666666667049,31.000000000000497,0,0.1
2,B,PREDATOR,36,4.530000000000035,164,93.94399999999992,6,2,11.800000000000368,31.15000000000049,0,0.1
2,B,PREDATOR,37,4.990000000000034,167,93.94399999999992,6,2,19.42500000000036,34.45000000000048,0,0.1
2,B,PREDATOR,38,5.970000000000033,167,93.94399999999992,6,2,19.21666666666705,34.45000000000048,0,0.1
2,B,PREDATOR,39,10.829999999999965,171,93.94399999999992,6,2,9.725000000000358,33.10000000000049,0,0.1
2,B,PREDATOR,40,7.420000000000021,169,93.94399999999992,6,2,17.200000000000383,34.15000000000048,0,0.1
2,B,PREDATOR,41,13.279999999999983,171,93.94399999999992,6,2,9.000000000000357,33.700000000000486,0,0.1
2,B,PREDATOR,42,5.0000000000000355,166,93.94399999999992,6,2,19.16666666666705,35.20000000000047,0,0.1
2,B,PREDATOR,43,5.9300000000000335,171,93.94399999999992,6,2,9.700000000000363,32.800000000000495,0,0.1
2,B,PREDATOR,44,11.299999999999981,173,93.94399999999992,6,2,9.025000000000363,32.650000000000496,0,0.1
2,B,PREDATOR,45,13.219999999999995,177,93.94399999999992,6,2,6.52500000000036,28.900000000000492,0,0.1
2,B,PREDATOR,46,9.369999999999946,170,93.94399999999992,6,2,9.750000000000364,33.40000000000049,0,0.1
2,B,PREDATOR,47,8.38999999999997,170,93.94399999999992,6,2,9.175000000000361,31.00000000000049,0,0.1
2,B,PREDATOR,48,14.219999999999983,175,93.94399999999992,6,2,21.05833333333372,32.0500000000005,0,0.1
2,B,PREDATOR,49,12.760000000000007,174,93.94399999999992,6,2,7.900000000000362,32.3500000000005,0,0.1
2,B,PREDATOR,50,13.709999999999964,177,93.94399999999992,6,2,15.641666666667042,31.750000000000497,0,0.1
2,B,PREDATOR,51,13.699999999999934,178,93.94399999999992,6,2,20.92500000000039,29.35000000000049,0,0.1
2,B,PREDATOR,52,7.420000000000032,169,93.94399999999992,6,2,17.21666666666705,34.00000000000048,0,0.1
2,B,PREDATOR,53,14.160000000000004,181,93.94399999999992,5,2,5.980000000000355,35.11250000000058,1,0.1
2,B,PREDATOR,54,13.229999999999917,176,93.94399999999992,6,2,8.150000000000356,30.250000000000497,0,0.1
2,B,PREDATOR,55,8.849999999999989,173,93.94399999999992,6,2,24.241666666667058,32.95000000000049,0,0.1
2,B,PREDATOR,56,14.709999999999956,175,93.94399999999992,6,2,15.291666666667048,31.750000000000497,0,0.1
2,B,PREDATOR,57,18.119999999999976,177,93.94399999999992,6,2,22.44166666666706,31.6000000000005,0,0.1
2,B,PREDATOR,58,20.48999999999998,185,93.94399999999992,6,2,12.566666666667052,28.75000000000049,0,0.1
2,B,PREDATOR,59,12.239999999999986,177,93.94399999999992,6,2,7.4750000000003505,31.750000000000497,0,0.1
2,B,PREDATOR,60,14.209999999999967,176,93.94399999999992,6,2,16.266666666667046,30.550000000000495,0,0.1
2,B,PREDATOR,61,13.739999999999972,174,93.94399999999992,6,2,20.483333333333704,32.2000000000005,0,0.1
2,B,PREDATOR,62,20.499999999999964,184,93.94399999999992,6,2,3.700000000000357,28.60000000000049,0,0.1
2,B,PREDATOR,63,24.869999999999944,188,93.94399999999992,6,2,11.691666666667047,28.450000000000493,0,0.1
2,B,PREDATOR,64,13.699999999999902,178,93.94399999999992,6,2,13.550000000000372,31.6000000000005,0,0.1
2,B,PREDATOR,65,14.689999999999973,177,93.94399999999992,6,2,7.750000000000356,31.9000000000005,0,0.1
2,B,PREDATOR,66,11.299999999999928,173,93.94399999999992,6,2,16.641666666667017,32.800000000000495,0,0.1
2,B,PREDATOR,67,7.4099999999999735,170,93.94399999999992,6,2,10.375000000000357,33.700000000000486,0,0.1
2,B,PREDATOR,68,12.259999999999922,175,93.94399999999992,6,2,16.516666666667046,31.9000000000005,0,0.1
2,B,PREDATOR,69,12.729999999999938,177,93.94399999999992,6,2,14.316666666667052,31.750000000000497,0,0.1
2,B,PREDATOR,70,37.07166666666679,221,93.94399999999992,0,2,0.0,16.000000000000462,1,0.1
2,B,PREDATOR,71,16.599999999999927,182,93.94399999999992,6,2,5.20000000000036,29.650000000000496,0,0.1
2,B,PREDATOR,72,15.179999999999923,177,93.94399999999992,6,2,23.83333333333373,31.6000000000005,0,0.1
2,B,PREDATOR,73,19.549999999999905,181,93.94399999999992,6,2,12.325000000000372,30.100000000000495,0,0.1
2,B,PREDATOR,74,14.209999999999935,176,93.94399999999992,6,2,7.000000000000358,29.35000000000049,0,0.1
2,B,PREDATOR,75,14.209999999999903,176,93.94399999999992,6,2,13.516666666667037,31.750000000000497,0,0.1
2,B,PREDATOR,76,16.62999999999993,179,93.94399999999992,6,2,14.61666666666705,30.8500000000005,0,0.1
2,B,PREDATOR,77,35.96916666666672,207,93.94399999999992,0,2,0.0,22.150000000000475,1,0.1
2,B,PREDATOR,78,25.389999999999965,185,93.94399999999992,6,2,4.45000000000035,29.050000000000495,0,0.1
2,B,PREDATOR,79,20.99999999999993,183,93.94399999999992,6,2,4.775000000000351,28.900000000000492,0,0.1
2,B,PREDATOR,80,28.759999999999984,191,93.94399999999992,4,2,27.112500000000413,26.950000000000486,0,0.1
2,B,PREDATOR,81,33.04083333333338,195,93.94399999999992,2,2,24.600000000000442,28.12500000000056,2,0.1
2,B,PREDATOR,82,19.069999999999936,180,93.94399999999992,6,2,14.516666666667044,30.400000000000496,0,0.1
2,B,PREDATOR,83,21.459999999999937,186,93.94399999999992,6,2,12.116666666667053,28.75000000000049,0,0.1
2,B,PREDATOR,84,32.65999999999991,193,93.94399999999992,3,2,2.8000000000003475,26.350000000000485,0,0.1
2,B,PREDATOR,85,29.689999999999927,196,93.94399999999992,4,2,22.775000000000443,24.40000000000048,0,0.1
2,B,PREDATOR,86,23.91999999999993,185,93.94399999999992,6,2,12.591666666667052,29.35000000000049,0,0.1
2,B,PREDATOR,87,35.05666666666677,197,93.94399999999992,1,2,2.2000000000003688,22.600000000000477,1,0.1
2,B,PREDATOR,88,17.159999999999904,175,93.94399999999992,6,2,28.016666666667017,31.900000000000496,0,0.1
2,B,PREDATOR,89,15.70999999999993,173,93.94399999999992,6,2,7.85000000000036,32.5000000000005,0,0.1
2,B,PREDATOR,90,23.42000000000006,186,93.94399999999992,6,2,2.400000000000361,28.60000000000049,0,0.1
2,B,PREDATOR,91,15.219999999999915,173,93.94399999999992,6,2,8.150000000000361,32.5000000000005,0,0.1
2,B,PREDATOR,92,20.049999999999905,180,93.94399999999992,6,2,5.600000000000354,29.800000000000495,0,0.1
2,B,PREDATOR,93,21.519999999999918,180,93.94399999999992,6,2,19.71666666666707,30.700000000000497,0,0.1
2,B,PREDATOR,94,26.82999999999992,188,93.94399999999992,5,2,12.030000000000395,22.45000000000048,0,0.1
2,B,PREDATOR,95,31.689999999999962,192,93.94399999999992,2,2,27.000000000000455,27.25000000000049,0,0.1
2,B,PREDATOR,96,31.179999999999943,194,93.94399999999992,3,2,16.483333333333697,26.65000000000049,0,0.1
2,B,PREDATOR,97,33.62999999999995,194,93.94399999999992,2,2,25.575000000000465,26.200000000000486,0,0.1
2,B,PREDATOR,98,33.119999999999976,196,93.94399999999992,3,2,16.883333333333713,25.450000000000486,0,0.1
2,B,PREDATOR,99,26.779999999999937,193,93.94399999999992,3,2,2.2000000000003577,26.200000000000486,0,0.1
2,B,PREDATOR,100,35.09999999999996,194,93.94399999999992,3,2,31.3666666666671,25.900000000000485,0,0.1
2,B,PREDATOR,101,27.80999999999995,188,93.94399999999992,6,2,16.958333333333716,28.15000000000049,0,0.1
2,B,PREDATOR,102,28.270000000000053,191,93.94399999999992,4,2,16.250000000000398,26.800000000000487,0,0.1
2,B,PREDATOR,103,19.59999999999991,176,93.94399999999992,6,2,15.266666666667042,32.0500000000005,0,0.1
2,B,PREDATOR,104,33.089999999999954,199,93.94399999999992,1,2,47.450000000000585,25.000000000000483,0,0.1
2,B,PREDATOR,105,28.309999999999953,187,93.94399999999992,5,2,1.7800000000003577,28.60000000000049,0,0.1
2,B,PREDATOR,106,29.649999999999935,200,93.94399999999992,1,2,2.3500000000003665,24.10000000000048,0,0.1
2,B,PREDATOR,107,31.179999999999964,194,93.94399999999992,4,2,14.187500000000393,30.406250000000583,1,0.1
2,B,PREDATOR,108,32.659999999999975,193,93.94399999999992,2,2,45.87500000000047,26.500000000000487,0,0.1
2,B,PREDATOR,109,26.779999999999976,193,93.94399999999992,1,2,0.8500000000003656,26.500000000000487,0,0.1
2,B,PREDATOR,110,24.420000000000044,184,93.94399999999992,6,2,20.291666666667066,24.250000000000483,0,0.1
2,B,PREDATOR,111,30.729999999999986,190,93.94399999999992,3,2,21.38333333333374,27.70000000000049,0,0.1
2,B,PREDATOR,112,27.230000000000025,197,93.94399999999992,3,2,44.316666666667146,25.300000000000484,0,0.1
2,B,PREDATOR,113,28.760000000000034,191,93.94399999999992,4,2,28.312500000000455,26.800000000000487,0,0.1
2,B,PREDATOR,114,17.59999999999993,180,93.94399999999992,5,2,6.610000000000346,37.58750000000056,1,0.1
2,B,PREDATOR,115,19.08999999999991,178,93.94399999999992,6,2,21.83333333333374,31.000000000000497,0,0.1
2,B,PREDATOR,116,33.6,197,93.94399999999992,3,2,48.76666666666722,25.300000000000484,0,0.1
2,B,PREDATOR,117,39.93999999999989,200,93.94399999999992,3,2,15.783333333333756,24.40000000000048,0,0.1
2,B,PREDATOR,118,27.789999999999985,190,93.94399999999992,4,2,24.150000000000404,26.800000000000487,0,0.1
2,B,PREDATOR,119,32.18999999999997,191,93.94399999999992,3,2,30.350000000000275,26.950000000000486,0,0.1
2,B,PREDATOR,120,34.58999999999995,196,93.94399999999992,1,2,51.05000000000055,25.750000000000483,0,0.1
2,B,PREDATOR,121,47.68999999999989,209,93.94399999999992,1,2,46.850000000000584,21.400000000000475,0,0.1
2,B,PREDATOR,122,31.179999999999936,194,93.94399999999992,4,2,2.312500000000358,25.900000000000485,0,0.1
2,B,PREDATOR,123,36.99999999999993,200,93.94399999999992,2,2,25.57500000000045,25.000000000000483,0,0.1
2,B,PREDATOR,124,47.189999999999884,210,93.94399999999992,1,2,41.350000000000534,16.450000000000465,0,0.1
2,B,PREDATOR,125,43.759999999999934,210,93.94399999999992,2,2,46.775000000000595,21.700000000000475,0,0.1
2,B,PREDATOR,126,64.1891666666667,240,93.94399999999992,1,2,71.25000000000065,11.20000000000045,1,0.1
2,B,PREDATOR,127,14.850000000000007,112,93.94399999999992,6,3,45.10000000000028,22.800000000000168,0,0.1
2,B,PREDATOR,128,30.6899999999999,194,93.94399999999992,3,2,31.01666666666709,26.350000000000485,0,0.1
2,B,PREDATOR,129,34.08999999999999,197,93.94399999999992,3,2,1.2500000000003573,25.600000000000485,0,0.1
2,B,PREDATOR,130,30.700000000000017,193,93.94399999999992,2,2,22.950000000000443,24.10000000000048,0,0.1
2,B,PREDATOR,131,27.290000000000045,191,93.94399999999992,5,2,22.320000000000416,27.100000000000488,0,0.1
2,B,PREDATOR,132,32.18000000000003,192,93.94399999999992,3,2,30.283333333333733,26.800000000000487,0,0.1
2,B,PREDATOR,133,26.320000000000057,190,93.94399999999992,4,2,38.38750000000045,27.550000000000487,0,0.1
2,B,PREDATOR,134,25.87000000000001,186,93.94399999999992,6,2,18.608333333333736,27.85000000000049,0,0.1
2,B,PREDATOR,135,35.550000000000026,198,93.94399999999992,2,2,1.8250000000003554,24.40000000000048,0,0.1
2,B,PREDATOR,136,29.250000000000014,191,93.94399999999992,2,2,3.5500000000003498,27.40000000000049,0,0.1
2,B,PREDATOR,137,48.19999999999989,207,93.94399999999992,3,2,47.366666666667214,22.600000000000477,0,0.1
2,B,PREDATOR,138,39.92999999999995,201,93.94399999999992,1,2,42.35000000000052,24.40000000000048,0,0.1
2,B,PREDATOR,139,35.52999999999999,200,93.94399999999992,2,2,24.600000000000474,24.700000000000482,0,0.1
2,B,PREDATOR,140,42.79999999999997,208,93.94399999999992,0,2,0.0,20.950000000000472,0,0.1
2,B,PREDATOR,141,35.489999999999995,204,93.94399999999992,1,2,57.55000000000037,23.65000000000048,0,0.1
2,B,PREDATOR,142,34.10999999999998,195,93.94399999999992,2,2,4.300000000000349,24.10000000000048,0,0.1
2,B,PREDATOR,143,43.80999999999993,205,93.94399999999992,3,2,22.60000000000035,22.150000000000475,0,0.1
2,B,PREDATOR,144,27.320000000000043,188,93.94399999999992,6,2,1.725000000000353,27.550000000000487,0,0.1
2,B,PREDATOR,145,35.069999999999986,197,93.94399999999992,3,2,17.050000000000388,25.750000000000483,0,0.1
2,B,PREDATOR,146,37.5,199,93.94399999999992,3,2,42.88333333333372,24.40000000000048,0,0.1
2,B,PREDATOR,147,48.209999999999894,206,93.94399999999992,0,2,0.0,22.900000000000478,0,0.1
2,B,PREDATOR,148,36.49999999999995,201,93.94399999999992,2,2,24.675000000000445,24.250000000000483,0,0.1
2,B,PREDATOR,149,53.059999999999874,211,93.94399999999992,2,2,43.325000000000585,20.950000000000472,0,0.1
2,B,PREDATOR,150,45.27999999999992,205,93.94399999999992,2,2,43.72500000000058,22.750000000000476,0,0.1
2,B,PREDATOR,151,19.690000000000012,118,93.94399999999992,6,3,31.87500000000036,19.100000000000172,0,0.1
2,B,PREDATOR,152,39.929999999999964,201,93.94399999999992,2,2,22.600000000000446,24.10000000000048,0,0.1
2,B,PREDATOR,153,41.27999999999996,213,93.94399999999992,0,2,0.0,16.000000000000462,0,0.1
2,B,PREDATOR,154,53.51999999999986,214,93.94399999999992,2,2,37.95000000000059,19.90000000000047,0,0.1
2,B,PREDATOR,155,52.05999999999989,213,93.94399999999992,2,2,61.450000000000585,20.800000000000473,0,0.1
2,B,PREDATOR,156,49.11999999999989,213,93.94399999999992,2,2,39.27500000000049,20.800000000000473,0,0.1
2,B,PREDATOR,157,45.2799999999999,205,93.94399999999992,2,2,48.125000000000576,23.05000000000048,0,0.1
2,B,PREDATOR,158,43.25999999999998,211,93.94399999999992,2,2,35.0750000000005,21.400000000000475,0,0.1
2,B,PREDATOR,159,47.19999999999993,209,93.94399999999992,0,2,0.0,22.300000000000477,0,0.1
2,B,PREDATOR,160,45.59166666666689,221,93.94399999999992,2,2,39.80000000000058,15.10000000000046,1,0.1
2,B,PREDATOR,161,21.459999999999894,186,93.94399999999992,6,2,34.07500000000033,28.75000000000049,0,0.1
2,B,PREDATOR,162,31.67000000000005,194,93.94399999999992,3,2,19.73333333333375,26.050000000000487,0,0.1
2,B,PREDATOR,163,36.07,195,93.94399999999992,4,2,15.200000000000387,26.350000000000485,0,0.1
2,B,PREDATOR,164,43.79999999999994,206,93.94399999999992,2,2,44.40000000000057,22.45000000000048,0,0.1
2,B,PREDATOR,165,35.07000000000002,197,93.94399999999992,2,2,1.7500000000003677,19.00000000000047,0,0.1
2,B,PREDATOR,166,33.11,197,93.94399999999992,3,2,16.05000000000041,25.000000000000483,0,0.1
2,B,PREDATOR,167,37.02,198,93.94399999999992,3,2,2.6000000000003496,25.450000000000486,0,0.1
2,B,PREDATOR,168,42.83999999999989,204,93.94399999999992,2,2,47.22500000000057,22.300000000000477,0,0.1
2,B,PREDATOR,169,46.2499999999999,206,93.94399999999992,0,2,0.0,22.900000000000478,0,0.1
2,B,PREDATOR,170,38.97999999999998,198,93.94399999999992,2,2,2.0500000000003684,25.000000000000483,0,0.1
2,B,PREDATOR,171,53.03999999999986,213,93.94399999999992,1,2,45.800000000000594,20.650000000000475,0,0.1
2,B,PREDATOR,172,61.876666666666715,229,93.94399999999992,1,2,35.350000000000605,13.600000000000456,1,0.1
2,B,PREDATOR,173,35.54999999999988,198,93.94399999999992,2,2,20.550000000000374,23.350000000000477,0,0.1
2,B,PREDATOR,174,44.76999999999984,207,93.94399999999992,1,2,35.45000000000047,22.150000000000475,0,0.1
2,B,PREDATOR,175,35.529999999999944,200,93.94399999999992,3,2,32.23333333333381,24.700000000000482,0,0.1
2,B,PREDATOR,176,36.46000000000002,205,93.94399999999992,2,2,42.27500000000054,14.950000000000461,0,0.1
2,B,PREDATOR,177,38.48999999999999,198,93.94399999999992,2,2,2.2000000000003497,25.15000000000048,0,0.1
2,B,PREDATOR,178,36.999999999999986,200,93.94399999999992,2,2,41.65000000000027,24.250000000000483,0,0.1
2,B,PREDATOR,179,10.89999999999994,115,93.94399999999992,6,3,40.166666666667005,25.200000000000177,0,0.1
2,B,PREDATOR,180,35.56,197,93.94399999999992,2,2,1.2250000000003518,25.300000000000484,0,0.1
2,B,PREDATOR,181,38.93999999999998,202,93.94399999999992,2,2,65.52500000000055,23.95000000000048,0,0.1
2,B,PREDATOR,182,58.723333333333535,237,93.94399999999992,0,2,0.0,12.20625000000052,2,0.1
2,B,PREDATOR,183,42.31999999999984,207,93.94399999999992,1,2,45.0500000000006,22.600000000000477,0,0.1
2,B,PREDATOR,184,31.180000000000007,194,93.94399999999992,2,2,2.500000000000349,26.500000000000487,0,0.1
2,B,PREDATOR,185,74.70083333333343,259,93.94399999999992,0,1,0.0,3.700000000000446,1,0.1
2,B,PREDATOR,186,42.81999999999997,206,93.94399999999992,0,2,0.0,23.05000000000048,0,0.1
2,B,PREDATOR,187,46.69999999999995,210,93.94399999999992,1,2,39.70000000000057,21.550000000000473,0,0.1
2,B,PREDATOR,188,43.81999999999998,204,93.94399999999992,1,2,0.8500000000003682,23.50000000000048,0,0.1
2,B,PREDATOR,189,57.40999999999988,217,93.94399999999992,0,2,0.0,19.30000000000047,0,0.1
2,B,PREDATOR,190,36.02999999999998,199,93.94399999999992,2,2,48.15000000000053,24.10000000000048,0,0.1
2,B,PREDATOR,191,52.54999999999988,213,93.94399999999992,0,2,0.0,20.800000000000473,0,0.1
2,B,PREDATOR,192,76.3941666666664,254,93.94399999999992,0,1,0.0,4.000000000000446,1,0.1
2,B,PREDATOR,193,41.370000000000005,204,93.94399999999992,0,2,0.0,28.175000000000605,1,0.1
2,B,PREDATOR,194,40.39999999999997,203,93.94399999999992,2,2,1.5250000000003339,23.65000000000048,0,0.1
2,B,PREDATOR,195,45.73999999999996,208,93.94399999999992,0,2,0.0,22.300000000000477,0,0.1
2,B,PREDATOR,196,38.46,201,93.94399999999992,4,2,24.450000000000458,24.40000000000048,0,0.1
2,B,PREDATOR,197,36.520000000000024,199,93.94399999999992,0,2,0.0,25.15000000000048,0,0.1
2,B,PREDATOR,198,28.770000000000074,190,93.94399999999992,2,2,26.625000000000448,27.550000000000487,0,0.1
2,B,PREDATOR,199,35.06000000000001,198,93.94399999999992,1,2,2.050000000000365,25.300000000000484,0,0.1
2,B,PREDATOR,200,36.49000000000005,202,93.94399999999992,2,2,40.2500000000005,24.10000000000048,0,0.1
2,B,PREDATOR,201,45.71999999999994,210,93.94399999999992,3,2,30.316666666667185,21.700000000000475,0,0.1
2,B,PREDATOR,202,61.299999999999876,220,93.94399999999992,3,2,36.65000000000057,16.000000000000462,0,0.1
2,B,PREDATOR,203,54.94999999999988,218,93.94399999999992,2,2,43.27500000000057,17.200000000000465,0,0.1
2,B,PREDATOR,204,48.67999999999992,208,93.94399999999992,0,2,0.0,21.700000000000475,0,0.1
2,B,PREDATOR,205,66.6299999999999,226,93.94399999999992,2,2,41.67500000000063,14.800000000000459,0,0.1
2,B,PREDATOR,206,46.23999999999989,207,93.94399999999992,2,2,47.67500000000059,22.150000000000475,0,0.1
2,B,PREDATOR,207,58.88999999999985,216,93.94399999999992,2,2,42.67500000000058,14.800000000000459,0,0.1
2,B,PREDATOR,208,61.74999999999989,224,93.94399999999992,2,2,37.42500000000055,13.750000000000457,0,0.1
2,B,PREDATOR,209,26.979999999999972,124,93.94399999999992,6,2,29.250000000000366,26.400000000000237,0,0.1
2,B,PREDATOR,210,54.50999999999985,213,93.94399999999992,0,2,0.0,21.100000000000474,0,0.1
2,B,PREDATOR,211,47.129999999999974,216,93.94399999999992,1,2,42.650000000000645,18.70000000000047,0,0.1
2,B,PREDATOR,212,51.10999999999987,210,93.94399999999992,1,2,42.40000000000053,20.800000000000473,0,0.1
2,B,PREDATOR,213,40.40999999999996,202,93.94399999999992,2,2,0.7000000000003366,23.95000000000048,0,0.1
2,B,PREDATOR,214,38.96999999999998,199,93.94399999999992,1,2,44.65000000000048,23.50000000000048,0,0.1
2,B,PREDATOR,215,57.869999999999905,220,93.94399999999992,1,2,43.40000000000063,16.000000000000462,0,0.1
2,B,PREDATOR,216,28.3100000000001,187,93.94399999999992,6,2,11.50000000000037,28.30000000000049,0,0.1
2,B,PREDATOR,217,28.77000000000011,190,93.94399999999992,2,2,3.850000000000363,28.00000000000049,0,0.1
2,B,PREDATOR,218,40.920000000000016,200,93.94399999999992,2,2,24.900000000000457,24.850000000000485,0,0.1
2,B,PREDATOR,219,48.179999999999914,209,93.94399999999992,0,2,0.0,17.500000000000465,0,0.1
2,B,PREDATOR,220,64.17999999999985,226,93.94399999999992,1,2,41.750000000000625,14.95000000000046,0,0.1
2,B,PREDATOR,221,57.4099999999999,217,93.94399999999992,0,2,0.0,19.30000000000047,0,0.1
2,B,PREDATOR,222,69.07999999999991,226,93.94399999999992,0,2,0.0,13.600000000000456,0,0.1
2,B,PREDATOR,223,54.51999999999992,212,93.94399999999992,0,2,0.0,19.60000000000047,0,0.1
2,B,PREDATOR,224,62.72999999999987,224,93.94399999999992,2,2,42.57500000000063,15.10000000000046,0,0.1
2,B,PREDATOR,225,68.07999999999991,228,93.94399999999992,1,2,39.8000000000006,12.100000000000453,0,0.1
2,B,PREDATOR,226,69.0699999999999,227,93.94399999999992,2,2,37.92500000000058,11.800000000000452,0,0.1
2,B,PREDATOR,227,67.0499999999999,233,93.94399999999992,1,2,25.750000000000654,9.400000000000446,0,0.1
2,B,PREDATOR,228,61.22999999999994,227,93.94399999999992,1,2,41.30000000000064,13.600000000000456,0,0.1
2,B,PREDATOR,229,59.35999999999989,218,93.94399999999992,3,2,42.800000000000615,18.100000000000467,0,0.1
2,B,PREDATOR,230,65.12999999999985,229,93.94399999999992,1,2,40.85000000000064,12.100000000000453,0,0.1
2,B,PREDATOR,231,64.68999999999988,224,93.94399999999992,2,2,37.87500000000063,16.300000000000463,0,0.1
2,B,PREDATOR,232,66.12999999999988,227,93.94399999999992,0,2,0.0,13.000000000000455,0,0.1
2,B,PREDATOR,233,61.29999999999988,220,93.94399999999992,0,2,0.0,17.950000000000465,0,0.1
2,B,PREDATOR,234,42.854166666666764,213,93.94399999999992,0,2,0.0,20.800000000000473,1,0.1
2,B,PREDATOR,235,33.59000000000008,198,93.94399999999992,2,2,22.575000000000415,24.250000000000483,0,0.1
2,B,PREDATOR,236,49.13999999999993,211,93.94399999999992,2,2,62.850000000000534,26.262500000000607,1,0.1
2,B,PREDATOR,237,46.08,223,93.94399999999992,1,2,42.95000000000063,25.125000000000554,1,0.1
2,B,PREDATOR,238,57.299999999999656,228,93.94399999999992,1,2,40.85000000000064,12.250000000000453,0,0.1
2,B,PREDATOR,239,53.51999999999991,214,93.94399999999992,1,2,43.85000000000055,17.800000000000466,0,0.1
2,B,PREDATOR,240,36.54,197,93.94399999999992,3,2,18.683333333333763,33.525000000000524,1,0.1
2,B,PREDATOR,241,37.500000000000014,199,93.94399999999992,3,2,14.78333333333373,25.000000000000483,0,0.1
2,B,PREDATOR,242,38.47,200,93.94399999999992,1,2,39.35000000000045,19.450000000000472,0,0.1
2,B,PREDATOR,243,51.59999999999992,210,93.94399999999992,0,2,0.0,21.700000000000475,0,0.1
2,B,PREDATOR,244,54.50999999999966,213,93.94399999999992,0,2,0.0,20.500000000000473,0,0.1
2,B,PREDATOR,245,44.82999999999996,201,93.94399999999992,0,2,0.0,32.62500000000053,1,0.1
2,B,PREDATOR,246,70.99999999999994,230,93.94399999999992,0,2,0.0,10.300000000000448,0,0.1
2,B,PREDATOR,247,54.479999999999656,216,93.94399999999992,1,2,45.05000000000061,34.33125000000064,2,0.1
2,B,PREDATOR,248,66.61999999999993,227,93.94399999999992,3,2,32.333333333333925,12.700000000000454,0,0.1
2,B,PREDATOR,249,56.41999999999968,218,93.94399999999992,1,2,41.35000000000055,19.30000000000047,0,0.1
2,B,PREDATOR,250,64.6899999999998,224,93.94399999999992,1,2,37.60000000000059,10.000000000000453,0,0.1
3,A,PREY,1,-3.819999999999979,166,70.16299999999971,6,2,10.925000000000367,35.20000000000047,0,0.0
3,A,PREY,2,-3.3299999999999716,166,70.16299999999971,6,2,11.575000000000367,35.20000000000047,0,0.0
3,A,PREY,3,-1.8699999999999726,167,70.16299999999971,6,2,31.066666666667015,34.45000000000048,0,0.0
3,A,PREY,4,0.06000000000002892,170,70.16299999999971,6,2,9.30000000000036,33.10000000000049,0,0.0
3,A,PREY,5,-6.249999999999977,164,70.16299999999971,6,2,12.050000000000367,35.50000000000047,0,0.0
3,A,PREY,6,-3.8299999999999734,167,70.16299999999971,6,2,27.166666666667055,31.600000000000485,0,0.0
3,A,PREY,7,3.9400000000000315,174,70.16299999999971,6,2,36.89166666666707,32.3500000000005,0,0.0
3,A,PREY,8,0.5600000000000307,169,70.16299999999971,6,2,26.333333333333737,32.80000000000049,0,0.0
3,A,PREY,9,-0.3999999999999666,167,70.16299999999971,6,2,11.925000000000367,34.30000000000048,0,0.0
3,A,PREY,10,-4.799999999999988,166,70.16299999999971,6,2,35.60833333333374,34.750000000000476,0,0.0
3,A,PREY,11,-1.879999999999983,168,70.16299999999971,6,2,26.983333333333736,34.30000000000048,0,0.0
3,A,PREY,12,-0.8999999999999684,168,70.16299999999971,6,2,12.050000000000361,30.850000000000485,0,0.0
3,A,PREY,13,0.5700000000000287,168,70.16299999999971,6,2,19.79166666666705,34.00000000000048,0,0.0
3,A,PREY,14,1.550000000000031,168,70.16299999999971,6,2,34.450000000000415,34.45000000000048,0,0.0
3,A,PREY,15,1.5400000000000311,169,70.16299999999971,6,2,25.733333333333736,34.00000000000048,0,0.0
3,A,PREY,16,3.9700000000000344,171,70.16299999999971,6,2,17.016666666667046,32.650000000000496,0,0.0
3,A,PREY,17,5.890000000000034,175,70.16299999999971,6,2,49.950000000000365,32.2000000000005,0,0.0
3,A,PREY,18,0.060000000000025366,170,70.16299999999971,6,2,24.083333333333727,33.850000000000485,0,0.0
3,A,PREY,19,1.970000000000038,175,70.16299999999971,6,2,16.441666666667047,32.2000000000005,0,0.0
3,A,PREY,20,4.440000000000033,173,70.16299999999971,6,2,16.500000000000373,32.800000000000495,0,0.0
3,A,PREY,21,7.370000000000017,174,70.16299999999971,6,2,14.616666666667038,32.3500000000005,0,0.0
3,A,PREY,22,-1.869999999999969,167,70.16299999999971,6,2,11.300000000000354,34.00000000000048,0,0.0
3,A,PREY,23,-1.8799999999999706,168,70.16299999999971,6,2,10.700000000000365,34.30000000000048,0,0.0
3,A,PREY,24,3.0000000000000355,170,70.16299999999971,6,2,26.216666666667052,33.700000000000486,0,0.0
3,A,PREY,25,1.0400000000000365,170,70.16299999999971,6,2,17.36666666666705,33.850000000000485,0,0.0
3,A,PREY,26,8.78000000000002,180,70.16299999999971,6,2,15.625000000000346,30.8500000000005,0,0.0
3,A,PREY,27,6.390000000000034,174,70.16299999999971,6,2,29.37500000000033,32.3500000000005,0,0.0
3,A,PREY,28,3.460000000000038,173,70.16299999999971,6,2,9.050000000000356,32.0500000000005,0,0.0
3,A,PREY,29,8.34000000000001,175,70.16299999999971,6,2,7.050000000000359,29.050000000000495,0,0.0
3,A,PREY,30,4.450000000000038,172,70.16299999999971,6,2,17.666666666667048,33.25000000000049,0,0.0
3,A,PREY,31,3.440000000000035,175,70.16299999999971,6,2,15.24166666666705,32.2000000000005,0,0.0
3,A,PREY,32,6.900000000000025,172,70.16299999999971,6,2,23.916666666667037,32.050000000000495,0,0.0
3,A,PREY,33,10.31,174,70.16299999999971,6,2,6.900000000000361,32.3500000000005,0,0.0
3,A,PREY,34,6.400000000000018,173,70.16299999999971,6,2,8.400000000000356,32.800000000000495,0,0.0
3,A,PREY,35,4.950000000000035,171,70.16299999999971,6,2,8.500000000000362,32.95000000000049,0,0.0
3,A,PREY,36,12.719999999999999,178,70.16299999999971,6,2,13.891666666667048,30.8500000000005,0,0.0
3,A,PREY,37,5.920000000000023,172,70.16299999999971,6,2,25.858333333333732,33.10000000000049,0,0.0
3,A,PREY,38,9.809999999999986,175,70.16299999999971,6,2,14.21666666666705,32.2000000000005,0,0.0
3,A,PREY,39,9.820000000000007,174,70.16299999999971,6,2,14.550000000000372,32.650000000000496,0,0.0
3,A,PREY,40,1.0500000000000362,169,70.16299999999971,6,2,18.09166666666705,33.40000000000049,0,0.0
3,A,PREY,41,2.0100000000000353,171,70.16299999999971,6,2,23.958333333333716,33.10000000000049,0,0.0
3,A,PREY,42,7.340000000000035,177,70.16299999999971,6,2,16.34166666666704,31.4500000000005,0,0.0
3,A,PREY,43,4.430000000000039,174,70.16299999999971,6,2,7.7750000000003645,32.2000000000005,0,0.0
3,A,PREY,44,12.729999999999935,177,70.16299999999971,6,2,13.925000000000376,31.150000000000496,0,0.0
3,A,PREY,45,9.819999999999938,174,70.16299999999971,6,2,8.575000000000358,32.5000000000005,0,0.0
3,A,PREY,46,6.400000000000036,173,70.16299999999971,6,2,15.091666666667047,29.200000000000493,0,0.0
3,A,PREY,47,7.369999999999989,174,70.16299999999971,6,2,7.775000000000358,32.3500000000005,0,0.0
3,A,PREY,48,7.369999999999939,174,70.16299999999971,6,2,16.01666666666705,32.650000000000496,0,0.0
3,A,PREY,49,4.950000000000035,171,70.16299999999971,6,2,16.925000000000367,33.40000000000049,0,0.0
3,A,PREY,50,8.83999999999996,174,70.16299999999971,6,2,21.35000000000031,32.0500000000005,0,0.0
3,A,PREY,51,10.799999999999951,174,70.16299999999971,4,2,21.31250000000039,32.5000000000005,0,0.0
3,A,PREY,52,7.379999999999955,173,70.16299999999971,6,2,17.166666666667044,33.10000000000049,0,0.0
3,A,PREY,53,5.900000000000036,174,70.16299999999971,6,2,15.550000000000374,32.2000000000005,0,0.0
3,A,PREY,54,5.890000000000038,175,70.16299999999971,6,2,8.000000000000353,32.3500000000005,0,0.0
3,A,PREY,55,9.78999999999993,177,70.16299999999971,6,2,20.933333333333735,28.75000000000049,0,0.0
3,A,PREY,56,5.400000000000038,175,70.16299999999971,6,2,23.11666666666707,32.2000000000005,0,0.0
3,A,PREY,57,12.709999999999942,179,70.16299999999971,6,2,14.416666666667048,26.65000000000049,0,0.0
3,A,PREY,58,10.790000000000003,175,70.16299999999971,6,2,15.716666666667045,32.5000000000005,0,0.0
3,A,PREY,59,4.440000000000035,173,70.16299999999971,6,2,8.450000000000358,32.0500000000005,0,0.0
3,A,PREY,60,6.879999999999933,174,70.16299999999971,6,2,8.875000000000357,31.450000000000493,0,0.0
3,A,PREY,61,8.829999999999933,175,70.16299999999971,6,2,22.766666666667064,31.6000000000005,0,0.0
3,A,PREY,62,11.259999999999943,177,70.16299999999971,5,2,20.120000000000395,31.4500000000005,0,0.0
3,A,PREY,63,22.969999999999985,182,70.16299999999971,6,2,19.641666666667046,30.100000000000495,0,0.0
3,A,PREY,64,20.529999999999937,181,70.16299999999971,6,2,5.475000000000357,30.100000000000495,0,0.0
3,A,PREY,65,10.799999999999924,174,70.16299999999971,6,2,31.800000000000423,31.9000000000005,0,0.0
3,A,PREY,66,12.739999999999942,176,70.16299999999971,6,2,6.925000000000355,30.550000000000495,0,0.0
3,A,PREY,67,5.9100000000000055,173,70.16299999999971,6,2,18.291666666667044,33.10000000000049,0,0.0
3,A,PREY,68,11.279999999999964,175,70.16299999999971,6,2,24.691666666667057,32.3500000000005,0,0.0
3,A,PREY,69,12.679999999999927,182,70.16299999999971,6,2,5.37500000000036,28.450000000000493,0,0.0
3,A,PREY,70,18.09999999999995,179,70.16299999999971,6,2,13.341666666667052,30.550000000000495,0,0.0
3,A,PREY,71,17.11,180,70.16299999999971,6,2,20.683333333333735,30.700000000000497,0,0.0
3,A,PREY,72,24.429999999999975,183,70.16299999999971,6,2,4.4750000000003585,29.35000000000049,0,0.0
3,A,PREY,73,13.679999999999902,180,70.16299999999971,6,2,4.950000000000361,30.550000000000495,0,0.0
3,A,PREY,74,19.059999999999924,181,70.16299999999971,6,2,12.991666666667038,30.100000000000495,0,0.0
3,A,PREY,75,26.369999999999916,185,70.16299999999971,6,2,12.691666666667041,28.75000000000049,0,0.0
3,A,PREY,76,17.599999999999923,180,70.16299999999971,6,2,13.441666666667055,30.250000000000497,0,0.0
3,A,PREY,77,13.219999999999919,177,70.16299999999971,6,2,22.183333333333707,31.6000000000005,0,0.0
3,A,PREY,78,31.17999999999994,194,70.16299999999971,2,2,51.80000000000055,26.200000000000486,0,0.0
3,A,PREY,79,15.14999999999993,180,70.16299999999971,6,2,6.150000000000354,30.8500000000005,0,0.0
3,A,PREY,80,19.55999999999994,180,70.16299999999971,6,2,4.425000000000361,30.550000000000495,0,0.0
3,A,PREY,81,25.86999999999992,186,70.16299999999971,6,2,4.3750000000003535,28.00000000000049,0,0.0
3,A,PREY,82,18.549999999999955,183,70.16299999999971,6,2,3.5000000000003584,27.100000000000488,0,0.0
3,A,PREY,83,20.029999999999937,182,70.16299999999971,6,2,5.0500000000003515,30.100000000000495,0,0.0
3,A,PREY,84,25.85999999999997,187,70.16299999999971,6,2,10.216666666667052,28.30000000000049,0,0.0
3,A,PREY,85,24.879999999999946,187,70.16299999999971,5,2,1.5700000000003647,38.65000000000049,1,0.0
3,A,PREY,86,25.35999999999997,188,70.16299999999971,6,2,3.100000000000355,28.450000000000493,0,0.0
3,A,PREY,87,24.409999999999954,185,70.16299999999971,6,2,18.88333333333375,29.050000000000495,0,0.0
3,A,PREY,88,31.18999999999997,193,70.16299999999971,2,2,23.425000000000427,26.950000000000486,0,0.0
3,A,PREY,89,30.259999999999952,188,70.16299999999971,6,2,16.675000000000317,27.85000000000049,0,0.0
3,A,PREY,90,15.669999999999922,177,70.16299999999971,6,2,6.600000000000361,30.550000000000495,0,0.0
3,A,PREY,91,27.819999999999954,187,70.16299999999971,6,2,3.4500000000003546,28.60000000000049,0,0.0
3,A,PREY,92,18.069999999999922,182,70.16299999999971,6,2,20.858333333333743,30.250000000000497,0,0.0
3,A,PREY,93,19.049999999999912,182,70.16299999999971,6,2,27.866666666667005,29.650000000000496,0,0.0
3,A,PREY,94,27.309999999999956,189,70.16299999999971,6,2,1.2500000000003577,27.550000000000487,0,0.0
3,A,PREY,95,13.209999999999917,178,70.16299999999971,6,2,30.033333333333758,31.300000000000498,0,0.0
3,A,PREY,96,16.629999999999903,179,70.16299999999971,6,2,13.450000000000372,31.150000000000496,0,0.0
3,A,PREY,97,23.899999999999938,187,70.16299999999971,6,2,19.508333333333727,28.450000000000493,0,0.0
3,A,PREY,98,20.999999999999908,183,70.16299999999971,6,2,12.341666666667052,27.100000000000488,0,0.0
3,A,PREY,99,20.029999999999923,182,70.16299999999971,6,2,6.32500000000035,29.800000000000495,0,0.0
3,A,PREY,100,19.5299999999999,183,70.16299999999971,6,2,18.416666666667048,28.900000000000492,0,0.0
3,A,PREY,101,20.019999999999904,183,70.16299999999971,6,2,11.791666666667055,29.800000000000495,0,0.0
3,A,PREY,102,21.47999999999991,184,70.16299999999971,6,2,10.691666666667048,29.35000000000049,0,0.0
3,A,PREY,103,18.569999999999908,181,70.16299999999971,6,2,13.241666666667049,30.700000000000497,0,0.0
3,A,PREY,104,21.48999999999989,183,70.16299999999971,6,2,11.316666666667055,29.650000000000496,0,0.0
3,A,PREY,105,29.749999999999925,190,70.16299999999971,2,2,3.1750000000003555,24.850000000000485,0,0.0
3,A,PREY,106,23.920000000000023,185,70.16299999999971,6,2,9.391666666667035,29.050000000000495,0,0.0
3,A,PREY,107,23.429999999999932,185,70.16299999999971,6,2,23.76666666666704,29.200000000000493,0,0.0
3,A,PREY,108,20.019999999999932,183,70.16299999999971,6,2,10.316666666667025,28.00000000000049,0,0.0
3,A,PREY,109,15.159999999999885,179,70.16299999999971,6,2,6.300000000000355,30.550000000000495,0,0.0
3,A,PREY,110,13.709999999999868,177,70.16299999999971,6,2,7.100000000000354,31.300000000000498,0,0.0
3,A,PREY,111,25.36999999999993,187,70.16299999999971,6,2,10.816666666667055,28.60000000000049,0,0.0
3,A,PREY,112,12.219999999999873,179,70.16299999999971,6,2,4.95000000000036,30.550000000000495,0,0.0
3,A,PREY,113,6.87999999999988,174,70.16299999999971,6,2,15.516666666667044,32.5000000000005,0,0.0
3,A,PREY,114,14.169999999999893,180,70.16299999999971,6,2,12.266666666667026,29.500000000000494,0,0.0
3,A,PREY,115,22.92999999999991,186,70.16299999999971,6,2,25.283333333333744,28.00000000000049,0,0.0
3,A,PREY,116,21.479999999999905,184,70.16299999999971,6,2,19.366666666667033,29.500000000000494,0,0.0
3,A,PREY,117,21.899999999999892,191,70.16299999999971,5,2,11.070000000000366,24.55000000000048,0,0.0
3,A,PREY,118,31.729999999999986,188,70.16299999999971,6,2,2.225000000000358,28.00000000000049,0,0.0
3,A,PREY,119,24.420000000000066,184,70.16299999999971,6,2,3.525000000000356,29.650000000000496,0,0.0
3,A,PREY,120,21.459999999999923,186,70.16299999999971,6,2,2.375000000000362,25.750000000000483,0,0.0
3,A,PREY,121,24.409999999999908,185,70.16299999999971,6,2,3.900000000000364,25.750000000000483,0,0.0
3,A,PREY,122,22.480000000000018,182,70.16299999999971,6,2,12.041666666667028,29.35000000000049,0,0.0
3,A,PREY,123,22.920000000000073,187,70.16299999999971,6,2,2.000000000000359,28.450000000000493,0,0.0
3,A,PREY,124,24.890000000000057,186,70.16299999999971,6,2,2.6250000000003593,28.450000000000493,0,0.0
3,A,PREY,125,39.00999999999991,195,70.16299999999971,4,2,26.725000000000264,25.750000000000483,0,0.0
3,A,PREY,126,38.029999999999944,195,70.16299999999971,3,2,18.783333333333754,26.200000000000486,0,0.0
3,A,PREY,127,38.99999999999994,196,70.16299999999971,2,2,25.725000000000453,25.750000000000483,0,0.0
3,A,PREY,128,50.219999999999885,201,70.16299999999971,1,2,2.0500000000003666,24.250000000000483,0,0.0
3,A,PREY,129,42.419999999999966,197,70.16299999999971,2,2,23.700000000000372,22.750000000000476,0,0.0
3,A,PREY,130,37.54999999999994,194,70.16299999999971,2,2,3.9250000000003373,26.500000000000487,0,0.0
3,A,PREY,131,42.429999999999914,196,70.16299999999971,2,2,1.3000000000003356,25.450000000000486,0,0.0
3,A,PREY,132,37.07999999999998,192,70.16299999999971,4,2,2.7625000000003572,26.500000000000487,0,0.0
3,A,PREY,133,36.09999999999995,192,70.16299999999971,4,2,4.600000000000361,23.50000000000048,0,0.0
3,A,PREY,134,29.750000000000025,190,70.16299999999971,5,2,13.23000000000037,27.40000000000049,0,0.0
3,A,PREY,135,24.38000000000004,188,70.16299999999971,6,2,10.266666666667058,26.950000000000486,0,0.0
3,A,PREY,136,19.539999999999907,182,70.16299999999971,6,2,3.3000000000003626,27.70000000000049,0,0.0
3,A,PREY,137,28.790000000000056,188,70.16299999999971,6,2,11.341666666667058,26.200000000000486,0,0.0
3,A,PREY,138,28.320000000000036,186,70.16299999999971,6,2,10.091666666667043,28.900000000000492,0,0.0
3,A,PREY,139,29.290000000000063,187,70.16299999999971,6,2,19.033333333333754,28.75000000000049,0,0.0
3,A,PREY,140,31.22000000000002,190,70.16299999999971,2,2,3.8500000000003274,24.850000000000485,0,0.0
3,A,PREY,141,37.53999999999998,195,70.16299999999971,3,2,15.733333333333734,24.40000000000048,0,0.0
3,A,PREY,142,38.02999999999997,195,70.16299999999971,3,2,15.700000000000399,25.600000000000485,0,0.0
3,A,PREY,143,29.770000000000067,188,70.16299999999971,6,2,26.358333333333764,26.950000000000486,0,0.0
3,A,PREY,144,22.940000000000076,185,70.16299999999971,6,2,17.68333333333374,28.60000000000049,0,0.0
3,A,PREY,145,33.179999999999964,190,70.16299999999971,2,2,2.5750000000003617,26.350000000000485,0,0.0
3,A,PREY,146,27.810000000000038,188,70.16299999999971,6,2,18.250000000000398,28.450000000000493,0,0.0
3,A,PREY,147,29.280000000000044,188,70.16299999999971,6,2,10.066666666667055,28.15000000000049,0,0.0
3,A,PREY,148,25.40000000000007,184,70.16299999999971,6,2,13.250000000000371,29.500000000000494,0,0.0
3,A,PREY,149,39.97999999999996,196,70.16299999999971,2,2,2.2750000000003547,25.750000000000483,0,0.0
3,A,PREY,150,33.190000000000026,189,70.16299999999971,6,2,1.5250000000003592,28.00000000000049,0,0.0
3,A,PREY,151,26.380000000000052,184,70.16299999999971,6,2,10.591666666667047,29.200000000000493,0,0.0
3,A,PREY,152,23.430000000000035,185,70.16299999999971,6,2,10.02500000000038,29.35000000000049,0,0.0
3,A,PREY,153,27.350000000000072,185,70.16299999999971,6,2,17.44166666666705,28.900000000000492,0,0.0
3,A,PREY,154,38.5199999999999,195,70.16299999999971,1,2,3.700000000000341,24.10000000000048,0,0.0
3,A,PREY,155,10.319999999999856,173,70.16299999999971,6,2,15.925000000000376,32.95000000000049,0,0.0
3,A,PREY,156,32.20999999999994,189,70.16299999999971,6,2,11.666666666667028,28.15000000000049,0,0.0
3,A,PREY,157,26.360000000000063,186,70.16299999999971,6,2,3.2250000000003536,28.450000000000493,0,0.0
3,A,PREY,158,29.79000000000005,186,70.16299999999971,6,2,18.641666666667078,28.900000000000492,0,0.0
3,A,PREY,159,35.62000000000001,191,70.16299999999971,3,2,3.0000000000003495,27.550000000000487,0,0.0
3,A,PREY,160,41.93999999999993,196,70.16299999999971,2,2,23.700000000000447,25.900000000000485,0,0.0
3,A,PREY,161,28.27000000000007,191,70.16299999999971,6,2,10.891666666667051,27.40000000000049,0,0.0
3,A,PREY,162,26.820000000000036,189,70.16299999999971,5,2,14.190000000000385,28.00000000000049,0,0.0
3,A,PREY,163,30.73000000000001,190,70.16299999999971,5,2,27.240000000000332,26.500000000000487,0,0.0
3,A,PREY,164,29.280000000000037,188,70.16299999999971,6,2,9.175000000000388,28.00000000000049,0,0.0
3,A,PREY,165,48.75999999999992,200,70.16299999999971,4,2,13.100000000000408,24.40000000000048,0,0.0
3,A,PREY,166,47.78999999999992,199,70.16299999999971,3,2,1.950000000000352,25.15000000000048,0,0.0
3,A,PREY,167,34.12999999999998,193,70.16299999999971,3,2,16.033333333333747,26.050000000000487,0,0.0
3,A,PREY,168,30.250000000000036,189,70.16299999999971,6,2,11.241666666667053,27.25000000000049,0,0.0
3,A,PREY,169,29.730000000000047,192,70.16299999999971,3,2,36.26666666666714,26.050000000000487,0,0.0
3,A,PREY,170,31.69000000000007,192,70.16299999999971,5,2,13.350000000000396,25.15000000000048,0,0.0
3,A,PREY,171,27.850000000000044,184,70.16299999999971,6,2,11.416666666667057,29.500000000000494,0,0.0
3,A,PREY,172,47.78999999999989,199,70.16299999999971,2,2,25.50000000000045,24.55000000000048,0,0.0
3,A,PREY,173,29.770000000000053,188,70.16299999999971,6,2,2.650000000000352,27.85000000000049,0,0.0
3,A,PREY,174,49.24999999999992,200,70.16299999999971,1,2,0.8500000000003682,24.55000000000048,0,0.0
3,A,PREY,175,33.25000000000001,17,70.16299999999971,6,2,64.82500000000003,89.95000000000002,1,0.0
3,A,PREY,176,40.49999999999987,193,70.16299999999971,4,2,39.81250000000048,26.65000000000049,0,0.0
3,A,PREY,177,43.399999999999906,197,70.16299999999971,3,2,46.58333333333377,24.850000000000485,0,0.0
3,A,PREY,178,47.799999999999855,198,70.16299999999971,3,2,15.833333333333742,24.850000000000485,0,0.0
3,A,PREY,179,56.049999999999855,206,70.16299999999971,0,2,0.0,23.05000000000048,0,0.0
3,A,PREY,180,51.649999999999885,205,70.16299999999971,1,2,33.05000000000042,22.900000000000478,0,0.0
3,A,PREY,181,37.55999999999996,193,70.16299999999971,4,2,27.33750000000045,26.950000000000486,0,0.0
3,A,PREY,182,33.190000000000026,189,70.16299999999971,6,2,25.85000000000042,24.850000000000485,0,0.0
3,A,PREY,183,33.180000000000035,190,70.16299999999971,3,2,19.983333333333736,27.550000000000487,0,0.0
3,A,PREY,184,39.519999999999996,193,70.16299999999971,4,2,15.062500000000385,27.100000000000488,0,0.0
3,A,PREY,185,33.19000000000003,189,70.16299999999971,5,2,1.1200000000003567,28.00000000000049,0,0.0
3,A,PREY,186,40.44999999999995,198,70.16299999999971,3,2,16.03333333333374,25.450000000000486,0,0.0
3,A,PREY,187,30.45999999999998,119,70.16299999999971,6,2,32.96666666666702,49.30000000000034,0,0.0
3,A,PREY,188,58.019999999999854,205,70.16299999999971,2,2,19.875000000000416,23.20000000000048,0,0.0
3,A,PREY,189,54.12999999999985,202,70.16299999999971,2,2,46.02500000000056,22.600000000000477,0,0.0
3,A,PREY,190,38.540000000000006,193,70.16299999999971,4,2,2.7625000000003563,26.65000000000049,0,0.0
3,A,PREY,191,52.16999999999983,202,70.16299999999971,2,2,63.02500000000035,23.95000000000048,0,0.0
3,A,PREY,192,36.09000000000007,193,70.16299999999971,1,2,45.500000000000526,24.250000000000483,0,0.0
3,A,PREY,193,44.35999999999997,199,70.16299999999971,5,2,9.840000000000382,19.450000000000472,0,0.0
3,A,PREY,194,42.42999999999998,196,70.16299999999971,5,2,29.150000000000414,25.900000000000485,0,0.0
3,A,PREY,195,36.60000000000002,191,70.16299999999971,5,2,40.470000000000496,27.100000000000488,0,0.0
3,A,PREY,196,36.60000000000001,191,70.16299999999971,4,2,19.862500000000345,25.300000000000484,0,0.0
3,A,PREY,197,39.50999999999998,194,70.16299999999971,4,2,19.03750000000034,26.200000000000486,0,0.0
3,A,PREY,198,38.07,191,70.16299999999971,3,2,16.150000000000407,27.25000000000049,0,0.0
3,A,PREY,199,31.24000000000005,188,70.16299999999971,6,2,1.6250000000003626,27.70000000000049,0,0.0
3,A,PREY,200,35.10000000000003,194,70.16299999999971,5,2,21.230000000000427,25.15000000000048,0,0.0
3,A,PREY,201,40.93999999999997,198,70.16299999999971,1,2,1.0000000000003348,25.450000000000486,0,0.0
3,A,PREY,202,54.12999999999986,202,70.16299999999971,0,2,0.0,24.10000000000048,0,0.0
3,A,PREY,203,58.49999999999987,206,70.16299999999971,0,2,0.0,22.45000000000048,0,0.0
3,A,PREY,204,61.40999999999989,209,70.16299999999971,1,2,36.25000000000058,20.050000000000473,0,0.0
3,A,PREY,205,56.54999999999986,205,70.16299999999971,4,2,11.725000000000396,22.900000000000478,0,0.0
3,A,PREY,206,64.32999999999991,211,70.16299999999971,0,2,0.0,21.400000000000475,0,0.0
3,A,PREY,207,51.18999999999987,202,70.16299999999971,2,2,1.5250000000003499,23.80000000000048,0,0.0
3,A,PREY,208,53.62999999999986,203,70.16299999999971,0,2,0.0,35.49375000000054,1,0.0
3,A,PREY,209,50.70999999999988,201,70.16299999999971,1,2,0.1000000000003419,24.55000000000048,0,0.0
3,A,PREY,210,49.7499999999999,199,70.16299999999971,5,2,10.530000000000395,24.700000000000482,0,0.0
3,A,PREY,211,60.92999999999987,208,70.16299999999971,0,2,0.0,22.45000000000048,0,0.0
3,A,PREY,212,60.459999999999866,206,70.16299999999971,2,2,45.07500000000053,18.550000000000466,0,0.0
3,A,PREY,213,35.140000000000065,190,70.16299999999971,3,2,19.333333333333744,27.85000000000049,0,0.0
3,A,PREY,214,33.19000000000004,189,70.16299999999971,6,2,3.5000000000003566,27.70000000000049,0,0.0
3,A,PREY,215,32.23000000000003,187,70.16299999999971,6,2,16.258333333333738,28.30000000000049,0,0.0
3,A,PREY,216,45.83999999999997,198,70.16299999999971,2,2,25.500000000000455,25.300000000000484,0,0.0
3,A,PREY,217,54.59999999999988,204,70.16299999999971,0,2,0.0,23.80000000000048,0,0.0
3,A,PREY,218,36.490000000000045,202,70.16299999999971,1,2,85.30000000000013,23.95000000000048,0,0.0
3,A,PREY,219,42.909999999999954,197,70.16299999999971,2,2,27.4000000000004,25.000000000000483,0,0.0
3,A,PREY,220,35.12000000000003,192,70.16299999999971,2,2,1.9750000000003682,27.100000000000488,0,0.0
3,A,PREY,221,36.58000000000001,193,70.16299999999971,5,2,3.1900000000003574,26.350000000000485,0,0.0
3,A,PREY,222,39.490000000000016,196,70.16299999999971,3,2,1.6500000000003479,25.450000000000486,0,0.0
3,A,PREY,223,45.82999999999997,199,70.16299999999971,3,2,61.05000000000055,24.700000000000482,0,0.0
3,A,PREY,224,31.230000000000054,189,70.16299999999971,6,2,8.01666666666703,27.85000000000049,0,0.0
3,A,PREY,225,38.050000000000026,193,70.16299999999971,3,2,2.2500000000003375,22.600000000000477,0,0.0
3,A,PREY,226,39.99000000000001,195,70.16299999999971,2,2,60.00000000000039,25.300000000000484,0,0.0
3,A,PREY,227,38.54000000000002,193,70.16299999999971,1,2,6.100000000000321,26.950000000000486,0,0.0
3,A,PREY,228,34.63000000000002,192,70.16299999999971,3,2,33.50000000000026,26.800000000000487,0,0.0
3,A,PREY,229,43.419999999999995,195,70.16299999999971,3,2,2.000000000000363,25.000000000000483,0,0.0
3,A,PREY,230,42.91999999999998,196,70.16299999999971,1,2,3.100000000000355,22.300000000000477,0,0.0
3,A,PREY,231,59.959999999999845,207,70.16299999999971,0,2,0.0,17.500000000000465,0,0.0
3,A,PREY,232,65.30999999999987,211,70.16299999999971,0,2,0.0,21.100000000000474,0,0.0
3,A,PREY,233,67.2599999999999,212,70.16299999999971,2,2,38.925000000000466,21.400000000000475,0,0.0
3,A,PREY,234,61.89999999999984,209,70.16299999999971,1,2,41.300000000000566,21.250000000000476,0,0.0
3,A,PREY,235,67.7399999999999,213,70.16299999999971,1,2,45.50000000000061,21.100000000000474,0,0.0
3,A,PREY,236,61.40999999999988,209,70.16299999999971,1,2,1.3000000000003402,21.700000000000475,0,0.0
3,A,PREY,237,65.78999999999992,212,70.16299999999971,0,2,0.0,15.850000000000461,0,0.0
3,A,PREY,238,48.70999999999995,205,70.16299999999971,2,2,38.05000000000029,18.85000000000047,0,0.0
3,A,PREY,239,49.239999999999924,201,70.16299999999971,4,2,47.312500000000576,24.55000000000048,0,0.0
3,A,PREY,240,66.27999999999993,212,70.16299999999971,2,2,66.02500000000059,16.750000000000462,0,0.0
3,A,PREY,241,65.30999999999989,211,70.16299999999971,2,2,45.30000000000055,21.400000000000475,0,0.0
3,A,PREY,242,63.35999999999989,210,70.16299999999971,0,2,0.0,22.000000000000476,0,0.0
3,A,PREY,243,56.54999999999987,205,70.16299999999971,0,2,0.0,22.150000000000475,0,0.0
3,A,PREY,244,65.7999999999999,211,70.16299999999971,2,2,41.925000000000594,20.118750000000535,1,0.0
3,A,PREY,245,66.2799999999999,212,70.16299999999971,0,2,0.0,21.250000000000476,0,0.0
3,A,PREY,246,63.859999999999914,209,70.16299999999971,1,2,0.10000000000036147,22.000000000000476,0,0.0
3,A,PREY,247,58.499999999999865,206,70.16299999999971,1,2,86.1000000000006,23.05000000000048,0,0.0
3,A,PREY,248,74.06999999999995,217,70.16299999999971,1,2,44.75000000000061,19.60000000000047,0,0.0
3,A,PREY,249,65.30999999999989,211,70.16299999999971,0,2,0.0,21.100000000000474,0,0.0
3,A,PREY,250,61.40999999999988,209,70.16299999999971,1,2,38.800000000000566,21.850000000000477,0,0.0
3,B,PREDATOR,1,-4.769999999999984,163,94.23799999999993,6,2,34.33333333333371,35.950000000000465,0,0.1
3,B,PREDATOR,2,-4.239999999999977,159,94.23799999999993,6,2,28.76666666666702,37.15000000000045,0,0.1
3,B,PREDATOR,3,-4.739999999999986,160,94.23799999999993,6,2,41.75000000000039,37.000000000000455,0,0.1
3,B,PREDATOR,4,2.5200000000000333,169,94.23799999999993,6,2,18.600000000000332,34.15000000000048,0,0.1
3,B,PREDATOR,5,-3.7999999999999794,164,94.23799999999993,6,2,20.475000000000325,35.35000000000047,0,0.1
3,B,PREDATOR,6,-0.34999999999996945,162,94.23799999999993,6,2,21.30000000000033,35.800000000000466,0,0.1
3,B,PREDATOR,7,-5.629999999999984,151,94.23799999999993,6,2,31.21666666666702,39.55000000000043,0,0.1
3,B,PREDATOR,8,-0.8199999999999719,160,94.23799999999993,6,2,21.775000000000333,37.000000000000455,0,0.1
3,B,PREDATOR,9,1.110000000000026,163,94.23799999999993,6,2,20.80000000000033,35.65000000000047,0,0.1
3,B,PREDATOR,10,-0.8499999999999694,163,94.23799999999993,6,2,27.666666666667016,35.800000000000466,0,0.1
3,B,PREDATOR,11,3.9400000000000333,174,94.23799999999993,6,2,16.62500000000033,32.3500000000005,0,0.1
3,B,PREDATOR,12,-0.8399999999999714,162,94.23799999999993,6,2,29.875000000000323,36.10000000000046,0,0.1
3,B,PREDATOR,13,6.426666666666742,170,94.23799999999993,5,2,33.57000000000038,33.700000000000486,1,0.1
3,B,PREDATOR,14,3.0400000000000347,166,94.23799999999993,6,2,26.691666666667018,34.45000000000048,0,0.1
3,B,PREDATOR,15,0.5900000000000354,166,94.23799999999993,5,2,40.17000000000028,45.10000000000045,1,0.1
3,B,PREDATOR,16,1.1200000000000312,162,94.23799999999993,6,2,21.200000000000333,36.25000000000046,0,0.1
3,B,PREDATOR,17,1.0800000000000338,166,94.23799999999993,6,2,26.616666666666998,34.900000000000475,0,0.1
3,B,PREDATOR,18,-3.739999999999977,158,94.23799999999993,6,2,22.450000000000333,37.45000000000045,0,0.1
3,B,PREDATOR,19,22.21666666666645,195,94.23799999999993,5,2,7.750000000000315,26.200000000000486,1,0.1
3,B,PREDATOR,20,3.5200000000000333,167,94.23799999999993,6,2,26.291666666667016,34.45000000000048,0,0.1
3,B,PREDATOR,21,0.11000000000002963,165,94.23799999999993,6,2,20.22500000000033,35.05000000000047,0,0.1
3,B,PREDATOR,22,3.5000000000000338,169,94.23799999999993,6,2,25.266666666666996,33.850000000000485,0,0.1
3,B,PREDATOR,23,1.59000000000003,164,94.23799999999993,6,2,39.80833333333371,34.900000000000475,0,0.1
3,B,PREDATOR,24,7.910000000000013,169,94.23799999999993,6,2,32.158333333333715,33.700000000000486,0,0.1
3,B,PREDATOR,25,37.38666666666663,212,94.23799999999993,5,2,2.980000000000313,20.800000000000473,1,0.1
3,B,PREDATOR,26,5.440000000000035,171,94.23799999999993,6,2,24.61666666666702,33.10000000000049,0,0.1
3,B,PREDATOR,27,1.1200000000000312,162,94.23799999999993,6,2,27.89166666666702,35.950000000000465,0,0.1
3,B,PREDATOR,28,6.480000000000027,165,94.23799999999993,6,2,20.35000000000033,35.35000000000047,0,0.1
3,B,PREDATOR,29,10.339999999999977,171,94.23799999999993,6,2,31.458333333333687,33.40000000000049,0,0.1
3,B,PREDATOR,30,8.399999999999975,169,94.23799999999993,6,2,31.26666666666704,34.00000000000048,0,0.1
3,B,PREDATOR,31,11.779999999999992,174,94.23799999999993,6,2,44.65000000000037,32.650000000000496,0,0.1
3,B,PREDATOR,32,5.490000000000036,166,94.23799999999993,6,2,20.02500000000033,34.30000000000048,0,0.1
3,B,PREDATOR,33,8.399999999999997,169,94.23799999999993,6,2,18.850000000000332,33.55000000000049,0,0.1
3,B,PREDATOR,34,10.779999999999974,176,94.23799999999993,6,2,22.966666666667013,31.750000000000497,0,0.1
3,B,PREDATOR,35,10.759999999999994,178,94.23799999999993,6,2,14.675000000000333,31.000000000000497,0,0.1
3,B,PREDATOR,36,7.399999999999986,171,94.23799999999993,6,2,17.800000000000328,32.95000000000049,0,0.1
3,B,PREDATOR,37,4.8900000000000325,177,94.23799999999993,6,2,28.366666666667044,31.4500000000005,0,0.1
3,B,PREDATOR,38,12.279999999999989,173,94.23799999999993,6,2,16.800000000000335,32.650000000000496,0,0.1
3,B,PREDATOR,39,6.480000000000034,165,94.23799999999993,6,2,26.99166666666702,35.20000000000047,0,0.1
3,B,PREDATOR,40,15.169999999999954,178,94.23799999999993,6,2,35.30000000000039,30.8500000000005,0,0.1
3,B,PREDATOR,41,20.99999999999993,183,94.23799999999993,6,2,19.64166666666701,29.650000000000496,0,0.1
3,B,PREDATOR,42,10.200000000000001,185,94.23799999999993,6,2,11.900000000000325,28.900000000000492,0,0.1
3,B,PREDATOR,43,42.54416666666678,224,94.23799999999993,3,2,40.58333333333372,15.10000000000046,1,0.1
3,B,PREDATOR,44,8.889999999999995,169,94.23799999999993,6,2,18.775000000000333,34.15000000000048,0,0.1
3,B,PREDATOR,45,13.759999999999996,172,94.23799999999993,6,2,17.475000000000332,33.40000000000049,0,0.1
3,B,PREDATOR,46,13.719999999999965,176,94.23799999999993,6,2,29.608333333333707,31.9000000000005,0,0.1
3,B,PREDATOR,47,18.079999999999977,181,94.23799999999993,6,2,27.683333333333724,29.950000000000493,0,0.1
3,B,PREDATOR,48,12.259999999999966,175,94.23799999999993,6,2,22.575000000000347,32.2000000000005,0,0.1
3,B,PREDATOR,49,8.33999999999997,175,94.23799999999993,6,2,23.01666666666703,31.900000000000496,0,0.1
3,B,PREDATOR,50,11.269999999999945,176,94.23799999999993,6,2,22.241666666667015,31.750000000000497,0,0.1
3,B,PREDATOR,51,4.940000000000037,172,94.23799999999993,6,2,24.34166666666701,33.40000000000049,0,0.1
3,B,PREDATOR,52,10.809999999999958,173,94.23799999999993,6,2,29.241666666667044,32.800000000000495,0,0.1
3,B,PREDATOR,53,11.31999999999997,171,94.23799999999993,6,2,23.350000000000353,33.10000000000049,0,0.1
3,B,PREDATOR,54,19.559999999999953,180,94.23799999999993,6,2,20.966666666667024,30.700000000000497,0,0.1
3,B,PREDATOR,55,20.52999999999995,181,94.23799999999993,6,2,13.575000000000328,30.250000000000497,0,0.1
3,B,PREDATOR,56,19.52999999999996,183,94.23799999999993,6,2,20.266666666667025,29.500000000000494,0,0.1
3,B,PREDATOR,57,17.56999999999995,183,94.23799999999993,6,2,20.066666666667,29.950000000000493,0,0.1
3,B,PREDATOR,58,10.349999999999929,170,94.23799999999993,6,2,30.366666666667044,33.700000000000486,0,0.1
3,B,PREDATOR,59,11.809999999999954,171,94.23799999999993,6,2,17.95000000000033,33.25000000000049,0,0.1
3,B,PREDATOR,60,12.779999999999944,172,94.23799999999993,6,2,17.350000000000335,33.10000000000049,0,0.1
3,B,PREDATOR,61,10.189999999999953,186,94.23799999999993,6,2,11.275000000000324,28.00000000000049,0,0.1
3,B,PREDATOR,62,7.869999999999971,173,94.23799999999993,6,2,30.641666666667035,33.10000000000049,0,0.1
3,B,PREDATOR,63,10.75999999999996,178,94.23799999999993,6,2,35.6500000000004,30.8500000000005,0,0.1
3,B,PREDATOR,64,14.6899999999999,177,94.23799999999993,6,2,27.64166666666702,31.750000000000497,0,0.1
3,B,PREDATOR,65,18.099999999999945,179,94.23799999999993,6,2,21.541666666667027,30.550000000000495,0,0.1
3,B,PREDATOR,66,19.069999999999936,180,94.23799999999993,6,2,14.125000000000332,30.8500000000005,0,0.1
3,B,PREDATOR,67,17.569999999999965,183,94.23799999999993,6,2,25.250000000000288,29.050000000000495,0,0.1
3,B,PREDATOR,68,21.989999999999945,182,94.23799999999993,6,2,27.008333333333724,30.100000000000495,0,0.1
3,B,PREDATOR,69,20.49999999999995,184,94.23799999999993,6,2,19.216666666667027,28.60000000000049,0,0.1
3,B,PREDATOR,70,20.47999999999991,186,94.23799999999993,6,2,19.61666666666702,29.200000000000493,0,0.1
3,B,PREDATOR,71,12.75999999999994,174,94.23799999999993,6,2,22.866666666667,32.650000000000496,0,0.1
3,B,PREDATOR,72,23.429999999999932,185,94.23799999999993,4,2,20.875000000000366,28.900000000000492,0,0.1
3,B,PREDATOR,73,16.589999999999918,183,94.23799999999993,6,2,36.75000000000034,29.500000000000494,0,0.1
3,B,PREDATOR,74,11.749999999999927,177,94.23799999999993,6,2,28.90833333333371,31.300000000000498,0,0.1
3,B,PREDATOR,75,7.5100000000000176,111,94.23799999999993,6,3,36.55000000000032,25.600000000000176,0,0.1
3,B,PREDATOR,76,21.509999999999955,181,94.23799999999993,6,2,25.725000000000296,29.950000000000493,0,0.1
3,B,PREDATOR,77,25.39999999999994,184,94.23799999999993,6,2,25.41666666666701,29.500000000000494,0,0.1
3,B,PREDATOR,78,26.85999999999997,185,94.23799999999993,6,2,19.416666666667023,28.900000000000492,0,0.1
3,B,PREDATOR,79,27.269999999999953,193,94.23799999999993,6,2,15.341666666666997,26.200000000000486,0,0.1
3,B,PREDATOR,80,25.319999999999972,192,94.23799999999993,6,2,9.150000000000318,26.950000000000486,0,0.1
3,B,PREDATOR,81,26.33999999999996,188,94.23799999999993,6,2,17.891666666667025,28.60000000000049,0,0.1
3,B,PREDATOR,82,24.869999999999955,188,94.23799999999993,6,2,25.058333333333724,28.30000000000049,0,0.1
3,B,PREDATOR,83,25.86999999999996,186,94.23799999999993,6,2,11.325000000000323,29.050000000000495,0,0.1
3,B,PREDATOR,84,17.569999999999915,183,94.23799999999993,6,2,13.025000000000327,29.800000000000495,0,0.1
3,B,PREDATOR,85,19.509999999999884,185,94.23799999999993,6,2,17.450000000000355,29.500000000000494,0,0.1
3,B,PREDATOR,86,20.0299999999999,182,94.23799999999993,6,2,13.625000000000327,29.950000000000493,0,0.1
3,B,PREDATOR,87,38.341666666666725,211,94.23799999999993,3,2,16.000000000000387,19.60000000000047,1,0.1
3,B,PREDATOR,88,25.37000000000004,187,94.23799999999993,6,2,10.975000000000323,28.60000000000049,0,0.1
3,B,PREDATOR,89,20.019999999999946,183,94.23799999999993,6,2,26.608333333333714,29.800000000000495,0,0.1
3,B,PREDATOR,90,24.399999999999928,186,94.23799999999993,6,2,18.391666666667017,28.450000000000493,0,0.1
3,B,PREDATOR,91,27.329999999999927,187,94.23799999999993,6,2,23.650000000000293,28.75000000000049,0,0.1
3,B,PREDATOR,92,32.64999999999996,194,94.23799999999993,6,2,14.791666666666982,26.500000000000487,0,0.1
3,B,PREDATOR,93,25.349999999999945,189,94.23799999999993,6,2,10.850000000000321,28.00000000000049,0,0.1
3,B,PREDATOR,94,65.23666666666662,249,94.23799999999993,2,1,33.45000000000053,7.300000000000444,1,0.1
3,B,PREDATOR,95,34.589999999999876,196,94.23799999999993,6,2,13.525000000000354,25.600000000000485,0,0.1
3,B,PREDATOR,96,31.699999999999925,191,94.23799999999993,6,2,16.71666666666702,27.100000000000488,0,0.1
3,B,PREDATOR,97,32.15999999999994,194,94.23799999999993,6,2,23.10833333333372,26.500000000000487,0,0.1
3,B,PREDATOR,98,19.579999999999927,178,94.23799999999993,6,2,14.77500000000033,31.4500000000005,0,0.1
3,B,PREDATOR,99,31.180000000000007,194,94.23799999999993,6,2,15.466666666666995,26.200000000000486,0,0.1
3,B,PREDATOR,100,25.369999999999962,187,94.23799999999993,6,2,18.34166666666702,27.25000000000049,0,0.1
3,B,PREDATOR,101,25.379999999999963,186,94.23799999999993,6,2,11.325000000000324,29.050000000000495,0,0.1
3,B,PREDATOR,102,17.639999999999937,176,94.23799999999993,6,2,15.725000000000335,31.750000000000497,0,0.1
3,B,PREDATOR,103,23.44000000000002,184,94.23799999999993,6,2,18.991666666667005,29.800000000000495,0,0.1
3,B,PREDATOR,104,16.63999999999993,178,94.23799999999993,6,2,14.600000000000334,30.700000000000497,0,0.1
3,B,PREDATOR,105,32.16999999999998,193,94.23799999999993,6,2,16.600000000000335,25.300000000000484,0,0.1
3,B,PREDATOR,106,33.589999999999954,198,94.23799999999993,6,2,6.400000000000315,24.10000000000048,0,0.1
3,B,PREDATOR,107,32.65999999999993,193,94.23799999999993,6,2,9.650000000000315,26.500000000000487,0,0.1
3,B,PREDATOR,108,37.99999999999993,198,94.23799999999993,6,2,13.916666666667021,23.05000000000048,0,0.1
3,B,PREDATOR,109,39.939999999999955,200,94.23799999999993,6,2,5.975000000000317,24.700000000000482,0,0.1
3,B,PREDATOR,110,33.15999999999994,192,94.23799999999993,6,2,24.25833333333371,26.950000000000486,0,0.1
3,B,PREDATOR,111,19.549999999999912,181,94.23799999999993,6,2,13.750000000000327,30.250000000000497,0,0.1
3,B,PREDATOR,112,29.260000000000016,190,94.23799999999993,6,2,16.891666666667017,27.550000000000487,0,0.1
3,B,PREDATOR,113,23.90000000000004,187,94.23799999999993,6,2,10.900000000000324,28.450000000000493,0,0.1
3,B,PREDATOR,114,25.390000000000043,185,94.23799999999993,6,2,26.666666666667037,29.35000000000049,0,0.1
3,B,PREDATOR,115,19.54999999999994,181,94.23799999999993,6,2,20.441666666667025,30.100000000000495,0,0.1
3,B,PREDATOR,116,28.740000000000016,193,94.23799999999993,6,2,22.808333333333724,26.950000000000486,0,0.1
3,B,PREDATOR,117,31.199999999999964,192,94.23799999999993,6,2,8.575000000000319,26.950000000000486,0,0.1
3,B,PREDATOR,118,34.10999999999999,195,94.23799999999993,6,2,29.22500000000044,25.900000000000485,0,0.1
3,B,PREDATOR,119,28.800000000000026,187,94.23799999999993,6,2,18.45000000000034,28.75000000000049,0,0.1
3,B,PREDATOR,120,22.900000000000027,189,94.23799999999993,6,2,9.85000000000032,28.00000000000049,0,0.1
3,B,PREDATOR,121,25.38000000000003,186,94.23799999999993,6,2,18.81666666666702,28.75000000000049,0,0.1
3,B,PREDATOR,122,25.349999999999927,189,94.23799999999993,6,2,10.52500000000032,28.00000000000049,0,0.1
3,B,PREDATOR,123,24.88000000000003,187,94.23799999999993,6,2,21.47500000000031,26.800000000000487,0,0.1
3,B,PREDATOR,124,22.459999999999944,184,94.23799999999993,6,2,29.34166666666701,29.050000000000495,0,0.1
3,B,PREDATOR,125,54.121666666666705,232,94.23799999999993,0,2,0.0,8.500000000000444,1,0.1
3,B,PREDATOR,126,38.499999999999986,197,94.23799999999993,6,2,13.266666666667012,25.300000000000484,0,0.1
3,B,PREDATOR,127,26.32999999999992,189,94.23799999999993,6,2,10.25000000000032,28.15000000000049,0,0.1
3,B,PREDATOR,128,50.049999999999905,218,94.23799999999993,3,2,17.533333333333747,17.800000000000466,0,0.1
3,B,PREDATOR,129,34.09999999999995,196,94.23799999999993,6,2,21.69166666666705,24.850000000000485,0,0.1
3,B,PREDATOR,130,48.66999999999987,209,94.23799999999993,6,2,2.050000000000313,21.700000000000475,0,0.1
3,B,PREDATOR,131,51.0799999999999,213,94.23799999999993,2,2,23.47500000000046,20.650000000000475,0,0.1
3,B,PREDATOR,132,36.04999999999994,197,94.23799999999993,6,2,6.9500000000003155,25.450000000000486,0,0.1
3,B,PREDATOR,133,42.82999999999994,205,94.23799999999993,6,2,18.483333333333736,23.05000000000048,0,0.1
3,B,PREDATOR,134,44.799999999999905,204,94.23799999999993,6,2,4.1250000000003135,23.50000000000048,0,0.1
3,B,PREDATOR,135,38.969999999999935,199,94.23799999999993,6,2,5.975000000000315,25.000000000000483,0,0.1
3,B,PREDATOR,136,46.2499999999999,206,94.23799999999993,6,2,24.88333333333375,22.150000000000475,0,0.1
3,B,PREDATOR,137,47.709999999999894,207,94.23799999999993,6,2,3.3500000000003154,22.600000000000477,0,0.1
3,B,PREDATOR,138,34.049999999999926,201,94.23799999999993,6,2,5.925000000000309,24.55000000000048,0,0.1
3,B,PREDATOR,139,26.38000000000002,184,94.23799999999993,6,2,32.28333333333375,29.35000000000049,0,0.1
3,B,PREDATOR,140,27.270000000000024,193,94.23799999999993,6,2,8.475000000000316,26.800000000000487,0,0.1
3,B,PREDATOR,141,27.30000000000002,190,94.23799999999993,6,2,23.71666666666705,27.100000000000488,0,0.1
3,B,PREDATOR,142,35.520000000000024,201,94.23799999999993,6,2,4.975000000000315,24.700000000000482,0,0.1
3,B,PREDATOR,143,33.62000000000002,195,94.23799999999993,4,2,18.875000000000377,25.900000000000485,0,0.1
3,B,PREDATOR,144,37.05999999999993,194,94.23799999999993,6,2,14.32500000000035,24.40000000000048,0,0.1
3,B,PREDATOR,145,43.32999999999991,204,94.23799999999993,6,2,10.175000000000354,23.50000000000048,0,0.1
3,B,PREDATOR,146,28.260000000000048,192,94.23799999999993,6,2,16.64166666666702,27.100000000000488,0,0.1
3,B,PREDATOR,147,29.230000000000054,193,94.23799999999993,6,2,15.216666666666987,26.950000000000486,0,0.1
3,B,PREDATOR,148,28.759999999999998,191,94.23799999999993,6,2,23.7333333333337,27.100000000000488,0,0.1
3,B,PREDATOR,149,37.0,200,94.23799999999993,6,2,5.050000000000316,24.700000000000482,0,0.1
3,B,PREDATOR,150,30.19000000000004,195,94.23799999999993,6,2,8.200000000000315,26.200000000000486,0,0.1
3,B,PREDATOR,151,31.660000000000025,195,94.23799999999993,6,2,14.541666666667021,25.750000000000483,0,0.1
3,B,PREDATOR,152,23.90000000000002,187,94.23799999999993,6,2,11.10000000000032,28.15000000000049,0,0.1
3,B,PREDATOR,153,30.240000000000016,190,94.23799999999993,6,2,16.441666666666993,26.950000000000486,0,0.1
3,B,PREDATOR,154,34.09999999999999,196,94.23799999999993,6,2,7.900000000000316,25.900000000000485,0,0.1
3,B,PREDATOR,155,47.719999999999914,206,94.23799999999993,6,2,10.891666666666994,22.750000000000476,0,0.1
3,B,PREDATOR,156,39.469999999999935,198,94.23799999999993,6,2,26.58333333333373,25.600000000000485,0,0.1
3,B,PREDATOR,157,52.569999999999865,211,94.23799999999993,3,2,15.633333333333718,21.250000000000476,0,0.1
3,B,PREDATOR,158,32.18000000000002,192,94.23799999999993,6,2,8.700000000000319,26.950000000000486,0,0.1
3,B,PREDATOR,159,45.24999999999994,208,94.23799999999993,6,2,2.9250000000003147,22.000000000000476,0,0.1
3,B,PREDATOR,160,37.01999999999999,198,94.23799999999993,6,2,19.950000000000376,25.300000000000484,0,0.1
3,B,PREDATOR,161,33.61000000000006,196,94.23799999999993,6,2,7.975000000000314,25.750000000000483,0,0.1
3,B,PREDATOR,162,24.880000000000017,187,94.23799999999993,6,2,17.92500000000034,28.450000000000493,0,0.1
3,B,PREDATOR,163,20.019999999999904,183,94.23799999999993,4,2,13.150000000000325,29.650000000000496,0,0.1
3,B,PREDATOR,164,25.85000000000001,188,94.23799999999993,6,2,11.350000000000321,28.30000000000049,0,0.1
3,B,PREDATOR,165,29.750000000000004,190,94.23799999999993,6,2,16.450000000000347,27.85000000000049,0,0.1
3,B,PREDATOR,166,40.42,201,94.23799999999993,6,2,6.1250000000003135,23.95000000000048,0,0.1
3,B,PREDATOR,167,29.640000000000057,201,94.23799999999993,6,2,12.991666666666996,23.95000000000048,0,0.1
3,B,PREDATOR,168,37.45999999999997,203,94.23799999999993,6,2,11.441666666667011,23.80000000000048,0,0.1
3,B,PREDATOR,169,51.10999999999986,210,94.23799999999993,6,2,30.94166666666713,21.250000000000476,0,0.1
3,B,PREDATOR,170,49.66999999999989,207,94.23799999999993,6,2,17.191666666667064,22.45000000000048,0,0.1
3,B,PREDATOR,171,54.50999999999988,213,94.23799999999993,3,2,3.1000000000003207,17.650000000000468,0,0.1
3,B,PREDATOR,172,32.67000000000001,192,94.23799999999993,6,2,15.716666666667019,25.450000000000486,0,0.1
3,B,PREDATOR,173,41.36000000000001,205,94.23799999999993,6,2,5.050000000000312,23.50000000000048,0,0.1
3,B,PREDATOR,174,44.24999999999997,210,94.23799999999993,6,2,27.625000000000394,21.700000000000475,0,0.1
3,B,PREDATOR,175,44.299999999999876,205,94.23799999999993,6,2,19.733333333333736,23.50000000000048,0,0.1
3,B,PREDATOR,176,48.17999999999989,209,94.23799999999993,6,2,3.100000000000316,21.850000000000477,0,0.1
3,B,PREDATOR,177,38.89,207,94.23799999999993,6,2,23.55833333333375,20.200000000000472,0,0.1
3,B,PREDATOR,178,47.65999999999991,212,94.23799999999993,4,2,23.225000000000442,20.500000000000473,0,0.1
3,B,PREDATOR,179,44.769999999999975,207,94.23799999999993,6,2,2.725000000000317,22.45000000000048,0,0.1
3,B,PREDATOR,180,38.02,196,94.23799999999993,6,2,7.300000000000317,25.600000000000485,0,0.1
3,B,PREDATOR,181,34.13999999999999,192,94.23799999999993,6,2,8.850000000000316,27.25000000000049,0,0.1
3,B,PREDATOR,182,49.14999999999989,210,94.23799999999993,6,2,9.84166666666703,21.100000000000474,0,0.1
3,B,PREDATOR,183,49.169999999999874,208,94.23799999999993,6,2,11.150000000000349,21.850000000000477,0,0.1
3,B,PREDATOR,184,51.56999999999991,213,94.23799999999993,3,2,3.300000000000319,17.050000000000466,0,0.1
3,B,PREDATOR,185,43.69999999999999,216,94.23799999999993,2,2,21.550000000000445,20.200000000000472,0,0.1
3,B,PREDATOR,186,38.96000000000001,200,94.23799999999993,6,2,20.608333333333736,24.250000000000483,0,0.1
3,B,PREDATOR,187,50.03999999999986,219,94.23799999999993,3,2,16.633333333333752,17.800000000000466,0,0.1
3,B,PREDATOR,188,93.6266666666667,272,94.23799999999993,2,0,27.950000000000642,0.0,1,0.1
3,B,PREDATOR,189,44.30999999999987,204,94.23799999999993,6,2,10.741666666666992,23.65000000000048,0,0.1
3,B,PREDATOR,190,46.22999999999995,208,94.23799999999993,6,2,17.533333333333694,22.600000000000477,0,0.1
3,B,PREDATOR,191,43.339999999999975,203,94.23799999999993,6,2,18.691666666667064,23.80000000000048,0,0.1
3,B,PREDATOR,192,55.93999999999986,217,94.23799999999993,3,2,41.150000000000354,18.400000000000468,0,0.1
3,B,PREDATOR,193,89.46416666666656,266,94.23799999999993,3,0,31.383333333333955,0.0,1,0.1
3,B,PREDATOR,194,64.17999999999991,226,94.23799999999993,2,2,1.075000000000316,13.750000000000457,0,0.1
3,B,PREDATOR,195,53.989999999999895,216,94.23799999999993,4,2,32.22500000000051,19.75000000000047,0,0.1
3,B,PREDATOR,196,53.50999999999986,215,94.23799999999993,3,2,2.800000000000317,20.35000000000047,0,0.1
3,B,PREDATOR,197,36.52000000000002,199,94.23799999999993,5,2,30.070000000000313,25.15000000000048,0,0.1
3,B,PREDATOR,198,49.639999999999915,210,94.23799999999993,6,2,22.73333333333377,21.100000000000474,0,0.1
3,B,PREDATOR,199,61.29999999999988,220,94.23799999999993,1,2,43.85000000000062,16.600000000000463,0,0.1
3,B,PREDATOR,200,53.519999999999904,214,94.23799999999993,4,2,0.7375000000003175,19.90000000000047,0,0.1
3,B,PREDATOR,201,49.629999999999924,211,94.23799999999993,4,2,1.3750000000003173,19.00000000000047,0,0.1
3,B,PREDATOR,202,64.19999999999989,224,94.23799999999993,2,2,1.300000000000319,15.40000000000046,0,0.1
3,B,PREDATOR,203,55.94999999999987,216,94.23799999999993,2,2,42.37500000000059,19.450000000000472,0,0.1
3,B,PREDATOR,204,56.43999999999987,216,94.23799999999993,2,2,24.525000000000464,15.10000000000046,0,0.1
3,B,PREDATOR,205,60.30999999999988,221,94.23799999999993,2,2,1.7500000000003118,14.050000000000457,0,0.1
3,B,PREDATOR,206,62.7499999999999,222,94.23799999999993,3,2,27.18333333333385,15.700000000000461,0,0.1
3,B,PREDATOR,207,48.159999999999954,211,94.23799999999993,4,2,22.72500000000041,21.100000000000474,0,0.1
3,B,PREDATOR,208,29.76000000000001,189,94.23799999999993,6,2,22.050000000000285,28.00000000000049,0,0.1
3,B,PREDATOR,209,46.67999999999997,212,94.23799999999993,4,2,12.887500000000376,21.100000000000474,0,0.1
3,B,PREDATOR,210,32.180000000000035,192,94.23799999999993,6,2,9.65000000000032,27.40000000000049,0,0.1
3,B,PREDATOR,211,51.57999999999995,212,94.23799999999993,4,2,35.00000000000049,20.950000000000472,0,0.1
3,B,PREDATOR,212,34.140000000000015,192,94.23799999999993,6,2,16.316666666667004,26.500000000000487,0,0.1
3,B,PREDATOR,213,43.299999999999955,207,94.23799999999993,6,2,21.416666666666984,22.45000000000048,0,0.1
3,B,PREDATOR,214,59.319999999999894,222,94.23799999999993,3,2,41.25000000000053,15.700000000000461,0,0.1
3,B,PREDATOR,215,43.76999999999997,209,94.23799999999993,6,2,2.1750000000003085,19.60000000000047,0,0.1
3,B,PREDATOR,216,48.079999999999956,219,94.23799999999993,3,2,29.166666666667112,14.650000000000459,0,0.1
3,B,PREDATOR,217,43.799999999999955,206,94.23799999999993,6,2,10.691666666667027,22.900000000000478,0,0.1
3,B,PREDATOR,218,52.4799999999999,220,94.23799999999993,3,2,27.533333333333733,17.800000000000466,0,0.1
3,B,PREDATOR,219,68.08999999999989,227,94.23799999999993,0,2,0.0,13.300000000000455,0,0.1
3,B,PREDATOR,220,57.389999999999894,219,94.23799999999993,4,2,11.600000000000321,17.800000000000466,0,0.1
3,B,PREDATOR,221,58.37999999999988,218,94.23799999999993,2,2,0.8500000000003206,15.10000000000046,0,0.1
3,B,PREDATOR,222,54.96999999999989,216,94.23799999999993,1,2,0.5500000000003185,18.70000000000047,0,0.1
3,B,PREDATOR,223,40.90999999999987,201,94.23799999999993,6,2,12.866666666667024,24.700000000000482,0,0.1
3,B,PREDATOR,224,70.48999999999992,232,94.23799999999993,1,2,34.75000000000061,11.500000000000451,0,0.1
3,B,PREDATOR,225,73.88999999999993,235,94.23799999999993,2,2,39.12500000000064,7.300000000000445,0,0.1
3,B,PREDATOR,226,69.51999999999988,231,94.23799999999993,3,2,40.500000000000604,7.450000000000447,0,0.1
3,B,PREDATOR,227,61.79999999999979,219,94.23799999999993,3,2,13.933333333333671,18.400000000000468,0,0.1
3,B,PREDATOR,228,64.59999999999985,233,94.23799999999993,1,2,89.0500000000001,10.000000000000448,0,0.1
3,B,PREDATOR,229,48.15999999999995,211,94.23799999999993,4,2,1.7875000000003163,20.500000000000473,0,0.1
3,B,PREDATOR,230,51.5441666666667,214,94.23799999999993,3,2,15.883333333333747,20.500000000000473,1,0.1
3,B,PREDATOR,231,96.17166666666655,273,94.23799999999993,0,1,0.0,2.8000000000004466,1,0.1
3,B,PREDATOR,232,50.14999999999992,208,94.23799999999993,6,2,9.841666666667026,22.300000000000477,0,0.1
3,B,PREDATOR,233,54.95999999999969,217,94.23799999999993,3,2,4.15000000000031,19.60000000000047,0,0.1
3,B,PREDATOR,234,54.959999999999674,217,94.23799999999993,3,2,15.88333333333375,18.100000000000467,0,0.1
3,B,PREDATOR,235,51.109999999999886,210,94.23799999999993,6,2,9.716666666667024,21.850000000000477,0,0.1
3,B,PREDATOR,236,45.29999999999998,203,94.23799999999993,6,2,11.691666666667025,23.350000000000477,0,0.1
3,B,PREDATOR,237,45.71999999999997,210,94.23799999999993,6,2,9.791666666667027,18.100000000000467,0,0.1
3,B,PREDATOR,238,53.509999999999906,215,94.23799999999993,4,2,11.912500000000382,20.200000000000472,0,0.1
3,B,PREDATOR,239,52.54999999999994,213,94.23799999999993,4,2,1.862500000000315,20.650000000000475,0,0.1
3,B,PREDATOR,240,50.10999999999993,212,94.23799999999993,5,2,2.3800000000003143,21.400000000000475,0,0.1
3,B,PREDATOR,241,52.529999999999916,215,94.23799999999993,2,2,2.8750000000003193,16.600000000000463,0,0.1
3,B,PREDATOR,242,44.24999999999998,210,94.23799999999993,6,2,18.23333333333372,21.700000000000475,0,0.1
3,B,PREDATOR,243,54.51999999999969,212,94.23799999999993,1,2,6.400000000000302,21.100000000000474,0,0.1
3,B,PREDATOR,244,45.73999999999996,208,94.23799999999993,6,2,2.025000000000316,21.550000000000473,0,0.1
3,B,PREDATOR,245,48.63999999999995,212,94.23799999999993,3,2,30.60000000000045,20.800000000000473,0,0.1
3,B,PREDATOR,246,63.67999999999993,227,94.23799999999993,3,2,40.45000000000051,12.100000000000453,0,0.1
3,B,PREDATOR,247,66.14999999999985,225,94.23799999999993,1,2,82.35000000000063,15.700000000000461,0,0.1
3,B,PREDATOR,248,72.45999999999994,231,94.23799999999993,4,2,27.150000000000492,10.300000000000448,0,0.1
3,B,PREDATOR,249,77.30999999999997,236,94.23799999999993,1,2,37.75000000000058,7.450000000000443,0,0.1
3,B,PREDATOR,250,67.59999999999994,227,94.23799999999993,3,2,12.000000000000412,14.500000000000458,0,0.1
4,A,PREY,1,-1.899999999999972,170,70.09199999999967,6,2,25.166666666667016,28.450000000000493,0,0.0
4,A,PREY,2,-5.289999999999978,166,70.09199999999967,6,2,32.69166666666703,30.100000000000495,0,0.0
4,A,PREY,3,-0.8999999999999755,168,70.09199999999967,6,2,25.916666666667023,27.70000000000049,0,0.0
4,A,PREY,4,-0.8999999999999684,168,70.09199999999967,6,2,32.58333333333371,29.950000000000493,0,0.0
4,A,PREY,5,-3.8299999999999805,167,70.09199999999967,6,2,19.425000000000328,28.900000000000492,0,0.0
4,A,PREY,6,-3.3399999999999697,167,70.09199999999967,6,2,19.525000000000333,32.05000000000049,0,0.0
4,A,PREY,7,0.5300000000000296,172,70.09199999999967,6,2,26.70000000000032,31.000000000000497,0,0.0
4,A,PREY,8,-1.4199999999999768,171,70.09199999999967,6,2,30.51666666666704,27.70000000000049,0,0.0
4,A,PREY,9,-3.3499999999999783,168,70.09199999999967,6,2,25.99166666666702,32.950000000000486,0,0.0
4,A,PREY,10,-0.9299999999999766,171,70.09199999999967,6,2,24.250000000000345,30.250000000000497,0,0.0
4,A,PREY,11,4.9200000000000355,174,70.09199999999967,6,2,16.475000000000332,24.700000000000482,0,0.0
4,A,PREY,12,1.0500000000000327,169,70.09199999999967,6,2,18.65000000000033,29.650000000000496,0,0.0
4,A,PREY,13,6.390000000000027,174,70.09199999999967,6,2,23.19166666666703,26.65000000000049,0,0.0
4,A,PREY,14,-0.9499999999999744,173,70.09199999999967,6,2,16.825000000000337,25.600000000000485,0,0.0
4,A,PREY,15,1.540000000000033,169,70.09199999999967,6,2,25.391666666667007,27.70000000000049,0,0.0
4,A,PREY,16,1.060000000000036,168,70.09199999999967,6,2,19.22500000000033,29.35000000000049,0,0.0
4,A,PREY,17,4.450000000000033,172,70.09199999999967,6,2,17.425000000000335,28.60000000000049,0,0.0
4,A,PREY,18,2.420000000000032,179,70.09199999999967,6,2,21.166666666667023,25.300000000000484,0,0.0
4,A,PREY,19,3.0000000000000355,170,70.09199999999967,6,2,25.166666666667023,29.650000000000496,0,0.0
4,A,PREY,20,2.51000000000003,170,70.09199999999967,6,2,24.275000000000347,30.700000000000493,0,0.0
4,A,PREY,21,3.480000000000036,171,70.09199999999967,6,2,17.800000000000335,27.70000000000049,0,0.0
4,A,PREY,22,1.0000000000000266,174,70.09199999999967,6,2,16.425000000000335,28.30000000000049,0,0.0
4,A,PREY,23,4.440000000000037,173,70.09199999999967,6,2,17.00000000000033,26.200000000000486,0,0.0
4,A,PREY,24,5.410000000000039,174,70.09199999999967,6,2,30.133333333333713,24.700000000000482,0,0.0
4,A,PREY,25,4.940000000000039,172,70.09199999999967,6,2,17.350000000000335,28.75000000000049,0,0.0
4,A,PREY,26,5.43000000000003,172,70.09199999999967,6,2,29.46666666666704,30.100000000000495,0,0.0
4,A,PREY,27,2.020000000000035,170,70.09199999999967,6,2,18.325000000000333,27.70000000000049,0,0.0
4,A,PREY,28,0.5600000000000342,169,70.09199999999967,6,2,25.51666666666701,28.60000000000049,0,0.0
4,A,PREY,29,0.5700000000000252,168,70.09199999999967,6,2,25.791666666667002,31.150000000000496,0,0.0
4,A,PREY,30,7.849999999999982,175,70.09199999999967,6,2,32.491666666667015,25.15000000000048,0,0.0
4,A,PREY,31,7.850000000000028,175,70.09199999999967,6,2,23.091666666667027,30.250000000000497,0,0.0
4,A,PREY,32,6.380000000000033,175,70.09199999999967,6,2,22.575000000000347,27.40000000000049,0,0.0
4,A,PREY,33,11.769999999999984,175,70.09199999999967,6,2,22.941666666667032,28.30000000000049,0,0.0
4,A,PREY,34,14.179999999999948,179,70.09199999999967,6,2,21.391666666667025,26.200000000000486,0,0.0
4,A,PREY,35,3.960000000000033,172,70.09199999999967,6,2,17.200000000000333,27.25000000000049,0,0.0
4,A,PREY,36,7.870000000000013,173,70.09199999999967,6,2,16.950000000000333,28.900000000000492,0,0.0
4,A,PREY,37,4.950000000000033,171,70.09199999999967,6,2,31.350000000000282,28.75000000000049,0,0.0
4,A,PREY,38,10.280000000000006,177,70.09199999999967,6,2,15.22500000000033,25.300000000000484,0,0.0
4,A,PREY,39,9.320000000000007,175,70.09199999999967,6,2,16.050000000000335,25.300000000000484,0,0.0
4,A,PREY,40,3.9800000000000377,170,70.09199999999967,6,2,24.81666666666702,29.35000000000049,0,0.0
4,A,PREY,41,8.359999999999937,173,70.09199999999967,6,2,30.808333333333696,25.900000000000485,0,0.0
4,A,PREY,42,2.980000000000034,172,70.09199999999967,6,2,24.166666666667023,27.100000000000488,0,0.0
4,A,PREY,43,9.300000000000008,177,70.09199999999967,6,2,36.29166666666697,27.85000000000049,0,0.0
4,A,PREY,44,4.440000000000035,173,70.09199999999967,6,2,23.891666666667025,26.500000000000487,0,0.0
4,A,PREY,45,10.269999999999941,178,70.09199999999967,6,2,21.566666666667004,26.050000000000487,0,0.0
4,A,PREY,46,8.809999999999956,177,70.09199999999967,6,2,22.116666666667005,25.15000000000048,0,0.0
4,A,PREY,47,6.879999999999962,174,70.09199999999967,6,2,16.750000000000338,26.500000000000487,0,0.0
4,A,PREY,48,8.359999999999959,173,70.09199999999967,6,2,17.125000000000334,26.65000000000049,0,0.0
4,A,PREY,49,5.900000000000016,174,70.09199999999967,6,2,16.375000000000334,25.300000000000484,0,0.0
4,A,PREY,50,8.800000000000024,178,70.09199999999967,6,2,15.000000000000327,25.15000000000048,0,0.0
4,A,PREY,51,12.729999999999956,177,70.09199999999967,6,2,15.35000000000033,25.750000000000483,0,0.0
4,A,PREY,52,17.57999999999994,182,70.09199999999967,6,2,19.80000000000035,27.550000000000487,0,0.0
4,A,PREY,53,7.8399999999999554,176,70.09199999999967,6,2,15.725000000000334,26.350000000000485,0,0.0
4,A,PREY,54,9.309999999999961,176,70.09199999999967,6,2,15.775000000000333,24.40000000000048,0,0.0
4,A,PREY,55,16.55999999999993,186,70.09199999999967,6,2,11.62500000000032,24.250000000000483,0,0.0
4,A,PREY,56,17.069999999999943,184,70.09199999999967,6,2,18.62500000000035,22.300000000000477,0,0.0
4,A,PREY,57,20.999999999999943,183,70.09199999999967,6,2,26.73333333333372,23.65000000000048,0,0.0
4,A,PREY,58,10.779999999999978,176,70.09199999999967,6,2,15.500000000000332,26.350000000000485,0,0.0
4,A,PREY,59,21.96999999999992,184,70.09199999999967,6,2,12.950000000000328,23.350000000000477,0,0.0
4,A,PREY,60,19.53999999999996,182,70.09199999999967,6,2,12.775000000000327,21.850000000000477,0,0.0
4,A,PREY,61,14.169999999999904,180,70.09199999999967,6,2,27.983333333333718,26.800000000000487,0,0.0
4,A,PREY,62,10.76999999999992,177,70.09199999999967,6,2,21.12500000000035,26.65000000000049,0,0.0
4,A,PREY,63,16.12999999999994,180,70.09199999999967,6,2,13.92500000000033,26.950000000000486,0,0.0
4,A,PREY,64,15.149999999999968,180,70.09199999999967,6,2,14.000000000000332,23.65000000000048,0,0.0
4,A,PREY,65,12.690000000000003,181,70.09199999999967,6,2,26.050000000000367,22.45000000000048,0,0.0
4,A,PREY,66,17.609999999999943,179,70.09199999999967,6,2,34.30833333333373,26.800000000000487,0,0.0
4,A,PREY,67,15.649999999999961,179,70.09199999999967,6,2,21.591666666667013,27.550000000000487,0,0.0
4,A,PREY,68,22.47999999999996,182,70.09199999999967,6,2,26.01666666666705,19.60000000000047,0,0.0
4,A,PREY,69,17.119999999999955,179,70.09199999999967,6,2,21.591666666667024,27.100000000000488,0,0.0
4,A,PREY,70,13.70999999999997,177,70.09199999999967,6,2,29.183333333333696,29.200000000000493,0,0.0
4,A,PREY,71,18.09999999999995,179,70.09199999999967,6,2,21.541666666667027,30.8500000000005,0,0.0
4,A,PREY,72,18.0699999999999,182,70.09199999999967,6,2,13.750000000000325,26.65000000000049,0,0.0
4,A,PREY,73,15.109999999999909,184,70.09199999999967,6,2,12.700000000000324,26.950000000000486,0,0.0
4,A,PREY,74,18.569999999999943,181,70.09199999999967,6,2,20.391666666667007,21.850000000000477,0,0.0
4,A,PREY,75,29.289999999999946,187,70.09199999999967,6,2,25.033333333333697,24.10000000000048,0,0.0
4,A,PREY,76,9.78999999999994,177,70.09199999999967,6,2,28.375000000000284,24.850000000000485,0,0.0
4,A,PREY,77,12.229999999999947,178,70.09199999999967,6,2,21.791666666667027,23.95000000000048,0,0.0
4,A,PREY,78,21.96999999999993,184,70.09199999999967,6,2,12.875000000000325,19.75000000000047,0,0.0
4,A,PREY,79,6.899999999999958,172,70.09199999999967,6,2,30.983333333333718,29.35000000000049,0,0.0
4,A,PREY,80,9.319999999999917,175,70.09199999999967,6,2,23.141666666667007,25.600000000000485,0,0.0
4,A,PREY,81,13.209999999999924,178,70.09199999999967,6,2,14.800000000000331,23.95000000000048,0,0.0
4,A,PREY,82,28.28999999999997,189,70.09199999999967,6,2,17.56666666666702,23.65000000000048,0,0.0
4,A,PREY,83,20.01999999999996,183,70.09199999999967,6,2,12.825000000000328,24.10000000000048,0,0.0
4,A,PREY,84,18.569999999999958,181,70.09199999999967,6,2,26.016666666667053,21.700000000000475,0,0.0
4,A,PREY,85,24.379999999999963,188,70.09199999999967,6,2,10.57500000000032,19.90000000000047,0,0.0
4,A,PREY,86,21.009999999999927,182,70.09199999999967,5,2,21.840000000000362,35.95000000000047,1,0.0
4,A,PREY,87,16.609999999999904,181,70.09199999999967,6,2,20.31666666666702,30.100000000000495,0,0.0
4,A,PREY,88,19.53999999999992,182,70.09199999999967,6,2,27.033333333333697,24.40000000000048,0,0.0
4,A,PREY,89,18.579999999999913,180,70.09199999999967,6,2,13.85000000000033,25.300000000000484,0,0.0
4,A,PREY,90,15.11999999999991,183,70.09199999999967,6,2,12.67500000000033,26.500000000000487,0,0.0
4,A,PREY,91,16.619999999999933,180,70.09199999999967,6,2,20.66666666666702,21.100000000000474,0,0.0
4,A,PREY,92,27.80999999999996,188,70.09199999999967,6,2,17.841666666667024,20.200000000000472,0,0.0
4,A,PREY,93,29.769999999999964,188,70.09199999999967,6,2,10.27500000000032,21.850000000000477,0,0.0
4,A,PREY,94,1.7400000000000215,100,70.09199999999967,7,2,30.42142857142878,54.850000000000286,0,0.0
4,A,PREY,95,17.589999999999925,181,70.09199999999967,6,2,13.30000000000033,26.65000000000049,0,0.0
4,A,PREY,96,20.02999999999991,182,70.09199999999967,6,2,20.166666666667023,22.900000000000478,0,0.0
4,A,PREY,97,18.069999999999915,182,70.09199999999967,6,2,13.550000000000326,21.850000000000477,0,0.0
4,A,PREY,98,22.449999999999918,185,70.09199999999967,6,2,23.81666666666702,21.850000000000477,0,0.0
4,A,PREY,99,28.799999999999972,187,70.09199999999967,5,2,27.740000000000396,29.62500000000057,1,0.0
4,A,PREY,100,18.5099999999999,187,70.09199999999967,6,2,18.21666666666702,26.500000000000487,0,0.0
4,A,PREY,101,21.48999999999991,183,70.09199999999967,6,2,19.916666666667023,20.200000000000472,0,0.0
4,A,PREY,102,14.169999999999893,180,70.09199999999967,6,2,21.041666666667023,24.55000000000048,0,0.0
4,A,PREY,103,19.5599999999999,180,70.09199999999967,6,2,27.708333333333723,25.300000000000484,0,0.0
4,A,PREY,104,14.169999999999872,180,70.09199999999967,6,2,13.800000000000326,21.400000000000475,0,0.0
4,A,PREY,105,23.429999999999957,185,70.09199999999967,6,2,18.816666666666993,21.100000000000474,0,0.0
4,A,PREY,106,34.56999999999994,198,70.09199999999967,6,2,6.475000000000314,19.00000000000047,0,0.0
4,A,PREY,107,23.929999999999936,184,70.09199999999967,6,2,19.391666666667025,23.20000000000048,0,0.0
4,A,PREY,108,29.750000000000018,190,70.09199999999967,6,2,16.64166666666702,17.500000000000465,0,0.0
4,A,PREY,109,21.019999999999897,181,70.09199999999967,6,2,20.441666666667,26.200000000000486,0,0.0
4,A,PREY,110,19.05999999999991,181,70.09199999999967,6,2,14.025000000000327,25.450000000000486,0,0.0
4,A,PREY,111,30.74999999999993,188,70.09199999999967,6,2,24.7083333333337,24.250000000000483,0,0.0
4,A,PREY,112,22.249999999999993,156,70.09199999999967,6,2,29.64166666666702,38.43750000000049,1,0.0
4,A,PREY,113,33.18999999999997,189,70.09199999999967,6,2,10.750000000000322,19.150000000000468,0,0.0
4,A,PREY,114,25.889999999999958,184,70.09199999999967,6,2,31.933333333333746,26.050000000000487,0,0.0
4,A,PREY,115,31.229999999999922,189,70.09199999999967,6,2,29.40833333333373,20.050000000000473,0,0.0
4,A,PREY,116,28.299999999999912,188,70.09199999999967,6,2,18.216666666667024,21.100000000000474,0,0.0
4,A,PREY,117,30.75999999999994,187,70.09199999999967,6,2,10.95000000000032,18.70000000000047,0,0.0
4,A,PREY,118,40.49999999999993,193,70.09199999999967,6,2,15.716666666667022,21.550000000000473,0,0.0
4,A,PREY,119,33.68999999999997,188,70.09199999999967,6,2,17.26666666666702,21.100000000000474,0,0.0
4,A,PREY,120,19.5299999999999,183,70.09199999999967,6,2,12.825000000000328,23.350000000000477,0,0.0
4,A,PREY,121,23.420000000000073,186,70.09199999999967,6,2,31.633333333333734,19.30000000000047,0,0.0
4,A,PREY,122,27.800000000000054,189,70.09199999999967,6,2,10.35000000000032,22.600000000000477,0,0.0
4,A,PREY,123,30.730000000000025,190,70.09199999999967,6,2,9.675000000000319,19.00000000000047,0,0.0
4,A,PREY,124,30.249999999999936,189,70.09199999999967,6,2,23.416666666667055,24.40000000000048,0,0.0
4,A,PREY,125,37.079999999999956,192,70.09199999999967,6,2,26.041666666667012,20.35000000000047,0,0.0
4,A,PREY,126,33.15999999999998,192,70.09199999999967,6,2,8.525000000000317,20.800000000000473,0,0.0
4,A,PREY,127,44.859999999999886,198,70.09199999999967,6,2,12.541666666666986,19.75000000000047,0,0.0
4,A,PREY,128,39.489999999999895,196,70.09199999999967,6,2,26.491666666666998,20.800000000000473,0,0.0
4,A,PREY,129,34.099999999999966,196,70.09199999999967,6,2,7.250000000000316,16.750000000000462,0,0.0
4,A,PREY,130,32.18000000000006,192,70.09199999999967,6,2,22.491666666667058,22.000000000000476,0,0.0
4,A,PREY,131,24.390000000000065,187,70.09199999999967,5,2,10.540000000000322,23.43750000000052,1,0.0
4,A,PREY,132,28.289999999999925,189,70.09199999999967,6,2,10.250000000000322,22.45000000000048,0,0.0
4,A,PREY,133,27.810000000000045,188,70.09199999999967,6,2,17.866666666667008,22.45000000000048,0,0.0
4,A,PREY,134,28.800000000000054,187,70.09199999999967,6,2,25.333333333333727,21.100000000000474,0,0.0
4,A,PREY,135,32.21000000000003,189,70.09199999999967,6,2,17.31666666666702,17.350000000000463,0,0.0
4,A,PREY,136,31.230000000000018,189,70.09199999999967,6,2,24.10833333333369,22.900000000000478,0,0.0
4,A,PREY,137,37.56999999999995,192,70.09199999999967,6,2,16.51666666666702,23.95000000000048,0,0.0
4,A,PREY,138,46.80999999999989,199,70.09199999999967,6,2,13.366666666667024,14.350000000000458,0,0.0
4,A,PREY,139,30.740000000000045,189,70.09199999999967,6,2,16.76666666666702,19.150000000000468,0,0.0
4,A,PREY,140,72.24999999999997,184,70.09199999999967,6,2,12.525000000000325,24.068750000000506,1,0.0
4,A,PREY,141,42.90999999999991,197,70.09199999999967,2,2,7.675000000000319,18.100000000000467,0,0.0
4,A,PREY,142,30.750000000000046,188,70.09199999999967,6,2,17.79166666666701,23.05000000000048,0,0.0
4,A,PREY,143,24.89000000000003,186,70.09199999999967,6,2,25.608333333333693,19.60000000000047,0,0.0
4,A,PREY,144,27.81000000000006,188,70.09199999999967,4,2,32.15000000000039,24.250000000000483,0,0.0
4,A,PREY,145,4.160000000000023,103,70.09199999999967,7,2,28.90000000000021,53.950000000000294,0,0.0
4,A,PREY,146,28.300000000000054,188,70.09199999999967,6,2,17.866666666667026,21.550000000000473,0,0.0
4,A,PREY,147,40.479999999999905,195,70.09199999999967,6,2,14.366666666667022,19.150000000000468,0,0.0
4,A,PREY,148,28.27000000000006,191,70.09199999999967,6,2,31.525000000000365,21.700000000000475,0,0.0
4,A,PREY,149,35.109999999999985,193,70.09199999999967,6,2,8.100000000000316,17.800000000000466,0,0.0
4,A,PREY,150,28.760000000000055,191,70.09199999999967,6,2,19.175000000000313,17.500000000000465,0,0.0
4,A,PREY,151,31.700000000000053,191,70.09199999999967,6,2,16.44166666666702,22.300000000000477,0,0.0
4,A,PREY,152,23.430000000000064,185,70.09199999999967,6,2,32.733333333333725,23.50000000000048,0,0.0
4,A,PREY,153,33.15999999999998,192,70.09199999999967,6,2,9.225000000000316,17.500000000000465,0,0.0
4,A,PREY,154,27.800000000000047,189,70.09199999999967,6,2,11.075000000000317,22.750000000000476,0,0.0
4,A,PREY,155,34.630000000000024,192,70.09199999999967,6,2,23.18333333333369,21.550000000000473,0,0.0
4,A,PREY,156,23.370000000000033,191,70.09199999999967,6,2,23.78333333333371,22.45000000000048,0,0.0
4,A,PREY,157,34.14999999999987,191,70.09199999999967,6,2,23.28333333333369,24.700000000000482,0,0.0
4,A,PREY,158,39.01999999999991,194,70.09199999999967,6,2,8.475000000000318,20.950000000000472,0,0.0
4,A,PREY,159,44.369999999999905,198,70.09199999999967,6,2,20.966666666667013,20.35000000000047,0,0.0
4,A,PREY,160,41.90999999999988,199,70.09199999999967,6,2,6.450000000000315,21.700000000000475,0,0.0
4,A,PREY,161,30.680000000000035,195,70.09199999999967,6,2,7.900000000000316,23.05000000000048,0,0.0
4,A,PREY,162,49.239999999999895,201,70.09199999999967,6,2,5.925000000000316,14.050000000000457,0,0.0
4,A,PREY,163,37.04000000000003,196,70.09199999999967,6,2,13.791666666666991,20.650000000000475,0,0.0
4,A,PREY,164,43.88999999999996,197,70.09199999999967,6,2,13.59166666666701,20.950000000000472,0,0.0
4,A,PREY,165,23.430000000000078,185,70.09199999999967,6,2,19.06666666666702,23.95000000000048,0,0.0
4,A,PREY,166,30.74000000000005,189,70.09199999999967,6,2,16.791666666667023,18.100000000000467,0,0.0
4,A,PREY,167,36.56000000000003,195,70.09199999999967,6,2,16.34166666666702,17.200000000000465,0,0.0
4,A,PREY,168,41.92999999999995,197,70.09199999999967,6,2,6.650000000000314,20.200000000000472,0,0.0
4,A,PREY,169,34.610000000000056,194,70.09199999999967,6,2,15.94166666666702,16.750000000000462,0,0.0
4,A,PREY,170,35.56000000000003,197,70.09199999999967,6,2,14.941666666667018,23.05000000000048,0,0.0
4,A,PREY,171,31.720000000000027,189,70.09199999999967,6,2,10.65000000000032,17.950000000000465,0,0.0
4,A,PREY,172,40.959999999999965,196,70.09199999999967,6,2,14.94166666666702,17.500000000000465,0,0.0
4,A,PREY,173,42.91999999999991,196,70.09199999999967,6,2,7.075000000000316,18.70000000000047,0,0.0
4,A,PREY,174,33.15999999999988,192,70.09199999999967,6,2,15.716666666666995,22.000000000000476,0,0.0
4,A,PREY,175,37.079999999999856,192,70.09199999999967,6,2,16.141666666667017,20.200000000000472,0,0.0
4,A,PREY,176,44.37999999999987,197,70.09199999999967,6,2,7.300000000000316,15.10000000000046,0,0.0
4,A,PREY,177,42.87999999999997,200,70.09199999999967,6,2,12.466666666667024,14.050000000000457,0,0.0
4,A,PREY,178,36.590000000000025,192,70.09199999999967,6,2,30.45000000000039,22.600000000000477,0,0.0
4,A,PREY,179,29.27000000000005,189,70.09199999999967,4,2,20.225000000000332,17.650000000000468,0,0.0
4,A,PREY,180,36.58000000000001,193,70.09199999999967,6,2,8.225000000000316,22.300000000000477,0,0.0
4,A,PREY,181,37.550000000000004,194,70.09199999999967,6,2,7.650000000000317,17.950000000000465,0,0.0
4,A,PREY,182,35.09000000000003,195,70.09199999999967,6,2,15.166666666666998,20.200000000000472,0,0.0
4,A,PREY,183,32.18000000000001,192,70.09199999999967,6,2,15.591666666667019,18.25000000000047,0,0.0
4,A,PREY,184,38.510000000000005,196,70.09199999999967,6,2,14.691666666666992,23.65000000000048,0,0.0
4,A,PREY,185,41.89999999999995,200,70.09199999999967,6,2,19.64166666666704,23.50000000000048,0,0.0
4,A,PREY,186,35.620000000000005,191,70.09199999999967,6,2,24.99166666666703,17.050000000000466,0,0.0
4,A,PREY,187,34.63000000000002,192,70.09199999999967,6,2,16.916666666667,17.500000000000465,0,0.0
4,A,PREY,188,34.630000000000024,192,70.09199999999967,6,2,16.291666666667023,19.90000000000047,0,0.0
4,A,PREY,189,47.75999999999992,202,70.09199999999967,6,2,32.85000000000043,17.050000000000466,0,0.0
4,A,PREY,190,32.20000000000003,190,70.09199999999967,6,2,17.150000000000336,22.300000000000477,0,0.0
4,A,PREY,191,40.95999999999992,196,70.09199999999967,5,2,32.080000000000304,28.056250000000546,1,0.0
4,A,PREY,192,16.619999999999862,180,70.09199999999967,6,2,27.733333333333707,22.750000000000476,0,0.0
4,A,PREY,193,51.179999999999936,203,70.09199999999967,6,2,18.966666666667056,22.000000000000476,0,0.0
4,A,PREY,194,36.080000000000034,194,70.09199999999967,6,2,7.575000000000315,21.850000000000477,0,0.0
4,A,PREY,195,39.010000000000005,195,70.09199999999967,6,2,13.875000000000348,20.650000000000475,0,0.0
4,A,PREY,196,35.61000000000002,192,70.09199999999967,6,2,16.991666666667005,19.75000000000047,0,0.0
4,A,PREY,197,52.15999999999988,203,70.09199999999967,6,2,4.700000000000315,18.100000000000467,0,0.0
4,A,PREY,198,60.939999999999856,207,70.09199999999967,6,2,10.016666666667001,18.100000000000467,0,0.0
4,A,PREY,199,60.42999999999989,209,70.09199999999967,6,2,8.641666666667026,13.900000000000457,0,0.0
4,A,PREY,200,43.409999999999926,196,70.09199999999967,6,2,26.31666666666706,17.200000000000465,0,0.0
4,A,PREY,201,36.58000000000001,193,70.09199999999967,6,2,23.208333333333716,19.75000000000047,0,0.0
4,A,PREY,202,35.11000000000004,193,70.09199999999967,6,2,16.291666666667023,24.40000000000048,0,0.0
4,A,PREY,203,39.96999999999999,197,70.09199999999967,6,2,15.041666666667021,20.200000000000472,0,0.0
4,A,PREY,204,53.12999999999988,204,70.09199999999967,6,2,11.516666666667,15.10000000000046,0,0.0
4,A,PREY,205,35.089999999999996,195,70.09199999999967,6,2,14.766666666667005,20.500000000000473,0,0.0
4,A,PREY,206,38.970000000000034,199,70.09199999999967,6,2,25.050000000000335,18.25000000000047,0,0.0
4,A,PREY,207,54.589999999999876,205,70.09199999999967,6,2,18.40833333333373,16.450000000000465,0,0.0
4,A,PREY,208,38.00000000000002,198,70.09199999999967,6,2,20.458333333333727,19.30000000000047,0,0.0
4,A,PREY,209,55.569999999999894,205,70.09199999999967,6,2,4.150000000000315,17.350000000000463,0,0.0
4,A,PREY,210,39.04,192,70.09199999999967,6,2,9.675000000000319,21.400000000000475,0,0.0
4,A,PREY,211,49.7399999999999,200,70.09199999999967,5,2,22.310000000000358,26.79375000000052,1,0.0
4,A,PREY,212,61.909999999999876,208,70.09199999999967,6,2,17.833333333333737,14.500000000000458,0,0.0
4,A,PREY,213,52.169999999999874,202,70.09199999999967,5,2,4.270000000000314,16.312500000000522,1,0.0
4,A,PREY,214,64.82999999999988,210,70.09199999999967,6,2,1.375000000000317,11.20000000000045,0,0.0
4,A,PREY,215,48.769999999999904,199,70.09199999999967,6,2,6.4500000000003155,14.800000000000459,0,0.0
4,A,PREY,216,62.37999999999989,210,70.09199999999967,5,2,28.420000000000424,24.075000000000536,1,0.0
4,A,PREY,217,62.869999999999884,210,70.09199999999967,6,2,2.5250000000003174,19.00000000000047,0,0.0
4,A,PREY,218,56.55999999999986,204,70.09199999999967,6,2,11.416666666666986,21.100000000000474,0,0.0
4,A,PREY,219,57.019999999999854,207,70.09199999999967,6,2,3.5250000000003148,13.000000000000455,0,0.0
4,A,PREY,220,52.1699999999999,202,70.09199999999967,6,2,4.775000000000314,19.450000000000472,0,0.0
4,A,PREY,221,42.89000000000001,199,70.09199999999967,6,2,21.258333333333688,22.000000000000476,0,0.0
4,A,PREY,222,35.600000000000044,193,70.09199999999967,6,2,23.108333333333707,17.050000000000466,0,0.0
4,A,PREY,223,41.93999999999999,196,70.09199999999967,6,2,14.475000000000342,22.750000000000476,0,0.0
4,A,PREY,224,47.299999999999955,199,70.09199999999967,6,2,5.800000000000314,23.65000000000048,0,0.0
4,A,PREY,225,42.42,197,70.09199999999967,6,2,7.275000000000316,22.750000000000476,0,0.0
4,A,PREY,226,40.930000000000014,199,70.09199999999967,6,2,13.191666666667023,16.600000000000463,0,0.0
4,A,PREY,227,37.58,191,70.09199999999967,6,2,10.050000000000317,21.250000000000476,0,0.0
4,A,PREY,228,44.84999999999995,199,70.09199999999967,6,2,5.850000000000318,18.400000000000468,0,0.0
4,A,PREY,229,46.80999999999996,199,70.09199999999967,6,2,12.125000000000348,16.750000000000462,0,0.0
4,A,PREY,230,40.0,194,70.09199999999967,6,2,22.48333333333373,18.70000000000047,0,0.0
4,A,PREY,231,44.389999999999986,196,70.09199999999967,6,2,14.091666666667008,17.350000000000463,0,0.0
4,A,PREY,232,40.02000000000002,192,70.09199999999967,6,2,15.841666666667022,24.850000000000485,0,0.0
4,A,PREY,233,40.49999999999999,193,70.09199999999967,6,2,7.800000000000313,17.650000000000468,0,0.0
4,A,PREY,234,40.980000000000004,194,70.09199999999967,6,2,8.075000000000317,17.200000000000465,0,0.0
4,A,PREY,235,40.0,194,70.09199999999967,6,2,8.750000000000316,20.500000000000473,0,0.0
4,A,PREY,236,49.72999999999994,201,70.09199999999967,6,2,4.750000000000315,13.450000000000456,0,0.0
4,A,PREY,237,58.00999999999984,206,70.09199999999967,6,2,4.475000000000315,17.800000000000466,0,0.0
4,A,PREY,238,55.589999999999876,203,70.09199999999967,6,2,10.941666666667006,13.900000000000457,0,0.0
4,A,PREY,239,54.109999999999836,204,70.09199999999967,6,2,10.941666666667025,15.25000000000046,0,0.0
4,A,PREY,240,49.72999999999983,201,70.09199999999967,6,2,6.625000000000313,19.00000000000047,0,0.0
4,A,PREY,241,58.49999999999987,206,70.09199999999967,6,2,10.47500000000035,17.650000000000468,0,0.0
4,A,PREY,242,68.71999999999989,213,70.09199999999967,3,2,31.41666666666715,14.200000000000458,0,0.0
4,A,PREY,243,37.58,191,70.09199999999967,6,2,16.916666666667023,23.50000000000048,0,0.0
4,A,PREY,244,45.35999999999996,197,70.09199999999967,6,2,21.63333333333371,18.85000000000047,0,0.0
4,A,PREY,245,36.60000000000002,191,70.09199999999967,6,2,10.275000000000322,23.350000000000477,0,0.0
4,A,PREY,246,41.95,195,70.09199999999967,6,2,7.600000000000317,16.000000000000462,0,0.0
4,A,PREY,247,42.88999999999998,199,70.09199999999967,6,2,6.675000000000316,22.750000000000476,0,0.0
4,A,PREY,248,50.69999999999992,202,70.09199999999967,6,2,27.425000000000363,17.650000000000468,0,0.0
4,A,PREY,249,48.23999999999996,203,70.09199999999967,6,2,12.491666666667024,13.150000000000455,0,0.0
4,A,PREY,250,44.86999999999997,197,70.09199999999967,6,2,6.750000000000315,22.900000000000478,0,0.0
4,B,PREDATOR,1,-4.709999999999978,157,90.82899999999988,6,2,29.44166666666702,35.50000000000047,0,0.0
4,B,PREDATOR,2,-4.6899999999999835,155,90.82899999999988,6,2,30.01666666666702,37.000000000000455,0,0.0
4,B,PREDATOR,3,-1.3299999999999716,162,90.82899999999988,6,2,21.075000000000326,33.55000000000049,0,0.0
4,B,PREDATOR,4,-1.7999999999999794,160,90.82899999999988,6,2,21.675000000000335,33.700000000000486,0,0.0
4,B,PREDATOR,5,18.206666666666557,139,90.82899999999988,5,1,36.12000000000036,42.7000000000004,1,0.0
4,B,PREDATOR,6,-0.3899999999999757,166,90.82899999999988,6,2,33.15833333333371,29.500000000000494,0,0.0
4,B,PREDATOR,7,-1.3399999999999785,163,90.82899999999988,6,2,27.71666666666702,31.750000000000497,0,0.0
4,B,PREDATOR,8,2.09000000000003,163,90.82899999999988,6,2,33.850000000000286,31.900000000000496,0,0.0
4,B,PREDATOR,9,0.6300000000000292,162,90.82899999999988,6,2,21.25000000000033,32.5000000000005,0,0.0
4,B,PREDATOR,10,0.6100000000000261,164,90.82899999999988,6,2,27.375000000000338,33.10000000000049,0,0.0
4,B,PREDATOR,11,-2.7699999999999747,159,90.82899999999988,6,2,35.3833333333337,35.50000000000047,0,0.0
4,B,PREDATOR,12,4.470000000000033,170,90.82899999999988,6,2,25.066666666667018,31.00000000000049,0,0.0
4,B,PREDATOR,13,1.1100000000000314,163,90.82899999999988,6,2,27.541666666667,32.2000000000005,0,0.0
4,B,PREDATOR,14,0.650000000000027,160,90.82899999999988,6,2,21.825000000000333,34.60000000000048,0,0.0
4,B,PREDATOR,15,0.630000000000031,162,90.82899999999988,6,2,32.89166666666704,31.6000000000005,0,0.0
4,B,PREDATOR,16,3.500000000000032,169,90.82899999999988,6,2,32.25833333333372,28.900000000000492,0,0.0
4,B,PREDATOR,17,1.5800000000000356,165,90.82899999999988,6,2,27.066666666667018,30.700000000000497,0,0.0
4,B,PREDATOR,18,1.130000000000031,161,90.82899999999988,6,2,21.45000000000033,34.00000000000048,0,0.0
4,B,PREDATOR,19,4.0200000000000315,166,90.82899999999988,6,2,19.95000000000033,29.500000000000494,0,0.0
4,B,PREDATOR,20,1.1300000000000257,161,90.82899999999988,6,2,21.225000000000332,32.35000000000049,0,0.0
4,B,PREDATOR,21,2.020000000000035,170,90.82899999999988,6,2,35.216666666667,27.70000000000049,0,0.0
4,B,PREDATOR,22,-1.339999999999975,163,90.82899999999988,6,2,27.075000000000344,33.850000000000485,0,0.0
4,B,PREDATOR,23,6.470000000000029,166,90.82899999999988,6,2,19.825000000000326,30.400000000000496,0,0.0
4,B,PREDATOR,24,3.5500000000000345,164,90.82899999999988,6,2,27.291666666667016,32.5000000000005,0,0.0
4,B,PREDATOR,25,5.960000000000036,168,90.82899999999988,6,2,25.72500000000034,30.400000000000496,0,0.0
4,B,PREDATOR,26,0.12000000000002942,164,90.82899999999988,6,2,20.50000000000033,32.35000000000049,0,0.0
4,B,PREDATOR,27,5.890000000000036,175,90.82899999999988,6,2,16.100000000000332,27.70000000000049,0,0.0
4,B,PREDATOR,28,11.279999999999967,175,90.82899999999988,6,2,16.225000000000332,28.00000000000049,0,0.0
4,B,PREDATOR,29,5.440000000000037,171,90.82899999999988,6,2,17.750000000000334,26.800000000000487,0,0.0
4,B,PREDATOR,30,42.59666666666671,230,90.82899999999988,1,2,0.25000000000031314,10.15000000000045,1,0.0
4,B,PREDATOR,31,9.840000000000016,172,90.82899999999988,6,2,17.450000000000333,29.35000000000049,0,0.0
4,B,PREDATOR,32,7.910000000000034,169,90.82899999999988,6,2,18.90000000000033,30.550000000000495,0,0.0
4,B,PREDATOR,33,7.9,170,90.82899999999988,6,2,31.608333333333693,30.85000000000049,0,0.0
4,B,PREDATOR,34,16.039166666666695,190,90.82899999999988,5,2,35.74000000000045,18.85000000000047,1,0.0
4,B,PREDATOR,35,10.799999999999974,174,90.82899999999988,6,2,22.150000000000347,24.850000000000485,0,0.0
4,B,PREDATOR,36,6.920000000000021,170,90.82899999999988,6,2,18.225000000000332,26.800000000000487,0,0.0
4,B,PREDATOR,37,11.799999999999978,172,90.82899999999988,6,2,17.45000000000033,30.400000000000496,0,0.0
4,B,PREDATOR,38,12.279999999999989,173,90.82899999999988,6,2,17.150000000000333,25.900000000000485,0,0.0
4,B,PREDATOR,39,11.319999999999979,171,90.82899999999988,6,2,17.80000000000033,26.950000000000486,0,0.0
4,B,PREDATOR,40,8.38999999999996,170,90.82899999999988,6,2,18.32500000000033,27.40000000000049,0,0.0
4,B,PREDATOR,41,1.550000000000031,168,90.82899999999988,3,2,21.383333333333606,29.200000000000493,0,0.0
4,B,PREDATOR,42,5.970000000000022,167,90.82899999999988,6,2,19.50000000000033,30.8500000000005,0,0.0
4,B,PREDATOR,43,8.389999999999977,170,90.82899999999988,6,2,25.016666666667025,28.00000000000049,0,0.0
4,B,PREDATOR,44,14.24999999999995,172,90.82899999999988,4,2,17.57500000000033,28.900000000000492,0,0.0
4,B,PREDATOR,45,5.460000000000036,169,90.82899999999988,6,2,30.450000000000287,28.450000000000493,0,0.0
4,B,PREDATOR,46,10.309999999999922,174,90.82899999999988,6,2,30.108333333333675,27.25000000000049,0,0.0
4,B,PREDATOR,47,10.329999999999997,172,90.82899999999988,6,2,17.200000000000333,28.900000000000492,0,0.0
4,B,PREDATOR,48,8.85000000000001,173,90.82899999999988,6,2,30.483333333333693,28.15000000000049,0,0.0
4,B,PREDATOR,49,12.289999999999962,172,90.82899999999988,6,2,16.650000000000333,25.900000000000485,0,0.0
4,B,PREDATOR,50,11.289999999999969,174,90.82899999999988,6,2,23.466666666667027,25.600000000000485,0,0.0
4,B,PREDATOR,51,19.059999999999945,181,90.82899999999988,6,2,13.375000000000329,25.600000000000485,0,0.0
4,B,PREDATOR,52,13.229999999999993,176,90.82899999999988,6,2,15.450000000000335,27.70000000000049,0,0.0
4,B,PREDATOR,53,21.37999999999991,194,90.82899999999988,6,2,8.400000000000317,17.200000000000465,0,0.0
4,B,PREDATOR,54,7.44000000000001,167,90.82899999999988,6,2,19.55000000000033,29.950000000000493,0,0.0
4,B,PREDATOR,55,16.609999999999943,181,90.82899999999988,6,2,13.82500000000033,25.300000000000484,0,0.0
4,B,PREDATOR,56,17.089999999999975,182,90.82899999999988,6,2,20.066666666667015,25.15000000000048,0,0.0
4,B,PREDATOR,57,15.179999999999977,177,90.82899999999988,6,2,15.425000000000331,29.050000000000495,0,0.0
4,B,PREDATOR,58,21.826666666666718,188,90.82899999999988,5,2,19.38000000000034,23.05000000000048,1,0.0
4,B,PREDATOR,59,14.679999999999966,178,90.82899999999988,6,2,15.20000000000033,26.65000000000049,0,0.0
4,B,PREDATOR,60,14.709999999999953,175,90.82899999999988,6,2,22.966666666667024,29.050000000000495,0,0.0
4,B,PREDATOR,61,51.564166666666694,236,90.82899999999988,0,2,0.0,10.600000000000449,1,0.0
4,B,PREDATOR,62,19.559999999999953,180,90.82899999999988,6,2,20.61666666666701,21.400000000000475,0,0.0
4,B,PREDATOR,63,9.299999999999967,177,90.82899999999988,6,2,14.900000000000327,27.40000000000049,0,0.0
4,B,PREDATOR,64,18.57999999999995,180,90.82899999999988,6,2,20.841666666667013,26.200000000000486,0,0.0
4,B,PREDATOR,65,12.299999999999988,171,90.82899999999988,6,2,24.466666666667013,28.450000000000486,0,0.0
4,B,PREDATOR,66,15.139999999999954,181,90.82899999999988,5,2,13.120000000000326,30.14375000000056,1,0.0
4,B,PREDATOR,67,11.779999999999939,174,90.82899999999988,6,2,23.41666666666703,25.300000000000484,0,0.0
4,B,PREDATOR,68,15.129999999999912,182,90.82899999999988,6,2,20.44166666666703,25.15000000000048,0,0.0
4,B,PREDATOR,69,15.659999999999924,178,90.82899999999988,6,2,15.050000000000319,22.900000000000478,0,0.0
4,B,PREDATOR,70,14.669999999999943,179,90.82899999999988,6,2,14.77500000000033,28.15000000000049,0,0.0
4,B,PREDATOR,71,10.369999999999997,168,90.82899999999988,6,2,19.40000000000033,28.900000000000492,0,0.0
4,B,PREDATOR,72,9.80999999999993,175,90.82899999999988,6,2,28.1250000000003,25.15000000000048,0,0.0
4,B,PREDATOR,73,10.819999999999942,172,90.82899999999988,6,2,17.400000000000333,28.450000000000493,0,0.0
4,B,PREDATOR,74,13.249999999999934,174,90.82899999999988,6,2,22.90000000000035,27.550000000000487,0,0.0
4,B,PREDATOR,75,15.169999999999918,178,90.82899999999988,6,2,14.875000000000332,24.700000000000482,0,0.0
4,B,PREDATOR,76,24.889999999999965,186,90.82899999999988,6,2,24.925000000000285,19.30000000000047,0,0.0
4,B,PREDATOR,77,24.899999999999956,185,90.82899999999988,6,2,11.375000000000325,19.00000000000047,0,0.0
4,B,PREDATOR,78,21.009999999999955,182,90.82899999999988,6,2,26.633333333333685,25.750000000000483,0,0.0
4,B,PREDATOR,79,22.949999999999946,184,90.82899999999988,5,2,38.48000000000034,20.500000000000473,0,0.0
4,B,PREDATOR,80,28.27999999999998,190,90.82899999999988,6,2,17.441666666667004,23.05000000000048,0,0.0
4,B,PREDATOR,81,29.72999999999998,192,90.82899999999988,6,2,23.383333333333727,18.550000000000466,0,0.0
4,B,PREDATOR,82,15.589999999999906,185,90.82899999999988,6,2,12.100000000000326,24.250000000000483,0,0.0
4,B,PREDATOR,83,20.50999999999994,183,90.82899999999988,6,2,19.741666666667026,21.400000000000475,0,0.0
4,B,PREDATOR,84,27.269999999999946,193,90.82899999999988,6,2,9.100000000000316,25.15000000000048,0,0.0
4,B,PREDATOR,85,23.42999999999995,185,90.82899999999988,6,2,25.7833333333337,28.30000000000049,0,0.0
4,B,PREDATOR,86,23.93999999999995,183,90.82899999999988,6,2,29.74166666666701,19.90000000000047,0,0.0
4,B,PREDATOR,87,20.019999999999932,183,90.82899999999988,6,2,26.541666666667027,19.90000000000047,0,0.0
4,B,PREDATOR,88,17.519999999999918,188,90.82899999999988,6,2,17.666666666667023,21.100000000000474,0,0.0
4,B,PREDATOR,89,21.959999999999912,185,90.82899999999988,6,2,32.94166666666697,23.05000000000048,0,0.0
4,B,PREDATOR,90,17.589999999999918,181,90.82899999999988,6,2,20.900000000000343,25.750000000000483,0,0.0
4,B,PREDATOR,91,20.50999999999992,183,90.82899999999988,6,2,33.55833333333372,20.050000000000473,0,0.0
4,B,PREDATOR,92,17.069999999999908,184,90.82899999999988,6,2,18.37500000000035,21.700000000000475,0,0.0
4,B,PREDATOR,93,18.559999999999903,182,90.82899999999988,6,2,20.591666666667027,28.450000000000493,0,0.0
4,B,PREDATOR,94,27.77999999999995,191,90.82899999999988,6,2,16.36666666666702,21.700000000000475,0,0.0
4,B,PREDATOR,95,25.36999999999997,187,90.82899999999988,6,2,16.85000000000035,22.750000000000476,0,0.0
4,B,PREDATOR,96,17.619999999999948,178,90.82899999999988,6,2,14.750000000000332,24.55000000000048,0,0.0
4,B,PREDATOR,97,16.149999999999906,178,90.82899999999988,6,2,14.750000000000332,26.65000000000049,0,0.0
4,B,PREDATOR,98,22.969999999999935,182,90.82899999999988,6,2,13.625000000000325,25.15000000000048,0,0.0
4,B,PREDATOR,99,36.51999999999994,199,90.82899999999988,6,2,6.125000000000312,17.050000000000466,0,0.0
4,B,PREDATOR,100,28.299999999999955,188,90.82899999999988,6,2,16.35000000000035,19.150000000000468,0,0.0
4,B,PREDATOR,101,33.11999999999999,196,90.82899999999988,6,2,30.566666666667036,19.00000000000047,0,0.0
4,B,PREDATOR,102,28.289999999999964,189,90.82899999999988,6,2,16.541666666667002,25.300000000000484,0,0.0
4,B,PREDATOR,103,75.19666666666656,253,90.82899999999988,2,1,30.52500000000067,7.300000000000444,1,0.0
4,B,PREDATOR,104,36.059999999999945,196,90.82899999999988,6,2,14.216666666667,18.400000000000468,0,0.0
4,B,PREDATOR,105,22.41999999999996,188,90.82899999999988,6,2,17.441666666666997,22.750000000000476,0,0.0
4,B,PREDATOR,106,24.879999999999963,187,90.82899999999988,6,2,32.13333333333373,20.650000000000475,0,0.0
4,B,PREDATOR,107,21.999999999999936,181,90.82899999999988,6,2,27.458333333333698,23.95000000000048,0,0.0
4,B,PREDATOR,108,19.989999999999917,186,90.82899999999988,6,2,25.55833333333373,22.600000000000477,0,0.0
4,B,PREDATOR,109,27.21999999999999,198,90.82899999999988,6,2,21.408333333333715,19.00000000000047,0,0.0
4,B,PREDATOR,110,33.62999999999995,194,90.82899999999988,6,2,8.775000000000318,21.100000000000474,0,0.0
4,B,PREDATOR,111,40.799999999999926,212,90.82899999999988,5,2,11.400000000000373,10.150000000000448,0,0.0
4,B,PREDATOR,112,26.370000000000026,185,90.82899999999988,6,2,25.8333333333337,20.650000000000475,0,0.0
4,B,PREDATOR,113,25.400000000000077,184,90.82899999999988,6,2,19.116666666667005,19.150000000000468,0,0.0
4,B,PREDATOR,114,29.289999999999978,187,90.82899999999988,6,2,11.07500000000032,21.250000000000476,0,0.0
4,B,PREDATOR,115,35.06999999999998,197,90.82899999999988,6,2,7.650000000000314,15.40000000000046,0,0.0
4,B,PREDATOR,116,24.430000000000035,183,90.82899999999988,5,2,21.54000000000037,33.2250000000005,1,0.0
4,B,PREDATOR,117,25.370000000000005,187,90.82899999999988,6,2,17.816666666666993,25.750000000000483,0,0.0
4,B,PREDATOR,118,25.41000000000004,183,90.82899999999988,6,2,20.066666666667025,27.40000000000049,0,0.0
4,B,PREDATOR,119,37.97999999999993,200,90.82899999999988,6,2,12.016666666667021,15.55000000000046,0,0.0
4,B,PREDATOR,120,39.42999999999992,202,90.82899999999988,6,2,4.875000000000315,19.75000000000047,0,0.0
4,B,PREDATOR,121,40.919999999999895,200,90.82899999999988,6,2,14.466666666666995,22.300000000000477,0,0.0
4,B,PREDATOR,122,30.20999999999994,193,90.82899999999988,6,2,8.950000000000317,16.900000000000464,0,0.0
4,B,PREDATOR,123,31.22000000000002,190,90.82899999999988,6,2,16.61666666666701,24.55000000000048,0,0.0
4,B,PREDATOR,124,28.22,196,90.82899999999988,6,2,6.600000000000314,24.250000000000483,0,0.0
4,B,PREDATOR,125,33.169999999999966,191,90.82899999999988,6,2,24.033333333333726,24.55000000000048,0,0.0
4,B,PREDATOR,126,44.2799999999999,207,90.82899999999988,6,2,18.558333333333714,13.450000000000456,0,0.0
4,B,PREDATOR,127,29.23000000000004,193,90.82899999999988,6,2,8.700000000000315,19.150000000000468,0,0.0
4,B,PREDATOR,128,28.780000000000015,189,90.82899999999988,6,2,10.27500000000032,21.400000000000475,0,0.0
4,B,PREDATOR,129,38.45999999999995,201,90.82899999999988,6,2,12.025000000000349,16.900000000000464,0,0.0
4,B,PREDATOR,130,28.780000000000037,189,90.82899999999988,6,2,17.81666666666702,20.800000000000473,0,0.0
4,B,PREDATOR,131,23.420000000000044,186,90.82899999999988,6,2,11.250000000000325,19.00000000000047,0,0.0
4,B,PREDATOR,132,27.289999999999992,191,90.82899999999988,6,2,31.175000000000413,25.15000000000048,0,0.0
4,B,PREDATOR,133,39.41999999999996,203,90.82899999999988,6,2,10.666666666666979,14.800000000000459,0,0.0
4,B,PREDATOR,134,41.40999999999994,200,90.82899999999988,6,2,12.266666666666985,15.40000000000046,0,0.0
4,B,PREDATOR,135,35.54999999999998,198,90.82899999999988,6,2,13.666666666667014,19.60000000000047,0,0.0
4,B,PREDATOR,136,20.539999999999928,180,90.82899999999988,6,2,21.26666666666701,20.950000000000472,0,0.0
4,B,PREDATOR,137,32.12000000000003,198,90.82899999999988,6,2,6.725000000000311,20.650000000000475,0,0.0
4,B,PREDATOR,138,41.879999999999924,202,90.82899999999988,6,2,4.375000000000316,13.600000000000456,0,0.0
4,B,PREDATOR,139,42.84999999999994,203,90.82899999999988,6,2,19.008333333333734,15.40000000000046,0,0.0
4,B,PREDATOR,140,29.250000000000036,191,90.82899999999988,6,2,10.025000000000318,22.900000000000478,0,0.0
4,B,PREDATOR,141,31.689999999999976,192,90.82899999999988,6,2,15.191666666666983,22.150000000000475,0,0.0
4,B,PREDATOR,142,53.02999999999985,214,90.82899999999988,3,2,45.25000000000055,13.600000000000456,0,0.0
4,B,PREDATOR,143,43.329999999999885,204,90.82899999999988,6,2,24.33333333333373,19.150000000000468,0,0.0
4,B,PREDATOR,144,64.7741666666666,235,90.82899999999988,0,2,0.0,15.437500000000554,2,0.0
4,B,PREDATOR,145,39.44999999999992,200,90.82899999999988,6,2,13.966666666667024,19.30000000000047,0,0.0
4,B,PREDATOR,146,34.10999999999993,195,90.82899999999988,6,2,7.900000000000318,16.300000000000463,0,0.0
4,B,PREDATOR,147,38.999999999999915,196,90.82899999999988,6,2,15.016666666667023,23.50000000000048,0,0.0
4,B,PREDATOR,148,49.13999999999991,211,90.82899999999988,6,2,23.800000000000352,15.10000000000046,0,0.0
4,B,PREDATOR,149,50.57999999999989,214,90.82899999999988,2,2,25.50000000000046,8.800000000000447,0,0.0
4,B,PREDATOR,150,38.959999999999965,200,90.82899999999988,6,2,19.033333333333672,19.75000000000047,0,0.0
4,B,PREDATOR,151,34.00000000000002,206,90.82899999999988,6,2,4.2250000000003105,17.350000000000463,0,0.0
4,B,PREDATOR,152,39.42999999999995,202,90.82899999999988,5,2,5.230000000000313,35.28125000000054,1,0.0
4,B,PREDATOR,153,26.82000000000002,189,90.82899999999988,6,2,17.34166666666702,19.00000000000047,0,0.0
4,B,PREDATOR,154,47.209999999999944,208,90.82899999999988,6,2,9.066666666667027,15.55000000000046,0,0.0
4,B,PREDATOR,155,41.73999999999998,216,90.82899999999988,1,2,45.200000000000614,12.400000000000453,0,0.0
4,B,PREDATOR,156,45.22999999999994,210,90.82899999999988,6,2,9.641666666667007,15.700000000000461,0,0.0
4,B,PREDATOR,157,38.43999999999992,203,90.82899999999988,6,2,23.22500000000032,15.40000000000046,0,0.0
4,B,PREDATOR,158,52.05999999999989,213,90.82899999999988,4,2,23.025000000000425,15.25000000000046,0,0.0
4,B,PREDATOR,159,35.53000000000001,200,90.82899999999988,6,2,13.266666666667007,14.050000000000457,0,0.0
4,B,PREDATOR,160,37.47999999999999,201,90.82899999999988,6,2,19.716666666667063,16.450000000000465,0,0.0
4,B,PREDATOR,161,45.289999999999885,204,90.82899999999988,6,2,28.858333333333736,19.90000000000047,0,0.0
4,B,PREDATOR,162,44.30999999999994,204,90.82899999999988,6,2,10.716666666667026,17.500000000000465,0,0.0
4,B,PREDATOR,163,37.53999999999995,195,90.82899999999988,6,2,7.525000000000314,19.90000000000047,0,0.0
4,B,PREDATOR,164,33.100000000000016,198,90.82899999999988,6,2,23.291666666667016,20.050000000000473,0,0.0
4,B,PREDATOR,165,37.97999999999998,200,90.82899999999988,6,2,7.30000000000031,19.60000000000047,0,0.0
4,B,PREDATOR,166,34.07000000000001,199,90.82899999999988,6,2,13.191666666667023,18.85000000000047,0,0.0
4,B,PREDATOR,167,42.82999999999997,205,90.82899999999988,6,2,11.741666666667024,19.450000000000472,0,0.0
4,B,PREDATOR,168,52.05999999999992,213,90.82899999999988,5,2,27.460000000000427,14.500000000000458,0,0.0
4,B,PREDATOR,169,42.809999999999974,207,90.82899999999988,6,2,19.45833333333372,14.650000000000459,0,0.0
4,B,PREDATOR,170,42.349999999999966,204,90.82899999999988,6,2,10.941666666667025,15.700000000000461,0,0.0
4,B,PREDATOR,171,36.05000000000004,197,90.82899999999988,6,2,13.766666666667023,17.500000000000465,0,0.0
4,B,PREDATOR,172,60.33416666666648,230,90.82899999999988,0,2,0.0,9.850000000000449,1,0.0
4,B,PREDATOR,173,52.03999999999987,215,90.82899999999988,4,2,3.400000000000315,14.650000000000459,0,0.0
4,B,PREDATOR,174,57.839999999999854,223,90.82899999999988,1,2,2.800000000000308,10.300000000000448,0,0.0
4,B,PREDATOR,175,50.12999999999987,210,90.82899999999988,6,2,9.21666666666703,15.850000000000461,0,0.0
4,B,PREDATOR,176,68.56666666666665,232,90.82899999999988,1,2,33.95000000000039,5.500000000000445,1,0.0
4,B,PREDATOR,177,43.79999999999997,206,90.82899999999988,6,2,18.258333333333717,21.400000000000475,0,0.0
4,B,PREDATOR,178,43.33999999999997,203,90.82899999999988,6,2,13.016666666666993,17.200000000000465,0,0.0
4,B,PREDATOR,179,40.88999999999998,203,90.82899999999988,6,2,3.900000000000316,16.15000000000046,0,0.0
4,B,PREDATOR,180,59.83999999999989,219,90.82899999999988,3,2,1.9000000000003145,14.650000000000459,0,0.0
4,B,PREDATOR,181,40.80000000000001,212,90.82899999999988,3,2,31.3166666666671,17.500000000000465,0,0.0
4,B,PREDATOR,182,47.189999999999934,210,90.82899999999988,6,2,30.04166666666704,12.850000000000454,0,0.0
4,B,PREDATOR,183,63.65999999999989,229,90.82899999999988,0,2,0.0,5.950000000000445,0,0.0
4,B,PREDATOR,184,57.41999999999988,216,90.82899999999988,5,2,34.66000000000048,13.450000000000456,0,0.0
4,B,PREDATOR,185,63.209999999999894,225,90.82899999999988,3,2,42.45000000000059,11.950000000000454,0,0.0
4,B,PREDATOR,186,56.4299999999999,217,90.82899999999988,3,2,43.90000000000051,12.250000000000453,0,0.0
4,B,PREDATOR,187,61.76999999999989,222,90.82899999999988,5,2,33.60000000000044,10.300000000000448,0,0.0
4,B,PREDATOR,188,54.489999999999846,215,90.82899999999988,3,2,2.950000000000319,14.800000000000459,0,0.0
4,B,PREDATOR,189,57.86999999999986,220,90.82899999999988,2,2,20.20000000000045,10.450000000000449,0,0.0
4,B,PREDATOR,190,58.39999999999986,216,90.82899999999988,2,2,1.450000000000316,15.40000000000046,0,0.0
4,B,PREDATOR,191,50.826666666666625,214,90.82899999999988,2,2,4.450000000000312,19.75000000000047,1,0.0
4,B,PREDATOR,192,56.90999999999989,218,90.82899999999988,1,2,38.75000000000035,13.750000000000457,0,0.0
4,B,PREDATOR,193,54.519999999999854,212,90.82899999999988,6,2,30.266666666667078,10.90000000000045,0,0.0
4,B,PREDATOR,194,39.34,211,90.82899999999988,5,2,19.67000000000038,15.700000000000461,0,0.0
4,B,PREDATOR,195,34.070000000000014,199,90.82899999999988,6,2,5.975000000000315,19.00000000000047,0,0.0
4,B,PREDATOR,196,49.5899999999999,215,90.82899999999988,1,2,3.8500000000003176,25.875000000000565,1,0.0
4,B,PREDATOR,197,47.68999999999993,209,90.82899999999988,6,2,8.641666666667012,12.400000000000453,0,0.0
4,B,PREDATOR,198,37.48000000000002,201,90.82899999999988,6,2,5.650000000000315,19.30000000000047,0,0.0
4,B,PREDATOR,199,44.31999999999992,203,90.82899999999988,6,2,19.508333333333706,12.850000000000454,0,0.0
4,B,PREDATOR,200,42.33999999999998,205,90.82899999999988,6,2,2.950000000000314,18.25000000000047,0,0.0
4,B,PREDATOR,201,91.13416666666653,265,90.82899999999988,1,1,30.500000000000735,4.6000000000004455,1,0.0
4,B,PREDATOR,202,49.169999999999916,208,90.82899999999988,6,2,9.791666666667025,19.90000000000047,0,0.0
4,B,PREDATOR,203,43.83999999999997,202,90.82899999999988,6,2,12.266666666667023,15.700000000000461,0,0.0
4,B,PREDATOR,204,40.89999999999997,202,90.82899999999988,6,2,18.316666666667064,19.150000000000468,0,0.0
4,B,PREDATOR,205,45.66999999999997,215,90.82899999999988,2,2,64.72500000000036,13.600000000000456,0,0.0
4,B,PREDATOR,206,45.28999999999998,204,90.82899999999988,6,2,11.416666666667007,13.750000000000457,0,0.0
4,B,PREDATOR,207,42.84999999999991,203,90.82899999999988,6,2,3.6250000000003157,19.150000000000468,0,0.0
4,B,PREDATOR,208,53.52999999999991,213,90.82899999999988,4,2,13.36250000000039,13.900000000000457,0,0.0
4,B,PREDATOR,209,43.78999999999997,207,90.82899999999988,6,2,2.425000000000315,17.050000000000466,0,0.0
4,B,PREDATOR,210,32.67000000000009,192,90.82899999999988,6,2,16.31666666666702,19.60000000000047,0,0.0
4,B,PREDATOR,211,44.259999999999955,209,90.82899999999988,6,2,16.98333333333372,15.10000000000046,0,0.0
4,B,PREDATOR,212,49.11999999999989,213,90.82899999999988,4,2,16.56250000000034,11.950000000000452,0,0.0
4,B,PREDATOR,213,48.15999999999995,211,90.82899999999988,5,2,1.7500000000003126,14.800000000000459,0,0.0
4,B,PREDATOR,214,50.61999999999992,210,90.82899999999988,6,2,8.366666666667026,10.90000000000045,0,0.0
4,B,PREDATOR,215,40.38,205,90.82899999999988,6,2,12.016666666667026,15.40000000000046,0,0.0
4,B,PREDATOR,216,31.700000000000045,191,90.82899999999988,6,2,37.566666666667054,22.900000000000478,0,0.0
4,B,PREDATOR,217,51.56999999999995,213,90.82899999999988,4,2,23.737500000000416,13.900000000000457,0,0.0
4,B,PREDATOR,218,47.66999999999995,211,90.82899999999988,5,2,1.090000000000317,17.350000000000463,0,0.0
4,B,PREDATOR,219,54.949999999999655,218,90.82899999999988,2,2,23.400000000000468,12.550000000000454,0,0.0
4,B,PREDATOR,220,48.669999999999966,209,90.82899999999988,6,2,9.591666666667,14.95000000000046,0,0.0
4,B,PREDATOR,221,32.670000000000044,192,90.82899999999988,6,2,9.000000000000318,20.800000000000473,0,0.0
4,B,PREDATOR,222,43.789999999999985,207,90.82899999999988,6,2,11.491666666667015,16.000000000000462,0,0.0
4,B,PREDATOR,223,42.36999999999999,202,90.82899999999988,6,2,22.991666666667076,20.650000000000475,0,0.0
4,B,PREDATOR,224,30.250000000000085,189,90.82899999999988,6,2,17.141666666667007,18.25000000000047,0,0.0
4,B,PREDATOR,225,38.96000000000002,200,90.82899999999988,6,2,12.341666666666987,14.650000000000459,0,0.0
4,B,PREDATOR,226,55.46999999999969,215,90.82899999999988,2,2,2.425000000000316,11.800000000000452,0,0.0
4,B,PREDATOR,227,47.63999999999995,214,90.82899999999988,4,2,2.8375000000003165,11.950000000000452,0,0.0
4,B,PREDATOR,228,48.08999999999999,218,90.82899999999988,1,2,2.200000000000312,9.700000000000447,0,0.0
4,B,PREDATOR,229,27.76000000000012,193,90.82899999999988,6,2,7.675000000000317,19.00000000000047,0,0.0
4,B,PREDATOR,230,38.33000000000009,214,90.82899999999988,1,2,1.6000000000002923,12.100000000000453,0,0.0
4,B,PREDATOR,231,41.900000000000006,200,90.82899999999988,6,2,13.316666666667018,14.800000000000459,0,0.0
4,B,PREDATOR,232,31.220000000000077,190,90.82899999999988,6,2,24.158333333333704,25.600000000000485,0,0.0
4,B,PREDATOR,233,49.17999999999994,207,90.82899999999988,6,2,3.350000000000314,16.300000000000463,0,0.0
4,B,PREDATOR,234,37.46999999999999,202,90.82899999999988,6,2,5.400000000000314,18.100000000000467,0,0.0
4,B,PREDATOR,235,40.410000000000004,202,90.82899999999988,6,2,4.900000000000315,18.85000000000047,0,0.0
4,B,PREDATOR,236,50.61999999999992,210,90.82899999999988,6,2,16.616666666667047,17.350000000000463,0,0.0
4,B,PREDATOR,237,70.02999999999993,229,90.82899999999988,1,2,93.70000000000006,5.950000000000445,0,0.0
4,B,PREDATOR,238,67.08999999999989,229,90.82899999999988,1,2,41.15000000000065,5.500000000000445,0,0.0
4,B,PREDATOR,239,65.6499999999999,226,90.82899999999988,0,2,0.0,14.350000000000458,0,0.0
4,B,PREDATOR,240,66.62999999999988,226,90.82899999999988,1,2,40.70000000000048,8.500000000000446,0,0.0
4,B,PREDATOR,241,76.81999999999998,236,90.82899999999988,1,2,38.90000000000067,7.150000000000448,0,0.0
4,B,PREDATOR,242,71.94999999999993,233,90.82899999999988,1,2,76.45000000000022,11.800000000000452,0,0.0
4,B,PREDATOR,243,78.72999999999999,241,90.82899999999988,2,2,37.02500000000067,2.350000000000447,0,0.0
4,B,PREDATOR,244,72.43999999999996,233,90.82899999999988,2,2,39.35000000000045,8.95000000000045,0,0.0
4,B,PREDATOR,245,65.17999999999992,224,90.82899999999988,4,2,1.4125000000003127,10.300000000000448,0,0.0
4,B,PREDATOR,246,83.62,242,90.82899999999988,0,2,0.0,4.6000000000004455,0,0.0
4,B,PREDATOR,247,80.67999999999998,242,90.82899999999988,1,2,37.100000000000584,10.75000000000045,0,0.0
4,B,PREDATOR,248,101.02083333333348,279,90.82899999999988,1,1,26.000000000000718,17.450000000000625,2,0.0
4,B,PREDATOR,249,62.719999999999914,225,90.82899999999988,1,2,1.9000000000003119,16.000000000000462,0,0.0
4,B,PREDATOR,250,51.449999999999946,225,90.82899999999988,2,2,1.225000000000316,7.450000000000443,0,0.0
5,A,PREY,1,-2.869999999999971,169,69.98099999999961,6,2,18.77500000000033,34.15000000000048,0,0.0
5,A,PREY,2,-3.3699999999999726,170,69.98099999999961,6,2,25.116666666667026,33.55000000000049,0,0.0
5,A,PREY,3,-2.839999999999973,166,69.98099999999961,6,2,30.325000000000305,34.900000000000475,0,0.0
5,A,PREY,4,-1.399999999999972,169,69.98099999999961,6,2,38.92500000000041,34.15000000000048,0,0.0
5,A,PREY,5,-1.8699999999999672,167,69.98099999999961,6,2,19.72500000000033,34.15000000000048,0,0.0
5,A,PREY,6,-5.809999999999977,169,69.98099999999961,6,2,30.52500000000029,34.15000000000048,0,0.0
5,A,PREY,7,-5.269999999999978,164,69.98099999999961,6,2,20.450000000000333,34.900000000000475,0,0.0
5,A,PREY,8,-0.03999999999996717,180,69.98099999999961,6,2,20.966666666667006,30.8500000000005,0,0.0
5,A,PREY,9,-2.369999999999971,168,69.98099999999961,6,2,19.300000000000335,33.25000000000049,0,0.0
5,A,PREY,10,1.5400000000000276,169,69.98099999999961,6,2,24.200000000000355,34.30000000000048,0,0.0
5,A,PREY,11,-3.82999999999997,167,69.98099999999961,6,2,30.450000000000298,34.60000000000048,0,0.0
5,A,PREY,12,-3.3499999999999783,168,69.98099999999961,6,2,19.200000000000326,33.55000000000049,0,0.0
5,A,PREY,13,1.520000000000028,171,69.98099999999961,6,2,17.975000000000332,33.55000000000049,0,0.0
5,A,PREY,14,3.00000000000003,170,69.98099999999961,6,2,18.150000000000333,33.40000000000049,0,0.0
5,A,PREY,15,2.980000000000034,172,69.98099999999961,6,2,24.166666666667027,33.25000000000049,0,0.0
5,A,PREY,16,2.980000000000036,172,69.98099999999961,6,2,23.900000000000347,33.10000000000049,0,0.0
5,A,PREY,17,-3.8499999999999748,169,69.98099999999961,6,2,18.70000000000033,33.700000000000486,0,0.0
5,A,PREY,18,1.0100000000000318,173,69.98099999999961,6,2,17.250000000000334,32.95000000000049,0,0.0
5,A,PREY,19,-1.3999999999999737,169,69.98099999999961,6,2,18.77500000000033,33.700000000000486,0,0.0
5,A,PREY,20,0.5600000000000342,169,69.98099999999961,6,2,25.71666666666702,33.850000000000485,0,0.0
5,A,PREY,21,2.5000000000000284,171,69.98099999999961,6,2,17.850000000000332,33.25000000000049,0,0.0
5,A,PREY,22,6.87000000000001,175,69.98099999999961,6,2,15.800000000000333,32.050000000000495,0,0.0
5,A,PREY,23,3.940000000000035,174,69.98099999999961,6,2,23.316666666667004,32.3500000000005,0,0.0
5,A,PREY,24,8.360000000000001,173,69.98099999999961,6,2,22.875000000000355,32.650000000000496,0,0.0
5,A,PREY,25,4.900000000000036,176,69.98099999999961,6,2,29.041666666667044,31.9000000000005,0,0.0
5,A,PREY,26,2.480000000000034,173,69.98099999999961,6,2,17.075000000000333,33.10000000000049,0,0.0
5,A,PREY,27,3.4700000000000344,172,69.98099999999961,6,2,24.39166666666702,32.650000000000496,0,0.0
5,A,PREY,28,3.960000000000038,172,69.98099999999961,6,2,17.550000000000335,33.25000000000049,0,0.0
5,A,PREY,29,2.510000000000037,170,69.98099999999961,6,2,31.716666666667027,33.40000000000049,0,0.0
5,A,PREY,30,1.0600000000000342,168,69.98099999999961,6,2,19.20000000000033,34.00000000000048,0,0.0
5,A,PREY,31,4.450000000000037,172,69.98099999999961,6,2,17.450000000000333,32.95000000000049,0,0.0
5,A,PREY,32,4.440000000000035,173,69.98099999999961,6,2,23.841666666667006,32.650000000000496,0,0.0
5,A,PREY,33,8.810000000000015,177,69.98099999999961,6,2,21.325000000000355,31.300000000000498,0,0.0
5,A,PREY,34,9.789999999999969,177,69.98099999999961,6,2,15.300000000000333,31.6000000000005,0,0.0
5,A,PREY,35,5.420000000000032,173,69.98099999999961,6,2,23.741666666667026,32.5000000000005,0,0.0
5,A,PREY,36,11.289999999999994,174,69.98099999999961,6,0,16.775000000000333,0.0,0,0.0
5,A,PREY,37,6.380000000000004,175,69.98099999999961,6,2,16.025000000000336,32.2000000000005,0,0.0
5,A,PREY,38,6.870000000000006,175,69.98099999999961,6,2,16.075000000000333,31.9000000000005,0,0.0
5,A,PREY,39,9.779999999999985,178,69.98099999999961,6,2,21.591666666667024,31.000000000000497,0,0.0
5,A,PREY,40,13.209999999999985,178,69.98099999999961,6,2,15.100000000000328,31.4500000000005,0,0.0
5,A,PREY,41,8.839999999999998,174,69.98099999999961,6,2,16.575000000000333,32.2000000000005,0,0.0
5,A,PREY,42,13.679999999999973,180,69.98099999999961,6,2,34.8500000000004,31.000000000000497,0,0.0
5,A,PREY,43,16.109999999999935,182,69.98099999999961,6,2,20.291666666667023,29.800000000000495,0,0.0
5,A,PREY,44,10.280000000000006,177,69.98099999999961,6,2,28.041666666667023,31.300000000000498,0,0.0
5,A,PREY,45,12.21999999999999,179,69.98099999999961,6,2,21.266666666667025,31.000000000000497,0,0.0
5,A,PREY,46,7.849999999999996,175,69.98099999999961,6,2,16.20000000000033,32.5000000000005,0,0.0
5,A,PREY,47,14.16999999999997,180,69.98099999999961,6,2,27.90833333333372,29.950000000000493,0,0.0
5,A,PREY,48,5.890000000000038,175,69.98099999999961,6,2,16.25000000000033,32.3500000000005,0,0.0
5,A,PREY,49,5.9100000000000374,173,69.98099999999961,6,2,16.950000000000333,32.800000000000495,0,0.0
5,A,PREY,50,10.790000000000001,175,69.98099999999961,6,2,16.00000000000033,31.6000000000005,0,0.0
5,A,PREY,51,16.629999999999963,179,69.98099999999961,6,2,21.141666666667017,31.000000000000497,0,0.0
5,A,PREY,52,11.749999999999934,177,69.98099999999961,6,2,27.59166666666704,31.6000000000005,0,0.0
5,A,PREY,53,8.329999999999929,176,69.98099999999961,6,2,46.20833333333375,30.700000000000497,0,0.0
5,A,PREY,54,8.839999999999955,174,69.98099999999961,6,2,23.466666666667027,32.800000000000495,0,0.0
5,A,PREY,55,17.109999999999957,180,69.98099999999961,6,2,13.975000000000328,30.550000000000495,0,0.0
5,A,PREY,56,14.169999999999957,180,69.98099999999961,6,2,27.658333333333697,30.700000000000497,0,0.0
5,A,PREY,57,17.579999999999927,182,69.98099999999961,6,2,12.900000000000327,29.500000000000494,0,0.0
5,A,PREY,58,17.58999999999994,181,69.98099999999961,6,2,20.791666666667002,30.400000000000496,0,0.0
5,A,PREY,59,21.009999999999977,182,69.98099999999961,6,2,20.391666666667025,29.950000000000493,0,0.0
5,A,PREY,60,14.669999999999911,179,69.98099999999961,6,2,25.925000000000306,31.150000000000496,0,0.0
5,A,PREY,61,17.10999999999992,180,69.98099999999961,6,2,19.87500000000035,30.8500000000005,0,0.0
5,A,PREY,62,9.299999999999946,177,69.98099999999961,6,2,20.800000000000352,31.750000000000497,0,0.0
5,A,PREY,63,11.279999999999932,175,69.98099999999961,6,2,29.8333333333337,31.9000000000005,0,0.0
5,A,PREY,64,9.319999999999949,175,69.98099999999961,6,2,16.050000000000335,32.2000000000005,0,0.0
5,A,PREY,65,14.189999999999932,178,69.98099999999961,6,2,21.69166666666703,31.4500000000005,0,0.0
5,A,PREY,66,21.02999999999996,180,69.98099999999961,6,2,20.96666666666702,30.700000000000497,0,0.0
5,A,PREY,67,21.00999999999994,182,69.98099999999961,6,2,13.250000000000327,29.500000000000494,0,0.0
5,A,PREY,68,18.08999999999994,180,69.98099999999961,6,2,20.941666666667025,30.100000000000495,0,0.0
5,A,PREY,69,20.529999999999944,181,69.98099999999961,6,2,20.51666666666701,29.950000000000493,0,0.0
5,A,PREY,70,26.349999999999945,187,69.98099999999961,6,2,10.975000000000323,28.00000000000049,0,0.0
5,A,PREY,71,19.54999999999994,181,69.98099999999961,6,2,13.450000000000324,30.400000000000496,0,0.0
5,A,PREY,72,19.05999999999994,181,69.98099999999961,6,2,13.425000000000326,29.050000000000495,0,0.0
5,A,PREY,73,18.569999999999936,181,69.98099999999961,6,2,13.57500000000033,30.100000000000495,0,0.0
5,A,PREY,74,22.959999999999944,183,69.98099999999961,6,2,27.35833333333372,29.650000000000496,0,0.0
5,A,PREY,75,25.379999999999946,186,69.98099999999961,6,2,18.00000000000035,28.75000000000049,0,0.0
5,A,PREY,76,19.059999999999953,181,69.98099999999961,6,2,13.60000000000033,30.100000000000495,0,0.0
5,A,PREY,77,10.769999999999948,177,69.98099999999961,6,2,28.933333333333717,31.750000000000497,0,0.0
5,A,PREY,78,17.10999999999992,180,69.98099999999961,6,2,20.66666666666702,29.500000000000494,0,0.0
5,A,PREY,79,19.519999999999925,184,69.98099999999961,6,2,11.975000000000323,29.35000000000049,0,0.0
5,A,PREY,80,29.27999999999996,188,69.98099999999961,6,2,17.36666666666702,27.85000000000049,0,0.0
5,A,PREY,81,28.299999999999955,188,69.98099999999961,6,2,10.07500000000032,28.15000000000049,0,0.0
5,A,PREY,82,24.909999999999926,184,69.98099999999961,6,2,32.75833333333373,29.500000000000494,0,0.0
5,A,PREY,83,23.91999999999997,185,69.98099999999961,4,2,11.725000000000323,29.050000000000495,0,0.0
5,A,PREY,84,17.599999999999902,180,69.98099999999961,6,2,21.06666666666702,30.100000000000495,0,0.0
5,A,PREY,85,13.19999999999993,179,69.98099999999961,6,2,27.550000000000285,30.8500000000005,0,0.0
5,A,PREY,86,19.069999999999926,180,69.98099999999961,6,2,21.141666666667025,30.550000000000495,0,0.0
5,A,PREY,87,14.17999999999991,179,69.98099999999961,6,2,14.17500000000033,31.000000000000497,0,0.0
5,A,PREY,88,15.659999999999917,178,69.98099999999961,6,2,21.791666666667027,30.8500000000005,0,0.0
5,A,PREY,89,18.069999999999936,182,69.98099999999961,6,2,13.450000000000324,29.950000000000493,0,0.0
5,A,PREY,90,20.999999999999932,183,69.98099999999961,6,2,20.09166666666702,29.650000000000496,0,0.0
5,A,PREY,91,16.609999999999907,181,69.98099999999961,6,2,25.975000000000374,30.250000000000497,0,0.0
5,A,PREY,92,16.109999999999914,182,69.98099999999961,6,2,12.900000000000327,30.100000000000495,0,0.0
5,A,PREY,93,25.87999999999994,185,69.98099999999961,6,2,39.40000000000041,29.050000000000495,0,0.0
5,A,PREY,94,31.70999999999993,190,69.98099999999961,6,2,16.641666666667025,27.40000000000049,0,0.0
5,A,PREY,95,23.919999999999927,185,69.98099999999961,6,2,33.74166666666704,28.75000000000049,0,0.0
5,A,PREY,96,21.019999999999918,181,69.98099999999961,6,2,33.533333333333744,30.700000000000497,0,0.0
5,A,PREY,97,22.959999999999958,183,69.98099999999961,6,2,19.71666666666701,30.100000000000495,0,0.0
5,A,PREY,98,27.349999999999937,185,69.98099999999961,6,2,12.550000000000324,29.200000000000493,0,0.0
5,A,PREY,99,27.339999999999975,186,69.98099999999961,6,2,11.675000000000322,28.900000000000492,0,0.0
5,A,PREY,100,27.809999999999935,188,69.98099999999961,6,2,17.31666666666699,28.450000000000493,0,0.0
5,A,PREY,101,20.99999999999993,183,69.98099999999961,6,2,27.058333333333717,29.800000000000495,0,0.0
5,A,PREY,102,21.009999999999913,182,69.98099999999961,6,2,12.800000000000326,29.950000000000493,0,0.0
5,A,PREY,103,33.179999999999914,190,69.98099999999961,6,2,9.900000000000317,27.25000000000049,0,0.0
5,A,PREY,104,28.78999999999998,188,69.98099999999961,6,2,10.27500000000032,28.15000000000049,0,0.0
5,A,PREY,105,20.019999999999904,183,69.98099999999961,6,2,33.700000000000394,29.650000000000496,0,0.0
5,A,PREY,106,20.48999999999989,185,69.98099999999961,6,2,18.566666666666993,29.35000000000049,0,0.0
5,A,PREY,107,28.319999999999915,186,69.98099999999961,6,2,18.366666666667022,28.75000000000049,0,0.0
5,A,PREY,108,30.229999999999947,191,69.98099999999961,6,2,31.35000000000039,27.100000000000488,0,0.0
5,A,PREY,109,35.60999999999993,192,69.98099999999961,6,2,23.083333333333727,27.100000000000488,0,0.0
5,A,PREY,110,22.93000000000007,186,69.98099999999961,6,2,11.250000000000322,29.050000000000495,0,0.0
5,A,PREY,111,29.749999999999943,190,69.98099999999961,6,2,9.500000000000318,27.70000000000049,0,0.0
5,A,PREY,112,35.10999999999996,193,69.98099999999961,6,2,15.31666666666702,26.65000000000049,0,0.0
5,A,PREY,113,15.13999999999992,181,69.98099999999961,6,2,13.600000000000328,30.400000000000496,0,0.0
5,A,PREY,114,22.890000000000022,190,69.98099999999961,6,2,24.258333333333724,27.25000000000049,0,0.0
5,A,PREY,115,28.2999999999999,188,69.98099999999961,6,2,10.87500000000032,27.40000000000049,0,0.0
5,A,PREY,116,20.029999999999916,182,69.98099999999961,6,2,20.191666666667018,29.950000000000493,0,0.0
5,A,PREY,117,19.999999999999908,185,69.98099999999961,6,2,18.641666666667025,28.75000000000049,0,0.0
5,A,PREY,118,22.970000000000027,182,69.98099999999961,6,2,14.05000000000033,29.950000000000493,0,0.0
5,A,PREY,119,34.159999999999954,190,69.98099999999961,6,2,17.566666666667007,27.100000000000488,0,0.0
5,A,PREY,120,30.71000000000003,192,69.98099999999961,6,2,16.766666666667017,27.100000000000488,0,0.0
5,A,PREY,121,15.619999999999925,182,69.98099999999961,6,2,26.908333333333704,30.250000000000497,0,0.0
5,A,PREY,122,21.499999999999897,182,69.98099999999961,6,2,19.991666666667026,29.650000000000496,0,0.0
5,A,PREY,123,28.790000000000042,188,69.98099999999961,6,2,10.550000000000322,28.30000000000049,0,0.0
5,A,PREY,124,17.58999999999989,181,69.98099999999961,6,2,26.666666666667044,30.250000000000497,0,0.0
5,A,PREY,125,23.940000000000047,183,69.98099999999961,6,2,19.416666666667016,29.200000000000493,0,0.0
5,A,PREY,126,23.420000000000044,186,69.98099999999961,6,2,11.475000000000323,29.050000000000495,0,0.0
5,A,PREY,127,29.260000000000055,190,69.98099999999961,6,2,10.12500000000032,25.750000000000483,0,0.0
5,A,PREY,128,28.750000000000004,192,69.98099999999961,6,2,16.866666666667005,26.800000000000487,0,0.0
5,A,PREY,129,24.400000000000055,186,69.98099999999961,6,2,24.141666666667053,29.200000000000493,0,0.0
5,A,PREY,130,26.36000000000005,186,69.98099999999961,6,2,25.558333333333724,27.70000000000049,0,0.0
5,A,PREY,131,13.649999999999872,183,69.98099999999961,6,2,12.625000000000327,29.050000000000495,0,0.0
5,A,PREY,132,26.830000000000034,188,69.98099999999961,5,2,10.510000000000321,40.83125000000052,1,0.0
5,A,PREY,133,40.469999999999914,196,69.98099999999961,6,2,7.750000000000317,25.750000000000483,0,0.0
5,A,PREY,134,46.29999999999991,201,69.98099999999961,6,2,20.008333333333713,23.95000000000048,0,0.0
5,A,PREY,135,35.11999999999999,192,69.98099999999961,6,2,9.100000000000318,26.65000000000049,0,0.0
5,A,PREY,136,24.39000000000007,187,69.98099999999961,6,2,18.216666666667024,28.00000000000049,0,0.0
5,A,PREY,137,24.39000000000008,187,69.98099999999961,6,2,23.241666666667026,28.30000000000049,0,0.0
5,A,PREY,138,41.939999999999934,196,69.98099999999961,6,2,39.85000000000047,25.15000000000048,0,0.0
5,A,PREY,139,45.8299999999999,199,69.98099999999961,6,2,14.31666666666699,25.15000000000048,0,0.0
5,A,PREY,140,34.16999999999996,189,69.98099999999961,6,2,16.250000000000348,28.00000000000049,0,0.0
5,A,PREY,141,17.069999999999908,184,69.98099999999961,6,2,31.366666666667076,29.500000000000494,0,0.0
5,A,PREY,142,30.290000000000045,185,69.98099999999961,6,2,19.391666666667025,29.500000000000494,0,0.0
5,A,PREY,143,26.380000000000067,184,69.98099999999961,5,2,20.670000000000353,41.88125000000052,1,0.0
5,A,PREY,144,33.19000000000005,189,69.98099999999961,6,2,17.416666666667023,28.15000000000049,0,0.0
5,A,PREY,145,26.860000000000063,185,69.98099999999961,6,2,19.01666666666702,28.60000000000049,0,0.0
5,A,PREY,146,24.42000000000005,184,69.98099999999961,4,2,22.47500000000037,29.500000000000494,0,0.0
5,A,PREY,147,36.099999999999994,192,69.98099999999961,6,2,9.475000000000318,27.100000000000488,0,0.0
5,A,PREY,148,30.740000000000045,189,69.98099999999961,6,2,17.341666666667027,27.550000000000487,0,0.0
5,A,PREY,149,29.280000000000044,188,69.98099999999961,6,2,32.38333333333372,28.00000000000049,0,0.0
5,A,PREY,150,44.8699999999999,197,69.98099999999961,6,2,28.400000000000436,24.700000000000482,0,0.0
5,A,PREY,151,41.93999999999991,196,69.98099999999961,6,2,7.550000000000317,25.900000000000485,0,0.0
5,A,PREY,152,45.849999999999895,197,69.98099999999961,6,2,20.533333333333672,20.950000000000472,0,0.0
5,A,PREY,153,22.469999999999885,183,69.98099999999961,6,2,12.800000000000324,29.650000000000496,0,0.0
5,A,PREY,154,37.069999999999986,193,69.98099999999961,6,2,8.000000000000318,26.200000000000486,0,0.0
5,A,PREY,155,29.289999999999896,187,69.98099999999961,6,2,10.725000000000323,26.500000000000487,0,0.0
5,A,PREY,156,31.24999999999999,187,69.98099999999961,6,2,10.850000000000321,28.75000000000049,0,0.0
5,A,PREY,157,23.910000000000046,186,69.98099999999961,6,2,11.650000000000325,28.900000000000492,0,0.0
5,A,PREY,158,23.940000000000047,183,69.98099999999961,6,2,12.350000000000326,29.35000000000049,0,0.0
5,A,PREY,159,35.13999999999996,190,69.98099999999961,4,2,9.100000000000316,27.70000000000049,0,0.0
5,A,PREY,160,17.599999999999874,180,69.98099999999961,6,2,35.0500000000004,30.8500000000005,0,0.0
5,A,PREY,161,33.670000000000016,190,69.98099999999961,6,2,38.5166666666671,27.25000000000049,0,0.0
5,A,PREY,162,37.56999999999998,192,69.98099999999961,6,2,9.70000000000032,27.100000000000488,0,0.0
5,A,PREY,163,29.300000000000047,186,69.98099999999961,6,2,11.375000000000322,28.450000000000493,0,0.0
5,A,PREY,164,28.30000000000001,188,69.98099999999961,6,2,30.583333333333712,28.30000000000049,0,0.0
5,A,PREY,165,30.27000000000006,187,69.98099999999961,6,2,17.991666666667022,28.30000000000049,0,0.0
5,A,PREY,166,38.53999999999998,193,69.98099999999961,6,2,8.825000000000319,26.65000000000049,0,0.0
5,A,PREY,167,39.03999999999989,192,69.98099999999961,6,2,23.383333333333706,26.950000000000486,0,0.0
5,A,PREY,168,32.679999999999886,191,69.98099999999961,6,2,16.84166666666702,27.550000000000487,0,0.0
5,A,PREY,169,43.40999999999988,196,69.98099999999961,6,2,6.950000000000315,25.750000000000483,0,0.0
5,A,PREY,170,40.97999999999991,194,69.98099999999961,6,2,14.525000000000347,26.050000000000487,0,0.0
5,A,PREY,171,39.5099999999999,194,69.98099999999961,6,2,14.700000000000344,26.350000000000485,0,0.0
5,A,PREY,172,46.339999999999904,197,69.98099999999961,6,2,14.191666666667023,25.900000000000485,0,0.0
5,A,PREY,173,49.72999999999986,201,69.98099999999961,6,2,19.43333333333373,24.55000000000048,0,0.0
5,A,PREY,174,27.350000000000055,185,69.98099999999961,6,2,45.30000000000038,29.35000000000049,0,0.0
5,A,PREY,175,36.090000000000025,193,69.98099999999961,6,2,8.750000000000314,26.500000000000487,0,0.0
5,A,PREY,176,32.67000000000004,192,69.98099999999961,6,2,8.500000000000316,26.950000000000486,0,0.0
5,A,PREY,177,36.10000000000002,192,69.98099999999961,6,2,22.808333333333696,27.25000000000049,0,0.0
5,A,PREY,178,35.09000000000003,195,69.98099999999961,6,2,15.316666666667023,26.350000000000485,0,0.0
5,A,PREY,179,46.759999999999934,204,69.98099999999961,6,2,3.5750000000003155,23.350000000000477,0,0.0
5,A,PREY,180,37.040000000000006,196,69.98099999999961,6,2,15.466666666667019,26.050000000000487,0,0.0
5,A,PREY,181,42.40999999999997,198,69.98099999999961,6,2,20.88333333333373,25.300000000000484,0,0.0
5,A,PREY,182,38.020000000000024,196,69.98099999999961,6,2,6.7000000000003155,25.750000000000483,0,0.0
5,A,PREY,183,25.360000000000085,188,69.98099999999961,6,2,17.641666666667007,28.00000000000049,0,0.0
5,A,PREY,184,32.210000000000036,189,69.98099999999961,6,2,10.45000000000032,27.85000000000049,0,0.0
5,A,PREY,185,42.42999999999994,196,69.98099999999961,6,2,21.658333333333672,25.600000000000485,0,0.0
5,A,PREY,186,47.2999999999999,199,69.98099999999961,6,2,19.958333333333687,25.15000000000048,0,0.0
5,A,PREY,187,53.12999999999987,204,69.98099999999961,6,2,11.791666666667027,23.50000000000048,0,0.0
5,A,PREY,188,53.62999999999985,203,69.98099999999961,6,2,11.500000000000346,23.350000000000477,0,0.0
5,A,PREY,189,53.13999999999987,203,69.98099999999961,6,2,11.916666666667025,23.65000000000048,0,0.0
5,A,PREY,190,36.099999999999994,192,69.98099999999961,5,2,24.210000000000406,27.862500000000527,1,0.0
5,A,PREY,191,34.17000000000003,189,69.98099999999961,6,2,11.00000000000032,28.00000000000049,0,0.0
5,A,PREY,192,31.710000000000015,190,69.98099999999961,6,2,17.041666666667023,27.85000000000049,0,0.0
5,A,PREY,193,37.079999999999984,192,69.98099999999961,6,2,8.675000000000317,27.25000000000049,0,0.0
5,A,PREY,194,35.13,191,69.98099999999961,6,2,23.21666666666705,27.40000000000049,0,0.0
5,A,PREY,195,38.550000000000004,192,69.98099999999961,6,2,21.691666666667018,26.950000000000486,0,0.0
5,A,PREY,196,39.02000000000002,194,69.98099999999961,6,2,8.47500000000032,26.500000000000487,0,0.0
5,A,PREY,197,29.770000000000028,188,69.98099999999961,6,2,11.100000000000321,28.450000000000493,0,0.0
5,A,PREY,198,26.350000000000023,187,69.98099999999961,6,2,10.650000000000324,28.30000000000049,0,0.0
5,A,PREY,199,21.959999999999887,185,69.98099999999961,6,2,12.000000000000322,29.200000000000493,0,0.0
5,A,PREY,200,33.17000000000004,191,69.98099999999961,6,2,22.84166666666704,27.40000000000049,0,0.0
5,A,PREY,201,30.750000000000014,188,69.98099999999961,6,2,18.09166666666702,28.450000000000493,0,0.0
5,A,PREY,202,34.17000000000002,189,69.98099999999961,6,2,10.20000000000032,27.85000000000049,0,0.0
5,A,PREY,203,37.580000000000034,191,69.98099999999961,6,2,8.850000000000318,27.40000000000049,0,0.0
5,A,PREY,204,42.429999999999936,196,69.98099999999961,6,2,14.741666666667017,25.900000000000485,0,0.0
5,A,PREY,205,40.5,193,69.98099999999961,6,2,9.200000000000315,23.05000000000048,0,0.0
5,A,PREY,206,37.99000000000003,199,69.98099999999961,6,2,6.400000000000317,25.000000000000483,0,0.0
5,A,PREY,207,34.66000000000003,189,69.98099999999961,6,2,16.175000000000352,28.15000000000049,0,0.0
5,A,PREY,208,36.610000000000056,190,69.98099999999961,5,2,22.120000000000314,35.65000000000052,1,0.0
5,A,PREY,209,15.629999999999859,181,69.98099999999961,6,2,27.458333333333723,30.550000000000495,0,0.0
5,A,PREY,210,20.019999999999868,183,69.98099999999961,6,2,26.48333333333369,29.500000000000494,0,0.0
5,A,PREY,211,14.189999999999861,178,69.98099999999961,6,2,27.216666666667052,31.000000000000497,0,0.0
5,A,PREY,212,37.03999999999999,196,69.98099999999961,6,2,6.775000000000317,25.900000000000485,0,0.0
5,A,PREY,213,60.92999999999985,208,69.98099999999961,6,2,15.94166666666702,22.150000000000475,0,0.0
5,A,PREY,214,56.54999999999988,205,69.98099999999961,6,2,18.25000000000028,22.600000000000477,0,0.0
5,A,PREY,215,49.22999999999989,202,69.98099999999961,6,2,11.916666666666984,24.40000000000048,0,0.0
5,A,PREY,216,53.62999999999991,203,69.98099999999961,6,2,4.375000000000315,23.20000000000048,0,0.0
5,A,PREY,217,36.090000000000025,193,69.98099999999961,6,2,15.441666666666992,26.350000000000485,0,0.0
5,A,PREY,218,35.090000000000074,195,69.98099999999961,6,2,21.641666666667046,26.200000000000486,0,0.0
5,A,PREY,219,49.20999999999995,204,69.98099999999961,6,2,10.416666666667023,22.300000000000477,0,0.0
5,A,PREY,220,37.540000000000006,195,69.98099999999961,6,2,21.691666666667043,25.000000000000483,0,0.0
5,A,PREY,221,40.96000000000001,196,69.98099999999961,5,2,7.570000000000317,30.91875000000055,1,0.0
5,A,PREY,222,38.03000000000003,195,69.98099999999961,6,2,14.841666666666995,25.900000000000485,0,0.0
5,A,PREY,223,37.05000000000001,195,69.98099999999961,6,2,7.525000000000315,25.600000000000485,0,0.0
5,A,PREY,224,58.48999999999985,207,69.98099999999961,6,2,30.84166666666705,22.750000000000476,0,0.0
5,A,PREY,225,40.89000000000002,203,69.98099999999961,6,2,5.675000000000317,23.65000000000048,0,0.0
5,A,PREY,226,56.999999999999886,209,69.98099999999961,6,2,35.90833333333375,21.400000000000475,0,0.0
5,A,PREY,227,39.96000000000001,198,69.98099999999961,6,2,6.050000000000314,23.50000000000048,0,0.0
5,A,PREY,228,42.84,204,69.98099999999961,6,2,4.075000000000313,23.350000000000477,0,0.0
5,A,PREY,229,35.11000000000008,193,69.98099999999961,6,2,9.050000000000319,26.350000000000485,0,0.0
5,A,PREY,230,41.43999999999999,197,69.98099999999961,6,2,14.616666666667001,25.300000000000484,0,0.0
5,A,PREY,231,52.1599999999999,203,69.98099999999961,6,2,11.916666666667025,23.65000000000048,0,0.0
5,A,PREY,232,58.489999999999874,207,69.98099999999961,6,2,11.01666666666703,21.700000000000475,0,0.0
5,A,PREY,233,69.69999999999993,213,69.98099999999961,5,2,1.5400000000003184,20.500000000000473,0,0.0
5,A,PREY,234,64.28999999999989,215,69.98099999999961,3,2,4.300000000000312,20.050000000000473,0,0.0
5,A,PREY,235,58.49999999999986,206,69.98099999999961,6,2,3.975000000000314,23.20000000000048,0,0.0
5,A,PREY,236,69.68999999999988,214,69.98099999999961,2,2,24.60000000000047,20.650000000000475,0,0.0
5,A,PREY,237,54.10999999999986,204,69.98099999999961,6,2,11.850000000000351,23.350000000000477,0,0.0
5,A,PREY,238,58.49999999999987,206,69.98099999999961,6,2,10.766666666667026,23.05000000000048,0,0.0
5,A,PREY,239,62.399999999999885,208,69.98099999999961,6,2,9.366666666667,21.550000000000473,0,0.0
5,A,PREY,240,59.46999999999989,207,69.98099999999961,6,2,11.01666666666699,22.750000000000476,0,0.0
5,A,PREY,241,65.30999999999992,211,69.98099999999961,6,2,18.358333333333743,21.550000000000473,0,0.0
5,A,PREY,242,61.39999999999989,210,69.98099999999961,6,2,16.78333333333372,21.850000000000477,0,0.0
5,A,PREY,243,64.33999999999988,210,69.98099999999961,6,2,16.433333333333703,21.250000000000476,0,0.0
5,A,PREY,244,57.03999999999987,205,69.98099999999961,6,2,11.29166666666699,22.750000000000476,0,0.0
5,A,PREY,245,65.7999999999999,211,69.98099999999961,5,2,0.7300000000003164,20.650000000000475,0,0.0
5,A,PREY,246,72.61999999999996,215,69.98099999999961,4,2,25.200000000000454,20.35000000000047,0,0.0
5,A,PREY,247,63.35999999999993,210,69.98099999999961,5,2,10.53000000000036,23.625000000000547,1,0.0
5,A,PREY,248,54.07999999999993,207,69.98099999999961,6,2,10.166666666667028,21.700000000000475,0,0.0
5,A,PREY,249,39.92000000000002,202,69.98099999999961,6,2,19.808333333333703,23.95000000000048,0,0.0
5,A,PREY,250,42.39000000000002,200,69.98099999999961,6,2,5.3000000000003125,23.80000000000048,0,0.0
5,B,PREDATOR,1,-7.639999999999995,156,93.98999999999992,6,2,42.60000000000037,37.900000000000446,0,0.0
5,B,PREDATOR,2,-3.229999999999979,156,93.98999999999992,6,2,36.4083333333337,38.050000000000445,0,0.0
5,B,PREDATOR,3,-2.269999999999971,158,93.98999999999992,6,2,34.02500000000028,37.60000000000045,0,0.0
5,B,PREDATOR,4,-5.17999999999998,155,93.98999999999992,6,2,22.875000000000338,38.50000000000044,0,0.0
5,B,PREDATOR,5,-4.309999999999979,166,93.98999999999992,6,2,26.591666666667,34.900000000000475,0,0.0
5,B,PREDATOR,6,-3.729999999999981,157,93.98999999999992,6,2,22.775000000000336,37.60000000000045,0,0.0
5,B,PREDATOR,7,-1.3099999999999756,160,93.98999999999992,6,2,28.51666666666702,36.70000000000046,0,0.0
5,B,PREDATOR,8,-2.809999999999979,163,93.98999999999992,6,2,34.158333333333694,35.65000000000047,0,0.0
5,B,PREDATOR,9,-0.8599999999999675,164,93.98999999999992,6,2,31.5750000000003,35.800000000000466,0,0.0
5,B,PREDATOR,10,22.24166666666656,200,93.98999999999992,5,2,17.91000000000036,24.700000000000482,1,0.0
5,B,PREDATOR,11,-3.2599999999999802,159,93.98999999999992,6,2,22.050000000000335,37.30000000000045,0,0.0
5,B,PREDATOR,12,-3.809999999999972,165,93.98999999999992,6,2,25.62500000000035,34.60000000000048,0,0.0
5,B,PREDATOR,13,-0.3699999999999761,164,93.98999999999992,6,2,19.85000000000033,35.50000000000047,0,0.0
5,B,PREDATOR,14,-1.3199999999999754,161,93.98999999999992,6,2,41.55000000000039,36.55000000000046,0,0.0
5,B,PREDATOR,15,2.5500000000000327,166,93.98999999999992,6,2,26.691666666667018,35.20000000000047,0,0.0
5,B,PREDATOR,16,2.0200000000000315,170,93.98999999999992,6,2,25.416666666667002,33.55000000000049,0,0.0
5,B,PREDATOR,17,4.430000000000037,174,93.98999999999992,6,2,30.858333333333707,32.5000000000005,0,0.0
5,B,PREDATOR,18,4.000000000000032,168,93.98999999999992,6,2,19.50000000000033,34.00000000000048,0,0.0
5,B,PREDATOR,19,0.630000000000031,162,93.98999999999992,6,2,27.94166666666702,35.35000000000047,0,0.0
5,B,PREDATOR,20,-3.309999999999972,164,93.98999999999992,6,2,20.67500000000033,35.35000000000047,0,0.0
5,B,PREDATOR,21,10.869166666666635,180,93.98999999999992,5,2,15.70000000000032,30.550000000000495,1,0.0
5,B,PREDATOR,22,3.0500000000000327,165,93.98999999999992,6,2,20.27500000000033,35.50000000000047,0,0.0
5,B,PREDATOR,23,-0.9099999999999664,169,93.98999999999992,6,2,25.791666666667016,33.700000000000486,0,0.0
5,B,PREDATOR,24,-1.2799999999999745,157,93.98999999999992,6,2,29.21666666666702,37.75000000000045,0,0.0
5,B,PREDATOR,25,32.2316666666668,215,93.98999999999992,5,2,21.410000000000366,19.90000000000047,1,0.0
5,B,PREDATOR,26,4.4900000000000375,168,93.98999999999992,6,2,19.500000000000327,34.45000000000048,0,0.0
5,B,PREDATOR,27,4.950000000000037,171,93.98999999999992,6,2,18.450000000000323,32.95000000000049,0,0.0
5,B,PREDATOR,28,8.370000000000017,172,93.98999999999992,6,2,31.508333333333706,32.95000000000049,0,0.0
5,B,PREDATOR,29,6.450000000000026,168,93.98999999999992,6,2,36.81666666666706,34.45000000000048,0,0.0
5,B,PREDATOR,30,8.879999999999994,170,93.98999999999992,6,2,18.825000000000326,33.700000000000486,0,0.0
5,B,PREDATOR,31,9.280000000000017,179,93.98999999999992,6,2,16.250000000000323,31.150000000000496,0,0.0
5,B,PREDATOR,32,13.249999999999988,174,93.98999999999992,5,2,17.710000000000328,45.031250000000504,1,0.0
5,B,PREDATOR,33,6.910000000000029,171,93.98999999999992,6,2,18.625000000000327,33.25000000000049,0,0.0
5,B,PREDATOR,34,8.799999999999967,178,93.98999999999992,6,2,22.691666666667015,31.300000000000498,0,0.0
5,B,PREDATOR,35,8.879999999999969,170,93.98999999999992,6,2,18.850000000000325,33.700000000000486,0,0.0
5,B,PREDATOR,36,10.329999999999997,172,93.98999999999992,6,2,18.275000000000322,32.95000000000049,0,0.0
5,B,PREDATOR,37,4.970000000000036,169,93.98999999999992,6,2,30.76666666666702,34.15000000000048,0,0.0
5,B,PREDATOR,38,12.699999999999987,180,93.98999999999992,6,2,39.20833333333375,29.35000000000049,0,0.0
5,B,PREDATOR,39,9.28,179,93.98999999999992,6,2,22.866666666666987,31.000000000000497,0,0.0
5,B,PREDATOR,40,14.209999999999967,176,93.98999999999992,6,2,17.050000000000324,31.150000000000496,0,0.0
5,B,PREDATOR,41,38.14416666666675,219,93.98999999999992,5,2,18.630000000000386,18.400000000000468,1,0.0
5,B,PREDATOR,42,16.619999999999933,180,93.98999999999992,6,2,22.566666666667018,30.400000000000496,0,0.0
5,B,PREDATOR,43,16.649999999999928,177,93.98999999999992,5,2,24.810000000000358,39.61875000000051,1,0.0
5,B,PREDATOR,44,10.830000000000004,171,93.98999999999992,6,2,38.57500000000041,33.40000000000049,0,0.0
5,B,PREDATOR,45,37.68083333333343,220,93.98999999999992,4,2,3.700000000000304,24.450000000000564,2,0.0
5,B,PREDATOR,46,5.950000000000035,169,93.98999999999992,5,2,29.120000000000346,33.700000000000486,0,0.0
5,B,PREDATOR,47,14.209999999999955,176,93.98999999999992,6,2,26.625000000000302,31.750000000000497,0,0.0
5,B,PREDATOR,48,5.440000000000039,171,93.98999999999992,6,2,25.11666666666702,33.55000000000049,0,0.0
5,B,PREDATOR,49,4.980000000000036,168,93.98999999999992,6,2,32.683333333333685,34.30000000000048,0,0.0
5,B,PREDATOR,50,10.319999999999942,173,93.98999999999992,6,2,24.541666666666995,32.5000000000005,0,0.0
5,B,PREDATOR,51,9.34999999999996,172,93.98999999999992,6,2,24.941666666666993,33.10000000000049,0,0.0
5,B,PREDATOR,52,10.359999999999985,169,93.98999999999992,6,2,19.225000000000325,34.30000000000048,0,0.0
5,B,PREDATOR,53,10.789999999999944,175,93.98999999999992,6,2,17.275000000000322,32.2000000000005,0,0.0
5,B,PREDATOR,54,9.31999999999992,175,93.98999999999992,6,2,17.400000000000325,32.2000000000005,0,0.0
5,B,PREDATOR,55,-3.129999999999983,97,93.98999999999992,6,3,53.56666666666694,32.50000000000018,0,0.0
5,B,PREDATOR,56,30.956666666666656,203,93.98999999999992,5,2,8.920000000000305,23.65000000000048,1,0.0
5,B,PREDATOR,57,12.779999999999959,172,93.98999999999992,6,2,18.250000000000327,33.10000000000049,0,0.0
5,B,PREDATOR,58,11.309999999999926,172,93.98999999999992,6,2,18.125000000000327,33.10000000000049,0,0.0
5,B,PREDATOR,59,10.279999999999943,177,93.98999999999992,4,2,25.937500000000348,31.6000000000005,0,0.0
5,B,PREDATOR,60,10.829999999999968,171,93.98999999999992,6,2,31.73333333333369,33.700000000000486,0,0.0
5,B,PREDATOR,61,4.960000000000038,170,93.98999999999992,6,2,25.51666666666702,34.00000000000048,0,0.0
5,B,PREDATOR,62,16.669999999999902,175,93.98999999999992,6,2,30.68333333333371,32.5000000000005,0,0.0
5,B,PREDATOR,63,15.18999999999991,176,93.98999999999992,6,2,23.666666666667016,31.6000000000005,0,0.0
5,B,PREDATOR,64,12.679999999999962,182,93.98999999999992,6,2,38.59166666666708,30.400000000000496,0,0.0
5,B,PREDATOR,65,9.379999999999976,169,93.98999999999992,6,2,25.86666666666702,33.700000000000486,0,0.0
5,B,PREDATOR,66,12.749999999999934,175,93.98999999999992,6,2,23.025000000000347,32.2000000000005,0,0.0
5,B,PREDATOR,67,15.209999999999932,174,93.98999999999992,6,2,31.00833333333369,32.5000000000005,0,0.0
5,B,PREDATOR,68,17.029999999999923,188,93.98999999999992,6,2,20.166666666667016,28.15000000000049,0,0.0
5,B,PREDATOR,69,20.039999999999967,181,93.98999999999992,6,2,15.600000000000321,30.400000000000496,0,0.0
5,B,PREDATOR,70,10.339999999999955,171,93.98999999999992,6,2,25.26666666666702,32.5000000000005,0,0.0
5,B,PREDATOR,71,12.779999999999925,172,93.98999999999992,6,2,23.225000000000346,32.800000000000495,0,0.0
5,B,PREDATOR,72,18.589999999999918,179,93.98999999999992,6,2,29.208333333333684,31.000000000000497,0,0.0
5,B,PREDATOR,73,16.659999999999975,176,93.98999999999992,6,2,23.51666666666702,32.0500000000005,0,0.0
5,B,PREDATOR,74,21.49999999999995,182,93.98999999999992,6,2,28.358333333333707,29.950000000000493,0,0.0
5,B,PREDATOR,75,24.87999999999996,187,93.98999999999992,6,2,13.700000000000314,28.450000000000493,0,0.0
5,B,PREDATOR,76,17.129999999999946,178,93.98999999999992,6,2,16.45000000000032,31.300000000000498,0,0.0
5,B,PREDATOR,77,27.819999999999983,187,93.98999999999992,6,2,26.983333333333707,28.900000000000492,0,0.0
5,B,PREDATOR,78,51.84666666666671,236,93.98999999999992,2,2,38.90000000000063,9.400000000000446,1,0.0
5,B,PREDATOR,79,25.799999999999965,193,93.98999999999992,6,2,18.641666666667014,26.950000000000486,0,0.0
5,B,PREDATOR,80,19.549999999999933,181,93.98999999999992,6,2,15.375000000000314,30.550000000000495,0,0.0
5,B,PREDATOR,81,20.479999999999905,186,93.98999999999992,6,2,20.71666666666702,28.900000000000492,0,0.0
5,B,PREDATOR,82,28.29999999999991,188,93.98999999999992,6,2,13.200000000000314,28.15000000000049,0,0.0
5,B,PREDATOR,83,5.950000000000033,169,93.98999999999992,6,2,19.025000000000322,33.55000000000049,0,0.0
5,B,PREDATOR,84,17.10999999999993,180,93.98999999999992,6,2,22.466666666667,30.700000000000497,0,0.0
5,B,PREDATOR,85,5.960000000000036,168,93.98999999999992,6,2,26.041666666666995,34.45000000000048,0,0.0
5,B,PREDATOR,86,39.50416666666681,217,93.98999999999992,5,2,12.630000000000367,19.60000000000047,1,0.0
5,B,PREDATOR,87,20.039999999999893,181,93.98999999999992,6,2,15.550000000000319,30.250000000000497,0,0.0
5,B,PREDATOR,88,19.51999999999991,184,93.98999999999992,6,2,20.875000000000338,29.500000000000494,0,0.0
5,B,PREDATOR,89,16.099999999999905,183,93.98999999999992,6,2,14.925000000000319,29.800000000000495,0,0.0
5,B,PREDATOR,90,50.22916666666671,232,93.98999999999992,4,2,10.175000000000358,9.700000000000447,1,0.0
5,B,PREDATOR,91,18.579999999999934,180,93.98999999999992,6,2,22.491666666667015,30.550000000000495,0,0.0
5,B,PREDATOR,92,20.469999999999935,187,93.98999999999992,6,2,26.64166666666704,28.900000000000492,0,0.0
5,B,PREDATOR,93,21.499999999999943,182,93.98999999999992,6,2,21.891666666666993,29.800000000000495,0,0.0
5,B,PREDATOR,94,37.9499999999999,203,93.98999999999992,6,2,8.875000000000304,23.50000000000048,0,0.0
5,B,PREDATOR,95,26.82999999999996,188,93.98999999999992,6,2,20.14166666666699,28.450000000000493,0,0.0
5,B,PREDATOR,96,13.269999999999929,172,93.98999999999992,6,2,18.225000000000325,33.10000000000049,0,0.0
5,B,PREDATOR,97,19.539999999999893,182,93.98999999999992,6,2,21.71666666666702,29.950000000000493,0,0.0
5,B,PREDATOR,98,24.880000000000024,187,93.98999999999992,6,2,13.650000000000313,28.15000000000049,0,0.0
5,B,PREDATOR,99,21.920000000000023,189,93.98999999999992,6,2,13.150000000000311,27.70000000000049,0,0.0
5,B,PREDATOR,100,26.330000000000023,189,93.98999999999992,6,2,13.025000000000311,28.15000000000049,0,0.0
5,B,PREDATOR,101,37.03999999999993,196,93.98999999999992,6,2,23.64166666666705,25.900000000000485,0,0.0
5,B,PREDATOR,102,28.289999999999964,189,93.98999999999992,6,2,13.075000000000315,27.85000000000049,0,0.0
5,B,PREDATOR,103,27.799999999999997,189,93.98999999999992,6,2,13.125000000000314,28.00000000000049,0,0.0
5,B,PREDATOR,104,29.729999999999947,192,93.98999999999992,6,2,18.86666666666701,26.800000000000487,0,0.0
5,B,PREDATOR,105,32.64999999999995,194,93.98999999999992,6,2,17.375000000000345,26.500000000000487,0,0.0
5,B,PREDATOR,106,25.340000000000032,190,93.98999999999992,6,2,12.800000000000315,27.40000000000049,0,0.0
5,B,PREDATOR,107,98.50499999999974,302,93.98999999999992,0,0,0.0,0.0,2,0.0
5,B,PREDATOR,108,32.17999999999992,192,93.98999999999992,5,2,28.23000000000038,34.90000000000052,1,0.0
5,B,PREDATOR,109,32.16999999999995,193,93.98999999999992,6,2,18.766666666667014,26.800000000000487,0,0.0
5,B,PREDATOR,110,34.09999999999996,196,93.98999999999992,6,2,24.15833333333369,26.050000000000487,0,0.0
5,B,PREDATOR,111,28.26999999999996,191,93.98999999999992,6,2,17.800000000000345,27.25000000000049,0,0.0
5,B,PREDATOR,112,41.79999999999992,210,93.98999999999992,6,2,6.825000000000302,21.250000000000476,0,0.0
5,B,PREDATOR,113,31.67999999999995,193,93.98999999999992,6,2,32.50000000000029,26.65000000000049,0,0.0
5,B,PREDATOR,114,37.51999999999994,197,93.98999999999992,6,2,16.400000000000343,25.300000000000484,0,0.0
5,B,PREDATOR,115,16.01999999999991,191,93.98999999999992,6,2,38.075000000000415,27.40000000000049,0,0.0
5,B,PREDATOR,116,34.09999999999997,196,93.98999999999992,6,2,17.716666666667,25.750000000000483,0,0.0
5,B,PREDATOR,117,50.05999999999989,217,93.98999999999992,6,2,11.341666666666972,18.400000000000468,0,0.0
5,B,PREDATOR,118,28.27000000000004,191,93.98999999999992,6,2,12.45000000000031,27.550000000000487,0,0.0
5,B,PREDATOR,119,23.40000000000002,188,93.98999999999992,6,2,20.09166666666702,28.30000000000049,0,0.0
5,B,PREDATOR,120,29.71000000000003,194,93.98999999999992,6,2,23.641666666667035,26.350000000000485,0,0.0
5,B,PREDATOR,121,39.439999999999976,201,93.98999999999992,5,2,9.010000000000309,29.775000000000556,1,0.0
5,B,PREDATOR,122,80.25416666666662,260,93.98999999999992,0,1,0.0,7.000000000000444,1,0.0
5,B,PREDATOR,123,22.449999999999946,185,93.98999999999992,6,2,20.841666666667013,28.900000000000492,0,0.0
5,B,PREDATOR,124,29.260000000000055,190,93.98999999999992,6,2,26.183333333333678,27.40000000000049,0,0.0
5,B,PREDATOR,125,35.08999999999992,195,93.98999999999992,6,2,11.25000000000031,25.450000000000486,0,0.0
5,B,PREDATOR,126,38.91999999999996,204,93.98999999999992,6,2,33.458333333333705,23.65000000000048,0,0.0
5,B,PREDATOR,127,37.009999999999955,199,93.98999999999992,6,2,10.075000000000307,25.000000000000483,0,0.0
5,B,PREDATOR,128,45.68999999999992,213,93.98999999999992,6,2,11.375000000000343,20.950000000000472,0,0.0
5,B,PREDATOR,129,41.87999999999994,202,93.98999999999992,6,2,9.250000000000304,23.80000000000048,0,0.0
5,B,PREDATOR,130,31.16000000000004,196,93.98999999999992,6,2,10.975000000000307,25.600000000000485,0,0.0
5,B,PREDATOR,131,31.67999999999997,193,93.98999999999992,6,2,18.316666666667015,27.100000000000488,0,0.0
5,B,PREDATOR,132,43.809999999999874,205,93.98999999999992,6,2,21.60833333333373,23.05000000000048,0,0.0
5,B,PREDATOR,133,35.08999999999993,195,93.98999999999992,6,2,17.516666666666993,26.350000000000485,0,0.0
5,B,PREDATOR,134,47.10999999999993,218,93.98999999999992,6,2,10.966666666667003,19.00000000000047,0,0.0
5,B,PREDATOR,135,36.039999999999935,198,93.98999999999992,6,2,23.733333333333714,25.450000000000486,0,0.0
5,B,PREDATOR,136,47.209999999999894,208,93.98999999999992,6,2,14.066666666667018,22.45000000000048,0,0.0
5,B,PREDATOR,137,37.03999999999997,196,93.98999999999992,6,2,16.725000000000342,25.450000000000486,0,0.0
5,B,PREDATOR,138,41.40999999999991,200,93.98999999999992,6,2,9.625000000000304,25.000000000000483,0,0.0
5,B,PREDATOR,139,32.67000000000001,192,93.98999999999992,6,2,18.866666666666987,27.100000000000488,0,0.0
5,B,PREDATOR,140,73.70166666666664,249,93.98999999999992,0,2,0.0,3.4000000000004453,1,0.0
5,B,PREDATOR,141,23.42000000000005,186,93.98999999999992,6,2,20.46666666666702,28.75000000000049,0,0.0
5,B,PREDATOR,142,28.770000000000017,190,93.98999999999992,6,2,19.566666666667018,27.70000000000049,0,0.0
5,B,PREDATOR,143,26.820000000000036,189,93.98999999999992,6,2,19.766666666667017,28.00000000000049,0,0.0
5,B,PREDATOR,144,46.349166666666726,217,93.98999999999992,5,2,4.690000000000303,19.60000000000047,1,0.0
5,B,PREDATOR,145,45.259999999999934,207,93.98999999999992,6,2,12.97500000000035,22.300000000000477,0,0.0
5,B,PREDATOR,146,49.10999999999987,214,93.98999999999992,6,2,12.26666666666702,20.35000000000047,0,0.0
5,B,PREDATOR,147,33.63999999999995,193,93.98999999999992,6,2,11.75000000000031,26.500000000000487,0,0.0
5,B,PREDATOR,148,43.829999999999934,203,93.98999999999992,6,2,15.566666666667011,23.65000000000048,0,0.0
5,B,PREDATOR,149,43.209999999999965,216,93.98999999999992,6,2,11.091666666666995,19.60000000000047,0,0.0
5,B,PREDATOR,150,48.18999999999991,208,93.98999999999992,6,2,20.091666666667052,22.150000000000475,0,0.0
5,B,PREDATOR,151,37.539999999999985,195,93.98999999999992,6,2,17.94166666666698,26.050000000000487,0,0.0
5,B,PREDATOR,152,38.949999999999974,201,93.98999999999992,6,2,16.066666666667018,24.250000000000483,0,0.0
5,B,PREDATOR,153,36.000000000000014,202,93.98999999999992,6,2,15.891666666667012,24.250000000000483,0,0.0
5,B,PREDATOR,154,39.93,201,93.98999999999992,6,2,9.375000000000304,24.55000000000048,0,0.0
5,B,PREDATOR,155,40.4,203,93.98999999999992,6,2,8.950000000000303,23.50000000000048,0,0.0
5,B,PREDATOR,156,30.73000000000001,190,93.98999999999992,6,2,12.725000000000314,27.85000000000049,0,0.0
5,B,PREDATOR,157,44.31999999999996,203,93.98999999999992,6,2,8.925000000000304,22.750000000000476,0,0.0
5,B,PREDATOR,158,53.009999999999906,216,93.98999999999992,6,2,11.691666666666983,19.90000000000047,0,0.0
5,B,PREDATOR,159,37.48000000000001,201,93.98999999999992,6,2,21.916666666667037,24.250000000000483,0,0.0
5,B,PREDATOR,160,33.62000000000003,195,93.98999999999992,6,2,11.350000000000307,26.200000000000486,0,0.0
5,B,PREDATOR,161,39.93999999999998,200,93.98999999999992,6,2,9.725000000000303,24.250000000000483,0,0.0
5,B,PREDATOR,162,53.51999999999988,214,93.98999999999992,6,2,5.575000000000301,20.500000000000473,0,0.0
5,B,PREDATOR,163,33.14000000000002,194,93.98999999999992,6,2,18.11666666666699,26.350000000000485,0,0.0
5,B,PREDATOR,164,33.63000000000003,194,93.98999999999992,6,2,18.11666666666702,26.200000000000486,0,0.0
5,B,PREDATOR,165,35.610000000000014,192,93.98999999999992,6,2,18.866666666666987,26.800000000000487,0,0.0
5,B,PREDATOR,166,44.799999999999926,204,93.98999999999992,6,2,28.116666666666983,23.350000000000477,0,0.0
5,B,PREDATOR,167,36.5699999999999,194,93.98999999999992,5,2,11.440000000000312,34.300000000000516,1,0.0
5,B,PREDATOR,168,42.349999999999895,204,93.98999999999992,6,2,14.550000000000336,23.50000000000048,0,0.0
5,B,PREDATOR,169,46.199999999999946,211,93.98999999999992,6,2,6.475000000000303,21.250000000000476,0,0.0
5,B,PREDATOR,170,44.769999999999875,207,93.98999999999992,6,2,34.18333333333366,22.600000000000477,0,0.0
5,B,PREDATOR,171,51.099999999999895,211,93.98999999999992,6,2,6.350000000000301,21.400000000000475,0,0.0
5,B,PREDATOR,172,39.96999999999996,197,93.98999999999992,6,2,17.166666666667016,25.450000000000486,0,0.0
5,B,PREDATOR,173,48.67999999999991,208,93.98999999999992,6,2,27.40000000000039,22.150000000000475,0,0.0
5,B,PREDATOR,174,50.60999999999991,211,93.98999999999992,6,2,6.550000000000302,21.550000000000473,0,0.0
5,B,PREDATOR,175,60.229999999999876,229,93.98999999999992,6,2,1.0500000000003051,11.20000000000045,0,0.0
5,B,PREDATOR,176,46.2499999999999,206,93.98999999999992,6,2,19.966666666667056,22.900000000000478,0,0.0
5,B,PREDATOR,177,33.63000000000004,194,93.98999999999992,6,2,18.341666666667013,26.350000000000485,0,0.0
5,B,PREDATOR,178,37.019999999999996,198,93.98999999999992,6,2,23.758333333333706,25.450000000000486,0,0.0
5,B,PREDATOR,179,39.39000000000002,206,93.98999999999992,6,2,7.875000000000299,22.900000000000478,0,0.0
5,B,PREDATOR,180,58.31999999999991,224,93.98999999999992,6,2,2.4750000000003056,15.55000000000046,0,0.0
5,B,PREDATOR,181,43.30999999999996,206,93.98999999999992,6,2,26.58333333333378,22.750000000000476,0,0.0
5,B,PREDATOR,182,44.759999999999984,208,93.98999999999992,6,2,13.966666666667015,22.150000000000475,0,0.0
5,B,PREDATOR,183,32.130000000000024,197,93.98999999999992,6,2,10.250000000000307,25.15000000000048,0,0.0
5,B,PREDATOR,184,46.70999999999995,209,93.98999999999992,6,2,13.666666666667007,22.000000000000476,0,0.0
5,B,PREDATOR,185,39.92999999999999,201,93.98999999999992,6,2,22.68333333333369,23.50000000000048,0,0.0
5,B,PREDATOR,186,40.410000000000004,202,93.98999999999992,6,2,15.741666666666973,24.10000000000048,0,0.0
5,B,PREDATOR,187,32.64000000000002,195,93.98999999999992,6,2,11.225000000000307,26.200000000000486,0,0.0
5,B,PREDATOR,188,41.87000000000001,203,93.98999999999992,6,2,15.441666666667013,23.80000000000048,0,0.0
5,B,PREDATOR,189,42.32999999999996,206,93.98999999999992,6,2,8.000000000000304,22.45000000000048,0,0.0
5,B,PREDATOR,190,66.15999999999985,224,93.98999999999992,6,2,22.550000000000423,15.55000000000046,0,0.0
5,B,PREDATOR,191,51.55999999999992,214,93.98999999999992,6,2,12.341666666666997,20.500000000000473,0,0.0
5,B,PREDATOR,192,46.74999999999994,205,93.98999999999992,6,2,41.45833333333379,23.05000000000048,0,0.0
5,B,PREDATOR,193,32.04000000000012,206,93.98999999999992,6,2,7.9750000000003025,22.900000000000478,0,0.0
5,B,PREDATOR,194,36.050000000000026,197,93.98999999999992,6,2,10.25000000000031,25.450000000000486,0,0.0
5,B,PREDATOR,195,53.49999999999988,216,93.98999999999992,6,2,4.975000000000304,19.75000000000047,0,0.0
5,B,PREDATOR,196,51.1199999999999,209,93.98999999999992,6,2,13.791666666667012,21.550000000000473,0,0.0
5,B,PREDATOR,197,38.42999999999985,204,93.98999999999992,6,2,8.525000000000299,23.05000000000048,0,0.0
5,B,PREDATOR,198,49.63999999999989,210,93.98999999999992,6,2,13.400000000000334,21.550000000000473,0,0.0
5,B,PREDATOR,199,54.979999999999855,215,93.98999999999992,6,2,5.2250000000003025,20.050000000000473,0,0.0
5,B,PREDATOR,200,62.749999999999886,222,93.98999999999992,6,2,3.125000000000307,15.700000000000461,0,0.0
5,B,PREDATOR,201,59.349999999999824,219,93.98999999999992,6,2,10.816666666667004,16.900000000000464,0,0.0
5,B,PREDATOR,202,44.329999999999984,202,93.98999999999992,6,2,41.433333333333714,23.80000000000048,0,0.0
5,B,PREDATOR,203,42.359999999999964,203,93.98999999999992,6,2,15.491666666666978,23.95000000000048,0,0.0
5,B,PREDATOR,204,47.20999999999993,208,93.98999999999992,6,2,7.350000000000303,22.000000000000476,0,0.0
5,B,PREDATOR,205,66.13999999999994,226,93.98999999999992,6,2,2.000000000000306,14.650000000000459,0,0.0
5,B,PREDATOR,206,66.6299999999999,226,93.98999999999992,6,2,1.775000000000305,13.600000000000456,0,0.0
5,B,PREDATOR,207,65.65999999999988,225,93.98999999999992,6,2,8.89166666666703,14.200000000000458,0,0.0
5,B,PREDATOR,208,61.28999999999984,221,93.98999999999992,6,2,10.166666666667025,16.300000000000463,0,0.0
5,B,PREDATOR,209,60.75999999999989,225,93.98999999999992,6,2,2.2500000000003055,14.200000000000458,0,0.0
5,B,PREDATOR,210,48.149999999999935,212,93.98999999999992,6,2,6.175000000000303,20.500000000000473,0,0.0
5,B,PREDATOR,211,105.64416666666668,284,93.98999999999992,1,0,19.600000000000602,0.0,1,0.0
5,B,PREDATOR,212,53.549999999999855,211,93.98999999999992,6,2,13.016666666667009,21.250000000000476,0,0.0
5,B,PREDATOR,213,49.62999999999996,211,93.98999999999992,6,2,13.191666666666988,21.550000000000473,0,0.0
5,B,PREDATOR,214,41.369999999999976,204,93.98999999999992,6,2,21.883333333333724,23.350000000000477,0,0.0
5,B,PREDATOR,215,62.259999999999906,222,93.98999999999992,6,2,23.000000000000437,16.000000000000462,0,0.0
5,B,PREDATOR,216,47.22999999999996,206,93.98999999999992,6,2,27.783333333333726,22.750000000000476,0,0.0
5,B,PREDATOR,217,48.689999999999955,207,93.98999999999992,6,2,7.600000000000303,22.900000000000478,0,0.0
5,B,PREDATOR,218,45.78999999999997,203,93.98999999999992,6,2,22.233333333333704,23.95000000000048,0,0.0
5,B,PREDATOR,219,57.88999999999992,218,93.98999999999992,6,2,17.733333333333736,18.85000000000047,0,0.0
5,B,PREDATOR,220,58.869999999999884,218,93.98999999999992,6,2,4.400000000000303,18.70000000000047,0,0.0
5,B,PREDATOR,221,68.54999999999987,230,93.98999999999992,6,2,20.700000000000333,11.20000000000045,0,0.0
5,B,PREDATOR,222,67.10999999999991,227,93.98999999999992,6,2,14.958333333333707,14.95000000000046,0,0.0
5,B,PREDATOR,223,102.7766666666667,273,93.98999999999992,1,0,27.80000000000041,0.0,1,0.0
5,B,PREDATOR,224,53.509999999999906,215,93.98999999999992,6,2,11.941666666667013,19.60000000000047,0,0.0
5,B,PREDATOR,225,39.4,205,93.98999999999992,6,2,14.966666666666987,23.05000000000048,0,0.0
5,B,PREDATOR,226,53.5099999999999,215,93.98999999999992,6,2,11.91666666666702,20.200000000000472,0,0.0
5,B,PREDATOR,227,63.10999999999968,235,93.98999999999992,1,2,39.350000000000314,7.6000000000004455,0,0.0
5,B,PREDATOR,228,60.779999999999895,223,93.98999999999992,6,2,9.416666666667028,15.700000000000461,0,0.0
5,B,PREDATOR,229,54.499999999999886,214,93.98999999999992,6,2,12.291666666667021,20.200000000000472,0,0.0
5,B,PREDATOR,230,30.7100000000001,192,93.98999999999992,6,2,25.558333333333664,26.950000000000486,0,0.0
5,B,PREDATOR,231,63.72999999999994,222,93.98999999999992,6,2,16.50833333333372,15.40000000000046,0,0.0
5,B,PREDATOR,232,68.03999999999995,232,93.98999999999992,5,2,8.13000000000037,12.400000000000453,0,0.0
5,B,PREDATOR,233,50.609999999999935,211,93.98999999999992,6,2,19.708333333333655,20.950000000000472,0,0.0
5,B,PREDATOR,234,66.1399999999999,226,93.98999999999992,6,2,8.641666666667026,13.900000000000457,0,0.0
5,B,PREDATOR,235,69.06999999999992,227,93.98999999999992,6,2,17.966666666667006,13.600000000000456,0,0.0
5,B,PREDATOR,236,52.42999999999994,225,93.98999999999992,6,2,8.84166666666703,14.500000000000458,0,0.0
5,B,PREDATOR,237,64.16999999999993,227,93.98999999999992,6,2,15.008333333333704,13.300000000000455,0,0.0
5,B,PREDATOR,238,77.69999999999993,246,93.98999999999992,1,2,35.75000000000038,2.350000000000447,0,0.0
5,B,PREDATOR,239,69.04999999999988,229,93.98999999999992,6,2,20.083333333333776,12.400000000000453,0,0.0
5,B,PREDATOR,240,69.05999999999995,228,93.98999999999992,6,2,1.350000000000305,12.550000000000454,0,0.0
5,B,PREDATOR,241,73.89999999999999,234,93.98999999999992,1,2,77.30000000000058,12.700000000000454,0,0.0
5,B,PREDATOR,242,74.30999999999992,242,93.98999999999992,1,2,33.70000000000062,4.900000000000445,0,0.0
5,B,PREDATOR,243,73.40999999999997,234,93.98999999999992,2,2,58.950000000000315,8.500000000000444,0,0.0
5,B,PREDATOR,244,69.01999999999988,232,93.98999999999992,5,2,8.220000000000319,10.75000000000045,0,0.0
5,B,PREDATOR,245,58.87999999999988,217,93.98999999999992,6,2,4.675000000000304,19.30000000000047,0,0.0
5,B,PREDATOR,246,52.03999999999992,215,93.98999999999992,6,2,11.891666666667023,19.75000000000047,0,0.0
5,B,PREDATOR,247,63.68999999999994,226,93.98999999999992,6,2,15.333333333333679,13.600000000000456,0,0.0
5,B,PREDATOR,248,50.59999999999991,212,93.98999999999992,6,2,31.716666666667027,20.950000000000472,0,0.0
5,B,PREDATOR,249,48.18999999999993,208,93.98999999999992,6,2,20.73333333333373,21.850000000000477,0,0.0
5,B,PREDATOR,250,52.579999999999934,210,93.98999999999992,6,2,12.425000000000345,21.700000000000475,0,0.0
