episode,reward,steps,eval_reward,outcome,prey_population,predator_population,avg_prey_energy,avg_predator_energy
1,-2.239999999999996,350,0.0,PREY_WIN,1,0,100.0,0.0
2,-2.2299999999999964,350,0.0,PREY_WIN,1,0,100.0,0.0
3,26.809999999999956,210,0.0,PREDATOR_WIN,0,1,0.0,27.320000000000213
4,-3.239999999999975,350,0.0,PREY_WIN,1,0,100.0,0.0
5,-2.5999999999999885,350,0.0,PREY_WIN,1,0,100.0,0.0
6,-2.809999999999984,350,0.0,PREY_WIN,1,0,100.0,0.0
7,29.79499999999999,6,0.0,PREDATOR_WIN,0,1,0.0,100.0
8,-2.4699999999999913,350,0.0,PREY_WIN,1,0,100.0,0.0
9,-2.159999999999998,350,0.0,PREY_WIN,1,0,100.0,0.0
10,27.442500000000003,248,0.0,PREDATOR_WIN,0,1,0.0,29.1725000000001
11,-3.089999999999978,350,0.0,PREY_WIN,1,0,100.0,0.0
12,28.402499999999993,152,0.0,PREDATOR_WIN,0,1,0.0,54.19250000000025
13,-3.1599999999999766,350,0.0,PREY_WIN,1,0,100.0,0.0
14,-3.4999999999999694,350,0.0,PREY_WIN,1,1,100.0,8.800000000000193
15,27.242500000000007,268,0.0,PREDATOR_WIN,0,1,0.0,50.77250000000039
16,29.77499999999999,5,0.0,PREDATOR_WIN,0,1,0.0,100.0
17,29.824999999999992,3,0.0,PREDATOR_WIN,0,1,0.0,100.0
18,-2.8399999999999834,350,0.0,PREY_WIN,1,0,100.0,0.0
19,-3.089999999999978,350,0.0,PREY_WIN,1,0,100.0,0.0
20,-2.52999999999999,350,0.0,PREY_WIN,1,0,100.0,0.0
21,-2.289999999999995,350,0.0,PREY_WIN,1,0,100.0,0.0
22,-3.3499999999999726,350,0.0,PREY_WIN,1,0,99.88,0.0
23,-2.399999999999993,350,0.0,PREY_WIN,1,0,100.0,0.0
24,29.319999999999997,67,0.0,PREDATOR_WIN,0,1,0.0,85.45999999999992
25,-3.089999999999978,350,0.0,PREY_WIN,1,0,100.0,0.0
26,28.44499999999999,141,0.0,PREDATOR_WIN,0,1,0.0,78.8449999999998
27,-3.089999999999978,350,0.0,PREY_WIN,1,0,100.0,0.0
28,-3.4999999999999694,350,0.0,PREY_WIN,1,1,99.72999999999999,2.800000000000031
29,28.37499999999996,67,0.0,PREDATOR_WIN,0,1,0.0,82.41499999999994
30,28.349999999999994,164,0.0,PREDATOR_WIN,0,1,0.0,51.920000000000314
31,-3.4899999999999696,350,0.0,PREY_WIN,1,0,100.0,0.0
32,-3.0199999999999796,350,0.0,PREY_WIN,1,0,100.0,0.0
33,28.737499999999976,75,0.0,PREDATOR_WIN,0,1,0.0,80.99749999999997
34,-3.229999999999975,350,0.0,PREY_WIN,1,0,100.0,0.0
35,-2.809999999999984,350,0.0,PREY_WIN,1,0,100.0,0.0
36,-2.289999999999995,350,0.0,PREY_WIN,1,0,100.0,0.0
37,-2.239999999999996,350,0.0,PREY_WIN,1,0,99.72999999999999,0.0
38,-2.239999999999996,350,0.0,PREY_WIN,1,0,100.0,0.0
39,-2.239999999999996,350,0.0,PREY_WIN,1,0,100.0,0.0
40,-2.289999999999995,350,0.0,PREY_WIN,1,0,100.0,0.0
41,28.612499999999994,131,0.0,PREDATOR_WIN,0,1,0.0,59.11250000000027
42,-3.0199999999999796,350,0.0,PREY_WIN,1,0,100.0,0.0
43,28.172499999999992,175,0.0,PREDATOR_WIN,0,1,0.0,74.2324999999997
44,-3.4999999999999694,350,0.0,PREY_WIN,1,1,100.0,19.000000000000025
45,29.664999999999992,19,0.0,PREDATOR_WIN,0,1,0.0,100.0
46,28.409999999999997,158,0.0,PREDATOR_WIN,0,1,0.0,67.94
47,-3.2599999999999745,350,0.0,PREY_WIN,1,0,100.0,0.0
48,-2.5499999999999896,350,0.0,PREY_WIN,1,0,100.0,0.0
49,29.602499999999996,32,0.0,PREDATOR_WIN,0,1,0.0,97.09249999999994
50,-2.899999999999982,350,0.0,PREY_WIN,1,0,100.0,0.0
51,-2.299999999999995,350,0.0,PREY_WIN,1,0,100.0,0.0
52,-2.1899999999999973,350,0.0,PREY_WIN,1,0,100.0,0.0
53,-2.339999999999994,350,0.0,PREY_WIN,1,0,100.0,0.0
54,27.81,218,0.0,PREDATOR_WIN,0,1,0.0,27.440000000000264
55,28.959999999999997,103,0.0,PREDATOR_WIN,0,1,0.0,76.0400000000001
56,-3.2099999999999755,350,0.0,PREY_WIN,1,0,100.0,0.0
57,28.53249999999999,139,0.0,PREDATOR_WIN,0,1,0.0,67.45250000000019
58,-3.4999999999999694,350,0.0,PREY_WIN,1,1,100.0,1.6000000000002723
59,-3.039999999999979,350,0.0,PREY_WIN,1,0,100.0,0.0
60,-2.3099999999999947,350,0.0,PREY_WIN,1,0,100.0,0.0
61,-2.209999999999997,350,0.0,PREY_WIN,1,0,100.0,0.0
62,29.522499999999994,40,0.0,PREDATOR_WIN,0,1,0.0,93.43249999999992
63,28.659999999999986,106,0.0,PREDATOR_WIN,0,1,0.0,71.81000000000012
64,-2.3199999999999945,350,0.0,PREY_WIN,1,0,100.0,0.0
65,-2.669999999999987,350,0.0,PREY_WIN,1,0,100.0,0.0
66,-2.6099999999999883,350,0.0,PREY_WIN,1,0,100.0,0.0
67,29.36499999999999,46,0.0,PREDATOR_WIN,0,1,0.0,92.0149999999999
68,29.802499999999995,12,0.0,PREDATOR_WIN,0,1,0.0,100.0
69,27.729999999999986,199,0.0,PREDATOR_WIN,0,1,0.0,78.64999999999951
70,-3.3599999999999723,350,0.0,PREY_WIN,1,0,100.0,0.0
71,-2.3599999999999937,350,0.0,PREY_WIN,1,0,100.0,0.0
72,29.789999999999996,20,0.0,PREDATOR_WIN,0,1,0.0,100.0
73,-3.1199999999999775,350,0.0,PREY_WIN,1,0,100.0,0.0
74,-2.4699999999999913,350,0.0,PREY_WIN,1,0,100.0,0.0
75,-2.3099999999999947,350,0.0,PREY_WIN,1,0,100.0,0.0
76,-2.389999999999993,350,0.0,PREY_WIN,1,0,100.0,0.0
77,-2.239999999999996,350,0.0,PREY_WIN,1,0,100.0,0.0
78,-2.4699999999999913,350,0.0,PREY_WIN,1,0,100.0,0.0
79,-2.209999999999997,350,0.0,PREY_WIN,1,0,100.0,0.0
80,-2.2299999999999964,350,0.0,PREY_WIN,1,0,99.72999999999999,0.0
81,-2.249999999999996,350,0.0,PREY_WIN,1,0,100.0,0.0
82,-2.289999999999995,350,0.0,PREY_WIN,1,0,100.0,0.0
83,-2.239999999999996,350,0.0,PREY_WIN,1,0,99.72999999999999,0.0
84,-2.2699999999999956,350,0.0,PREY_WIN,1,0,100.0,0.0
85,-2.239999999999996,350,0.0,PREY_WIN,1,0,100.0,0.0
86,-2.249999999999996,350,0.0,PREY_WIN,1,0,100.0,0.0
87,-2.239999999999996,350,0.0,PREY_WIN,1,0,100.0,0.0
88,-2.2299999999999964,350,0.0,PREY_WIN,1,0,100.0,0.0
89,-2.209999999999997,350,0.0,PREY_WIN,1,0,100.0,0.0
90,-2.3099999999999947,350,0.0,PREY_WIN,1,0,100.0,0.0
91,-2.2199999999999966,350,0.0,PREY_WIN,1,0,100.0,0.0
92,-2.209999999999997,350,0.0,PREY_WIN,1,0,99.88,0.0
93,-2.2699999999999956,350,0.0,PREY_WIN,1,0,100.0,0.0
94,-2.209999999999997,350,0.0,PREY_WIN,1,0,99.72999999999999,0.0
95,-2.3199999999999945,350,0.0,PREY_WIN,1,0,100.0,0.0
96,-2.289999999999995,350,0.0,PREY_WIN,1,0,100.0,0.0
97,-2.1899999999999973,350,0.0,PREY_WIN,1,0,100.0,0.0
98,-2.2299999999999964,350,0.0,PREY_WIN,1,0,100.0,0.0
99,-2.249999999999996,350,0.0,PREY_WIN,1,0,100.0,0.0
100,-2.239999999999996,350,0.0,PREY_WIN,1,0,99.72999999999999,0.0
101,-2.1799999999999975,350,0.0,PREY_WIN,1,0,100.0,0.0
102,-2.209999999999997,350,0.0,PREY_WIN,1,0,100.0,0.0
103,-2.209999999999997,350,0.0,PREY_WIN,1,0,100.0,0.0
104,-2.209999999999997,350,0.0,PREY_WIN,1,0,100.0,0.0
105,-2.199999999999997,350,0.0,PREY_WIN,1,0,100.0,0.0
106,29.929999999999996,6,0.0,PREDATOR_WIN,0,1,0.0,100.0
107,-2.199999999999997,350,0.0,PREY_WIN,1,0,100.0,0.0
108,-2.199999999999997,350,0.0,PREY_WIN,1,0,99.72999999999999,0.0
109,29.56499999999999,29,0.0,PREDATOR_WIN,0,1,0.0,99.48499999999993
110,-2.4999999999999907,350,0.0,PREY_WIN,1,0,100.0,0.0
111,-2.9699999999999807,350,0.0,PREY_WIN,1,0,100.0,0.0
112,-2.1899999999999973,350,0.0,PREY_WIN,1,0,100.0,0.0
113,-2.5099999999999905,350,0.0,PREY_WIN,1,0,100.0,0.0
114,-2.239999999999996,350,0.0,PREY_WIN,1,0,100.0,0.0
115,29.79499999999999,6,0.0,PREDATOR_WIN,0,1,0.0,100.0
116,-2.209999999999997,350,0.0,PREY_WIN,1,0,100.0,0.0
117,28.512499999999992,141,0.0,PREDATOR_WIN,0,1,0.0,54.31250000000033
118,29.969999999999995,2,0.0,PREDATOR_WIN,0,1,0.0,100.0
119,-2.1799999999999975,350,0.0,PREY_WIN,1,0,100.0,0.0
120,29.842499999999994,8,0.0,PREDATOR_WIN,0,1,0.0,100.0
121,29.022499999999994,90,0.0,PREDATOR_WIN,0,1,0.0,77.83249999999998
122,-3.4399999999999706,350,0.0,PREY_WIN,1,0,99.72999999999999,0.0
123,-3.2099999999999755,350,0.0,PREY_WIN,1,0,100.0,0.0
124,27.229999999999997,249,0.0,PREDATOR_WIN,0,1,0.0,26.45000000000025
125,28.422499999999992,150,0.0,PREDATOR_WIN,0,1,0.0,49.03250000000028
126,28.789999999999996,120,0.0,PREDATOR_WIN,0,1,0.0,62.30000000000024
127,-3.00999999999998,350,0.0,PREY_WIN,1,0,100.0,0.0
128,-3.1099999999999777,350,0.0,PREY_WIN,1,0,100.0,0.0
129,-2.8899999999999824,350,0.0,PREY_WIN,1,0,100.0,0.0
130,-2.53999999999999,350,0.0,PREY_WIN,1,0,100.0,0.0
131,28.302499999999995,162,0.0,PREDATOR_WIN,0,1,0.0,58.3925000000002
132,-3.4099999999999713,350,0.0,PREY_WIN,1,0,100.0,0.0
133,-2.389999999999993,350,0.0,PREY_WIN,1,0,100.0,0.0
134,-2.8399999999999834,350,0.0,PREY_WIN,1,0,100.0,0.0
135,-2.3299999999999943,350,0.0,PREY_WIN,1,0,100.0,0.0
136,-2.489999999999991,350,0.0,PREY_WIN,1,0,100.0,0.0
137,-2.259999999999996,350,0.0,PREY_WIN,1,0,100.0,0.0
138,-2.3599999999999937,350,0.0,PREY_WIN,1,0,100.0,0.0
139,28.387499999999967,86,0.0,PREDATOR_WIN,0,1,0.0,79.43749999999997
140,29.659999999999986,6,0.0,PREDATOR_WIN,0,1,0.0,100.0
141,-3.00999999999998,350,0.0,PREY_WIN,1,0,100.0,0.0
142,29.862499999999994,6,0.0,PREDATOR_WIN,0,1,0.0,100.0
143,-3.4999999999999694,350,0.0,PREY_WIN,1,1,100.0,15.100000000000003
144,-3.239999999999975,350,0.0,PREY_WIN,1,0,100.0,0.0
145,-2.3799999999999932,350,0.0,PREY_WIN,1,0,100.0,0.0
146,-2.239999999999996,350,0.0,PREY_WIN,1,0,100.0,0.0
147,-2.2299999999999964,350,0.0,PREY_WIN,1,0,100.0,0.0
148,-2.239999999999996,350,0.0,PREY_WIN,1,0,100.0,0.0
149,-2.2699999999999956,350,0.0,PREY_WIN,1,0,100.0,0.0
150,-2.399999999999993,350,0.0,PREY_WIN,1,0,100.0,0.0
151,-2.1899999999999973,350,0.0,PREY_WIN,1,0,100.0,0.0
152,-2.259999999999996,350,0.0,PREY_WIN,1,0,100.0,0.0
153,-2.289999999999995,350,0.0,PREY_WIN,1,0,100.0,0.0
154,-2.339999999999994,350,0.0,PREY_WIN,1,0,99.72999999999999,0.0
155,-2.289999999999995,350,0.0,PREY_WIN,1,0,100.0,0.0
156,-2.1899999999999973,350,0.0,PREY_WIN,1,0,99.72999999999999,0.0
157,28.53249999999999,139,0.0,PREDATOR_WIN,0,1,0.0,59.05250000000026
158,-2.949999999999981,350,0.0,PREY_WIN,1,0,100.0,0.0
159,28.769999999999996,119,0.0,PREDATOR_WIN,0,1,0.0,65.99000000000015
160,-2.859999999999983,350,0.0,PREY_WIN,1,0,100.0,0.0
161,27.972499999999993,195,0.0,PREDATOR_WIN,0,1,0.0,61.33249999999996
162,-3.289999999999974,350,0.0,PREY_WIN,1,0,100.0,0.0
163,-2.399999999999993,350,0.0,PREY_WIN,1,0,100.0,0.0
164,29.879999999999995,11,0.0,PREDATOR_WIN,0,1,0.0,100.0
165,29.242499999999993,68,0.0,PREDATOR_WIN,0,1,0.0,85.5724999999999
166,-3.4999999999999694,350,0.0,PREY_WIN,1,1,100.0,0.09999999999995052
167,-2.619999999999988,350,0.0,PREY_WIN,1,0,100.0,0.0
168,-2.719999999999986,350,0.0,PREY_WIN,1,0,100.0,0.0
169,28.712499999999995,121,0.0,PREDATOR_WIN,0,1,0.0,89.7124999999995
170,29.00249999999998,56,0.0,PREDATOR_WIN,0,1,0.0,86.35249999999994
171,-2.9299999999999815,350,0.0,PREY_WIN,1,0,100.0,0.0
172,-2.8899999999999824,350,0.0,PREY_WIN,1,0,99.72999999999999,0.0
173,-2.53999999999999,350,0.0,PREY_WIN,1,0,100.0,0.0
174,-2.8399999999999834,350,0.0,PREY_WIN,1,0,100.0,0.0
175,-2.709999999999986,350,0.0,PREY_WIN,1,0,99.72999999999999,0.0
176,-2.1899999999999973,350,0.0,PREY_WIN,1,0,100.0,0.0
177,-2.6899999999999866,350,0.0,PREY_WIN,1,0,99.72999999999999,0.0
178,-2.4099999999999926,350,0.0,PREY_WIN,1,0,100.0,0.0
179,-2.339999999999994,350,0.0,PREY_WIN,1,0,100.0,0.0
180,-2.239999999999996,350,0.0,PREY_WIN,1,0,100.0,0.0
181,29.892499999999995,3,0.0,PREDATOR_WIN,0,1,0.0,100.0
182,29.48499999999998,10,0.0,PREDATOR_WIN,0,1,0.0,100.0
183,-2.1699999999999977,350,0.0,PREY_WIN,1,0,100.0,0.0
184,-2.1699999999999977,350,0.0,PREY_WIN,1,0,100.0,0.0
185,-2.249999999999996,350,0.0,PREY_WIN,1,0,100.0,0.0
186,-2.1899999999999973,350,0.0,PREY_WIN,1,0,100.0,0.0
187,-2.1899999999999973,350,0.0,PREY_WIN,1,0,100.0,0.0
188,-2.2199999999999966,350,0.0,PREY_WIN,1,0,100.0,0.0
189,29.644999999999992,21,0.0,PREDATOR_WIN,0,1,0.0,100.0
190,-2.2699999999999956,350,0.0,PREY_WIN,1,0,100.0,0.0
191,-2.199999999999997,350,0.0,PREY_WIN,1,0,99.72999999999999,0.0
192,-2.199999999999997,350,0.0,PREY_WIN,1,0,100.0,0.0
193,-2.289999999999995,350,0.0,PREY_WIN,1,0,100.0,0.0
194,-2.349999999999994,350,0.0,PREY_WIN,1,0,99.72999999999999,0.0
195,29.062499999999993,86,0.0,PREDATOR_WIN,0,1,0.0,76.21250000000006
196,-2.8299999999999836,350,0.0,PREY_WIN,1,0,100.0,0.0
197,29.122499999999995,80,0.0,PREDATOR_WIN,0,1,0.0,82.33249999999992
198,-3.4999999999999694,350,0.0,PREY_WIN,1,1,99.72999999999999,18.100000000000072
199,29.61499999999999,24,0.0,PREDATOR_WIN,0,1,0.0,100.0
200,-2.669999999999987,350,0.0,PREY_WIN,1,0,100.0,0.0
201,-3.4999999999999694,350,0.0,PREY_WIN,1,1,100.0,4.599999999999889
202,-2.3699999999999934,350,0.0,PREY_WIN,1,0,100.0,0.0
203,-2.2699999999999956,350,0.0,PREY_WIN,1,0,100.0,0.0
204,-2.399999999999993,350,0.0,PREY_WIN,1,0,100.0,0.0
205,-2.199999999999997,350,0.0,PREY_WIN,1,0,99.45999999999998,0.0
206,-2.3299999999999943,350,0.0,PREY_WIN,1,0,100.0,0.0
207,29.77499999999999,5,0.0,PREDATOR_WIN,0,1,0.0,100.0
208,-2.5899999999999888,350,0.0,PREY_WIN,1,0,100.0,0.0
209,-2.4499999999999917,350,0.0,PREY_WIN,1,0,100.0,0.0
210,-2.299999999999995,350,0.0,PREY_WIN,1,0,100.0,0.0
211,29.824999999999992,3,0.0,PREDATOR_WIN,0,1,0.0,100.0
212,-2.2299999999999964,350,0.0,PREY_WIN,1,0,100.0,0.0
213,-2.2799999999999954,350,0.0,PREY_WIN,1,0,100.0,0.0
214,-2.259999999999996,350,0.0,PREY_WIN,1,0,99.72999999999999,0.0
215,-2.199999999999997,350,0.0,PREY_WIN,1,0,100.0,0.0
216,-2.1699999999999977,350,0.0,PREY_WIN,1,0,100.0,0.0
217,-2.1899999999999973,350,0.0,PREY_WIN,1,0,100.0,0.0
218,29.969999999999995,2,0.0,PREDATOR_WIN,0,1,0.0,100.0
219,-2.1899999999999973,350,0.0,PREY_WIN,1,0,100.0,0.0
220,-2.249999999999996,350,0.0,PREY_WIN,1,0,100.0,0.0
221,-2.3099999999999947,350,0.0,PREY_WIN,1,0,100.0,0.0
222,-2.199999999999997,350,0.0,PREY_WIN,1,0,100.0,0.0
223,-2.2199999999999966,350,0.0,PREY_WIN,1,0,100.0,0.0
224,-2.349999999999994,350,0.0,PREY_WIN,1,0,100.0,0.0
225,-2.1799999999999975,350,0.0,PREY_WIN,1,0,100.0,0.0
226,-2.1899999999999973,350,0.0,PREY_WIN,1,0,100.0,0.0
227,-2.259999999999996,350,0.0,PREY_WIN,1,0,100.0,0.0
228,-2.3099999999999947,350,0.0,PREY_WIN,1,0,100.0,0.0
229,-2.1799999999999975,350,0.0,PREY_WIN,1,0,100.0,0.0
230,-2.149999999999998,350,0.0,PREY_WIN,1,0,100.0,0.0
231,29.02749999999998,46,0.0,PREDATOR_WIN,0,1,0.0,90.77749999999989
232,29.387499999999978,10,0.0,PREDATOR_WIN,0,1,0.0,100.0
233,-3.099999999999978,350,0.0,PREY_WIN,1,0,100.0,0.0
234,-2.7899999999999845,350,0.0,PREY_WIN,1,0,100.0,0.0
235,-2.259999999999996,350,0.0,PREY_WIN,1,0,100.0,0.0
236,-2.4199999999999924,350,0.0,PREY_WIN,1,0,99.72999999999999,0.0
237,-2.289999999999995,350,0.0,PREY_WIN,1,0,100.0,0.0
238,-2.239999999999996,350,0.0,PREY_WIN,1,0,100.0,0.0
239,-2.1399999999999983,350,0.0,PREY_WIN,1,0,100.0,0.0
240,-2.1699999999999977,350,0.0,PREY_WIN,1,0,100.0,0.0
241,-2.3599999999999937,350,0.0,PREY_WIN,1,0,100.0,0.0
242,-2.7899999999999845,350,0.0,PREY_WIN,1,0,100.0,0.0
243,-3.239999999999975,350,0.0,PREY_WIN,1,0,100.0,0.0
244,-3.4999999999999694,350,0.0,PREY_WIN,1,1,100.0,9.100000000000325
245,-3.4999999999999694,350,0.0,PREY_WIN,1,1,100.0,8.80000000000028
246,29.889999999999997,10,0.0,PREDATOR_WIN,0,1,0.0,100.0
247,-2.679999999999987,350,0.0,PREY_WIN,1,0,100.0,0.0
248,-2.249999999999996,350,0.0,PREY_WIN,1,0,100.0,0.0
249,-2.5999999999999885,350,0.0,PREY_WIN,1,0,100.0,0.0
250,-2.209999999999997,350,0.0,PREY_WIN,1,0,99.72999999999999,0.0
251,-2.3599999999999937,350,0.0,PREY_WIN,1,0,100.0,0.0
252,-2.239999999999996,350,0.0,PREY_WIN,1,0,100.0,0.0
253,-2.3099999999999947,350,0.0,PREY_WIN,1,0,99.72999999999999,0.0
254,-2.5099999999999905,350,0.0,PREY_WIN,1,0,100.0,0.0
255,-2.339999999999994,350,0.0,PREY_WIN,1,0,100.0,0.0
256,-2.4999999999999907,350,0.0,PREY_WIN,1,0,100.0,0.0
257,-2.209999999999997,350,0.0,PREY_WIN,1,0,100.0,0.0
258,-2.5099999999999905,350,0.0,PREY_WIN,1,0,100.0,0.0
259,-2.249999999999996,350,0.0,PREY_WIN,1,0,100.0,0.0
260,-2.209999999999997,350,0.0,PREY_WIN,1,0,100.0,0.0
261,-2.249999999999996,350,0.0,PREY_WIN,1,0,100.0,0.0
262,-2.339999999999994,350,0.0,PREY_WIN,1,0,100.0,0.0
263,-2.3099999999999947,350,0.0,PREY_WIN,1,0,100.0,0.0
264,-2.5899999999999888,350,0.0,PREY_WIN,1,0,99.72999999999999,0.0
265,-3.00999999999998,350,0.0,PREY_WIN,1,0,99.72999999999999,0.0
266,28.152499999999993,177,0.0,PREDATOR_WIN,0,1,0.0,43.092500000000214
267,-3.279999999999974,350,0.0,PREY_WIN,1,0,100.0,0.0
268,-3.2599999999999745,350,0.0,PREY_WIN,1,0,100.0,0.0
269,-2.849999999999983,350,0.0,PREY_WIN,1,0,99.72999999999999,0.0
270,-3.039999999999979,350,0.0,PREY_WIN,1,0,100.0,0.0
271,-2.6599999999999873,350,0.0,PREY_WIN,1,0,100.0,0.0
272,-2.809999999999984,350,0.0,PREY_WIN,1,0,100.0,0.0
273,-2.2299999999999964,350,0.0,PREY_WIN,1,0,100.0,0.0
274,-2.2199999999999966,350,0.0,PREY_WIN,1,0,100.0,0.0
275,-2.249999999999996,350,0.0,PREY_WIN,1,0,100.0,0.0
276,-2.289999999999995,350,0.0,PREY_WIN,1,0,100.0,0.0
277,-2.2299999999999964,350,0.0,PREY_WIN,1,0,100.0,0.0
278,-2.259999999999996,350,0.0,PREY_WIN,1,0,100.0,0.0
279,-2.3099999999999947,350,0.0,PREY_WIN,1,0,100.0,0.0
280,-2.2699999999999956,350,0.0,PREY_WIN,1,0,100.0,0.0
281,-2.389999999999993,350,0.0,PREY_WIN,1,0,100.0,0.0
282,-2.259999999999996,350,0.0,PREY_WIN,1,0,100.0,0.0
283,-2.209999999999997,350,0.0,PREY_WIN,1,0,100.0,0.0
284,-2.239999999999996,350,0.0,PREY_WIN,1,0,100.0,0.0
285,-2.1799999999999975,350,0.0,PREY_WIN,1,0,100.0,0.0
286,-2.1399999999999983,350,0.0,PREY_WIN,1,0,100.0,0.0
287,-2.289999999999995,350,0.0,PREY_WIN,1,0,100.0,0.0
288,-2.349999999999994,350,0.0,PREY_WIN,1,0,100.0,0.0
289,28.99499999999999,86,0.0,PREDATOR_WIN,0,1,0.0,76.44500000000005
290,-3.3399999999999728,350,0.0,PREY_WIN,1,0,100.0,0.0
291,-3.4999999999999694,350,0.0,PREY_WIN,1,1,100.0,8.499999999999964
292,-3.379999999999972,350,0.0,PREY_WIN,1,0,100.0,0.0
293,-2.579999999999989,350,0.0,PREY_WIN,1,0,99.72999999999999,0.0
294,-2.52999999999999,350,0.0,PREY_WIN,1,0,100.0,0.0
295,-2.259999999999996,350,0.0,PREY_WIN,1,0,100.0,0.0
296,-2.479999999999991,350,0.0,PREY_WIN,1,0,100.0,0.0
297,-2.859999999999983,350,0.0,PREY_WIN,1,0,100.0,0.0
298,-2.4599999999999915,350,0.0,PREY_WIN,1,0,100.0,0.0
299,-2.3099999999999947,350,0.0,PREY_WIN,1,0,100.0,0.0
300,27.639999999999986,208,0.0,PREDATOR_WIN,0,1,0.0,36.47000000000015
301,-3.4099999999999713,350,0.0,PREY_WIN,1,0,100.0,0.0
302,-3.4999999999999694,350,0.0,PREY_WIN,1,1,100.0,1.0000000000003002
303,-2.719999999999986,350,0.0,PREY_WIN,1,0,100.0,0.0
304,-2.679999999999987,350,0.0,PREY_WIN,1,0,100.0,0.0
305,-2.389999999999993,350,0.0,PREY_WIN,1,0,100.0,0.0
306,-2.53999999999999,350,0.0,PREY_WIN,1,0,100.0,0.0
307,-2.7399999999999856,350,0.0,PREY_WIN,1,0,100.0,0.0
308,29.919999999999998,7,0.0,PREDATOR_WIN,0,1,0.0,100.0
309,-2.389999999999993,350,0.0,PREY_WIN,1,0,100.0,0.0
310,29.632499999999993,29,0.0,PREDATOR_WIN,0,1,0.0,99.85249999999994
311,29.124999999999993,73,0.0,PREDATOR_WIN,0,1,0.0,90.60499999999976
312,-3.429999999999971,350,0.0,PREY_WIN,1,0,100.0,0.0
313,-3.45999999999997,350,0.0,PREY_WIN,1,0,100.0,0.0
314,-3.099999999999978,350,0.0,PREY_WIN,1,0,100.0,0.0
315,-2.5499999999999896,350,0.0,PREY_WIN,1,0,100.0,0.0
316,-2.6599999999999873,350,0.0,PREY_WIN,1,0,100.0,0.0
317,-2.849999999999983,350,0.0,PREY_WIN,1,0,99.72999999999999,0.0
318,29.784999999999993,7,0.0,PREDATOR_WIN,0,1,0.0,100.0
319,-2.899999999999982,350,0.0,PREY_WIN,1,0,100.0,0.0
320,-2.7399999999999856,350,0.0,PREY_WIN,1,0,100.0,0.0
321,-2.569999999999989,350,0.0,PREY_WIN,1,0,100.0,0.0
322,-2.5599999999999894,350,0.0,PREY_WIN,1,0,100.0,0.0
323,-2.299999999999995,350,0.0,PREY_WIN,1,0,100.0,0.0
324,28.649999999999995,134,0.0,PREDATOR_WIN,0,1,0.0,65.72000000000014
325,-3.4999999999999694,350,0.0,PREY_WIN,1,1,99.72999999999999,9.100000000000104
326,-3.4999999999999694,350,0.0,PREY_WIN,1,1,100.0,1.6000000000000207
327,29.81499999999999,4,0.0,PREDATOR_WIN,0,1,0.0,100.0
328,-2.2699999999999956,350,0.0,PREY_WIN,1,0,100.0,0.0
329,-2.489999999999991,350,0.0,PREY_WIN,1,0,100.0,0.0
330,-2.1299999999999986,350,0.0,PREY_WIN,1,0,100.0,0.0
331,-2.1199999999999988,350,0.0,PREY_WIN,1,0,99.88,0.0
332,-2.209999999999997,350,0.0,PREY_WIN,1,0,99.72999999999999,0.0
333,-2.199999999999997,350,0.0,PREY_WIN,1,0,100.0,0.0
334,-2.289999999999995,350,0.0,PREY_WIN,1,0,99.72999999999999,0.0
335,-2.209999999999997,350,0.0,PREY_WIN,1,0,99.45999999999998,0.0
336,-2.289999999999995,350,0.0,PREY_WIN,1,0,100.0,0.0
337,-2.209999999999997,350,0.0,PREY_WIN,1,0,100.0,0.0
338,-2.249999999999996,350,0.0,PREY_WIN,1,0,100.0,0.0
339,28.067499999999956,88,0.0,PREDATOR_WIN,0,1,0.0,75.89750000000002
340,-2.8399999999999834,350,0.0,PREY_WIN,1,0,100.0,0.0
341,29.419999999999998,57,0.0,PREDATOR_WIN,0,1,0.0,87.25999999999993
342,26.70999999999989,46,0.0,PREDATOR_WIN,0,1,0.0,89.6599999999998
343,27.235000000000003,262,0.0,PREDATOR_WIN,0,1,0.0,63.42499999999973
344,28.019999999999996,197,0.0,PREDATOR_WIN,0,1,0.0,77.65999999999957
345,29.242499999999993,68,0.0,PREDATOR_WIN,0,1,0.0,92.47249999999977
346,-3.46999999999997,350,0.0,PREY_WIN,1,0,100.0,0.0
347,-3.45999999999997,350,0.0,PREY_WIN,1,0,100.0,0.0
348,-2.8399999999999834,350,0.0,PREY_WIN,1,0,100.0,0.0
349,-2.7899999999999845,350,0.0,PREY_WIN,1,0,100.0,0.0
350,28.859999999999996,113,0.0,PREDATOR_WIN,0,1,0.0,70.64000000000007
351,-2.389999999999993,350,0.0,PREY_WIN,1,0,100.0,0.0
352,-3.1599999999999766,350,0.0,PREY_WIN,1,0,100.0,0.0
353,28.882499999999993,104,0.0,PREDATOR_WIN,0,1,0.0,76.15249999999997
354,-2.9199999999999817,350,0.0,PREY_WIN,1,0,100.0,0.0
355,-3.239999999999975,350,0.0,PREY_WIN,1,0,100.0,0.0
356,-2.149999999999998,350,0.0,PREY_WIN,1,0,100.0,0.0
357,-2.5099999999999905,350,0.0,PREY_WIN,1,0,100.0,0.0
358,-2.259999999999996,350,0.0,PREY_WIN,1,0,100.0,0.0
359,25.862499999999937,238,0.0,PREDATOR_WIN,0,1,0.0,31.992500000000227
360,-2.759999999999985,350,0.0,PREY_WIN,1,0,100.0,0.0
361,-3.45999999999997,350,0.0,PREY_WIN,1,0,100.0,0.0
362,-2.3799999999999932,350,0.0,PREY_WIN,1,0,100.0,0.0
363,-2.339999999999994,350,0.0,PREY_WIN,1,0,99.72999999999999,0.0
364,-2.579999999999989,350,0.0,PREY_WIN,1,0,100.0,0.0
365,-2.4199999999999924,350,0.0,PREY_WIN,1,0,100.0,0.0
366,-2.7999999999999843,350,0.0,PREY_WIN,1,0,100.0,0.0
367,-2.4099999999999926,350,0.0,PREY_WIN,1,0,100.0,0.0
368,-2.4999999999999907,350,0.0,PREY_WIN,1,0,100.0,0.0
369,-2.53999999999999,350,0.0,PREY_WIN,1,0,100.0,0.0
370,-2.5099999999999905,350,0.0,PREY_WIN,1,0,100.0,0.0
371,29.902499999999993,2,0.0,PREDATOR_WIN,0,1,0.0,100.0
372,29.872499999999995,5,0.0,PREDATOR_WIN,0,1,0.0,100.0
373,-2.4099999999999926,350,0.0,PREY_WIN,1,0,100.0,0.0
374,-2.6599999999999873,350,0.0,PREY_WIN,1,0,100.0,0.0
375,-2.239999999999996,350,0.0,PREY_WIN,1,0,100.0,0.0
376,-2.209999999999997,350,0.0,PREY_WIN,1,0,100.0,0.0
377,-2.239999999999996,350,0.0,PREY_WIN,1,0,100.0,0.0
378,-2.159999999999998,350,0.0,PREY_WIN,1,0,100.0,0.0
379,-2.209999999999997,350,0.0,PREY_WIN,1,0,100.0,0.0
380,-2.1899999999999973,350,0.0,PREY_WIN,1,0,100.0,0.0
381,-2.199999999999997,350,0.0,PREY_WIN,1,0,100.0,0.0
382,-2.3599999999999937,350,0.0,PREY_WIN,1,0,100.0,0.0
383,28.232499999999995,169,0.0,PREDATOR_WIN,0,1,0.0,44.952500000000256
384,-3.139999999999977,350,0.0,PREY_WIN,1,0,100.0,0.0
385,-2.5899999999999888,350,0.0,PREY_WIN,1,0,100.0,0.0
386,-3.3899999999999717,350,0.0,PREY_WIN,1,0,100.0,0.0
387,-2.259999999999996,350,0.0,PREY_WIN,1,0,100.0,0.0
388,-2.259999999999996,350,0.0,PREY_WIN,1,0,100.0,0.0
389,-2.2299999999999964,350,0.0,PREY_WIN,1,0,100.0,0.0
390,-2.209999999999997,350,0.0,PREY_WIN,1,0,100.0,0.0
391,-2.2199999999999966,350,0.0,PREY_WIN,1,0,100.0,0.0
392,-2.2199999999999966,350,0.0,PREY_WIN,1,0,100.0,0.0
393,-2.2299999999999964,350,0.0,PREY_WIN,1,0,100.0,0.0
394,-2.209999999999997,350,0.0,PREY_WIN,1,0,100.0,0.0
395,-2.289999999999995,350,0.0,PREY_WIN,1,0,100.0,0.0
396,-2.1899999999999973,350,0.0,PREY_WIN,1,0,100.0,0.0
397,-2.289999999999995,350,0.0,PREY_WIN,1,0,100.0,0.0
398,-2.1899999999999973,350,0.0,PREY_WIN,1,0,100.0,0.0
399,-2.209999999999997,350,0.0,PREY_WIN,1,0,100.0,0.0
400,-2.1899999999999973,350,0.0,PREY_WIN,1,0,100.0,0.0
401,-2.7899999999999845,350,0.0,PREY_WIN,1,0,100.0,0.0
402,-2.349999999999994,350,0.0,PREY_WIN,1,0,100.0,0.0
403,-2.9399999999999813,350,0.0,PREY_WIN,1,0,100.0,0.0
404,-3.4999999999999694,350,0.0,PREY_WIN,1,1,100.0,4.900000000000292
405,26.67250000000002,325,0.0,PREDATOR_WIN,0,1,0.0,34.0325000000003
406,-3.4399999999999706,350,0.0,PREY_WIN,1,0,100.0,0.0
407,-3.4999999999999694,350,0.0,PREY_WIN,1,1,100.0,0.10000000000026771
408,-2.8399999999999834,350,0.0,PREY_WIN,1,0,100.0,0.0
409,-2.4999999999999907,350,0.0,PREY_WIN,1,0,100.0,0.0
410,-2.3699999999999934,350,0.0,PREY_WIN,1,0,100.0,0.0
411,27.86499999999999,199,0.0,PREDATOR_WIN,0,1,0.0,47.28500000000031
412,-2.4599999999999915,350,0.0,PREY_WIN,1,0,100.0,0.0
413,-3.2499999999999747,350,0.0,PREY_WIN,1,0,99.72999999999999,0.0
414,29.969999999999995,2,0.0,PREDATOR_WIN,0,1,0.0,100.0
415,-3.4999999999999694,350,0.0,PREY_WIN,1,1,100.0,4.899999999999918
416,-2.7299999999999858,350,0.0,PREY_WIN,1,0,100.0,0.0
417,-2.9399999999999813,350,0.0,PREY_WIN,1,0,100.0,0.0
418,28.622499999999995,130,0.0,PREDATOR_WIN,0,1,0.0,64.33250000000024
419,-3.1699999999999764,350,0.0,PREY_WIN,1,0,100.0,0.0
420,-3.4999999999999694,350,0.0,PREY_WIN,1,1,100.0,7.600000000000044
421,-2.339999999999994,350,0.0,PREY_WIN,1,0,100.0,0.0
422,-2.4999999999999907,350,0.0,PREY_WIN,1,0,100.0,0.0
423,-3.0699999999999785,350,0.0,PREY_WIN,1,0,100.0,0.0
424,-2.399999999999993,350,0.0,PREY_WIN,1,0,100.0,0.0
425,27.644999999999943,89,0.0,PREDATOR_WIN,0,1,0.0,75.965
426,-3.00999999999998,350,0.0,PREY_WIN,1,0,100.0,0.0
427,-2.909999999999982,350,0.0,PREY_WIN,1,0,100.0,0.0
428,-2.7399999999999856,350,0.0,PREY_WIN,1,0,100.0,0.0
429,-2.159999999999998,350,0.0,PREY_WIN,1,0,100.0,0.0
430,-2.3599999999999937,350,0.0,PREY_WIN,1,0,100.0,0.0
431,29.824999999999992,3,0.0,PREDATOR_WIN,0,1,0.0,100.0
432,-2.149999999999998,350,0.0,PREY_WIN,1,0,100.0,0.0
433,29.644999999999992,21,0.0,PREDATOR_WIN,0,1,0.0,100.0
434,-2.159999999999998,350,0.0,PREY_WIN,1,0,100.0,0.0
435,-2.1899999999999973,350,0.0,PREY_WIN,1,0,100.0,0.0
436,-2.159999999999998,350,0.0,PREY_WIN,1,0,100.0,0.0
437,-2.159999999999998,350,0.0,PREY_WIN,1,0,100.0,0.0
438,29.892499999999995,3,0.0,PREDATOR_WIN,0,1,0.0,100.0
439,-2.7499999999999853,350,0.0,PREY_WIN,1,0,100.0,0.0
440,29.659999999999997,33,0.0,PREDATOR_WIN,0,1,0.0,96.43999999999994
441,-2.2799999999999954,350,0.0,PREY_WIN,1,0,100.0,0.0
442,27.42999999999999,226,0.0,PREDATOR_WIN,0,1,0.0,59.48000000000008
443,29.902499999999993,2,0.0,PREDATOR_WIN,0,1,0.0,100.0
444,-3.4999999999999694,350,0.0,PREY_WIN,1,1,100.0,6.400000000000228
445,-3.1199999999999775,350,0.0,PREY_WIN,1,0,100.0,0.0
446,-2.2199999999999966,350,0.0,PREY_WIN,1,0,100.0,0.0
447,29.022499999999983,60,0.0,PREDATOR_WIN,0,1,0.0,87.13249999999988
448,-3.0599999999999787,350,0.0,PREY_WIN,1,0,100.0,0.0
449,-2.3799999999999932,350,0.0,PREY_WIN,1,0,100.0,0.0
450,-2.439999999999992,350,0.0,PREY_WIN,1,0,100.0,0.0
451,28.56499999999998,102,0.0,PREDATOR_WIN,0,1,0.0,80.55499999999984
452,27.762499999999996,216,0.0,PREDATOR_WIN,0,1,0.0,72.61249999999953
453,-3.47999999999997,350,0.0,PREY_WIN,1,0,100.0,0.0
454,-3.3899999999999717,350,0.0,PREY_WIN,1,0,100.0,0.0
455,-2.3599999999999937,350,0.0,PREY_WIN,1,0,100.0,0.0
456,-2.1899999999999973,350,0.0,PREY_WIN,1,0,100.0,0.0
457,-2.259999999999996,350,0.0,PREY_WIN,1,0,100.0,0.0
458,29.522499999999994,40,0.0,PREDATOR_WIN,0,1,0.0,96.7324999999999
459,29.452499999999993,47,0.0,PREDATOR_WIN,0,1,0.0,92.59249999999989
460,-3.0599999999999787,350,0.0,PREY_WIN,1,0,100.0,0.0
461,-2.8399999999999834,350,0.0,PREY_WIN,1,0,100.0,0.0
462,-2.3599999999999937,350,0.0,PREY_WIN,1,0,100.0,0.0
463,-2.109999999999999,350,0.0,PREY_WIN,1,0,100.0,0.0
464,-2.209999999999997,350,0.0,PREY_WIN,1,0,100.0,0.0
465,-2.159999999999998,350,0.0,PREY_WIN,1,0,100.0,0.0
466,28.14499999999999,171,0.0,PREDATOR_WIN,0,1,0.0,82.74499999999958
467,-2.6899999999999866,350,0.0,PREY_WIN,1,0,100.0,0.0
468,-2.53999999999999,350,0.0,PREY_WIN,1,0,100.0,0.0
469,-2.6099999999999883,350,0.0,PREY_WIN,1,0,100.0,0.0
470,-2.4099999999999926,350,0.0,PREY_WIN,1,0,100.0,0.0
471,-2.1899999999999973,350,0.0,PREY_WIN,1,0,100.0,0.0
472,-2.1699999999999977,350,0.0,PREY_WIN,1,0,100.0,0.0
473,-2.1899999999999973,350,0.0,PREY_WIN,1,0,100.0,0.0
474,-2.9399999999999813,350,0.0,PREY_WIN,1,0,100.0,0.0
475,-2.389999999999993,350,0.0,PREY_WIN,1,0,100.0,0.0
476,-2.569999999999989,350,0.0,PREY_WIN,1,0,100.0,0.0
477,28.662499999999994,126,0.0,PREDATOR_WIN,0,1,0.0,60.91250000000026
478,28.729999999999997,126,0.0,PREDATOR_WIN,0,1,0.0,62.18000000000022
479,-3.4999999999999694,350,0.0,PREY_WIN,1,1,100.0,16.900000000000333
480,-3.4999999999999694,350,0.0,PREY_WIN,1,1,100.0,19.60000000000036
481,-2.869999999999983,350,0.0,PREY_WIN,1,0,100.0,0.0
482,-3.049999999999979,350,0.0,PREY_WIN,1,0,100.0,0.0
483,-2.709999999999986,350,0.0,PREY_WIN,1,0,100.0,0.0
484,-2.6899999999999866,350,0.0,PREY_WIN,1,0,100.0,0.0
485,-2.759999999999985,350,0.0,PREY_WIN,1,0,100.0,0.0
486,29.432499999999994,49,0.0,PREDATOR_WIN,0,1,0.0,91.75249999999988
487,-3.2099999999999755,350,0.0,PREY_WIN,1,0,100.0,0.0
488,-2.8299999999999836,350,0.0,PREY_WIN,1,0,100.0,0.0
489,-2.5899999999999888,350,0.0,PREY_WIN,1,0,100.0,0.0
490,28.049999999999994,191,0.0,PREDATOR_WIN,0,1,0.0,54.65000000000023
491,-3.1099999999999777,350,0.0,PREY_WIN,1,0,100.0,0.0
492,-3.00999999999998,350,0.0,PREY_WIN,1,0,100.0,0.0
493,-2.479999999999991,350,0.0,PREY_WIN,1,0,100.0,0.0
494,29.092499999999994,83,0.0,PREDATOR_WIN,0,1,0.0,78.9725
495,-3.0699999999999785,350,0.0,PREY_WIN,1,0,100.0,0.0
496,-3.4999999999999694,350,0.0,PREY_WIN,1,1,100.0,10.30000000000004
497,29.222499999999993,70,0.0,PREDATOR_WIN,0,1,0.0,81.4325
498,-2.6599999999999873,350,0.0,PREY_WIN,1,0,100.0,0.0
499,-3.4999999999999694,350,0.0,PREY_WIN,1,1,100.0,8.20000000000002
500,29.659999999999997,33,0.0,PREDATOR_WIN,0,1,0.0,97.33999999999993
501,-2.53999999999999,350,0.0,PREY_WIN,1,0,100.0,0.0
502,29.419999999999998,57,0.0,PREDATOR_WIN,0,1,0.0,86.65999999999994
503,-2.909999999999982,350,0.0,PREY_WIN,1,0,100.0,0.0
504,28.159999999999997,183,0.0,PREDATOR_WIN,0,1,0.0,46.94000000000026
505,-3.1599999999999766,350,0.0,PREY_WIN,1,0,100.0,0.0
506,28.919999999999995,107,0.0,PREDATOR_WIN,0,1,0.0,69.26000000000018
507,-3.4499999999999704,350,0.0,PREY_WIN,1,0,100.0,0.0
508,-3.329999999999973,350,0.0,PREY_WIN,1,0,100.0,0.0
509,-2.259999999999996,350,0.0,PREY_WIN,1,0,100.0,0.0
510,-2.429999999999992,350,0.0,PREY_WIN,1,0,99.72999999999999,0.0
511,-2.6399999999999877,350,0.0,PREY_WIN,1,0,100.0,0.0
512,-2.289999999999995,350,0.0,PREY_WIN,1,0,99.72999999999999,0.0
513,-2.239999999999996,350,0.0,PREY_WIN,1,0,100.0,0.0
514,-2.2699999999999956,350,0.0,PREY_WIN,1,0,100.0,0.0
515,-2.209999999999997,350,0.0,PREY_WIN,1,0,100.0,0.0
516,-2.4099999999999926,350,0.0,PREY_WIN,1,0,99.72999999999999,0.0
517,29.604999999999993,25,0.0,PREDATOR_WIN,0,1,0.0,100.0
518,-2.399999999999993,350,0.0,PREY_WIN,1,0,100.0,0.0
519,-2.6399999999999877,350,0.0,PREY_WIN,1,0,100.0,0.0
520,-2.899999999999982,350,0.0,PREY_WIN,1,0,100.0,0.0
521,-2.5999999999999885,350,0.0,PREY_WIN,1,0,100.0,0.0
522,-2.2299999999999964,350,0.0,PREY_WIN,1,0,100.0,0.0
523,-2.5499999999999896,350,0.0,PREY_WIN,1,0,100.0,0.0
524,-2.2799999999999954,350,0.0,PREY_WIN,1,0,100.0,0.0
525,-2.2199999999999966,350,0.0,PREY_WIN,1,0,100.0,0.0
526,-2.2699999999999956,350,0.0,PREY_WIN,1,0,100.0,0.0
527,-2.2299999999999964,350,0.0,PREY_WIN,1,0,100.0,0.0
528,-2.249999999999996,350,0.0,PREY_WIN,1,0,100.0,0.0
529,-2.1899999999999973,350,0.0,PREY_WIN,1,0,100.0,0.0
530,28.632499999999993,129,0.0,PREDATOR_WIN,0,1,0.0,60.552500000000265
531,-3.089999999999978,350,0.0,PREY_WIN,1,0,100.0,0.0
532,-3.4999999999999694,350,0.0,PREY_WIN,1,1,100.0,2.5000000000003064
533,-2.1899999999999973,350,0.0,PREY_WIN,1,0,100.0,0.0
534,-2.1699999999999977,350,0.0,PREY_WIN,1,0,100.0,0.0
535,-2.1699999999999977,350,0.0,PREY_WIN,1,0,100.0,0.0
536,-2.1899999999999973,350,0.0,PREY_WIN,1,0,100.0,0.0
537,-2.1899999999999973,350,0.0,PREY_WIN,1,0,100.0,0.0
538,-2.209999999999997,350,0.0,PREY_WIN,1,0,100.0,0.0
539,-2.1899999999999973,350,0.0,PREY_WIN,1,0,100.0,0.0
540,-2.299999999999995,350,0.0,PREY_WIN,1,0,100.0,0.0
541,-2.2699999999999956,350,0.0,PREY_WIN,1,0,100.0,0.0
542,-2.209999999999997,350,0.0,PREY_WIN,1,0,100.0,0.0
543,-2.8399999999999834,350,0.0,PREY_WIN,1,0,100.0,0.0
544,-2.709999999999986,350,0.0,PREY_WIN,1,0,100.0,0.0
545,-2.2799999999999954,350,0.0,PREY_WIN,1,0,100.0,0.0
546,-2.159999999999998,350,0.0,PREY_WIN,1,0,100.0,0.0
547,-2.1899999999999973,350,0.0,PREY_WIN,1,0,100.0,0.0
548,-2.1799999999999975,350,0.0,PREY_WIN,1,0,100.0,0.0
549,29.764999999999993,9,0.0,PREDATOR_WIN,0,1,0.0,100.0
550,-2.1899999999999973,350,0.0,PREY_WIN,1,0,100.0,0.0
551,-2.159999999999998,350,0.0,PREY_WIN,1,0,100.0,0.0
552,-2.159999999999998,350,0.0,PREY_WIN,1,0,100.0,0.0
553,-2.259999999999996,350,0.0,PREY_WIN,1,0,99.72999999999999,0.0
554,-2.429999999999992,350,0.0,PREY_WIN,1,0,100.0,0.0
555,-2.1699999999999977,350,0.0,PREY_WIN,1,0,100.0,0.0
556,27.442499999999974,194,0.0,PREDATOR_WIN,0,1,0.0,33.31250000000023
557,-3.4999999999999694,350,0.0,PREY_WIN,1,1,100.0,7.600000000000271
558,29.929999999999996,6,0.0,PREDATOR_WIN,0,1,0.0,100.0
559,29.747499999999988,4,0.0,PREDATOR_WIN,0,1,0.0,100.0
560,-2.9799999999999804,350,0.0,PREY_WIN,1,0,100.0,0.0
561,26.970000000000013,293,0.0,PREDATOR_WIN,0,1,0.0,40.55000000000028
562,-3.4999999999999694,350,0.0,PREY_WIN,1,1,100.0,14.200000000000019
563,-3.4999999999999694,350,0.0,PREY_WIN,1,1,99.72999999999999,7.30000000000004
564,-3.089999999999978,350,0.0,PREY_WIN,1,0,100.0,0.0
565,-2.489999999999991,350,0.0,PREY_WIN,1,0,100.0,0.0
566,-2.6599999999999873,350,0.0,PREY_WIN,1,0,100.0,0.0
567,-2.709999999999986,350,0.0,PREY_WIN,1,0,100.0,0.0
568,-2.399999999999993,350,0.0,PREY_WIN,1,0,100.0,0.0
569,-2.6399999999999877,350,0.0,PREY_WIN,1,0,100.0,0.0
570,-2.5999999999999885,350,0.0,PREY_WIN,1,0,99.45999999999998,0.0
571,-2.759999999999985,350,0.0,PREY_WIN,1,0,100.0,0.0
572,-2.5099999999999905,350,0.0,PREY_WIN,1,0,100.0,0.0
573,28.292499999999993,163,0.0,PREDATOR_WIN,0,1,0.0,50.17250000000027
574,29.639999999999997,35,0.0,PREDATOR_WIN,0,1,0.0,95.89999999999993
575,29.902499999999993,2,0.0,PREDATOR_WIN,0,1,0.0,100.0
576,-3.4999999999999694,350,0.0,PREY_WIN,1,1,100.0,1.000000000000331
577,-3.4999999999999694,350,0.0,PREY_WIN,1,1,100.0,22.60000000000039
578,-3.4999999999999694,350,0.0,PREY_WIN,1,1,100.0,19.599999999999845
579,-2.6599999999999873,350,0.0,PREY_WIN,1,0,99.72999999999999,0.0
580,-2.1899999999999973,350,0.0,PREY_WIN,1,0,100.0,0.0
581,-2.389999999999993,350,0.0,PREY_WIN,1,0,100.0,0.0
582,-2.4999999999999907,350,0.0,PREY_WIN,1,0,100.0,0.0
583,-2.7499999999999853,350,0.0,PREY_WIN,1,0,100.0,0.0
584,-2.3799999999999932,350,0.0,PREY_WIN,1,0,100.0,0.0
585,29.004999999999992,85,0.0,PREDATOR_WIN,0,1,0.0,77.76500000000001
586,-2.1899999999999973,350,0.0,PREY_WIN,1,0,100.0,0.0
587,29.79499999999999,6,0.0,PREDATOR_WIN,0,1,0.0,100.0
588,-2.9199999999999817,350,0.0,PREY_WIN,1,0,100.0,0.0
589,-2.7499999999999853,350,0.0,PREY_WIN,1,0,100.0,0.0
590,-2.959999999999981,350,0.0,PREY_WIN,1,0,100.0,0.0
591,-2.7399999999999856,350,0.0,PREY_WIN,1,0,100.0,0.0
592,-2.489999999999991,350,0.0,PREY_WIN,1,0,100.0,0.0
593,-3.4999999999999694,350,0.0,PREY_WIN,1,1,100.0,5.200000000000212
594,-2.289999999999995,350,0.0,PREY_WIN,1,0,100.0,0.0
595,-2.3699999999999934,350,0.0,PREY_WIN,1,0,100.0,0.0
596,-2.2799999999999954,350,0.0,PREY_WIN,1,0,100.0,0.0
597,-2.199999999999997,350,0.0,PREY_WIN,1,0,100.0,0.0
598,-2.389999999999993,350,0.0,PREY_WIN,1,0,100.0,0.0
599,-2.4199999999999924,350,0.0,PREY_WIN,1,0,100.0,0.0
600,28.039999999999996,195,0.0,PREDATOR_WIN,0,1,0.0,40.4000000000002
601,-2.809999999999984,350,0.0,PREY_WIN,1,0,100.0,0.0
602,-3.1099999999999777,350,0.0,PREY_WIN,1,0,100.0,0.0
603,-2.199999999999997,350,0.0,PREY_WIN,1,0,100.0,0.0
604,-2.099999999999999,350,0.0,PREY_WIN,1,0,100.0,0.0
605,28.902499999999993,102,0.0,PREDATOR_WIN,0,1,0.0,70.09250000000014
606,-2.709999999999986,350,0.0,PREY_WIN,1,0,100.0,0.0
607,-3.4999999999999694,350,0.0,PREY_WIN,1,1,100.0,18.700000000000408
608,-2.53999999999999,350,0.0,PREY_WIN,1,0,100.0,0.0
609,-2.489999999999991,350,0.0,PREY_WIN,1,0,100.0,0.0
610,29.772499999999994,15,0.0,PREDATOR_WIN,0,1,0.0,100.0
611,-2.3199999999999945,350,0.0,PREY_WIN,1,0,100.0,0.0
612,-2.52999999999999,350,0.0,PREY_WIN,1,0,100.0,0.0
613,-2.389999999999993,350,0.0,PREY_WIN,1,0,100.0,0.0
614,-2.769999999999985,350,0.0,PREY_WIN,1,0,100.0,0.0
615,-2.4699999999999913,350,0.0,PREY_WIN,1,0,100.0,0.0
616,-2.5099999999999905,350,0.0,PREY_WIN,1,0,100.0,0.0
617,-2.53999999999999,350,0.0,PREY_WIN,1,0,100.0,0.0
618,29.892499999999995,3,0.0,PREDATOR_WIN,0,1,0.0,100.0
619,28.01499999999998,157,0.0,PREDATOR_WIN,0,1,0.0,73.65499999999992
620,-3.289999999999974,350,0.0,PREY_WIN,1,0,100.0,0.0
621,-3.4999999999999694,350,0.0,PREY_WIN,1,1,100.0,4.600000000000409
622,-2.959999999999981,350,0.0,PREY_WIN,1,0,100.0,0.0
623,-2.349999999999994,350,0.0,PREY_WIN,1,0,100.0,0.0
624,-2.5199999999999902,350,0.0,PREY_WIN,1,0,100.0,0.0
625,-2.5599999999999894,350,0.0,PREY_WIN,1,0,100.0,0.0
626,-2.52999999999999,350,0.0,PREY_WIN,1,0,100.0,0.0
627,-2.3299999999999943,350,0.0,PREY_WIN,1,0,100.0,0.0
628,28.879999999999995,111,0.0,PREDATOR_WIN,0,1,0.0,74.18
629,-3.1299999999999772,350,0.0,PREY_WIN,1,0,100.0,0.0
630,-3.4999999999999694,350,0.0,PREY_WIN,1,1,100.0,11.500000000000236
631,-2.6999999999999864,350,0.0,PREY_WIN,1,0,100.0,0.0
632,-2.2199999999999966,350,0.0,PREY_WIN,1,0,100.0,0.0
633,-2.399999999999993,350,0.0,PREY_WIN,1,0,100.0,0.0
634,-2.2699999999999956,350,0.0,PREY_WIN,1,0,100.0,0.0
635,-2.1899999999999973,350,0.0,PREY_WIN,1,0,100.0,0.0
636,-2.159999999999998,350,0.0,PREY_WIN,1,0,100.0,0.0
637,-2.249999999999996,350,0.0,PREY_WIN,1,0,100.0,0.0
638,-2.249999999999996,350,0.0,PREY_WIN,1,0,100.0,0.0
639,29.672499999999996,25,0.0,PREDATOR_WIN,0,1,0.0,100.0
640,-2.2199999999999966,350,0.0,PREY_WIN,1,0,100.0,0.0
641,-2.4199999999999924,350,0.0,PREY_WIN,1,0,100.0,0.0
642,-2.6399999999999877,350,0.0,PREY_WIN,1,0,100.0,0.0
643,-2.5599999999999894,350,0.0,PREY_WIN,1,0,100.0,0.0
644,-2.149999999999998,350,0.0,PREY_WIN,1,0,100.0,0.0
645,-2.3599999999999937,350,0.0,PREY_WIN,1,0,100.0,0.0
646,-2.1399999999999983,350,0.0,PREY_WIN,1,0,100.0,0.0
647,-2.259999999999996,350,0.0,PREY_WIN,1,0,100.0,0.0
648,-2.2799999999999954,350,0.0,PREY_WIN,1,0,100.0,0.0
649,-2.439999999999992,350,0.0,PREY_WIN,1,0,100.0,0.0
650,-2.2299999999999964,350,0.0,PREY_WIN,1,0,100.0,0.0
651,-2.2199999999999966,350,0.0,PREY_WIN,1,0,100.0,0.0
652,-3.0599999999999787,350,0.0,PREY_WIN,1,0,100.0,0.0
653,-3.4999999999999694,350,0.0,PREY_WIN,1,1,100.0,3.700000000000257
654,-3.4999999999999694,350,0.0,PREY_WIN,1,1,100.0,1.300000000000307
655,-3.1699999999999764,350,0.0,PREY_WIN,1,0,100.0,0.0
656,-2.8799999999999826,350,0.0,PREY_WIN,1,0,100.0,0.0
657,29.747499999999988,4,0.0,PREDATOR_WIN,0,1,0.0,100.0
658,-2.6999999999999864,350,0.0,PREY_WIN,1,0,100.0,0.0
659,-2.809999999999984,350,0.0,PREY_WIN,1,0,100.0,0.0
660,-2.5499999999999896,350,0.0,PREY_WIN,1,0,100.0,0.0
661,-2.8899999999999824,350,0.0,PREY_WIN,1,0,100.0,0.0
662,27.534999999999997,232,0.0,PREDATOR_WIN,0,1,0.0,33.72500000000021
663,-3.1699999999999764,350,0.0,PREY_WIN,1,0,100.0,0.0
664,-2.809999999999984,350,0.0,PREY_WIN,1,0,100.0,0.0
665,-3.4999999999999694,350,0.0,PREY_WIN,1,1,100.0,1.6000000000003467
666,-3.3099999999999734,350,0.0,PREY_WIN,1,0,100.0,0.0
667,-3.4999999999999694,350,0.0,PREY_WIN,1,1,100.0,3.7000000000000925
668,28.882499999999993,104,0.0,PREDATOR_WIN,0,1,0.0,77.65249999999992
669,27.942499999999974,144,0.0,PREDATOR_WIN,0,1,0.0,73.81250000000011
670,-3.289999999999974,350,0.0,PREY_WIN,1,0,100.0,0.0
671,-3.4999999999999694,350,0.0,PREY_WIN,1,1,100.0,20.200000000000053
672,-3.4999999999999694,350,0.0,PREY_WIN,1,1,100.0,2.799999999999873
673,-2.719999999999986,350,0.0,PREY_WIN,1,0,100.0,0.0
674,-2.5199999999999902,350,0.0,PREY_WIN,1,0,100.0,0.0
675,-2.9799999999999804,350,0.0,PREY_WIN,1,0,100.0,0.0
676,-2.2799999999999954,350,0.0,PREY_WIN,1,0,100.0,0.0
677,-2.389999999999993,350,0.0,PREY_WIN,1,0,100.0,0.0
678,-2.2299999999999964,350,0.0,PREY_WIN,1,0,100.0,0.0
679,-2.339999999999994,350,0.0,PREY_WIN,1,0,100.0,0.0
680,-2.3599999999999937,350,0.0,PREY_WIN,1,0,100.0,0.0
681,-2.2299999999999964,350,0.0,PREY_WIN,1,0,100.0,0.0
682,-2.239999999999996,350,0.0,PREY_WIN,1,0,100.0,0.0
683,-2.289999999999995,350,0.0,PREY_WIN,1,0,100.0,0.0
684,-2.299999999999995,350,0.0,PREY_WIN,1,0,100.0,0.0
685,-2.199999999999997,350,0.0,PREY_WIN,1,0,100.0,0.0
686,-2.1899999999999973,350,0.0,PREY_WIN,1,0,100.0,0.0
687,-2.209999999999997,350,0.0,PREY_WIN,1,0,100.0,0.0
688,29.299999999999997,69,0.0,PREDATOR_WIN,0,1,0.0,82.81999999999998
689,29.81499999999999,4,0.0,PREDATOR_WIN,0,1,0.0,100.0
690,-3.289999999999974,350,0.0,PREY_WIN,1,0,100.0,0.0
691,-3.289999999999974,350,0.0,PREY_WIN,1,0,100.0,0.0
692,-2.1799999999999975,350,0.0,PREY_WIN,1,0,100.0,0.0
693,-2.1699999999999977,350,0.0,PREY_WIN,1,0,100.0,0.0
694,-2.3099999999999947,350,0.0,PREY_WIN,1,0,100.0,0.0
695,-2.159999999999998,350,0.0,PREY_WIN,1,0,100.0,0.0
696,-2.1799999999999975,350,0.0,PREY_WIN,1,0,100.0,0.0
697,-2.149999999999998,350,0.0,PREY_WIN,1,0,100.0,0.0
698,-2.259999999999996,350,0.0,PREY_WIN,1,0,100.0,0.0
699,-2.3099999999999947,350,0.0,PREY_WIN,1,0,100.0,0.0
700,-2.2299999999999964,350,0.0,PREY_WIN,1,0,100.0,0.0
701,-2.239999999999996,350,0.0,PREY_WIN,1,0,100.0,0.0
702,29.779999999999998,21,0.0,PREDATOR_WIN,0,1,0.0,100.0
703,-2.249999999999996,350,0.0,PREY_WIN,1,0,100.0,0.0
704,-2.8799999999999826,350,0.0,PREY_WIN,1,0,100.0,0.0
705,-2.209999999999997,350,0.0,PREY_WIN,1,0,100.0,0.0
706,-2.7499999999999853,350,0.0,PREY_WIN,1,0,100.0,0.0
707,-2.7799999999999847,350,0.0,PREY_WIN,1,0,100.0,0.0
708,-2.1899999999999973,350,0.0,PREY_WIN,1,0,100.0,0.0
709,-2.4199999999999924,350,0.0,PREY_WIN,1,0,99.88,0.0
710,-2.429999999999992,350,0.0,PREY_WIN,1,0,99.72999999999999,0.0
711,-2.259999999999996,350,0.0,PREY_WIN,1,0,100.0,0.0
712,-2.3099999999999947,350,0.0,PREY_WIN,1,0,100.0,0.0
713,-2.4099999999999926,350,0.0,PREY_WIN,1,0,100.0,0.0
714,-2.1399999999999983,350,0.0,PREY_WIN,1,0,100.0,0.0
715,-2.2199999999999966,350,0.0,PREY_WIN,1,0,100.0,0.0
716,-2.0899999999999994,350,0.0,PREY_WIN,1,0,100.0,0.0
717,28.652499999999993,127,0.0,PREDATOR_WIN,0,1,0.0,61.39250000000023
718,-2.809999999999984,350,0.0,PREY_WIN,1,0,100.0,0.0
719,-3.2999999999999736,350,0.0,PREY_WIN,1,0,100.0,0.0
720,-3.00999999999998,350,0.0,PREY_WIN,1,0,100.0,0.0
721,-2.1199999999999988,350,0.0,PREY_WIN,1,0,100.0,0.0
722,-2.149999999999998,350,0.0,PREY_WIN,1,0,100.0,0.0
723,28.552499999999995,137,0.0,PREDATOR_WIN,0,1,0.0,58.69250000000024
724,-2.2699999999999956,350,0.0,PREY_WIN,1,0,100.0,0.0
725,-2.5999999999999885,350,0.0,PREY_WIN,1,0,100.0,0.0
726,29.832499999999996,9,0.0,PREDATOR_WIN,0,1,0.0,100.0
727,-2.709999999999986,350,0.0,PREY_WIN,1,0,100.0,0.0
728,-3.00999999999998,350,0.0,PREY_WIN,1,0,100.0,0.0
729,29.77499999999999,8,0.0,PREDATOR_WIN,0,1,0.0,100.0
730,-3.0199999999999796,350,0.0,PREY_WIN,1,0,100.0,0.0
731,-2.7999999999999843,350,0.0,PREY_WIN,1,0,100.0,0.0
732,-2.959999999999981,350,0.0,PREY_WIN,1,0,100.0,0.0
733,-3.189999999999976,350,0.0,PREY_WIN,1,0,100.0,0.0
734,-2.4599999999999915,350,0.0,PREY_WIN,1,0,100.0,0.0
735,-2.3199999999999945,350,0.0,PREY_WIN,1,0,100.0,0.0
736,28.169999999999995,182,0.0,PREDATOR_WIN,0,1,0.0,42.26000000000025
737,-2.489999999999991,350,0.0,PREY_WIN,1,0,100.0,0.0
738,28.789999999999996,120,0.0,PREDATOR_WIN,0,1,0.0,64.40000000000018
739,-3.4999999999999694,350,0.0,PREY_WIN,1,1,100.0,19.299999999999837
740,-3.4999999999999694,350,0.0,PREY_WIN,1,1,100.0,13.000000000000078
741,29.259999999999998,73,0.0,PREDATOR_WIN,0,1,0.0,83.83999999999992
742,28.119999999999994,187,0.0,PREDATOR_WIN,0,1,0.0,52.460000000000306
743,-3.4999999999999694,350,0.0,PREY_WIN,1,1,100.0,23.500000000000234
744,-3.4999999999999694,350,0.0,PREY_WIN,1,1,100.0,24.40000000000034
745,-3.4999999999999694,350,0.0,PREY_WIN,1,1,100.0,21.100000000000318
746,-2.4099999999999926,350,0.0,PREY_WIN,1,0,100.0,0.0
747,-2.4099999999999926,350,0.0,PREY_WIN,1,0,100.0,0.0
748,-2.439999999999992,350,0.0,PREY_WIN,1,0,100.0,0.0
749,-2.339999999999994,350,0.0,PREY_WIN,1,0,100.0,0.0
750,-2.299999999999995,350,0.0,PREY_WIN,1,0,100.0,0.0
751,-2.7399999999999856,350,0.0,PREY_WIN,1,0,100.0,0.0
752,-2.1899999999999973,350,0.0,PREY_WIN,1,0,100.0,0.0
753,27.86,213,0.0,PREDATOR_WIN,0,1,0.0,26.84000000000022
754,29.929999999999996,6,0.0,PREDATOR_WIN,0,1,0.0,100.0
755,-3.3099999999999734,350,0.0,PREY_WIN,1,0,100.0,0.0
756,-3.099999999999978,350,0.0,PREY_WIN,1,0,100.0,0.0
757,29.189999999999998,80,0.0,PREDATOR_WIN,0,1,0.0,95.89999999999968
758,29.959999999999997,3,0.0,PREDATOR_WIN,0,1,0.0,100.0
759,28.359999999999996,163,0.0,PREDATOR_WIN,0,1,0.0,47.84000000000027
760,-2.569999999999989,350,0.0,PREY_WIN,1,0,100.0,0.0
761,-3.4099999999999713,350,0.0,PREY_WIN,1,0,100.0,0.0
762,-2.619999999999988,350,0.0,PREY_WIN,1,0,100.0,0.0
763,-2.9799999999999804,350,0.0,PREY_WIN,1,0,100.0,0.0
764,-2.489999999999991,350,0.0,PREY_WIN,1,0,100.0,0.0
765,-2.299999999999995,350,0.0,PREY_WIN,1,0,100.0,0.0
766,-2.489999999999991,350,0.0,PREY_WIN,1,0,100.0,0.0
767,29.889999999999997,10,0.0,PREDATOR_WIN,0,1,0.0,100.0
768,29.069999999999997,92,0.0,PREDATOR_WIN,0,1,0.0,73.4600000000001
769,-3.1999999999999758,350,0.0,PREY_WIN,1,0,100.0,0.0
770,-3.189999999999976,350,0.0,PREY_WIN,1,0,100.0,0.0
771,-3.319999999999973,350,0.0,PREY_WIN,1,0,100.0,0.0
772,-2.1899999999999973,350,0.0,PREY_WIN,1,0,100.0,0.0
773,-3.1199999999999775,350,0.0,PREY_WIN,1,0,100.0,0.0
774,-2.8299999999999836,350,0.0,PREY_WIN,1,0,100.0,0.0
775,-2.2299999999999964,350,0.0,PREY_WIN,1,0,100.0,0.0
776,29.819999999999997,17,0.0,PREDATOR_WIN,0,1,0.0,100.0
777,-2.1299999999999986,350,0.0,PREY_WIN,1,0,100.0,0.0
778,-2.1299999999999986,350,0.0,PREY_WIN,1,0,100.0,0.0
779,-2.259999999999996,350,0.0,PREY_WIN,1,0,100.0,0.0
780,29.9,9,0.0,PREDATOR_WIN,0,1,0.0,100.0
781,29.769999999999996,22,0.0,PREDATOR_WIN,0,1,0.0,100.0
782,-2.4199999999999924,350,0.0,PREY_WIN,1,0,100.0,0.0
783,-2.8399999999999834,350,0.0,PREY_WIN,1,0,100.0,0.0
784,-3.039999999999979,350,0.0,PREY_WIN,1,0,100.0,0.0
785,-2.2199999999999966,350,0.0,PREY_WIN,1,0,100.0,0.0
786,29.039999999999996,95,0.0,PREDATOR_WIN,0,1,0.0,80.29999999999994
787,-3.1099999999999777,350,0.0,PREY_WIN,1,0,100.0,0.0
788,28.709999999999997,128,0.0,PREDATOR_WIN,0,1,0.0,78.14000000000013
789,-3.4999999999999694,350,0.0,PREY_WIN,1,1,100.0,25.00000000000004
790,-3.289999999999974,350,0.0,PREY_WIN,1,0,100.0,0.0
791,-3.4999999999999694,350,0.0,PREY_WIN,1,1,100.0,6.699999999999927
792,-3.139999999999977,350,0.0,PREY_WIN,1,0,100.0,0.0
793,-3.1299999999999772,350,0.0,PREY_WIN,1,0,100.0,0.0
794,-2.959999999999981,350,0.0,PREY_WIN,1,0,100.0,0.0
795,-2.1399999999999983,350,0.0,PREY_WIN,1,0,100.0,0.0
796,-2.239999999999996,350,0.0,PREY_WIN,1,0,100.0,0.0
797,-2.4599999999999915,350,0.0,PREY_WIN,1,0,100.0,0.0
798,-2.159999999999998,350,0.0,PREY_WIN,1,0,100.0,0.0
799,-2.209999999999997,350,0.0,PREY_WIN,1,0,100.0,0.0
800,29.9,9,0.0,PREDATOR_WIN,0,1,0.0,100.0
801,-2.349999999999994,350,0.0,PREY_WIN,1,0,100.0,0.0
802,-2.5099999999999905,350,0.0,PREY_WIN,1,0,100.0,0.0
803,29.679999999999996,31,0.0,PREDATOR_WIN,0,1,0.0,97.87999999999994
804,-3.47999999999997,350,0.0,PREY_WIN,1,0,100.0,0.0
805,-3.00999999999998,350,0.0,PREY_WIN,1,0,100.0,0.0
806,-2.5599999999999894,350,0.0,PREY_WIN,1,0,100.0,0.0
807,-2.289999999999995,350,0.0,PREY_WIN,1,0,100.0,0.0
808,-2.1799999999999975,350,0.0,PREY_WIN,1,0,100.0,0.0
809,-2.209999999999997,350,0.0,PREY_WIN,1,0,100.0,0.0
810,-2.569999999999989,350,0.0,PREY_WIN,1,0,100.0,0.0
811,-2.1899999999999973,350,0.0,PREY_WIN,1,0,100.0,0.0
812,-2.259999999999996,350,0.0,PREY_WIN,1,0,100.0,0.0
813,29.959999999999997,3,0.0,PREDATOR_WIN,0,1,0.0,100.0
814,-2.199999999999997,350,0.0,PREY_WIN,1,0,100.0,0.0
815,-2.4999999999999907,350,0.0,PREY_WIN,1,0,100.0,0.0
816,29.949999999999996,4,0.0,PREDATOR_WIN,0,1,0.0,100.0
817,-2.6399999999999877,350,0.0,PREY_WIN,1,0,100.0,0.0
818,-2.289999999999995,350,0.0,PREY_WIN,1,0,100.0,0.0
819,-2.1799999999999975,350,0.0,PREY_WIN,1,0,100.0,0.0
820,-2.1699999999999977,350,0.0,PREY_WIN,1,0,100.0,0.0
821,-2.339999999999994,350,0.0,PREY_WIN,1,0,100.0,0.0
822,-2.3599999999999937,350,0.0,PREY_WIN,1,0,100.0,0.0
823,-2.259999999999996,350,0.0,PREY_WIN,1,0,100.0,0.0
824,27.600000000000005,239,0.0,PREDATOR_WIN,0,1,0.0,27.320000000000245
825,-3.1099999999999777,350,0.0,PREY_WIN,1,0,100.0,0.0
826,-2.3099999999999947,350,0.0,PREY_WIN,1,0,100.0,0.0
827,-2.819999999999984,350,0.0,PREY_WIN,1,0,100.0,0.0
828,-2.1299999999999986,350,0.0,PREY_WIN,1,0,100.0,0.0
829,-2.249999999999996,350,0.0,PREY_WIN,1,0,100.0,0.0
830,-3.1599999999999766,350,0.0,PREY_WIN,1,0,100.0,0.0
831,-3.2599999999999745,350,0.0,PREY_WIN,1,0,100.0,0.0
832,-2.9299999999999815,350,0.0,PREY_WIN,1,0,100.0,0.0
833,-2.4999999999999907,350,0.0,PREY_WIN,1,0,100.0,0.0
834,28.859999999999996,113,0.0,PREDATOR_WIN,0,1,0.0,64.9400000000002
835,-3.179999999999976,350,0.0,PREY_WIN,1,0,100.0,0.0
836,-3.2599999999999745,350,0.0,PREY_WIN,1,0,100.0,0.0
837,-2.289999999999995,350,0.0,PREY_WIN,1,0,100.0,0.0
838,28.429999999999996,156,0.0,PREDATOR_WIN,0,1,0.0,60.080000000000304
839,-3.4999999999999694,350,0.0,PREY_WIN,1,1,100.0,11.200000000000262
840,28.769999999999996,122,0.0,PREDATOR_WIN,0,1,0.0,67.1600000000001
841,-3.4999999999999694,350,0.0,PREY_WIN,1,1,100.0,25.000000000000288
842,-3.4999999999999694,350,0.0,PREY_WIN,1,1,100.0,32.50000000000025
843,-2.6399999999999877,350,0.0,PREY_WIN,1,0,100.0,0.0
844,-2.53999999999999,350,0.0,PREY_WIN,1,0,100.0,0.0
845,29.359999999999996,63,0.0,PREDATOR_WIN,0,1,0.0,83.83999999999997
846,-2.909999999999982,350,0.0,PREY_WIN,1,0,100.0,0.0
847,27.38000000000001,261,0.0,PREDATOR_WIN,0,1,0.0,48.979999999999876
848,29.539999999999996,45,0.0,PREDATOR_WIN,0,1,0.0,91.39999999999992
849,29.849999999999998,14,0.0,PREDATOR_WIN,0,1,0.0,100.0
850,29.19249999999997,13,0.0,PREDATOR_WIN,0,1,0.0,100.0
851,29.869999999999997,12,0.0,PREDATOR_WIN,0,1,0.0,100.0
852,-3.4999999999999694,350,0.0,PREY_WIN,1,1,100.0,12.099999999999705
853,-3.379999999999972,350,0.0,PREY_WIN,1,0,100.0,0.0
854,28.779999999999998,121,0.0,PREDATOR_WIN,0,1,0.0,74.18000000000004
855,-2.9899999999999802,350,0.0,PREY_WIN,1,0,100.0,0.0
856,-3.1999999999999758,350,0.0,PREY_WIN,1,0,100.0,0.0
857,-3.319999999999973,350,0.0,PREY_WIN,1,0,100.0,0.0
858,-2.9199999999999817,350,0.0,PREY_WIN,1,0,100.0,0.0
859,-2.489999999999991,350,0.0,PREY_WIN,1,0,100.0,0.0
860,28.539999999999996,145,0.0,PREDATOR_WIN,0,1,0.0,65.60000000000011
861,29.159999999999997,83,0.0,PREDATOR_WIN,0,1,0.0,80.83999999999995
862,29.539999999999996,45,0.0,PREDATOR_WIN,0,1,0.0,99.19999999999985
863,-3.4999999999999694,350,0.0,PREY_WIN,1,1,100.0,33.39999999999992
864,-3.4999999999999694,350,0.0,PREY_WIN,1,1,100.0,23.19999999999974
865,-2.769999999999985,350,0.0,PREY_WIN,1,0,100.0,0.0
866,-3.139999999999977,350,0.0,PREY_WIN,1,0,100.0,0.0
867,-2.6399999999999877,350,0.0,PREY_WIN,1,0,100.0,0.0
868,-2.239999999999996,350,0.0,PREY_WIN,1,0,100.0,0.0
869,29.849999999999998,14,0.0,PREDATOR_WIN,0,1,0.0,100.0
870,-2.7999999999999843,350,0.0,PREY_WIN,1,0,100.0,0.0
871,-2.3599999999999937,350,0.0,PREY_WIN,1,0,100.0,0.0
872,-2.4699999999999913,350,0.0,PREY_WIN,1,0,100.0,0.0
873,-2.52999999999999,350,0.0,PREY_WIN,1,0,100.0,0.0
874,-2.289999999999995,350,0.0,PREY_WIN,1,0,100.0,0.0
875,-2.4099999999999926,350,0.0,PREY_WIN,1,0,100.0,0.0
876,29.859999999999996,13,0.0,PREDATOR_WIN,0,1,0.0,100.0
877,-2.3699999999999934,350,0.0,PREY_WIN,1,0,100.0,0.0
878,-2.349999999999994,350,0.0,PREY_WIN,1,0,100.0,0.0
879,-2.489999999999991,350,0.0,PREY_WIN,1,0,100.0,0.0
880,-2.809999999999984,350,0.0,PREY_WIN,1,0,100.0,0.0
881,-2.709999999999986,350,0.0,PREY_WIN,1,0,100.0,0.0
882,-2.289999999999995,350,0.0,PREY_WIN,1,0,100.0,0.0
883,-2.4599999999999915,350,0.0,PREY_WIN,1,0,100.0,0.0
884,-2.489999999999991,350,0.0,PREY_WIN,1,0,100.0,0.0
885,-2.9299999999999815,350,0.0,PREY_WIN,1,0,100.0,0.0
886,-2.389999999999993,350,0.0,PREY_WIN,1,0,100.0,0.0
887,-2.289999999999995,350,0.0,PREY_WIN,1,0,100.0,0.0
888,-2.4699999999999913,350,0.0,PREY_WIN,1,0,100.0,0.0
889,-2.5899999999999888,350,0.0,PREY_WIN,1,0,100.0,0.0
890,-2.7399999999999856,350,0.0,PREY_WIN,1,0,100.0,0.0
891,-2.489999999999991,350,0.0,PREY_WIN,1,0,100.0,0.0
892,-2.4499999999999917,350,0.0,PREY_WIN,1,0,100.0,0.0
893,-2.289999999999995,350,0.0,PREY_WIN,1,0,100.0,0.0
894,29.939999999999998,5,0.0,PREDATOR_WIN,0,1,0.0,100.0
895,29.372499999999995,55,0.0,PREDATOR_WIN,0,1,0.0,87.13249999999994
896,-3.369999999999972,350,0.0,PREY_WIN,1,0,100.0,0.0
897,-2.709999999999986,350,0.0,PREY_WIN,1,0,100.0,0.0
898,-2.159999999999998,350,0.0,PREY_WIN,1,0,100.0,0.0
899,-2.1699999999999977,350,0.0,PREY_WIN,1,0,100.0,0.0
900,-2.149999999999998,350,0.0,PREY_WIN,1,0,100.0,0.0
901,-2.2199999999999966,350,0.0,PREY_WIN,1,0,100.0,0.0
902,-2.259999999999996,350,0.0,PREY_WIN,1,0,100.0,0.0
903,-2.2299999999999964,350,0.0,PREY_WIN,1,0,100.0,0.0
904,-2.1699999999999977,350,0.0,PREY_WIN,1,0,100.0,0.0
905,-2.239999999999996,350,0.0,PREY_WIN,1,0,100.0,0.0
906,-2.199999999999997,350,0.0,PREY_WIN,1,0,100.0,0.0
907,-2.209999999999997,350,0.0,PREY_WIN,1,0,100.0,0.0
908,-2.3599999999999937,350,0.0,PREY_WIN,1,0,100.0,0.0
909,29.909999999999997,8,0.0,PREDATOR_WIN,0,1,0.0,100.0
910,-2.209999999999997,350,0.0,PREY_WIN,1,0,100.0,0.0
911,29.309999999999995,68,0.0,PREDATOR_WIN,0,1,0.0,83.23999999999997
912,29.892499999999995,3,0.0,PREDATOR_WIN,0,1,0.0,100.0
913,-3.45999999999997,350,0.0,PREY_WIN,1,0,100.0,0.0
914,-3.279999999999974,350,0.0,PREY_WIN,1,0,99.72999999999999,0.0
915,-2.53999999999999,350,0.0,PREY_WIN,1,0,100.0,0.0
916,-2.399999999999993,350,0.0,PREY_WIN,1,0,100.0,0.0
917,-2.1699999999999977,350,0.0,PREY_WIN,1,0,100.0,0.0
918,29.859999999999996,13,0.0,PREDATOR_WIN,0,1,0.0,100.0
919,-2.159999999999998,350,0.0,PREY_WIN,1,0,100.0,0.0
920,-2.259999999999996,350,0.0,PREY_WIN,1,0,100.0,0.0
921,-2.149999999999998,350,0.0,PREY_WIN,1,0,100.0,0.0
922,-2.349999999999994,350,0.0,PREY_WIN,1,0,100.0,0.0
923,29.919999999999998,7,0.0,PREDATOR_WIN,0,1,0.0,100.0
924,-2.239999999999996,350,0.0,PREY_WIN,1,0,100.0,0.0
925,-2.159999999999998,350,0.0,PREY_WIN,1,0,100.0,0.0
926,-2.1299999999999986,350,0.0,PREY_WIN,1,0,100.0,0.0
927,-2.199999999999997,350,0.0,PREY_WIN,1,0,100.0,0.0
928,-2.159999999999998,350,0.0,PREY_WIN,1,0,100.0,0.0
929,-2.1199999999999988,350,0.0,PREY_WIN,1,0,100.0,0.0
930,-3.3399999999999728,350,0.0,PREY_WIN,1,0,100.0,0.0
931,29.824999999999992,3,0.0,PREDATOR_WIN,0,1,0.0,100.0
932,-3.4999999999999694,350,0.0,PREY_WIN,1,1,100.0,12.400000000000357
933,-3.4999999999999694,350,0.0,PREY_WIN,1,1,100.0,5.499999999999978
934,-3.1099999999999777,350,0.0,PREY_WIN,1,0,100.0,0.0
935,-3.4999999999999694,350,0.0,PREY_WIN,1,1,100.0,4.600000000000201
936,-3.0799999999999783,350,0.0,PREY_WIN,1,0,100.0,0.0
937,-2.7299999999999858,350,0.0,PREY_WIN,1,0,100.0,0.0
938,-2.429999999999992,350,0.0,PREY_WIN,1,0,100.0,0.0
939,-2.3199999999999945,350,0.0,PREY_WIN,1,0,100.0,0.0
940,-2.4999999999999907,350,0.0,PREY_WIN,1,0,100.0,0.0
941,28.912499999999984,74,0.0,PREDATOR_WIN,0,1,0.0,82.48249999999994
942,-2.959999999999981,350,0.0,PREY_WIN,1,0,100.0,0.0
943,-3.4999999999999694,350,0.0,PREY_WIN,1,1,100.0,5.200000000000154
944,-3.45999999999997,350,0.0,PREY_WIN,1,0,100.0,0.0
945,28.822499999999994,110,0.0,PREDATOR_WIN,0,1,0.0,68.83250000000018
946,-2.9199999999999817,350,0.0,PREY_WIN,1,0,100.0,0.0
947,-3.089999999999978,350,0.0,PREY_WIN,1,0,100.0,0.0
948,29.939999999999998,5,0.0,PREDATOR_WIN,0,1,0.0,100.0
949,-3.1999999999999758,350,0.0,PREY_WIN,1,0,100.0,0.0
950,27.6725,225,0.0,PREDATOR_WIN,0,1,0.0,35.532500000000084
951,-3.0599999999999787,350,0.0,PREY_WIN,1,0,100.0,0.0
952,-2.7499999999999853,350,0.0,PREY_WIN,1,0,100.0,0.0
953,28.712499999999995,121,0.0,PREDATOR_WIN,0,1,0.0,62.71250000000023
954,-3.4999999999999694,350,0.0,PREY_WIN,1,1,100.0,5.800000000000389
955,-3.4999999999999694,350,0.0,PREY_WIN,1,1,100.0,14.500000000000044
956,-2.7899999999999845,350,0.0,PREY_WIN,1,0,100.0,0.0
957,-2.759999999999985,350,0.0,PREY_WIN,1,0,100.0,0.0
958,-2.3599999999999937,350,0.0,PREY_WIN,1,0,100.0,0.0
959,-2.9199999999999817,350,0.0,PREY_WIN,1,0,100.0,0.0
960,-2.3599999999999937,350,0.0,PREY_WIN,1,0,100.0,0.0
961,28.559999999999995,143,0.0,PREDATOR_WIN,0,1,0.0,58.04000000000027
962,-2.7899999999999845,350,0.0,PREY_WIN,1,0,100.0,0.0
963,-2.429999999999992,350,0.0,PREY_WIN,1,0,100.0,0.0
964,-3.4999999999999694,350,0.0,PREY_WIN,1,1,100.0,20.200000000000127
965,-3.00999999999998,350,0.0,PREY_WIN,1,0,100.0,0.0
966,-2.259999999999996,350,0.0,PREY_WIN,1,0,100.0,0.0
967,-2.429999999999992,350,0.0,PREY_WIN,1,0,100.0,0.0
968,-2.4699999999999913,350,0.0,PREY_WIN,1,0,100.0,0.0
969,-2.239999999999996,350,0.0,PREY_WIN,1,0,100.0,0.0
970,-2.289999999999995,350,0.0,PREY_WIN,1,0,100.0,0.0
971,28.542499999999993,138,0.0,PREDATOR_WIN,0,1,0.0,57.6725000000003
972,-3.3599999999999723,350,0.0,PREY_WIN,1,0,100.0,0.0
973,29.892499999999995,3,0.0,PREDATOR_WIN,0,1,0.0,100.0
974,-2.4599999999999915,350,0.0,PREY_WIN,1,0,100.0,0.0
975,-3.3399999999999728,350,0.0,PREY_WIN,1,0,100.0,0.0
976,-2.99999999999998,350,0.0,PREY_WIN,1,0,100.0,0.0
977,24.989999999999934,287,0.0,PREDATOR_WIN,0,1,0.0,25.430000000000145
978,-3.4999999999999694,350,0.0,PREY_WIN,1,1,100.0,4.600000000000301
979,-3.4999999999999694,350,0.0,PREY_WIN,1,1,100.0,7.000000000000306
980,29.509999999999998,48,0.0,PREDATOR_WIN,0,1,0.0,91.6399999999999
981,-3.1599999999999766,350,0.0,PREY_WIN,1,0,100.0,0.0
982,27.889999999999997,210,0.0,PREDATOR_WIN,0,1,0.0,54.50000000000004
983,-3.4999999999999694,350,0.0,PREY_WIN,1,1,100.0,8.799999999999997
984,-3.319999999999973,350,0.0,PREY_WIN,1,0,100.0,0.0
985,-2.4599999999999915,350,0.0,PREY_WIN,1,0,100.0,0.0
986,-3.0299999999999794,350,0.0,PREY_WIN,1,0,100.0,0.0
987,-2.719999999999986,350,0.0,PREY_WIN,1,0,100.0,0.0
988,-2.669999999999987,350,0.0,PREY_WIN,1,0,100.0,0.0
989,28.732499999999995,119,0.0,PREDATOR_WIN,0,1,0.0,65.65250000000019
990,-3.4999999999999694,350,0.0,PREY_WIN,1,1,100.0,4.9000000000002695
991,28.822499999999994,110,0.0,PREDATOR_WIN,0,1,0.0,79.63249999999996
992,-3.189999999999976,350,0.0,PREY_WIN,1,0,100.0,0.0
993,-3.4999999999999694,350,0.0,PREY_WIN,1,1,96.21999999999986,7.000000000000151
994,29.339999999999996,65,0.0,PREDATOR_WIN,0,1,0.0,83.29999999999998
995,-3.4999999999999694,350,0.0,PREY_WIN,1,1,100.0,12.699999999999946
996,-3.4999999999999694,350,0.0,PREY_WIN,1,1,100.0,6.700000000000183
997,-3.4999999999999694,350,0.0,PREY_WIN,1,1,100.0,1.900000000000274
998,29.289999999999996,70,0.0,PREDATOR_WIN,0,1,0.0,84.19999999999993
999,-3.4999999999999694,350,0.0,PREY_WIN,1,1,100.0,15.999999999999739
1000,-3.4999999999999694,350,0.0,PREY_WIN,1,1,100.0,6.100000000000025
1001,29.69749999999999,9,0.0,PREDATOR_WIN,0,1,0.0,100.0
1002,-2.909999999999982,350,0.0,PREY_WIN,1,0,100.0,0.0
1003,-2.6899999999999866,350,0.0,PREY_WIN,1,0,100.0,0.0
1004,-2.669999999999987,350,0.0,PREY_WIN,1,0,100.0,0.0
1005,-2.6099999999999883,350,0.0,PREY_WIN,1,0,99.72999999999999,0.0
1006,-2.209999999999997,350,0.0,PREY_WIN,1,0,100.0,0.0
1007,-2.389999999999993,350,0.0,PREY_WIN,1,0,100.0,0.0
1008,-2.4699999999999913,350,0.0,PREY_WIN,1,0,99.72999999999999,0.0
1009,29.802499999999995,12,0.0,PREDATOR_WIN,0,1,0.0,100.0
1010,-2.259999999999996,350,0.0,PREY_WIN,1,0,100.0,0.0
1011,-2.3099999999999947,350,0.0,PREY_WIN,1,0,100.0,0.0
1012,-2.1899999999999973,350,0.0,PREY_WIN,1,0,100.0,0.0
1013,-2.4699999999999913,350,0.0,PREY_WIN,1,0,100.0,0.0
1014,-2.7999999999999843,350,0.0,PREY_WIN,1,0,100.0,0.0
1015,29.832499999999996,9,0.0,PREDATOR_WIN,0,1,0.0,100.0
1016,-2.2799999999999954,350,0.0,PREY_WIN,1,0,100.0,0.0
1017,-2.2199999999999966,350,0.0,PREY_WIN,1,0,100.0,0.0
1018,-2.1899999999999973,350,0.0,PREY_WIN,1,0,100.0,0.0
1019,-2.4599999999999915,350,0.0,PREY_WIN,1,0,100.0,0.0
1020,29.33,66,0.0,PREDATOR_WIN,0,1,0.0,84.37999999999995
1021,-2.5199999999999902,350,0.0,PREY_WIN,1,0,100.0,0.0
1022,-2.9399999999999813,350,0.0,PREY_WIN,1,0,100.0,0.0
1023,-2.439999999999992,350,0.0,PREY_WIN,1,0,100.0,0.0
1024,-2.479999999999991,350,0.0,PREY_WIN,1,0,100.0,0.0
1025,-2.6099999999999883,350,0.0,PREY_WIN,1,0,100.0,0.0
1026,29.662499999999994,26,0.0,PREDATOR_WIN,0,1,0.0,100.0
1027,29.979999999999997,1,0.0,PREDATOR_WIN,0,1,0.0,100.0
1028,-2.1799999999999975,350,0.0,PREY_WIN,1,0,100.0,0.0
1029,-2.339999999999994,350,0.0,PREY_WIN,1,0,100.0,0.0
1030,-2.52999999999999,350,0.0,PREY_WIN,1,0,100.0,0.0
1031,-2.299999999999995,350,0.0,PREY_WIN,1,0,100.0,0.0
1032,-2.159999999999998,350,0.0,PREY_WIN,1,0,100.0,0.0
1033,-2.239999999999996,350,0.0,PREY_WIN,1,0,100.0,0.0
1034,-2.2699999999999956,350,0.0,PREY_WIN,1,0,100.0,0.0
1035,-2.1799999999999975,350,0.0,PREY_WIN,1,0,100.0,0.0
1036,-2.4099999999999926,350,0.0,PREY_WIN,1,0,100.0,0.0
1037,-2.259999999999996,350,0.0,PREY_WIN,1,0,100.0,0.0
1038,-2.209999999999997,350,0.0,PREY_WIN,1,0,100.0,0.0
1039,-2.239999999999996,350,0.0,PREY_WIN,1,0,100.0,0.0
1040,-2.249999999999996,350,0.0,PREY_WIN,1,0,100.0,0.0
1041,-2.2799999999999954,350,0.0,PREY_WIN,1,0,100.0,0.0
1042,-2.209999999999997,350,0.0,PREY_WIN,1,0,100.0,0.0
1043,-2.289999999999995,350,0.0,PREY_WIN,1,0,100.0,0.0
1044,-2.289999999999995,350,0.0,PREY_WIN,1,0,100.0,0.0
1045,-2.249999999999996,350,0.0,PREY_WIN,1,0,100.0,0.0
1046,-2.1899999999999973,350,0.0,PREY_WIN,1,0,100.0,0.0
1047,-2.2299999999999964,350,0.0,PREY_WIN,1,0,100.0,0.0
1048,-2.289999999999995,350,0.0,PREY_WIN,1,0,100.0,0.0
1049,-2.249999999999996,350,0.0,PREY_WIN,1,0,100.0,0.0
1050,-2.209999999999997,350,0.0,PREY_WIN,1,0,100.0,0.0
1051,29.812499999999993,11,0.0,PREDATOR_WIN,0,1,0.0,100.0
1052,-2.299999999999995,350,0.0,PREY_WIN,1,0,100.0,0.0
1053,29.572499999999984,8,0.0,PREDATOR_WIN,0,1,0.0,100.0
1054,-2.2699999999999956,350,0.0,PREY_WIN,1,0,100.0,0.0
1055,29.192499999999985,46,0.0,PREDATOR_WIN,0,1,0.0,99.04249999999982
1056,-2.239999999999996,350,0.0,PREY_WIN,1,0,100.0,0.0
1057,-2.3699999999999934,350,0.0,PREY_WIN,1,0,100.0,0.0
1058,-2.299999999999995,350,0.0,PREY_WIN,1,0,100.0,0.0
1059,29.242499999999993,68,0.0,PREDATOR_WIN,0,1,0.0,83.77249999999995
1060,29.559999999999995,43,0.0,PREDATOR_WIN,0,1,0.0,92.23999999999992
1061,-2.9899999999999802,350,0.0,PREY_WIN,1,0,100.0,0.0
1062,-3.239999999999975,350,0.0,PREY_WIN,1,0,100.0,0.0
1063,-2.7399999999999856,350,0.0,PREY_WIN,1,0,100.0,0.0
1064,-2.6899999999999866,350,0.0,PREY_WIN,1,0,100.0,0.0
1065,29.282499999999995,64,0.0,PREDATOR_WIN,0,1,0.0,83.65249999999997
1066,-3.0599999999999787,350,0.0,PREY_WIN,1,0,100.0,0.0
1067,-2.6399999999999877,350,0.0,PREY_WIN,1,0,100.0,0.0
1068,28.589999999999996,140,0.0,PREDATOR_WIN,0,1,0.0,74.29999999999987
1069,-2.9199999999999817,350,0.0,PREY_WIN,1,0,100.0,0.0
1070,-3.3399999999999728,350,0.0,PREY_WIN,1,0,100.0,0.0
1071,-3.4999999999999694,350,0.0,PREY_WIN,1,1,100.0,2.5000000000001688
1072,-2.479999999999991,350,0.0,PREY_WIN,1,0,100.0,0.0
1073,-2.3799999999999932,350,0.0,PREY_WIN,1,0,100.0,0.0
1074,-2.3699999999999934,350,0.0,PREY_WIN,1,0,100.0,0.0
1075,-2.209999999999997,350,0.0,PREY_WIN,1,0,100.0,0.0
1076,-2.3099999999999947,350,0.0,PREY_WIN,1,0,100.0,0.0
1077,-2.259999999999996,350,0.0,PREY_WIN,1,0,100.0,0.0
1078,29.589999999999996,40,0.0,PREDATOR_WIN,0,1,0.0,93.49999999999993
1079,-2.1899999999999973,350,0.0,PREY_WIN,1,0,100.0,0.0
1080,-2.2199999999999966,350,0.0,PREY_WIN,1,0,100.0,0.0
1081,-2.299999999999995,350,0.0,PREY_WIN,1,0,100.0,0.0
1082,-2.239999999999996,350,0.0,PREY_WIN,1,0,100.0,0.0
1083,-2.1899999999999973,350,0.0,PREY_WIN,1,0,100.0,0.0
1084,-2.209999999999997,350,0.0,PREY_WIN,1,0,100.0,0.0
1085,-2.3299999999999943,350,0.0,PREY_WIN,1,0,100.0,0.0
1086,-2.489999999999991,350,0.0,PREY_WIN,1,0,100.0,0.0
1087,-2.389999999999993,350,0.0,PREY_WIN,1,0,100.0,0.0
1088,-2.199999999999997,350,0.0,PREY_WIN,1,0,100.0,0.0
1089,-2.2699999999999956,350,0.0,PREY_WIN,1,0,100.0,0.0
1090,-2.3599999999999937,350,0.0,PREY_WIN,1,0,100.0,0.0
1091,29.252499999999994,67,0.0,PREDATOR_WIN,0,1,0.0,83.59249999999996
1092,-3.45999999999997,350,0.0,PREY_WIN,1,0,100.0,0.0
1093,29.74499999999999,11,0.0,PREDATOR_WIN,0,1,0.0,100.0
1094,-2.629999999999988,350,0.0,PREY_WIN,1,0,100.0,0.0
1095,-2.239999999999996,350,0.0,PREY_WIN,1,0,100.0,0.0
1096,-2.2299999999999964,350,0.0,PREY_WIN,1,0,100.0,0.0
1097,26.339999999999932,194,0.0,PREDATOR_WIN,0,1,0.0,31.6100000000002
1098,28.542499999999972,78,0.0,PREDATOR_WIN,0,1,0.0,85.8724999999998
1099,-3.4999999999999694,350,0.0,PREY_WIN,1,1,100.0,17.199999999999655
1100,-3.4999999999999694,350,0.0,PREY_WIN,1,1,100.0,14.500000000000165
1101,-3.4999999999999694,350,0.0,PREY_WIN,1,1,100.0,4.3000000000001775
1102,29.919999999999998,7,0.0,PREDATOR_WIN,0,1,0.0,100.0
1103,29.122499999999995,80,0.0,PREDATOR_WIN,0,1,0.0,77.53250000000006
1104,29.169999999999995,82,0.0,PREDATOR_WIN,0,1,0.0,76.76000000000008
1105,-3.4999999999999694,350,0.0,PREY_WIN,1,1,100.0,22.899999999999675
1106,-3.4999999999999694,350,0.0,PREY_WIN,1,1,100.0,16.600000000000346
1107,-3.4999999999999694,350,0.0,PREY_WIN,1,1,100.0,14.50000000000035
1108,28.029999999999994,196,0.0,PREDATOR_WIN,0,1,0.0,64.8799999999999
1109,-3.4999999999999694,350,0.0,PREY_WIN,1,1,100.0,0.10000000000034515
1110,-3.4999999999999694,350,0.0,PREY_WIN,1,1,100.0,2.799999999999928
1111,-3.1599999999999766,350,0.0,PREY_WIN,1,0,100.0,0.0
1112,-2.3599999999999937,350,0.0,PREY_WIN,1,0,100.0,0.0
1113,29.747499999999988,4,0.0,PREDATOR_WIN,0,1,0.0,100.0
1114,28.749999999999996,124,0.0,PREDATOR_WIN,0,1,0.0,72.61999999999998
1115,29.282499999999995,64,0.0,PREDATOR_WIN,0,1,0.0,84.25249999999997
1116,-3.4999999999999694,350,0.0,PREY_WIN,1,1,100.0,15.399999999999988
1117,-3.3899999999999717,350,0.0,PREY_WIN,1,0,100.0,0.0
1118,-2.859999999999983,350,0.0,PREY_WIN,1,0,100.0,0.0
1119,-2.6099999999999883,350,0.0,PREY_WIN,1,0,100.0,0.0
1120,-2.259999999999996,350,0.0,PREY_WIN,1,0,100.0,0.0
1121,-2.4599999999999915,350,0.0,PREY_WIN,1,0,100.0,0.0
1122,-2.6399999999999877,350,0.0,PREY_WIN,1,0,100.0,0.0
1123,27.352500000000006,257,0.0,PREDATOR_WIN,0,1,0.0,33.49250000000028
1124,-3.3899999999999717,350,0.0,PREY_WIN,1,0,100.0,0.0
1125,28.742499999999993,118,0.0,PREDATOR_WIN,0,1,0.0,66.07250000000018
1126,27.552500000000002,237,0.0,PREDATOR_WIN,0,1,0.0,37.092500000000285
1127,-3.4999999999999694,350,0.0,PREY_WIN,1,1,100.0,10.00000000000041
1128,-3.3899999999999717,350,0.0,PREY_WIN,1,0,100.0,0.0
1129,-2.289999999999995,350,0.0,PREY_WIN,1,0,100.0,0.0
1130,-2.209999999999997,350,0.0,PREY_WIN,1,0,100.0,0.0
1131,-2.909999999999982,350,0.0,PREY_WIN,1,0,100.0,0.0
1132,28.189999999999994,180,0.0,PREDATOR_WIN,0,1,0.0,39.80000000000024
1133,-3.45999999999997,350,0.0,PREY_WIN,1,0,97.56999999999991,0.0
1134,-3.00999999999998,350,0.0,PREY_WIN,1,0,100.0,0.0
1135,-2.9899999999999802,350,0.0,PREY_WIN,1,0,100.0,0.0
1136,-3.4399999999999706,350,0.0,PREY_WIN,1,0,100.0,0.0
1137,-3.1599999999999766,350,0.0,PREY_WIN,1,0,100.0,0.0
1138,28.989999999999995,100,0.0,PREDATOR_WIN,0,1,0.0,71.00000000000013
1139,-3.3599999999999723,350,0.0,PREY_WIN,1,0,100.0,0.0
1140,-3.4999999999999694,350,0.0,PREY_WIN,1,1,100.0,7.600000000000183
1141,-2.9399999999999813,350,0.0,PREY_WIN,1,0,100.0,0.0
1142,-2.429999999999992,350,0.0,PREY_WIN,1,0,100.0,0.0
1143,29.657499999999988,13,0.0,PREDATOR_WIN,0,1,0.0,100.0
1144,-2.389999999999993,350,0.0,PREY_WIN,1,0,100.0,0.0
1145,29.702499999999993,22,0.0,PREDATOR_WIN,0,1,0.0,100.0
1146,29.862499999999994,6,0.0,PREDATOR_WIN,0,1,0.0,100.0
1147,-3.3399999999999728,350,0.0,PREY_WIN,1,0,100.0,0.0
1148,-3.089999999999978,350,0.0,PREY_WIN,1,0,100.0,0.0
1149,29.292499999999993,63,0.0,PREDATOR_WIN,0,1,0.0,84.37249999999996
1150,27.370000000000008,262,0.0,PREDATOR_WIN,0,1,0.0,54.8599999999998
1151,-3.4499999999999704,350,0.0,PREY_WIN,1,0,100.0,0.0
1152,-3.4999999999999694,350,0.0,PREY_WIN,1,1,100.0,1.6000000000003396
1153,-2.909999999999982,350,0.0,PREY_WIN,1,0,100.0,0.0
1154,28.089999999999996,190,0.0,PREDATOR_WIN,0,1,0.0,46.1000000000002
1155,-2.4099999999999926,350,0.0,PREY_WIN,1,0,100.0,0.0
1156,-2.8899999999999824,350,0.0,PREY_WIN,1,0,100.0,0.0
1157,-3.3599999999999723,350,0.0,PREY_WIN,1,0,100.0,0.0
1158,-3.149999999999977,350,0.0,PREY_WIN,1,0,100.0,0.0
1159,29.45499999999999,40,0.0,PREDATOR_WIN,0,1,0.0,97.56499999999988
1160,-3.3399999999999728,350,0.0,PREY_WIN,1,0,100.0,0.0
1161,-2.9299999999999815,350,0.0,PREY_WIN,1,0,100.0,0.0
1162,-2.759999999999985,350,0.0,PREY_WIN,1,0,100.0,0.0
1163,-2.209999999999997,350,0.0,PREY_WIN,1,0,100.0,0.0
1164,-2.1799999999999975,350,0.0,PREY_WIN,1,0,100.0,0.0
1165,-2.209999999999997,350,0.0,PREY_WIN,1,0,100.0,0.0
1166,-2.259999999999996,350,0.0,PREY_WIN,1,0,100.0,0.0
1167,29.062499999999993,86,0.0,PREDATOR_WIN,0,1,0.0,77.41250000000002
1168,-2.6899999999999866,350,0.0,PREY_WIN,1,0,100.0,0.0
1169,27.04250000000001,288,0.0,PREDATOR_WIN,0,1,0.0,50.77250000000002
1170,-3.4999999999999694,350,0.0,PREY_WIN,1,1,100.0,18.700000000000138
1171,-3.4999999999999694,350,0.0,PREY_WIN,1,1,100.0,21.4000000000002
1172,-2.4999999999999907,350,0.0,PREY_WIN,1,0,100.0,0.0
1173,-2.389999999999993,350,0.0,PREY_WIN,1,0,100.0,0.0
1174,-2.439999999999992,350,0.0,PREY_WIN,1,0,100.0,0.0
1175,-2.289999999999995,350,0.0,PREY_WIN,1,0,100.0,0.0
1176,-2.429999999999992,350,0.0,PREY_WIN,1,0,100.0,0.0
1177,-2.53999999999999,350,0.0,PREY_WIN,1,0,100.0,0.0
1178,-2.209999999999997,350,0.0,PREY_WIN,1,0,100.0,0.0
1179,29.979999999999997,1,0.0,PREDATOR_WIN,0,1,0.0,100.0
1180,-2.439999999999992,350,0.0,PREY_WIN,1,0,100.0,0.0
1181,-2.209999999999997,350,0.0,PREY_WIN,1,0,100.0,0.0
1182,-2.1799999999999975,350,0.0,PREY_WIN,1,0,100.0,0.0
1183,-2.209999999999997,350,0.0,PREY_WIN,1,0,100.0,0.0
1184,29.784999999999993,7,0.0,PREDATOR_WIN,0,1,0.0,100.0
1185,-2.5099999999999905,350,0.0,PREY_WIN,1,0,100.0,0.0
1186,-2.3199999999999945,350,0.0,PREY_WIN,1,0,100.0,0.0
1187,-2.6599999999999873,350,0.0,PREY_WIN,1,0,100.0,0.0
1188,-2.6099999999999883,350,0.0,PREY_WIN,1,0,100.0,0.0
1189,-2.439999999999992,350,0.0,PREY_WIN,1,0,100.0,0.0
1190,-2.149999999999998,350,0.0,PREY_WIN,1,0,100.0,0.0
1191,29.77499999999999,8,0.0,PREDATOR_WIN,0,1,0.0,100.0
1192,-2.289999999999995,350,0.0,PREY_WIN,1,0,100.0,0.0
1193,-2.1899999999999973,350,0.0,PREY_WIN,1,0,100.0,0.0
1194,-2.159999999999998,350,0.0,PREY_WIN,1,0,100.0,0.0
1195,-2.389999999999993,350,0.0,PREY_WIN,1,0,100.0,0.0
1196,-2.429999999999992,350,0.0,PREY_WIN,1,0,100.0,0.0
1197,-2.4199999999999924,350,0.0,PREY_WIN,1,0,100.0,0.0
1198,-2.3599999999999937,350,0.0,PREY_WIN,1,0,100.0,0.0
1199,-2.209999999999997,350,0.0,PREY_WIN,1,0,100.0,0.0
1200,-2.2199999999999966,350,0.0,PREY_WIN,1,0,100.0,0.0
1201,-2.4499999999999917,350,0.0,PREY_WIN,1,0,100.0,0.0
1202,-2.149999999999998,350,0.0,PREY_WIN,1,0,100.0,0.0
1203,-2.489999999999991,350,0.0,PREY_WIN,1,0,100.0,0.0
1204,-2.239999999999996,350,0.0,PREY_WIN,1,0,100.0,0.0
1205,-2.239999999999996,350,0.0,PREY_WIN,1,0,100.0,0.0
1206,-2.8899999999999824,350,0.0,PREY_WIN,1,0,100.0,0.0
1207,-3.3599999999999723,350,0.0,PREY_WIN,1,0,100.0,0.0
1208,29.099999999999998,89,0.0,PREDATOR_WIN,0,1,0.0,77.12
1209,-3.4999999999999694,350,0.0,PREY_WIN,1,1,100.0,15.400000000000366
1210,-3.4999999999999694,350,0.0,PREY_WIN,1,1,100.0,26.200000000000497
1211,-3.4999999999999694,350,0.0,PREY_WIN,1,1,100.0,27.700000000000063
1212,-3.4999999999999694,350,0.0,PREY_WIN,1,1,100.0,15.400000000000356
1213,-3.4999999999999694,350,0.0,PREY_WIN,1,1,100.0,6.400000000000076
1214,-2.5999999999999885,350,0.0,PREY_WIN,1,0,100.0,0.0
1215,-3.3099999999999734,350,0.0,PREY_WIN,1,0,100.0,0.0
1216,-2.4599999999999915,350,0.0,PREY_WIN,1,0,100.0,0.0
1217,-2.6499999999999875,350,0.0,PREY_WIN,1,0,100.0,0.0
1218,29.852499999999996,7,0.0,PREDATOR_WIN,0,1,0.0,100.0
1219,-2.5999999999999885,350,0.0,PREY_WIN,1,0,100.0,0.0
1220,-2.5199999999999902,350,0.0,PREY_WIN,1,0,100.0,0.0
1221,-2.259999999999996,350,0.0,PREY_WIN,1,0,100.0,0.0
1222,-2.3599999999999937,350,0.0,PREY_WIN,1,0,100.0,0.0
1223,29.43749999999999,35,0.0,PREDATOR_WIN,0,1,0.0,96.59749999999991
1224,-2.4599999999999915,350,0.0,PREY_WIN,1,0,100.0,0.0
1225,-3.4999999999999694,350,0.0,PREY_WIN,1,1,100.0,1.3000000000000458
1226,28.139999999999997,185,0.0,PREDATOR_WIN,0,1,0.0,83.29999999999936
1227,-2.8399999999999834,350,0.0,PREY_WIN,1,0,100.0,0.0
1228,-3.1199999999999775,350,0.0,PREY_WIN,1,0,100.0,0.0
1229,-2.6499999999999875,350,0.0,PREY_WIN,1,0,100.0,0.0
1230,-3.4999999999999694,350,0.0,PREY_WIN,1,1,99.72999999999999,2.199999999999771
1231,-2.239999999999996,350,0.0,PREY_WIN,1,0,100.0,0.0
1232,29.652499999999993,27,0.0,PREDATOR_WIN,0,1,0.0,100.0
1233,-3.3599999999999723,350,0.0,PREY_WIN,1,0,100.0,0.0
1234,-3.45999999999997,350,0.0,PREY_WIN,1,0,100.0,0.0
1235,29.652499999999993,27,0.0,PREDATOR_WIN,0,1,0.0,98.89249999999996
1236,27.7125,221,0.0,PREDATOR_WIN,0,1,0.0,63.912500000000186
1237,-3.1599999999999766,350,0.0,PREY_WIN,1,0,100.0,0.0
1238,-2.6899999999999866,350,0.0,PREY_WIN,1,0,100.0,0.0
1239,-3.369999999999972,350,0.0,PREY_WIN,1,0,100.0,0.0
1240,-2.5899999999999888,350,0.0,PREY_WIN,1,0,100.0,0.0
1241,-2.199999999999997,350,0.0,PREY_WIN,1,0,100.0,0.0
1242,29.139999999999997,85,0.0,PREDATOR_WIN,0,1,0.0,77.60000000000002
1243,-2.6599999999999873,350,0.0,PREY_WIN,1,0,100.0,0.0
1244,29.892499999999995,3,0.0,PREDATOR_WIN,0,1,0.0,100.0
1245,-3.4999999999999694,350,0.0,PREY_WIN,1,1,100.0,0.39999999999995833
1246,27.057499999999987,246,0.0,PREDATOR_WIN,0,1,0.0,33.20750000000007
1247,-3.4999999999999694,350,0.0,PREY_WIN,1,1,100.0,3.4000000000003165
1248,-3.0599999999999787,350,0.0,PREY_WIN,1,0,100.0,0.0
1249,-2.5499999999999896,350,0.0,PREY_WIN,1,0,100.0,0.0
1250,-2.6399999999999877,350,0.0,PREY_WIN,1,0,100.0,0.0
1251,29.752499999999994,17,0.0,PREDATOR_WIN,0,1,0.0,100.0
1252,-2.339999999999994,350,0.0,PREY_WIN,1,0,100.0,0.0
1253,-2.3099999999999947,350,0.0,PREY_WIN,1,0,100.0,0.0
1254,-2.1199999999999988,350,0.0,PREY_WIN,1,0,100.0,0.0
1255,28.232499999999995,169,0.0,PREDATOR_WIN,0,1,0.0,46.45250000000024
1256,-2.6499999999999875,350,0.0,PREY_WIN,1,0,100.0,0.0
1257,29.902499999999993,2,0.0,PREDATOR_WIN,0,1,0.0,100.0
1258,-3.4999999999999694,350,0.0,PREY_WIN,1,1,100.0,5.800000000000304
1259,-3.419999999999971,350,0.0,PREY_WIN,1,0,100.0,0.0
1260,-2.159999999999998,350,0.0,PREY_WIN,1,0,100.0,0.0
1261,-2.3299999999999943,350,0.0,PREY_WIN,1,0,100.0,0.0
1262,-2.2699999999999956,350,0.0,PREY_WIN,1,0,100.0,0.0
1263,-2.149999999999998,350,0.0,PREY_WIN,1,0,100.0,0.0
1264,-2.2299999999999964,350,0.0,PREY_WIN,1,0,100.0,0.0
1265,-2.1899999999999973,350,0.0,PREY_WIN,1,0,100.0,0.0
1266,-2.2299999999999964,350,0.0,PREY_WIN,1,0,100.0,0.0
1267,29.712499999999995,21,0.0,PREDATOR_WIN,0,1,0.0,100.0
1268,-2.5099999999999905,350,0.0,PREY_WIN,1,0,100.0,0.0
1269,-2.6999999999999864,350,0.0,PREY_WIN,1,0,100.0,0.0
1270,-2.579999999999989,350,0.0,PREY_WIN,1,0,100.0,0.0
1271,-2.7899999999999845,350,0.0,PREY_WIN,1,0,100.0,0.0
1272,-2.7899999999999845,350,0.0,PREY_WIN,1,0,100.0,0.0
1273,-2.5899999999999888,350,0.0,PREY_WIN,1,0,100.0,0.0
1274,-2.709999999999986,350,0.0,PREY_WIN,1,0,100.0,0.0
1275,-2.4699999999999913,350,0.0,PREY_WIN,1,0,100.0,0.0
1276,-2.4599999999999915,350,0.0,PREY_WIN,1,0,100.0,0.0
1277,-2.209999999999997,350,0.0,PREY_WIN,1,0,100.0,0.0
1278,-2.209999999999997,350,0.0,PREY_WIN,1,0,100.0,0.0
1279,-2.159999999999998,350,0.0,PREY_WIN,1,0,100.0,0.0
1280,-2.1899999999999973,350,0.0,PREY_WIN,1,0,100.0,0.0
1281,-2.4599999999999915,350,0.0,PREY_WIN,1,0,100.0,0.0
1282,28.749999999999996,124,0.0,PREDATOR_WIN,0,1,0.0,60.62000000000026
1283,-3.289999999999974,350,0.0,PREY_WIN,1,0,100.0,0.0
1284,-3.4999999999999694,350,0.0,PREY_WIN,1,1,100.0,17.8000000000004
1285,-3.189999999999976,350,0.0,PREY_WIN,1,0,100.0,0.0
1286,-3.4999999999999694,350,0.0,PREY_WIN,1,1,100.0,2.199999999999994
1287,-2.5499999999999896,350,0.0,PREY_WIN,1,0,100.0,0.0
1288,-2.709999999999986,350,0.0,PREY_WIN,1,0,100.0,0.0
1289,-2.6399999999999877,350,0.0,PREY_WIN,1,0,100.0,0.0
1290,-2.239999999999996,350,0.0,PREY_WIN,1,0,100.0,0.0
1291,28.902499999999993,102,0.0,PREDATOR_WIN,0,1,0.0,71.89250000000007
1292,-2.5199999999999902,350,0.0,PREY_WIN,1,0,100.0,0.0
1293,-3.4999999999999694,350,0.0,PREY_WIN,1,1,100.0,9.700000000000145
1294,-3.3599999999999723,350,0.0,PREY_WIN,1,0,100.0,0.0
1295,-2.259999999999996,350,0.0,PREY_WIN,1,0,100.0,0.0
1296,-2.389999999999993,350,0.0,PREY_WIN,1,0,100.0,0.0
1297,-2.4199999999999924,350,0.0,PREY_WIN,1,0,100.0,0.0
1298,-2.2699999999999956,350,0.0,PREY_WIN,1,0,100.0,0.0
1299,-2.239999999999996,350,0.0,PREY_WIN,1,0,100.0,0.0
1300,-2.429999999999992,350,0.0,PREY_WIN,1,0,100.0,0.0
1301,29.72749999999999,6,0.0,PREDATOR_WIN,0,1,0.0,100.0
1302,-2.299999999999995,350,0.0,PREY_WIN,1,0,100.0,0.0
1303,-2.2299999999999964,350,0.0,PREY_WIN,1,0,100.0,0.0
1304,-2.249999999999996,350,0.0,PREY_WIN,1,0,100.0,0.0
1305,-2.2699999999999956,350,0.0,PREY_WIN,1,0,100.0,0.0
1306,-2.339999999999994,350,0.0,PREY_WIN,1,0,100.0,0.0
1307,-2.259999999999996,350,0.0,PREY_WIN,1,0,100.0,0.0
1308,28.799999999999986,92,0.0,PREDATOR_WIN,0,1,0.0,75.89000000000004
1309,-2.5199999999999902,350,0.0,PREY_WIN,1,0,100.0,0.0
1310,-3.4999999999999694,350,0.0,PREY_WIN,1,1,100.0,19.299999999999986
1311,-3.4999999999999694,350,0.0,PREY_WIN,1,1,100.0,0.0999999999997569
1312,-2.7999999999999843,350,0.0,PREY_WIN,1,0,100.0,0.0
1313,-2.6599999999999873,350,0.0,PREY_WIN,1,0,100.0,0.0
1314,-2.5599999999999894,350,0.0,PREY_WIN,1,0,100.0,0.0
1315,29.74499999999999,11,0.0,PREDATOR_WIN,0,1,0.0,100.0
1316,-2.709999999999986,350,0.0,PREY_WIN,1,0,100.0,0.0
1317,-2.569999999999989,350,0.0,PREY_WIN,1,0,100.0,0.0
1318,-2.2199999999999966,350,0.0,PREY_WIN,1,0,100.0,0.0
1319,-2.6399999999999877,350,0.0,PREY_WIN,1,0,100.0,0.0
1320,29.369999999999997,62,0.0,PREDATOR_WIN,0,1,0.0,84.25999999999998
1321,-3.46999999999997,350,0.0,PREY_WIN,1,0,100.0,0.0
1322,-2.579999999999989,350,0.0,PREY_WIN,1,0,100.0,0.0
1323,28.992499999999993,93,0.0,PREDATOR_WIN,0,1,0.0,83.77249999999981
1324,-3.00999999999998,350,0.0,PREY_WIN,1,0,100.0,0.0
1325,29.12749999999998,39,0.0,PREDATOR_WIN,0,1,0.0,93.74749999999992
1326,-2.7899999999999845,350,0.0,PREY_WIN,1,0,100.0,0.0
1327,27.842499999999994,208,0.0,PREDATOR_WIN,0,1,0.0,66.67249999999981
1328,-3.4999999999999694,350,0.0,PREY_WIN,1,1,100.0,18.40000000000013
1329,-3.45999999999997,350,0.0,PREY_WIN,1,0,100.0,0.0
1330,-2.339999999999994,350,0.0,PREY_WIN,1,0,100.0,0.0
1331,29.269999999999996,72,0.0,PREDATOR_WIN,0,1,0.0,80.06000000000003
1332,-3.4999999999999694,350,0.0,PREY_WIN,1,1,100.0,18.70000000000029
1333,-3.4999999999999694,350,0.0,PREY_WIN,1,1,100.0,6.1000000000002546
1334,29.842499999999994,8,0.0,PREDATOR_WIN,0,1,0.0,100.0
1335,-3.2499999999999747,350,0.0,PREY_WIN,1,0,100.0,0.0
1336,-2.53999999999999,350,0.0,PREY_WIN,1,0,100.0,0.0
1337,-2.3599999999999937,350,0.0,PREY_WIN,1,0,100.0,0.0
1338,-2.349999999999994,350,0.0,PREY_WIN,1,0,100.0,0.0
1339,-2.1899999999999973,350,0.0,PREY_WIN,1,0,100.0,0.0
1340,29.742499999999993,18,0.0,PREDATOR_WIN,0,1,0.0,100.0
1341,-2.2199999999999966,350,0.0,PREY_WIN,1,0,100.0,0.0
1342,-2.389999999999993,350,0.0,PREY_WIN,1,0,100.0,0.0
1343,-2.439999999999992,350,0.0,PREY_WIN,1,0,100.0,0.0
1344,-2.5599999999999894,350,0.0,PREY_WIN,1,0,100.0,0.0
1345,-2.249999999999996,350,0.0,PREY_WIN,1,0,100.0,0.0
1346,-2.339999999999994,350,0.0,PREY_WIN,1,0,100.0,0.0
1347,29.824999999999992,3,0.0,PREDATOR_WIN,0,1,0.0,100.0
1348,-2.2199999999999966,350,0.0,PREY_WIN,1,0,100.0,0.0
1349,-2.2799999999999954,350,0.0,PREY_WIN,1,0,100.0,0.0
1350,27.47999999999994,107,0.0,PREDATOR_WIN,0,1,0.0,88.21999999999953
1351,29.669999999999987,5,0.0,PREDATOR_WIN,0,1,0.0,100.0
1352,-2.3099999999999947,350,0.0,PREY_WIN,1,0,100.0,0.0
1353,29.902499999999993,2,0.0,PREDATOR_WIN,0,1,0.0,100.0
1354,-3.00999999999998,350,0.0,PREY_WIN,1,0,100.0,0.0
1355,28.062499999999993,186,0.0,PREDATOR_WIN,0,1,0.0,47.412500000000186
1356,-2.809999999999984,350,0.0,PREY_WIN,1,0,100.0,0.0
1357,-3.4099999999999713,350,0.0,PREY_WIN,1,0,100.0,0.0
1358,-3.4499999999999704,350,0.0,PREY_WIN,1,0,100.0,0.0
1359,-3.4999999999999694,350,0.0,PREY_WIN,1,1,100.0,6.700000000000268
1360,-3.00999999999998,350,0.0,PREY_WIN,1,0,99.72999999999999,0.0
1361,-2.5899999999999888,350,0.0,PREY_WIN,1,0,100.0,0.0
1362,-2.7899999999999845,350,0.0,PREY_WIN,1,0,100.0,0.0
1363,-3.3399999999999728,350,0.0,PREY_WIN,1,0,100.0,0.0
1364,-3.2099999999999755,350,0.0,PREY_WIN,1,0,100.0,0.0
1365,-3.4999999999999694,350,0.0,PREY_WIN,1,1,100.0,2.8000000000003453
1366,-2.669999999999987,350,0.0,PREY_WIN,1,0,100.0,0.0
1367,-2.1899999999999973,350,0.0,PREY_WIN,1,0,100.0,0.0
1368,-2.239999999999996,350,0.0,PREY_WIN,1,0,100.0,0.0
1369,29.892499999999995,3,0.0,PREDATOR_WIN,0,1,0.0,100.0
1370,-2.209999999999997,350,0.0,PREY_WIN,1,0,100.0,0.0
1371,-2.259999999999996,350,0.0,PREY_WIN,1,0,100.0,0.0
1372,-2.1899999999999973,350,0.0,PREY_WIN,1,0,100.0,0.0
1373,-2.339999999999994,350,0.0,PREY_WIN,1,0,100.0,0.0
1374,-2.239999999999996,350,0.0,PREY_WIN,1,0,100.0,0.0
1375,-2.239999999999996,350,0.0,PREY_WIN,1,0,100.0,0.0
1376,-2.2199999999999966,350,0.0,PREY_WIN,1,0,100.0,0.0
1377,-2.239999999999996,350,0.0,PREY_WIN,1,0,100.0,0.0
1378,-2.5599999999999894,350,0.0,PREY_WIN,1,0,100.0,0.0
1379,29.81499999999999,4,0.0,PREDATOR_WIN,0,1,0.0,100.0
1380,29.969999999999995,2,0.0,PREDATOR_WIN,0,1,0.0,100.0
1381,27.10249999999993,117,0.0,PREDATOR_WIN,0,1,0.0,82.54249999999962
1382,28.652499999999954,19,0.0,PREDATOR_WIN,0,1,0.0,100.0
1383,-3.1299999999999772,350,0.0,PREY_WIN,1,0,100.0,0.0
1384,-3.1099999999999777,350,0.0,PREY_WIN,1,0,100.0,0.0
1385,-3.3099999999999734,350,0.0,PREY_WIN,1,0,100.0,0.0
1386,-2.4499999999999917,350,0.0,PREY_WIN,1,0,100.0,0.0
1387,-2.159999999999998,350,0.0,PREY_WIN,1,0,100.0,0.0
1388,29.369999999999997,62,0.0,PREDATOR_WIN,0,1,0.0,84.25999999999998
1389,-3.0799999999999783,350,0.0,PREY_WIN,1,0,100.0,0.0
1390,-2.569999999999989,350,0.0,PREY_WIN,1,0,100.0,0.0
1391,29.734999999999992,12,0.0,PREDATOR_WIN,0,1,0.0,100.0
1392,-2.53999999999999,350,0.0,PREY_WIN,1,0,100.0,0.0
1393,-2.4699999999999913,350,0.0,PREY_WIN,1,0,100.0,0.0
1394,-2.4199999999999924,350,0.0,PREY_WIN,1,0,100.0,0.0
1395,-2.4199999999999924,350,0.0,PREY_WIN,1,0,100.0,0.0
1396,-2.239999999999996,350,0.0,PREY_WIN,1,0,100.0,0.0
1397,-2.6099999999999883,350,0.0,PREY_WIN,1,0,100.0,0.0
1398,-2.5199999999999902,350,0.0,PREY_WIN,1,0,100.0,0.0
1399,-2.249999999999996,350,0.0,PREY_WIN,1,0,100.0,0.0
1400,-2.249999999999996,350,0.0,PREY_WIN,1,0,100.0,0.0
1401,-2.259999999999996,350,0.0,PREY_WIN,1,0,100.0,0.0
1402,29.83,16,0.0,PREDATOR_WIN,0,1,0.0,100.0
1403,-2.1899999999999973,350,0.0,PREY_WIN,1,0,100.0,0.0
1404,29.802499999999995,12,0.0,PREDATOR_WIN,0,1,0.0,100.0
1405,-2.209999999999997,350,0.0,PREY_WIN,1,0,100.0,0.0
1406,29.799999999999997,19,0.0,PREDATOR_WIN,0,1,0.0,100.0
1407,-2.389999999999993,350,0.0,PREY_WIN,1,0,100.0,0.0
1408,-2.1799999999999975,350,0.0,PREY_WIN,1,0,100.0,0.0
1409,-2.1699999999999977,350,0.0,PREY_WIN,1,0,100.0,0.0
1410,-2.2699999999999956,350,0.0,PREY_WIN,1,0,100.0,0.0
1411,29.882499999999993,4,0.0,PREDATOR_WIN,0,1,0.0,100.0
1412,-2.159999999999998,350,0.0,PREY_WIN,1,0,100.0,0.0
1413,-2.53999999999999,350,0.0,PREY_WIN,1,0,100.0,0.0
1414,-2.209999999999997,350,0.0,PREY_WIN,1,0,100.0,0.0
1415,29.764999999999993,9,0.0,PREDATOR_WIN,0,1,0.0,100.0
1416,-2.199999999999997,350,0.0,PREY_WIN,1,0,100.0,0.0
1417,-2.4499999999999917,350,0.0,PREY_WIN,1,0,100.0,0.0
1418,-2.3299999999999943,350,0.0,PREY_WIN,1,0,100.0,0.0
1419,-2.1899999999999973,350,0.0,PREY_WIN,1,0,100.0,0.0
1420,-2.349999999999994,350,0.0,PREY_WIN,1,0,100.0,0.0
1421,-2.299999999999995,350,0.0,PREY_WIN,1,0,100.0,0.0
1422,-2.3799999999999932,350,0.0,PREY_WIN,1,0,100.0,0.0
1423,-2.339999999999994,350,0.0,PREY_WIN,1,0,100.0,0.0
1424,29.839999999999996,15,0.0,PREDATOR_WIN,0,1,0.0,100.0
1425,29.319999999999975,10,0.0,PREDATOR_WIN,0,1,0.0,100.0
1426,-2.53999999999999,350,0.0,PREY_WIN,1,0,100.0,0.0
1427,29.152499999999993,77,0.0,PREDATOR_WIN,0,1,0.0,79.9925
1428,28.86749999999999,92,0.0,PREDATOR_WIN,0,1,0.0,73.55750000000009
1429,-3.189999999999976,350,0.0,PREY_WIN,1,0,100.0,0.0
1430,-3.4999999999999694,350,0.0,PREY_WIN,1,1,100.0,22.299999999999713
1431,-2.8399999999999834,350,0.0,PREY_WIN,1,0,100.0,0.0
1432,-2.8399999999999834,350,0.0,PREY_WIN,1,0,100.0,0.0
1433,-2.9899999999999802,350,0.0,PREY_WIN,1,0,100.0,0.0
1434,-2.7899999999999845,350,0.0,PREY_WIN,1,0,100.0,0.0
1435,27.85749999999995,85,0.0,PREDATOR_WIN,0,1,0.0,74.51750000000003
1436,29.662499999999994,26,0.0,PREDATOR_WIN,0,1,0.0,99.31249999999994
1437,-3.039999999999979,350,0.0,PREY_WIN,1,0,100.0,0.0
1438,29.592499999999994,33,0.0,PREDATOR_WIN,0,1,0.0,100.0
1439,28.419999999999995,157,0.0,PREDATOR_WIN,0,1,0.0,69.56000000000003
1440,-3.289999999999974,350,0.0,PREY_WIN,1,0,100.0,0.0
1441,28.667499999999976,82,0.0,PREDATOR_WIN,0,1,0.0,77.15750000000006
1442,28.249999999999996,174,0.0,PREDATOR_WIN,0,1,0.0,78.61999999999968
1443,29.63499999999999,22,0.0,PREDATOR_WIN,0,1,0.0,100.0
1444,-2.709999999999986,350,0.0,PREY_WIN,1,0,100.0,0.0
1445,-3.0799999999999783,350,0.0,PREY_WIN,1,0,100.0,0.0
1446,-2.899999999999982,350,0.0,PREY_WIN,1,0,100.0,0.0
1447,-3.2699999999999743,350,0.0,PREY_WIN,1,0,100.0,0.0
1448,-3.039999999999979,350,0.0,PREY_WIN,1,0,100.0,0.0
1449,-2.479999999999991,350,0.0,PREY_WIN,1,0,100.0,0.0
1450,-2.859999999999983,350,0.0,PREY_WIN,1,0,100.0,0.0
1451,-2.8399999999999834,350,0.0,PREY_WIN,1,0,100.0,0.0
1452,-2.5599999999999894,350,0.0,PREY_WIN,1,0,100.0,0.0
1453,28.43999999999998,116,0.0,PREDATOR_WIN,0,1,0.0,67.49000000000017
1454,-2.849999999999983,350,0.0,PREY_WIN,1,0,100.0,0.0
1455,28.37499999999999,148,0.0,PREDATOR_WIN,0,1,0.0,63.605000000000075
1456,-3.1699999999999764,350,0.0,PREY_WIN,1,0,100.0,0.0
1457,-2.859999999999983,350,0.0,PREY_WIN,1,0,100.0,0.0
1458,-2.259999999999996,350,0.0,PREY_WIN,1,0,100.0,0.0
1459,-2.6099999999999883,350,0.0,PREY_WIN,1,0,100.0,0.0
1460,-2.109999999999999,350,0.0,PREY_WIN,1,0,100.0,0.0
1461,-2.289999999999995,350,0.0,PREY_WIN,1,0,100.0,0.0
1462,-2.209999999999997,350,0.0,PREY_WIN,1,0,100.0,0.0
1463,-2.199999999999997,350,0.0,PREY_WIN,1,0,100.0,0.0
1464,29.359999999999996,63,0.0,PREDATOR_WIN,0,1,0.0,86.5399999999999
1465,-2.399999999999993,350,0.0,PREY_WIN,1,0,100.0,0.0
1466,-2.759999999999985,350,0.0,PREY_WIN,1,0,100.0,0.0
1467,-3.2599999999999745,350,0.0,PREY_WIN,1,0,100.0,0.0
1468,-2.6599999999999873,350,0.0,PREY_WIN,1,0,100.0,0.0
1469,28.542499999999993,138,0.0,PREDATOR_WIN,0,1,0.0,58.57250000000026
1470,-3.279999999999974,350,0.0,PREY_WIN,1,0,100.0,0.0
1471,-3.3899999999999717,350,0.0,PREY_WIN,1,0,100.0,0.0
1472,-3.4999999999999694,350,0.0,PREY_WIN,1,1,100.0,5.2000000000001965
1473,-3.419999999999971,350,0.0,PREY_WIN,1,0,100.0,0.0
1474,-2.949999999999981,350,0.0,PREY_WIN,1,0,100.0,0.0
1475,-2.4099999999999926,350,0.0,PREY_WIN,1,0,100.0,0.0
1476,-2.259999999999996,350,0.0,PREY_WIN,1,0,100.0,0.0
1477,-2.399999999999993,350,0.0,PREY_WIN,1,0,100.0,0.0
1478,28.429999999999996,156,0.0,PREDATOR_WIN,0,1,0.0,53.18000000000025
1479,-3.0699999999999785,350,0.0,PREY_WIN,1,0,100.0,0.0
1480,-3.189999999999976,350,0.0,PREY_WIN,1,0,100.0,0.0
1481,-2.849999999999983,350,0.0,PREY_WIN,1,0,100.0,0.0
1482,-2.289999999999995,350,0.0,PREY_WIN,1,0,100.0,0.0
1483,-2.9699999999999807,350,0.0,PREY_WIN,1,0,100.0,0.0
1484,-2.439999999999992,350,0.0,PREY_WIN,1,0,100.0,0.0
1485,-2.389999999999993,350,0.0,PREY_WIN,1,0,100.0,0.0
1486,27.650000000000002,234,0.0,PREDATOR_WIN,0,1,0.0,35.4200000000003
1487,28.559999999999985,116,0.0,PREDATOR_WIN,0,1,0.0,66.11000000000016
1488,-3.1599999999999766,350,0.0,PREY_WIN,1,0,100.0,0.0
1489,-3.1099999999999777,350,0.0,PREY_WIN,1,0,100.0,0.0
1490,-3.4999999999999694,350,0.0,PREY_WIN,1,1,100.0,0.7000000000000284
1491,-2.959999999999981,350,0.0,PREY_WIN,1,0,100.0,0.0
1492,-2.5999999999999885,350,0.0,PREY_WIN,1,0,100.0,0.0
1493,-2.489999999999991,350,0.0,PREY_WIN,1,0,100.0,0.0
1494,-2.4099999999999926,350,0.0,PREY_WIN,1,0,100.0,0.0
1495,-2.4599999999999915,350,0.0,PREY_WIN,1,0,100.0,0.0
1496,-2.1899999999999973,350,0.0,PREY_WIN,1,0,100.0,0.0
1497,-2.3699999999999934,350,0.0,PREY_WIN,1,0,100.0,0.0
1498,-2.2199999999999966,350,0.0,PREY_WIN,1,0,100.0,0.0
1499,-2.209999999999997,350,0.0,PREY_WIN,1,0,100.0,0.0
1500,-2.209999999999997,350,0.0,PREY_WIN,1,0,100.0,0.0
1501,-2.2299999999999964,350,0.0,PREY_WIN,1,0,100.0,0.0
1502,-2.3799999999999932,350,0.0,PREY_WIN,1,0,100.0,0.0
1503,-2.1899999999999973,350,0.0,PREY_WIN,1,0,100.0,0.0
1504,-2.289999999999995,350,0.0,PREY_WIN,1,0,100.0,0.0
1505,-2.3799999999999932,350,0.0,PREY_WIN,1,0,100.0,0.0
1506,-2.3299999999999943,350,0.0,PREY_WIN,1,0,100.0,0.0
1507,-2.209999999999997,350,0.0,PREY_WIN,1,0,100.0,0.0
1508,-2.1899999999999973,350,0.0,PREY_WIN,1,0,100.0,0.0
1509,-2.259999999999996,350,0.0,PREY_WIN,1,0,100.0,0.0
1510,-2.239999999999996,350,0.0,PREY_WIN,1,0,100.0,0.0
1511,-2.1899999999999973,350,0.0,PREY_WIN,1,0,100.0,0.0
1512,29.969999999999995,2,0.0,PREDATOR_WIN,0,1,0.0,100.0
1513,-2.239999999999996,350,0.0,PREY_WIN,1,0,100.0,0.0
1514,-2.159999999999998,350,0.0,PREY_WIN,1,0,100.0,0.0
1515,-2.439999999999992,350,0.0,PREY_WIN,1,0,100.0,0.0
1516,-2.159999999999998,350,0.0,PREY_WIN,1,0,100.0,0.0
1517,-2.4599999999999915,350,0.0,PREY_WIN,1,0,100.0,0.0
1518,-3.039999999999979,350,0.0,PREY_WIN,1,0,100.0,0.0
1519,-2.429999999999992,350,0.0,PREY_WIN,1,0,100.0,0.0
1520,28.629999999999995,136,0.0,PREDATOR_WIN,0,1,0.0,61.88000000000023
1521,29.312499999999993,61,0.0,PREDATOR_WIN,0,1,0.0,84.91249999999997
1522,-3.039999999999979,350,0.0,PREY_WIN,1,0,100.0,0.0
1523,-3.4999999999999694,350,0.0,PREY_WIN,1,1,100.0,20.499999999999968
1524,-3.2099999999999755,350,0.0,PREY_WIN,1,0,100.0,0.0
1525,-2.349999999999994,350,0.0,PREY_WIN,1,0,99.72999999999999,0.0
1526,-2.5899999999999888,350,0.0,PREY_WIN,1,0,100.0,0.0
1527,29.022499999999994,90,0.0,PREDATOR_WIN,0,1,0.0,76.93250000000002
1528,-2.849999999999983,350,0.0,PREY_WIN,1,0,100.0,0.0
1529,-2.7999999999999843,350,0.0,PREY_WIN,1,0,100.0,0.0
1530,-2.9699999999999807,350,0.0,PREY_WIN,1,0,100.0,0.0
1531,-2.8399999999999834,350,0.0,PREY_WIN,1,0,100.0,0.0
1532,-2.239999999999996,350,0.0,PREY_WIN,1,0,100.0,0.0
1533,-2.1899999999999973,350,0.0,PREY_WIN,1,0,100.0,0.0
1534,-2.3099999999999947,350,0.0,PREY_WIN,1,0,100.0,0.0
1535,-2.249999999999996,350,0.0,PREY_WIN,1,0,100.0,0.0
1536,-2.4099999999999926,350,0.0,PREY_WIN,1,0,100.0,0.0
1537,-2.3699999999999934,350,0.0,PREY_WIN,1,0,100.0,0.0
1538,29.852499999999996,7,0.0,PREDATOR_WIN,0,1,0.0,100.0
1539,-2.1799999999999975,350,0.0,PREY_WIN,1,0,100.0,0.0
1540,-2.3299999999999943,350,0.0,PREY_WIN,1,0,100.0,0.0
1541,-2.239999999999996,350,0.0,PREY_WIN,1,0,99.72999999999999,0.0
1542,-2.239999999999996,350,0.0,PREY_WIN,1,0,100.0,0.0
1543,-2.2799999999999954,350,0.0,PREY_WIN,1,0,100.0,0.0
1544,-2.3599999999999937,350,0.0,PREY_WIN,1,0,100.0,0.0
1545,-2.479999999999991,350,0.0,PREY_WIN,1,0,100.0,0.0
1546,-2.339999999999994,350,0.0,PREY_WIN,1,0,100.0,0.0
1547,-2.209999999999997,350,0.0,PREY_WIN,1,0,100.0,0.0
1548,-2.209999999999997,350,0.0,PREY_WIN,1,0,100.0,0.0
1549,-2.2199999999999966,350,0.0,PREY_WIN,1,0,100.0,0.0
1550,29.379999999999995,61,0.0,PREDATOR_WIN,0,1,0.0,88.27999999999987
1551,-3.1599999999999766,350,0.0,PREY_WIN,1,0,100.0,0.0
1552,29.872499999999995,5,0.0,PREDATOR_WIN,0,1,0.0,100.0
1553,-3.4099999999999713,350,0.0,PREY_WIN,1,0,99.72999999999999,0.0
1554,-2.5599999999999894,350,0.0,PREY_WIN,1,0,100.0,0.0
1555,25.867499999999932,227,0.0,PREDATOR_WIN,0,1,0.0,32.00750000000009
1556,-3.4999999999999694,350,0.0,PREY_WIN,1,1,100.0,6.700000000000268
1557,-3.4999999999999694,350,0.0,PREY_WIN,1,1,100.0,2.5000000000003135
1558,-3.289999999999974,350,0.0,PREY_WIN,1,0,100.0,0.0
1559,-3.3399999999999728,350,0.0,PREY_WIN,1,0,100.0,0.0
1560,-2.6099999999999883,350,0.0,PREY_WIN,1,0,100.0,0.0
1561,-2.159999999999998,350,0.0,PREY_WIN,1,0,100.0,0.0
1562,29.762499999999996,16,0.0,PREDATOR_WIN,0,1,0.0,100.0
1563,-2.1399999999999983,350,0.0,PREY_WIN,1,0,100.0,0.0
1564,-2.249999999999996,350,0.0,PREY_WIN,1,0,100.0,0.0
1565,29.979999999999997,1,0.0,PREDATOR_WIN,0,1,0.0,100.0
1566,28.259999999999994,173,0.0,PREDATOR_WIN,0,1,0.0,45.44000000000026
1567,28.552499999999995,137,0.0,PREDATOR_WIN,0,1,0.0,57.19250000000031
1568,-3.00999999999998,350,0.0,PREY_WIN,1,0,100.0,0.0
1569,26.239999999999963,258,0.0,PREDATOR_WIN,0,1,0.0,25.670000000000172
1570,-3.4999999999999694,350,0.0,PREY_WIN,1,1,100.0,3.1000000000001053
1571,-3.0599999999999787,350,0.0,PREY_WIN,1,0,100.0,0.0
1572,28.329999999999995,166,0.0,PREDATOR_WIN,0,1,0.0,75.97999999999962
1573,-3.4999999999999694,350,0.0,PREY_WIN,1,1,100.0,22.299999999999972
1574,-3.4999999999999694,350,0.0,PREY_WIN,1,1,100.0,2.800000000000253
1575,29.002499999999994,92,0.0,PREDATOR_WIN,0,1,0.0,79.69250000000005
1576,-3.189999999999976,350,0.0,PREY_WIN,1,0,100.0,0.0
1577,29.979999999999997,1,0.0,PREDATOR_WIN,0,1,0.0,100.0
1578,29.832499999999992,6,0.0,PREDATOR_WIN,0,1,0.0,100.0
1579,-3.4999999999999694,350,0.0,PREY_WIN,1,1,100.0,8.800000000000221
1580,29.359999999999996,63,0.0,PREDATOR_WIN,0,1,0.0,83.83999999999997
1581,-3.4999999999999694,350,0.0,PREY_WIN,1,1,100.0,7.900000000000058
1582,26.899999999999988,258,0.0,PREDATOR_WIN,0,1,0.0,51.229999999999734
1583,-2.389999999999993,350,0.0,PREY_WIN,1,0,100.0,0.0
1584,-3.289999999999974,350,0.0,PREY_WIN,1,0,100.0,0.0
1585,-2.809999999999984,350,0.0,PREY_WIN,1,0,100.0,0.0
1586,-2.5899999999999888,350,0.0,PREY_WIN,1,0,100.0,0.0
1587,-3.039999999999979,350,0.0,PREY_WIN,1,0,100.0,0.0
1588,-2.6099999999999883,350,0.0,PREY_WIN,1,0,100.0,0.0
1589,-2.6899999999999866,350,0.0,PREY_WIN,1,0,100.0,0.0
1590,-2.289999999999995,350,0.0,PREY_WIN,1,0,100.0,0.0
1591,-2.9299999999999815,350,0.0,PREY_WIN,1,0,100.0,0.0
1592,-2.5899999999999888,350,0.0,PREY_WIN,1,0,100.0,0.0
1593,-2.6099999999999883,350,0.0,PREY_WIN,1,0,100.0,0.0
1594,-2.299999999999995,350,0.0,PREY_WIN,1,0,100.0,0.0
1595,-2.259999999999996,350,0.0,PREY_WIN,1,0,100.0,0.0
1596,-2.339999999999994,350,0.0,PREY_WIN,1,0,100.0,0.0
1597,-2.289999999999995,350,0.0,PREY_WIN,1,0,100.0,0.0
1598,-2.289999999999995,350,0.0,PREY_WIN,1,0,100.0,0.0
1599,-2.199999999999997,350,0.0,PREY_WIN,1,0,99.72999999999999,0.0
1600,-2.3699999999999934,350,0.0,PREY_WIN,1,0,100.0,0.0
1601,-2.3099999999999947,350,0.0,PREY_WIN,1,0,100.0,0.0
1602,-2.2299999999999964,350,0.0,PREY_WIN,1,0,100.0,0.0
1603,-2.259999999999996,350,0.0,PREY_WIN,1,0,100.0,0.0
1604,-2.249999999999996,350,0.0,PREY_WIN,1,0,100.0,0.0
1605,-2.249999999999996,350,0.0,PREY_WIN,1,0,100.0,0.0
1606,-2.239999999999996,350,0.0,PREY_WIN,1,0,100.0,0.0
1607,-2.259999999999996,350,0.0,PREY_WIN,1,0,100.0,0.0
1608,-2.209999999999997,350,0.0,PREY_WIN,1,0,100.0,0.0
1609,-2.259999999999996,350,0.0,PREY_WIN,1,0,100.0,0.0
1610,-2.259999999999996,350,0.0,PREY_WIN,1,0,100.0,0.0
1611,-2.2299999999999964,350,0.0,PREY_WIN,1,0,100.0,0.0
1612,-2.209999999999997,350,0.0,PREY_WIN,1,0,100.0,0.0
1613,29.482499999999995,44,0.0,PREDATOR_WIN,0,1,0.0,92.3524999999999
1614,-3.1099999999999777,350,0.0,PREY_WIN,1,0,100.0,0.0
1615,-3.4999999999999694,350,0.0,PREY_WIN,1,1,100.0,0.09999999999975534
1616,-2.339999999999994,350,0.0,PREY_WIN,1,0,100.0,0.0
1617,-2.439999999999992,350,0.0,PREY_WIN,1,0,100.0,0.0
1618,-2.4099999999999926,350,0.0,PREY_WIN,1,0,100.0,0.0
1619,-2.1899999999999973,350,0.0,PREY_WIN,1,0,100.0,0.0
1620,-2.3099999999999947,350,0.0,PREY_WIN,1,0,100.0,0.0
1621,-2.3099999999999947,350,0.0,PREY_WIN,1,0,100.0,0.0
1622,-2.1799999999999975,350,0.0,PREY_WIN,1,0,100.0,0.0
1623,-2.2199999999999966,350,0.0,PREY_WIN,1,0,100.0,0.0
1624,-2.1699999999999977,350,0.0,PREY_WIN,1,0,100.0,0.0
1625,-2.1899999999999973,350,0.0,PREY_WIN,1,0,100.0,0.0
1626,-2.239999999999996,350,0.0,PREY_WIN,1,0,100.0,0.0
1627,27.684999999999995,217,0.0,PREDATOR_WIN,0,1,0.0,25.92500000000024
1628,-3.4999999999999694,350,0.0,PREY_WIN,1,1,100.0,1.3000000000002832
1629,28.08499999999999,177,0.0,PREDATOR_WIN,0,1,0.0,59.225000000000335
1630,-3.4999999999999694,350,0.0,PREY_WIN,1,1,100.0,15.700000000000296
1631,-3.4999999999999694,350,0.0,PREY_WIN,1,1,100.0,12.70000000000028
1632,-3.4999999999999694,350,0.0,PREY_WIN,1,1,100.0,20.200000000000127
1633,-3.45999999999997,350,0.0,PREY_WIN,1,0,100.0,0.0
1634,28.902499999999993,102,0.0,PREDATOR_WIN,0,1,0.0,69.19250000000015
1635,-3.369999999999972,350,0.0,PREY_WIN,1,0,100.0,0.0
1636,29.569999999999997,42,0.0,PREDATOR_WIN,0,1,0.0,93.25999999999992
1637,-3.4999999999999694,350,0.0,PREY_WIN,1,1,99.72999999999999,17.500000000000163
1638,-3.4999999999999694,350,0.0,PREY_WIN,1,1,100.0,22.000000000000224
1639,-3.4999999999999694,350,0.0,PREY_WIN,1,1,100.0,31.899999999999903
1640,-3.4999999999999694,350,0.0,PREY_WIN,1,1,100.0,4.900000000000088
1641,28.472499999999993,145,0.0,PREDATOR_WIN,0,1,0.0,73.03249999999986
1642,-2.6899999999999866,350,0.0,PREY_WIN,1,0,100.0,0.0
1643,-3.4999999999999694,350,0.0,PREY_WIN,1,1,100.0,9.400000000000299
1644,28.819999999999997,117,0.0,PREDATOR_WIN,0,1,0.0,85.15999999999968
1645,-3.1299999999999772,350,0.0,PREY_WIN,1,0,100.0,0.0
1646,29.562499999999993,36,0.0,PREDATOR_WIN,0,1,0.0,95.41249999999994
1647,-2.959999999999981,350,0.0,PREY_WIN,1,0,100.0,0.0
1648,-2.6099999999999883,350,0.0,PREY_WIN,1,0,100.0,0.0
1649,-2.6599999999999873,350,0.0,PREY_WIN,1,0,100.0,0.0
1650,24.912499999999927,282,0.0,PREDATOR_WIN,0,1,0.0,42.40249999999974
1651,-3.1599999999999766,350,0.0,PREY_WIN,1,0,100.0,0.0
1652,-3.1099999999999777,350,0.0,PREY_WIN,1,0,100.0,0.0
1653,-2.629999999999988,350,0.0,PREY_WIN,1,0,100.0,0.0
1654,-3.4999999999999694,350,0.0,PREY_WIN,1,1,100.0,1.0000000000000717
1655,29.58499999999999,27,0.0,PREDATOR_WIN,0,1,0.0,100.0
1656,-3.0199999999999796,350,0.0,PREY_WIN,1,0,100.0,0.0
1657,-2.9899999999999802,350,0.0,PREY_WIN,1,0,100.0,0.0
1658,29.639999999999997,35,0.0,PREDATOR_WIN,0,1,0.0,95.59999999999994
1659,-2.7299999999999858,350,0.0,PREY_WIN,1,0,100.0,0.0
1660,-2.8299999999999836,350,0.0,PREY_WIN,1,0,100.0,0.0
1661,-2.53999999999999,350,0.0,PREY_WIN,1,0,100.0,0.0
1662,-2.159999999999998,350,0.0,PREY_WIN,1,0,100.0,0.0
1663,-2.3099999999999947,350,0.0,PREY_WIN,1,0,100.0,0.0
1664,-2.1699999999999977,350,0.0,PREY_WIN,1,0,100.0,0.0
1665,-2.1299999999999986,350,0.0,PREY_WIN,1,0,100.0,0.0
1666,-2.149999999999998,350,0.0,PREY_WIN,1,0,100.0,0.0
1667,-2.149999999999998,350,0.0,PREY_WIN,1,0,100.0,0.0
1668,-2.2299999999999964,350,0.0,PREY_WIN,1,0,100.0,0.0
1669,-2.1399999999999983,350,0.0,PREY_WIN,1,0,100.0,0.0
1670,-2.3099999999999947,350,0.0,PREY_WIN,1,0,100.0,0.0
1671,-2.199999999999997,350,0.0,PREY_WIN,1,0,100.0,0.0
1672,-2.209999999999997,350,0.0,PREY_WIN,1,0,100.0,0.0
1673,-2.249999999999996,350,0.0,PREY_WIN,1,0,100.0,0.0
1674,-2.859999999999983,350,0.0,PREY_WIN,1,0,100.0,0.0
1675,-2.8899999999999824,350,0.0,PREY_WIN,1,0,100.0,0.0
1676,-2.289999999999995,350,0.0,PREY_WIN,1,0,100.0,0.0
1677,-3.4999999999999694,350,0.0,PREY_WIN,1,1,100.0,2.800000000000325
1678,28.679999999999996,131,0.0,PREDATOR_WIN,0,1,0.0,58.88000000000029
1679,-3.4999999999999694,350,0.0,PREY_WIN,1,1,100.0,8.800000000000253
1680,-3.4999999999999694,350,0.0,PREY_WIN,1,1,100.0,19.000000000000373
1681,-3.4999999999999694,350,0.0,PREY_WIN,1,1,100.0,13.900000000000205
1682,28.959999999999997,103,0.0,PREDATOR_WIN,0,1,0.0,76.33999999999996
1683,-3.4999999999999694,350,0.0,PREY_WIN,1,1,100.0,8.800000000000336
1684,-3.4999999999999694,350,0.0,PREY_WIN,1,1,100.0,17.200000000000387
1685,-3.4999999999999694,350,0.0,PREY_WIN,1,1,100.0,7.600000000000035
1686,-2.8899999999999824,350,0.0,PREY_WIN,1,0,100.0,0.0
1687,-2.8899999999999824,350,0.0,PREY_WIN,1,0,100.0,0.0
1688,-2.299999999999995,350,0.0,PREY_WIN,1,0,99.72999999999999,0.0
1689,-2.399999999999993,350,0.0,PREY_WIN,1,0,100.0,0.0
1690,29.469999999999995,49,0.0,PREDATOR_WIN,0,1,0.0,90.8899999999999
1691,-3.139999999999977,350,0.0,PREY_WIN,1,0,100.0,0.0
1692,-2.909999999999982,350,0.0,PREY_WIN,1,0,100.0,0.0
1693,-3.0699999999999785,350,0.0,PREY_WIN,1,0,100.0,0.0
1694,-2.3799999999999932,350,0.0,PREY_WIN,1,0,100.0,0.0
1695,24.862499999999844,116,0.0,PREDATOR_WIN,0,1,0.0,77.41249999999991
1696,-3.419999999999971,350,0.0,PREY_WIN,1,0,100.0,0.0
1697,-2.679999999999987,350,0.0,PREY_WIN,1,0,100.0,0.0
1698,-2.4999999999999907,350,0.0,PREY_WIN,1,0,100.0,0.0
1699,-2.159999999999998,350,0.0,PREY_WIN,1,0,100.0,0.0
1700,-2.439999999999992,350,0.0,PREY_WIN,1,0,100.0,0.0
1701,-2.1399999999999983,350,0.0,PREY_WIN,1,0,100.0,0.0
1702,-2.3799999999999932,350,0.0,PREY_WIN,1,0,100.0,0.0
1703,-2.109999999999999,350,0.0,PREY_WIN,1,0,100.0,0.0
1704,29.714999999999993,14,0.0,PREDATOR_WIN,0,1,0.0,100.0
1705,-2.399999999999993,350,0.0,PREY_WIN,1,0,100.0,0.0
1706,-2.299999999999995,350,0.0,PREY_WIN,1,0,100.0,0.0
1707,-2.2299999999999964,350,0.0,PREY_WIN,1,0,100.0,0.0
1708,-2.3799999999999932,350,0.0,PREY_WIN,1,0,100.0,0.0
1709,29.669999999999987,5,0.0,PREDATOR_WIN,0,1,0.0,100.0
1710,29.369999999999997,62,0.0,PREDATOR_WIN,0,1,0.0,84.25999999999998
1711,-2.849999999999983,350,0.0,PREY_WIN,1,0,100.0,0.0
1712,-3.2099999999999755,350,0.0,PREY_WIN,1,0,100.0,0.0
1713,-2.1399999999999983,350,0.0,PREY_WIN,1,0,100.0,0.0
1714,-2.3199999999999945,350,0.0,PREY_WIN,1,0,100.0,0.0
1715,-2.159999999999998,350,0.0,PREY_WIN,1,0,99.72999999999999,0.0
1716,-2.1399999999999983,350,0.0,PREY_WIN,1,0,100.0,0.0
1717,-2.3099999999999947,350,0.0,PREY_WIN,1,0,100.0,0.0
1718,-2.239999999999996,350,0.0,PREY_WIN,1,0,100.0,0.0
1719,-2.1399999999999983,350,0.0,PREY_WIN,1,0,100.0,0.0
1720,-3.189999999999976,350,0.0,PREY_WIN,1,0,100.0,0.0
1721,-3.4999999999999694,350,0.0,PREY_WIN,1,1,100.0,6.100000000000234
1722,-3.1999999999999758,350,0.0,PREY_WIN,1,0,100.0,0.0
1723,-2.579999999999989,350,0.0,PREY_WIN,1,0,100.0,0.0
1724,28.619999999999997,137,0.0,PREDATOR_WIN,0,1,0.0,55.76000000000031
1725,29.39749999999998,9,0.0,PREDATOR_WIN,0,1,0.0,100.0
1726,-3.239999999999975,350,0.0,PREY_WIN,1,0,100.0,0.0
1727,28.78249999999999,114,0.0,PREDATOR_WIN,0,1,0.0,77.35249999999988
1728,-3.369999999999972,350,0.0,PREY_WIN,1,0,100.0,0.0
1729,-3.279999999999974,350,0.0,PREY_WIN,1,0,100.0,0.0
1730,-3.4999999999999694,350,0.0,PREY_WIN,1,1,100.0,23.80000000000015
1731,-3.0599999999999787,350,0.0,PREY_WIN,1,0,100.0,0.0
1732,-2.289999999999995,350,0.0,PREY_WIN,1,0,100.0,0.0
1733,-2.399999999999993,350,0.0,PREY_WIN,1,0,100.0,0.0
1734,-2.4999999999999907,350,0.0,PREY_WIN,1,0,100.0,0.0
1735,-2.1799999999999975,350,0.0,PREY_WIN,1,0,100.0,0.0
1736,-2.3099999999999947,350,0.0,PREY_WIN,1,0,100.0,0.0
1737,-2.289999999999995,350,0.0,PREY_WIN,1,0,100.0,0.0
1738,-2.1399999999999983,350,0.0,PREY_WIN,1,0,100.0,0.0
1739,-2.349999999999994,350,0.0,PREY_WIN,1,0,100.0,0.0
1740,-2.4999999999999907,350,0.0,PREY_WIN,1,0,100.0,0.0
1741,-2.209999999999997,350,0.0,PREY_WIN,1,0,100.0,0.0
1742,-2.4499999999999917,350,0.0,PREY_WIN,1,0,100.0,0.0
1743,-2.259999999999996,350,0.0,PREY_WIN,1,0,100.0,0.0
1744,-2.2299999999999964,350,0.0,PREY_WIN,1,0,100.0,0.0
1745,-2.199999999999997,350,0.0,PREY_WIN,1,0,100.0,0.0
1746,-2.3199999999999945,350,0.0,PREY_WIN,1,0,100.0,0.0
1747,-2.249999999999996,350,0.0,PREY_WIN,1,0,100.0,0.0
1748,-2.239999999999996,350,0.0,PREY_WIN,1,0,100.0,0.0
1749,-2.4599999999999915,350,0.0,PREY_WIN,1,0,100.0,0.0
1750,-2.209999999999997,350,0.0,PREY_WIN,1,0,100.0,0.0
1751,-2.339999999999994,350,0.0,PREY_WIN,1,0,100.0,0.0
1752,-2.249999999999996,350,0.0,PREY_WIN,1,0,100.0,0.0
1753,-2.209999999999997,350,0.0,PREY_WIN,1,0,100.0,0.0
1754,-2.1799999999999975,350,0.0,PREY_WIN,1,0,100.0,0.0
1755,-2.239999999999996,350,0.0,PREY_WIN,1,0,100.0,0.0
1756,-2.239999999999996,350,0.0,PREY_WIN,1,0,100.0,0.0
1757,-2.259999999999996,350,0.0,PREY_WIN,1,0,100.0,0.0
1758,-2.289999999999995,350,0.0,PREY_WIN,1,0,100.0,0.0
1759,-2.3299999999999943,350,0.0,PREY_WIN,1,0,100.0,0.0
1760,29.349999999999998,64,0.0,PREDATOR_WIN,0,1,0.0,84.31999999999996
1761,-3.2199999999999753,350,0.0,PREY_WIN,1,0,100.0,0.0
1762,-2.479999999999991,350,0.0,PREY_WIN,1,0,100.0,0.0
1763,-2.399999999999993,350,0.0,PREY_WIN,1,0,100.0,0.0
1764,-2.3699999999999934,350,0.0,PREY_WIN,1,0,100.0,0.0
1765,-2.249999999999996,350,0.0,PREY_WIN,1,0,100.0,0.0
1766,-2.5499999999999896,350,0.0,PREY_WIN,1,0,100.0,0.0
1767,-2.259999999999996,350,0.0,PREY_WIN,1,0,100.0,0.0
1768,29.832499999999996,9,0.0,PREDATOR_WIN,0,1,0.0,100.0
1769,-2.1899999999999973,350,0.0,PREY_WIN,1,0,100.0,0.0
1770,-2.249999999999996,350,0.0,PREY_WIN,1,0,100.0,0.0
1771,-2.52999999999999,350,0.0,PREY_WIN,1,0,100.0,0.0
1772,-2.5599999999999894,350,0.0,PREY_WIN,1,0,100.0,0.0
1773,-2.1699999999999977,350,0.0,PREY_WIN,1,0,100.0,0.0
1774,29.77499999999999,8,0.0,PREDATOR_WIN,0,1,0.0,100.0
1775,-2.399999999999993,350,0.0,PREY_WIN,1,0,100.0,0.0
1776,-2.52999999999999,350,0.0,PREY_WIN,1,0,99.72999999999999,0.0
1777,27.599999999999984,206,0.0,PREDATOR_WIN,0,1,0.0,30.3500000000002
1778,-2.9899999999999802,350,0.0,PREY_WIN,1,0,100.0,0.0
1779,28.31749999999999,147,0.0,PREDATOR_WIN,0,1,0.0,51.357500000000286
1780,29.102499999999992,82,0.0,PREDATOR_WIN,0,1,0.0,78.49250000000004
1781,-3.4999999999999694,350,0.0,PREY_WIN,1,1,100.0,6.10000000000031
1782,-2.159999999999998,350,0.0,PREY_WIN,1,0,100.0,0.0
1783,27.79,220,0.0,PREDATOR_WIN,0,1,0.0,37.100000000000136
1784,27.444999999999915,37,0.0,PREDATOR_WIN,0,1,0.0,92.58499999999985
1785,-2.489999999999991,350,0.0,PREY_WIN,1,0,100.0,0.0
1786,27.882499999999993,204,0.0,PREDATOR_WIN,0,1,0.0,50.35250000000012
1787,-2.99999999999998,350,0.0,PREY_WIN,1,0,100.0,0.0
1788,-2.7999999999999843,350,0.0,PREY_WIN,1,0,100.0,0.0
1789,-2.909999999999982,350,0.0,PREY_WIN,1,0,100.0,0.0
1790,-2.9399999999999813,350,0.0,PREY_WIN,1,0,100.0,0.0
1791,-2.809999999999984,350,0.0,PREY_WIN,1,0,100.0,0.0
1792,-3.4999999999999694,350,0.0,PREY_WIN,1,1,100.0,1.0000000000002673
1793,-2.159999999999998,350,0.0,PREY_WIN,1,0,100.0,0.0
1794,-2.159999999999998,350,0.0,PREY_WIN,1,0,100.0,0.0
1795,-2.289999999999995,350,0.0,PREY_WIN,1,0,100.0,0.0
1796,-2.2199999999999966,350,0.0,PREY_WIN,1,0,100.0,0.0
1797,-2.199999999999997,350,0.0,PREY_WIN,1,0,100.0,0.0
1798,-2.209999999999997,350,0.0,PREY_WIN,1,0,100.0,0.0
1799,-2.1899999999999973,350,0.0,PREY_WIN,1,0,100.0,0.0
1800,27.442499999999974,194,0.0,PREDATOR_WIN,0,1,0.0,36.312500000000185
1801,29.714999999999993,14,0.0,PREDATOR_WIN,0,1,0.0,100.0
1802,-2.6999999999999864,350,0.0,PREY_WIN,1,0,100.0,0.0
1803,-3.1299999999999772,350,0.0,PREY_WIN,1,0,100.0,0.0
1804,-3.2499999999999747,350,0.0,PREY_WIN,1,0,100.0,0.0
1805,29.389999999999986,30,0.0,PREDATOR_WIN,0,1,0.0,97.39999999999993
1806,-3.149999999999977,350,0.0,PREY_WIN,1,0,100.0,0.0
1807,-3.0599999999999787,350,0.0,PREY_WIN,1,0,100.0,0.0
1808,28.279999999999994,171,0.0,PREDATOR_WIN,0,1,0.0,63.98000000000019
1809,-3.4999999999999694,350,0.0,PREY_WIN,1,1,100.0,24.700000000000106
1810,-3.329999999999973,350,0.0,PREY_WIN,1,0,100.0,0.0
1811,27.435,242,0.0,PREDATOR_WIN,0,1,0.0,61.92499999999995
1812,-2.3599999999999937,350,0.0,PREY_WIN,1,0,100.0,0.0
1813,27.597499999999993,219,0.0,PREDATOR_WIN,0,1,0.0,51.71750000000034
1814,-3.239999999999975,350,0.0,PREY_WIN,1,0,100.0,0.0
1815,-2.7299999999999858,350,0.0,PREY_WIN,1,0,100.0,0.0
1816,28.579999999999995,141,0.0,PREDATOR_WIN,0,1,0.0,69.67999999999992
1817,-3.4999999999999694,350,0.0,PREY_WIN,1,1,100.0,9.700000000000214
1818,-3.4999999999999694,350,0.0,PREY_WIN,1,1,100.0,21.40000000000044
1819,28.812499999999993,111,0.0,PREDATOR_WIN,0,1,0.0,80.11249999999998
1820,-3.4999999999999694,350,0.0,PREY_WIN,1,1,100.0,15.10000000000034
1821,27.445,241,0.0,PREDATOR_WIN,0,1,0.0,54.54499999999989
1822,27.9,209,0.0,PREDATOR_WIN,0,1,0.0,47.12000000000037
1823,-3.4499999999999704,350,0.0,PREY_WIN,1,0,100.0,0.0
1824,-3.4999999999999694,350,0.0,PREY_WIN,1,1,100.0,21.100000000000197
1825,-3.1099999999999777,350,0.0,PREY_WIN,1,0,100.0,0.0
1826,-2.869999999999983,350,0.0,PREY_WIN,1,0,100.0,0.0
1827,-2.3599999999999937,350,0.0,PREY_WIN,1,0,100.0,0.0
1828,-2.7299999999999858,350,0.0,PREY_WIN,1,0,100.0,0.0
1829,-2.349999999999994,350,0.0,PREY_WIN,1,0,100.0,0.0
1830,-2.4699999999999913,350,0.0,PREY_WIN,1,0,100.0,0.0
1831,-2.429999999999992,350,0.0,PREY_WIN,1,0,100.0,0.0
1832,29.54499999999999,31,0.0,PREDATOR_WIN,0,1,0.0,98.04499999999993
1833,-3.239999999999975,350,0.0,PREY_WIN,1,0,100.0,0.0
1834,-3.2199999999999753,350,0.0,PREY_WIN,1,0,100.0,0.0
1835,-3.2499999999999747,350,0.0,PREY_WIN,1,0,100.0,0.0
1836,-2.209999999999997,350,0.0,PREY_WIN,1,0,100.0,0.0
1837,-2.209999999999997,350,0.0,PREY_WIN,1,0,100.0,0.0
1838,29.402499999999993,52,0.0,PREDATOR_WIN,0,1,0.0,90.4924999999999
1839,-2.6899999999999866,350,0.0,PREY_WIN,1,0,100.0,0.0
1840,-2.5599999999999894,350,0.0,PREY_WIN,1,0,100.0,0.0
1841,-2.2699999999999956,350,0.0,PREY_WIN,1,0,100.0,0.0
1842,-2.719999999999986,350,0.0,PREY_WIN,1,0,100.0,0.0
1843,-2.4599999999999915,350,0.0,PREY_WIN,1,0,100.0,0.0
1844,-2.4099999999999926,350,0.0,PREY_WIN,1,0,100.0,0.0
1845,-2.2799999999999954,350,0.0,PREY_WIN,1,0,100.0,0.0
1846,-2.2199999999999966,350,0.0,PREY_WIN,1,0,100.0,0.0
1847,-2.3299999999999943,350,0.0,PREY_WIN,1,0,100.0,0.0
1848,-2.209999999999997,350,0.0,PREY_WIN,1,0,100.0,0.0
1849,-2.2299999999999964,350,0.0,PREY_WIN,1,0,100.0,0.0
1850,-2.259999999999996,350,0.0,PREY_WIN,1,0,100.0,0.0
1851,-2.259999999999996,350,0.0,PREY_WIN,1,0,100.0,0.0
1852,-2.199999999999997,350,0.0,PREY_WIN,1,0,100.0,0.0
1853,-2.259999999999996,350,0.0,PREY_WIN,1,0,100.0,0.0
1854,-2.1899999999999973,350,0.0,PREY_WIN,1,0,100.0,0.0
1855,-2.209999999999997,350,0.0,PREY_WIN,1,0,100.0,0.0
1856,28.669999999999995,132,0.0,PREDATOR_WIN,0,1,0.0,60.860000000000234
1857,-2.809999999999984,350,0.0,PREY_WIN,1,0,100.0,0.0
1858,-2.5599999999999894,350,0.0,PREY_WIN,1,0,100.0,0.0
1859,29.979999999999997,1,0.0,PREDATOR_WIN,0,1,0.0,100.0
1860,-2.5099999999999905,350,0.0,PREY_WIN,1,0,100.0,0.0
1861,-3.189999999999976,350,0.0,PREY_WIN,1,0,100.0,0.0
1862,-3.4999999999999694,350,0.0,PREY_WIN,1,1,100.0,2.8000000000002334
1863,29.47749999999999,31,0.0,PREDATOR_WIN,0,1,0.0,97.67749999999992
1864,-3.3899999999999717,350,0.0,PREY_WIN,1,0,100.0,0.0
1865,-3.4999999999999694,350,0.0,PREY_WIN,1,1,100.0,17.80000000000018
1866,-2.5199999999999902,350,0.0,PREY_WIN,1,0,100.0,0.0
1867,-2.349999999999994,350,0.0,PREY_WIN,1,0,100.0,0.0
1868,-2.9199999999999817,350,0.0,PREY_WIN,1,0,100.0,0.0
1869,-2.489999999999991,350,0.0,PREY_WIN,1,0,100.0,0.0
1870,-2.439999999999992,350,0.0,PREY_WIN,1,0,100.0,0.0
1871,-2.439999999999992,350,0.0,PREY_WIN,1,0,100.0,0.0
1872,29.182499999999994,74,0.0,PREDATOR_WIN,0,1,0.0,84.85249999999989
1873,-2.4999999999999907,350,0.0,PREY_WIN,1,0,100.0,0.0
1874,-2.759999999999985,350,0.0,PREY_WIN,1,0,100.0,0.0
1875,27.357499999999998,243,0.0,PREDATOR_WIN,0,1,0.0,51.53749999999999
1876,29.622499999999995,30,0.0,PREDATOR_WIN,0,1,0.0,97.63249999999994
1877,26.524999999999885,48,0.0,PREDATOR_WIN,0,1,0.0,94.95499999999973
1878,-3.4999999999999694,350,0.0,PREY_WIN,1,1,100.0,20.19999999999982
1879,-3.4999999999999694,350,0.0,PREY_WIN,1,1,100.0,9.399999999999697
1880,28.554999999999993,130,0.0,PREDATOR_WIN,0,1,0.0,73.86499999999987
1881,-3.4999999999999694,350,0.0,PREY_WIN,1,1,100.0,22.300000000000328
1882,-3.4999999999999694,350,0.0,PREY_WIN,1,1,100.0,28.900000000000446
1883,-3.4999999999999694,350,0.0,PREY_WIN,1,1,100.0,31.00000000000006
1884,-2.809999999999984,350,0.0,PREY_WIN,1,0,100.0,0.0
1885,-2.3199999999999945,350,0.0,PREY_WIN,1,0,100.0,0.0
1886,-2.249999999999996,350,0.0,PREY_WIN,1,0,100.0,0.0
1887,-2.4499999999999917,350,0.0,PREY_WIN,1,0,100.0,0.0
1888,-2.489999999999991,350,0.0,PREY_WIN,1,0,100.0,0.0
1889,-2.289999999999995,350,0.0,PREY_WIN,1,0,99.72999999999999,0.0
1890,29.862499999999994,6,0.0,PREDATOR_WIN,0,1,0.0,100.0
1891,-2.289999999999995,350,0.0,PREY_WIN,1,0,100.0,0.0
1892,-2.259999999999996,350,0.0,PREY_WIN,1,0,100.0,0.0
1893,-2.399999999999993,350,0.0,PREY_WIN,1,0,100.0,0.0
1894,-2.249999999999996,350,0.0,PREY_WIN,1,0,100.0,0.0
1895,-2.209999999999997,350,0.0,PREY_WIN,1,0,100.0,0.0
1896,-2.259999999999996,350,0.0,PREY_WIN,1,0,100.0,0.0
1897,-2.249999999999996,350,0.0,PREY_WIN,1,0,100.0,0.0
1898,-2.199999999999997,350,0.0,PREY_WIN,1,0,100.0,0.0
1899,-2.53999999999999,350,0.0,PREY_WIN,1,0,100.0,0.0
1900,-2.399999999999993,350,0.0,PREY_WIN,1,0,100.0,0.0
1901,-2.389999999999993,350,0.0,PREY_WIN,1,0,99.72999999999999,0.0
1902,-2.159999999999998,350,0.0,PREY_WIN,1,0,100.0,0.0
1903,-2.2799999999999954,350,0.0,PREY_WIN,1,0,100.0,0.0
1904,-2.389999999999993,350,0.0,PREY_WIN,1,0,100.0,0.0
1905,-2.259999999999996,350,0.0,PREY_WIN,1,0,100.0,0.0
1906,-2.2699999999999956,350,0.0,PREY_WIN,1,0,100.0,0.0
1907,28.222499999999993,170,0.0,PREDATOR_WIN,0,1,0.0,51.432500000000275
1908,-2.6599999999999873,350,0.0,PREY_WIN,1,0,100.0,0.0
1909,-3.4999999999999694,350,0.0,PREY_WIN,1,1,100.0,22.90000000000041
1910,-3.4999999999999694,350,0.0,PREY_WIN,1,1,100.0,20.50000000000006
1911,-3.4999999999999694,350,0.0,PREY_WIN,1,1,100.0,7.300000000000208
1912,-3.239999999999975,350,0.0,PREY_WIN,1,0,100.0,0.0
1913,-2.2799999999999954,350,0.0,PREY_WIN,1,0,100.0,0.0
1914,29.309999999999995,68,0.0,PREDATOR_WIN,0,1,0.0,83.23999999999997
1915,29.67499999999999,18,0.0,PREDATOR_WIN,0,1,0.0,100.0
1916,-3.4999999999999694,350,0.0,PREY_WIN,1,1,100.0,1.2999999999997358
1917,-3.45999999999997,350,0.0,PREY_WIN,1,0,99.72999999999999,0.0
1918,29.822499999999994,10,0.0,PREDATOR_WIN,0,1,0.0,100.0
1919,-2.3099999999999947,350,0.0,PREY_WIN,1,0,100.0,0.0
1920,29.839999999999996,15,0.0,PREDATOR_WIN,0,1,0.0,100.0
1921,-2.299999999999995,350,0.0,PREY_WIN,1,0,100.0,0.0
1922,29.792499999999993,13,0.0,PREDATOR_WIN,0,1,0.0,100.0
1923,-2.619999999999988,350,0.0,PREY_WIN,1,0,100.0,0.0
1924,29.462499999999995,46,0.0,PREDATOR_WIN,0,1,0.0,91.21249999999992
1925,-3.45999999999997,350,0.0,PREY_WIN,1,0,100.0,0.0
1926,-3.239999999999975,350,0.0,PREY_WIN,1,0,100.0,0.0
1927,-2.8399999999999834,350,0.0,PREY_WIN,1,0,100.0,0.0
1928,29.949999999999996,4,0.0,PREDATOR_WIN,0,1,0.0,100.0
1929,-2.239999999999996,350,0.0,PREY_WIN,1,0,100.0,0.0
1930,29.959999999999997,3,0.0,PREDATOR_WIN,0,1,0.0,100.0
1931,-2.159999999999998,350,0.0,PREY_WIN,1,0,100.0,0.0
1932,-2.439999999999992,350,0.0,PREY_WIN,1,0,100.0,0.0
1933,29.702499999999993,22,0.0,PREDATOR_WIN,0,1,0.0,100.0
1934,-2.5999999999999885,350,0.0,PREY_WIN,1,0,100.0,0.0
1935,-2.709999999999986,350,0.0,PREY_WIN,1,0,100.0,0.0
1936,-2.3099999999999947,350,0.0,PREY_WIN,1,0,100.0,0.0
1937,-2.259999999999996,350,0.0,PREY_WIN,1,0,100.0,0.0
1938,-2.239999999999996,350,0.0,PREY_WIN,1,0,100.0,0.0
1939,-2.3699999999999934,350,0.0,PREY_WIN,1,0,100.0,0.0
1940,-2.6099999999999883,350,0.0,PREY_WIN,1,0,100.0,0.0
1941,-2.53999999999999,350,0.0,PREY_WIN,1,0,100.0,0.0
1942,-2.239999999999996,350,0.0,PREY_WIN,1,0,100.0,0.0
1943,27.792499999999997,213,0.0,PREDATOR_WIN,0,1,0.0,31.272500000000218
1944,-3.1099999999999777,350,0.0,PREY_WIN,1,0,100.0,0.0
1945,-3.2599999999999745,350,0.0,PREY_WIN,1,0,100.0,0.0
1946,29.119999999999997,87,0.0,PREDATOR_WIN,0,1,0.0,75.86000000000007
1947,-3.4999999999999694,350,0.0,PREY_WIN,1,1,100.0,6.400000000000309
1948,-3.4999999999999694,350,0.0,PREY_WIN,1,1,100.0,10.90000000000023
1949,29.38499999999999,47,0.0,PREDATOR_WIN,0,1,0.0,90.42499999999991
1950,-3.4999999999999694,350,0.0,PREY_WIN,1,1,100.0,7.900000000000023
1951,-3.4999999999999694,350,0.0,PREY_WIN,1,1,100.0,9.100000000000115
1952,-2.1199999999999988,350,0.0,PREY_WIN,1,0,100.0,0.0
1953,28.362499999999994,156,0.0,PREDATOR_WIN,0,1,0.0,57.01250000000021
1954,28.472499999999993,145,0.0,PREDATOR_WIN,0,1,0.0,51.73250000000031
1955,-3.4999999999999694,350,0.0,PREY_WIN,1,1,100.0,19.00000000000038
1956,28.239999999999995,175,0.0,PREDATOR_WIN,0,1,0.0,50.90000000000035
1957,-3.4999999999999694,350,0.0,PREY_WIN,1,1,99.88,19.00000000000036
1958,-3.4999999999999694,350,0.0,PREY_WIN,1,1,100.0,19.600000000000318
1959,-3.4999999999999694,350,0.0,PREY_WIN,1,1,100.0,6.400000000000359
1960,-3.4999999999999694,350,0.0,PREY_WIN,1,1,100.0,7.000000000000271
1961,-3.4999999999999694,350,0.0,PREY_WIN,1,1,100.0,1.0000000000002522
1962,-2.7899999999999845,350,0.0,PREY_WIN,1,0,100.0,0.0
1963,-3.2999999999999736,350,0.0,PREY_WIN,1,0,100.0,0.0
1964,-2.3099999999999947,350,0.0,PREY_WIN,1,0,100.0,0.0
1965,-2.259999999999996,350,0.0,PREY_WIN,1,0,100.0,0.0
1966,-2.199999999999997,350,0.0,PREY_WIN,1,0,100.0,0.0
1967,-2.209999999999997,350,0.0,PREY_WIN,1,0,100.0,0.0
1968,-2.1899999999999973,350,0.0,PREY_WIN,1,0,100.0,0.0
1969,-2.1699999999999977,350,0.0,PREY_WIN,1,0,100.0,0.0
1970,-2.2199999999999966,350,0.0,PREY_WIN,1,0,100.0,0.0
1971,-2.399999999999993,350,0.0,PREY_WIN,1,0,100.0,0.0
1972,-2.209999999999997,350,0.0,PREY_WIN,1,0,100.0,0.0
1973,-2.1699999999999977,350,0.0,PREY_WIN,1,0,100.0,0.0
1974,-2.249999999999996,350,0.0,PREY_WIN,1,0,100.0,0.0
1975,-2.289999999999995,350,0.0,PREY_WIN,1,0,100.0,0.0
1976,-2.339999999999994,350,0.0,PREY_WIN,1,0,100.0,0.0
1977,-2.289999999999995,350,0.0,PREY_WIN,1,0,100.0,0.0
1978,-2.1799999999999975,350,0.0,PREY_WIN,1,0,100.0,0.0
1979,-2.239999999999996,350,0.0,PREY_WIN,1,0,100.0,0.0
1980,-2.1699999999999977,350,0.0,PREY_WIN,1,0,100.0,0.0
1981,29.534999999999993,32,0.0,PREDATOR_WIN,0,1,0.0,97.32499999999993
1982,-2.9899999999999802,350,0.0,PREY_WIN,1,0,100.0,0.0
1983,-2.869999999999983,350,0.0,PREY_WIN,1,0,100.0,0.0
1984,-2.4599999999999915,350,0.0,PREY_WIN,1,0,100.0,0.0
1985,29.52499999999999,33,0.0,PREDATOR_WIN,0,1,0.0,98.40499999999992
1986,-2.759999999999985,350,0.0,PREY_WIN,1,0,100.0,0.0
1987,-3.00999999999998,350,0.0,PREY_WIN,1,0,100.0,0.0
1988,-2.679999999999987,350,0.0,PREY_WIN,1,0,100.0,0.0
1989,-2.489999999999991,350,0.0,PREY_WIN,1,0,100.0,0.0
1990,-2.249999999999996,350,0.0,PREY_WIN,1,0,100.0,0.0
1991,-2.5899999999999888,350,0.0,PREY_WIN,1,0,100.0,0.0
1992,29.822499999999994,10,0.0,PREDATOR_WIN,0,1,0.0,100.0
1993,-2.259999999999996,350,0.0,PREY_WIN,1,0,100.0,0.0
1994,-2.479999999999991,350,0.0,PREY_WIN,1,0,100.0,0.0
1995,-2.1899999999999973,350,0.0,PREY_WIN,1,0,100.0,0.0
1996,-2.1699999999999977,350,0.0,PREY_WIN,1,0,100.0,0.0
1997,-2.1899999999999973,350,0.0,PREY_WIN,1,0,100.0,0.0
1998,-2.2199999999999966,350,0.0,PREY_WIN,1,0,99.88,0.0
1999,-2.239999999999996,350,0.0,PREY_WIN,1,0,100.0,0.0
2000,-2.5099999999999905,350,0.0,PREY_WIN,1,0,100.0,0.0
2001,-2.2299999999999964,350,0.0,PREY_WIN,1,0,100.0,0.0
2002,-2.3099999999999947,350,0.0,PREY_WIN,1,0,100.0,0.0
2003,29.784999999999993,7,0.0,PREDATOR_WIN,0,1,0.0,100.0
2004,-2.289999999999995,350,0.0,PREY_WIN,1,0,100.0,0.0
2005,-2.159999999999998,350,0.0,PREY_WIN,1,0,100.0,0.0
2006,-2.53999999999999,350,0.0,PREY_WIN,1,0,100.0,0.0
2007,-2.239999999999996,350,0.0,PREY_WIN,1,0,99.72999999999999,0.0
2008,-2.4599999999999915,350,0.0,PREY_WIN,1,0,100.0,0.0
2009,29.63499999999999,22,0.0,PREDATOR_WIN,0,1,0.0,100.0
2010,-3.4999999999999694,350,0.0,PREY_WIN,1,1,100.0,0.09999999999973391
2011,-3.4999999999999694,350,0.0,PREY_WIN,1,1,100.0,6.09999999999968
2012,-2.109999999999999,350,0.0,PREY_WIN,1,0,100.0,0.0
2013,-2.299999999999995,350,0.0,PREY_WIN,1,0,100.0,0.0
2014,-2.1799999999999975,350,0.0,PREY_WIN,1,0,100.0,0.0
2015,-2.249999999999996,350,0.0,PREY_WIN,1,0,100.0,0.0
2016,-2.3699999999999934,350,0.0,PREY_WIN,1,0,100.0,0.0
2017,-2.1799999999999975,350,0.0,PREY_WIN,1,0,100.0,0.0
2018,27.73749999999999,205,0.0,PREDATOR_WIN,0,1,0.0,30.597500000000217
2019,29.54499999999999,31,0.0,PREDATOR_WIN,0,1,0.0,97.14499999999994
2020,-2.6899999999999866,350,0.0,PREY_WIN,1,0,100.0,0.0
2021,-3.4999999999999694,350,0.0,PREY_WIN,1,1,100.0,22.59999999999989
2022,-3.4999999999999694,350,0.0,PREY_WIN,1,1,100.0,29.20000000000006
2023,-3.4999999999999694,350,0.0,PREY_WIN,1,1,100.0,7.000000000000154
2024,-3.239999999999975,350,0.0,PREY_WIN,1,0,100.0,0.0
2025,-3.1999999999999758,350,0.0,PREY_WIN,1,0,100.0,0.0
2026,-3.3599999999999723,350,0.0,PREY_WIN,1,0,100.0,0.0
2027,-2.5099999999999905,350,0.0,PREY_WIN,1,0,100.0,0.0
2028,29.149999999999995,84,0.0,PREDATOR_WIN,0,1,0.0,78.32000000000004
2029,-3.4999999999999694,350,0.0,PREY_WIN,1,1,100.0,0.40000000000035796
2030,-3.4999999999999694,350,0.0,PREY_WIN,1,1,100.0,15.100000000000211
2031,-3.3899999999999717,350,0.0,PREY_WIN,1,0,100.0,0.0
2032,-3.4999999999999694,350,0.0,PREY_WIN,1,1,100.0,3.1000000000002217
2033,29.61499999999999,24,0.0,PREDATOR_WIN,0,1,0.0,100.0
2034,-3.4999999999999694,350,0.0,PREY_WIN,1,1,100.0,5.799999999999941
2035,-3.139999999999977,350,0.0,PREY_WIN,1,0,100.0,0.0
2036,-3.289999999999974,350,0.0,PREY_WIN,1,0,100.0,0.0
2037,-2.439999999999992,350,0.0,PREY_WIN,1,0,100.0,0.0
2038,-2.159999999999998,350,0.0,PREY_WIN,1,0,100.0,0.0
2039,-2.239999999999996,350,0.0,PREY_WIN,1,0,100.0,0.0
2040,-2.3799999999999932,350,0.0,PREY_WIN,1,0,100.0,0.0
2041,-2.299999999999995,350,0.0,PREY_WIN,1,0,100.0,0.0
2042,-2.2799999999999954,350,0.0,PREY_WIN,1,0,100.0,0.0
2043,-2.3799999999999932,350,0.0,PREY_WIN,1,0,100.0,0.0
2044,-2.239999999999996,350,0.0,PREY_WIN,1,0,100.0,0.0
2045,-2.4099999999999926,350,0.0,PREY_WIN,1,0,100.0,0.0
2046,-2.249999999999996,350,0.0,PREY_WIN,1,0,100.0,0.0
2047,-2.349999999999994,350,0.0,PREY_WIN,1,0,100.0,0.0
2048,-2.259999999999996,350,0.0,PREY_WIN,1,0,100.0,0.0
2049,-2.199999999999997,350,0.0,PREY_WIN,1,0,100.0,0.0
2050,28.709999999999997,128,0.0,PREDATOR_WIN,0,1,0.0,62.24000000000025
2051,-3.00999999999998,350,0.0,PREY_WIN,1,0,100.0,0.0
2052,-3.2099999999999755,350,0.0,PREY_WIN,1,0,100.0,0.0
2053,-2.819999999999984,350,0.0,PREY_WIN,1,0,100.0,0.0
2054,28.569999999999997,142,0.0,PREDATOR_WIN,0,1,0.0,53.66000000000031
2055,-3.2599999999999745,350,0.0,PREY_WIN,1,0,100.0,0.0
2056,-3.4999999999999694,350,0.0,PREY_WIN,1,1,100.0,1.6000000000003076
2057,28.007499999999986,178,0.0,PREDATOR_WIN,0,1,0.0,51.83750000000033
2058,-2.9399999999999813,350,0.0,PREY_WIN,1,0,100.0,0.0
2059,27.419999999999973,200,0.0,PREDATOR_WIN,0,1,0.0,62.330000000000325
2060,-3.4999999999999694,350,0.0,PREY_WIN,1,1,100.0,23.50000000000047
2061,-3.3399999999999728,350,0.0,PREY_WIN,1,0,100.0,0.0
2062,-2.769999999999985,350,0.0,PREY_WIN,1,0,100.0,0.0
2063,-3.0599999999999787,350,0.0,PREY_WIN,1,0,100.0,0.0
2064,-3.289999999999974,350,0.0,PREY_WIN,1,0,100.0,0.0
2065,-2.6499999999999875,350,0.0,PREY_WIN,1,0,100.0,0.0
2066,28.829999999999995,116,0.0,PREDATOR_WIN,0,1,0.0,64.58000000000023
2067,-2.9799999999999804,350,0.0,PREY_WIN,1,0,100.0,0.0
2068,-3.4999999999999694,350,0.0,PREY_WIN,1,1,100.0,33.699999999999996
2069,-3.239999999999975,350,0.0,PREY_WIN,1,0,100.0,0.0
2070,-2.7399999999999856,350,0.0,PREY_WIN,1,0,100.0,0.0
2071,28.74499999999999,111,0.0,PREDATOR_WIN,0,1,0.0,85.44499999999965
2072,-3.4999999999999694,350,0.0,PREY_WIN,1,1,100.0,6.699999999999831
2073,-3.4999999999999694,350,0.0,PREY_WIN,1,1,100.0,11.19999999999976
2074,-3.049999999999979,350,0.0,PREY_WIN,1,0,100.0,0.0
2075,-2.209999999999997,350,0.0,PREY_WIN,1,0,100.0,0.0
2076,-2.3099999999999947,350,0.0,PREY_WIN,1,0,100.0,0.0
2077,29.37749999999999,41,0.0,PREDATOR_WIN,0,1,0.0,92.87749999999991
2078,-2.6599999999999873,350,0.0,PREY_WIN,1,0,100.0,0.0
2079,-2.9899999999999802,350,0.0,PREY_WIN,1,0,100.0,0.0
2080,-2.8899999999999824,350,0.0,PREY_WIN,1,0,100.0,0.0
2081,-2.479999999999991,350,0.0,PREY_WIN,1,0,100.0,0.0
2082,-2.569999999999989,350,0.0,PREY_WIN,1,0,100.0,0.0
2083,-2.299999999999995,350,0.0,PREY_WIN,1,0,100.0,0.0
2084,-2.389999999999993,350,0.0,PREY_WIN,1,0,100.0,0.0
2085,-2.489999999999991,350,0.0,PREY_WIN,1,0,100.0,0.0
2086,-2.399999999999993,350,0.0,PREY_WIN,1,0,100.0,0.0
2087,-2.2699999999999956,350,0.0,PREY_WIN,1,0,100.0,0.0
2088,28.13749999999999,165,0.0,PREDATOR_WIN,0,1,0.0,47.09750000000026
2089,29.70749999999999,8,0.0,PREDATOR_WIN,0,1,0.0,100.0
2090,-2.7499999999999853,350,0.0,PREY_WIN,1,0,100.0,0.0
2091,29.754999999999992,10,0.0,PREDATOR_WIN,0,1,0.0,100.0
2092,-3.239999999999975,350,0.0,PREY_WIN,1,0,100.0,0.0
2093,-3.4999999999999694,350,0.0,PREY_WIN,1,1,100.0,28.300000000000313
2094,29.079999999999995,91,0.0,PREDATOR_WIN,0,1,0.0,78.07999999999998
2095,29.81499999999999,4,0.0,PREDATOR_WIN,0,1,0.0,100.0
2096,-3.45999999999997,350,0.0,PREY_WIN,1,0,100.0,0.0
2097,-3.2599999999999745,350,0.0,PREY_WIN,1,0,100.0,0.0
2098,-3.289999999999974,350,0.0,PREY_WIN,1,0,100.0,0.0
2099,29.292499999999993,63,0.0,PREDATOR_WIN,0,1,0.0,84.07249999999996
2100,28.242499999999993,165,0.0,PREDATOR_WIN,0,1,0.0,68.20249999999999
2101,-3.4999999999999694,350,0.0,PREY_WIN,1,1,100.0,32.80000000000004
2102,-3.4999999999999694,350,0.0,PREY_WIN,1,1,100.0,8.200000000000232
2103,-2.9199999999999817,350,0.0,PREY_WIN,1,0,100.0,0.0
2104,-2.4499999999999917,350,0.0,PREY_WIN,1,0,100.0,0.0
2105,-2.3199999999999945,350,0.0,PREY_WIN,1,0,100.0,0.0
2106,-2.289999999999995,350,0.0,PREY_WIN,1,0,100.0,0.0
2107,-2.2299999999999964,350,0.0,PREY_WIN,1,0,100.0,0.0
2108,-2.209999999999997,350,0.0,PREY_WIN,1,0,100.0,0.0
2109,-2.1399999999999983,350,0.0,PREY_WIN,1,0,100.0,0.0
2110,-2.2199999999999966,350,0.0,PREY_WIN,1,0,100.0,0.0
2111,-2.159999999999998,350,0.0,PREY_WIN,1,0,100.0,0.0
2112,-2.1899999999999973,350,0.0,PREY_WIN,1,0,100.0,0.0
2113,-2.1899999999999973,350,0.0,PREY_WIN,1,0,100.0,0.0
2114,-2.1699999999999977,350,0.0,PREY_WIN,1,0,100.0,0.0
2115,-2.1699999999999977,350,0.0,PREY_WIN,1,0,100.0,0.0
2116,-2.1899999999999973,350,0.0,PREY_WIN,1,0,100.0,0.0
2117,-2.239999999999996,350,0.0,PREY_WIN,1,0,100.0,0.0
2118,-2.4099999999999926,350,0.0,PREY_WIN,1,0,100.0,0.0
2119,-2.339999999999994,350,0.0,PREY_WIN,1,0,100.0,0.0
2120,-2.1699999999999977,350,0.0,PREY_WIN,1,0,100.0,0.0
2121,-2.209999999999997,350,0.0,PREY_WIN,1,0,100.0,0.0
2122,-2.149999999999998,350,0.0,PREY_WIN,1,0,100.0,0.0
2123,-2.299999999999995,350,0.0,PREY_WIN,1,0,100.0,0.0
2124,-3.4999999999999694,350,0.0,PREY_WIN,1,1,100.0,9.700000000000326
2125,-3.4999999999999694,350,0.0,PREY_WIN,1,1,99.72999999999999,32.500000000000135
2126,-3.45999999999997,350,0.0,PREY_WIN,1,0,100.0,0.0
2127,29.639999999999986,8,0.0,PREDATOR_WIN,0,1,0.0,100.0
2128,-3.4999999999999694,350,0.0,PREY_WIN,1,1,100.0,17.49999999999999
2129,-3.4999999999999694,350,0.0,PREY_WIN,1,1,93.27999999999975,4.600000000000224
2130,-3.379999999999972,350,0.0,PREY_WIN,1,0,100.0,0.0
2131,-3.4999999999999694,350,0.0,PREY_WIN,1,1,97.83999999999992,10.30000000000033
2132,-3.4999999999999694,350,0.0,PREY_WIN,1,1,100.0,18.999999999999982
2133,-3.2599999999999745,350,0.0,PREY_WIN,1,0,100.0,0.0
2134,-3.3399999999999728,350,0.0,PREY_WIN,1,0,100.0,0.0
2135,-2.709999999999986,350,0.0,PREY_WIN,1,0,100.0,0.0
2136,-2.7499999999999853,350,0.0,PREY_WIN,1,0,100.0,0.0
2137,-2.1699999999999977,350,0.0,PREY_WIN,1,0,100.0,0.0
2138,29.464999999999993,39,0.0,PREDATOR_WIN,0,1,0.0,99.78499999999987
2139,27.15250000000001,277,0.0,PREDATOR_WIN,0,1,0.0,48.79249999999989
2140,-3.4999999999999694,350,0.0,PREY_WIN,1,1,100.0,1.3000000000000635
2141,-3.4999999999999694,350,0.0,PREY_WIN,1,1,100.0,24.70000000000023
2142,-3.4999999999999694,350,0.0,PREY_WIN,1,1,100.0,13.000000000000352
2143,-3.369999999999972,350,0.0,PREY_WIN,1,0,100.0,0.0
2144,-2.9899999999999802,350,0.0,PREY_WIN,1,0,100.0,0.0
2145,-2.9399999999999813,350,0.0,PREY_WIN,1,0,100.0,0.0
2146,-2.5099999999999905,350,0.0,PREY_WIN,1,0,100.0,0.0
2147,-2.06,350,0.0,PREY_WIN,1,0,100.0,0.0
2148,-2.389999999999993,350,0.0,PREY_WIN,1,0,100.0,0.0
2149,-2.099999999999999,350,0.0,PREY_WIN,1,0,100.0,0.0
2150,-3.189999999999976,350,0.0,PREY_WIN,1,0,100.0,0.0
2151,-3.2499999999999747,350,0.0,PREY_WIN,1,0,100.0,0.0
2152,-3.189999999999976,350,0.0,PREY_WIN,1,0,100.0,0.0
2153,-2.8399999999999834,350,0.0,PREY_WIN,1,0,100.0,0.0
2154,29.319999999999997,67,0.0,PREDATOR_WIN,0,1,0.0,82.16
2155,-3.039999999999979,350,0.0,PREY_WIN,1,0,100.0,0.0
2156,28.539999999999996,145,0.0,PREDATOR_WIN,0,1,0.0,82.69999999999969
2157,29.002499999999984,65,0.0,PREDATOR_WIN,0,1,0.0,84.46249999999993
2158,-2.9199999999999817,350,0.0,PREY_WIN,1,0,100.0,0.0
2159,-3.3599999999999723,350,0.0,PREY_WIN,1,0,100.0,0.0
2160,-2.339999999999994,350,0.0,PREY_WIN,1,0,100.0,0.0
2161,-2.849999999999983,350,0.0,PREY_WIN,1,0,100.0,0.0
2162,-2.3699999999999934,350,0.0,PREY_WIN,1,0,100.0,0.0
2163,29.202499999999993,72,0.0,PREDATOR_WIN,0,1,0.0,84.19249999999991
2164,28.822499999999994,110,0.0,PREDATOR_WIN,0,1,0.0,71.23250000000016
2165,28.489999999999966,66,0.0,PREDATOR_WIN,0,1,0.0,82.63999999999996
2166,-3.4899999999999696,350,0.0,PREY_WIN,1,0,100.0,0.0
2167,-3.4999999999999694,350,0.0,PREY_WIN,1,1,100.0,11.20000000000004
2168,-2.7899999999999845,350,0.0,PREY_WIN,1,0,100.0,0.0
2169,-2.5599999999999894,350,0.0,PREY_WIN,1,0,100.0,0.0
2170,-2.1299999999999986,350,0.0,PREY_WIN,1,0,100.0,0.0
2171,29.764999999999993,9,0.0,PREDATOR_WIN,0,1,0.0,100.0
2172,-2.669999999999987,350,0.0,PREY_WIN,1,0,100.0,0.0
2173,-2.339999999999994,350,0.0,PREY_WIN,1,0,100.0,0.0
2174,-2.429999999999992,350,0.0,PREY_WIN,1,0,100.0,0.0
2175,-2.299999999999995,350,0.0,PREY_WIN,1,0,100.0,0.0
2176,29.429999999999996,56,0.0,PREDATOR_WIN,0,1,0.0,87.07999999999993
2177,29.32749999999999,46,0.0,PREDATOR_WIN,0,1,0.0,90.77749999999992
2178,28.039999999999996,195,0.0,PREDATOR_WIN,0,1,0.0,67.09999999999991
2179,27.96249999999999,196,0.0,PREDATOR_WIN,0,1,0.0,84.0124999999993
2180,-2.719999999999986,350,0.0,PREY_WIN,1,0,100.0,0.0
2181,-3.4999999999999694,350,0.0,PREY_WIN,1,1,100.0,19.600000000000023
2182,-2.7899999999999845,350,0.0,PREY_WIN,1,0,100.0,0.0
2183,-2.5599999999999894,350,0.0,PREY_WIN,1,0,100.0,0.0
2184,-2.769999999999985,350,0.0,PREY_WIN,1,0,100.0,0.0
2185,-2.479999999999991,350,0.0,PREY_WIN,1,0,100.0,0.0
2186,27.822499999999984,183,0.0,PREDATOR_WIN,0,1,0.0,41.802500000000265
2187,-3.369999999999972,350,0.0,PREY_WIN,1,0,100.0,0.0
2188,-2.579999999999989,350,0.0,PREY_WIN,1,0,100.0,0.0
2189,-2.3099999999999947,350,0.0,PREY_WIN,1,0,99.72999999999999,0.0
2190,29.219999999999995,77,0.0,PREDATOR_WIN,0,1,0.0,83.65999999999991
2191,-3.239999999999975,350,0.0,PREY_WIN,1,0,100.0,0.0
2192,-2.859999999999983,350,0.0,PREY_WIN,1,0,100.0,0.0
2193,-2.349999999999994,350,0.0,PREY_WIN,1,0,100.0,0.0
2194,-2.3299999999999943,350,0.0,PREY_WIN,1,0,100.0,0.0
2195,-2.249999999999996,350,0.0,PREY_WIN,1,0,100.0,0.0
2196,-2.159999999999998,350,0.0,PREY_WIN,1,0,100.0,0.0
2197,28.36499999999999,149,0.0,PREDATOR_WIN,0,1,0.0,51.18500000000028
2198,-3.3599999999999723,350,0.0,PREY_WIN,1,0,100.0,0.0
2199,-2.479999999999991,350,0.0,PREY_WIN,1,0,100.0,0.0
2200,-2.2799999999999954,350,0.0,PREY_WIN,1,0,100.0,0.0
2201,-2.4099999999999926,350,0.0,PREY_WIN,1,0,100.0,0.0
2202,29.81499999999999,4,0.0,PREDATOR_WIN,0,1,0.0,100.0
2203,-2.6399999999999877,350,0.0,PREY_WIN,1,0,100.0,0.0
2204,-2.259999999999996,350,0.0,PREY_WIN,1,0,100.0,0.0
2205,-2.4499999999999917,350,0.0,PREY_WIN,1,0,100.0,0.0
2206,-2.4699999999999913,350,0.0,PREY_WIN,1,0,100.0,0.0
2207,-2.4099999999999926,350,0.0,PREY_WIN,1,0,100.0,0.0
2208,-2.6399999999999877,350,0.0,PREY_WIN,1,0,100.0,0.0
2209,28.02499999999999,183,0.0,PREDATOR_WIN,0,1,0.0,49.20500000000024
2210,28.349999999999994,164,0.0,PREDATOR_WIN,0,1,0.0,54.02000000000028
2211,-3.4999999999999694,350,0.0,PREY_WIN,1,1,100.0,0.40000000000031005
2212,27.929999999999996,206,0.0,PREDATOR_WIN,0,1,0.0,56.780000000000236
2213,-3.4999999999999694,350,0.0,PREY_WIN,1,1,100.0,23.200000000000188
2214,29.969999999999995,2,0.0,PREDATOR_WIN,0,1,0.0,100.0
2215,-3.4999999999999694,350,0.0,PREY_WIN,1,1,100.0,28.60000000000031
2216,-3.099999999999978,350,0.0,PREY_WIN,1,0,100.0,0.0
2217,28.37249999999999,155,0.0,PREDATOR_WIN,0,1,0.0,59.23250000000033
2218,-2.5999999999999885,350,0.0,PREY_WIN,1,0,100.0,0.0
2219,29.742499999999993,18,0.0,PREDATOR_WIN,0,1,0.0,100.0
2220,28.299999999999997,169,0.0,PREDATOR_WIN,0,1,0.0,55.52000000000011
2221,-2.9199999999999817,350,0.0,PREY_WIN,1,0,100.0,0.0
2222,29.712499999999995,21,0.0,PREDATOR_WIN,0,1,0.0,100.0
2223,-3.4999999999999694,350,0.0,PREY_WIN,1,1,100.0,25.599999999999877
2224,-3.4999999999999694,350,0.0,PREY_WIN,1,1,100.0,26.800000000000175
2225,-3.4999999999999694,350,0.0,PREY_WIN,1,1,100.0,21.700000000000127
2226,-2.7999999999999843,350,0.0,PREY_WIN,1,0,100.0,0.0
2227,-2.4099999999999926,350,0.0,PREY_WIN,1,0,100.0,0.0
2228,28.872499999999995,105,0.0,PREDATOR_WIN,0,1,0.0,76.63249999999995
2229,-2.6899999999999866,350,0.0,PREY_WIN,1,0,100.0,0.0
2230,29.359999999999996,63,0.0,PREDATOR_WIN,0,1,0.0,84.13999999999997
2231,-3.0699999999999785,350,0.0,PREY_WIN,1,0,100.0,0.0
2232,-3.2499999999999747,350,0.0,PREY_WIN,1,0,100.0,0.0
2233,-2.7899999999999845,350,0.0,PREY_WIN,1,0,100.0,0.0
2234,29.099999999999998,89,0.0,PREDATOR_WIN,0,1,0.0,73.8200000000001
2235,-2.859999999999983,350,0.0,PREY_WIN,1,0,100.0,0.0
2236,-2.8899999999999824,350,0.0,PREY_WIN,1,0,100.0,0.0
2237,29.812499999999993,11,0.0,PREDATOR_WIN,0,1,0.0,100.0
2238,28.429999999999996,156,0.0,PREDATOR_WIN,0,1,0.0,70.57999999999998
2239,-3.0299999999999794,350,0.0,PREY_WIN,1,0,100.0,0.0
2240,-3.4999999999999694,350,0.0,PREY_WIN,1,1,99.72999999999999,10.59999999999996
2241,28.969999999999995,102,0.0,PREDATOR_WIN,0,1,0.0,84.8599999999999
2242,-2.8399999999999834,350,0.0,PREY_WIN,1,0,100.0,0.0
2243,-3.1099999999999777,350,0.0,PREY_WIN,1,0,100.0,0.0
2244,-2.1899999999999973,350,0.0,PREY_WIN,1,0,100.0,0.0
2245,-2.1199999999999988,350,0.0,PREY_WIN,1,0,100.0,0.0
2246,28.859999999999996,113,0.0,PREDATOR_WIN,0,1,0.0,69.44000000000008
2247,29.192499999999995,73,0.0,PREDATOR_WIN,0,1,0.0,80.47250000000001
2248,-3.0799999999999783,350,0.0,PREY_WIN,1,0,100.0,0.0
2249,-3.4999999999999694,350,0.0,PREY_WIN,1,1,100.0,34.00000000000001
2250,-3.4999999999999694,350,0.0,PREY_WIN,1,1,100.0,6.400000000000441
2251,-3.149999999999977,350,0.0,PREY_WIN,1,0,100.0,0.0
2252,-3.039999999999979,350,0.0,PREY_WIN,1,0,100.0,0.0
2253,28.972499999999993,95,0.0,PREDATOR_WIN,0,1,0.0,74.2325000000001
2254,-3.45999999999997,350,0.0,PREY_WIN,1,0,100.0,0.0
2255,-3.3399999999999728,350,0.0,PREY_WIN,1,0,100.0,0.0
2256,-2.4599999999999915,350,0.0,PREY_WIN,1,0,100.0,0.0
2257,-2.479999999999991,350,0.0,PREY_WIN,1,0,100.0,0.0
2258,-2.439999999999992,350,0.0,PREY_WIN,1,0,100.0,0.0
2259,29.862499999999994,6,0.0,PREDATOR_WIN,0,1,0.0,100.0
2260,-2.199999999999997,350,0.0,PREY_WIN,1,0,99.88,0.0
2261,29.77499999999999,8,0.0,PREDATOR_WIN,0,1,0.0,100.0
2262,-2.4499999999999917,350,0.0,PREY_WIN,1,0,100.0,0.0
2263,29.607499999999987,18,0.0,PREDATOR_WIN,0,1,0.0,100.0
2264,29.842499999999994,8,0.0,PREDATOR_WIN,0,1,0.0,100.0
2265,-2.389999999999993,350,0.0,PREY_WIN,1,0,100.0,0.0
2266,29.892499999999995,3,0.0,PREDATOR_WIN,0,1,0.0,100.0
2267,-2.389999999999993,350,0.0,PREY_WIN,1,0,100.0,0.0
2268,-2.3199999999999945,350,0.0,PREY_WIN,1,0,100.0,0.0
2269,-2.6099999999999883,350,0.0,PREY_WIN,1,0,100.0,0.0
2270,-2.489999999999991,350,0.0,PREY_WIN,1,0,100.0,0.0
2271,-2.2199999999999966,350,0.0,PREY_WIN,1,0,100.0,0.0
2272,-2.5099999999999905,350,0.0,PREY_WIN,1,0,100.0,0.0
2273,-2.3099999999999947,350,0.0,PREY_WIN,1,0,100.0,0.0
2274,28.919999999999995,107,0.0,PREDATOR_WIN,0,1,0.0,71.66000000000011
2275,26.952500000000015,297,0.0,PREDATOR_WIN,0,1,0.0,27.49250000000027
2276,-3.4999999999999694,350,0.0,PREY_WIN,1,1,100.0,10.000000000000137
2277,-3.4999999999999694,350,0.0,PREY_WIN,1,1,100.0,31.00000000000014
2278,-3.4899999999999696,350,0.0,PREY_WIN,1,0,100.0,0.0
2279,-2.849999999999983,350,0.0,PREY_WIN,1,0,100.0,0.0
2280,-2.1199999999999988,350,0.0,PREY_WIN,1,0,100.0,0.0
2281,-2.4599999999999915,350,0.0,PREY_WIN,1,0,100.0,0.0
2282,-2.4999999999999907,350,0.0,PREY_WIN,1,0,100.0,0.0
2283,-3.3399999999999728,350,0.0,PREY_WIN,1,0,100.0,0.0
2284,-3.3099999999999734,350,0.0,PREY_WIN,1,0,100.0,0.0
2285,-3.149999999999977,350,0.0,PREY_WIN,1,0,100.0,0.0
2286,29.81499999999999,4,0.0,PREDATOR_WIN,0,1,0.0,100.0
2287,-2.3699999999999934,350,0.0,PREY_WIN,1,0,100.0,0.0
2288,-2.159999999999998,350,0.0,PREY_WIN,1,0,100.0,0.0
2289,28.682499999999994,124,0.0,PREDATOR_WIN,0,1,0.0,61.75250000000025
2290,-3.239999999999975,350,0.0,PREY_WIN,1,0,100.0,0.0
2291,-3.4999999999999694,350,0.0,PREY_WIN,1,1,100.0,1.3000000000002954
2292,29.369999999999997,62,0.0,PREDATOR_WIN,0,1,0.0,84.25999999999998
2293,-3.0599999999999787,350,0.0,PREY_WIN,1,0,100.0,0.0
2294,-3.4999999999999694,350,0.0,PREY_WIN,1,1,100.0,12.399999999999629
2295,-2.8899999999999824,350,0.0,PREY_WIN,1,0,100.0,0.0
2296,-2.4499999999999917,350,0.0,PREY_WIN,1,0,100.0,0.0
2297,-2.1699999999999977,350,0.0,PREY_WIN,1,0,100.0,0.0
2298,-2.3099999999999947,350,0.0,PREY_WIN,1,0,100.0,0.0
2299,-2.389999999999993,350,0.0,PREY_WIN,1,0,100.0,0.0
2300,-2.4099999999999926,350,0.0,PREY_WIN,1,0,100.0,0.0
2301,29.79499999999999,6,0.0,PREDATOR_WIN,0,1,0.0,100.0
2302,29.652499999999993,27,0.0,PREDATOR_WIN,0,1,0.0,99.49249999999995
2303,-3.039999999999979,350,0.0,PREY_WIN,1,0,100.0,0.0
2304,-2.9899999999999802,350,0.0,PREY_WIN,1,0,100.0,0.0
2305,-2.6899999999999866,350,0.0,PREY_WIN,1,0,100.0,0.0
2306,-2.3099999999999947,350,0.0,PREY_WIN,1,0,100.0,0.0
2307,-2.339999999999994,350,0.0,PREY_WIN,1,0,100.0,0.0
2308,-2.4999999999999907,350,0.0,PREY_WIN,1,0,100.0,0.0
2309,-2.2799999999999954,350,0.0,PREY_WIN,1,0,100.0,0.0
2310,-2.479999999999991,350,0.0,PREY_WIN,1,0,100.0,0.0
2311,-2.389999999999993,350,0.0,PREY_WIN,1,0,100.0,0.0
2312,-2.2299999999999964,350,0.0,PREY_WIN,1,0,100.0,0.0
2313,-2.2799999999999954,350,0.0,PREY_WIN,1,0,100.0,0.0
2314,-2.259999999999996,350,0.0,PREY_WIN,1,0,100.0,0.0
2315,28.722499999999993,120,0.0,PREDATOR_WIN,0,1,0.0,63.732500000000215
2316,29.149999999999995,84,0.0,PREDATOR_WIN,0,1,0.0,77.42000000000004
2317,-3.4999999999999694,350,0.0,PREY_WIN,1,1,100.0,24.700000000000085
2318,28.159999999999997,183,0.0,PREDATOR_WIN,0,1,0.0,77.23999999999965
2319,29.632499999999993,29,0.0,PREDATOR_WIN,0,1,0.0,100.0
2320,-3.2999999999999736,350,0.0,PREY_WIN,1,0,100.0,0.0
2321,-3.2599999999999745,350,0.0,PREY_WIN,1,0,99.72999999999999,0.0
2322,-3.4999999999999694,350,0.0,PREY_WIN,1,1,100.0,19.300000000000054
2323,-2.719999999999986,350,0.0,PREY_WIN,1,0,100.0,0.0
2324,28.679999999999996,131,0.0,PREDATOR_WIN,0,1,0.0,60.980000000000295
2325,-3.1999999999999758,350,0.0,PREY_WIN,1,0,100.0,0.0
2326,-3.329999999999973,350,0.0,PREY_WIN,1,0,99.72999999999999,0.0
2327,-2.3099999999999947,350,0.0,PREY_WIN,1,0,100.0,0.0
2328,-2.629999999999988,350,0.0,PREY_WIN,1,0,100.0,0.0
2329,-2.489999999999991,350,0.0,PREY_WIN,1,0,100.0,0.0
2330,-2.719999999999986,350,0.0,PREY_WIN,1,0,100.0,0.0
2331,-2.5599999999999894,350,0.0,PREY_WIN,1,0,100.0,0.0
2332,-2.429999999999992,350,0.0,PREY_WIN,1,0,100.0,0.0
2333,-2.3699999999999934,350,0.0,PREY_WIN,1,0,100.0,0.0
2334,-2.479999999999991,350,0.0,PREY_WIN,1,0,100.0,0.0
2335,-2.2699999999999956,350,0.0,PREY_WIN,1,0,100.0,0.0
2336,-2.2199999999999966,350,0.0,PREY_WIN,1,0,100.0,0.0
2337,-2.2699999999999956,350,0.0,PREY_WIN,1,0,100.0,0.0
2338,-2.2199999999999966,350,0.0,PREY_WIN,1,0,100.0,0.0
2339,-2.259999999999996,350,0.0,PREY_WIN,1,0,100.0,0.0
2340,-2.3599999999999937,350,0.0,PREY_WIN,1,0,100.0,0.0
2341,-2.259999999999996,350,0.0,PREY_WIN,1,0,100.0,0.0
2342,27.732499999999984,192,0.0,PREDATOR_WIN,0,1,0.0,37.42250000000023
2343,-2.6399999999999877,350,0.0,PREY_WIN,1,0,100.0,0.0
2344,-3.3899999999999717,350,0.0,PREY_WIN,1,0,100.0,0.0
2345,-2.809999999999984,350,0.0,PREY_WIN,1,0,100.0,0.0
2346,-3.1099999999999777,350,0.0,PREY_WIN,1,0,100.0,0.0
2347,29.65499999999999,17,0.0,PREDATOR_WIN,0,1,0.0,100.0
2348,-2.579999999999989,350,0.0,PREY_WIN,1,0,100.0,0.0
2349,28.652499999999993,127,0.0,PREDATOR_WIN,0,1,0.0,60.49250000000027
2350,-3.2199999999999753,350,0.0,PREY_WIN,1,0,100.0,0.0
2351,29.68749999999999,10,0.0,PREDATOR_WIN,0,1,0.0,100.0
2352,-3.049999999999979,350,0.0,PREY_WIN,1,0,100.0,0.0
2353,28.202499999999993,172,0.0,PREDATOR_WIN,0,1,0.0,58.99250000000013
2354,-3.4999999999999694,350,0.0,PREY_WIN,1,1,100.0,1.0000000000003026
2355,-3.4099999999999713,350,0.0,PREY_WIN,1,0,100.0,0.0
2356,-3.4999999999999694,350,0.0,PREY_WIN,1,1,100.0,20.500000000000004
2357,-3.3499999999999726,350,0.0,PREY_WIN,1,0,100.0,0.0
2358,28.799999999999997,119,0.0,PREDATOR_WIN,0,1,0.0,81.01999999999978
2359,-3.4999999999999694,350,0.0,PREY_WIN,1,1,100.0,3.400000000000108
2360,29.832499999999996,9,0.0,PREDATOR_WIN,0,1,0.0,100.0
2361,29.592499999999994,33,0.0,PREDATOR_WIN,0,1,0.0,96.37249999999995
2362,-3.4999999999999694,350,0.0,PREY_WIN,1,1,100.0,28.60000000000007
2363,29.464999999999993,39,0.0,PREDATOR_WIN,0,1,0.0,93.78499999999993
2364,-3.4399999999999706,350,0.0,PREY_WIN,1,0,100.0,0.0
2365,-2.809999999999984,350,0.0,PREY_WIN,1,0,100.0,0.0
2366,-3.1099999999999777,350,0.0,PREY_WIN,1,0,100.0,0.0
2367,-2.619999999999988,350,0.0,PREY_WIN,1,0,100.0,0.0
2368,-2.389999999999993,350,0.0,PREY_WIN,1,0,100.0,0.0
2369,-2.4199999999999924,350,0.0,PREY_WIN,1,0,100.0,0.0
2370,-2.4599999999999915,350,0.0,PREY_WIN,1,0,100.0,0.0
2371,-2.6999999999999864,350,0.0,PREY_WIN,1,0,100.0,0.0
2372,-2.3299999999999943,350,0.0,PREY_WIN,1,0,100.0,0.0
2373,29.612499999999994,31,0.0,PREDATOR_WIN,0,1,0.0,97.81249999999994
2374,-2.7399999999999856,350,0.0,PREY_WIN,1,0,100.0,0.0
2375,-2.9799999999999804,350,0.0,PREY_WIN,1,0,100.0,0.0
2376,-3.139999999999977,350,0.0,PREY_WIN,1,0,100.0,0.0
2377,-2.909999999999982,350,0.0,PREY_WIN,1,0,100.0,0.0
2378,-2.4599999999999915,350,0.0,PREY_WIN,1,0,100.0,0.0
2379,-2.6499999999999875,350,0.0,PREY_WIN,1,0,100.0,0.0
2380,29.969999999999995,2,0.0,PREDATOR_WIN,0,1,0.0,100.0
2381,-2.489999999999991,350,0.0,PREY_WIN,1,0,100.0,0.0
2382,-2.239999999999996,350,0.0,PREY_WIN,1,0,100.0,0.0
2383,-2.249999999999996,350,0.0,PREY_WIN,1,0,100.0,0.0
2384,-2.259999999999996,350,0.0,PREY_WIN,1,0,100.0,0.0
2385,29.979999999999997,1,0.0,PREDATOR_WIN,0,1,0.0,100.0
2386,-2.3299999999999943,350,0.0,PREY_WIN,1,0,100.0,0.0
2387,29.929999999999996,6,0.0,PREDATOR_WIN,0,1,0.0,100.0
2388,-2.349999999999994,350,0.0,PREY_WIN,1,0,100.0,0.0
2389,-2.2199999999999966,350,0.0,PREY_WIN,1,0,100.0,0.0
2390,-2.209999999999997,350,0.0,PREY_WIN,1,0,100.0,0.0
2391,-2.1899999999999973,350,0.0,PREY_WIN,1,0,100.0,0.0
2392,-2.209999999999997,350,0.0,PREY_WIN,1,0,100.0,0.0
2393,-2.239999999999996,350,0.0,PREY_WIN,1,0,100.0,0.0
2394,-2.3099999999999947,350,0.0,PREY_WIN,1,0,100.0,0.0
2395,29.79499999999999,6,0.0,PREDATOR_WIN,0,1,0.0,100.0
2396,-2.249999999999996,350,0.0,PREY_WIN,1,0,100.0,0.0
2397,-2.199999999999997,350,0.0,PREY_WIN,1,0,100.0,0.0
2398,-2.159999999999998,350,0.0,PREY_WIN,1,0,100.0,0.0
2399,-2.239999999999996,350,0.0,PREY_WIN,1,0,100.0,0.0
2400,-2.159999999999998,350,0.0,PREY_WIN,1,0,100.0,0.0
2401,28.857499999999987,93,0.0,PREDATOR_WIN,0,1,0.0,73.43750000000009
2402,-3.4999999999999694,350,0.0,PREY_WIN,1,1,100.0,0.100000000000381
2403,29.77499999999999,8,0.0,PREDATOR_WIN,0,1,0.0,100.0
2404,-3.369999999999972,350,0.0,PREY_WIN,1,0,100.0,0.0
2405,-3.4999999999999694,350,0.0,PREY_WIN,1,1,100.0,15.700000000000081
2406,29.142499999999995,78,0.0,PREDATOR_WIN,0,1,0.0,78.67250000000004
2407,-3.4999999999999694,350,0.0,PREY_WIN,1,1,100.0,13.300000000000361
2408,-3.4999999999999694,350,0.0,PREY_WIN,1,1,100.0,14.800000000000413
2409,-3.4999999999999694,350,0.0,PREY_WIN,1,1,100.0,15.400000000000054
2410,-3.4999999999999694,350,0.0,PREY_WIN,1,1,100.0,7.90000000000028
2411,-2.949999999999981,350,0.0,PREY_WIN,1,0,100.0,0.0
2412,-3.089999999999978,350,0.0,PREY_WIN,1,0,100.0,0.0
2413,-2.909999999999982,350,0.0,PREY_WIN,1,0,100.0,0.0
2414,-2.6399999999999877,350,0.0,PREY_WIN,1,0,100.0,0.0
2415,-2.5099999999999905,350,0.0,PREY_WIN,1,0,100.0,0.0
2416,-2.769999999999985,350,0.0,PREY_WIN,1,0,100.0,0.0
2417,28.959999999999997,103,0.0,PREDATOR_WIN,0,1,0.0,86.53999999999968
2418,-2.899999999999982,350,0.0,PREY_WIN,1,0,100.0,0.0
2419,29.819999999999997,17,0.0,PREDATOR_WIN,0,1,0.0,100.0
2420,-2.8799999999999826,350,0.0,PREY_WIN,1,0,100.0,0.0
2421,29.409999999999997,58,0.0,PREDATOR_WIN,0,1,0.0,85.93999999999996
2422,-3.089999999999978,350,0.0,PREY_WIN,1,0,100.0,0.0
2423,-2.9399999999999813,350,0.0,PREY_WIN,1,0,100.0,0.0
2424,-2.5099999999999905,350,0.0,PREY_WIN,1,0,100.0,0.0
2425,-2.4099999999999926,350,0.0,PREY_WIN,1,0,100.0,0.0
2426,-2.6599999999999873,350,0.0,PREY_WIN,1,0,100.0,0.0
2427,-2.3599999999999937,350,0.0,PREY_WIN,1,0,100.0,0.0
2428,-2.3599999999999937,350,0.0,PREY_WIN,1,0,100.0,0.0
2429,-2.339999999999994,350,0.0,PREY_WIN,1,0,100.0,0.0
2430,29.299999999999997,69,0.0,PREDATOR_WIN,0,1,0.0,83.71999999999996
2431,-2.7899999999999845,350,0.0,PREY_WIN,1,0,100.0,0.0
2432,-3.139999999999977,350,0.0,PREY_WIN,1,0,100.0,0.0
2433,-2.4999999999999907,350,0.0,PREY_WIN,1,0,100.0,0.0
2434,-2.2799999999999954,350,0.0,PREY_WIN,1,0,100.0,0.0
2435,-2.4599999999999915,350,0.0,PREY_WIN,1,0,100.0,0.0
2436,-2.3199999999999945,350,0.0,PREY_WIN,1,0,100.0,0.0
2437,-2.149999999999998,350,0.0,PREY_WIN,1,0,100.0,0.0
2438,-2.209999999999997,350,0.0,PREY_WIN,1,0,100.0,0.0
2439,-2.199999999999997,350,0.0,PREY_WIN,1,0,100.0,0.0
2440,-2.1699999999999977,350,0.0,PREY_WIN,1,0,100.0,0.0
2441,-2.209999999999997,350,0.0,PREY_WIN,1,0,100.0,0.0
2442,-2.239999999999996,350,0.0,PREY_WIN,1,0,100.0,0.0
2443,-2.3199999999999945,350,0.0,PREY_WIN,1,0,100.0,0.0
2444,-2.209999999999997,350,0.0,PREY_WIN,1,0,100.0,0.0
2445,-2.3099999999999947,350,0.0,PREY_WIN,1,0,100.0,0.0
2446,-2.259999999999996,350,0.0,PREY_WIN,1,0,100.0,0.0
2447,-2.2199999999999966,350,0.0,PREY_WIN,1,0,100.0,0.0
2448,-2.199999999999997,350,0.0,PREY_WIN,1,0,100.0,0.0
2449,-2.159999999999998,350,0.0,PREY_WIN,1,0,100.0,0.0
2450,-2.239999999999996,350,0.0,PREY_WIN,1,0,100.0,0.0
2451,-3.4999999999999694,350,0.0,PREY_WIN,1,1,100.0,0.7000000000002622
2452,-2.6399999999999877,350,0.0,PREY_WIN,1,0,100.0,0.0
2453,29.909999999999997,8,0.0,PREDATOR_WIN,0,1,0.0,100.0
2454,28.969999999999995,102,0.0,PREDATOR_WIN,0,1,0.0,69.86000000000013
2455,-3.139999999999977,350,0.0,PREY_WIN,1,0,100.0,0.0
2456,-3.4399999999999706,350,0.0,PREY_WIN,1,0,100.0,0.0
2457,-3.4999999999999694,350,0.0,PREY_WIN,1,1,100.0,4.900000000000037
2458,29.969999999999995,2,0.0,PREDATOR_WIN,0,1,0.0,100.0
2459,-2.7999999999999843,350,0.0,PREY_WIN,1,0,100.0,0.0
2460,-2.7399999999999856,350,0.0,PREY_WIN,1,0,100.0,0.0
2461,-2.3099999999999947,350,0.0,PREY_WIN,1,0,100.0,0.0
2462,-2.439999999999992,350,0.0,PREY_WIN,1,0,100.0,0.0
2463,-2.159999999999998,350,0.0,PREY_WIN,1,0,100.0,0.0
2464,-2.6099999999999883,350,0.0,PREY_WIN,1,0,100.0,0.0
2465,-2.1899999999999973,350,0.0,PREY_WIN,1,0,100.0,0.0
2466,-2.1399999999999983,350,0.0,PREY_WIN,1,0,100.0,0.0
2467,-2.3299999999999943,350,0.0,PREY_WIN,1,0,100.0,0.0
2468,-2.3599999999999937,350,0.0,PREY_WIN,1,0,100.0,0.0
2469,-2.1699999999999977,350,0.0,PREY_WIN,1,0,100.0,0.0
2470,28.559999999999995,143,0.0,PREDATOR_WIN,0,1,0.0,53.540000000000305
2471,-2.9899999999999802,350,0.0,PREY_WIN,1,0,100.0,0.0
2472,-3.4999999999999694,350,0.0,PREY_WIN,1,1,100.0,20.800000000000388
2473,-3.4999999999999694,350,0.0,PREY_WIN,1,1,100.0,0.7000000000001723
2474,-3.1699999999999764,350,0.0,PREY_WIN,1,0,100.0,0.0
2475,-2.759999999999985,350,0.0,PREY_WIN,1,0,100.0,0.0
2476,-2.6099999999999883,350,0.0,PREY_WIN,1,0,100.0,0.0
2477,-2.249999999999996,350,0.0,PREY_WIN,1,0,100.0,0.0
2478,-2.209999999999997,350,0.0,PREY_WIN,1,0,100.0,0.0
2479,-2.249999999999996,350,0.0,PREY_WIN,1,0,100.0,0.0
2480,-2.3599999999999937,350,0.0,PREY_WIN,1,0,100.0,0.0
2481,-2.3599999999999937,350,0.0,PREY_WIN,1,0,100.0,0.0
2482,-2.3099999999999947,350,0.0,PREY_WIN,1,0,100.0,0.0
2483,-2.2299999999999964,350,0.0,PREY_WIN,1,0,100.0,0.0
2484,-2.3099999999999947,350,0.0,PREY_WIN,1,0,100.0,0.0
2485,-2.199999999999997,350,0.0,PREY_WIN,1,0,100.0,0.0
2486,29.459999999999997,53,0.0,PREDATOR_WIN,0,1,0.0,88.93999999999991
2487,-3.3399999999999728,350,0.0,PREY_WIN,1,0,100.0,0.0
2488,-2.8899999999999824,350,0.0,PREY_WIN,1,0,100.0,0.0
2489,-2.909999999999982,350,0.0,PREY_WIN,1,0,100.0,0.0
2490,-2.4699999999999913,350,0.0,PREY_WIN,1,0,100.0,0.0
2491,28.419999999999995,157,0.0,PREDATOR_WIN,0,1,0.0,50.96000000000025
2492,-2.199999999999997,350,0.0,PREY_WIN,1,0,100.0,0.0
2493,-3.4999999999999694,350,0.0,PREY_WIN,1,1,100.0,5.800000000000341
2494,29.859999999999996,13,0.0,PREDATOR_WIN,0,1,0.0,100.0
2495,-3.4999999999999694,350,0.0,PREY_WIN,1,1,100.0,0.7000000000003217
2496,-2.619999999999988,350,0.0,PREY_WIN,1,0,100.0,0.0
2497,28.529999999999994,146,0.0,PREDATOR_WIN,0,1,0.0,60.98000000000011
2498,-3.3099999999999734,350,0.0,PREY_WIN,1,0,100.0,0.0
2499,-3.4999999999999694,350,0.0,PREY_WIN,1,1,100.0,22.600000000000446
2500,-3.4999999999999694,350,0.0,PREY_WIN,1,1,100.0,6.100000000000401
2501,-2.3299999999999943,350,0.0,PREY_WIN,1,0,100.0,0.0
2502,-2.5499999999999896,350,0.0,PREY_WIN,1,0,100.0,0.0
2503,-2.249999999999996,350,0.0,PREY_WIN,1,0,99.72999999999999,0.0
2504,-2.5599999999999894,350,0.0,PREY_WIN,1,0,100.0,0.0
2505,-2.4199999999999924,350,0.0,PREY_WIN,1,0,100.0,0.0
2506,-2.7299999999999858,350,0.0,PREY_WIN,1,0,100.0,0.0
2507,-2.6599999999999873,350,0.0,PREY_WIN,1,0,100.0,0.0
2508,29.969999999999995,2,0.0,PREDATOR_WIN,0,1,0.0,100.0
2509,29.269999999999996,72,0.0,PREDATOR_WIN,0,1,0.0,82.15999999999998
2510,29.272499999999972,11,0.0,PREDATOR_WIN,0,1,0.0,100.0
2511,-2.349999999999994,350,0.0,PREY_WIN,1,0,100.0,0.0
2512,-3.4999999999999694,350,0.0,PREY_WIN,1,1,100.0,13.900000000000242
2513,-3.4999999999999694,350,0.0,PREY_WIN,1,1,100.0,1.600000000000042
2514,-2.2299999999999964,350,0.0,PREY_WIN,1,0,100.0,0.0
2515,-2.339999999999994,350,0.0,PREY_WIN,1,0,100.0,0.0
2516,-2.209999999999997,350,0.0,PREY_WIN,1,0,100.0,0.0
2517,-2.489999999999991,350,0.0,PREY_WIN,1,0,100.0,0.0
2518,-2.1399999999999983,350,0.0,PREY_WIN,1,0,100.0,0.0
2519,-2.6399999999999877,350,0.0,PREY_WIN,1,0,100.0,0.0
2520,-2.7299999999999858,350,0.0,PREY_WIN,1,0,100.0,0.0
2521,-2.209999999999997,350,0.0,PREY_WIN,1,0,100.0,0.0
2522,29.659999999999997,33,0.0,PREDATOR_WIN,0,1,0.0,96.43999999999994
2523,-3.049999999999979,350,0.0,PREY_WIN,1,0,100.0,0.0
2524,29.759999999999998,23,0.0,PREDATOR_WIN,0,1,0.0,100.0
2525,29.689999999999998,30,0.0,PREDATOR_WIN,0,1,0.0,97.69999999999995
2526,-3.2499999999999747,350,0.0,PREY_WIN,1,0,100.0,0.0
2527,-2.859999999999983,350,0.0,PREY_WIN,1,0,100.0,0.0
2528,28.409999999999997,158,0.0,PREDATOR_WIN,0,1,0.0,47.8400000000003
2529,-3.3899999999999717,350,0.0,PREY_WIN,1,0,100.0,0.0
2530,29.692499999999995,23,0.0,PREDATOR_WIN,0,1,0.0,100.0
2531,-3.4999999999999694,350,0.0,PREY_WIN,1,1,100.0,20.80000000000012
2532,-3.039999999999979,350,0.0,PREY_WIN,1,0,100.0,0.0
2533,29.832499999999996,9,0.0,PREDATOR_WIN,0,1,0.0,100.0
2534,28.419999999999995,157,0.0,PREDATOR_WIN,0,1,0.0,54.56000000000034
2535,28.579999999999995,141,0.0,PREDATOR_WIN,0,1,0.0,75.0799999999999
2536,29.03249999999999,86,0.0,PREDATOR_WIN,0,1,0.0,74.3825000000001
2537,-3.47999999999997,350,0.0,PREY_WIN,1,0,100.0,0.0
2538,-3.4999999999999694,350,0.0,PREY_WIN,1,1,100.0,22.900000000000045
2539,-2.869999999999983,350,0.0,PREY_WIN,1,0,100.0,0.0
2540,28.234999999999992,162,0.0,PREDATOR_WIN,0,1,0.0,50.82500000000027
2541,29.574999999999992,28,0.0,PREDATOR_WIN,0,1,0.0,98.40499999999994
2542,27.73,226,0.0,PREDATOR_WIN,0,1,0.0,54.97999999999995
2543,29.872499999999995,5,0.0,PREDATOR_WIN,0,1,0.0,100.0
2544,28.219999999999995,177,0.0,PREDATOR_WIN,0,1,0.0,67.15999999999988
2545,27.532500000000002,239,0.0,PREDATOR_WIN,0,1,0.0,45.8525000000002
2546,-3.4999999999999694,350,0.0,PREY_WIN,1,1,100.0,5.20000000000011
2547,-2.6099999999999883,350,0.0,PREY_WIN,1,0,100.0,0.0
2548,-3.2499999999999747,350,0.0,PREY_WIN,1,0,100.0,0.0
2549,29.292499999999993,63,0.0,PREDATOR_WIN,0,1,0.0,84.07249999999996
2550,-3.2599999999999745,350,0.0,PREY_WIN,1,0,100.0,0.0
2551,-2.719999999999986,350,0.0,PREY_WIN,1,0,100.0,0.0
2552,-2.399999999999993,350,0.0,PREY_WIN,1,0,100.0,0.0
2553,28.512499999999992,141,0.0,PREDATOR_WIN,0,1,0.0,58.812500000000234
2554,-2.53999999999999,350,0.0,PREY_WIN,1,0,100.0,0.0
2555,-3.1099999999999777,350,0.0,PREY_WIN,1,0,100.0,0.0
2556,29.889999999999997,10,0.0,PREDATOR_WIN,0,1,0.0,100.0
2557,-3.3099999999999734,350,0.0,PREY_WIN,1,0,100.0,0.0
2558,-2.5099999999999905,350,0.0,PREY_WIN,1,0,100.0,0.0
2559,28.322499999999994,160,0.0,PREDATOR_WIN,0,1,0.0,59.23250000000017
2560,-2.8899999999999824,350,0.0,PREY_WIN,1,0,100.0,0.0
2561,-2.6399999999999877,350,0.0,PREY_WIN,1,0,100.0,0.0
2562,-2.4699999999999913,350,0.0,PREY_WIN,1,0,100.0,0.0
2563,-2.5899999999999888,350,0.0,PREY_WIN,1,0,100.0,0.0
2564,-2.259999999999996,350,0.0,PREY_WIN,1,0,100.0,0.0
2565,-2.239999999999996,350,0.0,PREY_WIN,1,0,100.0,0.0
2566,-2.209999999999997,350,0.0,PREY_WIN,1,0,100.0,0.0
2567,-2.259999999999996,350,0.0,PREY_WIN,1,0,100.0,0.0
2568,-2.4599999999999915,350,0.0,PREY_WIN,1,0,100.0,0.0
2569,-2.209999999999997,350,0.0,PREY_WIN,1,0,100.0,0.0
2570,-2.259999999999996,350,0.0,PREY_WIN,1,0,100.0,0.0
2571,-2.2699999999999956,350,0.0,PREY_WIN,1,0,100.0,0.0
2572,-2.1899999999999973,350,0.0,PREY_WIN,1,0,100.0,0.0
2573,-2.3799999999999932,350,0.0,PREY_WIN,1,0,100.0,0.0
2574,-2.399999999999993,350,0.0,PREY_WIN,1,0,100.0,0.0
2575,-2.209999999999997,350,0.0,PREY_WIN,1,0,100.0,0.0
2576,-2.239999999999996,350,0.0,PREY_WIN,1,0,100.0,0.0
2577,-2.3299999999999943,350,0.0,PREY_WIN,1,0,100.0,0.0
2578,-2.1699999999999977,350,0.0,PREY_WIN,1,0,100.0,0.0
2579,29.542499999999993,38,0.0,PREDATOR_WIN,0,1,0.0,94.57249999999993
2580,-2.819999999999984,350,0.0,PREY_WIN,1,0,100.0,0.0
2581,-2.53999999999999,350,0.0,PREY_WIN,1,0,100.0,0.0
2582,-2.8299999999999836,350,0.0,PREY_WIN,1,0,100.0,0.0
2583,-2.7999999999999843,350,0.0,PREY_WIN,1,0,100.0,0.0
2584,-2.1399999999999983,350,0.0,PREY_WIN,1,0,100.0,0.0
2585,-2.399999999999993,350,0.0,PREY_WIN,1,0,100.0,0.0
2586,29.292499999999993,63,0.0,PREDATOR_WIN,0,1,0.0,84.07249999999998
2587,-2.349999999999994,350,0.0,PREY_WIN,1,0,100.0,0.0
2588,-3.239999999999975,350,0.0,PREY_WIN,1,0,100.0,0.0
2589,29.747499999999988,4,0.0,PREDATOR_WIN,0,1,0.0,100.0
2590,-3.419999999999971,350,0.0,PREY_WIN,1,0,100.0,0.0
2591,-2.5499999999999896,350,0.0,PREY_WIN,1,0,100.0,0.0
2592,-2.4099999999999926,350,0.0,PREY_WIN,1,0,100.0,0.0
2593,-2.1299999999999986,350,0.0,PREY_WIN,1,0,100.0,0.0
2594,-2.209999999999997,350,0.0,PREY_WIN,1,0,100.0,0.0
2595,27.599999999999973,182,0.0,PREDATOR_WIN,0,1,0.0,37.190000000000246
2596,-3.239999999999975,350,0.0,PREY_WIN,1,0,100.0,0.0
2597,-2.9799999999999804,350,0.0,PREY_WIN,1,0,100.0,0.0
2598,29.799999999999997,19,0.0,PREDATOR_WIN,0,1,0.0,100.0
2599,-2.859999999999983,350,0.0,PREY_WIN,1,0,100.0,0.0
2600,-2.5099999999999905,350,0.0,PREY_WIN,1,0,100.0,0.0
2601,-3.2599999999999745,350,0.0,PREY_WIN,1,0,100.0,0.0
2602,-2.579999999999989,350,0.0,PREY_WIN,1,0,100.0,0.0
2603,-2.3099999999999947,350,0.0,PREY_WIN,1,0,100.0,0.0
2604,29.799999999999997,19,0.0,PREDATOR_WIN,0,1,0.0,100.0
2605,-2.1899999999999973,350,0.0,PREY_WIN,1,0,100.0,0.0
2606,-2.52999999999999,350,0.0,PREY_WIN,1,0,100.0,0.0
2607,-2.4599999999999915,350,0.0,PREY_WIN,1,0,100.0,0.0
2608,-2.149999999999998,350,0.0,PREY_WIN,1,0,100.0,0.0
2609,-2.53999999999999,350,0.0,PREY_WIN,1,0,100.0,0.0
2610,-2.859999999999983,350,0.0,PREY_WIN,1,0,100.0,0.0
2611,-3.4999999999999694,350,0.0,PREY_WIN,1,1,100.0,2.2000000000001902
2612,-3.4999999999999694,350,0.0,PREY_WIN,1,1,100.0,9.400000000000334
2613,29.747499999999988,4,0.0,PREDATOR_WIN,0,1,0.0,100.0
2614,-3.4999999999999694,350,0.0,PREY_WIN,1,1,100.0,5.2000000000001485
2615,-3.419999999999971,350,0.0,PREY_WIN,1,0,100.0,0.0
2616,-2.489999999999991,350,0.0,PREY_WIN,1,0,100.0,0.0
2617,-2.7899999999999845,350,0.0,PREY_WIN,1,0,100.0,0.0
2618,-2.6999999999999864,350,0.0,PREY_WIN,1,0,100.0,0.0
2619,-2.4999999999999907,350,0.0,PREY_WIN,1,0,100.0,0.0
2620,-2.2699999999999956,350,0.0,PREY_WIN,1,0,100.0,0.0
2621,-2.339999999999994,350,0.0,PREY_WIN,1,0,100.0,0.0
2622,-2.3099999999999947,350,0.0,PREY_WIN,1,0,100.0,0.0
2623,-2.289999999999995,350,0.0,PREY_WIN,1,0,100.0,0.0
2624,-2.2699999999999956,350,0.0,PREY_WIN,1,0,100.0,0.0
2625,-2.259999999999996,350,0.0,PREY_WIN,1,0,100.0,0.0
2626,-2.2799999999999954,350,0.0,PREY_WIN,1,0,100.0,0.0
2627,-2.239999999999996,350,0.0,PREY_WIN,1,0,100.0,0.0
2628,-2.289999999999995,350,0.0,PREY_WIN,1,0,100.0,0.0
2629,-2.479999999999991,350,0.0,PREY_WIN,1,0,100.0,0.0
2630,-2.2299999999999964,350,0.0,PREY_WIN,1,0,100.0,0.0
2631,-2.239999999999996,350,0.0,PREY_WIN,1,0,100.0,0.0
2632,-2.199999999999997,350,0.0,PREY_WIN,1,0,100.0,0.0
2633,-2.1799999999999975,350,0.0,PREY_WIN,1,0,100.0,0.0
2634,-2.209999999999997,350,0.0,PREY_WIN,1,0,100.0,0.0
2635,-2.1799999999999975,350,0.0,PREY_WIN,1,0,100.0,0.0
2636,-2.289999999999995,350,0.0,PREY_WIN,1,0,100.0,0.0
2637,28.492499999999993,143,0.0,PREDATOR_WIN,0,1,0.0,54.6725000000003
2638,-2.769999999999985,350,0.0,PREY_WIN,1,0,100.0,0.0
2639,-3.4999999999999694,350,0.0,PREY_WIN,1,1,100.0,9.400000000000322
2640,-3.4999999999999694,350,0.0,PREY_WIN,1,1,100.0,10.000000000000068
2641,-3.279999999999974,350,0.0,PREY_WIN,1,0,100.0,0.0
2642,28.542499999999993,138,0.0,PREDATOR_WIN,0,1,0.0,77.77249999999975
2643,-2.4699999999999913,350,0.0,PREY_WIN,1,0,100.0,0.0
2644,-2.5899999999999888,350,0.0,PREY_WIN,1,0,100.0,0.0
2645,-3.4999999999999694,350,0.0,PREY_WIN,1,1,100.0,31.600000000000186
2646,-2.959999999999981,350,0.0,PREY_WIN,1,0,100.0,0.0
2647,-3.4999999999999694,350,0.0,PREY_WIN,1,1,100.0,12.10000000000027
2648,-3.4999999999999694,350,0.0,PREY_WIN,1,1,100.0,11.200000000000266
2649,-3.4999999999999694,350,0.0,PREY_WIN,1,1,100.0,6.100000000000302
2650,-3.45999999999997,350,0.0,PREY_WIN,1,0,100.0,0.0
2651,-2.389999999999993,350,0.0,PREY_WIN,1,0,100.0,0.0
2652,-2.5599999999999894,350,0.0,PREY_WIN,1,0,100.0,0.0
2653,-2.3099999999999947,350,0.0,PREY_WIN,1,0,100.0,0.0
2654,-2.259999999999996,350,0.0,PREY_WIN,1,0,100.0,0.0
2655,28.802499999999995,112,0.0,PREDATOR_WIN,0,1,0.0,67.09250000000017
2656,29.102499999999992,82,0.0,PREDATOR_WIN,0,1,0.0,78.79250000000002
2657,-3.4999999999999694,350,0.0,PREY_WIN,1,1,100.0,6.400000000000128
2658,-3.4999999999999694,350,0.0,PREY_WIN,1,1,100.0,5.80000000000041
2659,-3.4999999999999694,350,0.0,PREY_WIN,1,1,100.0,25.900000000000087
2660,-2.949999999999981,350,0.0,PREY_WIN,1,0,100.0,0.0
2661,-2.709999999999986,350,0.0,PREY_WIN,1,0,100.0,0.0
2662,-2.3199999999999945,350,0.0,PREY_WIN,1,0,100.0,0.0
2663,-2.4099999999999926,350,0.0,PREY_WIN,1,0,100.0,0.0
2664,29.882499999999993,4,0.0,PREDATOR_WIN,0,1,0.0,100.0
2665,-2.399999999999993,350,0.0,PREY_WIN,1,0,100.0,0.0
2666,-2.239999999999996,350,0.0,PREY_WIN,1,0,100.0,0.0
2667,-2.53999999999999,350,0.0,PREY_WIN,1,0,100.0,0.0
2668,-2.579999999999989,350,0.0,PREY_WIN,1,0,100.0,0.0
2669,-2.389999999999993,350,0.0,PREY_WIN,1,0,100.0,0.0
2670,-2.239999999999996,350,0.0,PREY_WIN,1,0,100.0,0.0
2671,-2.249999999999996,350,0.0,PREY_WIN,1,0,100.0,0.0
2672,-2.339999999999994,350,0.0,PREY_WIN,1,0,100.0,0.0
2673,-2.2199999999999966,350,0.0,PREY_WIN,1,0,100.0,0.0
2674,-2.239999999999996,350,0.0,PREY_WIN,1,0,100.0,0.0
2675,-2.1899999999999973,350,0.0,PREY_WIN,1,0,100.0,0.0
2676,29.262499999999996,66,0.0,PREDATOR_WIN,0,1,0.0,84.91249999999994
2677,-2.759999999999985,350,0.0,PREY_WIN,1,0,100.0,0.0
2678,-2.489999999999991,350,0.0,PREY_WIN,1,0,100.0,0.0
2679,-2.7899999999999845,350,0.0,PREY_WIN,1,0,100.0,0.0
2680,-2.8799999999999826,350,0.0,PREY_WIN,1,0,100.0,0.0
2681,-2.9899999999999802,350,0.0,PREY_WIN,1,0,100.0,0.0
2682,-2.709999999999986,350,0.0,PREY_WIN,1,0,100.0,0.0
2683,-2.209999999999997,350,0.0,PREY_WIN,1,0,100.0,0.0
2684,-2.2699999999999956,350,0.0,PREY_WIN,1,0,100.0,0.0
2685,-2.1899999999999973,350,0.0,PREY_WIN,1,0,100.0,0.0
2686,-2.4999999999999907,350,0.0,PREY_WIN,1,0,100.0,0.0
2687,-2.2199999999999966,350,0.0,PREY_WIN,1,0,100.0,0.0
2688,-2.389999999999993,350,0.0,PREY_WIN,1,0,99.72999999999999,0.0
2689,-2.399999999999993,350,0.0,PREY_WIN,1,0,100.0,0.0
2690,29.239999999999995,75,0.0,PREDATOR_WIN,0,1,0.0,80.60000000000001
2691,29.747499999999988,4,0.0,PREDATOR_WIN,0,1,0.0,100.0
2692,-3.4999999999999694,350,0.0,PREY_WIN,1,1,100.0,5.500000000000226
2693,-3.4999999999999694,350,0.0,PREY_WIN,1,1,100.0,9.700000000000285
2694,26.9225,276,0.0,PREDATOR_WIN,0,1,0.0,30.672500000000312
2695,-3.3899999999999717,350,0.0,PREY_WIN,1,0,100.0,0.0
2696,-2.8899999999999824,350,0.0,PREY_WIN,1,0,100.0,0.0
2697,-2.679999999999987,350,0.0,PREY_WIN,1,0,100.0,0.0
2698,-3.0699999999999785,350,0.0,PREY_WIN,1,0,100.0,0.0
2699,-2.289999999999995,350,0.0,PREY_WIN,1,0,100.0,0.0
2700,29.639999999999997,35,0.0,PREDATOR_WIN,0,1,0.0,95.59999999999994
2701,-2.53999999999999,350,0.0,PREY_WIN,1,0,100.0,0.0
2702,-3.179999999999976,350,0.0,PREY_WIN,1,0,100.0,0.0
2703,28.53249999999999,139,0.0,PREDATOR_WIN,0,1,0.0,68.65250000000012
2704,29.00749999999999,78,0.0,PREDATOR_WIN,0,1,0.0,77.63750000000005
2705,-3.4999999999999694,350,0.0,PREY_WIN,1,1,100.0,15.40000000000006
2706,-3.4999999999999694,350,0.0,PREY_WIN,1,1,100.0,8.799999999999965
2707,-3.4999999999999694,350,0.0,PREY_WIN,1,1,100.0,21.39999999999991
2708,29.842499999999994,8,0.0,PREDATOR_WIN,0,1,0.0,100.0
2709,28.072499999999962,104,0.0,PREDATOR_WIN,0,1,0.0,67.24250000000015
2710,-3.039999999999979,350,0.0,PREY_WIN,1,0,100.0,0.0
2711,-2.2699999999999956,350,0.0,PREY_WIN,1,0,100.0,0.0
2712,-2.5199999999999902,350,0.0,PREY_WIN,1,0,100.0,0.0
2713,-2.159999999999998,350,0.0,PREY_WIN,1,0,100.0,0.0
2714,-2.6899999999999866,350,0.0,PREY_WIN,1,0,100.0,0.0
2715,29.324999999999992,53,0.0,PREDATOR_WIN,0,1,0.0,99.60499999999979
2716,27.530000000000005,246,0.0,PREDATOR_WIN,0,1,0.0,49.280000000000115
2717,-3.4999999999999694,350,0.0,PREY_WIN,1,1,100.0,6.400000000000071
2718,29.73749999999999,5,0.0,PREDATOR_WIN,0,1,0.0,100.0
2719,-3.4999999999999694,350,0.0,PREY_WIN,1,1,100.0,23.80000000000018
2720,-3.4999999999999694,350,0.0,PREY_WIN,1,1,100.0,12.1000000000002
2721,29.902499999999993,2,0.0,PREDATOR_WIN,0,1,0.0,100.0
2722,28.799999999999997,119,0.0,PREDATOR_WIN,0,1,0.0,68.72000000000017
2723,28.742499999999993,118,0.0,PREDATOR_WIN,0,1,0.0,63.072500000000225
2724,-3.3599999999999723,350,0.0,PREY_WIN,1,0,100.0,0.0
2725,26.785000000000014,307,0.0,PREDATOR_WIN,0,1,0.0,54.425000000000246
2726,-2.9299999999999815,350,0.0,PREY_WIN,1,0,100.0,0.0
2727,-3.039999999999979,350,0.0,PREY_WIN,1,0,100.0,0.0
2728,-3.4999999999999694,350,0.0,PREY_WIN,1,1,100.0,5.200000000000029
2729,-3.139999999999977,350,0.0,PREY_WIN,1,0,100.0,0.0
2730,28.332499999999992,159,0.0,PREDATOR_WIN,0,1,0.0,48.25250000000027
2731,-2.5499999999999896,350,0.0,PREY_WIN,1,0,100.0,0.0
2732,-3.4999999999999694,350,0.0,PREY_WIN,1,1,100.0,11.20000000000034
2733,-3.2499999999999747,350,0.0,PREY_WIN,1,0,100.0,0.0
2734,-2.819999999999984,350,0.0,PREY_WIN,1,0,100.0,0.0
2735,-2.399999999999993,350,0.0,PREY_WIN,1,0,100.0,0.0
2736,-2.1399999999999983,350,0.0,PREY_WIN,1,0,100.0,0.0
2737,-2.3199999999999945,350,0.0,PREY_WIN,1,0,100.0,0.0
2738,-2.209999999999997,350,0.0,PREY_WIN,1,0,100.0,0.0
2739,-2.259999999999996,350,0.0,PREY_WIN,1,0,100.0,0.0
2740,-2.3599999999999937,350,0.0,PREY_WIN,1,0,100.0,0.0
2741,29.63499999999999,22,0.0,PREDATOR_WIN,0,1,0.0,100.0
2742,28.059999999999995,193,0.0,PREDATOR_WIN,0,1,0.0,73.3399999999997
2743,-2.709999999999986,350,0.0,PREY_WIN,1,0,100.0,0.0
2744,-3.4999999999999694,350,0.0,PREY_WIN,1,1,100.0,16.600000000000044
2745,-2.5899999999999888,350,0.0,PREY_WIN,1,0,100.0,0.0
2746,-2.199999999999997,350,0.0,PREY_WIN,1,0,100.0,0.0
2747,-2.1399999999999983,350,0.0,PREY_WIN,1,0,99.88,0.0
2748,29.859999999999996,13,0.0,PREDATOR_WIN,0,1,0.0,100.0
2749,-2.2199999999999966,350,0.0,PREY_WIN,1,0,100.0,0.0
2750,-2.389999999999993,350,0.0,PREY_WIN,1,0,100.0,0.0
2751,-2.209999999999997,350,0.0,PREY_WIN,1,0,100.0,0.0
2752,-2.489999999999991,350,0.0,PREY_WIN,1,0,100.0,0.0
2753,29.70749999999999,8,0.0,PREDATOR_WIN,0,1,0.0,100.0
2754,-2.1699999999999977,350,0.0,PREY_WIN,1,0,100.0,0.0
2755,-2.149999999999998,350,0.0,PREY_WIN,1,0,100.0,0.0
2756,-2.199999999999997,350,0.0,PREY_WIN,1,0,100.0,0.0
2757,-2.5199999999999902,350,0.0,PREY_WIN,1,0,100.0,0.0
2758,-2.249999999999996,350,0.0,PREY_WIN,1,0,100.0,0.0
2759,-2.1699999999999977,350,0.0,PREY_WIN,1,0,100.0,0.0
2760,-2.6099999999999883,350,0.0,PREY_WIN,1,0,100.0,0.0
2761,-2.4199999999999924,350,0.0,PREY_WIN,1,0,100.0,0.0
2762,-2.809999999999984,350,0.0,PREY_WIN,1,0,100.0,0.0
2763,-3.4999999999999694,350,0.0,PREY_WIN,1,1,100.0,9.10000000000008
2764,-3.4999999999999694,350,0.0,PREY_WIN,1,1,99.72999999999999,3.1000000000003007
2765,-2.6399999999999877,350,0.0,PREY_WIN,1,0,100.0,0.0
2766,-2.1399999999999983,350,0.0,PREY_WIN,1,0,100.0,0.0
2767,-2.3799999999999932,350,0.0,PREY_WIN,1,0,100.0,0.0
2768,-2.1399999999999983,350,0.0,PREY_WIN,1,0,100.0,0.0
2769,29.714999999999993,14,0.0,PREDATOR_WIN,0,1,0.0,100.0
2770,-2.289999999999995,350,0.0,PREY_WIN,1,0,100.0,0.0
2771,-2.3199999999999945,350,0.0,PREY_WIN,1,0,100.0,0.0
2772,-2.209999999999997,350,0.0,PREY_WIN,1,0,100.0,0.0
2773,-2.6899999999999866,350,0.0,PREY_WIN,1,0,100.0,0.0
2774,-2.3099999999999947,350,0.0,PREY_WIN,1,0,100.0,0.0
2775,-2.209999999999997,350,0.0,PREY_WIN,1,0,100.0,0.0
2776,-2.4099999999999926,350,0.0,PREY_WIN,1,0,100.0,0.0
2777,-2.209999999999997,350,0.0,PREY_WIN,1,0,100.0,0.0
2778,-2.3199999999999945,350,0.0,PREY_WIN,1,0,100.0,0.0
2779,-2.289999999999995,350,0.0,PREY_WIN,1,0,100.0,0.0
2780,-2.259999999999996,350,0.0,PREY_WIN,1,0,100.0,0.0
2781,-2.439999999999992,350,0.0,PREY_WIN,1,0,100.0,0.0
2782,-2.3099999999999947,350,0.0,PREY_WIN,1,0,100.0,0.0
2783,-2.239999999999996,350,0.0,PREY_WIN,1,0,100.0,0.0
2784,-2.3299999999999943,350,0.0,PREY_WIN,1,0,100.0,0.0
2785,-2.259999999999996,350,0.0,PREY_WIN,1,0,100.0,0.0
2786,-2.3799999999999932,350,0.0,PREY_WIN,1,0,100.0,0.0
2787,29.68499999999999,17,0.0,PREDATOR_WIN,0,1,0.0,100.0
2788,-2.349999999999994,350,0.0,PREY_WIN,1,0,100.0,0.0
2789,-2.5899999999999888,350,0.0,PREY_WIN,1,0,100.0,0.0
2790,-2.159999999999998,350,0.0,PREY_WIN,1,0,100.0,0.0
2791,-2.479999999999991,350,0.0,PREY_WIN,1,0,100.0,0.0
2792,-2.1799999999999975,350,0.0,PREY_WIN,1,0,100.0,0.0
2793,-2.4599999999999915,350,0.0,PREY_WIN,1,0,100.0,0.0
2794,-2.209999999999997,350,0.0,PREY_WIN,1,0,100.0,0.0
2795,-2.199999999999997,350,0.0,PREY_WIN,1,0,100.0,0.0
2796,27.282499999999988,234,0.0,PREDATOR_WIN,0,1,0.0,35.35249999999999
2797,-2.709999999999986,350,0.0,PREY_WIN,1,0,100.0,0.0
2798,-3.3099999999999734,350,0.0,PREY_WIN,1,0,100.0,0.0
2799,29.492499999999993,43,0.0,PREDATOR_WIN,0,1,0.0,93.0724999999999
2800,-3.4999999999999694,350,0.0,PREY_WIN,1,1,100.0,1.300000000000253
2801,-3.4999999999999694,350,0.0,PREY_WIN,1,1,100.0,1.9000000000002994
2802,-2.7799999999999847,350,0.0,PREY_WIN,1,0,100.0,0.0
2803,-2.8299999999999836,350,0.0,PREY_WIN,1,0,100.0,0.0
2804,-2.349999999999994,350,0.0,PREY_WIN,1,0,100.0,0.0
2805,-2.569999999999989,350,0.0,PREY_WIN,1,0,99.72999999999999,0.0
2806,-2.7299999999999858,350,0.0,PREY_WIN,1,0,100.0,0.0
2807,-2.439999999999992,350,0.0,PREY_WIN,1,0,100.0,0.0
2808,-2.439999999999992,350,0.0,PREY_WIN,1,0,100.0,0.0
2809,-2.159999999999998,350,0.0,PREY_WIN,1,0,100.0,0.0
2810,-2.159999999999998,350,0.0,PREY_WIN,1,0,100.0,0.0
2811,-2.239999999999996,350,0.0,PREY_WIN,1,0,100.0,0.0
2812,-2.209999999999997,350,0.0,PREY_WIN,1,0,100.0,0.0
2813,28.427499999999966,82,0.0,PREDATOR_WIN,0,1,0.0,78.1175
2814,29.142499999999995,78,0.0,PREDATOR_WIN,0,1,0.0,80.4725
2815,26.912499999999998,274,0.0,PREDATOR_WIN,0,1,0.0,54.58249999999997
2816,-3.4999999999999694,350,0.0,PREY_WIN,1,1,100.0,29.500000000000266
2817,-3.4999999999999694,350,0.0,PREY_WIN,1,1,100.0,28.000000000000345
2818,-2.859999999999983,350,0.0,PREY_WIN,1,0,100.0,0.0
2819,-3.0599999999999787,350,0.0,PREY_WIN,1,0,100.0,0.0
2820,29.082499999999992,84,0.0,PREDATOR_WIN,0,1,0.0,81.85249999999994
2821,29.574999999999992,28,0.0,PREDATOR_WIN,0,1,0.0,99.60499999999993
2822,-3.3099999999999734,350,0.0,PREY_WIN,1,0,100.0,0.0
2823,-3.419999999999971,350,0.0,PREY_WIN,1,0,100.0,0.0
2824,-3.3899999999999717,350,0.0,PREY_WIN,1,0,100.0,0.0
2825,-3.039999999999979,350,0.0,PREY_WIN,1,0,99.72999999999999,0.0
2826,-2.2299999999999964,350,0.0,PREY_WIN,1,0,100.0,0.0
2827,29.672499999999996,25,0.0,PREDATOR_WIN,0,1,0.0,99.73249999999996
2828,29.812499999999993,11,0.0,PREDATOR_WIN,0,1,0.0,100.0
2829,-3.4999999999999694,350,0.0,PREY_WIN,1,1,100.0,4.899999999999672
2830,-3.4999999999999694,350,0.0,PREY_WIN,1,1,100.0,8.199999999999628
2831,-2.859999999999983,350,0.0,PREY_WIN,1,0,100.0,0.0
2832,-3.4499999999999704,350,0.0,PREY_WIN,1,0,100.0,0.0
2833,-2.9399999999999813,350,0.0,PREY_WIN,1,0,100.0,0.0
2834,29.319999999999997,67,0.0,PREDATOR_WIN,0,1,0.0,83.65999999999997
2835,-3.2499999999999747,350,0.0,PREY_WIN,1,0,100.0,0.0
2836,-2.8899999999999824,350,0.0,PREY_WIN,1,0,100.0,0.0
2837,-2.8299999999999836,350,0.0,PREY_WIN,1,0,100.0,0.0
2838,-2.249999999999996,350,0.0,PREY_WIN,1,0,100.0,0.0
2839,-2.199999999999997,350,0.0,PREY_WIN,1,0,100.0,0.0
2840,-2.209999999999997,350,0.0,PREY_WIN,1,0,100.0,0.0
2841,-2.439999999999992,350,0.0,PREY_WIN,1,0,100.0,0.0
2842,-2.3199999999999945,350,0.0,PREY_WIN,1,0,100.0,0.0
2843,-2.209999999999997,350,0.0,PREY_WIN,1,0,100.0,0.0
2844,29.049999999999997,94,0.0,PREDATOR_WIN,0,1,0.0,73.5200000000001
2845,-3.3399999999999728,350,0.0,PREY_WIN,1,0,93.42999999999975,0.0
2846,-3.4999999999999694,350,0.0,PREY_WIN,1,1,100.0,15.7000000000001
2847,-3.4999999999999694,350,0.0,PREY_WIN,1,1,100.0,8.800000000000074
2848,-3.4999999999999694,350,0.0,PREY_WIN,1,1,100.0,10.60000000000012
2849,-2.819999999999984,350,0.0,PREY_WIN,1,0,100.0,0.0
2850,27.922499999999992,200,0.0,PREDATOR_WIN,0,1,0.0,41.832500000000195
2851,29.624999999999993,23,0.0,PREDATOR_WIN,0,1,0.0,100.0
2852,-3.139999999999977,350,0.0,PREY_WIN,1,0,100.0,0.0
2853,-2.8799999999999826,350,0.0,PREY_WIN,1,0,100.0,0.0
2854,-3.4999999999999694,350,0.0,PREY_WIN,1,1,100.0,4.299999999999676
2855,28.429999999999996,153,0.0,PREDATOR_WIN,0,1,0.0,54.110000000000255
2856,-2.479999999999991,350,0.0,PREY_WIN,1,0,100.0,0.0
2857,-2.619999999999988,350,0.0,PREY_WIN,1,0,100.0,0.0
2858,-2.809999999999984,350,0.0,PREY_WIN,1,0,100.0,0.0
2859,-3.049999999999979,350,0.0,PREY_WIN,1,0,100.0,0.0
2860,28.549999999999997,144,0.0,PREDATOR_WIN,0,1,0.0,58.220000000000304
2861,-2.109999999999999,350,0.0,PREY_WIN,1,0,100.0,0.0
2862,-3.4999999999999694,350,0.0,PREY_WIN,1,1,100.0,20.200000000000397
2863,-3.4999999999999694,350,0.0,PREY_WIN,1,1,100.0,21.100000000000236
2864,27.51249999999997,187,0.0,PREDATOR_WIN,0,1,0.0,39.852500000000234
2865,-3.3099999999999734,350,0.0,PREY_WIN,1,0,100.0,0.0
2866,-3.189999999999976,350,0.0,PREY_WIN,1,0,100.0,0.0
2867,28.89499999999996,15,0.0,PREDATOR_WIN,0,1,0.0,100.0
2868,-3.3999999999999715,350,0.0,PREY_WIN,1,0,100.0,0.0
2869,-2.1799999999999975,350,0.0,PREY_WIN,1,0,100.0,0.0
2870,-2.1799999999999975,350,0.0,PREY_WIN,1,0,100.0,0.0
2871,-2.209999999999997,350,0.0,PREY_WIN,1,0,100.0,0.0
2872,-2.489999999999991,350,0.0,PREY_WIN,1,0,100.0,0.0
2873,29.81499999999999,4,0.0,PREDATOR_WIN,0,1,0.0,100.0
2874,-2.2699999999999956,350,0.0,PREY_WIN,1,0,100.0,0.0
2875,-2.389999999999993,350,0.0,PREY_WIN,1,0,100.0,0.0
2876,-2.289999999999995,350,0.0,PREY_WIN,1,0,100.0,0.0
2877,-2.4499999999999917,350,0.0,PREY_WIN,1,0,100.0,0.0
2878,-2.289999999999995,350,0.0,PREY_WIN,1,0,100.0,0.0
2879,-2.2699999999999956,350,0.0,PREY_WIN,1,0,100.0,0.0
2880,-2.4199999999999924,350,0.0,PREY_WIN,1,0,100.0,0.0
2881,-2.259999999999996,350,0.0,PREY_WIN,1,0,100.0,0.0
2882,29.229999999999997,76,0.0,PREDATOR_WIN,0,1,0.0,81.97999999999996
2883,-2.4099999999999926,350,0.0,PREY_WIN,1,0,100.0,0.0
2884,-2.99999999999998,350,0.0,PREY_WIN,1,0,100.0,0.0
2885,-3.0599999999999787,350,0.0,PREY_WIN,1,0,100.0,0.0
2886,-2.569999999999989,350,0.0,PREY_WIN,1,0,100.0,0.0
2887,-3.1599999999999766,350,0.0,PREY_WIN,1,0,99.72999999999999,0.0
2888,29.562499999999993,36,0.0,PREDATOR_WIN,0,1,0.0,95.41249999999994
2889,27.500000000000007,249,0.0,PREDATOR_WIN,0,1,0.0,25.52000000000031
2890,22.479999999999997,1,0.0,PREDATOR_WIN,0,1,0.0,100.0
2891,27.907499999999988,188,0.0,PREDATOR_WIN,0,1,0.0,62.337500000000055
2892,-3.4999999999999694,350,0.0,PREY_WIN,1,1,100.0,33.70000000000022
2893,-3.45999999999997,350,0.0,PREY_WIN,1,0,100.0,0.0
2894,-3.4999999999999694,350,0.0,PREY_WIN,1,1,100.0,14.500000000000243
2895,-3.4999999999999694,350,0.0,PREY_WIN,1,1,100.0,7.00000000000031
2896,-3.4999999999999694,350,0.0,PREY_WIN,1,1,100.0,3.400000000000305
2897,-3.3099999999999734,350,0.0,PREY_WIN,1,0,100.0,0.0
2898,-2.429999999999992,350,0.0,PREY_WIN,1,0,100.0,0.0
2899,29.68499999999999,17,0.0,PREDATOR_WIN,0,1,0.0,100.0
2900,-3.4999999999999694,350,0.0,PREY_WIN,1,1,100.0,9.099999999999694
2901,-3.4999999999999694,350,0.0,PREY_WIN,1,1,100.0,3.09999999999963
2902,-2.7799999999999847,350,0.0,PREY_WIN,1,0,100.0,0.0
2903,29.612499999999994,31,0.0,PREDATOR_WIN,0,1,0.0,99.01249999999993
2904,29.882499999999993,4,0.0,PREDATOR_WIN,0,1,0.0,100.0
2905,-2.869999999999983,350,0.0,PREY_WIN,1,0,100.0,0.0
2906,-3.2199999999999753,350,0.0,PREY_WIN,1,0,100.0,0.0
2907,-2.5499999999999896,350,0.0,PREY_WIN,1,0,100.0,0.0
2908,29.799999999999997,19,0.0,PREDATOR_WIN,0,1,0.0,100.0
2909,-2.3199999999999945,350,0.0,PREY_WIN,1,0,100.0,0.0
2910,-2.6999999999999864,350,0.0,PREY_WIN,1,0,100.0,0.0
2911,-2.349999999999994,350,0.0,PREY_WIN,1,0,100.0,0.0
2912,-2.259999999999996,350,0.0,PREY_WIN,1,0,100.0,0.0
2913,-2.3799999999999932,350,0.0,PREY_WIN,1,0,100.0,0.0
2914,-2.6099999999999883,350,0.0,PREY_WIN,1,0,100.0,0.0
2915,28.252499999999994,167,0.0,PREDATOR_WIN,0,1,0.0,44.892500000000254
2916,-3.379999999999972,350,0.0,PREY_WIN,1,0,100.0,0.0
2917,25.979999999999908,170,0.0,PREDATOR_WIN,0,1,0.0,53.39000000000024
2918,-3.1599999999999766,350,0.0,PREY_WIN,1,0,100.0,0.0
2919,-3.4999999999999694,350,0.0,PREY_WIN,1,1,100.0,14.80000000000029
2920,-3.4999999999999694,350,0.0,PREY_WIN,1,1,100.0,7.29999999999995
2921,-2.809999999999984,350,0.0,PREY_WIN,1,0,100.0,0.0
2922,-2.439999999999992,350,0.0,PREY_WIN,1,0,100.0,0.0
2923,29.322499999999994,60,0.0,PREDATOR_WIN,0,1,0.0,95.23249999999979
2924,-2.4099999999999926,350,0.0,PREY_WIN,1,0,100.0,0.0
2925,-3.4999999999999694,350,0.0,PREY_WIN,1,1,100.0,0.9999999999997689
2926,-3.239999999999975,350,0.0,PREY_WIN,1,0,100.0,0.0
2927,-2.259999999999996,350,0.0,PREY_WIN,1,0,100.0,0.0
2928,-2.4099999999999926,350,0.0,PREY_WIN,1,0,100.0,0.0
2929,-2.289999999999995,350,0.0,PREY_WIN,1,0,100.0,0.0
2930,-2.429999999999992,350,0.0,PREY_WIN,1,0,100.0,0.0
2931,-2.259999999999996,350,0.0,PREY_WIN,1,0,100.0,0.0
2932,-2.4599999999999915,350,0.0,PREY_WIN,1,0,100.0,0.0
2933,-2.209999999999997,350,0.0,PREY_WIN,1,0,100.0,0.0
2934,-2.249999999999996,350,0.0,PREY_WIN,1,0,100.0,0.0
2935,-2.239999999999996,350,0.0,PREY_WIN,1,0,100.0,0.0
2936,-2.489999999999991,350,0.0,PREY_WIN,1,0,100.0,0.0
2937,29.62749999999999,16,0.0,PREDATOR_WIN,0,1,0.0,100.0
2938,29.852499999999996,7,0.0,PREDATOR_WIN,0,1,0.0,100.0
2939,-2.2199999999999966,350,0.0,PREY_WIN,1,0,100.0,0.0
2940,-2.3599999999999937,350,0.0,PREY_WIN,1,0,100.0,0.0
2941,-2.6999999999999864,350,0.0,PREY_WIN,1,0,100.0,0.0
2942,-2.3299999999999943,350,0.0,PREY_WIN,1,0,100.0,0.0
2943,-2.209999999999997,350,0.0,PREY_WIN,1,0,100.0,0.0
2944,-2.5499999999999896,350,0.0,PREY_WIN,1,0,100.0,0.0
2945,-2.159999999999998,350,0.0,PREY_WIN,1,0,100.0,0.0
2946,28.402499999999993,152,0.0,PREDATOR_WIN,0,1,0.0,64.09250000000007
2947,-3.149999999999977,350,0.0,PREY_WIN,1,0,100.0,0.0
2948,29.842499999999994,8,0.0,PREDATOR_WIN,0,1,0.0,100.0
2949,-3.4999999999999694,350,0.0,PREY_WIN,1,1,100.0,25.30000000000001
2950,-3.4999999999999694,350,0.0,PREY_WIN,1,1,100.0,1.2999999999999037
2951,-2.899999999999982,350,0.0,PREY_WIN,1,0,100.0,0.0
2952,-2.6499999999999875,350,0.0,PREY_WIN,1,0,100.0,0.0
2953,-2.6899999999999866,350,0.0,PREY_WIN,1,0,100.0,0.0
2954,-2.5599999999999894,350,0.0,PREY_WIN,1,0,100.0,0.0
2955,-2.859999999999983,350,0.0,PREY_WIN,1,0,100.0,0.0
2956,-2.289999999999995,350,0.0,PREY_WIN,1,0,100.0,0.0
2957,-2.259999999999996,350,0.0,PREY_WIN,1,0,100.0,0.0
2958,-2.199999999999997,350,0.0,PREY_WIN,1,0,100.0,0.0
2959,-2.1899999999999973,350,0.0,PREY_WIN,1,0,100.0,0.0
2960,-2.249999999999996,350,0.0,PREY_WIN,1,0,100.0,0.0
2961,-2.3099999999999947,350,0.0,PREY_WIN,1,0,100.0,0.0
2962,-2.3099999999999947,350,0.0,PREY_WIN,1,0,100.0,0.0
2963,-2.1199999999999988,350,0.0,PREY_WIN,1,0,100.0,0.0
2964,-2.1799999999999975,350,0.0,PREY_WIN,1,0,100.0,0.0
2965,-2.249999999999996,350,0.0,PREY_WIN,1,0,100.0,0.0
2966,-2.1899999999999973,350,0.0,PREY_WIN,1,0,100.0,0.0
2967,28.949999999999996,101,0.0,PREDATOR_WIN,0,1,0.0,70.25000000000014
2968,-2.5899999999999888,350,0.0,PREY_WIN,1,0,100.0,0.0
2969,-3.4999999999999694,350,0.0,PREY_WIN,1,1,100.0,39.39999999999985
2970,-3.4999999999999694,350,0.0,PREY_WIN,1,1,100.0,5.5000000000000036
2971,29.61499999999999,24,0.0,PREDATOR_WIN,0,1,0.0,100.0
2972,-3.2599999999999745,350,0.0,PREY_WIN,1,0,100.0,0.0
2973,29.34499999999999,51,0.0,PREDATOR_WIN,0,1,0.0,88.74499999999992
2974,29.582499999999985,7,0.0,PREDATOR_WIN,0,1,0.0,100.0
2975,28.092499999999994,183,0.0,PREDATOR_WIN,0,1,0.0,75.07249999999964
2976,-3.4999999999999694,350,0.0,PREY_WIN,1,1,100.0,3.700000000000375
2977,-3.4999999999999694,350,0.0,PREY_WIN,1,1,100.0,27.39999999999999
2978,-3.4099999999999713,350,0.0,PREY_WIN,1,0,100.0,0.0
2979,-2.3099999999999947,350,0.0,PREY_WIN,1,0,100.0,0.0
2980,-2.489999999999991,350,0.0,PREY_WIN,1,0,100.0,0.0
2981,29.122499999999995,80,0.0,PREDATOR_WIN,0,1,0.0,77.53250000000006
2982,29.772499999999994,15,0.0,PREDATOR_WIN,0,1,0.0,100.0
2983,27.892499999999995,203,0.0,PREDATOR_WIN,0,1,0.0,54.67250000000025
2984,-3.4999999999999694,350,0.0,PREY_WIN,1,1,100.0,26.800000000000264
2985,29.444999999999993,41,0.0,PREDATOR_WIN,0,1,0.0,92.94499999999992
2986,-3.4999999999999694,350,0.0,PREY_WIN,1,1,100.0,29.8000000000001
2987,29.772499999999994,15,0.0,PREDATOR_WIN,0,1,0.0,100.0
2988,-3.4999999999999694,350,0.0,PREY_WIN,1,1,100.0,8.1999999999999
2989,-2.629999999999988,350,0.0,PREY_WIN,1,0,100.0,0.0
2990,-2.5499999999999896,350,0.0,PREY_WIN,1,0,100.0,0.0
2991,-2.489999999999991,350,0.0,PREY_WIN,1,0,100.0,0.0
2992,29.299999999999997,69,0.0,PREDATOR_WIN,0,1,0.0,81.32000000000002
2993,-2.759999999999985,350,0.0,PREY_WIN,1,0,100.0,0.0
2994,-3.4999999999999694,350,0.0,PREY_WIN,1,1,100.0,23.49999999999994
2995,-3.4099999999999713,350,0.0,PREY_WIN,1,0,100.0,0.0
2996,-2.4099999999999926,350,0.0,PREY_WIN,1,0,100.0,0.0
2997,-3.189999999999976,350,0.0,PREY_WIN,1,0,100.0,0.0
2998,-2.439999999999992,350,0.0,PREY_WIN,1,0,100.0,0.0
2999,29.979999999999997,1,0.0,PREDATOR_WIN,0,1,0.0,100.0
3000,-2.3799999999999932,350,0.0,PREY_WIN,1,0,100.0,0.0
