episode,reward,steps,eval_reward,outcome,prey_population,predator_population,avg_prey_energy,avg_predator_energy
1,-2.299999999999995,350,0.0,PREY_WIN,1,0,96.09999999999985,0.0
2,-2.209999999999997,350,0.0,PREY_WIN,1,0,99.72999999999999,0.0
3,-2.2699999999999956,350,0.0,PREY_WIN,1,0,100.0,0.0
4,-2.2799999999999954,350,0.0,PREY_WIN,1,0,100.0,0.0
5,-2.2699999999999956,350,0.0,PREY_WIN,1,0,97.4799999999999,0.0
6,-2.1799999999999975,350,0.0,PREY_WIN,1,0,98.91999999999996,0.0
7,-2.289999999999995,350,0.0,PREY_WIN,1,0,92.31999999999971,0.0
8,-2.209999999999997,350,0.0,PREY_WIN,1,0,99.45999999999998,0.0
9,-2.209999999999997,350,0.0,PREY_WIN,1,0,100.0,0.0
10,17.94499999999998,8,0.0,PREDATOR_WIN,0,1,0.0,99.57499999999996
11,-2.259999999999996,350,0.0,PREY_WIN,1,0,98.52999999999994,0.0
12,-2.3199999999999945,350,0.0,PREY_WIN,1,0,96.39999999999986,0.0
13,-2.199999999999997,350,0.0,PREY_WIN,1,0,97.62999999999991,0.0
14,-2.249999999999996,350,0.0,PREY_WIN,1,0,99.72999999999999,0.0
15,-2.2199999999999966,350,0.0,PREY_WIN,1,0,100.0,0.0
16,-2.239999999999996,350,0.0,PREY_WIN,1,0,99.88,0.0
17,-2.209999999999997,350,0.0,PREY_WIN,1,0,99.45999999999998,0.0
18,-2.209999999999997,350,0.0,PREY_WIN,1,0,100.0,0.0
19,-2.1899999999999973,350,0.0,PREY_WIN,1,0,98.52999999999994,0.0
20,-2.3099999999999947,350,0.0,PREY_WIN,1,0,100.0,0.0
21,-2.239999999999996,350,0.0,PREY_WIN,1,0,99.24999999999997,0.0
22,-2.1899999999999973,350,0.0,PREY_WIN,1,0,99.45999999999998,0.0
23,-2.249999999999996,350,0.0,PREY_WIN,1,0,98.91999999999996,0.0
24,24.679999999999975,74,0.0,PREDATOR_WIN,0,1,0.0,81.64999999999996
25,-2.3599999999999937,350,0.0,PREY_WIN,1,0,97.98999999999992,0.0
26,25.20749999999998,28,0.0,PREDATOR_WIN,0,1,0.0,99.53749999999991
27,-2.209999999999997,350,0.0,PREY_WIN,1,0,97.56999999999991,0.0
28,-2.259999999999996,350,0.0,PREY_WIN,1,0,100.0,0.0
29,-2.3699999999999934,350,0.0,PREY_WIN,1,0,95.82999999999984,0.0
30,-2.3799999999999932,350,0.0,PREY_WIN,1,0,98.37999999999994,0.0
31,-2.249999999999996,350,0.0,PREY_WIN,1,0,98.52999999999994,0.0
32,-2.149999999999998,350,0.0,PREY_WIN,1,0,95.43999999999983,0.0
33,23.967499999999987,182,0.0,PREDATOR_WIN,0,1,0.0,40.85750000000022
34,-2.239999999999996,350,0.0,PREY_WIN,1,0,98.91999999999996,0.0
35,-2.239999999999996,350,0.0,PREY_WIN,1,0,99.60999999999999,0.0
36,-2.289999999999995,350,0.0,PREY_WIN,1,0,100.0,0.0
37,-2.3099999999999947,350,0.0,PREY_WIN,1,0,100.0,0.0
38,-2.1899999999999973,350,0.0,PREY_WIN,1,0,100.0,0.0
39,-2.2699999999999956,350,0.0,PREY_WIN,1,0,98.79999999999995,0.0
40,-2.239999999999996,350,0.0,PREY_WIN,1,0,97.83999999999992,0.0
41,-2.259999999999996,350,0.0,PREY_WIN,1,0,99.06999999999996,0.0
42,-2.2299999999999964,350,0.0,PREY_WIN,1,0,100.0,0.0
43,-2.2299999999999964,350,0.0,PREY_WIN,1,0,99.72999999999999,0.0
44,-2.149999999999998,350,0.0,PREY_WIN,1,0,99.72999999999999,0.0
45,-2.2199999999999966,350,0.0,PREY_WIN,1,0,100.0,0.0
46,23.577499999999976,191,0.0,PREDATOR_WIN,0,1,0.0,34.67750000000024
47,-2.239999999999996,350,0.0,PREY_WIN,1,0,99.45999999999998,0.0
48,24.069999999999986,165,0.0,PREDATOR_WIN,0,1,0.0,46.13000000000025
49,-2.3799999999999932,350,0.0,PREY_WIN,1,0,100.0,0.0
50,-2.2199999999999966,350,0.0,PREY_WIN,1,0,99.60999999999999,0.0
51,-2.2199999999999966,350,0.0,PREY_WIN,1,0,97.05999999999989,0.0
52,-2.259999999999996,350,0.0,PREY_WIN,1,0,99.72999999999999,0.0
53,-2.2299999999999964,350,0.0,PREY_WIN,1,0,98.79999999999995,0.0
54,-2.259999999999996,350,0.0,PREY_WIN,1,0,100.0,0.0
55,24.37499999999999,148,0.0,PREDATOR_WIN,0,1,0.0,54.005000000000265
56,-2.199999999999997,350,0.0,PREY_WIN,1,0,98.64999999999995,0.0
57,-2.339999999999994,350,0.0,PREY_WIN,1,0,100.0,0.0
58,25.382499999999993,54,0.0,PREDATOR_WIN,0,1,0.0,89.65249999999989
59,-2.249999999999996,350,0.0,PREY_WIN,1,0,99.33999999999997,0.0
60,24.147499999999987,161,0.0,PREDATOR_WIN,0,1,0.0,49.04750000000026
61,-2.209999999999997,350,0.0,PREY_WIN,1,0,99.18999999999997,0.0
62,24.909999999999997,108,0.0,PREDATOR_WIN,0,1,0.0,68.54000000000015
63,-2.199999999999997,350,0.0,PREY_WIN,1,0,98.37999999999994,0.0
64,-2.299999999999995,350,0.0,PREY_WIN,1,0,99.45999999999998,0.0
65,-2.249999999999996,350,0.0,PREY_WIN,1,0,100.0,0.0
66,-2.239999999999996,350,0.0,PREY_WIN,1,0,98.91999999999996,0.0
67,-2.259999999999996,350,0.0,PREY_WIN,1,0,100.0,0.0
68,-2.1899999999999973,350,0.0,PREY_WIN,1,0,100.0,0.0
69,25.642499999999995,25,0.0,PREDATOR_WIN,0,1,0.0,100.0
70,-2.429999999999992,350,0.0,PREY_WIN,1,0,99.33999999999997,0.0
71,-2.209999999999997,350,0.0,PREY_WIN,1,0,100.0,0.0
72,-2.159999999999998,350,0.0,PREY_WIN,1,0,99.72999999999999,0.0
73,-2.239999999999996,350,0.0,PREY_WIN,1,0,100.0,0.0
74,24.287499999999987,150,0.0,PREDATOR_WIN,0,1,0.0,53.097500000000295
75,-2.239999999999996,350,0.0,PREY_WIN,1,0,99.72999999999999,0.0
76,-2.3099999999999947,350,0.0,PREY_WIN,1,0,100.0,0.0
77,-2.159999999999998,350,0.0,PREY_WIN,1,0,99.45999999999998,0.0
78,-2.4099999999999926,350,0.0,PREY_WIN,1,0,99.45999999999998,0.0
79,-2.249999999999996,350,0.0,PREY_WIN,1,0,99.72999999999999,0.0
80,-2.3299999999999943,350,0.0,PREY_WIN,1,0,99.60999999999999,0.0
81,-2.209999999999997,350,0.0,PREY_WIN,1,0,99.45999999999998,0.0
82,-2.209999999999997,350,0.0,PREY_WIN,1,0,99.45999999999998,0.0
83,-2.239999999999996,350,0.0,PREY_WIN,1,0,99.60999999999999,0.0
84,-2.1199999999999988,350,0.0,PREY_WIN,1,0,99.45999999999998,0.0
85,-2.209999999999997,350,0.0,PREY_WIN,1,0,100.0,0.0
86,-2.239999999999996,350,0.0,PREY_WIN,1,0,99.45999999999998,0.0
87,-2.149999999999998,350,0.0,PREY_WIN,1,0,99.45999999999998,0.0
88,-2.1899999999999973,350,0.0,PREY_WIN,1,0,100.0,0.0
89,-2.479999999999991,350,0.0,PREY_WIN,1,0,99.45999999999998,0.0
90,-2.1899999999999973,350,0.0,PREY_WIN,1,0,100.0,0.0
91,-2.339999999999994,350,0.0,PREY_WIN,1,0,100.0,0.0
92,-2.1699999999999977,350,0.0,PREY_WIN,1,0,100.0,0.0
93,-2.3099999999999947,350,0.0,PREY_WIN,1,0,100.0,0.0
94,-2.159999999999998,350,0.0,PREY_WIN,1,0,99.72999999999999,0.0
95,-2.249999999999996,350,0.0,PREY_WIN,1,0,99.60999999999999,0.0
96,-2.1899999999999973,350,0.0,PREY_WIN,1,0,100.0,0.0
97,-2.299999999999995,350,0.0,PREY_WIN,1,0,100.0,0.0
98,-2.1699999999999977,350,0.0,PREY_WIN,1,0,100.0,0.0
99,-2.239999999999996,350,0.0,PREY_WIN,1,0,99.21999999999997,0.0
100,-2.3699999999999934,350,0.0,PREY_WIN,1,0,100.0,0.0
101,-2.299999999999995,350,0.0,PREY_WIN,1,0,100.0,0.0
102,-2.2699999999999956,350,0.0,PREY_WIN,1,0,99.45999999999998,0.0
103,-2.199999999999997,350,0.0,PREY_WIN,1,0,99.45999999999998,0.0
104,-2.259999999999996,350,0.0,PREY_WIN,1,0,100.0,0.0
105,-2.3099999999999947,350,0.0,PREY_WIN,1,0,100.0,0.0
106,-2.149999999999998,350,0.0,PREY_WIN,1,0,99.72999999999999,0.0
107,-2.4099999999999926,350,0.0,PREY_WIN,1,0,99.72999999999999,0.0
108,-2.339999999999994,350,0.0,PREY_WIN,1,0,100.0,0.0
109,-2.259999999999996,350,0.0,PREY_WIN,1,0,100.0,0.0
110,-2.1899999999999973,350,0.0,PREY_WIN,1,0,100.0,0.0
111,-2.1399999999999983,350,0.0,PREY_WIN,1,0,100.0,0.0
112,-2.4099999999999926,350,0.0,PREY_WIN,1,0,100.0,0.0
113,-2.209999999999997,350,0.0,PREY_WIN,1,0,99.72999999999999,0.0
114,-2.3599999999999937,350,0.0,PREY_WIN,1,0,100.0,0.0
115,-2.199999999999997,350,0.0,PREY_WIN,1,0,100.0,0.0
116,-2.1899999999999973,350,0.0,PREY_WIN,1,0,100.0,0.0
117,25.08249999999999,69,0.0,PREDATOR_WIN,0,1,0.0,83.20249999999996
118,-2.209999999999997,350,0.0,PREY_WIN,1,0,98.91999999999996,0.0
119,-2.159999999999998,350,0.0,PREY_WIN,1,0,100.0,0.0
120,-2.1899999999999973,350,0.0,PREY_WIN,1,0,100.0,0.0
121,-2.4499999999999917,350,0.0,PREY_WIN,1,0,100.0,0.0
122,-2.2299999999999964,350,0.0,PREY_WIN,1,0,99.72999999999999,0.0
123,24.992499999999993,90,0.0,PREDATOR_WIN,0,1,0.0,74.80250000000007
124,-2.1699999999999977,350,0.0,PREY_WIN,1,0,99.18999999999997,0.0
125,-2.1399999999999983,350,0.0,PREY_WIN,1,0,99.18999999999997,0.0
126,-2.259999999999996,350,0.0,PREY_WIN,1,0,99.72999999999999,0.0
127,-2.239999999999996,350,0.0,PREY_WIN,1,0,100.0,0.0
128,-2.239999999999996,350,0.0,PREY_WIN,1,0,99.72999999999999,0.0
129,-2.3799999999999932,350,0.0,PREY_WIN,1,0,98.91999999999996,0.0
130,-2.259999999999996,350,0.0,PREY_WIN,1,0,100.0,0.0
131,-2.1399999999999983,350,0.0,PREY_WIN,1,0,99.18999999999997,0.0
132,-2.199999999999997,350,0.0,PREY_WIN,1,0,99.18999999999997,0.0
133,-2.289999999999995,350,0.0,PREY_WIN,1,0,100.0,0.0
134,-2.3099999999999947,350,0.0,PREY_WIN,1,0,99.72999999999999,0.0
135,24.13499999999999,172,0.0,PREDATOR_WIN,0,1,0.0,46.32500000000027
136,-2.149999999999998,350,0.0,PREY_WIN,1,0,100.0,0.0
137,-2.209999999999997,350,0.0,PREY_WIN,1,0,100.0,0.0
138,24.787499999999987,100,0.0,PREDATOR_WIN,0,1,0.0,72.59750000000005
139,-2.2199999999999966,350,0.0,PREY_WIN,1,0,100.0,0.0
140,-2.209999999999997,350,0.0,PREY_WIN,1,0,100.0,0.0
141,-2.259999999999996,350,0.0,PREY_WIN,1,0,100.0,0.0
142,-2.209999999999997,350,0.0,PREY_WIN,1,0,100.0,0.0
143,-2.2699999999999956,350,0.0,PREY_WIN,1,0,98.64999999999995,0.0
144,-2.239999999999996,350,0.0,PREY_WIN,1,0,100.0,0.0
145,-2.1899999999999973,350,0.0,PREY_WIN,1,0,100.0,0.0
146,-2.1699999999999977,350,0.0,PREY_WIN,1,0,100.0,0.0
147,-2.259999999999996,350,0.0,PREY_WIN,1,0,99.45999999999998,0.0
148,-2.209999999999997,350,0.0,PREY_WIN,1,0,100.0,0.0
149,-2.2199999999999966,350,0.0,PREY_WIN,1,0,99.45999999999998,0.0
150,-2.2199999999999966,350,0.0,PREY_WIN,1,0,100.0,0.0
151,-2.1899999999999973,350,0.0,PREY_WIN,1,0,100.0,0.0
152,-2.1899999999999973,350,0.0,PREY_WIN,1,0,100.0,0.0
153,-2.299999999999995,350,0.0,PREY_WIN,1,0,100.0,0.0
154,-2.209999999999997,350,0.0,PREY_WIN,1,0,100.0,0.0
155,-2.1899999999999973,350,0.0,PREY_WIN,1,0,100.0,0.0
156,-2.1699999999999977,350,0.0,PREY_WIN,1,0,99.72999999999999,0.0
157,-2.1899999999999973,350,0.0,PREY_WIN,1,0,100.0,0.0
158,-2.1899999999999973,350,0.0,PREY_WIN,1,0,100.0,0.0
159,-2.259999999999996,350,0.0,PREY_WIN,1,0,100.0,0.0
160,-2.3699999999999934,350,0.0,PREY_WIN,1,0,100.0,0.0
161,-2.259999999999996,350,0.0,PREY_WIN,1,0,99.45999999999998,0.0
162,-2.3699999999999934,350,0.0,PREY_WIN,1,0,100.0,0.0
163,-2.2299999999999964,350,0.0,PREY_WIN,1,0,99.72999999999999,0.0
164,-2.2199999999999966,350,0.0,PREY_WIN,1,0,99.45999999999998,0.0
165,-2.2699999999999956,350,0.0,PREY_WIN,1,0,100.0,0.0
166,-2.259999999999996,350,0.0,PREY_WIN,1,0,99.45999999999998,0.0
167,-2.339999999999994,350,0.0,PREY_WIN,1,0,100.0,0.0
168,-2.1899999999999973,350,0.0,PREY_WIN,1,0,100.0,0.0
169,-2.2699999999999956,350,0.0,PREY_WIN,1,0,99.72999999999999,0.0
170,-2.239999999999996,350,0.0,PREY_WIN,1,0,100.0,0.0
171,-2.5199999999999902,350,0.0,PREY_WIN,1,0,99.88,0.0
172,-2.5899999999999888,350,0.0,PREY_WIN,1,0,100.0,0.0
173,-2.259999999999996,350,0.0,PREY_WIN,1,0,99.72999999999999,0.0
174,-2.209999999999997,350,0.0,PREY_WIN,1,0,99.72999999999999,0.0
175,-2.209999999999997,350,0.0,PREY_WIN,1,0,100.0,0.0
176,-2.209999999999997,350,0.0,PREY_WIN,1,0,100.0,0.0
177,-2.249999999999996,350,0.0,PREY_WIN,1,0,100.0,0.0
178,-2.2299999999999964,350,0.0,PREY_WIN,1,0,99.72999999999999,0.0
179,-2.209999999999997,350,0.0,PREY_WIN,1,0,99.72999999999999,0.0
180,-2.3099999999999947,350,0.0,PREY_WIN,1,0,98.91999999999996,0.0
181,-2.209999999999997,350,0.0,PREY_WIN,1,0,100.0,0.0
182,-2.1899999999999973,350,0.0,PREY_WIN,1,0,100.0,0.0
183,-2.1699999999999977,350,0.0,PREY_WIN,1,0,99.72999999999999,0.0
184,-2.3099999999999947,350,0.0,PREY_WIN,1,0,100.0,0.0
185,-2.259999999999996,350,0.0,PREY_WIN,1,0,99.72999999999999,0.0
186,-2.239999999999996,350,0.0,PREY_WIN,1,0,100.0,0.0
187,-2.1699999999999977,350,0.0,PREY_WIN,1,0,100.0,0.0
188,-2.209999999999997,350,0.0,PREY_WIN,1,0,100.0,0.0
189,-2.349999999999994,350,0.0,PREY_WIN,1,0,100.0,0.0
190,-2.239999999999996,350,0.0,PREY_WIN,1,0,99.72999999999999,0.0
191,24.922499999999992,97,0.0,PREDATOR_WIN,0,1,0.0,75.46250000000003
192,-2.3099999999999947,350,0.0,PREY_WIN,1,0,100.0,0.0
193,25.232499999999995,69,0.0,PREDATOR_WIN,0,1,0.0,83.35249999999996
194,-2.4699999999999913,350,0.0,PREY_WIN,1,0,100.0,0.0
195,-2.259999999999996,350,0.0,PREY_WIN,1,0,100.0,0.0
196,-2.389999999999993,350,0.0,PREY_WIN,1,0,99.72999999999999,0.0
197,-2.3199999999999945,350,0.0,PREY_WIN,1,0,99.88,0.0
198,-2.259999999999996,350,0.0,PREY_WIN,1,0,100.0,0.0
199,-2.259999999999996,350,0.0,PREY_WIN,1,0,99.72999999999999,0.0
200,-2.289999999999995,350,0.0,PREY_WIN,1,0,100.0,0.0
201,-2.2799999999999954,350,0.0,PREY_WIN,1,0,100.0,0.0
202,-2.199999999999997,350,0.0,PREY_WIN,1,0,99.33999999999997,0.0
203,-2.339999999999994,350,0.0,PREY_WIN,1,0,99.45999999999998,0.0
204,-2.239999999999996,350,0.0,PREY_WIN,1,0,100.0,0.0
205,25.249999999999996,71,0.0,PREDATOR_WIN,0,1,0.0,83.14999999999995
206,-2.209999999999997,350,0.0,PREY_WIN,1,0,99.72999999999999,0.0
207,-2.239999999999996,350,0.0,PREY_WIN,1,0,100.0,0.0
208,25.00499999999999,82,0.0,PREDATOR_WIN,0,1,0.0,78.69500000000002
209,-2.289999999999995,350,0.0,PREY_WIN,1,0,100.0,0.0
210,-2.53999999999999,350,0.0,PREY_WIN,1,0,99.72999999999999,0.0
211,-2.239999999999996,350,0.0,PREY_WIN,1,0,100.0,0.0
212,-2.1899999999999973,350,0.0,PREY_WIN,1,0,100.0,0.0
213,-2.239999999999996,350,0.0,PREY_WIN,1,0,100.0,0.0
214,-2.3699999999999934,350,0.0,PREY_WIN,1,0,100.0,0.0
215,-2.159999999999998,350,0.0,PREY_WIN,1,0,98.64999999999995,0.0
216,-2.1399999999999983,350,0.0,PREY_WIN,1,0,99.45999999999998,0.0
217,-2.149999999999998,350,0.0,PREY_WIN,1,0,99.72999999999999,0.0
218,-2.209999999999997,350,0.0,PREY_WIN,1,0,100.0,0.0
219,-2.3299999999999943,350,0.0,PREY_WIN,1,0,100.0,0.0
220,-2.1899999999999973,350,0.0,PREY_WIN,1,0,100.0,0.0
221,-2.209999999999997,350,0.0,PREY_WIN,1,0,100.0,0.0
222,-2.289999999999995,350,0.0,PREY_WIN,1,0,99.72999999999999,0.0
223,-2.159999999999998,350,0.0,PREY_WIN,1,0,100.0,0.0
224,-2.289999999999995,350,0.0,PREY_WIN,1,0,100.0,0.0
225,-2.3599999999999937,350,0.0,PREY_WIN,1,0,100.0,0.0
226,-2.209999999999997,350,0.0,PREY_WIN,1,0,99.72999999999999,0.0
227,-2.1399999999999983,350,0.0,PREY_WIN,1,0,100.0,0.0
228,-2.239999999999996,350,0.0,PREY_WIN,1,0,100.0,0.0
229,-2.1899999999999973,350,0.0,PREY_WIN,1,0,100.0,0.0
230,-2.209999999999997,350,0.0,PREY_WIN,1,0,100.0,0.0
231,-2.289999999999995,350,0.0,PREY_WIN,1,0,100.0,0.0
232,-2.3299999999999943,350,0.0,PREY_WIN,1,0,99.72999999999999,0.0
233,-2.1899999999999973,350,0.0,PREY_WIN,1,0,98.91999999999996,0.0
234,25.049999999999994,85,0.0,PREDATOR_WIN,0,1,0.0,77.81000000000003
235,-2.209999999999997,350,0.0,PREY_WIN,1,0,99.72999999999999,0.0
236,-2.209999999999997,350,0.0,PREY_WIN,1,0,99.72999999999999,0.0
237,-2.2299999999999964,350,0.0,PREY_WIN,1,0,99.72999999999999,0.0
238,-2.1899999999999973,350,0.0,PREY_WIN,1,0,99.45999999999998,0.0
239,-2.249999999999996,350,0.0,PREY_WIN,1,0,100.0,0.0
240,-2.349999999999994,350,0.0,PREY_WIN,1,0,100.0,0.0
241,-2.209999999999997,350,0.0,PREY_WIN,1,0,99.45999999999998,0.0
242,-2.199999999999997,350,0.0,PREY_WIN,1,0,99.45999999999998,0.0
243,-2.2799999999999954,350,0.0,PREY_WIN,1,0,100.0,0.0
244,-2.159999999999998,350,0.0,PREY_WIN,1,0,99.45999999999998,0.0
245,-2.159999999999998,350,0.0,PREY_WIN,1,0,99.72999999999999,0.0
246,-2.299999999999995,350,0.0,PREY_WIN,1,0,100.0,0.0
247,-2.1899999999999973,350,0.0,PREY_WIN,1,0,100.0,0.0
248,-2.2799999999999954,350,0.0,PREY_WIN,1,0,100.0,0.0
249,-2.289999999999995,350,0.0,PREY_WIN,1,0,100.0,0.0
250,-2.2799999999999954,350,0.0,PREY_WIN,1,0,99.45999999999998,0.0
251,-2.239999999999996,350,0.0,PREY_WIN,1,0,100.0,0.0
252,-2.2299999999999964,350,0.0,PREY_WIN,1,0,100.0,0.0
253,-2.3199999999999945,350,0.0,PREY_WIN,1,0,100.0,0.0
254,-2.3099999999999947,350,0.0,PREY_WIN,1,0,100.0,0.0
255,25.652499999999993,24,0.0,PREDATOR_WIN,0,1,0.0,100.0
256,-2.3099999999999947,350,0.0,PREY_WIN,1,0,100.0,0.0
257,-2.3099999999999947,350,0.0,PREY_WIN,1,0,99.72999999999999,0.0
258,24.90499999999999,89,0.0,PREDATOR_WIN,0,1,0.0,79.92500000000003
259,-2.3199999999999945,350,0.0,PREY_WIN,1,0,100.0,0.0
260,-2.5099999999999905,350,0.0,PREY_WIN,1,0,100.0,0.0
261,-2.239999999999996,350,0.0,PREY_WIN,1,0,100.0,0.0
262,-2.1799999999999975,350,0.0,PREY_WIN,1,0,100.0,0.0
263,-2.249999999999996,350,0.0,PREY_WIN,1,0,99.72999999999999,0.0
264,-2.289999999999995,350,0.0,PREY_WIN,1,0,100.0,0.0
265,-2.2299999999999964,350,0.0,PREY_WIN,1,0,99.72999999999999,0.0
266,-2.389999999999993,350,0.0,PREY_WIN,1,0,100.0,0.0
267,-2.2299999999999964,350,0.0,PREY_WIN,1,0,100.0,0.0
268,-2.239999999999996,350,0.0,PREY_WIN,1,0,100.0,0.0
269,-2.1899999999999973,350,0.0,PREY_WIN,1,0,99.72999999999999,0.0
270,-2.199999999999997,350,0.0,PREY_WIN,1,0,99.72999999999999,0.0
271,-2.249999999999996,350,0.0,PREY_WIN,1,0,100.0,0.0
272,-2.259999999999996,350,0.0,PREY_WIN,1,0,99.45999999999998,0.0
273,-2.149999999999998,350,0.0,PREY_WIN,1,0,100.0,0.0
274,-2.289999999999995,350,0.0,PREY_WIN,1,0,100.0,0.0
275,24.989999999999995,97,0.0,PREDATOR_WIN,0,1,0.0,73.73000000000008
276,-3.1299999999999772,350,0.0,PREY_WIN,1,0,100.0,0.0
277,-2.3099999999999947,350,0.0,PREY_WIN,1,0,99.72999999999999,0.0
278,-2.209999999999997,350,0.0,PREY_WIN,1,0,100.0,0.0
279,-2.3099999999999947,350,0.0,PREY_WIN,1,0,99.72999999999999,0.0
280,-2.299999999999995,350,0.0,PREY_WIN,1,0,100.0,0.0
281,-2.1799999999999975,350,0.0,PREY_WIN,1,0,99.72999999999999,0.0
282,-2.2199999999999966,350,0.0,PREY_WIN,1,0,99.72999999999999,0.0
283,-2.1699999999999977,350,0.0,PREY_WIN,1,0,100.0,0.0
284,-2.289999999999995,350,0.0,PREY_WIN,1,0,100.0,0.0
285,-2.2199999999999966,350,0.0,PREY_WIN,1,0,99.45999999999998,0.0
286,-2.2299999999999964,350,0.0,PREY_WIN,1,0,100.0,0.0
287,-2.1899999999999973,350,0.0,PREY_WIN,1,0,99.72999999999999,0.0
288,-2.259999999999996,350,0.0,PREY_WIN,1,0,100.0,0.0
289,-2.249999999999996,350,0.0,PREY_WIN,1,0,100.0,0.0
290,-2.209999999999997,350,0.0,PREY_WIN,1,0,100.0,0.0
291,-2.239999999999996,350,0.0,PREY_WIN,1,0,100.0,0.0
292,-2.159999999999998,350,0.0,PREY_WIN,1,0,100.0,0.0
293,-2.159999999999998,350,0.0,PREY_WIN,1,0,100.0,0.0
294,-2.249999999999996,350,0.0,PREY_WIN,1,0,100.0,0.0
295,-2.209999999999997,350,0.0,PREY_WIN,1,0,100.0,0.0
296,-2.239999999999996,350,0.0,PREY_WIN,1,0,100.0,0.0
297,-2.1899999999999973,350,0.0,PREY_WIN,1,0,99.72999999999999,0.0
298,-2.239999999999996,350,0.0,PREY_WIN,1,0,100.0,0.0
299,24.912499999999994,101,0.0,PREDATOR_WIN,0,1,0.0,70.81250000000013
300,-2.7499999999999853,350,0.0,PREY_WIN,1,0,100.0,0.0
301,-2.199999999999997,350,0.0,PREY_WIN,1,0,99.72999999999999,0.0
302,-2.339999999999994,350,0.0,PREY_WIN,1,0,99.72999999999999,0.0
303,-2.1399999999999983,350,0.0,PREY_WIN,1,0,99.72999999999999,0.0
304,-2.239999999999996,350,0.0,PREY_WIN,1,0,100.0,0.0
305,25.219999999999995,74,0.0,PREDATOR_WIN,0,1,0.0,83.68999999999994
306,25.212499999999995,71,0.0,PREDATOR_WIN,0,1,0.0,82.51249999999997
307,-2.4599999999999915,350,0.0,PREY_WIN,1,0,99.60999999999999,0.0
308,-2.4099999999999926,350,0.0,PREY_WIN,1,0,100.0,0.0
309,-2.299999999999995,350,0.0,PREY_WIN,1,0,100.0,0.0
310,-2.3099999999999947,350,0.0,PREY_WIN,1,0,100.0,0.0
311,-2.239999999999996,350,0.0,PREY_WIN,1,0,100.0,0.0
312,25.289999999999996,70,0.0,PREDATOR_WIN,0,1,0.0,84.19999999999993
313,-2.239999999999996,350,0.0,PREY_WIN,1,0,100.0,0.0
314,-2.2799999999999954,350,0.0,PREY_WIN,1,0,100.0,0.0
315,-2.289999999999995,350,0.0,PREY_WIN,1,0,100.0,0.0
316,-2.259999999999996,350,0.0,PREY_WIN,1,0,99.72999999999999,0.0
317,-2.349999999999994,350,0.0,PREY_WIN,1,0,100.0,0.0
318,25.37249999999998,16,0.0,PREDATOR_WIN,0,1,0.0,100.0
319,23.79249999999995,99,0.0,PREDATOR_WIN,0,1,0.0,71.71250000000006
320,-3.1599999999999766,350,0.0,PREY_WIN,1,0,100.0,0.0
321,25.902499999999993,2,0.0,PREDATOR_WIN,0,1,0.0,100.0
322,-2.349999999999994,350,0.0,PREY_WIN,1,0,95.04999999999981,0.0
323,-2.209999999999997,350,0.0,PREY_WIN,1,0,100.0,0.0
324,-2.1699999999999977,350,0.0,PREY_WIN,1,0,100.0,0.0
325,24.632499999999993,129,0.0,PREDATOR_WIN,0,1,0.0,62.052500000000265
326,-2.4699999999999913,350,0.0,PREY_WIN,1,0,100.0,0.0
327,-2.3099999999999947,350,0.0,PREY_WIN,1,0,100.0,0.0
328,-2.389999999999993,350,0.0,PREY_WIN,1,0,100.0,0.0
329,-2.239999999999996,350,0.0,PREY_WIN,1,0,100.0,0.0
330,-2.2799999999999954,350,0.0,PREY_WIN,1,0,100.0,0.0
331,-2.3099999999999947,350,0.0,PREY_WIN,1,0,100.0,0.0
332,-2.259999999999996,350,0.0,PREY_WIN,1,0,100.0,0.0
333,-2.3099999999999947,350,0.0,PREY_WIN,1,0,100.0,0.0
334,-2.339999999999994,350,0.0,PREY_WIN,1,0,99.45999999999998,0.0
335,24.202499999999993,172,0.0,PREDATOR_WIN,0,1,0.0,43.69250000000025
336,-2.1399999999999983,350,0.0,PREY_WIN,1,0,100.0,0.0
337,-2.6499999999999875,350,0.0,PREY_WIN,1,0,99.72999999999999,0.0
338,-2.6399999999999877,350,0.0,PREY_WIN,1,0,99.45999999999998,0.0
339,24.442499999999992,145,0.0,PREDATOR_WIN,0,1,0.0,54.7025000000003
340,-2.1899999999999973,350,0.0,PREY_WIN,1,0,100.0,0.0
341,-2.249999999999996,350,0.0,PREY_WIN,1,0,100.0,0.0
342,-2.2799999999999954,350,0.0,PREY_WIN,1,0,99.88,0.0
343,-2.2699999999999956,350,0.0,PREY_WIN,1,0,100.0,0.0
344,-2.3099999999999947,350,0.0,PREY_WIN,1,0,100.0,0.0
345,24.34749999999999,144,0.0,PREDATOR_WIN,0,1,0.0,56.21750000000031
346,-2.909999999999982,350,0.0,PREY_WIN,1,0,100.0,0.0
347,25.082499999999992,84,0.0,PREDATOR_WIN,0,1,0.0,81.55249999999994
348,-3.239999999999975,350,0.0,PREY_WIN,1,0,100.0,0.0
349,-2.249999999999996,350,0.0,PREY_WIN,1,0,100.0,0.0
350,-2.2799999999999954,350,0.0,PREY_WIN,1,0,95.16999999999982,0.0
351,-2.299999999999995,350,0.0,PREY_WIN,1,0,100.0,0.0
352,-2.3299999999999943,350,0.0,PREY_WIN,1,0,100.0,0.0
353,24.472499999999993,145,0.0,PREDATOR_WIN,0,1,0.0,54.1325000000003
354,-2.239999999999996,350,0.0,PREY_WIN,1,0,100.0,0.0
355,-2.209999999999997,350,0.0,PREY_WIN,1,0,100.0,0.0
356,-2.2799999999999954,350,0.0,PREY_WIN,1,0,100.0,0.0
357,-2.299999999999995,350,0.0,PREY_WIN,1,0,100.0,0.0
358,-2.249999999999996,350,0.0,PREY_WIN,1,0,100.0,0.0
359,-2.249999999999996,350,0.0,PREY_WIN,1,0,100.0,0.0
360,25.77249999999999,6,0.0,PREDATOR_WIN,0,1,0.0,100.0
361,-2.2199999999999966,350,0.0,PREY_WIN,1,0,100.0,0.0
362,-2.339999999999994,350,0.0,PREY_WIN,1,0,100.0,0.0
363,-2.289999999999995,350,0.0,PREY_WIN,1,0,100.0,0.0
364,-2.1699999999999977,350,0.0,PREY_WIN,1,0,100.0,0.0
365,-2.1899999999999973,350,0.0,PREY_WIN,1,0,100.0,0.0
366,-2.199999999999997,350,0.0,PREY_WIN,1,0,100.0,0.0
367,-2.249999999999996,350,0.0,PREY_WIN,1,0,100.0,0.0
368,-2.3599999999999937,350,0.0,PREY_WIN,1,0,100.0,0.0
369,-2.239999999999996,350,0.0,PREY_WIN,1,0,100.0,0.0
370,-2.1399999999999983,350,0.0,PREY_WIN,1,0,99.72999999999999,0.0
371,-2.389999999999993,350,0.0,PREY_WIN,1,0,100.0,0.0
372,-2.389999999999993,350,0.0,PREY_WIN,1,0,100.0,0.0
373,-2.199999999999997,350,0.0,PREY_WIN,1,0,100.0,0.0
374,-2.2699999999999956,350,0.0,PREY_WIN,1,0,99.72999999999999,0.0
375,-2.239999999999996,350,0.0,PREY_WIN,1,0,100.0,0.0
376,-2.289999999999995,350,0.0,PREY_WIN,1,0,100.0,0.0
377,-2.239999999999996,350,0.0,PREY_WIN,1,0,100.0,0.0
378,-2.3099999999999947,350,0.0,PREY_WIN,1,0,100.0,0.0
379,-2.3099999999999947,350,0.0,PREY_WIN,1,0,100.0,0.0
380,-2.2199999999999966,350,0.0,PREY_WIN,1,0,100.0,0.0
381,-2.239999999999996,350,0.0,PREY_WIN,1,0,100.0,0.0
382,-2.2199999999999966,350,0.0,PREY_WIN,1,0,100.0,0.0
383,-2.209999999999997,350,0.0,PREY_WIN,1,0,100.0,0.0
384,-2.2199999999999966,350,0.0,PREY_WIN,1,0,100.0,0.0
385,-2.349999999999994,350,0.0,PREY_WIN,1,0,100.0,0.0
386,-2.159999999999998,350,0.0,PREY_WIN,1,0,99.33999999999997,0.0
387,-2.249999999999996,350,0.0,PREY_WIN,1,0,100.0,0.0
388,-2.199999999999997,350,0.0,PREY_WIN,1,0,99.88,0.0
389,-2.439999999999992,350,0.0,PREY_WIN,1,0,100.0,0.0
390,-2.2199999999999966,350,0.0,PREY_WIN,1,0,100.0,0.0
391,-2.1699999999999977,350,0.0,PREY_WIN,1,0,99.72999999999999,0.0
392,-2.159999999999998,350,0.0,PREY_WIN,1,0,100.0,0.0
393,-2.2699999999999956,350,0.0,PREY_WIN,1,0,100.0,0.0
394,-2.2299999999999964,350,0.0,PREY_WIN,1,0,100.0,0.0
395,-2.159999999999998,350,0.0,PREY_WIN,1,0,100.0,0.0
396,-2.1399999999999983,350,0.0,PREY_WIN,1,0,100.0,0.0
397,-2.209999999999997,350,0.0,PREY_WIN,1,0,100.0,0.0
398,-2.1799999999999975,350,0.0,PREY_WIN,1,0,100.0,0.0
399,-2.2199999999999966,350,0.0,PREY_WIN,1,0,100.0,0.0
400,-2.2199999999999966,350,0.0,PREY_WIN,1,0,99.72999999999999,0.0
401,-2.4499999999999917,350,0.0,PREY_WIN,1,0,100.0,0.0
402,-2.239999999999996,350,0.0,PREY_WIN,1,0,100.0,0.0
403,25.479999999999993,45,0.0,PREDATOR_WIN,0,1,0.0,91.93999999999991
404,24.387499999999946,23,0.0,PREDATOR_WIN,0,1,0.0,99.8674999999999
405,25.694999999999993,16,0.0,PREDATOR_WIN,0,1,0.0,100.0
406,25.969999999999995,2,0.0,PREDATOR_WIN,0,1,0.0,100.0
407,-2.1399999999999983,350,0.0,PREY_WIN,1,0,99.72999999999999,0.0
408,-2.1699999999999977,350,0.0,PREY_WIN,1,0,100.0,0.0
409,-2.1699999999999977,350,0.0,PREY_WIN,1,0,100.0,0.0
410,-2.1799999999999975,350,0.0,PREY_WIN,1,0,99.72999999999999,0.0
411,-2.239999999999996,350,0.0,PREY_WIN,1,0,100.0,0.0
412,25.672499999999996,25,0.0,PREDATOR_WIN,0,1,0.0,100.0
413,-2.5099999999999905,350,0.0,PREY_WIN,1,0,100.0,0.0
414,-2.7399999999999856,350,0.0,PREY_WIN,1,0,100.0,0.0
415,-2.9799999999999804,350,0.0,PREY_WIN,1,0,100.0,0.0
416,25.692499999999995,23,0.0,PREDATOR_WIN,0,1,0.0,100.0
417,25.552499999999984,7,0.0,PREDATOR_WIN,0,1,0.0,100.0
418,-2.289999999999995,350,0.0,PREY_WIN,1,0,100.0,0.0
419,-2.1799999999999975,350,0.0,PREY_WIN,1,0,100.0,0.0
420,-2.1699999999999977,350,0.0,PREY_WIN,1,0,100.0,0.0
421,-2.109999999999999,350,0.0,PREY_WIN,1,0,100.0,0.0
422,-2.209999999999997,350,0.0,PREY_WIN,1,0,100.0,0.0
423,-2.149999999999998,350,0.0,PREY_WIN,1,0,100.0,0.0
424,-2.239999999999996,350,0.0,PREY_WIN,1,0,100.0,0.0
425,-2.2699999999999956,350,0.0,PREY_WIN,1,0,100.0,0.0
426,-2.259999999999996,350,0.0,PREY_WIN,1,0,100.0,0.0
427,-2.209999999999997,350,0.0,PREY_WIN,1,0,100.0,0.0
428,-2.3199999999999945,350,0.0,PREY_WIN,1,0,100.0,0.0
429,-2.3599999999999937,350,0.0,PREY_WIN,1,0,100.0,0.0
430,-2.339999999999994,350,0.0,PREY_WIN,1,0,100.0,0.0
431,-2.3099999999999947,350,0.0,PREY_WIN,1,0,100.0,0.0
432,-2.299999999999995,350,0.0,PREY_WIN,1,0,100.0,0.0
433,-2.2299999999999964,350,0.0,PREY_WIN,1,0,100.0,0.0
434,25.092499999999994,83,0.0,PREDATOR_WIN,0,1,0.0,77.17250000000006
435,-2.619999999999988,350,0.0,PREY_WIN,1,0,99.88,0.0
436,-2.239999999999996,350,0.0,PREY_WIN,1,0,100.0,0.0
437,-2.1899999999999973,350,0.0,PREY_WIN,1,0,99.72999999999999,0.0
438,-2.289999999999995,350,0.0,PREY_WIN,1,0,100.0,0.0
439,-2.239999999999996,350,0.0,PREY_WIN,1,0,100.0,0.0
440,-2.209999999999997,350,0.0,PREY_WIN,1,0,100.0,0.0
441,25.262499999999985,39,0.0,PREDATOR_WIN,0,1,0.0,94.4824999999999
442,-2.6599999999999873,350,0.0,PREY_WIN,1,0,100.0,0.0
443,-2.2699999999999956,350,0.0,PREY_WIN,1,0,100.0,0.0
444,-2.289999999999995,350,0.0,PREY_WIN,1,0,100.0,0.0
445,-2.149999999999998,350,0.0,PREY_WIN,1,0,100.0,0.0
446,-2.259999999999996,350,0.0,PREY_WIN,1,0,100.0,0.0
447,-2.3099999999999947,350,0.0,PREY_WIN,1,0,99.72999999999999,0.0
448,-2.259999999999996,350,0.0,PREY_WIN,1,0,100.0,0.0
449,-2.209999999999997,350,0.0,PREY_WIN,1,0,100.0,0.0
450,-2.2299999999999964,350,0.0,PREY_WIN,1,0,100.0,0.0
451,-2.209999999999997,350,0.0,PREY_WIN,1,0,100.0,0.0
452,-2.389999999999993,350,0.0,PREY_WIN,1,0,100.0,0.0
453,-2.1699999999999977,350,0.0,PREY_WIN,1,0,100.0,0.0
454,-2.159999999999998,350,0.0,PREY_WIN,1,0,100.0,0.0
455,-2.1699999999999977,350,0.0,PREY_WIN,1,0,100.0,0.0
456,-2.259999999999996,350,0.0,PREY_WIN,1,0,100.0,0.0
457,-2.2199999999999966,350,0.0,PREY_WIN,1,0,100.0,0.0
458,-2.1699999999999977,350,0.0,PREY_WIN,1,0,99.72999999999999,0.0
459,25.152499999999993,77,0.0,PREDATOR_WIN,0,1,0.0,80.29249999999999
460,-2.209999999999997,350,0.0,PREY_WIN,1,0,100.0,0.0
461,25.702499999999993,22,0.0,PREDATOR_WIN,0,1,0.0,100.0
462,-2.149999999999998,350,0.0,PREY_WIN,1,0,99.72999999999999,0.0
463,-2.2299999999999964,350,0.0,PREY_WIN,1,0,99.72999999999999,0.0
464,24.959999999999987,76,0.0,PREDATOR_WIN,0,1,0.0,82.00999999999995
465,-2.8299999999999836,350,0.0,PREY_WIN,1,0,100.0,0.0
466,-2.289999999999995,350,0.0,PREY_WIN,1,0,100.0,0.0
467,-2.4099999999999926,350,0.0,PREY_WIN,1,0,100.0,0.0
468,-2.209999999999997,350,0.0,PREY_WIN,1,0,100.0,0.0
469,25.192499999999995,73,0.0,PREDATOR_WIN,0,1,0.0,82.57249999999996
470,-3.0199999999999796,350,0.0,PREY_WIN,1,0,100.0,0.0
471,-2.239999999999996,350,0.0,PREY_WIN,1,0,100.0,0.0
472,25.73749999999999,5,0.0,PREDATOR_WIN,0,1,0.0,100.0
473,-2.389999999999993,350,0.0,PREY_WIN,1,0,100.0,0.0
474,-2.199999999999997,350,0.0,PREY_WIN,1,0,100.0,0.0
475,-2.209999999999997,350,0.0,PREY_WIN,1,0,100.0,0.0
476,-2.239999999999996,350,0.0,PREY_WIN,1,0,100.0,0.0
477,-2.239999999999996,350,0.0,PREY_WIN,1,0,100.0,0.0
478,-2.3099999999999947,350,0.0,PREY_WIN,1,0,100.0,0.0
479,-2.149999999999998,350,0.0,PREY_WIN,1,0,100.0,0.0
480,-2.2199999999999966,350,0.0,PREY_WIN,1,0,100.0,0.0
481,-2.1699999999999977,350,0.0,PREY_WIN,1,0,100.0,0.0
482,24.50499999999998,105,0.0,PREDATOR_WIN,0,1,0.0,69.66500000000013
483,-2.349999999999994,350,0.0,PREY_WIN,1,0,100.0,0.0
484,-2.7499999999999853,350,0.0,PREY_WIN,1,0,100.0,0.0
485,23.98249999999999,191,0.0,PREDATOR_WIN,0,1,0.0,37.78250000000025
486,-2.389999999999993,350,0.0,PREY_WIN,1,0,100.0,0.0
487,25.164999999999992,69,0.0,PREDATOR_WIN,0,1,0.0,85.08499999999991
488,-2.159999999999998,350,0.0,PREY_WIN,1,0,100.0,0.0
489,-2.259999999999996,350,0.0,PREY_WIN,1,0,100.0,0.0
490,-2.1799999999999975,350,0.0,PREY_WIN,1,0,100.0,0.0
491,-2.339999999999994,350,0.0,PREY_WIN,1,0,100.0,0.0
492,-2.259999999999996,350,0.0,PREY_WIN,1,0,100.0,0.0
493,-2.289999999999995,350,0.0,PREY_WIN,1,0,100.0,0.0
494,-2.1799999999999975,350,0.0,PREY_WIN,1,0,100.0,0.0
495,24.912499999999994,101,0.0,PREDATOR_WIN,0,1,0.0,74.71250000000003
496,-2.2699999999999956,350,0.0,PREY_WIN,1,0,100.0,0.0
497,-2.1899999999999973,350,0.0,PREY_WIN,1,0,100.0,0.0
498,-2.1699999999999977,350,0.0,PREY_WIN,1,0,100.0,0.0
499,24.762499999999974,62,0.0,PREDATOR_WIN,0,1,0.0,89.35249999999982
500,-2.1699999999999977,350,0.0,PREY_WIN,1,0,99.72999999999999,0.0
501,-2.3099999999999947,350,0.0,PREY_WIN,1,0,100.0,0.0
502,-2.4999999999999907,350,0.0,PREY_WIN,1,0,100.0,0.0
503,-2.3099999999999947,350,0.0,PREY_WIN,1,0,100.0,0.0
504,-2.289999999999995,350,0.0,PREY_WIN,1,0,99.45999999999998,0.0
505,-2.3599999999999937,350,0.0,PREY_WIN,1,0,100.0,0.0
506,-2.1899999999999973,350,0.0,PREY_WIN,1,0,100.0,0.0
507,-2.199999999999997,350,0.0,PREY_WIN,1,0,100.0,0.0
508,-2.259999999999996,350,0.0,PREY_WIN,1,0,100.0,0.0
509,-2.2699999999999956,350,0.0,PREY_WIN,1,0,100.0,0.0
510,-2.3799999999999932,350,0.0,PREY_WIN,1,0,100.0,0.0
511,-2.209999999999997,350,0.0,PREY_WIN,1,0,100.0,0.0
512,-2.2699999999999956,350,0.0,PREY_WIN,1,0,100.0,0.0
513,-2.239999999999996,350,0.0,PREY_WIN,1,0,100.0,0.0
514,-2.1899999999999973,350,0.0,PREY_WIN,1,0,100.0,0.0
515,-2.339999999999994,350,0.0,PREY_WIN,1,0,100.0,0.0
516,-2.339999999999994,350,0.0,PREY_WIN,1,0,100.0,0.0
517,24.002499999999984,165,0.0,PREDATOR_WIN,0,1,0.0,51.462500000000254
518,-2.899999999999982,350,0.0,PREY_WIN,1,0,100.0,0.0
519,-2.289999999999995,350,0.0,PREY_WIN,1,0,100.0,0.0
520,-2.149999999999998,350,0.0,PREY_WIN,1,0,99.72999999999999,0.0
521,25.824999999999992,3,0.0,PREDATOR_WIN,0,1,0.0,100.0
522,-2.4599999999999915,350,0.0,PREY_WIN,1,0,100.0,0.0
523,25.559999999999988,16,0.0,PREDATOR_WIN,0,1,0.0,100.0
524,-2.259999999999996,350,0.0,PREY_WIN,1,0,100.0,0.0
525,-2.1299999999999986,350,0.0,PREY_WIN,1,0,100.0,0.0
526,23.932499999999994,199,0.0,PREDATOR_WIN,0,1,0.0,35.952500000000214
527,-2.239999999999996,350,0.0,PREY_WIN,1,0,100.0,0.0
528,-2.289999999999995,350,0.0,PREY_WIN,1,0,100.0,0.0
529,24.29499999999999,156,0.0,PREDATOR_WIN,0,1,0.0,48.84500000000027
530,-3.3399999999999728,350,0.0,PREY_WIN,1,0,100.0,0.0
531,-2.869999999999983,350,0.0,PREY_WIN,1,0,99.60999999999999,0.0
532,-2.1899999999999973,350,0.0,PREY_WIN,1,0,100.0,0.0
533,-2.1799999999999975,350,0.0,PREY_WIN,1,0,100.0,0.0
534,-2.1799999999999975,350,0.0,PREY_WIN,1,0,100.0,0.0
535,-2.239999999999996,350,0.0,PREY_WIN,1,0,100.0,0.0
536,-2.209999999999997,350,0.0,PREY_WIN,1,0,100.0,0.0
537,25.15249999999997,20,0.0,PREDATOR_WIN,0,1,0.0,100.0
538,-2.3099999999999947,350,0.0,PREY_WIN,1,0,100.0,0.0
539,-2.239999999999996,350,0.0,PREY_WIN,1,0,100.0,0.0
540,-2.3099999999999947,350,0.0,PREY_WIN,1,0,99.88,0.0
541,25.747499999999988,4,0.0,PREDATOR_WIN,0,1,0.0,100.0
542,-2.2299999999999964,350,0.0,PREY_WIN,1,0,100.0,0.0
543,-2.3299999999999943,350,0.0,PREY_WIN,1,0,100.0,0.0
544,25.824999999999992,3,0.0,PREDATOR_WIN,0,1,0.0,100.0
545,-2.1899999999999973,350,0.0,PREY_WIN,1,0,100.0,0.0
546,-2.199999999999997,350,0.0,PREY_WIN,1,0,100.0,0.0
547,-2.1899999999999973,350,0.0,PREY_WIN,1,0,100.0,0.0
548,18.412499999999994,1,0.0,PREDATOR_WIN,0,1,0.0,100.0
549,-2.199999999999997,350,0.0,PREY_WIN,1,0,100.0,0.0
550,-2.209999999999997,350,0.0,PREY_WIN,1,0,100.0,0.0
551,-2.1399999999999983,350,0.0,PREY_WIN,1,0,100.0,0.0
552,-2.429999999999992,350,0.0,PREY_WIN,1,0,100.0,0.0
553,-2.289999999999995,350,0.0,PREY_WIN,1,0,100.0,0.0
554,-2.1699999999999977,350,0.0,PREY_WIN,1,0,100.0,0.0
555,25.142499999999995,78,0.0,PREDATOR_WIN,0,1,0.0,83.7724999999999
556,-2.199999999999997,350,0.0,PREY_WIN,1,0,100.0,0.0
557,-2.2199999999999966,350,0.0,PREY_WIN,1,0,100.0,0.0
558,-2.1899999999999973,350,0.0,PREY_WIN,1,0,100.0,0.0
559,-2.1699999999999977,350,0.0,PREY_WIN,1,0,100.0,0.0
560,-2.1799999999999975,350,0.0,PREY_WIN,1,0,100.0,0.0
561,-2.239999999999996,350,0.0,PREY_WIN,1,0,100.0,0.0
562,-2.1799999999999975,350,0.0,PREY_WIN,1,0,100.0,0.0
563,-2.249999999999996,350,0.0,PREY_WIN,1,0,100.0,0.0
564,-2.209999999999997,350,0.0,PREY_WIN,1,0,100.0,0.0
565,-2.1799999999999975,350,0.0,PREY_WIN,1,0,99.72999999999999,0.0
566,-2.4499999999999917,350,0.0,PREY_WIN,1,0,100.0,0.0
567,-2.289999999999995,350,0.0,PREY_WIN,1,0,100.0,0.0
568,-2.259999999999996,350,0.0,PREY_WIN,1,0,100.0,0.0
569,24.81499999999999,104,0.0,PREDATOR_WIN,0,1,0.0,71.58500000000012
570,-2.52999999999999,350,0.0,PREY_WIN,1,0,100.0,0.0
571,-2.5099999999999905,350,0.0,PREY_WIN,1,0,99.72999999999999,0.0
572,-2.109999999999999,350,0.0,PREY_WIN,1,0,100.0,0.0
573,-2.1399999999999983,350,0.0,PREY_WIN,1,0,100.0,0.0
574,-2.2199999999999966,350,0.0,PREY_WIN,1,0,100.0,0.0
575,-2.1799999999999975,350,0.0,PREY_WIN,1,0,100.0,0.0
576,-2.2199999999999966,350,0.0,PREY_WIN,1,0,100.0,0.0
577,-2.2299999999999964,350,0.0,PREY_WIN,1,0,99.72999999999999,0.0
578,-2.239999999999996,350,0.0,PREY_WIN,1,0,100.0,0.0
579,-2.1899999999999973,350,0.0,PREY_WIN,1,0,100.0,0.0
580,-2.2799999999999954,350,0.0,PREY_WIN,1,0,100.0,0.0
581,25.574999999999992,28,0.0,PREDATOR_WIN,0,1,0.0,99.30499999999994
582,-2.2199999999999966,350,0.0,PREY_WIN,1,0,100.0,0.0
583,-2.3199999999999945,350,0.0,PREY_WIN,1,0,100.0,0.0
584,-2.159999999999998,350,0.0,PREY_WIN,1,0,100.0,0.0
585,-2.239999999999996,350,0.0,PREY_WIN,1,0,100.0,0.0
586,-2.259999999999996,350,0.0,PREY_WIN,1,0,100.0,0.0
587,-2.1799999999999975,350,0.0,PREY_WIN,1,0,100.0,0.0
588,-2.3599999999999937,350,0.0,PREY_WIN,1,0,100.0,0.0
589,-2.2199999999999966,350,0.0,PREY_WIN,1,0,100.0,0.0
590,25.61499999999999,24,0.0,PREDATOR_WIN,0,1,0.0,100.0
591,-2.3599999999999937,350,0.0,PREY_WIN,1,0,100.0,0.0
592,-2.53999999999999,350,0.0,PREY_WIN,1,0,100.0,0.0
593,24.39499999999999,146,0.0,PREDATOR_WIN,0,1,0.0,54.545000000000286
594,-2.6399999999999877,350,0.0,PREY_WIN,1,0,100.0,0.0
595,-2.8899999999999824,350,0.0,PREY_WIN,1,0,99.72999999999999,0.0
596,-2.1899999999999973,350,0.0,PREY_WIN,1,0,100.0,0.0
597,-2.2699999999999956,350,0.0,PREY_WIN,1,0,100.0,0.0
598,-2.249999999999996,350,0.0,PREY_WIN,1,0,100.0,0.0
599,-2.1399999999999983,350,0.0,PREY_WIN,1,0,100.0,0.0
600,-2.159999999999998,350,0.0,PREY_WIN,1,0,100.0,0.0
601,-2.3599999999999937,350,0.0,PREY_WIN,1,0,100.0,0.0
602,-2.239999999999996,350,0.0,PREY_WIN,1,0,100.0,0.0
603,-2.4099999999999926,350,0.0,PREY_WIN,1,0,100.0,0.0
604,-2.339999999999994,350,0.0,PREY_WIN,1,0,100.0,0.0
605,-2.1699999999999977,350,0.0,PREY_WIN,1,0,100.0,0.0
606,-2.1899999999999973,350,0.0,PREY_WIN,1,0,100.0,0.0
607,-2.299999999999995,350,0.0,PREY_WIN,1,0,100.0,0.0
608,-2.289999999999995,350,0.0,PREY_WIN,1,0,100.0,0.0
609,-2.3799999999999932,350,0.0,PREY_WIN,1,0,100.0,0.0
610,25.169999999999995,79,0.0,PREDATOR_WIN,0,1,0.0,78.59000000000003
611,-2.3599999999999937,350,0.0,PREY_WIN,1,0,100.0,0.0
612,-2.809999999999984,350,0.0,PREY_WIN,1,0,100.0,0.0
613,24.932499999999994,99,0.0,PREDATOR_WIN,0,1,0.0,76.45250000000004
614,-2.819999999999984,350,0.0,PREY_WIN,1,0,100.0,0.0
615,25.472499999999993,45,0.0,PREDATOR_WIN,0,1,0.0,91.63249999999991
616,25.31749999999999,47,0.0,PREDATOR_WIN,0,1,0.0,90.9574999999999
617,-2.809999999999984,350,0.0,PREY_WIN,1,0,100.0,0.0
618,-2.6999999999999864,350,0.0,PREY_WIN,1,0,100.0,0.0
619,-2.53999999999999,350,0.0,PREY_WIN,1,0,100.0,0.0
620,-2.3799999999999932,350,0.0,PREY_WIN,1,0,100.0,0.0
621,-2.1799999999999975,350,0.0,PREY_WIN,1,0,100.0,0.0
622,-2.239999999999996,350,0.0,PREY_WIN,1,0,100.0,0.0
623,-2.1399999999999983,350,0.0,PREY_WIN,1,0,100.0,0.0
624,-2.1899999999999973,350,0.0,PREY_WIN,1,0,100.0,0.0
625,-2.159999999999998,350,0.0,PREY_WIN,1,0,100.0,0.0
626,-2.3199999999999945,350,0.0,PREY_WIN,1,0,100.0,0.0
627,-2.239999999999996,350,0.0,PREY_WIN,1,0,100.0,0.0
628,-2.2299999999999964,350,0.0,PREY_WIN,1,0,100.0,0.0
629,-2.429999999999992,350,0.0,PREY_WIN,1,0,100.0,0.0
630,-2.209999999999997,350,0.0,PREY_WIN,1,0,100.0,0.0
631,-2.159999999999998,350,0.0,PREY_WIN,1,0,99.72999999999999,0.0
632,-2.1899999999999973,350,0.0,PREY_WIN,1,0,100.0,0.0
633,-2.199999999999997,350,0.0,PREY_WIN,1,0,99.72999999999999,0.0
634,-2.299999999999995,350,0.0,PREY_WIN,1,0,100.0,0.0
635,-2.209999999999997,350,0.0,PREY_WIN,1,0,100.0,0.0
636,-2.239999999999996,350,0.0,PREY_WIN,1,0,100.0,0.0
637,23.274999999999988,231,0.0,PREDATOR_WIN,0,1,0.0,45.575000000000244
638,-2.5899999999999888,350,0.0,PREY_WIN,1,0,100.0,0.0
639,-3.1599999999999766,350,0.0,PREY_WIN,1,0,100.0,0.0
640,-2.6099999999999883,350,0.0,PREY_WIN,1,0,100.0,0.0
641,-2.3599999999999937,350,0.0,PREY_WIN,1,0,100.0,0.0
642,-2.2799999999999954,350,0.0,PREY_WIN,1,0,100.0,0.0
643,24.529999999999994,146,0.0,PREDATOR_WIN,0,1,0.0,57.38000000000031
644,-2.479999999999991,350,0.0,PREY_WIN,1,0,100.0,0.0
645,24.152499999999993,177,0.0,PREDATOR_WIN,0,1,0.0,46.392500000000275
646,-2.7499999999999853,350,0.0,PREY_WIN,1,0,100.0,0.0
647,-2.4699999999999913,350,0.0,PREY_WIN,1,0,100.0,0.0
648,25.33499999999999,52,0.0,PREDATOR_WIN,0,1,0.0,88.9249999999999
649,21.772499999999958,277,0.0,PREDATOR_WIN,0,1,0.0,36.61249999999986
650,-3.00999999999998,350,0.0,PREY_WIN,1,0,100.0,0.0
651,-3.2599999999999745,350,0.0,PREY_WIN,1,0,100.0,0.0
652,-2.339999999999994,350,0.0,PREY_WIN,1,0,100.0,0.0
653,-2.5599999999999894,350,0.0,PREY_WIN,1,0,100.0,0.0
654,-2.1899999999999973,350,0.0,PREY_WIN,1,0,100.0,0.0
655,-2.1799999999999975,350,0.0,PREY_WIN,1,0,100.0,0.0
656,-2.1899999999999973,350,0.0,PREY_WIN,1,0,100.0,0.0
657,-2.1899999999999973,350,0.0,PREY_WIN,1,0,100.0,0.0
658,-2.1899999999999973,350,0.0,PREY_WIN,1,0,99.72999999999999,0.0
659,25.79499999999999,6,0.0,PREDATOR_WIN,0,1,0.0,100.0
660,-2.199999999999997,350,0.0,PREY_WIN,1,0,100.0,0.0
661,-2.149999999999998,350,0.0,PREY_WIN,1,0,100.0,0.0
662,-2.239999999999996,350,0.0,PREY_WIN,1,0,100.0,0.0
663,-2.209999999999997,350,0.0,PREY_WIN,1,0,100.0,0.0
664,-2.3299999999999943,350,0.0,PREY_WIN,1,0,100.0,0.0
665,-2.1899999999999973,350,0.0,PREY_WIN,1,0,100.0,0.0
666,-2.1899999999999973,350,0.0,PREY_WIN,1,0,100.0,0.0
667,-2.2799999999999954,350,0.0,PREY_WIN,1,0,100.0,0.0
668,-2.289999999999995,350,0.0,PREY_WIN,1,0,99.72999999999999,0.0
669,25.202499999999993,72,0.0,PREDATOR_WIN,0,1,0.0,83.29249999999995
670,-2.7399999999999856,350,0.0,PREY_WIN,1,0,100.0,0.0
671,-2.3699999999999934,350,0.0,PREY_WIN,1,0,100.0,0.0
672,-2.339999999999994,350,0.0,PREY_WIN,1,0,100.0,0.0
673,-2.1699999999999977,350,0.0,PREY_WIN,1,0,100.0,0.0
674,-2.339999999999994,350,0.0,PREY_WIN,1,0,99.88,0.0
675,-2.2199999999999966,350,0.0,PREY_WIN,1,0,100.0,0.0
676,-2.2199999999999966,350,0.0,PREY_WIN,1,0,100.0,0.0
677,-2.159999999999998,350,0.0,PREY_WIN,1,0,100.0,0.0
678,-2.2699999999999956,350,0.0,PREY_WIN,1,0,100.0,0.0
679,25.42499999999999,43,0.0,PREDATOR_WIN,0,1,0.0,93.00499999999991
680,-2.8899999999999824,350,0.0,PREY_WIN,1,0,100.0,0.0
681,-2.3599999999999937,350,0.0,PREY_WIN,1,0,100.0,0.0
682,-2.7799999999999847,350,0.0,PREY_WIN,1,0,100.0,0.0
683,-2.3099999999999947,350,0.0,PREY_WIN,1,0,100.0,0.0
684,-2.289999999999995,350,0.0,PREY_WIN,1,0,100.0,0.0
685,25.882499999999993,4,0.0,PREDATOR_WIN,0,1,0.0,100.0
686,-2.209999999999997,350,0.0,PREY_WIN,1,0,100.0,0.0
687,-2.199999999999997,350,0.0,PREY_WIN,1,0,100.0,0.0
688,-2.3199999999999945,350,0.0,PREY_WIN,1,0,100.0,0.0
689,-2.199999999999997,350,0.0,PREY_WIN,1,0,100.0,0.0
690,-2.339999999999994,350,0.0,PREY_WIN,1,0,100.0,0.0
691,-2.1399999999999983,350,0.0,PREY_WIN,1,0,100.0,0.0
692,-2.2699999999999956,350,0.0,PREY_WIN,1,0,100.0,0.0
693,-2.3799999999999932,350,0.0,PREY_WIN,1,0,100.0,0.0
694,-2.1799999999999975,350,0.0,PREY_WIN,1,0,100.0,0.0
695,-2.1899999999999973,350,0.0,PREY_WIN,1,0,100.0,0.0
696,-2.239999999999996,350,0.0,PREY_WIN,1,0,100.0,0.0
697,-2.239999999999996,350,0.0,PREY_WIN,1,0,100.0,0.0
698,-2.339999999999994,350,0.0,PREY_WIN,1,0,100.0,0.0
699,-2.2699999999999956,350,0.0,PREY_WIN,1,0,100.0,0.0
700,-2.209999999999997,350,0.0,PREY_WIN,1,0,100.0,0.0
701,-2.2199999999999966,350,0.0,PREY_WIN,1,0,100.0,0.0
702,-2.2699999999999956,350,0.0,PREY_WIN,1,0,100.0,0.0
703,-2.249999999999996,350,0.0,PREY_WIN,1,0,100.0,0.0
704,-2.249999999999996,350,0.0,PREY_WIN,1,0,100.0,0.0
705,-2.209999999999997,350,0.0,PREY_WIN,1,0,100.0,0.0
706,-2.149999999999998,350,0.0,PREY_WIN,1,0,100.0,0.0
707,25.81499999999999,4,0.0,PREDATOR_WIN,0,1,0.0,100.0
708,-2.399999999999993,350,0.0,PREY_WIN,1,0,100.0,0.0
709,-2.209999999999997,350,0.0,PREY_WIN,1,0,100.0,0.0
710,-2.239999999999996,350,0.0,PREY_WIN,1,0,100.0,0.0
711,24.299999999999997,169,0.0,PREDATOR_WIN,0,1,0.0,45.620000000000246
712,-3.0299999999999794,350,0.0,PREY_WIN,1,0,100.0,0.0
713,25.882499999999993,4,0.0,PREDATOR_WIN,0,1,0.0,100.0
714,-2.9399999999999813,350,0.0,PREY_WIN,1,0,100.0,0.0
715,24.83249999999997,52,0.0,PREDATOR_WIN,0,1,0.0,89.32249999999988
716,-3.369999999999972,350,0.0,PREY_WIN,1,0,100.0,0.0
717,-2.1399999999999983,350,0.0,PREY_WIN,1,0,100.0,0.0
718,-2.209999999999997,350,0.0,PREY_WIN,1,0,100.0,0.0
719,-2.159999999999998,350,0.0,PREY_WIN,1,0,100.0,0.0
720,-2.4499999999999917,350,0.0,PREY_WIN,1,0,100.0,0.0
721,25.38499999999999,47,0.0,PREDATOR_WIN,0,1,0.0,90.42499999999991
722,-2.289999999999995,350,0.0,PREY_WIN,1,0,100.0,0.0
723,-2.159999999999998,350,0.0,PREY_WIN,1,0,100.0,0.0
724,-2.209999999999997,350,0.0,PREY_WIN,1,0,100.0,0.0
725,-2.3699999999999934,350,0.0,PREY_WIN,1,0,100.0,0.0
726,-2.2799999999999954,350,0.0,PREY_WIN,1,0,99.72999999999999,0.0
727,-2.1799999999999975,350,0.0,PREY_WIN,1,0,100.0,0.0
728,24.802499999999995,112,0.0,PREDATOR_WIN,0,1,0.0,67.69250000000015
729,-2.9399999999999813,350,0.0,PREY_WIN,1,0,100.0,0.0
730,-2.289999999999995,350,0.0,PREY_WIN,1,0,100.0,0.0
731,-2.1399999999999983,350,0.0,PREY_WIN,1,0,100.0,0.0
732,-2.159999999999998,350,0.0,PREY_WIN,1,0,100.0,0.0
733,25.902499999999993,2,0.0,PREDATOR_WIN,0,1,0.0,100.0
734,-2.2699999999999956,350,0.0,PREY_WIN,1,0,100.0,0.0
735,-2.209999999999997,350,0.0,PREY_WIN,1,0,100.0,0.0
736,-2.2299999999999964,350,0.0,PREY_WIN,1,0,100.0,0.0
737,-2.239999999999996,350,0.0,PREY_WIN,1,0,100.0,0.0
738,-2.249999999999996,350,0.0,PREY_WIN,1,0,100.0,0.0
739,-2.1899999999999973,350,0.0,PREY_WIN,1,0,100.0,0.0
740,-2.1899999999999973,350,0.0,PREY_WIN,1,0,100.0,0.0
741,-2.1899999999999973,350,0.0,PREY_WIN,1,0,99.72999999999999,0.0
742,25.664999999999992,19,0.0,PREDATOR_WIN,0,1,0.0,100.0
743,-3.00999999999998,350,0.0,PREY_WIN,1,0,100.0,0.0
744,-2.289999999999995,350,0.0,PREY_WIN,1,0,100.0,0.0
745,-2.259999999999996,350,0.0,PREY_WIN,1,0,100.0,0.0
746,-2.199999999999997,350,0.0,PREY_WIN,1,0,100.0,0.0
747,-2.289999999999995,350,0.0,PREY_WIN,1,0,100.0,0.0
748,-2.209999999999997,350,0.0,PREY_WIN,1,0,100.0,0.0
749,-2.209999999999997,350,0.0,PREY_WIN,1,0,100.0,0.0
750,25.062499999999993,86,0.0,PREDATOR_WIN,0,1,0.0,76.21250000000006
751,-2.579999999999989,350,0.0,PREY_WIN,1,0,100.0,0.0
752,25.902499999999993,2,0.0,PREDATOR_WIN,0,1,0.0,100.0
753,-3.039999999999979,350,0.0,PREY_WIN,1,0,99.72999999999999,0.0
754,-2.3099999999999947,350,0.0,PREY_WIN,1,0,100.0,0.0
755,-2.3699999999999934,350,0.0,PREY_WIN,1,0,100.0,0.0
756,25.132499999999993,79,0.0,PREDATOR_WIN,0,1,0.0,82.7525
757,-2.9899999999999802,350,0.0,PREY_WIN,1,0,100.0,0.0
758,22.657499999999935,178,0.0,PREDATOR_WIN,0,1,0.0,45.68750000000023
759,-3.139999999999977,350,0.0,PREY_WIN,1,0,100.0,0.0
760,-2.959999999999981,350,0.0,PREY_WIN,1,0,100.0,0.0
761,-2.2699999999999956,350,0.0,PREY_WIN,1,0,100.0,0.0
762,-2.249999999999996,350,0.0,PREY_WIN,1,0,100.0,0.0
763,-2.1299999999999986,350,0.0,PREY_WIN,1,0,100.0,0.0
764,-2.149999999999998,350,0.0,PREY_WIN,1,0,100.0,0.0
765,-2.1699999999999977,350,0.0,PREY_WIN,1,0,100.0,0.0
766,-2.149999999999998,350,0.0,PREY_WIN,1,0,100.0,0.0
767,-2.1299999999999986,350,0.0,PREY_WIN,1,0,100.0,0.0
768,25.119999999999994,84,0.0,PREDATOR_WIN,0,1,0.0,75.89000000000009
769,-3.229999999999975,350,0.0,PREY_WIN,1,0,100.0,0.0
770,-3.4999999999999694,350,0.0,PREY_WIN,1,1,100.0,4.299999999999992
771,25.414999999999992,44,0.0,PREDATOR_WIN,0,1,0.0,91.68499999999992
772,-3.1599999999999766,350,0.0,PREY_WIN,1,0,100.0,0.0
773,-2.6599999999999873,350,0.0,PREY_WIN,1,0,100.0,0.0
774,-2.149999999999998,350,0.0,PREY_WIN,1,0,100.0,0.0
775,-2.4499999999999917,350,0.0,PREY_WIN,1,0,100.0,0.0
776,-2.249999999999996,350,0.0,PREY_WIN,1,0,100.0,0.0
777,-2.199999999999997,350,0.0,PREY_WIN,1,0,100.0,0.0
778,-2.1899999999999973,350,0.0,PREY_WIN,1,0,100.0,0.0
779,-2.2799999999999954,350,0.0,PREY_WIN,1,0,100.0,0.0
780,-2.209999999999997,350,0.0,PREY_WIN,1,0,100.0,0.0
781,-2.239999999999996,350,0.0,PREY_WIN,1,0,100.0,0.0
782,-2.239999999999996,350,0.0,PREY_WIN,1,0,100.0,0.0
783,-2.1799999999999975,350,0.0,PREY_WIN,1,0,100.0,0.0
784,-2.289999999999995,350,0.0,PREY_WIN,1,0,100.0,0.0
785,-2.209999999999997,350,0.0,PREY_WIN,1,0,100.0,0.0
786,-2.1899999999999973,350,0.0,PREY_WIN,1,0,100.0,0.0
787,-2.3599999999999937,350,0.0,PREY_WIN,1,0,100.0,0.0
788,-2.1899999999999973,350,0.0,PREY_WIN,1,0,100.0,0.0
789,-2.159999999999998,350,0.0,PREY_WIN,1,0,100.0,0.0
790,-2.159999999999998,350,0.0,PREY_WIN,1,0,100.0,0.0
791,24.742499999999993,118,0.0,PREDATOR_WIN,0,1,0.0,77.47250000000003
792,24.55249999999998,107,0.0,PREDATOR_WIN,0,1,0.0,72.4925
793,-3.45999999999997,350,0.0,PREY_WIN,1,0,100.0,0.0
794,-2.439999999999992,350,0.0,PREY_WIN,1,0,100.0,0.0
795,-2.159999999999998,350,0.0,PREY_WIN,1,0,100.0,0.0
796,-2.109999999999999,350,0.0,PREY_WIN,1,0,100.0,0.0
797,-2.109999999999999,350,0.0,PREY_WIN,1,0,100.0,0.0
798,-2.7799999999999847,350,0.0,PREY_WIN,1,0,100.0,0.0
799,23.700000000000003,229,0.0,PREDATOR_WIN,0,1,0.0,25.820000000000213
800,24.33499999999998,125,0.0,PREDATOR_WIN,0,1,0.0,63.99500000000015
801,25.032499999999995,89,0.0,PREDATOR_WIN,0,1,0.0,73.75250000000011
802,-3.45999999999997,350,0.0,PREY_WIN,1,0,100.0,0.0
803,-2.159999999999998,350,0.0,PREY_WIN,1,0,100.0,0.0
804,25.62749999999999,16,0.0,PREDATOR_WIN,0,1,0.0,100.0
805,-2.429999999999992,350,0.0,PREY_WIN,1,0,100.0,0.0
806,-2.1899999999999973,350,0.0,PREY_WIN,1,0,100.0,0.0
807,-2.289999999999995,350,0.0,PREY_WIN,1,0,100.0,0.0
808,-2.239999999999996,350,0.0,PREY_WIN,1,0,100.0,0.0
809,-2.1799999999999975,350,0.0,PREY_WIN,1,0,100.0,0.0
810,-2.249999999999996,350,0.0,PREY_WIN,1,0,100.0,0.0
811,-2.2699999999999956,350,0.0,PREY_WIN,1,0,100.0,0.0
812,-2.1899999999999973,350,0.0,PREY_WIN,1,0,100.0,0.0
813,-2.239999999999996,350,0.0,PREY_WIN,1,0,100.0,0.0
814,-2.1899999999999973,350,0.0,PREY_WIN,1,0,100.0,0.0
815,-2.209999999999997,350,0.0,PREY_WIN,1,0,100.0,0.0
816,25.282499999999995,64,0.0,PREDATOR_WIN,0,1,0.0,84.25249999999997
817,-2.7399999999999856,350,0.0,PREY_WIN,1,0,100.0,0.0
818,-2.1899999999999973,350,0.0,PREY_WIN,1,0,100.0,0.0
819,-2.1399999999999983,350,0.0,PREY_WIN,1,0,100.0,0.0
820,-2.4099999999999926,350,0.0,PREY_WIN,1,0,100.0,0.0
821,-2.1399999999999983,350,0.0,PREY_WIN,1,0,100.0,0.0
822,-2.3199999999999945,350,0.0,PREY_WIN,1,0,100.0,0.0
823,-2.1899999999999973,350,0.0,PREY_WIN,1,0,100.0,0.0
824,-2.1899999999999973,350,0.0,PREY_WIN,1,0,100.0,0.0
825,-2.1899999999999973,350,0.0,PREY_WIN,1,0,100.0,0.0
826,-2.199999999999997,350,0.0,PREY_WIN,1,0,100.0,0.0
827,-2.239999999999996,350,0.0,PREY_WIN,1,0,100.0,0.0
828,23.562499999999986,209,0.0,PREDATOR_WIN,0,1,0.0,31.782500000000226
829,24.459999999999997,153,0.0,PREDATOR_WIN,0,1,0.0,51.14000000000028
830,-2.6399999999999877,350,0.0,PREY_WIN,1,0,100.0,0.0
831,-2.249999999999996,350,0.0,PREY_WIN,1,0,100.0,0.0
832,-2.2299999999999964,350,0.0,PREY_WIN,1,0,100.0,0.0
833,-2.259999999999996,350,0.0,PREY_WIN,1,0,100.0,0.0
834,-2.209999999999997,350,0.0,PREY_WIN,1,0,100.0,0.0
835,-2.209999999999997,350,0.0,PREY_WIN,1,0,100.0,0.0
836,25.322499999999994,60,0.0,PREDATOR_WIN,0,1,0.0,86.53249999999991
837,25.43749999999999,35,0.0,PREDATOR_WIN,0,1,0.0,95.99749999999992
838,-2.4099999999999926,350,0.0,PREY_WIN,1,0,100.0,0.0
839,-2.1699999999999977,350,0.0,PREY_WIN,1,0,100.0,0.0
840,23.402500000000003,252,0.0,PREDATOR_WIN,0,1,0.0,28.992500000000113
841,-2.7499999999999853,350,0.0,PREY_WIN,1,0,100.0,0.0
842,-2.439999999999992,350,0.0,PREY_WIN,1,0,100.0,0.0
843,-2.1899999999999973,350,0.0,PREY_WIN,1,0,100.0,0.0
844,-2.259999999999996,350,0.0,PREY_WIN,1,0,99.72999999999999,0.0
845,-2.439999999999992,350,0.0,PREY_WIN,1,0,100.0,0.0
846,-2.239999999999996,350,0.0,PREY_WIN,1,0,100.0,0.0
847,-2.399999999999993,350,0.0,PREY_WIN,1,0,100.0,0.0
848,-2.289999999999995,350,0.0,PREY_WIN,1,0,100.0,0.0
849,-2.2799999999999954,350,0.0,PREY_WIN,1,0,100.0,0.0
850,-2.3099999999999947,350,0.0,PREY_WIN,1,0,100.0,0.0
851,-2.2699999999999956,350,0.0,PREY_WIN,1,0,100.0,0.0
852,-2.2299999999999964,350,0.0,PREY_WIN,1,0,100.0,0.0
853,-2.1699999999999977,350,0.0,PREY_WIN,1,0,100.0,0.0
854,-2.239999999999996,350,0.0,PREY_WIN,1,0,100.0,0.0
855,25.902499999999993,2,0.0,PREDATOR_WIN,0,1,0.0,100.0
856,-2.289999999999995,350,0.0,PREY_WIN,1,0,100.0,0.0
857,-2.2799999999999954,350,0.0,PREY_WIN,1,0,100.0,0.0
858,-2.299999999999995,350,0.0,PREY_WIN,1,0,100.0,0.0
859,-2.3099999999999947,350,0.0,PREY_WIN,1,0,100.0,0.0
860,-2.159999999999998,350,0.0,PREY_WIN,1,0,100.0,0.0
861,-2.289999999999995,350,0.0,PREY_WIN,1,0,100.0,0.0
862,-2.3599999999999937,350,0.0,PREY_WIN,1,0,100.0,0.0
863,-2.4599999999999915,350,0.0,PREY_WIN,1,0,100.0,0.0
864,-2.1899999999999973,350,0.0,PREY_WIN,1,0,100.0,0.0
865,-2.259999999999996,350,0.0,PREY_WIN,1,0,100.0,0.0
866,-2.1799999999999975,350,0.0,PREY_WIN,1,0,100.0,0.0
867,-2.209999999999997,350,0.0,PREY_WIN,1,0,99.72999999999999,0.0
868,-2.259999999999996,350,0.0,PREY_WIN,1,0,99.72999999999999,0.0
869,-2.4099999999999926,350,0.0,PREY_WIN,1,0,100.0,0.0
870,-2.159999999999998,350,0.0,PREY_WIN,1,0,100.0,0.0
871,-2.2199999999999966,350,0.0,PREY_WIN,1,0,100.0,0.0
872,-2.249999999999996,350,0.0,PREY_WIN,1,0,100.0,0.0
873,-2.299999999999995,350,0.0,PREY_WIN,1,0,100.0,0.0
874,-2.209999999999997,350,0.0,PREY_WIN,1,0,100.0,0.0
875,-2.4599999999999915,350,0.0,PREY_WIN,1,0,100.0,0.0
876,23.992499999999993,193,0.0,PREDATOR_WIN,0,1,0.0,39.6725000000002
877,-2.5599999999999894,350,0.0,PREY_WIN,1,0,100.0,0.0
878,-2.249999999999996,350,0.0,PREY_WIN,1,0,100.0,0.0
879,25.232499999999995,69,0.0,PREDATOR_WIN,0,1,0.0,83.95249999999994
880,-3.039999999999979,350,0.0,PREY_WIN,1,0,100.0,0.0
881,-2.389999999999993,350,0.0,PREY_WIN,1,0,100.0,0.0
882,-2.209999999999997,350,0.0,PREY_WIN,1,0,100.0,0.0
883,-2.3599999999999937,350,0.0,PREY_WIN,1,0,100.0,0.0
884,-2.2299999999999964,350,0.0,PREY_WIN,1,0,100.0,0.0
885,-2.259999999999996,350,0.0,PREY_WIN,1,0,100.0,0.0
886,-2.299999999999995,350,0.0,PREY_WIN,1,0,100.0,0.0
887,-2.2199999999999966,350,0.0,PREY_WIN,1,0,100.0,0.0
888,-2.239999999999996,350,0.0,PREY_WIN,1,0,100.0,0.0
889,-2.1699999999999977,350,0.0,PREY_WIN,1,0,100.0,0.0
890,-2.2699999999999956,350,0.0,PREY_WIN,1,0,100.0,0.0
891,-2.1899999999999973,350,0.0,PREY_WIN,1,0,100.0,0.0
892,-2.2199999999999966,350,0.0,PREY_WIN,1,0,100.0,0.0
893,-2.4999999999999907,350,0.0,PREY_WIN,1,0,100.0,0.0
894,-2.289999999999995,350,0.0,PREY_WIN,1,0,100.0,0.0
895,25.444999999999993,41,0.0,PREDATOR_WIN,0,1,0.0,95.0449999999999
896,23.744999999999994,211,0.0,PREDATOR_WIN,0,1,0.0,53.64499999999995
897,-2.52999999999999,350,0.0,PREY_WIN,1,0,100.0,0.0
898,23.014999999999937,143,0.0,PREDATOR_WIN,0,1,0.0,64.89500000000018
899,-2.809999999999984,350,0.0,PREY_WIN,1,0,100.0,0.0
900,-2.6599999999999873,350,0.0,PREY_WIN,1,0,100.0,0.0
901,-2.809999999999984,350,0.0,PREY_WIN,1,0,100.0,0.0
902,23.924999999999986,187,0.0,PREDATOR_WIN,0,1,0.0,42.96500000000023
903,25.889999999999993,4,0.0,PREDATOR_WIN,0,1,0.0,100.0
904,-2.8899999999999824,350,0.0,PREY_WIN,1,0,100.0,0.0
905,-3.00999999999998,350,0.0,PREY_WIN,1,0,100.0,0.0
906,-3.0599999999999787,350,0.0,PREY_WIN,1,0,100.0,0.0
907,-2.209999999999997,350,0.0,PREY_WIN,1,0,100.0,0.0
908,-2.349999999999994,350,0.0,PREY_WIN,1,0,99.72999999999999,0.0
909,-2.249999999999996,350,0.0,PREY_WIN,1,0,100.0,0.0
910,-2.2799999999999954,350,0.0,PREY_WIN,1,0,100.0,0.0
911,-2.159999999999998,350,0.0,PREY_WIN,1,0,100.0,0.0
912,-2.439999999999992,350,0.0,PREY_WIN,1,0,100.0,0.0
913,-2.159999999999998,350,0.0,PREY_WIN,1,0,100.0,0.0
914,25.764999999999993,9,0.0,PREDATOR_WIN,0,1,0.0,100.0
915,-2.239999999999996,350,0.0,PREY_WIN,1,0,100.0,0.0
916,-2.149999999999998,350,0.0,PREY_WIN,1,0,100.0,0.0
917,-2.1399999999999983,350,0.0,PREY_WIN,1,0,100.0,0.0
918,-2.389999999999993,350,0.0,PREY_WIN,1,0,100.0,0.0
919,-2.259999999999996,350,0.0,PREY_WIN,1,0,100.0,0.0
920,-2.4099999999999926,350,0.0,PREY_WIN,1,0,100.0,0.0
921,-2.159999999999998,350,0.0,PREY_WIN,1,0,100.0,0.0
922,-2.209999999999997,350,0.0,PREY_WIN,1,0,100.0,0.0
923,-2.1699999999999977,350,0.0,PREY_WIN,1,0,100.0,0.0
924,-2.239999999999996,350,0.0,PREY_WIN,1,0,100.0,0.0
925,-2.209999999999997,350,0.0,PREY_WIN,1,0,100.0,0.0
926,-2.2699999999999956,350,0.0,PREY_WIN,1,0,100.0,0.0
927,-2.3099999999999947,350,0.0,PREY_WIN,1,0,100.0,0.0
928,-2.299999999999995,350,0.0,PREY_WIN,1,0,100.0,0.0
929,-2.239999999999996,350,0.0,PREY_WIN,1,0,100.0,0.0
930,-2.1699999999999977,350,0.0,PREY_WIN,1,0,100.0,0.0
931,-2.1899999999999973,350,0.0,PREY_WIN,1,0,100.0,0.0
932,-2.1699999999999977,350,0.0,PREY_WIN,1,0,100.0,0.0
933,-2.239999999999996,350,0.0,PREY_WIN,1,0,100.0,0.0
934,-2.3099999999999947,350,0.0,PREY_WIN,1,0,100.0,0.0
935,-2.289999999999995,350,0.0,PREY_WIN,1,0,100.0,0.0
936,-2.2699999999999956,350,0.0,PREY_WIN,1,0,100.0,0.0
937,-2.429999999999992,350,0.0,PREY_WIN,1,0,100.0,0.0
938,-2.259999999999996,350,0.0,PREY_WIN,1,0,100.0,0.0
939,24.932499999999983,72,0.0,PREDATOR_WIN,0,1,0.0,82.12249999999997
940,-3.1599999999999766,350,0.0,PREY_WIN,1,0,100.0,0.0
941,-2.6999999999999864,350,0.0,PREY_WIN,1,0,100.0,0.0
942,-2.4499999999999917,350,0.0,PREY_WIN,1,0,100.0,0.0
943,24.302499999999995,162,0.0,PREDATOR_WIN,0,1,0.0,74.89249999999993
944,-2.4199999999999924,350,0.0,PREY_WIN,1,0,100.0,0.0
945,-2.399999999999993,350,0.0,PREY_WIN,1,0,100.0,0.0
946,-2.489999999999991,350,0.0,PREY_WIN,1,0,100.0,0.0
947,-2.3799999999999932,350,0.0,PREY_WIN,1,0,100.0,0.0
948,25.282499999999995,64,0.0,PREDATOR_WIN,0,1,0.0,83.65249999999997
949,-2.5099999999999905,350,0.0,PREY_WIN,1,0,100.0,0.0
950,-2.389999999999993,350,0.0,PREY_WIN,1,0,100.0,0.0
951,-2.289999999999995,350,0.0,PREY_WIN,1,0,100.0,0.0
952,-2.5899999999999888,350,0.0,PREY_WIN,1,0,100.0,0.0
953,25.902499999999993,2,0.0,PREDATOR_WIN,0,1,0.0,100.0
954,-2.1699999999999977,350,0.0,PREY_WIN,1,0,100.0,0.0
955,-2.1699999999999977,350,0.0,PREY_WIN,1,0,100.0,0.0
956,25.06499999999999,79,0.0,PREDATOR_WIN,0,1,0.0,81.78499999999995
957,-2.3599999999999937,350,0.0,PREY_WIN,1,0,100.0,0.0
958,-3.4999999999999694,350,0.0,PREY_WIN,1,1,100.0,18.1000000000002
959,-3.4999999999999694,350,0.0,PREY_WIN,1,1,100.0,3.4000000000002393
960,24.682499999999983,94,0.0,PREDATOR_WIN,0,1,0.0,76.45250000000007
961,-3.4999999999999694,350,0.0,PREY_WIN,1,1,100.0,20.200000000000028
962,25.734999999999992,12,0.0,PREDATOR_WIN,0,1,0.0,100.0
963,-2.2799999999999954,350,0.0,PREY_WIN,1,0,100.0,0.0
964,-2.1899999999999973,350,0.0,PREY_WIN,1,0,100.0,0.0
965,24.23749999999998,128,0.0,PREDATOR_WIN,0,1,0.0,59.06750000000024
966,-3.1599999999999766,350,0.0,PREY_WIN,1,0,100.0,0.0
967,-2.6099999999999883,350,0.0,PREY_WIN,1,0,100.0,0.0
968,-2.339999999999994,350,0.0,PREY_WIN,1,0,100.0,0.0
969,-2.439999999999992,350,0.0,PREY_WIN,1,0,100.0,0.0
970,-2.389999999999993,350,0.0,PREY_WIN,1,0,99.72999999999999,0.0
971,-2.1699999999999977,350,0.0,PREY_WIN,1,0,100.0,0.0
972,-2.259999999999996,350,0.0,PREY_WIN,1,0,100.0,0.0
973,-2.1399999999999983,350,0.0,PREY_WIN,1,0,100.0,0.0
974,-2.3199999999999945,350,0.0,PREY_WIN,1,0,100.0,0.0
975,-2.239999999999996,350,0.0,PREY_WIN,1,0,100.0,0.0
976,-2.3099999999999947,350,0.0,PREY_WIN,1,0,100.0,0.0
977,-2.389999999999993,350,0.0,PREY_WIN,1,0,100.0,0.0
978,-2.3099999999999947,350,0.0,PREY_WIN,1,0,100.0,0.0
979,-2.1899999999999973,350,0.0,PREY_WIN,1,0,100.0,0.0
980,-2.289999999999995,350,0.0,PREY_WIN,1,0,100.0,0.0
981,-2.719999999999986,350,0.0,PREY_WIN,1,0,100.0,0.0
982,-2.2199999999999966,350,0.0,PREY_WIN,1,0,100.0,0.0
983,25.172499999999992,75,0.0,PREDATOR_WIN,0,1,0.0,80.5325
984,-2.869999999999983,350,0.0,PREY_WIN,1,0,100.0,0.0
985,-2.6999999999999864,350,0.0,PREY_WIN,1,0,100.0,0.0
986,-2.199999999999997,350,0.0,PREY_WIN,1,0,100.0,0.0
987,25.062499999999993,86,0.0,PREDATOR_WIN,0,1,0.0,76.21250000000006
988,23.474999999999998,238,0.0,PREDATOR_WIN,0,1,0.0,43.50500000000035
989,-2.769999999999985,350,0.0,PREY_WIN,1,0,100.0,0.0
990,25.63499999999999,22,0.0,PREDATOR_WIN,0,1,0.0,100.0
991,-2.159999999999998,350,0.0,PREY_WIN,1,0,100.0,0.0
992,-2.339999999999994,350,0.0,PREY_WIN,1,0,100.0,0.0
993,-2.5099999999999905,350,0.0,PREY_WIN,1,0,100.0,0.0
994,-2.4099999999999926,350,0.0,PREY_WIN,1,0,100.0,0.0
995,24.932499999999994,99,0.0,PREDATOR_WIN,0,1,0.0,74.0525000000001
996,25.589999999999986,13,0.0,PREDATOR_WIN,0,1,0.0,100.0
997,-2.7399999999999856,350,0.0,PREY_WIN,1,0,100.0,0.0
998,-2.4099999999999926,350,0.0,PREY_WIN,1,0,100.0,0.0
999,-2.3599999999999937,350,0.0,PREY_WIN,1,0,100.0,0.0
1000,-2.1899999999999973,350,0.0,PREY_WIN,1,0,100.0,0.0
1001,-2.3199999999999945,350,0.0,PREY_WIN,1,0,100.0,0.0
1002,-2.1899999999999973,350,0.0,PREY_WIN,1,0,100.0,0.0
1003,-2.259999999999996,350,0.0,PREY_WIN,1,0,100.0,0.0
1004,-2.2299999999999964,350,0.0,PREY_WIN,1,0,100.0,0.0
1005,-2.5599999999999894,350,0.0,PREY_WIN,1,0,100.0,0.0
1006,-2.3099999999999947,350,0.0,PREY_WIN,1,0,100.0,0.0
1007,-2.2199999999999966,350,0.0,PREY_WIN,1,0,100.0,0.0
1008,-2.1799999999999975,350,0.0,PREY_WIN,1,0,100.0,0.0
1009,-2.3099999999999947,350,0.0,PREY_WIN,1,0,100.0,0.0
1010,-2.209999999999997,350,0.0,PREY_WIN,1,0,100.0,0.0
1011,-2.289999999999995,350,0.0,PREY_WIN,1,0,100.0,0.0
1012,-2.239999999999996,350,0.0,PREY_WIN,1,0,100.0,0.0
1013,-2.3099999999999947,350,0.0,PREY_WIN,1,0,100.0,0.0
1014,-2.2199999999999966,350,0.0,PREY_WIN,1,0,100.0,0.0
1015,-2.3199999999999945,350,0.0,PREY_WIN,1,0,100.0,0.0
1016,-2.159999999999998,350,0.0,PREY_WIN,1,0,100.0,0.0
1017,25.812499999999993,11,0.0,PREDATOR_WIN,0,1,0.0,100.0
1018,-2.3799999999999932,350,0.0,PREY_WIN,1,0,100.0,0.0
1019,-2.159999999999998,350,0.0,PREY_WIN,1,0,100.0,0.0
1020,-2.349999999999994,350,0.0,PREY_WIN,1,0,100.0,0.0
1021,-2.3199999999999945,350,0.0,PREY_WIN,1,0,100.0,0.0
1022,-2.3599999999999937,350,0.0,PREY_WIN,1,0,100.0,0.0
1023,23.554999999999996,230,0.0,PREDATOR_WIN,0,1,0.0,60.66500000000042
1024,25.747499999999988,4,0.0,PREDATOR_WIN,0,1,0.0,100.0
1025,-3.4999999999999694,350,0.0,PREY_WIN,1,1,100.0,30.100000000000083
1026,-2.9699999999999807,350,0.0,PREY_WIN,1,0,100.0,0.0
1027,25.144999999999992,71,0.0,PREDATOR_WIN,0,1,0.0,81.845
1028,-2.349999999999994,350,0.0,PREY_WIN,1,0,100.0,0.0
1029,-3.139999999999977,350,0.0,PREY_WIN,1,0,100.0,0.0
1030,-2.159999999999998,350,0.0,PREY_WIN,1,0,100.0,0.0
1031,-2.399999999999993,350,0.0,PREY_WIN,1,0,100.0,0.0
1032,-2.289999999999995,350,0.0,PREY_WIN,1,0,100.0,0.0
1033,-2.2199999999999966,350,0.0,PREY_WIN,1,0,100.0,0.0
1034,-2.1899999999999973,350,0.0,PREY_WIN,1,0,100.0,0.0
1035,-2.3599999999999937,350,0.0,PREY_WIN,1,0,100.0,0.0
1036,-2.239999999999996,350,0.0,PREY_WIN,1,0,100.0,0.0
1037,24.842499999999994,108,0.0,PREDATOR_WIN,0,1,0.0,66.97250000000018
1038,-3.0199999999999796,350,0.0,PREY_WIN,1,0,100.0,0.0
1039,-2.5099999999999905,350,0.0,PREY_WIN,1,0,100.0,0.0
1040,-2.2799999999999954,350,0.0,PREY_WIN,1,0,100.0,0.0
1041,-2.3799999999999932,350,0.0,PREY_WIN,1,0,100.0,0.0
1042,-2.3099999999999947,350,0.0,PREY_WIN,1,0,100.0,0.0
1043,24.58499999999999,121,0.0,PREDATOR_WIN,0,1,0.0,64.98500000000016
1044,-2.5999999999999885,350,0.0,PREY_WIN,1,0,100.0,0.0
1045,-3.2599999999999745,350,0.0,PREY_WIN,1,0,100.0,0.0
1046,-3.2599999999999745,350,0.0,PREY_WIN,1,0,100.0,0.0
1047,-2.6499999999999875,350,0.0,PREY_WIN,1,0,100.0,0.0
1048,-2.1799999999999975,350,0.0,PREY_WIN,1,0,100.0,0.0
1049,-2.339999999999994,350,0.0,PREY_WIN,1,0,100.0,0.0
1050,25.319999999999997,67,0.0,PREDATOR_WIN,0,1,0.0,83.35999999999997
1051,-2.909999999999982,350,0.0,PREY_WIN,1,0,100.0,0.0
1052,-3.139999999999977,350,0.0,PREY_WIN,1,0,100.0,0.0
1053,-2.5099999999999905,350,0.0,PREY_WIN,1,0,100.0,0.0
1054,-2.1899999999999973,350,0.0,PREY_WIN,1,0,100.0,0.0
1055,25.902499999999993,2,0.0,PREDATOR_WIN,0,1,0.0,100.0
1056,25.979999999999997,1,0.0,PREDATOR_WIN,0,1,0.0,100.0
1057,-2.1899999999999973,350,0.0,PREY_WIN,1,0,100.0,0.0
1058,-2.199999999999997,350,0.0,PREY_WIN,1,0,100.0,0.0
1059,-2.349999999999994,350,0.0,PREY_WIN,1,0,100.0,0.0
1060,-2.1699999999999977,350,0.0,PREY_WIN,1,0,100.0,0.0
1061,-2.209999999999997,350,0.0,PREY_WIN,1,0,100.0,0.0
1062,-2.3299999999999943,350,0.0,PREY_WIN,1,0,100.0,0.0
1063,-2.3099999999999947,350,0.0,PREY_WIN,1,0,100.0,0.0
1064,-2.2299999999999964,350,0.0,PREY_WIN,1,0,100.0,0.0
1065,-2.239999999999996,350,0.0,PREY_WIN,1,0,100.0,0.0
1066,-2.4599999999999915,350,0.0,PREY_WIN,1,0,100.0,0.0
1067,25.812499999999993,11,0.0,PREDATOR_WIN,0,1,0.0,100.0
1068,-2.53999999999999,350,0.0,PREY_WIN,1,0,100.0,0.0
1069,-2.349999999999994,350,0.0,PREY_WIN,1,0,100.0,0.0
1070,-2.259999999999996,350,0.0,PREY_WIN,1,0,100.0,0.0
1071,-2.489999999999991,350,0.0,PREY_WIN,1,0,100.0,0.0
1072,-2.1699999999999977,350,0.0,PREY_WIN,1,0,100.0,0.0
1073,-2.3099999999999947,350,0.0,PREY_WIN,1,0,100.0,0.0
1074,25.849999999999994,11,0.0,PREDATOR_WIN,0,1,0.0,100.0
1075,25.902499999999993,2,0.0,PREDATOR_WIN,0,1,0.0,100.0
1076,-2.6099999999999883,350,0.0,PREY_WIN,1,0,100.0,0.0
1077,-2.339999999999994,350,0.0,PREY_WIN,1,0,100.0,0.0
1078,-2.489999999999991,350,0.0,PREY_WIN,1,0,100.0,0.0
1079,-2.1699999999999977,350,0.0,PREY_WIN,1,0,100.0,0.0
1080,-2.209999999999997,350,0.0,PREY_WIN,1,0,100.0,0.0
1081,-2.1899999999999973,350,0.0,PREY_WIN,1,0,100.0,0.0
1082,-2.299999999999995,350,0.0,PREY_WIN,1,0,100.0,0.0
1083,-2.209999999999997,350,0.0,PREY_WIN,1,0,100.0,0.0
1084,-2.2299999999999964,350,0.0,PREY_WIN,1,0,100.0,0.0
1085,-2.1399999999999983,350,0.0,PREY_WIN,1,0,100.0,0.0
1086,-2.259999999999996,350,0.0,PREY_WIN,1,0,100.0,0.0
1087,-2.2699999999999956,350,0.0,PREY_WIN,1,0,100.0,0.0
1088,-2.209999999999997,350,0.0,PREY_WIN,1,0,100.0,0.0
1089,-2.209999999999997,350,0.0,PREY_WIN,1,0,100.0,0.0
1090,-2.259999999999996,350,0.0,PREY_WIN,1,0,100.0,0.0
1091,-3.3099999999999734,350,0.0,PREY_WIN,1,0,100.0,0.0
1092,-2.149999999999998,350,0.0,PREY_WIN,1,0,100.0,0.0
1093,-2.199999999999997,350,0.0,PREY_WIN,1,0,100.0,0.0
1094,-2.3099999999999947,350,0.0,PREY_WIN,1,0,100.0,0.0
1095,-2.159999999999998,350,0.0,PREY_WIN,1,0,100.0,0.0
1096,-2.289999999999995,350,0.0,PREY_WIN,1,0,100.0,0.0
1097,-2.349999999999994,350,0.0,PREY_WIN,1,0,100.0,0.0
1098,-2.1399999999999983,350,0.0,PREY_WIN,1,0,100.0,0.0
1099,-2.239999999999996,350,0.0,PREY_WIN,1,0,100.0,0.0
1100,-2.1399999999999983,350,0.0,PREY_WIN,1,0,100.0,0.0
1101,-2.2299999999999964,350,0.0,PREY_WIN,1,0,100.0,0.0
1102,-2.1799999999999975,350,0.0,PREY_WIN,1,0,100.0,0.0
1103,-2.249999999999996,350,0.0,PREY_WIN,1,0,100.0,0.0
1104,-2.289999999999995,350,0.0,PREY_WIN,1,0,100.0,0.0
1105,-2.3299999999999943,350,0.0,PREY_WIN,1,0,100.0,0.0
1106,-2.159999999999998,350,0.0,PREY_WIN,1,0,100.0,0.0
1107,-2.159999999999998,350,0.0,PREY_WIN,1,0,100.0,0.0
1108,25.29499999999999,56,0.0,PREDATOR_WIN,0,1,0.0,87.54499999999992
1109,-3.0199999999999796,350,0.0,PREY_WIN,1,0,100.0,0.0
1110,-2.1799999999999975,350,0.0,PREY_WIN,1,0,100.0,0.0
1111,-2.1899999999999973,350,0.0,PREY_WIN,1,0,100.0,0.0
1112,-2.239999999999996,350,0.0,PREY_WIN,1,0,100.0,0.0
1113,-2.1899999999999973,350,0.0,PREY_WIN,1,0,100.0,0.0
1114,-2.339999999999994,350,0.0,PREY_WIN,1,0,100.0,0.0
1115,-2.3199999999999945,350,0.0,PREY_WIN,1,0,100.0,0.0
1116,-2.339999999999994,350,0.0,PREY_WIN,1,0,100.0,0.0
1117,-2.1299999999999986,350,0.0,PREY_WIN,1,0,100.0,0.0
1118,-2.1899999999999973,350,0.0,PREY_WIN,1,0,100.0,0.0
1119,-2.2799999999999954,350,0.0,PREY_WIN,1,0,100.0,0.0
1120,-2.2199999999999966,350,0.0,PREY_WIN,1,0,100.0,0.0
1121,-2.1899999999999973,350,0.0,PREY_WIN,1,0,100.0,0.0
1122,-2.4099999999999926,350,0.0,PREY_WIN,1,0,100.0,0.0
1123,-2.2699999999999956,350,0.0,PREY_WIN,1,0,100.0,0.0
1124,-2.53999999999999,350,0.0,PREY_WIN,1,0,100.0,0.0
1125,-2.1699999999999977,350,0.0,PREY_WIN,1,0,100.0,0.0
1126,-2.239999999999996,350,0.0,PREY_WIN,1,0,100.0,0.0
1127,-2.1899999999999973,350,0.0,PREY_WIN,1,0,100.0,0.0
1128,25.212499999999995,71,0.0,PREDATOR_WIN,0,1,0.0,82.21249999999998
1129,-2.869999999999983,350,0.0,PREY_WIN,1,0,100.0,0.0
1130,-2.2799999999999954,350,0.0,PREY_WIN,1,0,100.0,0.0
1131,-2.4999999999999907,350,0.0,PREY_WIN,1,0,100.0,0.0
1132,-2.239999999999996,350,0.0,PREY_WIN,1,0,100.0,0.0
1133,-2.2299999999999964,350,0.0,PREY_WIN,1,0,100.0,0.0
1134,-2.1799999999999975,350,0.0,PREY_WIN,1,0,100.0,0.0
1135,-2.289999999999995,350,0.0,PREY_WIN,1,0,100.0,0.0
1136,-2.2199999999999966,350,0.0,PREY_WIN,1,0,100.0,0.0
1137,-2.2299999999999964,350,0.0,PREY_WIN,1,0,100.0,0.0
1138,-2.2299999999999964,350,0.0,PREY_WIN,1,0,100.0,0.0
1139,-2.239999999999996,350,0.0,PREY_WIN,1,0,100.0,0.0
1140,-2.389999999999993,350,0.0,PREY_WIN,1,0,100.0,0.0
1141,-2.2799999999999954,350,0.0,PREY_WIN,1,0,100.0,0.0
1142,-2.2299999999999964,350,0.0,PREY_WIN,1,0,100.0,0.0
1143,-2.289999999999995,350,0.0,PREY_WIN,1,0,100.0,0.0
1144,-2.209999999999997,350,0.0,PREY_WIN,1,0,100.0,0.0
1145,-2.1899999999999973,350,0.0,PREY_WIN,1,0,100.0,0.0
1146,-2.159999999999998,350,0.0,PREY_WIN,1,0,100.0,0.0
1147,-2.2299999999999964,350,0.0,PREY_WIN,1,0,100.0,0.0
1148,24.647499999999987,114,0.0,PREDATOR_WIN,0,1,0.0,62.21750000000025
1149,-2.9799999999999804,350,0.0,PREY_WIN,1,0,100.0,0.0
1150,25.192499999999995,73,0.0,PREDATOR_WIN,0,1,0.0,81.07249999999999
1151,-3.0799999999999783,350,0.0,PREY_WIN,1,0,100.0,0.0
1152,-2.709999999999986,350,0.0,PREY_WIN,1,0,100.0,0.0
1153,-2.4599999999999915,350,0.0,PREY_WIN,1,0,100.0,0.0
1154,25.902499999999993,2,0.0,PREDATOR_WIN,0,1,0.0,100.0
1155,-2.1699999999999977,350,0.0,PREY_WIN,1,0,100.0,0.0
1156,-2.1899999999999973,350,0.0,PREY_WIN,1,0,100.0,0.0
1157,-2.1899999999999973,350,0.0,PREY_WIN,1,0,100.0,0.0
1158,-2.2299999999999964,350,0.0,PREY_WIN,1,0,100.0,0.0
1159,-2.339999999999994,350,0.0,PREY_WIN,1,0,100.0,0.0
1160,24.632499999999983,102,0.0,PREDATOR_WIN,0,1,0.0,70.72250000000011
1161,24.49249999999997,86,0.0,PREDATOR_WIN,0,1,0.0,76.84250000000003
1162,-3.4999999999999694,350,0.0,PREY_WIN,1,1,100.0,5.200000000000042
1163,25.682499999999994,24,0.0,PREDATOR_WIN,0,1,0.0,100.0
1164,-2.8899999999999824,350,0.0,PREY_WIN,1,0,100.0,0.0
1165,-2.1199999999999988,350,0.0,PREY_WIN,1,0,100.0,0.0
1166,-2.0899999999999994,350,0.0,PREY_WIN,1,0,100.0,0.0
1167,-2.199999999999997,350,0.0,PREY_WIN,1,0,100.0,0.0
1168,-2.1399999999999983,350,0.0,PREY_WIN,1,0,100.0,0.0
1169,-2.4999999999999907,350,0.0,PREY_WIN,1,0,100.0,0.0
1170,-2.239999999999996,350,0.0,PREY_WIN,1,0,100.0,0.0
1171,-2.209999999999997,350,0.0,PREY_WIN,1,0,100.0,0.0
1172,-2.1899999999999973,350,0.0,PREY_WIN,1,0,100.0,0.0
1173,-2.199999999999997,350,0.0,PREY_WIN,1,0,100.0,0.0
1174,-2.199999999999997,350,0.0,PREY_WIN,1,0,100.0,0.0
1175,-2.209999999999997,350,0.0,PREY_WIN,1,0,100.0,0.0
1176,25.032499999999995,89,0.0,PREDATOR_WIN,0,1,0.0,74.65250000000009
1177,-3.039999999999979,350,0.0,PREY_WIN,1,0,100.0,0.0
1178,-2.569999999999989,350,0.0,PREY_WIN,1,0,100.0,0.0
1179,-2.4099999999999926,350,0.0,PREY_WIN,1,0,100.0,0.0
1180,-2.259999999999996,350,0.0,PREY_WIN,1,0,100.0,0.0
1181,-2.199999999999997,350,0.0,PREY_WIN,1,0,100.0,0.0
1182,-2.299999999999995,350,0.0,PREY_WIN,1,0,100.0,0.0
1183,-2.199999999999997,350,0.0,PREY_WIN,1,0,100.0,0.0
1184,25.709999999999997,25,0.0,PREDATOR_WIN,0,1,0.0,100.0
1185,-2.389999999999993,350,0.0,PREY_WIN,1,0,100.0,0.0
1186,-2.4199999999999924,350,0.0,PREY_WIN,1,0,100.0,0.0
1187,-2.1899999999999973,350,0.0,PREY_WIN,1,0,100.0,0.0
1188,-2.149999999999998,350,0.0,PREY_WIN,1,0,100.0,0.0
1189,-3.2499999999999747,350,0.0,PREY_WIN,1,0,100.0,0.0
1190,-2.679999999999987,350,0.0,PREY_WIN,1,0,100.0,0.0
1191,23.000000000000014,296,0.0,PREDATOR_WIN,0,1,0.0,26.75000000000033
1192,-3.3399999999999728,350,0.0,PREY_WIN,1,0,100.0,0.0
1193,-3.0299999999999794,350,0.0,PREY_WIN,1,0,100.0,0.0
1194,-2.2199999999999966,350,0.0,PREY_WIN,1,0,100.0,0.0
1195,-2.3299999999999943,350,0.0,PREY_WIN,1,0,100.0,0.0
1196,-2.6099999999999883,350,0.0,PREY_WIN,1,0,100.0,0.0
1197,-2.2299999999999964,350,0.0,PREY_WIN,1,0,100.0,0.0
1198,-2.259999999999996,350,0.0,PREY_WIN,1,0,100.0,0.0
1199,-2.249999999999996,350,0.0,PREY_WIN,1,0,100.0,0.0
1200,-2.2299999999999964,350,0.0,PREY_WIN,1,0,100.0,0.0
1201,24.13499999999999,172,0.0,PREDATOR_WIN,0,1,0.0,62.8250000000003
1202,24.839999999999996,112,0.0,PREDATOR_WIN,0,1,0.0,69.83000000000015
1203,-3.4999999999999694,350,0.0,PREY_WIN,1,1,100.0,4.5999999999998815
1204,-3.4999999999999694,350,0.0,PREY_WIN,1,1,100.0,31.60000000000005
1205,25.554999999999993,30,0.0,PREDATOR_WIN,0,1,0.0,97.56499999999994
1206,-2.6899999999999866,350,0.0,PREY_WIN,1,0,100.0,0.0
1207,-2.149999999999998,350,0.0,PREY_WIN,1,0,100.0,0.0
1208,-2.299999999999995,350,0.0,PREY_WIN,1,0,100.0,0.0
1209,-2.389999999999993,350,0.0,PREY_WIN,1,0,100.0,0.0
1210,-2.199999999999997,350,0.0,PREY_WIN,1,0,100.0,0.0
1211,-2.1899999999999973,350,0.0,PREY_WIN,1,0,100.0,0.0
1212,-2.3199999999999945,350,0.0,PREY_WIN,1,0,100.0,0.0
1213,-2.439999999999992,350,0.0,PREY_WIN,1,0,100.0,0.0
1214,-2.239999999999996,350,0.0,PREY_WIN,1,0,100.0,0.0
1215,-2.2299999999999964,350,0.0,PREY_WIN,1,0,100.0,0.0
1216,-2.299999999999995,350,0.0,PREY_WIN,1,0,100.0,0.0
1217,-2.209999999999997,350,0.0,PREY_WIN,1,0,100.0,0.0
1218,24.959999999999987,76,0.0,PREDATOR_WIN,0,1,0.0,80.80999999999999
1219,-2.9699999999999807,350,0.0,PREY_WIN,1,0,100.0,0.0
1220,-3.00999999999998,350,0.0,PREY_WIN,1,0,100.0,0.0
1221,-2.3199999999999945,350,0.0,PREY_WIN,1,0,100.0,0.0
1222,-2.5099999999999905,350,0.0,PREY_WIN,1,0,100.0,0.0
1223,-2.339999999999994,350,0.0,PREY_WIN,1,0,100.0,0.0
1224,25.824999999999992,3,0.0,PREDATOR_WIN,0,1,0.0,100.0
1225,-2.299999999999995,350,0.0,PREY_WIN,1,0,100.0,0.0
1226,25.979999999999997,1,0.0,PREDATOR_WIN,0,1,0.0,100.0
1227,-2.259999999999996,350,0.0,PREY_WIN,1,0,100.0,0.0
1228,-2.439999999999992,350,0.0,PREY_WIN,1,0,100.0,0.0
1229,-2.199999999999997,350,0.0,PREY_WIN,1,0,100.0,0.0
1230,-2.209999999999997,350,0.0,PREY_WIN,1,0,100.0,0.0
1231,-2.349999999999994,350,0.0,PREY_WIN,1,0,100.0,0.0
1232,-2.2799999999999954,350,0.0,PREY_WIN,1,0,100.0,0.0
1233,-2.4499999999999917,350,0.0,PREY_WIN,1,0,100.0,0.0
1234,-2.289999999999995,350,0.0,PREY_WIN,1,0,100.0,0.0
1235,-2.2799999999999954,350,0.0,PREY_WIN,1,0,99.72999999999999,0.0
1236,-2.1899999999999973,350,0.0,PREY_WIN,1,0,100.0,0.0
1237,-2.2699999999999956,350,0.0,PREY_WIN,1,0,100.0,0.0
1238,-2.2799999999999954,350,0.0,PREY_WIN,1,0,100.0,0.0
1239,-2.289999999999995,350,0.0,PREY_WIN,1,0,100.0,0.0
1240,-2.249999999999996,350,0.0,PREY_WIN,1,0,100.0,0.0
1241,-2.1899999999999973,350,0.0,PREY_WIN,1,0,100.0,0.0
1242,-2.1899999999999973,350,0.0,PREY_WIN,1,0,100.0,0.0
1243,-2.399999999999993,350,0.0,PREY_WIN,1,0,100.0,0.0
1244,-2.239999999999996,350,0.0,PREY_WIN,1,0,100.0,0.0
1245,-2.259999999999996,350,0.0,PREY_WIN,1,0,100.0,0.0
1246,-2.2199999999999966,350,0.0,PREY_WIN,1,0,100.0,0.0
1247,-2.239999999999996,350,0.0,PREY_WIN,1,0,100.0,0.0
1248,24.682499999999994,124,0.0,PREDATOR_WIN,0,1,0.0,64.1525000000002
1249,-3.2599999999999745,350,0.0,PREY_WIN,1,0,100.0,0.0
1250,-3.45999999999997,350,0.0,PREY_WIN,1,0,100.0,0.0
1251,-3.00999999999998,350,0.0,PREY_WIN,1,0,100.0,0.0
1252,25.092499999999994,83,0.0,PREDATOR_WIN,0,1,0.0,78.97250000000005
1253,24.832499999999992,109,0.0,PREDATOR_WIN,0,1,0.0,70.4525000000001
1254,25.049999999999983,61,0.0,PREDATOR_WIN,0,1,0.0,84.34999999999997
1255,-3.4999999999999694,350,0.0,PREY_WIN,1,1,100.0,14.50000000000026
1256,24.849999999999977,60,0.0,PREDATOR_WIN,0,1,0.0,85.7599999999999
1257,-2.569999999999989,350,0.0,PREY_WIN,1,0,100.0,0.0
1258,-2.949999999999981,350,0.0,PREY_WIN,1,0,100.0,0.0
1259,-2.289999999999995,350,0.0,PREY_WIN,1,0,100.0,0.0
1260,-2.2199999999999966,350,0.0,PREY_WIN,1,0,100.0,0.0
1261,-2.6399999999999877,350,0.0,PREY_WIN,1,0,100.0,0.0
1262,-2.3699999999999934,350,0.0,PREY_WIN,1,0,100.0,0.0
1263,-2.4099999999999926,350,0.0,PREY_WIN,1,0,100.0,0.0
1264,23.942499999999992,198,0.0,PREDATOR_WIN,0,1,0.0,64.27250000000032
1265,-3.1599999999999766,350,0.0,PREY_WIN,1,0,100.0,0.0
1266,25.352499999999996,57,0.0,PREDATOR_WIN,0,1,0.0,88.3924999999999
1267,-2.6999999999999864,350,0.0,PREY_WIN,1,0,100.0,0.0
1268,-2.239999999999996,350,0.0,PREY_WIN,1,0,100.0,0.0
1269,-2.399999999999993,350,0.0,PREY_WIN,1,0,100.0,0.0
1270,-2.3699999999999934,350,0.0,PREY_WIN,1,0,100.0,0.0
1271,-2.3199999999999945,350,0.0,PREY_WIN,1,0,100.0,0.0
1272,-2.209999999999997,350,0.0,PREY_WIN,1,0,100.0,0.0
1273,-2.239999999999996,350,0.0,PREY_WIN,1,0,100.0,0.0
1274,-2.239999999999996,350,0.0,PREY_WIN,1,0,100.0,0.0
1275,-2.349999999999994,350,0.0,PREY_WIN,1,0,100.0,0.0
1276,-2.4599999999999915,350,0.0,PREY_WIN,1,0,100.0,0.0
1277,-2.249999999999996,350,0.0,PREY_WIN,1,0,100.0,0.0
1278,24.552499999999995,137,0.0,PREDATOR_WIN,0,1,0.0,56.89250000000031
1279,-2.3599999999999937,350,0.0,PREY_WIN,1,0,100.0,0.0
1280,-2.3099999999999947,350,0.0,PREY_WIN,1,0,100.0,0.0
1281,-2.249999999999996,350,0.0,PREY_WIN,1,0,100.0,0.0
1282,-2.1799999999999975,350,0.0,PREY_WIN,1,0,100.0,0.0
1283,-2.239999999999996,350,0.0,PREY_WIN,1,0,100.0,0.0
1284,-2.1699999999999977,350,0.0,PREY_WIN,1,0,100.0,0.0
1285,-2.6599999999999873,350,0.0,PREY_WIN,1,0,100.0,0.0
1286,25.522499999999994,40,0.0,PREDATOR_WIN,0,1,0.0,94.33249999999992
1287,-3.4999999999999694,350,0.0,PREY_WIN,1,1,100.0,2.200000000000048
1288,-2.439999999999992,350,0.0,PREY_WIN,1,0,100.0,0.0
1289,-2.1899999999999973,350,0.0,PREY_WIN,1,0,100.0,0.0
1290,-2.8399999999999834,350,0.0,PREY_WIN,1,0,100.0,0.0
1291,24.734999999999992,112,0.0,PREDATOR_WIN,0,1,0.0,63.12500000000024
1292,-2.3099999999999947,350,0.0,PREY_WIN,1,0,100.0,0.0
1293,25.022499999999994,90,0.0,PREDATOR_WIN,0,1,0.0,73.3325000000001
1294,-2.899999999999982,350,0.0,PREY_WIN,1,0,100.0,0.0
1295,-3.0299999999999794,350,0.0,PREY_WIN,1,0,100.0,0.0
1296,-2.809999999999984,350,0.0,PREY_WIN,1,0,100.0,0.0
1297,-2.3599999999999937,350,0.0,PREY_WIN,1,0,100.0,0.0
1298,-2.209999999999997,350,0.0,PREY_WIN,1,0,100.0,0.0
1299,-2.3699999999999934,350,0.0,PREY_WIN,1,0,100.0,0.0
1300,-2.159999999999998,350,0.0,PREY_WIN,1,0,100.0,0.0
1301,-2.1799999999999975,350,0.0,PREY_WIN,1,0,100.0,0.0
1302,-2.1799999999999975,350,0.0,PREY_WIN,1,0,100.0,0.0
1303,-2.1899999999999973,350,0.0,PREY_WIN,1,0,100.0,0.0
1304,-2.1899999999999973,350,0.0,PREY_WIN,1,0,100.0,0.0
1305,-2.2799999999999954,350,0.0,PREY_WIN,1,0,100.0,0.0
1306,-2.299999999999995,350,0.0,PREY_WIN,1,0,100.0,0.0
1307,-2.1699999999999977,350,0.0,PREY_WIN,1,0,100.0,0.0
1308,-2.2299999999999964,350,0.0,PREY_WIN,1,0,100.0,0.0
1309,-2.239999999999996,350,0.0,PREY_WIN,1,0,100.0,0.0
1310,-2.209999999999997,350,0.0,PREY_WIN,1,0,100.0,0.0
1311,-2.3299999999999943,350,0.0,PREY_WIN,1,0,100.0,0.0
1312,-2.2199999999999966,350,0.0,PREY_WIN,1,0,100.0,0.0
1313,-2.1899999999999973,350,0.0,PREY_WIN,1,0,96.12999999999985,0.0
1314,-2.3599999999999937,350,0.0,PREY_WIN,1,0,100.0,0.0
1315,-2.5099999999999905,350,0.0,PREY_WIN,1,0,100.0,0.0
1316,-2.209999999999997,350,0.0,PREY_WIN,1,0,100.0,0.0
1317,-2.2299999999999964,350,0.0,PREY_WIN,1,0,100.0,0.0
1318,-2.159999999999998,350,0.0,PREY_WIN,1,0,100.0,0.0
1319,23.82999999999995,90,0.0,PREDATOR_WIN,0,1,0.0,77.54
1320,-2.489999999999991,350,0.0,PREY_WIN,1,0,100.0,0.0
1321,-2.1899999999999973,350,0.0,PREY_WIN,1,0,100.0,0.0
1322,-2.389999999999993,350,0.0,PREY_WIN,1,0,100.0,0.0
1323,-2.209999999999997,350,0.0,PREY_WIN,1,0,100.0,0.0
1324,25.659999999999986,6,0.0,PREDATOR_WIN,0,1,0.0,100.0
1325,-2.3299999999999943,350,0.0,PREY_WIN,1,0,100.0,0.0
1326,-2.1899999999999973,350,0.0,PREY_WIN,1,0,100.0,0.0
1327,-2.3099999999999947,350,0.0,PREY_WIN,1,0,100.0,0.0
1328,-2.2299999999999964,350,0.0,PREY_WIN,1,0,100.0,0.0
1329,-2.3599999999999937,350,0.0,PREY_WIN,1,0,100.0,0.0
1330,-2.209999999999997,350,0.0,PREY_WIN,1,0,100.0,0.0
1331,-2.399999999999993,350,0.0,PREY_WIN,1,0,100.0,0.0
1332,-2.2699999999999956,350,0.0,PREY_WIN,1,0,100.0,0.0
1333,-2.1899999999999973,350,0.0,PREY_WIN,1,0,100.0,0.0
1334,-2.2299999999999964,350,0.0,PREY_WIN,1,0,100.0,0.0
1335,-2.4099999999999926,350,0.0,PREY_WIN,1,0,100.0,0.0
1336,-2.209999999999997,350,0.0,PREY_WIN,1,0,100.0,0.0
1337,-2.1899999999999973,350,0.0,PREY_WIN,1,0,100.0,0.0
1338,-2.4699999999999913,350,0.0,PREY_WIN,1,0,100.0,0.0
1339,-2.299999999999995,350,0.0,PREY_WIN,1,0,100.0,0.0
1340,-2.209999999999997,350,0.0,PREY_WIN,1,0,100.0,0.0
1341,-2.289999999999995,350,0.0,PREY_WIN,1,0,100.0,0.0
1342,-2.239999999999996,350,0.0,PREY_WIN,1,0,100.0,0.0
1343,-2.1899999999999973,350,0.0,PREY_WIN,1,0,100.0,0.0
1344,-2.239999999999996,350,0.0,PREY_WIN,1,0,100.0,0.0
1345,-2.429999999999992,350,0.0,PREY_WIN,1,0,100.0,0.0
1346,25.192499999999995,73,0.0,PREDATOR_WIN,0,1,0.0,81.97249999999997
1347,-2.9899999999999802,350,0.0,PREY_WIN,1,0,100.0,0.0
1348,-2.849999999999983,350,0.0,PREY_WIN,1,0,100.0,0.0
1349,-2.4599999999999915,350,0.0,PREY_WIN,1,0,100.0,0.0
1350,-2.439999999999992,350,0.0,PREY_WIN,1,0,100.0,0.0
1351,-2.5099999999999905,350,0.0,PREY_WIN,1,0,100.0,0.0
1352,-2.52999999999999,350,0.0,PREY_WIN,1,0,100.0,0.0
1353,-2.249999999999996,350,0.0,PREY_WIN,1,0,100.0,0.0
1354,-2.209999999999997,350,0.0,PREY_WIN,1,0,100.0,0.0
1355,-2.239999999999996,350,0.0,PREY_WIN,1,0,100.0,0.0
1356,-2.259999999999996,350,0.0,PREY_WIN,1,0,100.0,0.0
1357,-2.199999999999997,350,0.0,PREY_WIN,1,0,100.0,0.0
1358,-2.3099999999999947,350,0.0,PREY_WIN,1,0,100.0,0.0
1359,-2.1699999999999977,350,0.0,PREY_WIN,1,0,100.0,0.0
1360,25.552499999999995,37,0.0,PREDATOR_WIN,0,1,0.0,95.59249999999992
1361,-2.9299999999999815,350,0.0,PREY_WIN,1,0,100.0,0.0
1362,-2.199999999999997,350,0.0,PREY_WIN,1,0,100.0,0.0
1363,-2.2199999999999966,350,0.0,PREY_WIN,1,0,100.0,0.0
1364,25.824999999999992,3,0.0,PREDATOR_WIN,0,1,0.0,100.0
1365,-2.4099999999999926,350,0.0,PREY_WIN,1,0,100.0,0.0
1366,-2.209999999999997,350,0.0,PREY_WIN,1,0,100.0,0.0
1367,-2.249999999999996,350,0.0,PREY_WIN,1,0,100.0,0.0
1368,-2.3699999999999934,350,0.0,PREY_WIN,1,0,100.0,0.0
1369,-2.3599999999999937,350,0.0,PREY_WIN,1,0,100.0,0.0
1370,-2.339999999999994,350,0.0,PREY_WIN,1,0,100.0,0.0
1371,25.189999999999998,80,0.0,PREDATOR_WIN,0,1,0.0,78.80000000000003
1372,-2.6099999999999883,350,0.0,PREY_WIN,1,0,100.0,0.0
1373,-3.3599999999999723,350,0.0,PREY_WIN,1,0,100.0,0.0
1374,-2.9299999999999815,350,0.0,PREY_WIN,1,0,100.0,0.0
1375,-2.1799999999999975,350,0.0,PREY_WIN,1,0,100.0,0.0
1376,25.979999999999997,1,0.0,PREDATOR_WIN,0,1,0.0,100.0
1377,-2.2299999999999964,350,0.0,PREY_WIN,1,0,100.0,0.0
1378,23.454999999999984,213,0.0,PREDATOR_WIN,0,1,0.0,60.63500000000038
1379,25.12749999999997,12,0.0,PREDATOR_WIN,0,1,0.0,100.0
1380,25.792499999999993,13,0.0,PREDATOR_WIN,0,1,0.0,100.0
1381,-3.4999999999999694,350,0.0,PREY_WIN,1,1,100.0,2.1999999999995774
1382,-2.239999999999996,350,0.0,PREY_WIN,1,0,100.0,0.0
1383,-2.209999999999997,350,0.0,PREY_WIN,1,0,100.0,0.0
1384,-3.3899999999999717,350,0.0,PREY_WIN,1,0,100.0,0.0
1385,-2.3699999999999934,350,0.0,PREY_WIN,1,0,100.0,0.0
1386,-2.3099999999999947,350,0.0,PREY_WIN,1,0,100.0,0.0
1387,25.822499999999994,10,0.0,PREDATOR_WIN,0,1,0.0,100.0
1388,-2.1699999999999977,350,0.0,PREY_WIN,1,0,100.0,0.0
1389,-2.399999999999993,350,0.0,PREY_WIN,1,0,100.0,0.0
1390,-2.349999999999994,350,0.0,PREY_WIN,1,0,100.0,0.0
1391,-2.5899999999999888,350,0.0,PREY_WIN,1,0,100.0,0.0
1392,-2.3099999999999947,350,0.0,PREY_WIN,1,0,100.0,0.0
1393,-2.2799999999999954,350,0.0,PREY_WIN,1,0,100.0,0.0
1394,-2.339999999999994,350,0.0,PREY_WIN,1,0,100.0,0.0
1395,-2.259999999999996,350,0.0,PREY_WIN,1,0,100.0,0.0
1396,-2.2199999999999966,350,0.0,PREY_WIN,1,0,100.0,0.0
1397,-2.299999999999995,350,0.0,PREY_WIN,1,0,100.0,0.0
1398,25.36499999999999,49,0.0,PREDATOR_WIN,0,1,0.0,92.58499999999988
1399,-2.9799999999999804,350,0.0,PREY_WIN,1,0,100.0,0.0
1400,-2.709999999999986,350,0.0,PREY_WIN,1,0,100.0,0.0
1401,-2.3099999999999947,350,0.0,PREY_WIN,1,0,100.0,0.0
1402,-2.6099999999999883,350,0.0,PREY_WIN,1,0,100.0,0.0
1403,-2.249999999999996,350,0.0,PREY_WIN,1,0,100.0,0.0
1404,25.07749999999999,71,0.0,PREDATOR_WIN,0,1,0.0,82.97749999999996
1405,-3.039999999999979,350,0.0,PREY_WIN,1,0,100.0,0.0
1406,-2.7799999999999847,350,0.0,PREY_WIN,1,0,100.0,0.0
1407,-2.159999999999998,350,0.0,PREY_WIN,1,0,100.0,0.0
1408,-2.439999999999992,350,0.0,PREY_WIN,1,0,100.0,0.0
1409,-2.249999999999996,350,0.0,PREY_WIN,1,0,100.0,0.0
1410,-2.209999999999997,350,0.0,PREY_WIN,1,0,100.0,0.0
1411,-2.429999999999992,350,0.0,PREY_WIN,1,0,100.0,0.0
1412,-2.2799999999999954,350,0.0,PREY_WIN,1,0,100.0,0.0
1413,-2.1799999999999975,350,0.0,PREY_WIN,1,0,100.0,0.0
1414,-2.299999999999995,350,0.0,PREY_WIN,1,0,100.0,0.0
1415,-2.1899999999999973,350,0.0,PREY_WIN,1,0,100.0,0.0
1416,24.80499999999998,75,0.0,PREDATOR_WIN,0,1,0.0,80.165
1417,-2.4099999999999926,350,0.0,PREY_WIN,1,0,100.0,0.0
1418,-2.809999999999984,350,0.0,PREY_WIN,1,0,100.0,0.0
1419,-2.3599999999999937,350,0.0,PREY_WIN,1,0,100.0,0.0
1420,25.862499999999994,6,0.0,PREDATOR_WIN,0,1,0.0,100.0
1421,-2.53999999999999,350,0.0,PREY_WIN,1,0,100.0,0.0
1422,-2.4699999999999913,350,0.0,PREY_WIN,1,0,100.0,0.0
1423,-2.6399999999999877,350,0.0,PREY_WIN,1,0,100.0,0.0
1424,-2.3199999999999945,350,0.0,PREY_WIN,1,0,100.0,0.0
1425,-2.239999999999996,350,0.0,PREY_WIN,1,0,100.0,0.0
1426,-2.239999999999996,350,0.0,PREY_WIN,1,0,100.0,0.0
1427,-2.1799999999999975,350,0.0,PREY_WIN,1,0,100.0,0.0
1428,-2.1899999999999973,350,0.0,PREY_WIN,1,0,100.0,0.0
1429,-2.1799999999999975,350,0.0,PREY_WIN,1,0,100.0,0.0
1430,-2.439999999999992,350,0.0,PREY_WIN,1,0,100.0,0.0
1431,-2.1899999999999973,350,0.0,PREY_WIN,1,0,100.0,0.0
1432,-2.2699999999999956,350,0.0,PREY_WIN,1,0,100.0,0.0
1433,-2.259999999999996,350,0.0,PREY_WIN,1,0,100.0,0.0
1434,-2.389999999999993,350,0.0,PREY_WIN,1,0,100.0,0.0
1435,-2.1899999999999973,350,0.0,PREY_WIN,1,0,100.0,0.0
1436,-2.209999999999997,350,0.0,PREY_WIN,1,0,100.0,0.0
1437,-2.259999999999996,350,0.0,PREY_WIN,1,0,100.0,0.0
1438,-2.479999999999991,350,0.0,PREY_WIN,1,0,100.0,0.0
1439,-2.2199999999999966,350,0.0,PREY_WIN,1,0,100.0,0.0
1440,-2.1899999999999973,350,0.0,PREY_WIN,1,0,100.0,0.0
1441,24.712499999999995,121,0.0,PREDATOR_WIN,0,1,0.0,63.01250000000022
1442,25.022499999999994,90,0.0,PREDATOR_WIN,0,1,0.0,77.23249999999999
1443,-3.3499999999999726,350,0.0,PREY_WIN,1,0,100.0,0.0
1444,-2.9699999999999807,350,0.0,PREY_WIN,1,0,100.0,0.0
1445,-2.1899999999999973,350,0.0,PREY_WIN,1,0,100.0,0.0
1446,24.442499999999992,148,0.0,PREDATOR_WIN,0,1,0.0,76.5724999999997
1447,-2.6399999999999877,350,0.0,PREY_WIN,1,0,100.0,0.0
1448,23.02250000000001,290,0.0,PREDATOR_WIN,0,1,0.0,49.33250000000025
1449,-3.4999999999999694,350,0.0,PREY_WIN,1,1,100.0,16.0
1450,-2.899999999999982,350,0.0,PREY_WIN,1,0,100.0,0.0
1451,-2.489999999999991,350,0.0,PREY_WIN,1,0,100.0,0.0
1452,-2.2799999999999954,350,0.0,PREY_WIN,1,0,100.0,0.0
1453,-2.4099999999999926,350,0.0,PREY_WIN,1,0,100.0,0.0
1454,-2.389999999999993,350,0.0,PREY_WIN,1,0,100.0,0.0
1455,-2.2699999999999956,350,0.0,PREY_WIN,1,0,100.0,0.0
1456,-2.2799999999999954,350,0.0,PREY_WIN,1,0,100.0,0.0
1457,-2.2699999999999956,350,0.0,PREY_WIN,1,0,100.0,0.0
1458,-2.2299999999999964,350,0.0,PREY_WIN,1,0,100.0,0.0
1459,-2.249999999999996,350,0.0,PREY_WIN,1,0,100.0,0.0
1460,-2.2199999999999966,350,0.0,PREY_WIN,1,0,100.0,0.0
1461,-2.239999999999996,350,0.0,PREY_WIN,1,0,100.0,0.0
1462,-2.1899999999999973,350,0.0,PREY_WIN,1,0,100.0,0.0
1463,-2.209999999999997,350,0.0,PREY_WIN,1,0,99.72999999999999,0.0
1464,-2.159999999999998,350,0.0,PREY_WIN,1,0,99.72999999999999,0.0
1465,-2.2699999999999956,350,0.0,PREY_WIN,1,0,100.0,0.0
1466,-2.1899999999999973,350,0.0,PREY_WIN,1,0,100.0,0.0
1467,-2.1899999999999973,350,0.0,PREY_WIN,1,0,100.0,0.0
1468,-2.259999999999996,350,0.0,PREY_WIN,1,0,100.0,0.0
1469,-2.199999999999997,350,0.0,PREY_WIN,1,0,100.0,0.0
1470,25.902499999999993,2,0.0,PREDATOR_WIN,0,1,0.0,100.0
1471,-2.1899999999999973,350,0.0,PREY_WIN,1,0,100.0,0.0
1472,-2.3199999999999945,350,0.0,PREY_WIN,1,0,100.0,0.0
1473,-2.3099999999999947,350,0.0,PREY_WIN,1,0,100.0,0.0
1474,-2.209999999999997,350,0.0,PREY_WIN,1,0,100.0,0.0
1475,-2.149999999999998,350,0.0,PREY_WIN,1,0,100.0,0.0
1476,-2.3099999999999947,350,0.0,PREY_WIN,1,0,100.0,0.0
1477,-2.2199999999999966,350,0.0,PREY_WIN,1,0,100.0,0.0
1478,-2.149999999999998,350,0.0,PREY_WIN,1,0,100.0,0.0
1479,-2.209999999999997,350,0.0,PREY_WIN,1,0,100.0,0.0
1480,-2.259999999999996,350,0.0,PREY_WIN,1,0,100.0,0.0
1481,-2.2799999999999954,350,0.0,PREY_WIN,1,0,100.0,0.0
1482,25.51499999999999,34,0.0,PREDATOR_WIN,0,1,0.0,96.18499999999993
1483,25.824999999999992,3,0.0,PREDATOR_WIN,0,1,0.0,100.0
1484,25.902499999999993,2,0.0,PREDATOR_WIN,0,1,0.0,100.0
1485,-3.289999999999974,350,0.0,PREY_WIN,1,0,100.0,0.0
1486,-2.5199999999999902,350,0.0,PREY_WIN,1,0,100.0,0.0
1487,-2.479999999999991,350,0.0,PREY_WIN,1,0,100.0,0.0
1488,-2.259999999999996,350,0.0,PREY_WIN,1,0,100.0,0.0
1489,-2.209999999999997,350,0.0,PREY_WIN,1,0,100.0,0.0
1490,-2.489999999999991,350,0.0,PREY_WIN,1,0,100.0,0.0
1491,-2.239999999999996,350,0.0,PREY_WIN,1,0,100.0,0.0
1492,-2.439999999999992,350,0.0,PREY_WIN,1,0,100.0,0.0
1493,-2.2299999999999964,350,0.0,PREY_WIN,1,0,100.0,0.0
1494,24.512499999999992,141,0.0,PREDATOR_WIN,0,1,0.0,56.11250000000029
1495,-2.3599999999999937,350,0.0,PREY_WIN,1,0,100.0,0.0
1496,23.849999999999977,160,0.0,PREDATOR_WIN,0,1,0.0,55.46000000000029
1497,-2.5199999999999902,350,0.0,PREY_WIN,1,0,100.0,0.0
1498,-3.189999999999976,350,0.0,PREY_WIN,1,0,100.0,0.0
1499,-2.5499999999999896,350,0.0,PREY_WIN,1,0,100.0,0.0
1500,-2.289999999999995,350,0.0,PREY_WIN,1,0,100.0,0.0
1501,-2.2699999999999956,350,0.0,PREY_WIN,1,0,100.0,0.0
1502,-2.1799999999999975,350,0.0,PREY_WIN,1,0,100.0,0.0
1503,-2.4099999999999926,350,0.0,PREY_WIN,1,0,100.0,0.0
1504,-2.239999999999996,350,0.0,PREY_WIN,1,0,100.0,0.0
1505,-2.3199999999999945,350,0.0,PREY_WIN,1,0,100.0,0.0
1506,-2.239999999999996,350,0.0,PREY_WIN,1,0,100.0,0.0
1507,-2.209999999999997,350,0.0,PREY_WIN,1,0,100.0,0.0
1508,-2.259999999999996,350,0.0,PREY_WIN,1,0,100.0,0.0
1509,-2.239999999999996,350,0.0,PREY_WIN,1,0,100.0,0.0
1510,-2.209999999999997,350,0.0,PREY_WIN,1,0,100.0,0.0
1511,-2.239999999999996,350,0.0,PREY_WIN,1,0,100.0,0.0
1512,-2.2699999999999956,350,0.0,PREY_WIN,1,0,100.0,0.0
1513,-2.1799999999999975,350,0.0,PREY_WIN,1,0,100.0,0.0
1514,-2.259999999999996,350,0.0,PREY_WIN,1,0,100.0,0.0
1515,-2.199999999999997,350,0.0,PREY_WIN,1,0,100.0,0.0
1516,-2.299999999999995,350,0.0,PREY_WIN,1,0,100.0,0.0
1517,-2.3599999999999937,350,0.0,PREY_WIN,1,0,100.0,0.0
1518,25.59499999999999,26,0.0,PREDATOR_WIN,0,1,0.0,99.84499999999994
1519,-3.0799999999999783,350,0.0,PREY_WIN,1,0,100.0,0.0
1520,-3.139999999999977,350,0.0,PREY_WIN,1,0,100.0,0.0
1521,-2.099999999999999,350,0.0,PREY_WIN,1,0,100.0,0.0
1522,25.747499999999988,4,0.0,PREDATOR_WIN,0,1,0.0,100.0
1523,25.282499999999995,64,0.0,PREDATOR_WIN,0,1,0.0,83.95249999999996
1524,-2.9299999999999815,350,0.0,PREY_WIN,1,0,100.0,0.0
1525,-2.1399999999999983,350,0.0,PREY_WIN,1,0,100.0,0.0
1526,-2.1899999999999973,350,0.0,PREY_WIN,1,0,100.0,0.0
1527,-2.1899999999999973,350,0.0,PREY_WIN,1,0,100.0,0.0
1528,-2.2199999999999966,350,0.0,PREY_WIN,1,0,100.0,0.0
1529,-2.4199999999999924,350,0.0,PREY_WIN,1,0,100.0,0.0
1530,-2.239999999999996,350,0.0,PREY_WIN,1,0,100.0,0.0
1531,-2.239999999999996,350,0.0,PREY_WIN,1,0,100.0,0.0
1532,-2.429999999999992,350,0.0,PREY_WIN,1,0,100.0,0.0
1533,-2.259999999999996,350,0.0,PREY_WIN,1,0,100.0,0.0
1534,-2.199999999999997,350,0.0,PREY_WIN,1,0,100.0,0.0
1535,-2.209999999999997,350,0.0,PREY_WIN,1,0,100.0,0.0
1536,-2.259999999999996,350,0.0,PREY_WIN,1,0,100.0,0.0
1537,-2.2299999999999964,350,0.0,PREY_WIN,1,0,100.0,0.0
1538,-3.4999999999999694,350,0.0,PREY_WIN,1,1,100.0,6.699999999999638
1539,-2.759999999999985,350,0.0,PREY_WIN,1,0,100.0,0.0
1540,-3.089999999999978,350,0.0,PREY_WIN,1,0,100.0,0.0
1541,-2.5499999999999896,350,0.0,PREY_WIN,1,0,100.0,0.0
1542,-2.489999999999991,350,0.0,PREY_WIN,1,0,100.0,0.0
1543,-2.4699999999999913,350,0.0,PREY_WIN,1,0,100.0,0.0
1544,-2.289999999999995,350,0.0,PREY_WIN,1,0,100.0,0.0
1545,-2.3099999999999947,350,0.0,PREY_WIN,1,0,100.0,0.0
1546,-2.1699999999999977,350,0.0,PREY_WIN,1,0,100.0,0.0
1547,-2.239999999999996,350,0.0,PREY_WIN,1,0,100.0,0.0
1548,-2.209999999999997,350,0.0,PREY_WIN,1,0,100.0,0.0
1549,-2.2799999999999954,350,0.0,PREY_WIN,1,0,100.0,0.0
1550,-2.1899999999999973,350,0.0,PREY_WIN,1,0,100.0,0.0
1551,25.81499999999999,4,0.0,PREDATOR_WIN,0,1,0.0,100.0
1552,-2.299999999999995,350,0.0,PREY_WIN,1,0,100.0,0.0
1553,-2.199999999999997,350,0.0,PREY_WIN,1,0,100.0,0.0
1554,-2.239999999999996,350,0.0,PREY_WIN,1,0,100.0,0.0
1555,-2.259999999999996,350,0.0,PREY_WIN,1,0,100.0,0.0
1556,-2.1899999999999973,350,0.0,PREY_WIN,1,0,100.0,0.0
1557,-2.439999999999992,350,0.0,PREY_WIN,1,0,100.0,0.0
1558,24.534999999999982,105,0.0,PREDATOR_WIN,0,1,0.0,75.09500000000008
1559,-3.279999999999974,350,0.0,PREY_WIN,1,0,100.0,0.0
1560,-2.2699999999999956,350,0.0,PREY_WIN,1,0,100.0,0.0
1561,-2.1799999999999975,350,0.0,PREY_WIN,1,0,100.0,0.0
1562,-2.3199999999999945,350,0.0,PREY_WIN,1,0,100.0,0.0
1563,-2.1899999999999973,350,0.0,PREY_WIN,1,0,100.0,0.0
1564,-2.289999999999995,350,0.0,PREY_WIN,1,0,100.0,0.0
1565,-2.2299999999999964,350,0.0,PREY_WIN,1,0,100.0,0.0
1566,-2.1899999999999973,350,0.0,PREY_WIN,1,0,100.0,0.0
1567,24.519999999999985,120,0.0,PREDATOR_WIN,0,1,0.0,64.13000000000022
1568,-3.329999999999973,350,0.0,PREY_WIN,1,0,100.0,0.0
1569,24.909999999999986,81,0.0,PREDATOR_WIN,0,1,0.0,79.61000000000001
1570,-3.229999999999975,350,0.0,PREY_WIN,1,0,100.0,0.0
1571,-3.3599999999999723,350,0.0,PREY_WIN,1,0,100.0,0.0
1572,-2.209999999999997,350,0.0,PREY_WIN,1,0,100.0,0.0
1573,23.929999999999996,206,0.0,PREDATOR_WIN,0,1,0.0,44.78000000000003
1574,-3.1199999999999775,350,0.0,PREY_WIN,1,0,100.0,0.0
1575,24.272499999999994,165,0.0,PREDATOR_WIN,0,1,0.0,65.5325000000003
1576,-3.4999999999999694,350,0.0,PREY_WIN,1,1,100.0,38.19999999999992
1577,23.185000000000006,267,0.0,PREDATOR_WIN,0,1,0.0,52.02500000000024
1578,-2.5899999999999888,350,0.0,PREY_WIN,1,0,100.0,0.0
1579,25.664999999999992,19,0.0,PREDATOR_WIN,0,1,0.0,100.0
1580,-2.7499999999999853,350,0.0,PREY_WIN,1,0,100.0,0.0
1581,-2.2799999999999954,350,0.0,PREY_WIN,1,0,100.0,0.0
1582,-2.669999999999987,350,0.0,PREY_WIN,1,0,100.0,0.0
1583,-2.489999999999991,350,0.0,PREY_WIN,1,0,100.0,0.0
1584,-2.4499999999999917,350,0.0,PREY_WIN,1,0,100.0,0.0
1585,-2.5199999999999902,350,0.0,PREY_WIN,1,0,100.0,0.0
1586,-2.209999999999997,350,0.0,PREY_WIN,1,0,100.0,0.0
1587,-2.209999999999997,350,0.0,PREY_WIN,1,0,100.0,0.0
1588,-2.339999999999994,350,0.0,PREY_WIN,1,0,100.0,0.0
1589,-2.3099999999999947,350,0.0,PREY_WIN,1,0,100.0,0.0
1590,-2.289999999999995,350,0.0,PREY_WIN,1,0,100.0,0.0
1591,-2.209999999999997,350,0.0,PREY_WIN,1,0,100.0,0.0
1592,-2.3099999999999947,350,0.0,PREY_WIN,1,0,100.0,0.0
1593,25.242499999999993,68,0.0,PREDATOR_WIN,0,1,0.0,83.17249999999996
1594,-2.3699999999999934,350,0.0,PREY_WIN,1,0,100.0,0.0
1595,-2.5899999999999888,350,0.0,PREY_WIN,1,0,100.0,0.0
1596,-2.239999999999996,350,0.0,PREY_WIN,1,0,100.0,0.0
1597,-2.3599999999999937,350,0.0,PREY_WIN,1,0,100.0,0.0
1598,-2.159999999999998,350,0.0,PREY_WIN,1,0,100.0,0.0
1599,-2.199999999999997,350,0.0,PREY_WIN,1,0,100.0,0.0
1600,-2.349999999999994,350,0.0,PREY_WIN,1,0,100.0,0.0
1601,-2.2699999999999956,350,0.0,PREY_WIN,1,0,100.0,0.0
1602,20.637499999999864,191,0.0,PREDATOR_WIN,0,1,0.0,61.73750000000017
1603,-3.4999999999999694,350,0.0,PREY_WIN,1,1,100.0,27.700000000000163
1604,-3.2099999999999755,350,0.0,PREY_WIN,1,0,100.0,0.0
1605,-2.299999999999995,350,0.0,PREY_WIN,1,0,100.0,0.0
1606,25.824999999999992,3,0.0,PREDATOR_WIN,0,1,0.0,100.0
1607,-3.4999999999999694,350,0.0,PREY_WIN,1,1,100.0,25.900000000000244
1608,25.009999999999987,71,0.0,PREDATOR_WIN,0,1,0.0,81.41
1609,-3.4999999999999694,350,0.0,PREY_WIN,1,1,100.0,20.199999999999903
1610,-2.2199999999999966,350,0.0,PREY_WIN,1,0,100.0,0.0
1611,-2.2299999999999964,350,0.0,PREY_WIN,1,0,100.0,0.0
1612,-2.1399999999999983,350,0.0,PREY_WIN,1,0,100.0,0.0
1613,-2.1899999999999973,350,0.0,PREY_WIN,1,0,100.0,0.0
1614,-2.0799999999999996,350,0.0,PREY_WIN,1,0,100.0,0.0
1615,25.852499999999996,7,0.0,PREDATOR_WIN,0,1,0.0,100.0
1616,-2.1199999999999988,350,0.0,PREY_WIN,1,0,100.0,0.0
1617,-2.159999999999998,350,0.0,PREY_WIN,1,0,100.0,0.0
1618,-2.7899999999999845,350,0.0,PREY_WIN,1,0,100.0,0.0
1619,-2.149999999999998,350,0.0,PREY_WIN,1,0,100.0,0.0
1620,-2.4599999999999915,350,0.0,PREY_WIN,1,0,100.0,0.0
1621,24.51499999999999,134,0.0,PREDATOR_WIN,0,1,0.0,55.38500000000032
1622,-2.4599999999999915,350,0.0,PREY_WIN,1,0,100.0,0.0
1623,-2.149999999999998,350,0.0,PREY_WIN,1,0,100.0,0.0
1624,-2.2199999999999966,350,0.0,PREY_WIN,1,0,100.0,0.0
1625,-2.289999999999995,350,0.0,PREY_WIN,1,0,100.0,0.0
1626,-2.3599999999999937,350,0.0,PREY_WIN,1,0,100.0,0.0
1627,-2.149999999999998,350,0.0,PREY_WIN,1,0,100.0,0.0
1628,-2.1899999999999973,350,0.0,PREY_WIN,1,0,100.0,0.0
1629,24.677499999999977,81,0.0,PREDATOR_WIN,0,1,0.0,79.97749999999998
1630,-2.9299999999999815,350,0.0,PREY_WIN,1,0,100.0,0.0
1631,-2.3099999999999947,350,0.0,PREY_WIN,1,0,100.0,0.0
1632,-2.1899999999999973,350,0.0,PREY_WIN,1,0,100.0,0.0
1633,-2.209999999999997,350,0.0,PREY_WIN,1,0,100.0,0.0
1634,-2.389999999999993,350,0.0,PREY_WIN,1,0,100.0,0.0
1635,-2.1899999999999973,350,0.0,PREY_WIN,1,0,100.0,0.0
1636,-2.399999999999993,350,0.0,PREY_WIN,1,0,100.0,0.0
1637,-2.3599999999999937,350,0.0,PREY_WIN,1,0,100.0,0.0
1638,-2.239999999999996,350,0.0,PREY_WIN,1,0,100.0,0.0
1639,-2.2299999999999964,350,0.0,PREY_WIN,1,0,100.0,0.0
1640,-2.2199999999999966,350,0.0,PREY_WIN,1,0,100.0,0.0
1641,-2.3799999999999932,350,0.0,PREY_WIN,1,0,100.0,0.0
1642,-2.239999999999996,350,0.0,PREY_WIN,1,0,100.0,0.0
1643,-2.239999999999996,350,0.0,PREY_WIN,1,0,100.0,0.0
1644,-2.339999999999994,350,0.0,PREY_WIN,1,0,100.0,0.0
1645,24.552499999999995,137,0.0,PREDATOR_WIN,0,1,0.0,57.492500000000305
1646,24.364999999999988,143,0.0,PREDATOR_WIN,0,1,0.0,56.04500000000027
1647,-3.4999999999999694,350,0.0,PREY_WIN,1,1,100.0,12.10000000000032
1648,-3.4999999999999694,350,0.0,PREY_WIN,1,1,100.0,3.4000000000003103
1649,-2.949999999999981,350,0.0,PREY_WIN,1,0,100.0,0.0
1650,-2.5599999999999894,350,0.0,PREY_WIN,1,0,100.0,0.0
1651,-2.299999999999995,350,0.0,PREY_WIN,1,0,100.0,0.0
1652,-2.1399999999999983,350,0.0,PREY_WIN,1,0,100.0,0.0
1653,-2.239999999999996,350,0.0,PREY_WIN,1,0,100.0,0.0
1654,-2.1799999999999975,350,0.0,PREY_WIN,1,0,100.0,0.0
1655,-2.159999999999998,350,0.0,PREY_WIN,1,0,100.0,0.0
1656,-2.3299999999999943,350,0.0,PREY_WIN,1,0,100.0,0.0
1657,-2.249999999999996,350,0.0,PREY_WIN,1,0,100.0,0.0
1658,-2.209999999999997,350,0.0,PREY_WIN,1,0,100.0,0.0
1659,-2.249999999999996,350,0.0,PREY_WIN,1,0,100.0,0.0
1660,25.38499999999999,47,0.0,PREDATOR_WIN,0,1,0.0,91.6249999999999
1661,-2.5599999999999894,350,0.0,PREY_WIN,1,0,100.0,0.0
1662,-2.53999999999999,350,0.0,PREY_WIN,1,0,100.0,0.0
1663,-2.52999999999999,350,0.0,PREY_WIN,1,0,100.0,0.0
1664,-2.4099999999999926,350,0.0,PREY_WIN,1,0,100.0,0.0
1665,-2.4599999999999915,350,0.0,PREY_WIN,1,0,100.0,0.0
1666,-2.339999999999994,350,0.0,PREY_WIN,1,0,100.0,0.0
1667,-2.289999999999995,350,0.0,PREY_WIN,1,0,100.0,0.0
1668,-2.209999999999997,350,0.0,PREY_WIN,1,0,100.0,0.0
1669,-2.249999999999996,350,0.0,PREY_WIN,1,0,100.0,0.0
1670,-2.1899999999999973,350,0.0,PREY_WIN,1,0,100.0,0.0
1671,-2.3199999999999945,350,0.0,PREY_WIN,1,0,100.0,0.0
1672,-2.1899999999999973,350,0.0,PREY_WIN,1,0,100.0,0.0
1673,-2.429999999999992,350,0.0,PREY_WIN,1,0,100.0,0.0
1674,-2.3099999999999947,350,0.0,PREY_WIN,1,0,100.0,0.0
1675,-2.249999999999996,350,0.0,PREY_WIN,1,0,100.0,0.0
1676,-2.249999999999996,350,0.0,PREY_WIN,1,0,100.0,0.0
1677,-2.2799999999999954,350,0.0,PREY_WIN,1,0,100.0,0.0
1678,-2.239999999999996,350,0.0,PREY_WIN,1,0,100.0,0.0
1679,23.692499999999953,112,0.0,PREDATOR_WIN,0,1,0.0,66.58250000000012
1680,-3.00999999999998,350,0.0,PREY_WIN,1,0,100.0,0.0
1681,-2.3699999999999934,350,0.0,PREY_WIN,1,0,100.0,0.0
1682,-2.099999999999999,350,0.0,PREY_WIN,1,0,100.0,0.0
1683,-2.1899999999999973,350,0.0,PREY_WIN,1,0,100.0,0.0
1684,-2.159999999999998,350,0.0,PREY_WIN,1,0,100.0,0.0
1685,-2.1899999999999973,350,0.0,PREY_WIN,1,0,100.0,0.0
1686,-2.259999999999996,350,0.0,PREY_WIN,1,0,100.0,0.0
1687,25.832499999999996,9,0.0,PREDATOR_WIN,0,1,0.0,100.0
1688,-2.3199999999999945,350,0.0,PREY_WIN,1,0,100.0,0.0
1689,25.902499999999993,2,0.0,PREDATOR_WIN,0,1,0.0,100.0
1690,-2.5099999999999905,350,0.0,PREY_WIN,1,0,100.0,0.0
1691,-2.1399999999999983,350,0.0,PREY_WIN,1,0,100.0,0.0
1692,-2.489999999999991,350,0.0,PREY_WIN,1,0,100.0,0.0
1693,25.619999999999987,10,0.0,PREDATOR_WIN,0,1,0.0,100.0
1694,-2.199999999999997,350,0.0,PREY_WIN,1,0,100.0,0.0
1695,-2.1899999999999973,350,0.0,PREY_WIN,1,0,100.0,0.0
1696,-2.5899999999999888,350,0.0,PREY_WIN,1,0,100.0,0.0
1697,-2.159999999999998,350,0.0,PREY_WIN,1,0,100.0,0.0
1698,-2.1699999999999977,350,0.0,PREY_WIN,1,0,100.0,0.0
1699,25.324999999999992,53,0.0,PREDATOR_WIN,0,1,0.0,89.10499999999989
1700,-3.1999999999999758,350,0.0,PREY_WIN,1,0,100.0,0.0
1701,-2.1799999999999975,350,0.0,PREY_WIN,1,0,100.0,0.0
1702,-2.1199999999999988,350,0.0,PREY_WIN,1,0,100.0,0.0
1703,-2.1899999999999973,350,0.0,PREY_WIN,1,0,100.0,0.0
1704,24.219999999999995,177,0.0,PREDATOR_WIN,0,1,0.0,39.56000000000026
1705,-2.5099999999999905,350,0.0,PREY_WIN,1,0,100.0,0.0
1706,-2.259999999999996,350,0.0,PREY_WIN,1,0,100.0,0.0
1707,-2.1399999999999983,350,0.0,PREY_WIN,1,0,100.0,0.0
1708,-2.149999999999998,350,0.0,PREY_WIN,1,0,100.0,0.0
1709,-2.2299999999999964,350,0.0,PREY_WIN,1,0,100.0,0.0
1710,-2.289999999999995,350,0.0,PREY_WIN,1,0,100.0,0.0
1711,-2.2199999999999966,350,0.0,PREY_WIN,1,0,100.0,0.0
1712,-2.3099999999999947,350,0.0,PREY_WIN,1,0,100.0,0.0
1713,-2.239999999999996,350,0.0,PREY_WIN,1,0,100.0,0.0
1714,-2.2699999999999956,350,0.0,PREY_WIN,1,0,100.0,0.0
1715,-2.159999999999998,350,0.0,PREY_WIN,1,0,100.0,0.0
1716,-2.199999999999997,350,0.0,PREY_WIN,1,0,100.0,0.0
1717,-2.2799999999999954,350,0.0,PREY_WIN,1,0,100.0,0.0
1718,-2.249999999999996,350,0.0,PREY_WIN,1,0,100.0,0.0
1719,-2.1899999999999973,350,0.0,PREY_WIN,1,0,100.0,0.0
1720,-2.2799999999999954,350,0.0,PREY_WIN,1,0,100.0,0.0
1721,-2.209999999999997,350,0.0,PREY_WIN,1,0,100.0,0.0
1722,-2.289999999999995,350,0.0,PREY_WIN,1,0,100.0,0.0
1723,-2.339999999999994,350,0.0,PREY_WIN,1,0,100.0,0.0
1724,25.824999999999992,3,0.0,PREDATOR_WIN,0,1,0.0,100.0
1725,24.419999999999995,157,0.0,PREDATOR_WIN,0,1,0.0,49.46000000000028
1726,-3.239999999999975,350,0.0,PREY_WIN,1,0,100.0,0.0
1727,24.962499999999995,96,0.0,PREDATOR_WIN,0,1,0.0,71.71250000000012
1728,-2.7299999999999858,350,0.0,PREY_WIN,1,0,100.0,0.0
1729,-3.4999999999999694,350,0.0,PREY_WIN,1,1,100.0,2.2000000000002675
1730,-2.7399999999999856,350,0.0,PREY_WIN,1,0,100.0,0.0
1731,-2.5899999999999888,350,0.0,PREY_WIN,1,0,100.0,0.0
1732,-2.8899999999999824,350,0.0,PREY_WIN,1,0,100.0,0.0
1733,-2.159999999999998,350,0.0,PREY_WIN,1,0,100.0,0.0
1734,-2.2699999999999956,350,0.0,PREY_WIN,1,0,100.0,0.0
1735,24.952499999999993,97,0.0,PREDATOR_WIN,0,1,0.0,71.29250000000013
1736,-3.039999999999979,350,0.0,PREY_WIN,1,0,100.0,0.0
1737,-3.1099999999999777,350,0.0,PREY_WIN,1,0,100.0,0.0
1738,22.545,301,0.0,PREDATOR_WIN,0,1,0.0,33.54500000000026
1739,-3.2499999999999747,350,0.0,PREY_WIN,1,0,100.0,0.0
1740,-3.4999999999999694,350,0.0,PREY_WIN,1,1,100.0,18.7000000000004
1741,-3.4999999999999694,350,0.0,PREY_WIN,1,1,100.0,11.799999999999965
1742,-2.7999999999999843,350,0.0,PREY_WIN,1,0,100.0,0.0
1743,23.81499999999995,96,0.0,PREDATOR_WIN,0,1,0.0,74.46500000000006
1744,-2.899999999999982,350,0.0,PREY_WIN,1,0,100.0,0.0
1745,-2.859999999999983,350,0.0,PREY_WIN,1,0,100.0,0.0
1746,-2.2299999999999964,350,0.0,PREY_WIN,1,0,100.0,0.0
1747,-2.199999999999997,350,0.0,PREY_WIN,1,0,100.0,0.0
1748,-2.2299999999999964,350,0.0,PREY_WIN,1,0,100.0,0.0
1749,-2.159999999999998,350,0.0,PREY_WIN,1,0,100.0,0.0
1750,-2.289999999999995,350,0.0,PREY_WIN,1,0,100.0,0.0
1751,-2.2699999999999956,350,0.0,PREY_WIN,1,0,100.0,0.0
1752,24.72499999999999,113,0.0,PREDATOR_WIN,0,1,0.0,63.30500000000023
1753,-3.2999999999999736,350,0.0,PREY_WIN,1,0,100.0,0.0
1754,-2.259999999999996,350,0.0,PREY_WIN,1,0,100.0,0.0
1755,-2.1799999999999975,350,0.0,PREY_WIN,1,0,100.0,0.0
1756,-2.239999999999996,350,0.0,PREY_WIN,1,0,100.0,0.0
1757,-2.3199999999999945,350,0.0,PREY_WIN,1,0,100.0,0.0
1758,-2.239999999999996,350,0.0,PREY_WIN,1,0,100.0,0.0
1759,24.53499999999999,132,0.0,PREDATOR_WIN,0,1,0.0,62.525000000000176
1760,-3.2599999999999745,350,0.0,PREY_WIN,1,0,100.0,0.0
1761,-2.8899999999999824,350,0.0,PREY_WIN,1,0,100.0,0.0
1762,-2.489999999999991,350,0.0,PREY_WIN,1,0,100.0,0.0
1763,-2.289999999999995,350,0.0,PREY_WIN,1,0,100.0,0.0
1764,-2.209999999999997,350,0.0,PREY_WIN,1,0,100.0,0.0
1765,-2.1699999999999977,350,0.0,PREY_WIN,1,0,100.0,0.0
1766,-2.2299999999999964,350,0.0,PREY_WIN,1,0,100.0,0.0
1767,-2.239999999999996,350,0.0,PREY_WIN,1,0,100.0,0.0
1768,-2.389999999999993,350,0.0,PREY_WIN,1,0,100.0,0.0
1769,-2.3099999999999947,350,0.0,PREY_WIN,1,0,100.0,0.0
1770,-2.239999999999996,350,0.0,PREY_WIN,1,0,100.0,0.0
1771,-2.2699999999999956,350,0.0,PREY_WIN,1,0,100.0,0.0
1772,-2.3799999999999932,350,0.0,PREY_WIN,1,0,100.0,0.0
1773,25.394999999999992,46,0.0,PREDATOR_WIN,0,1,0.0,92.6449999999999
1774,-2.8399999999999834,350,0.0,PREY_WIN,1,0,100.0,0.0
1775,-2.239999999999996,350,0.0,PREY_WIN,1,0,100.0,0.0
1776,23.377499999999976,208,0.0,PREDATOR_WIN,0,1,0.0,29.607500000000243
1777,-2.289999999999995,350,0.0,PREY_WIN,1,0,100.0,0.0
1778,24.352499999999992,157,0.0,PREDATOR_WIN,0,1,0.0,57.19250000000035
1779,-2.6099999999999883,350,0.0,PREY_WIN,1,0,100.0,0.0
1780,-3.089999999999978,350,0.0,PREY_WIN,1,0,100.0,0.0
1781,24.43499999999999,142,0.0,PREDATOR_WIN,0,1,0.0,58.32500000000023
1782,25.979999999999997,1,0.0,PREDATOR_WIN,0,1,0.0,100.0
1783,-3.4999999999999694,350,0.0,PREY_WIN,1,1,100.0,11.20000000000028
1784,-3.4999999999999694,350,0.0,PREY_WIN,1,1,100.0,17.20000000000033
1785,-3.4999999999999694,350,0.0,PREY_WIN,1,1,100.0,8.80000000000005
1786,-2.1399999999999983,350,0.0,PREY_WIN,1,0,100.0,0.0
1787,-2.489999999999991,350,0.0,PREY_WIN,1,0,100.0,0.0
1788,-2.099999999999999,350,0.0,PREY_WIN,1,0,100.0,0.0
1789,-2.389999999999993,350,0.0,PREY_WIN,1,0,100.0,0.0
1790,25.804999999999993,5,0.0,PREDATOR_WIN,0,1,0.0,100.0
1791,-2.4499999999999917,350,0.0,PREY_WIN,1,0,100.0,0.0
1792,-2.3199999999999945,350,0.0,PREY_WIN,1,0,100.0,0.0
1793,25.61499999999999,24,0.0,PREDATOR_WIN,0,1,0.0,100.0
1794,23.71499999999998,187,0.0,PREDATOR_WIN,0,1,0.0,69.15500000000029
1795,-3.4999999999999694,350,0.0,PREY_WIN,1,1,100.0,19.30000000000018
1796,-3.3499999999999726,350,0.0,PREY_WIN,1,0,100.0,0.0
1797,-2.769999999999985,350,0.0,PREY_WIN,1,0,100.0,0.0
1798,-2.209999999999997,350,0.0,PREY_WIN,1,0,100.0,0.0
1799,-2.6499999999999875,350,0.0,PREY_WIN,1,0,100.0,0.0
1800,-2.209999999999997,350,0.0,PREY_WIN,1,0,100.0,0.0
1801,-2.339999999999994,350,0.0,PREY_WIN,1,0,100.0,0.0
1802,-2.339999999999994,350,0.0,PREY_WIN,1,0,100.0,0.0
1803,-2.3099999999999947,350,0.0,PREY_WIN,1,0,100.0,0.0
1804,-2.1799999999999975,350,0.0,PREY_WIN,1,0,100.0,0.0
1805,-2.439999999999992,350,0.0,PREY_WIN,1,0,100.0,0.0
1806,-2.2799999999999954,350,0.0,PREY_WIN,1,0,100.0,0.0
1807,-2.3199999999999945,350,0.0,PREY_WIN,1,0,100.0,0.0
1808,-2.209999999999997,350,0.0,PREY_WIN,1,0,100.0,0.0
1809,-2.3099999999999947,350,0.0,PREY_WIN,1,0,100.0,0.0
1810,-2.199999999999997,350,0.0,PREY_WIN,1,0,100.0,0.0
1811,-2.209999999999997,350,0.0,PREY_WIN,1,0,100.0,0.0
1812,-2.149999999999998,350,0.0,PREY_WIN,1,0,100.0,0.0
1813,25.394999999999992,46,0.0,PREDATOR_WIN,0,1,0.0,91.7449999999999
1814,-3.2599999999999745,350,0.0,PREY_WIN,1,0,100.0,0.0
1815,-3.2699999999999743,350,0.0,PREY_WIN,1,0,100.0,0.0
1816,-2.9199999999999817,350,0.0,PREY_WIN,1,0,100.0,0.0
1817,-2.439999999999992,350,0.0,PREY_WIN,1,0,100.0,0.0
1818,-2.349999999999994,350,0.0,PREY_WIN,1,0,100.0,0.0
1819,-2.199999999999997,350,0.0,PREY_WIN,1,0,100.0,0.0
1820,-2.209999999999997,350,0.0,PREY_WIN,1,0,100.0,0.0
1821,-2.1899999999999973,350,0.0,PREY_WIN,1,0,100.0,0.0
1822,-2.339999999999994,350,0.0,PREY_WIN,1,0,100.0,0.0
1823,-2.3299999999999943,350,0.0,PREY_WIN,1,0,100.0,0.0
1824,-2.209999999999997,350,0.0,PREY_WIN,1,0,100.0,0.0
1825,-2.289999999999995,350,0.0,PREY_WIN,1,0,100.0,0.0
1826,-2.3099999999999947,350,0.0,PREY_WIN,1,0,100.0,0.0
1827,-2.2299999999999964,350,0.0,PREY_WIN,1,0,100.0,0.0
1828,-2.159999999999998,350,0.0,PREY_WIN,1,0,100.0,0.0
1829,-2.1899999999999973,350,0.0,PREY_WIN,1,0,100.0,0.0
1830,-2.209999999999997,350,0.0,PREY_WIN,1,0,100.0,0.0
1831,-2.259999999999996,350,0.0,PREY_WIN,1,0,100.0,0.0
1832,25.664999999999992,19,0.0,PREDATOR_WIN,0,1,0.0,100.0
1833,-2.1899999999999973,350,0.0,PREY_WIN,1,0,100.0,0.0
1834,-2.2299999999999964,350,0.0,PREY_WIN,1,0,100.0,0.0
1835,-2.2699999999999956,350,0.0,PREY_WIN,1,0,100.0,0.0
1836,-2.259999999999996,350,0.0,PREY_WIN,1,0,100.0,0.0
1837,-2.3099999999999947,350,0.0,PREY_WIN,1,0,100.0,0.0
1838,-2.289999999999995,350,0.0,PREY_WIN,1,0,100.0,0.0
1839,-2.249999999999996,350,0.0,PREY_WIN,1,0,100.0,0.0
1840,-2.2199999999999966,350,0.0,PREY_WIN,1,0,100.0,0.0
1841,-2.259999999999996,350,0.0,PREY_WIN,1,0,100.0,0.0
1842,-2.339999999999994,350,0.0,PREY_WIN,1,0,100.0,0.0
1843,-2.209999999999997,350,0.0,PREY_WIN,1,0,100.0,0.0
1844,-2.339999999999994,350,0.0,PREY_WIN,1,0,100.0,0.0
1845,-2.439999999999992,350,0.0,PREY_WIN,1,0,100.0,0.0
1846,24.952499999999983,70,0.0,PREDATOR_WIN,0,1,0.0,83.26249999999996
1847,25.572499999999994,35,0.0,PREDATOR_WIN,0,1,0.0,97.03249999999991
1848,-3.189999999999976,350,0.0,PREY_WIN,1,0,100.0,0.0
1849,-3.0599999999999787,350,0.0,PREY_WIN,1,0,100.0,0.0
1850,-2.289999999999995,350,0.0,PREY_WIN,1,0,100.0,0.0
1851,25.722499999999993,20,0.0,PREDATOR_WIN,0,1,0.0,100.0
1852,-2.6399999999999877,350,0.0,PREY_WIN,1,0,100.0,0.0
1853,25.824999999999992,3,0.0,PREDATOR_WIN,0,1,0.0,100.0
1854,-2.159999999999998,350,0.0,PREY_WIN,1,0,100.0,0.0
1855,-2.209999999999997,350,0.0,PREY_WIN,1,0,100.0,0.0
1856,-2.289999999999995,350,0.0,PREY_WIN,1,0,100.0,0.0
1857,-2.3799999999999932,350,0.0,PREY_WIN,1,0,100.0,0.0
1858,-2.159999999999998,350,0.0,PREY_WIN,1,0,100.0,0.0
1859,-2.199999999999997,350,0.0,PREY_WIN,1,0,100.0,0.0
1860,-2.159999999999998,350,0.0,PREY_WIN,1,0,100.0,0.0
1861,-2.209999999999997,350,0.0,PREY_WIN,1,0,100.0,0.0
1862,24.652499999999993,127,0.0,PREDATOR_WIN,0,1,0.0,64.39250000000017
1863,-3.1099999999999777,350,0.0,PREY_WIN,1,0,100.0,0.0
1864,-2.759999999999985,350,0.0,PREY_WIN,1,0,100.0,0.0
1865,-2.4099999999999926,350,0.0,PREY_WIN,1,0,100.0,0.0
1866,-2.569999999999989,350,0.0,PREY_WIN,1,0,100.0,0.0
1867,-2.8899999999999824,350,0.0,PREY_WIN,1,0,100.0,0.0
1868,25.13499999999999,72,0.0,PREDATOR_WIN,0,1,0.0,82.32499999999997
1869,-3.4099999999999713,350,0.0,PREY_WIN,1,0,100.0,0.0
1870,-2.809999999999984,350,0.0,PREY_WIN,1,0,100.0,0.0
1871,24.709999999999976,74,0.0,PREDATOR_WIN,0,1,0.0,80.77999999999999
1872,24.589999999999964,56,0.0,PREDATOR_WIN,0,1,0.0,86.53999999999989
1873,-3.4999999999999694,350,0.0,PREY_WIN,1,1,100.0,1.9000000000000457
1874,-3.239999999999975,350,0.0,PREY_WIN,1,0,100.0,0.0
1875,-2.5599999999999894,350,0.0,PREY_WIN,1,0,100.0,0.0
1876,-2.249999999999996,350,0.0,PREY_WIN,1,0,100.0,0.0
1877,-2.5599999999999894,350,0.0,PREY_WIN,1,0,100.0,0.0
1878,23.767499999999988,202,0.0,PREDATOR_WIN,0,1,0.0,63.3575000000003
1879,25.792499999999993,13,0.0,PREDATOR_WIN,0,1,0.0,100.0
1880,-2.4199999999999924,350,0.0,PREY_WIN,1,0,100.0,0.0
1881,-3.4999999999999694,350,0.0,PREY_WIN,1,1,100.0,10.300000000000335
1882,-3.4999999999999694,350,0.0,PREY_WIN,1,1,100.0,11.50000000000001
1883,-2.399999999999993,350,0.0,PREY_WIN,1,0,100.0,0.0
1884,-2.339999999999994,350,0.0,PREY_WIN,1,0,100.0,0.0
1885,-2.259999999999996,350,0.0,PREY_WIN,1,0,100.0,0.0
1886,-2.1699999999999977,350,0.0,PREY_WIN,1,0,100.0,0.0
1887,-2.299999999999995,350,0.0,PREY_WIN,1,0,100.0,0.0
1888,-2.239999999999996,350,0.0,PREY_WIN,1,0,100.0,0.0
1889,-2.339999999999994,350,0.0,PREY_WIN,1,0,100.0,0.0
1890,-2.3099999999999947,350,0.0,PREY_WIN,1,0,100.0,0.0
1891,-2.2799999999999954,350,0.0,PREY_WIN,1,0,100.0,0.0
1892,-2.1899999999999973,350,0.0,PREY_WIN,1,0,100.0,0.0
1893,-2.239999999999996,350,0.0,PREY_WIN,1,0,100.0,0.0
1894,-2.159999999999998,350,0.0,PREY_WIN,1,0,100.0,0.0
1895,25.194999999999993,66,0.0,PREDATOR_WIN,0,1,0.0,84.84499999999994
1896,-2.9799999999999804,350,0.0,PREY_WIN,1,0,100.0,0.0
1897,-2.99999999999998,350,0.0,PREY_WIN,1,0,100.0,0.0
1898,25.56499999999999,29,0.0,PREDATOR_WIN,0,1,0.0,98.28499999999994
1899,-3.329999999999973,350,0.0,PREY_WIN,1,0,100.0,0.0
1900,-2.439999999999992,350,0.0,PREY_WIN,1,0,100.0,0.0
1901,-2.2299999999999964,350,0.0,PREY_WIN,1,0,100.0,0.0
1902,25.824999999999992,3,0.0,PREDATOR_WIN,0,1,0.0,100.0
1903,-2.4499999999999917,350,0.0,PREY_WIN,1,0,100.0,0.0
1904,-2.5599999999999894,350,0.0,PREY_WIN,1,0,100.0,0.0
1905,-2.249999999999996,350,0.0,PREY_WIN,1,0,100.0,0.0
1906,-2.159999999999998,350,0.0,PREY_WIN,1,0,100.0,0.0
1907,-2.149999999999998,350,0.0,PREY_WIN,1,0,100.0,0.0
1908,25.029999999999987,69,0.0,PREDATOR_WIN,0,1,0.0,81.94999999999999
1909,-2.209999999999997,350,0.0,PREY_WIN,1,0,100.0,0.0
1910,-2.53999999999999,350,0.0,PREY_WIN,1,0,100.0,0.0
1911,-2.159999999999998,350,0.0,PREY_WIN,1,0,100.0,0.0
1912,-2.1799999999999975,350,0.0,PREY_WIN,1,0,100.0,0.0
1913,-2.5099999999999905,350,0.0,PREY_WIN,1,0,100.0,0.0
1914,-2.209999999999997,350,0.0,PREY_WIN,1,0,100.0,0.0
1915,-2.4999999999999907,350,0.0,PREY_WIN,1,0,100.0,0.0
1916,24.342499999999994,158,0.0,PREDATOR_WIN,0,1,0.0,51.97250000000024
1917,-2.679999999999987,350,0.0,PREY_WIN,1,0,100.0,0.0
1918,25.13499999999999,69,0.0,PREDATOR_WIN,0,1,0.0,82.95499999999997
1919,-3.4999999999999694,350,0.0,PREY_WIN,1,1,100.0,7.600000000000353
1920,-3.4999999999999694,350,0.0,PREY_WIN,1,1,100.0,6.100000000000003
1921,-2.159999999999998,350,0.0,PREY_WIN,1,0,100.0,0.0
1922,-2.4099999999999926,350,0.0,PREY_WIN,1,0,100.0,0.0
1923,-2.1399999999999983,350,0.0,PREY_WIN,1,0,99.72999999999999,0.0
1924,24.34249999999998,125,0.0,PREDATOR_WIN,0,1,0.0,74.80250000000011
1925,-3.1099999999999777,350,0.0,PREY_WIN,1,0,100.0,0.0
1926,-2.3099999999999947,350,0.0,PREY_WIN,1,0,100.0,0.0
1927,-2.1899999999999973,350,0.0,PREY_WIN,1,0,100.0,0.0
1928,-2.3099999999999947,350,0.0,PREY_WIN,1,0,100.0,0.0
1929,23.664999999999996,219,0.0,PREDATOR_WIN,0,1,0.0,35.28500000000013
1930,24.422499999999992,150,0.0,PREDATOR_WIN,0,1,0.0,57.732500000000215
1931,-3.139999999999977,350,0.0,PREY_WIN,1,0,100.0,0.0
1932,-3.189999999999976,350,0.0,PREY_WIN,1,0,100.0,0.0
1933,-2.2799999999999954,350,0.0,PREY_WIN,1,0,100.0,0.0
1934,24.772499999999994,115,0.0,PREDATOR_WIN,0,1,0.0,68.83250000000015
1935,25.242499999999993,68,0.0,PREDATOR_WIN,0,1,0.0,82.87249999999997
1936,25.592499999999983,6,0.0,PREDATOR_WIN,0,1,0.0,100.0
1937,-3.45999999999997,350,0.0,PREY_WIN,1,0,100.0,0.0
1938,-3.4899999999999696,350,0.0,PREY_WIN,1,0,100.0,0.0
1939,23.952499999999993,197,0.0,PREDATOR_WIN,0,1,0.0,62.89249999999995
1940,-2.3699999999999934,350,0.0,PREY_WIN,1,0,100.0,0.0
1941,-2.909999999999982,350,0.0,PREY_WIN,1,0,100.0,0.0
1942,-3.1199999999999775,350,0.0,PREY_WIN,1,0,100.0,0.0
1943,-2.4999999999999907,350,0.0,PREY_WIN,1,0,100.0,0.0
1944,-2.3099999999999947,350,0.0,PREY_WIN,1,0,100.0,0.0
1945,-2.289999999999995,350,0.0,PREY_WIN,1,0,100.0,0.0
1946,-2.259999999999996,350,0.0,PREY_WIN,1,0,100.0,0.0
1947,-2.209999999999997,350,0.0,PREY_WIN,1,0,100.0,0.0
1948,-2.389999999999993,350,0.0,PREY_WIN,1,0,100.0,0.0
1949,-2.209999999999997,350,0.0,PREY_WIN,1,0,99.72999999999999,0.0
1950,24.502499999999994,142,0.0,PREDATOR_WIN,0,1,0.0,59.29250000000026
1951,-2.759999999999985,350,0.0,PREY_WIN,1,0,100.0,0.0
1952,-3.4999999999999694,350,0.0,PREY_WIN,1,1,100.0,17.500000000000348
1953,24.969999999999985,75,0.0,PREDATOR_WIN,0,1,0.0,81.52999999999997
1954,-3.4999999999999694,350,0.0,PREY_WIN,1,1,100.0,2.1999999999999575
1955,-2.2799999999999954,350,0.0,PREY_WIN,1,0,100.0,0.0
1956,-2.4599999999999915,350,0.0,PREY_WIN,1,0,100.0,0.0
1957,-2.259999999999996,350,0.0,PREY_WIN,1,0,100.0,0.0
1958,-2.199999999999997,350,0.0,PREY_WIN,1,0,100.0,0.0
1959,-2.199999999999997,350,0.0,PREY_WIN,1,0,100.0,0.0
1960,-2.239999999999996,350,0.0,PREY_WIN,1,0,100.0,0.0
1961,-2.1899999999999973,350,0.0,PREY_WIN,1,0,99.72999999999999,0.0
1962,-2.3199999999999945,350,0.0,PREY_WIN,1,0,100.0,0.0
1963,25.79499999999999,6,0.0,PREDATOR_WIN,0,1,0.0,100.0
1964,-2.3099999999999947,350,0.0,PREY_WIN,1,0,100.0,0.0
1965,-2.53999999999999,350,0.0,PREY_WIN,1,0,100.0,0.0
1966,23.549999999999955,136,0.0,PREDATOR_WIN,0,1,0.0,62.30000000000021
1967,-2.4099999999999926,350,0.0,PREY_WIN,1,0,100.0,0.0
1968,-3.4999999999999694,350,0.0,PREY_WIN,1,1,100.0,4.599999999999921
1969,25.444999999999993,41,0.0,PREDATOR_WIN,0,1,0.0,92.94499999999992
1970,-3.4999999999999694,350,0.0,PREY_WIN,1,1,100.0,4.29999999999993
1971,-3.0599999999999787,350,0.0,PREY_WIN,1,0,100.0,0.0
1972,-2.209999999999997,350,0.0,PREY_WIN,1,0,100.0,0.0
1973,24.37499999999999,148,0.0,PREDATOR_WIN,0,1,0.0,54.005000000000265
1974,25.542499999999993,38,0.0,PREDATOR_WIN,0,1,0.0,100.0
1975,-2.5599999999999894,350,0.0,PREY_WIN,1,0,100.0,0.0
1976,-3.0199999999999796,350,0.0,PREY_WIN,1,0,100.0,0.0
1977,25.512499999999996,41,0.0,PREDATOR_WIN,0,1,0.0,93.01249999999993
1978,-3.4999999999999694,350,0.0,PREY_WIN,1,1,100.0,29.799999999999866
1979,-3.4999999999999694,350,0.0,PREY_WIN,1,1,100.0,8.80000000000001
1980,-3.3899999999999717,350,0.0,PREY_WIN,1,0,100.0,0.0
1981,-2.4999999999999907,350,0.0,PREY_WIN,1,0,100.0,0.0
1982,-2.249999999999996,350,0.0,PREY_WIN,1,0,100.0,0.0
1983,-2.1899999999999973,350,0.0,PREY_WIN,1,0,100.0,0.0
1984,25.792499999999993,13,0.0,PREDATOR_WIN,0,1,0.0,100.0
1985,-2.259999999999996,350,0.0,PREY_WIN,1,0,100.0,0.0
1986,-2.239999999999996,350,0.0,PREY_WIN,1,0,100.0,0.0
1987,-2.209999999999997,350,0.0,PREY_WIN,1,0,100.0,0.0
1988,24.61499999999998,97,0.0,PREDATOR_WIN,0,1,0.0,74.55500000000005
1989,-3.039999999999979,350,0.0,PREY_WIN,1,0,100.0,0.0
1990,-3.419999999999971,350,0.0,PREY_WIN,1,0,100.0,0.0
1991,-2.7299999999999858,350,0.0,PREY_WIN,1,0,100.0,0.0
1992,-2.199999999999997,350,0.0,PREY_WIN,1,0,100.0,0.0
1993,24.812499999999993,111,0.0,PREDATOR_WIN,0,1,0.0,65.71250000000019
1994,-3.4999999999999694,350,0.0,PREY_WIN,1,1,100.0,0.40000000000027275
1995,24.402499999999993,152,0.0,PREDATOR_WIN,0,1,0.0,77.29249999999975
1996,-3.4999999999999694,350,0.0,PREY_WIN,1,1,100.0,13.600000000000149
1997,-3.099999999999978,350,0.0,PREY_WIN,1,0,100.0,0.0
1998,-2.8899999999999824,350,0.0,PREY_WIN,1,0,100.0,0.0
1999,-2.8399999999999834,350,0.0,PREY_WIN,1,0,100.0,0.0
2000,-2.339999999999994,350,0.0,PREY_WIN,1,0,100.0,0.0
2001,-2.1899999999999973,350,0.0,PREY_WIN,1,0,100.0,0.0
2002,25.842499999999994,8,0.0,PREDATOR_WIN,0,1,0.0,100.0
2003,25.664999999999992,19,0.0,PREDATOR_WIN,0,1,0.0,100.0
2004,-3.089999999999978,350,0.0,PREY_WIN,1,0,100.0,0.0
2005,24.82499999999998,73,0.0,PREDATOR_WIN,0,1,0.0,81.005
2006,-3.239999999999975,350,0.0,PREY_WIN,1,0,100.0,0.0
2007,-2.4599999999999915,350,0.0,PREY_WIN,1,0,100.0,0.0
2008,-2.2199999999999966,350,0.0,PREY_WIN,1,0,100.0,0.0
2009,-2.3599999999999937,350,0.0,PREY_WIN,1,0,100.0,0.0
2010,-2.259999999999996,350,0.0,PREY_WIN,1,0,100.0,0.0
2011,-2.239999999999996,350,0.0,PREY_WIN,1,0,100.0,0.0
2012,-2.239999999999996,350,0.0,PREY_WIN,1,0,100.0,0.0
2013,-2.3099999999999947,350,0.0,PREY_WIN,1,0,100.0,0.0
2014,-2.159999999999998,350,0.0,PREY_WIN,1,0,100.0,0.0
2015,-2.239999999999996,350,0.0,PREY_WIN,1,0,100.0,0.0
2016,-2.1899999999999973,350,0.0,PREY_WIN,1,0,100.0,0.0
2017,-2.199999999999997,350,0.0,PREY_WIN,1,0,100.0,0.0
2018,24.44499999999999,141,0.0,PREDATOR_WIN,0,1,0.0,55.44500000000029
2019,-2.679999999999987,350,0.0,PREY_WIN,1,0,100.0,0.0
2020,-2.5099999999999905,350,0.0,PREY_WIN,1,0,100.0,0.0
2021,-2.1299999999999986,350,0.0,PREY_WIN,1,0,100.0,0.0
2022,-2.1399999999999983,350,0.0,PREY_WIN,1,0,100.0,0.0
2023,-2.1399999999999983,350,0.0,PREY_WIN,1,0,100.0,0.0
2024,-2.1699999999999977,350,0.0,PREY_WIN,1,0,100.0,0.0
2025,-2.1199999999999988,350,0.0,PREY_WIN,1,0,100.0,0.0
2026,-2.2699999999999956,350,0.0,PREY_WIN,1,0,100.0,0.0
2027,-2.2699999999999956,350,0.0,PREY_WIN,1,0,100.0,0.0
2028,25.902499999999993,2,0.0,PREDATOR_WIN,0,1,0.0,100.0
2029,-2.2299999999999964,350,0.0,PREY_WIN,1,0,100.0,0.0
2030,-2.239999999999996,350,0.0,PREY_WIN,1,0,100.0,0.0
2031,23.6925,223,0.0,PREDATOR_WIN,0,1,0.0,25.57250000000024
2032,-2.7399999999999856,350,0.0,PREY_WIN,1,0,100.0,0.0
2033,-3.049999999999979,350,0.0,PREY_WIN,1,0,100.0,0.0
2034,-2.159999999999998,350,0.0,PREY_WIN,1,0,100.0,0.0
2035,-2.1899999999999973,350,0.0,PREY_WIN,1,0,100.0,0.0
2036,25.902499999999993,2,0.0,PREDATOR_WIN,0,1,0.0,100.0
2037,-2.159999999999998,350,0.0,PREY_WIN,1,0,100.0,0.0
2038,-2.209999999999997,350,0.0,PREY_WIN,1,0,100.0,0.0
2039,-2.249999999999996,350,0.0,PREY_WIN,1,0,100.0,0.0
2040,-2.1399999999999983,350,0.0,PREY_WIN,1,0,100.0,0.0
2041,-2.1699999999999977,350,0.0,PREY_WIN,1,0,100.0,0.0
2042,-2.3699999999999934,350,0.0,PREY_WIN,1,0,100.0,0.0
2043,-2.2699999999999956,350,0.0,PREY_WIN,1,0,100.0,0.0
2044,-2.3099999999999947,350,0.0,PREY_WIN,1,0,100.0,0.0
2045,-2.249999999999996,350,0.0,PREY_WIN,1,0,100.0,0.0
2046,-2.1899999999999973,350,0.0,PREY_WIN,1,0,100.0,0.0
2047,-2.239999999999996,350,0.0,PREY_WIN,1,0,100.0,0.0
2048,-2.2299999999999964,350,0.0,PREY_WIN,1,0,100.0,0.0
2049,-2.1799999999999975,350,0.0,PREY_WIN,1,0,100.0,0.0
2050,-2.259999999999996,350,0.0,PREY_WIN,1,0,100.0,0.0
2051,-2.1799999999999975,350,0.0,PREY_WIN,1,0,100.0,0.0
2052,-2.209999999999997,350,0.0,PREY_WIN,1,0,100.0,0.0
2053,-2.249999999999996,350,0.0,PREY_WIN,1,0,100.0,0.0
2054,-2.9899999999999802,350,0.0,PREY_WIN,1,0,100.0,0.0
2055,-2.5099999999999905,350,0.0,PREY_WIN,1,0,100.0,0.0
2056,-2.249999999999996,350,0.0,PREY_WIN,1,0,100.0,0.0
2057,-2.1899999999999973,350,0.0,PREY_WIN,1,0,100.0,0.0
2058,-2.259999999999996,350,0.0,PREY_WIN,1,0,100.0,0.0
2059,24.949999999999996,104,0.0,PREDATOR_WIN,0,1,0.0,68.12000000000018
2060,-2.709999999999986,350,0.0,PREY_WIN,1,0,100.0,0.0
2061,-3.2599999999999745,350,0.0,PREY_WIN,1,0,100.0,0.0
2062,-3.4999999999999694,350,0.0,PREY_WIN,1,1,100.0,0.1000000000002445
2063,-2.6599999999999873,350,0.0,PREY_WIN,1,0,100.0,0.0
2064,-2.239999999999996,350,0.0,PREY_WIN,1,0,100.0,0.0
2065,-2.289999999999995,350,0.0,PREY_WIN,1,0,100.0,0.0
2066,24.369999999999997,162,0.0,PREDATOR_WIN,0,1,0.0,69.56000000000024
2067,-2.489999999999991,350,0.0,PREY_WIN,1,0,100.0,0.0
2068,-2.3099999999999947,350,0.0,PREY_WIN,1,0,100.0,0.0
2069,-2.389999999999993,350,0.0,PREY_WIN,1,0,100.0,0.0
2070,-2.199999999999997,350,0.0,PREY_WIN,1,0,100.0,0.0
2071,-2.629999999999988,350,0.0,PREY_WIN,1,0,100.0,0.0
2072,-2.299999999999995,350,0.0,PREY_WIN,1,0,100.0,0.0
2073,25.9,9,0.0,PREDATOR_WIN,0,1,0.0,100.0
2074,-2.1899999999999973,350,0.0,PREY_WIN,1,0,100.0,0.0
2075,-2.2299999999999964,350,0.0,PREY_WIN,1,0,100.0,0.0
2076,-2.239999999999996,350,0.0,PREY_WIN,1,0,100.0,0.0
2077,-2.209999999999997,350,0.0,PREY_WIN,1,0,100.0,0.0
2078,-2.349999999999994,350,0.0,PREY_WIN,1,0,100.0,0.0
2079,-2.4999999999999907,350,0.0,PREY_WIN,1,0,100.0,0.0
2080,-2.249999999999996,350,0.0,PREY_WIN,1,0,100.0,0.0
2081,-2.149999999999998,350,0.0,PREY_WIN,1,0,100.0,0.0
2082,25.959999999999997,3,0.0,PREDATOR_WIN,0,1,0.0,100.0
2083,-2.1799999999999975,350,0.0,PREY_WIN,1,0,100.0,0.0
2084,-2.159999999999998,350,0.0,PREY_WIN,1,0,100.0,0.0
2085,-2.5599999999999894,350,0.0,PREY_WIN,1,0,100.0,0.0
2086,-3.4999999999999694,350,0.0,PREY_WIN,1,1,100.0,25.90000000000001
2087,-3.039999999999979,350,0.0,PREY_WIN,1,0,100.0,0.0
2088,-2.3699999999999934,350,0.0,PREY_WIN,1,0,100.0,0.0
2089,-2.1399999999999983,350,0.0,PREY_WIN,1,0,100.0,0.0
2090,-2.349999999999994,350,0.0,PREY_WIN,1,0,100.0,0.0
2091,-2.1799999999999975,350,0.0,PREY_WIN,1,0,100.0,0.0
2092,-2.239999999999996,350,0.0,PREY_WIN,1,0,100.0,0.0
2093,-2.4599999999999915,350,0.0,PREY_WIN,1,0,100.0,0.0
2094,-2.1899999999999973,350,0.0,PREY_WIN,1,0,100.0,0.0
2095,-2.259999999999996,350,0.0,PREY_WIN,1,0,100.0,0.0
2096,-2.3299999999999943,350,0.0,PREY_WIN,1,0,100.0,0.0
2097,-2.239999999999996,350,0.0,PREY_WIN,1,0,100.0,0.0
2098,-2.1899999999999973,350,0.0,PREY_WIN,1,0,100.0,0.0
2099,-2.209999999999997,350,0.0,PREY_WIN,1,0,100.0,0.0
2100,-2.259999999999996,350,0.0,PREY_WIN,1,0,100.0,0.0
2101,-2.2199999999999966,350,0.0,PREY_WIN,1,0,100.0,0.0
2102,25.639999999999997,35,0.0,PREDATOR_WIN,0,1,0.0,96.19999999999993
2103,-3.1699999999999764,350,0.0,PREY_WIN,1,0,100.0,0.0
2104,23.492500000000003,243,0.0,PREDATOR_WIN,0,1,0.0,34.272499999999965
2105,-2.4099999999999926,350,0.0,PREY_WIN,1,0,100.0,0.0
2106,-2.7399999999999856,350,0.0,PREY_WIN,1,0,100.0,0.0
2107,-3.00999999999998,350,0.0,PREY_WIN,1,0,100.0,0.0
2108,24.569999999999997,142,0.0,PREDATOR_WIN,0,1,0.0,54.260000000000296
2109,-3.4999999999999694,350,0.0,PREY_WIN,1,1,100.0,6.100000000000225
2110,-3.4099999999999713,350,0.0,PREY_WIN,1,0,100.0,0.0
2111,-3.4999999999999694,350,0.0,PREY_WIN,1,1,100.0,12.100000000000083
2112,-2.6599999999999873,350,0.0,PREY_WIN,1,0,100.0,0.0
2113,-2.339999999999994,350,0.0,PREY_WIN,1,0,100.0,0.0
2114,-2.149999999999998,350,0.0,PREY_WIN,1,0,100.0,0.0
2115,-2.3299999999999943,350,0.0,PREY_WIN,1,0,100.0,0.0
2116,-2.249999999999996,350,0.0,PREY_WIN,1,0,100.0,0.0
2117,-2.259999999999996,350,0.0,PREY_WIN,1,0,100.0,0.0
2118,-2.1699999999999977,350,0.0,PREY_WIN,1,0,100.0,0.0
2119,-2.209999999999997,350,0.0,PREY_WIN,1,0,100.0,0.0
2120,-2.289999999999995,350,0.0,PREY_WIN,1,0,100.0,0.0
2121,-2.1699999999999977,350,0.0,PREY_WIN,1,0,100.0,0.0
2122,-2.209999999999997,350,0.0,PREY_WIN,1,0,100.0,0.0
2123,-2.259999999999996,350,0.0,PREY_WIN,1,0,100.0,0.0
2124,-2.259999999999996,350,0.0,PREY_WIN,1,0,100.0,0.0
2125,25.949999999999996,4,0.0,PREDATOR_WIN,0,1,0.0,100.0
2126,-2.2199999999999966,350,0.0,PREY_WIN,1,0,100.0,0.0
2127,25.589999999999996,40,0.0,PREDATOR_WIN,0,1,0.0,94.09999999999992
2128,-3.039999999999979,350,0.0,PREY_WIN,1,0,100.0,0.0
2129,-3.2099999999999755,350,0.0,PREY_WIN,1,0,100.0,0.0
2130,25.779999999999998,21,0.0,PREDATOR_WIN,0,1,0.0,100.0
2131,-2.239999999999996,350,0.0,PREY_WIN,1,0,100.0,0.0
2132,-2.489999999999991,350,0.0,PREY_WIN,1,0,100.0,0.0
2133,-2.5199999999999902,350,0.0,PREY_WIN,1,0,100.0,0.0
2134,-2.159999999999998,350,0.0,PREY_WIN,1,0,100.0,0.0
2135,-2.1799999999999975,350,0.0,PREY_WIN,1,0,100.0,0.0
2136,-2.259999999999996,350,0.0,PREY_WIN,1,0,100.0,0.0
2137,25.969999999999995,2,0.0,PREDATOR_WIN,0,1,0.0,100.0
2138,-2.239999999999996,350,0.0,PREY_WIN,1,0,100.0,0.0
2139,-2.209999999999997,350,0.0,PREY_WIN,1,0,100.0,0.0
2140,-2.53999999999999,350,0.0,PREY_WIN,1,0,100.0,0.0
2141,-2.289999999999995,350,0.0,PREY_WIN,1,0,100.0,0.0
2142,-2.209999999999997,350,0.0,PREY_WIN,1,0,100.0,0.0
2143,-2.209999999999997,350,0.0,PREY_WIN,1,0,99.72999999999999,0.0
2144,-2.209999999999997,350,0.0,PREY_WIN,1,0,100.0,0.0
2145,-2.489999999999991,350,0.0,PREY_WIN,1,0,100.0,0.0
2146,-2.2799999999999954,350,0.0,PREY_WIN,1,0,100.0,0.0
2147,-2.209999999999997,350,0.0,PREY_WIN,1,0,100.0,0.0
2148,25.479999999999997,51,0.0,PREDATOR_WIN,0,1,0.0,90.0799999999999
2149,-2.4699999999999913,350,0.0,PREY_WIN,1,0,100.0,0.0
2150,-3.049999999999979,350,0.0,PREY_WIN,1,0,100.0,0.0
2151,-2.53999999999999,350,0.0,PREY_WIN,1,0,100.0,0.0
2152,-2.209999999999997,350,0.0,PREY_WIN,1,0,100.0,0.0
2153,-2.259999999999996,350,0.0,PREY_WIN,1,0,100.0,0.0
2154,-2.3199999999999945,350,0.0,PREY_WIN,1,0,100.0,0.0
2155,-2.259999999999996,350,0.0,PREY_WIN,1,0,99.72999999999999,0.0
2156,-2.209999999999997,350,0.0,PREY_WIN,1,0,100.0,0.0
2157,-2.2699999999999956,350,0.0,PREY_WIN,1,0,100.0,0.0
2158,25.889999999999997,10,0.0,PREDATOR_WIN,0,1,0.0,100.0
2159,-2.479999999999991,350,0.0,PREY_WIN,1,0,100.0,0.0
2160,-2.209999999999997,350,0.0,PREY_WIN,1,0,100.0,0.0
2161,-2.1399999999999983,350,0.0,PREY_WIN,1,0,100.0,0.0
2162,-2.439999999999992,350,0.0,PREY_WIN,1,0,100.0,0.0
2163,-2.159999999999998,350,0.0,PREY_WIN,1,0,100.0,0.0
2164,-2.389999999999993,350,0.0,PREY_WIN,1,0,100.0,0.0
2165,-2.159999999999998,350,0.0,PREY_WIN,1,0,100.0,0.0
2166,-2.439999999999992,350,0.0,PREY_WIN,1,0,100.0,0.0
2167,-2.339999999999994,350,0.0,PREY_WIN,1,0,100.0,0.0
2168,-2.159999999999998,350,0.0,PREY_WIN,1,0,100.0,0.0
2169,-2.4199999999999924,350,0.0,PREY_WIN,1,0,100.0,0.0
2170,-2.259999999999996,350,0.0,PREY_WIN,1,0,100.0,0.0
2171,-3.00999999999998,350,0.0,PREY_WIN,1,0,100.0,0.0
2172,-2.759999999999985,350,0.0,PREY_WIN,1,0,100.0,0.0
2173,25.769999999999996,22,0.0,PREDATOR_WIN,0,1,0.0,100.0
2174,-3.4899999999999696,350,0.0,PREY_WIN,1,0,100.0,0.0
2175,23.700000000000003,229,0.0,PREDATOR_WIN,0,1,0.0,47.42000000000005
2176,-2.6399999999999877,350,0.0,PREY_WIN,1,0,100.0,0.0
2177,23.79,220,0.0,PREDATOR_WIN,0,1,0.0,49.7000000000004
2178,-2.809999999999984,350,0.0,PREY_WIN,1,0,100.0,0.0
2179,-3.189999999999976,350,0.0,PREY_WIN,1,0,100.0,0.0
2180,-2.909999999999982,350,0.0,PREY_WIN,1,0,99.72999999999999,0.0
2181,-2.0899999999999994,350,0.0,PREY_WIN,1,0,100.0,0.0
2182,25.149999999999995,84,0.0,PREDATOR_WIN,0,1,0.0,75.32000000000009
2183,24.989999999999988,73,0.0,PREDATOR_WIN,0,1,0.0,79.97000000000003
2184,-3.4999999999999694,350,0.0,PREY_WIN,1,1,100.0,7.6000000000003896
2185,25.77499999999999,8,0.0,PREDATOR_WIN,0,1,0.0,100.0
2186,-3.039999999999979,350,0.0,PREY_WIN,1,0,100.0,0.0
2187,-3.4999999999999694,350,0.0,PREY_WIN,1,1,100.0,13.89999999999999
2188,25.429999999999996,56,0.0,PREDATOR_WIN,0,1,0.0,90.67999999999986
2189,-2.4099999999999926,350,0.0,PREY_WIN,1,0,100.0,0.0
2190,-2.6599999999999873,350,0.0,PREY_WIN,1,0,100.0,0.0
2191,-2.199999999999997,350,0.0,PREY_WIN,1,0,100.0,0.0
2192,-2.199999999999997,350,0.0,PREY_WIN,1,0,100.0,0.0
2193,-2.209999999999997,350,0.0,PREY_WIN,1,0,100.0,0.0
2194,-2.259999999999996,350,0.0,PREY_WIN,1,0,100.0,0.0
2195,-2.1399999999999983,350,0.0,PREY_WIN,1,0,100.0,0.0
2196,-2.1899999999999973,350,0.0,PREY_WIN,1,0,100.0,0.0
2197,-2.3099999999999947,350,0.0,PREY_WIN,1,0,100.0,0.0
2198,-2.249999999999996,350,0.0,PREY_WIN,1,0,100.0,0.0
2199,23.040000000000017,295,0.0,PREDATOR_WIN,0,1,0.0,27.200000000000287
2200,-2.959999999999981,350,0.0,PREY_WIN,1,0,100.0,0.0
2201,23.889999999999997,210,0.0,PREDATOR_WIN,0,1,0.0,35.6000000000003
2202,-2.7899999999999845,350,0.0,PREY_WIN,1,0,100.0,0.0
2203,-3.1199999999999775,350,0.0,PREY_WIN,1,0,100.0,0.0
2204,-2.6399999999999877,350,0.0,PREY_WIN,1,0,100.0,0.0
2205,-2.159999999999998,350,0.0,PREY_WIN,1,0,100.0,0.0
2206,-2.1699999999999977,350,0.0,PREY_WIN,1,0,100.0,0.0
2207,-2.199999999999997,350,0.0,PREY_WIN,1,0,100.0,0.0
2208,-2.199999999999997,350,0.0,PREY_WIN,1,0,100.0,0.0
2209,-2.349999999999994,350,0.0,PREY_WIN,1,0,100.0,0.0
2210,-2.1899999999999973,350,0.0,PREY_WIN,1,0,100.0,0.0
2211,-2.209999999999997,350,0.0,PREY_WIN,1,0,100.0,0.0
2212,25.309999999999995,68,0.0,PREDATOR_WIN,0,1,0.0,82.63999999999999
2213,-2.3599999999999937,350,0.0,PREY_WIN,1,0,100.0,0.0
2214,-3.4999999999999694,350,0.0,PREY_WIN,1,1,100.0,2.5000000000000586
2215,-3.2999999999999736,350,0.0,PREY_WIN,1,0,100.0,0.0
2216,-3.0199999999999796,350,0.0,PREY_WIN,1,0,100.0,0.0
2217,-2.3299999999999943,350,0.0,PREY_WIN,1,0,100.0,0.0
2218,-2.1399999999999983,350,0.0,PREY_WIN,1,0,100.0,0.0
2219,-2.5599999999999894,350,0.0,PREY_WIN,1,0,100.0,0.0
2220,-2.259999999999996,350,0.0,PREY_WIN,1,0,100.0,0.0
2221,-2.289999999999995,350,0.0,PREY_WIN,1,0,100.0,0.0
2222,25.019999999999996,97,0.0,PREDATOR_WIN,0,1,0.0,86.05999999999977
2223,-2.389999999999993,350,0.0,PREY_WIN,1,0,100.0,0.0
2224,-2.4099999999999926,350,0.0,PREY_WIN,1,0,100.0,0.0
2225,-2.3599999999999937,350,0.0,PREY_WIN,1,0,100.0,0.0
2226,-2.239999999999996,350,0.0,PREY_WIN,1,0,100.0,0.0
2227,23.560000000000006,243,0.0,PREDATOR_WIN,0,1,0.0,25.94000000000012
2228,-2.6599999999999873,350,0.0,PREY_WIN,1,0,100.0,0.0
2229,-2.909999999999982,350,0.0,PREY_WIN,1,0,100.0,0.0
2230,-2.7399999999999856,350,0.0,PREY_WIN,1,0,100.0,0.0
2231,-2.99999999999998,350,0.0,PREY_WIN,1,0,100.0,0.0
2232,-2.3099999999999947,350,0.0,PREY_WIN,1,0,100.0,0.0
2233,-2.339999999999994,350,0.0,PREY_WIN,1,0,100.0,0.0
2234,-2.2299999999999964,350,0.0,PREY_WIN,1,0,100.0,0.0
2235,-2.259999999999996,350,0.0,PREY_WIN,1,0,100.0,0.0
2236,-2.1899999999999973,350,0.0,PREY_WIN,1,0,100.0,0.0
2237,-2.1799999999999975,350,0.0,PREY_WIN,1,0,100.0,0.0
2238,-2.1699999999999977,350,0.0,PREY_WIN,1,0,100.0,0.0
2239,-2.2799999999999954,350,0.0,PREY_WIN,1,0,100.0,0.0
2240,-2.289999999999995,350,0.0,PREY_WIN,1,0,100.0,0.0
2241,-2.2699999999999956,350,0.0,PREY_WIN,1,0,100.0,0.0
2242,-2.209999999999997,350,0.0,PREY_WIN,1,0,100.0,0.0
2243,25.929999999999996,6,0.0,PREDATOR_WIN,0,1,0.0,100.0
2244,24.689999999999998,130,0.0,PREDATOR_WIN,0,1,0.0,74.30000000000013
2245,23.580000000000005,241,0.0,PREDATOR_WIN,0,1,0.0,44.18000000000037
2246,-3.4999999999999694,350,0.0,PREY_WIN,1,1,100.0,14.499999999999742
2247,25.419999999999998,57,0.0,PREDATOR_WIN,0,1,0.0,92.35999999999984
2248,-3.4999999999999694,350,0.0,PREY_WIN,1,1,100.0,10.599999999999797
2249,-2.3099999999999947,350,0.0,PREY_WIN,1,0,100.0,0.0
2250,-2.239999999999996,350,0.0,PREY_WIN,1,0,100.0,0.0
2251,-2.769999999999985,350,0.0,PREY_WIN,1,0,100.0,0.0
2252,-2.99999999999998,350,0.0,PREY_WIN,1,0,100.0,0.0
2253,-3.379999999999972,350,0.0,PREY_WIN,1,0,100.0,0.0
2254,-3.2099999999999755,350,0.0,PREY_WIN,1,0,100.0,0.0
2255,-2.2699999999999956,350,0.0,PREY_WIN,1,0,100.0,0.0
2256,-2.209999999999997,350,0.0,PREY_WIN,1,0,100.0,0.0
2257,-2.2299999999999964,350,0.0,PREY_WIN,1,0,100.0,0.0
2258,-2.2299999999999964,350,0.0,PREY_WIN,1,0,100.0,0.0
2259,-2.239999999999996,350,0.0,PREY_WIN,1,0,100.0,0.0
2260,25.309999999999995,68,0.0,PREDATOR_WIN,0,1,0.0,84.13999999999994
2261,-3.379999999999972,350,0.0,PREY_WIN,1,0,100.0,0.0
2262,25.58,41,0.0,PREDATOR_WIN,0,1,0.0,93.07999999999993
2263,-2.7899999999999845,350,0.0,PREY_WIN,1,0,100.0,0.0
2264,-2.6999999999999864,350,0.0,PREY_WIN,1,0,100.0,0.0
2265,25.379999999999995,61,0.0,PREDATOR_WIN,0,1,0.0,84.67999999999998
2266,-3.4099999999999713,350,0.0,PREY_WIN,1,0,100.0,0.0
2267,-3.4999999999999694,350,0.0,PREY_WIN,1,1,100.0,6.399999999999635
2268,-3.00999999999998,350,0.0,PREY_WIN,1,0,100.0,0.0
2269,25.649999999999995,34,0.0,PREDATOR_WIN,0,1,0.0,96.01999999999994
2270,-2.6099999999999883,350,0.0,PREY_WIN,1,0,100.0,0.0
2271,-2.2799999999999954,350,0.0,PREY_WIN,1,0,100.0,0.0
2272,24.609999999999996,138,0.0,PREDATOR_WIN,0,1,0.0,65.84000000000006
2273,24.389999999999997,160,0.0,PREDATOR_WIN,0,1,0.0,45.500000000000256
2274,-3.4999999999999694,350,0.0,PREY_WIN,1,1,100.0,8.800000000000038
2275,-2.439999999999992,350,0.0,PREY_WIN,1,0,100.0,0.0
2276,-2.1799999999999975,350,0.0,PREY_WIN,1,0,100.0,0.0
2277,-2.709999999999986,350,0.0,PREY_WIN,1,0,100.0,0.0
2278,24.919999999999995,107,0.0,PREDATOR_WIN,0,1,0.0,69.86000000000013
2279,-3.279999999999974,350,0.0,PREY_WIN,1,0,100.0,0.0
2280,-3.1099999999999777,350,0.0,PREY_WIN,1,0,100.0,0.0
2281,-2.5899999999999888,350,0.0,PREY_WIN,1,0,100.0,0.0
2282,-2.3099999999999947,350,0.0,PREY_WIN,1,0,100.0,0.0
2283,-2.289999999999995,350,0.0,PREY_WIN,1,0,100.0,0.0
2284,-2.2699999999999956,350,0.0,PREY_WIN,1,0,100.0,0.0
2285,-2.3599999999999937,350,0.0,PREY_WIN,1,0,100.0,0.0
2286,-2.289999999999995,350,0.0,PREY_WIN,1,0,100.0,0.0
2287,-2.349999999999994,350,0.0,PREY_WIN,1,0,100.0,0.0
2288,-2.429999999999992,350,0.0,PREY_WIN,1,0,100.0,0.0
2289,25.959999999999997,3,0.0,PREDATOR_WIN,0,1,0.0,100.0
2290,-2.339999999999994,350,0.0,PREY_WIN,1,0,100.0,0.0
2291,-2.339999999999994,350,0.0,PREY_WIN,1,0,100.0,0.0
2292,-2.239999999999996,350,0.0,PREY_WIN,1,0,100.0,0.0
2293,-2.2699999999999956,350,0.0,PREY_WIN,1,0,100.0,0.0
2294,-2.2299999999999964,350,0.0,PREY_WIN,1,0,100.0,0.0
2295,-2.2799999999999954,350,0.0,PREY_WIN,1,0,100.0,0.0
2296,-2.3599999999999937,350,0.0,PREY_WIN,1,0,100.0,0.0
2297,-2.2299999999999964,350,0.0,PREY_WIN,1,0,100.0,0.0
2298,-2.299999999999995,350,0.0,PREY_WIN,1,0,100.0,0.0
2299,-2.289999999999995,350,0.0,PREY_WIN,1,0,100.0,0.0
2300,-2.1799999999999975,350,0.0,PREY_WIN,1,0,100.0,0.0
2301,-2.1399999999999983,350,0.0,PREY_WIN,1,0,100.0,0.0
2302,-2.259999999999996,350,0.0,PREY_WIN,1,0,100.0,0.0
2303,-2.1899999999999973,350,0.0,PREY_WIN,1,0,99.72999999999999,0.0
2304,-2.259999999999996,350,0.0,PREY_WIN,1,0,100.0,0.0
2305,-2.389999999999993,350,0.0,PREY_WIN,1,0,100.0,0.0
2306,-2.289999999999995,350,0.0,PREY_WIN,1,0,100.0,0.0
2307,-2.259999999999996,350,0.0,PREY_WIN,1,0,100.0,0.0
2308,-2.3099999999999947,350,0.0,PREY_WIN,1,0,100.0,0.0
2309,-2.2299999999999964,350,0.0,PREY_WIN,1,0,100.0,0.0
2310,-2.4599999999999915,350,0.0,PREY_WIN,1,0,100.0,0.0
2311,-2.159999999999998,350,0.0,PREY_WIN,1,0,100.0,0.0
2312,-2.3099999999999947,350,0.0,PREY_WIN,1,0,100.0,0.0
2313,-2.3599999999999937,350,0.0,PREY_WIN,1,0,100.0,0.0
2314,-2.239999999999996,350,0.0,PREY_WIN,1,0,100.0,0.0
2315,-2.1899999999999973,350,0.0,PREY_WIN,1,0,100.0,0.0
2316,25.389999999999997,60,0.0,PREDATOR_WIN,0,1,0.0,86.29999999999993
2317,-2.9199999999999817,350,0.0,PREY_WIN,1,0,100.0,0.0
2318,-2.3099999999999947,350,0.0,PREY_WIN,1,0,100.0,0.0
2319,-2.3099999999999947,350,0.0,PREY_WIN,1,0,100.0,0.0
2320,-2.3599999999999937,350,0.0,PREY_WIN,1,0,100.0,0.0
2321,-2.2699999999999956,350,0.0,PREY_WIN,1,0,100.0,0.0
2322,-2.3099999999999947,350,0.0,PREY_WIN,1,0,100.0,0.0
2323,-2.6399999999999877,350,0.0,PREY_WIN,1,0,100.0,0.0
2324,-2.3699999999999934,350,0.0,PREY_WIN,1,0,100.0,0.0
2325,-2.1899999999999973,350,0.0,PREY_WIN,1,0,100.0,0.0
2326,-2.209999999999997,350,0.0,PREY_WIN,1,0,100.0,0.0
2327,24.869999999999997,112,0.0,PREDATOR_WIN,0,1,0.0,66.56000000000019
2328,-2.479999999999991,350,0.0,PREY_WIN,1,0,100.0,0.0
2329,-3.4999999999999694,350,0.0,PREY_WIN,1,1,100.0,21.400000000000148
2330,-3.1699999999999764,350,0.0,PREY_WIN,1,0,100.0,0.0
2331,25.9,9,0.0,PREDATOR_WIN,0,1,0.0,100.0
2332,-2.5499999999999896,350,0.0,PREY_WIN,1,0,100.0,0.0
2333,-2.579999999999989,350,0.0,PREY_WIN,1,0,100.0,0.0
2334,-2.199999999999997,350,0.0,PREY_WIN,1,0,100.0,0.0
2335,-2.1399999999999983,350,0.0,PREY_WIN,1,0,100.0,0.0
2336,-2.949999999999981,350,0.0,PREY_WIN,1,0,100.0,0.0
2337,-2.909999999999982,350,0.0,PREY_WIN,1,0,100.0,0.0
2338,-2.159999999999998,350,0.0,PREY_WIN,1,0,100.0,0.0
2339,-2.289999999999995,350,0.0,PREY_WIN,1,0,100.0,0.0
2340,-2.239999999999996,350,0.0,PREY_WIN,1,0,100.0,0.0
2341,-2.1699999999999977,350,0.0,PREY_WIN,1,0,100.0,0.0
2342,-2.259999999999996,350,0.0,PREY_WIN,1,0,100.0,0.0
2343,-2.239999999999996,350,0.0,PREY_WIN,1,0,100.0,0.0
2344,-2.1799999999999975,350,0.0,PREY_WIN,1,0,100.0,0.0
2345,-2.1899999999999973,350,0.0,PREY_WIN,1,0,100.0,0.0
2346,-2.3299999999999943,350,0.0,PREY_WIN,1,0,100.0,0.0
2347,-2.489999999999991,350,0.0,PREY_WIN,1,0,100.0,0.0
2348,-2.289999999999995,350,0.0,PREY_WIN,1,0,100.0,0.0
2349,-2.339999999999994,350,0.0,PREY_WIN,1,0,100.0,0.0
2350,-2.259999999999996,350,0.0,PREY_WIN,1,0,100.0,0.0
2351,-2.259999999999996,350,0.0,PREY_WIN,1,0,100.0,0.0
2352,23.822499999999994,210,0.0,PREDATOR_WIN,0,1,0.0,27.432500000000243
2353,-2.959999999999981,350,0.0,PREY_WIN,1,0,100.0,0.0
2354,-2.9899999999999802,350,0.0,PREY_WIN,1,0,100.0,0.0
2355,-2.249999999999996,350,0.0,PREY_WIN,1,0,100.0,0.0
2356,-2.259999999999996,350,0.0,PREY_WIN,1,0,100.0,0.0
2357,-2.199999999999997,350,0.0,PREY_WIN,1,0,100.0,0.0
2358,-2.249999999999996,350,0.0,PREY_WIN,1,0,100.0,0.0
2359,-2.1899999999999973,350,0.0,PREY_WIN,1,0,100.0,0.0
2360,-2.209999999999997,350,0.0,PREY_WIN,1,0,100.0,0.0
2361,24.199999999999985,152,0.0,PREDATOR_WIN,0,1,0.0,51.590000000000266
2362,-2.199999999999997,350,0.0,PREY_WIN,1,0,100.0,0.0
2363,-2.9299999999999815,350,0.0,PREY_WIN,1,0,100.0,0.0
2364,23.744999999999994,211,0.0,PREDATOR_WIN,0,1,0.0,63.84499999999996
2365,-3.4499999999999704,350,0.0,PREY_WIN,1,0,100.0,0.0
2366,-3.4999999999999694,350,0.0,PREY_WIN,1,1,100.0,6.699999999999874
2367,22.962500000000013,296,0.0,PREDATOR_WIN,0,1,0.0,39.91250000000043
2368,-3.4999999999999694,350,0.0,PREY_WIN,1,1,100.0,2.200000000000334
2369,-3.0699999999999785,350,0.0,PREY_WIN,1,0,100.0,0.0
2370,-2.809999999999984,350,0.0,PREY_WIN,1,0,100.0,0.0
2371,-2.7899999999999845,350,0.0,PREY_WIN,1,0,100.0,0.0
2372,-2.149999999999998,350,0.0,PREY_WIN,1,0,100.0,0.0
2373,-2.3299999999999943,350,0.0,PREY_WIN,1,0,100.0,0.0
2374,-2.289999999999995,350,0.0,PREY_WIN,1,0,100.0,0.0
2375,-2.1799999999999975,350,0.0,PREY_WIN,1,0,100.0,0.0
2376,-2.349999999999994,350,0.0,PREY_WIN,1,0,100.0,0.0
2377,-2.209999999999997,350,0.0,PREY_WIN,1,0,100.0,0.0
2378,-2.199999999999997,350,0.0,PREY_WIN,1,0,100.0,0.0
2379,-2.259999999999996,350,0.0,PREY_WIN,1,0,100.0,0.0
2380,24.619999999999997,137,0.0,PREDATOR_WIN,0,1,0.0,55.7600000000003
2381,-2.8799999999999826,350,0.0,PREY_WIN,1,0,100.0,0.0
2382,24.019999999999996,197,0.0,PREDATOR_WIN,0,1,0.0,49.46000000000018
2383,-3.4999999999999694,350,0.0,PREY_WIN,1,1,100.0,4.300000000000058
2384,-3.4999999999999694,350,0.0,PREY_WIN,1,1,100.0,10.300000000000063
2385,-2.389999999999993,350,0.0,PREY_WIN,1,0,100.0,0.0
2386,-2.239999999999996,350,0.0,PREY_WIN,1,0,100.0,0.0
2387,-2.479999999999991,350,0.0,PREY_WIN,1,0,100.0,0.0
2388,-2.429999999999992,350,0.0,PREY_WIN,1,0,100.0,0.0
2389,-2.1799999999999975,350,0.0,PREY_WIN,1,0,100.0,0.0
2390,-2.3599999999999937,350,0.0,PREY_WIN,1,0,100.0,0.0
2391,-2.199999999999997,350,0.0,PREY_WIN,1,0,100.0,0.0
2392,-2.209999999999997,350,0.0,PREY_WIN,1,0,100.0,0.0
2393,23.83,216,0.0,PREDATOR_WIN,0,1,0.0,47.48000000000035
2394,-3.319999999999973,350,0.0,PREY_WIN,1,0,100.0,0.0
2395,-2.8899999999999824,350,0.0,PREY_WIN,1,0,100.0,0.0
2396,25.929999999999996,6,0.0,PREDATOR_WIN,0,1,0.0,100.0
2397,-3.4999999999999694,350,0.0,PREY_WIN,1,1,100.0,10.300000000000137
2398,-2.289999999999995,350,0.0,PREY_WIN,1,0,100.0,0.0
2399,-2.1899999999999973,350,0.0,PREY_WIN,1,0,100.0,0.0
2400,-2.2299999999999964,350,0.0,PREY_WIN,1,0,100.0,0.0
2401,-2.259999999999996,350,0.0,PREY_WIN,1,0,100.0,0.0
2402,-2.5599999999999894,350,0.0,PREY_WIN,1,0,100.0,0.0
2403,-2.1899999999999973,350,0.0,PREY_WIN,1,0,100.0,0.0
2404,-2.209999999999997,350,0.0,PREY_WIN,1,0,100.0,0.0
2405,-2.6399999999999877,350,0.0,PREY_WIN,1,0,100.0,0.0
2406,-2.6599999999999873,350,0.0,PREY_WIN,1,0,100.0,0.0
2407,-2.5999999999999885,350,0.0,PREY_WIN,1,0,100.0,0.0
2408,-2.389999999999993,350,0.0,PREY_WIN,1,0,100.0,0.0
2409,25.979999999999997,1,0.0,PREDATOR_WIN,0,1,0.0,100.0
2410,-2.159999999999998,350,0.0,PREY_WIN,1,0,100.0,0.0
2411,-2.209999999999997,350,0.0,PREY_WIN,1,0,100.0,0.0
2412,-2.259999999999996,350,0.0,PREY_WIN,1,0,100.0,0.0
2413,-2.239999999999996,350,0.0,PREY_WIN,1,0,100.0,0.0
2414,25.33,66,0.0,PREDATOR_WIN,0,1,0.0,83.77999999999997
2415,-2.299999999999995,350,0.0,PREY_WIN,1,0,100.0,0.0
2416,-2.569999999999989,350,0.0,PREY_WIN,1,0,100.0,0.0
2417,25.939999999999998,5,0.0,PREDATOR_WIN,0,1,0.0,100.0
2418,-2.109999999999999,350,0.0,PREY_WIN,1,0,100.0,0.0
2419,-2.249999999999996,350,0.0,PREY_WIN,1,0,100.0,0.0
2420,-2.1899999999999973,350,0.0,PREY_WIN,1,0,100.0,0.0
2421,-2.1699999999999977,350,0.0,PREY_WIN,1,0,100.0,0.0
2422,-2.1399999999999983,350,0.0,PREY_WIN,1,0,100.0,0.0
2423,-2.2799999999999954,350,0.0,PREY_WIN,1,0,100.0,0.0
2424,-2.4599999999999915,350,0.0,PREY_WIN,1,0,100.0,0.0
2425,-2.149999999999998,350,0.0,PREY_WIN,1,0,100.0,0.0
2426,-2.159999999999998,350,0.0,PREY_WIN,1,0,100.0,0.0
2427,-2.209999999999997,350,0.0,PREY_WIN,1,0,100.0,0.0
2428,25.339999999999996,65,0.0,PREDATOR_WIN,0,1,0.0,84.49999999999996
2429,-3.179999999999976,350,0.0,PREY_WIN,1,0,100.0,0.0
2430,25.929999999999996,6,0.0,PREDATOR_WIN,0,1,0.0,100.0
2431,-3.4399999999999706,350,0.0,PREY_WIN,1,0,100.0,0.0
2432,-2.819999999999984,350,0.0,PREY_WIN,1,0,100.0,0.0
2433,-2.439999999999992,350,0.0,PREY_WIN,1,0,100.0,0.0
2434,25.359999999999996,63,0.0,PREDATOR_WIN,0,1,0.0,85.03999999999996
2435,-3.4999999999999694,350,0.0,PREY_WIN,1,1,100.0,7.299999999999613
2436,-2.52999999999999,350,0.0,PREY_WIN,1,0,100.0,0.0
2437,25.74,25,0.0,PREDATOR_WIN,0,1,0.0,100.0
2438,-2.5099999999999905,350,0.0,PREY_WIN,1,0,100.0,0.0
2439,-2.439999999999992,350,0.0,PREY_WIN,1,0,100.0,0.0
2440,-2.9899999999999802,350,0.0,PREY_WIN,1,0,100.0,0.0
2441,24.879999999999995,111,0.0,PREDATOR_WIN,0,1,0.0,71.78000000000003
2442,-2.759999999999985,350,0.0,PREY_WIN,1,0,100.0,0.0
2443,-2.5899999999999888,350,0.0,PREY_WIN,1,0,100.0,0.0
2444,-3.239999999999975,350,0.0,PREY_WIN,1,0,100.0,0.0
2445,-2.159999999999998,350,0.0,PREY_WIN,1,0,100.0,0.0
2446,-2.299999999999995,350,0.0,PREY_WIN,1,0,100.0,0.0
2447,24.70749999999999,108,0.0,PREDATOR_WIN,0,1,0.0,80.33749999999989
2448,-2.7299999999999858,350,0.0,PREY_WIN,1,0,100.0,0.0
2449,-2.6999999999999864,350,0.0,PREY_WIN,1,0,100.0,0.0
2450,-2.619999999999988,350,0.0,PREY_WIN,1,0,100.0,0.0
2451,-2.109999999999999,350,0.0,PREY_WIN,1,0,100.0,0.0
2452,-2.1399999999999983,350,0.0,PREY_WIN,1,0,100.0,0.0
2453,-2.3799999999999932,350,0.0,PREY_WIN,1,0,100.0,0.0
2454,-2.3599999999999937,350,0.0,PREY_WIN,1,0,100.0,0.0
2455,-2.299999999999995,350,0.0,PREY_WIN,1,0,100.0,0.0
2456,-2.3299999999999943,350,0.0,PREY_WIN,1,0,100.0,0.0
2457,-2.2199999999999966,350,0.0,PREY_WIN,1,0,100.0,0.0
2458,-2.239999999999996,350,0.0,PREY_WIN,1,0,100.0,0.0
2459,-2.339999999999994,350,0.0,PREY_WIN,1,0,100.0,0.0
2460,-2.1799999999999975,350,0.0,PREY_WIN,1,0,100.0,0.0
2461,-2.2299999999999964,350,0.0,PREY_WIN,1,0,100.0,0.0
2462,-2.1799999999999975,350,0.0,PREY_WIN,1,0,100.0,0.0
2463,-2.3599999999999937,350,0.0,PREY_WIN,1,0,100.0,0.0
2464,-2.399999999999993,350,0.0,PREY_WIN,1,0,100.0,0.0
2465,-2.3099999999999947,350,0.0,PREY_WIN,1,0,100.0,0.0
2466,-2.259999999999996,350,0.0,PREY_WIN,1,0,100.0,0.0
2467,-2.2699999999999956,350,0.0,PREY_WIN,1,0,100.0,0.0
2468,-2.149999999999998,350,0.0,PREY_WIN,1,0,100.0,0.0
2469,24.779999999999998,121,0.0,PREDATOR_WIN,0,1,0.0,63.68000000000022
2470,24.549999999999997,144,0.0,PREDATOR_WIN,0,1,0.0,69.02000000000022
2471,24.819999999999997,117,0.0,PREDATOR_WIN,0,1,0.0,69.26000000000019
2472,23.71,228,0.0,PREDATOR_WIN,0,1,0.0,64.34000000000032
2473,-3.4999999999999694,350,0.0,PREY_WIN,1,1,100.0,10.899999999999993
2474,-3.2199999999999753,350,0.0,PREY_WIN,1,0,100.0,0.0
2475,-2.6899999999999866,350,0.0,PREY_WIN,1,0,100.0,0.0
2476,24.129999999999995,186,0.0,PREDATOR_WIN,0,1,0.0,69.98000000000002
2477,-2.5499999999999896,350,0.0,PREY_WIN,1,0,100.0,0.0
2478,23.080000000000016,291,0.0,PREDATOR_WIN,0,1,0.0,44.179999999999986
2479,-3.00999999999998,350,0.0,PREY_WIN,1,0,100.0,0.0
2480,-2.6399999999999877,350,0.0,PREY_WIN,1,0,100.0,0.0
2481,23.969999999999995,202,0.0,PREDATOR_WIN,0,1,0.0,52.76000000000027
2482,25.459999999999997,53,0.0,PREDATOR_WIN,0,1,0.0,88.03999999999994
2483,-2.7299999999999858,350,0.0,PREY_WIN,1,0,100.0,0.0
2484,-2.759999999999985,350,0.0,PREY_WIN,1,0,100.0,0.0
2485,-2.5899999999999888,350,0.0,PREY_WIN,1,0,100.0,0.0
2486,-2.3799999999999932,350,0.0,PREY_WIN,1,0,100.0,0.0
2487,25.859999999999996,13,0.0,PREDATOR_WIN,0,1,0.0,100.0
2488,-2.199999999999997,350,0.0,PREY_WIN,1,0,100.0,0.0
2489,-2.299999999999995,350,0.0,PREY_WIN,1,0,100.0,0.0
2490,-2.569999999999989,350,0.0,PREY_WIN,1,0,100.0,0.0
2491,-2.4999999999999907,350,0.0,PREY_WIN,1,0,100.0,0.0
2492,25.969999999999995,2,0.0,PREDATOR_WIN,0,1,0.0,100.0
2493,-2.339999999999994,350,0.0,PREY_WIN,1,0,100.0,0.0
2494,-2.1799999999999975,350,0.0,PREY_WIN,1,0,100.0,0.0
2495,-2.149999999999998,350,0.0,PREY_WIN,1,0,100.0,0.0
2496,-2.1799999999999975,350,0.0,PREY_WIN,1,0,100.0,0.0
2497,-2.2699999999999956,350,0.0,PREY_WIN,1,0,100.0,0.0
2498,-2.289999999999995,350,0.0,PREY_WIN,1,0,100.0,0.0
2499,25.959999999999997,3,0.0,PREDATOR_WIN,0,1,0.0,100.0
2500,25.929999999999996,6,0.0,PREDATOR_WIN,0,1,0.0,100.0
2501,-2.2199999999999966,350,0.0,PREY_WIN,1,0,100.0,0.0
2502,-2.429999999999992,350,0.0,PREY_WIN,1,0,100.0,0.0
2503,-2.489999999999991,350,0.0,PREY_WIN,1,0,100.0,0.0
2504,-2.339999999999994,350,0.0,PREY_WIN,1,0,100.0,0.0
2505,-2.239999999999996,350,0.0,PREY_WIN,1,0,100.0,0.0
2506,-2.1399999999999983,350,0.0,PREY_WIN,1,0,100.0,0.0
2507,24.289999999999996,170,0.0,PREDATOR_WIN,0,1,0.0,44.00000000000027
2508,-3.3899999999999717,350,0.0,PREY_WIN,1,0,100.0,0.0
2509,-3.2099999999999755,350,0.0,PREY_WIN,1,0,100.0,0.0
2510,-2.849999999999983,350,0.0,PREY_WIN,1,0,100.0,0.0
2511,-2.429999999999992,350,0.0,PREY_WIN,1,0,100.0,0.0
2512,-2.3299999999999943,350,0.0,PREY_WIN,1,0,100.0,0.0
2513,-2.4999999999999907,350,0.0,PREY_WIN,1,0,100.0,0.0
2514,-2.389999999999993,350,0.0,PREY_WIN,1,0,100.0,0.0
2515,-2.259999999999996,350,0.0,PREY_WIN,1,0,100.0,0.0
2516,-2.159999999999998,350,0.0,PREY_WIN,1,0,100.0,0.0
2517,-2.1899999999999973,350,0.0,PREY_WIN,1,0,100.0,0.0
2518,-2.199999999999997,350,0.0,PREY_WIN,1,0,100.0,0.0
2519,-2.4199999999999924,350,0.0,PREY_WIN,1,0,100.0,0.0
2520,25.459999999999997,53,0.0,PREDATOR_WIN,0,1,0.0,88.6399999999999
2521,-2.8799999999999826,350,0.0,PREY_WIN,1,0,100.0,0.0
2522,-3.1699999999999764,350,0.0,PREY_WIN,1,0,100.0,0.0
2523,-2.9899999999999802,350,0.0,PREY_WIN,1,0,100.0,0.0
2524,-2.4199999999999924,350,0.0,PREY_WIN,1,0,100.0,0.0
2525,-2.239999999999996,350,0.0,PREY_WIN,1,0,100.0,0.0
2526,-2.6099999999999883,350,0.0,PREY_WIN,1,0,100.0,0.0
2527,-2.249999999999996,350,0.0,PREY_WIN,1,0,100.0,0.0
2528,-2.2699999999999956,350,0.0,PREY_WIN,1,0,100.0,0.0
2529,-2.289999999999995,350,0.0,PREY_WIN,1,0,100.0,0.0
2530,-2.3099999999999947,350,0.0,PREY_WIN,1,0,100.0,0.0
2531,-2.3099999999999947,350,0.0,PREY_WIN,1,0,100.0,0.0
2532,-2.199999999999997,350,0.0,PREY_WIN,1,0,100.0,0.0
2533,-2.249999999999996,350,0.0,PREY_WIN,1,0,100.0,0.0
2534,-2.249999999999996,350,0.0,PREY_WIN,1,0,100.0,0.0
2535,-2.2199999999999966,350,0.0,PREY_WIN,1,0,100.0,0.0
2536,-2.259999999999996,350,0.0,PREY_WIN,1,0,100.0,0.0
2537,-2.239999999999996,350,0.0,PREY_WIN,1,0,100.0,0.0
2538,-2.1699999999999977,350,0.0,PREY_WIN,1,0,100.0,0.0
2539,-2.259999999999996,350,0.0,PREY_WIN,1,0,100.0,0.0
2540,-2.1899999999999973,350,0.0,PREY_WIN,1,0,100.0,0.0
2541,25.609999999999996,38,0.0,PREDATOR_WIN,0,1,0.0,95.53999999999992
2542,-3.2999999999999736,350,0.0,PREY_WIN,1,0,100.0,0.0
2543,-2.629999999999988,350,0.0,PREY_WIN,1,0,100.0,0.0
2544,-2.2299999999999964,350,0.0,PREY_WIN,1,0,100.0,0.0
2545,-2.2699999999999956,350,0.0,PREY_WIN,1,0,100.0,0.0
2546,-2.2199999999999966,350,0.0,PREY_WIN,1,0,100.0,0.0
2547,-2.159999999999998,350,0.0,PREY_WIN,1,0,100.0,0.0
2548,25.784999999999993,7,0.0,PREDATOR_WIN,0,1,0.0,100.0
2549,-2.159999999999998,350,0.0,PREY_WIN,1,0,100.0,0.0
2550,-2.439999999999992,350,0.0,PREY_WIN,1,0,100.0,0.0
2551,-2.2199999999999966,350,0.0,PREY_WIN,1,0,100.0,0.0
2552,-2.809999999999984,350,0.0,PREY_WIN,1,0,100.0,0.0
2553,-2.3299999999999943,350,0.0,PREY_WIN,1,0,100.0,0.0
2554,-2.1399999999999983,350,0.0,PREY_WIN,1,0,100.0,0.0
2555,-2.1699999999999977,350,0.0,PREY_WIN,1,0,100.0,0.0
2556,-2.209999999999997,350,0.0,PREY_WIN,1,0,100.0,0.0
2557,-2.2199999999999966,350,0.0,PREY_WIN,1,0,100.0,0.0
2558,-2.239999999999996,350,0.0,PREY_WIN,1,0,100.0,0.0
2559,-2.1899999999999973,350,0.0,PREY_WIN,1,0,100.0,0.0
2560,-2.259999999999996,350,0.0,PREY_WIN,1,0,100.0,0.0
2561,-2.1899999999999973,350,0.0,PREY_WIN,1,0,100.0,0.0
2562,25.849999999999998,14,0.0,PREDATOR_WIN,0,1,0.0,100.0
2563,-2.429999999999992,350,0.0,PREY_WIN,1,0,100.0,0.0
2564,-2.1799999999999975,350,0.0,PREY_WIN,1,0,100.0,0.0
2565,-2.4099999999999926,350,0.0,PREY_WIN,1,0,100.0,0.0
2566,-2.239999999999996,350,0.0,PREY_WIN,1,0,100.0,0.0
2567,-2.5899999999999888,350,0.0,PREY_WIN,1,0,100.0,0.0
2568,-2.209999999999997,350,0.0,PREY_WIN,1,0,100.0,0.0
2569,-2.239999999999996,350,0.0,PREY_WIN,1,0,100.0,0.0
2570,-2.1899999999999973,350,0.0,PREY_WIN,1,0,100.0,0.0
2571,24.189999999999976,126,0.0,PREDATOR_WIN,0,1,0.0,63.74000000000019
2572,-3.1099999999999777,350,0.0,PREY_WIN,1,0,100.0,0.0
2573,-2.9199999999999817,350,0.0,PREY_WIN,1,0,100.0,0.0
2574,-2.629999999999988,350,0.0,PREY_WIN,1,0,100.0,0.0
2575,25.574999999999992,28,0.0,PREDATOR_WIN,0,1,0.0,98.70499999999994
2576,24.472499999999993,145,0.0,PREDATOR_WIN,0,1,0.0,76.3324999999999
2577,-3.3399999999999728,350,0.0,PREY_WIN,1,0,100.0,0.0
2578,-3.2199999999999753,350,0.0,PREY_WIN,1,0,100.0,0.0
2579,-2.909999999999982,350,0.0,PREY_WIN,1,0,100.0,0.0
2580,-2.5499999999999896,350,0.0,PREY_WIN,1,0,100.0,0.0
2581,-2.4999999999999907,350,0.0,PREY_WIN,1,0,100.0,0.0
2582,-2.439999999999992,350,0.0,PREY_WIN,1,0,100.0,0.0
2583,-2.159999999999998,350,0.0,PREY_WIN,1,0,100.0,0.0
2584,-2.3599999999999937,350,0.0,PREY_WIN,1,0,100.0,0.0
2585,-2.209999999999997,350,0.0,PREY_WIN,1,0,100.0,0.0
2586,24.18499999999999,167,0.0,PREDATOR_WIN,0,1,0.0,43.625000000000256
2587,-2.679999999999987,350,0.0,PREY_WIN,1,0,100.0,0.0
2588,-2.159999999999998,350,0.0,PREY_WIN,1,0,100.0,0.0
2589,25.36499999999999,49,0.0,PREDATOR_WIN,0,1,0.0,90.4849999999999
2590,-3.4999999999999694,350,0.0,PREY_WIN,1,1,100.0,19.299999999999788
2591,-3.4999999999999694,350,0.0,PREY_WIN,1,1,100.0,12.10000000000017
2592,-3.4999999999999694,350,0.0,PREY_WIN,1,1,100.0,18.700000000000134
2593,-3.4999999999999694,350,0.0,PREY_WIN,1,1,100.0,3.1000000000000583
2594,-2.8299999999999836,350,0.0,PREY_WIN,1,0,100.0,0.0
2595,-2.489999999999991,350,0.0,PREY_WIN,1,0,100.0,0.0
2596,-2.1899999999999973,350,0.0,PREY_WIN,1,0,100.0,0.0
2597,25.452499999999993,47,0.0,PREDATOR_WIN,0,1,0.0,91.9924999999999
2598,-3.0699999999999785,350,0.0,PREY_WIN,1,0,100.0,0.0
2599,-2.959999999999981,350,0.0,PREY_WIN,1,0,100.0,0.0
2600,-3.089999999999978,350,0.0,PREY_WIN,1,0,100.0,0.0
2601,24.702499999999993,122,0.0,PREDATOR_WIN,0,1,0.0,67.99250000000008
2602,-2.99999999999998,350,0.0,PREY_WIN,1,0,100.0,0.0
2603,25.804999999999993,5,0.0,PREDATOR_WIN,0,1,0.0,100.0
2604,-3.4999999999999694,350,0.0,PREY_WIN,1,1,100.0,31.30000000000011
2605,25.72749999999999,6,0.0,PREDATOR_WIN,0,1,0.0,100.0
2606,-2.869999999999983,350,0.0,PREY_WIN,1,0,100.0,0.0
2607,25.73749999999999,5,0.0,PREDATOR_WIN,0,1,0.0,100.0
2608,-2.149999999999998,350,0.0,PREY_WIN,1,0,100.0,0.0
2609,-2.1799999999999975,350,0.0,PREY_WIN,1,0,100.0,0.0
2610,-2.4099999999999926,350,0.0,PREY_WIN,1,0,100.0,0.0
2611,-2.159999999999998,350,0.0,PREY_WIN,1,0,100.0,0.0
2612,-2.339999999999994,350,0.0,PREY_WIN,1,0,100.0,0.0
2613,-2.1899999999999973,350,0.0,PREY_WIN,1,0,100.0,0.0
2614,-2.6599999999999873,350,0.0,PREY_WIN,1,0,100.0,0.0
2615,-2.1699999999999977,350,0.0,PREY_WIN,1,0,100.0,0.0
2616,-2.1299999999999986,350,0.0,PREY_WIN,1,0,100.0,0.0
2617,-2.2299999999999964,350,0.0,PREY_WIN,1,0,100.0,0.0
2618,-2.3099999999999947,350,0.0,PREY_WIN,1,0,100.0,0.0
2619,-2.2699999999999956,350,0.0,PREY_WIN,1,0,100.0,0.0
2620,-2.4099999999999926,350,0.0,PREY_WIN,1,0,100.0,0.0
2621,24.662499999999994,126,0.0,PREDATOR_WIN,0,1,0.0,65.41250000000021
2622,25.29499999999999,56,0.0,PREDATOR_WIN,0,1,0.0,88.1449999999999
2623,-3.4999999999999694,350,0.0,PREY_WIN,1,1,100.0,17.80000000000031
2624,-3.4999999999999694,350,0.0,PREY_WIN,1,1,100.0,21.400000000000023
2625,-2.899999999999982,350,0.0,PREY_WIN,1,0,100.0,0.0
2626,-2.6099999999999883,350,0.0,PREY_WIN,1,0,100.0,0.0
2627,25.67499999999999,18,0.0,PREDATOR_WIN,0,1,0.0,100.0
2628,-3.4099999999999713,350,0.0,PREY_WIN,1,0,96.39999999999986,0.0
2629,23.6725,225,0.0,PREDATOR_WIN,0,1,0.0,47.23250000000006
2630,25.65499999999999,20,0.0,PREDATOR_WIN,0,1,0.0,100.0
2631,23.285000000000004,257,0.0,PREDATOR_WIN,0,1,0.0,56.224999999999795
2632,-3.4999999999999694,350,0.0,PREY_WIN,1,1,100.0,8.200000000000324
2633,-3.149999999999977,350,0.0,PREY_WIN,1,0,100.0,0.0
2634,-3.149999999999977,350,0.0,PREY_WIN,1,0,100.0,0.0
2635,-3.4999999999999694,350,0.0,PREY_WIN,1,1,100.0,8.200000000000355
2636,-3.00999999999998,350,0.0,PREY_WIN,1,0,100.0,0.0
2637,25.17499999999999,68,0.0,PREDATOR_WIN,0,1,0.0,88.80499999999981
2638,-3.4999999999999694,350,0.0,PREY_WIN,1,1,100.0,4.59999999999989
2639,24.682499999999994,124,0.0,PREDATOR_WIN,0,1,0.0,62.652500000000266
2640,23.002499999999994,259,0.0,PREDATOR_WIN,0,1,0.0,41.02250000000025
2641,-3.4999999999999694,350,0.0,PREY_WIN,1,1,100.0,23.200000000000465
2642,-3.4999999999999694,350,0.0,PREY_WIN,1,1,100.0,25.30000000000016
2643,25.804999999999993,5,0.0,PREDATOR_WIN,0,1,0.0,100.0
2644,24.702499999999993,122,0.0,PREDATOR_WIN,0,1,0.0,72.49249999999995
2645,-2.959999999999981,350,0.0,PREY_WIN,1,0,100.0,0.0
2646,-3.3899999999999717,350,0.0,PREY_WIN,1,0,100.0,0.0
2647,-2.5199999999999902,350,0.0,PREY_WIN,1,0,100.0,0.0
2648,-2.349999999999994,350,0.0,PREY_WIN,1,0,100.0,0.0
2649,-2.1799999999999975,350,0.0,PREY_WIN,1,0,100.0,0.0
2650,-2.209999999999997,350,0.0,PREY_WIN,1,0,100.0,0.0
2651,-2.4999999999999907,350,0.0,PREY_WIN,1,0,100.0,0.0
2652,-2.1899999999999973,350,0.0,PREY_WIN,1,0,100.0,0.0
2653,-2.489999999999991,350,0.0,PREY_WIN,1,0,100.0,0.0
2654,-2.4099999999999926,350,0.0,PREY_WIN,1,0,100.0,0.0
2655,-2.2199999999999966,350,0.0,PREY_WIN,1,0,100.0,0.0
2656,25.414999999999992,44,0.0,PREDATOR_WIN,0,1,0.0,92.28499999999991
2657,-3.289999999999974,350,0.0,PREY_WIN,1,0,100.0,0.0
2658,-3.239999999999975,350,0.0,PREY_WIN,1,0,100.0,0.0
2659,-2.53999999999999,350,0.0,PREY_WIN,1,0,100.0,0.0
2660,-2.5999999999999885,350,0.0,PREY_WIN,1,0,100.0,0.0
2661,-2.53999999999999,350,0.0,PREY_WIN,1,0,100.0,0.0
2662,-2.3699999999999934,350,0.0,PREY_WIN,1,0,100.0,0.0
2663,-2.2799999999999954,350,0.0,PREY_WIN,1,0,100.0,0.0
2664,-2.489999999999991,350,0.0,PREY_WIN,1,0,100.0,0.0
2665,-2.149999999999998,350,0.0,PREY_WIN,1,0,100.0,0.0
2666,-2.289999999999995,350,0.0,PREY_WIN,1,0,100.0,0.0
2667,-2.209999999999997,350,0.0,PREY_WIN,1,0,100.0,0.0
2668,-2.1899999999999973,350,0.0,PREY_WIN,1,0,100.0,0.0
2669,-2.1899999999999973,350,0.0,PREY_WIN,1,0,100.0,0.0
2670,25.824999999999992,3,0.0,PREDATOR_WIN,0,1,0.0,100.0
2671,-2.1799999999999975,350,0.0,PREY_WIN,1,0,100.0,0.0
2672,-2.159999999999998,350,0.0,PREY_WIN,1,0,100.0,0.0
2673,-2.259999999999996,350,0.0,PREY_WIN,1,0,100.0,0.0
2674,-2.209999999999997,350,0.0,PREY_WIN,1,0,100.0,0.0
2675,-2.199999999999997,350,0.0,PREY_WIN,1,0,100.0,0.0
2676,21.674999999999912,208,0.0,PREDATOR_WIN,0,1,0.0,28.205000000000137
2677,-2.289999999999995,350,0.0,PREY_WIN,1,0,100.0,0.0
2678,-3.4999999999999694,350,0.0,PREY_WIN,1,1,100.0,13.300000000000312
2679,-3.099999999999978,350,0.0,PREY_WIN,1,0,100.0,0.0
2680,-2.2299999999999964,350,0.0,PREY_WIN,1,0,100.0,0.0
2681,-2.339999999999994,350,0.0,PREY_WIN,1,0,100.0,0.0
2682,-2.53999999999999,350,0.0,PREY_WIN,1,0,100.0,0.0
2683,-2.8899999999999824,350,0.0,PREY_WIN,1,0,100.0,0.0
2684,-2.349999999999994,350,0.0,PREY_WIN,1,0,100.0,0.0
2685,-2.2299999999999964,350,0.0,PREY_WIN,1,0,100.0,0.0
2686,25.939999999999994,2,0.0,PREDATOR_WIN,0,1,0.0,100.0
2687,-2.2699999999999956,350,0.0,PREY_WIN,1,0,100.0,0.0
2688,-2.1799999999999975,350,0.0,PREY_WIN,1,0,100.0,0.0
2689,24.752499999999994,117,0.0,PREDATOR_WIN,0,1,0.0,69.79250000000008
2690,-2.5499999999999896,350,0.0,PREY_WIN,1,0,100.0,0.0
2691,-3.419999999999971,350,0.0,PREY_WIN,1,0,100.0,0.0
2692,-2.809999999999984,350,0.0,PREY_WIN,1,0,100.0,0.0
2693,-2.1899999999999973,350,0.0,PREY_WIN,1,0,100.0,0.0
2694,-2.149999999999998,350,0.0,PREY_WIN,1,0,100.0,0.0
2695,-2.3799999999999932,350,0.0,PREY_WIN,1,0,100.0,0.0
2696,-2.209999999999997,350,0.0,PREY_WIN,1,0,100.0,0.0
2697,-2.1199999999999988,350,0.0,PREY_WIN,1,0,100.0,0.0
2698,25.792499999999993,13,0.0,PREDATOR_WIN,0,1,0.0,100.0
2699,-2.4099999999999926,350,0.0,PREY_WIN,1,0,100.0,0.0
2700,-2.149999999999998,350,0.0,PREY_WIN,1,0,100.0,0.0
2701,-2.289999999999995,350,0.0,PREY_WIN,1,0,100.0,0.0
2702,-2.289999999999995,350,0.0,PREY_WIN,1,0,100.0,0.0
2703,-2.709999999999986,350,0.0,PREY_WIN,1,0,100.0,0.0
2704,-2.2299999999999964,350,0.0,PREY_WIN,1,0,100.0,0.0
2705,-2.3599999999999937,350,0.0,PREY_WIN,1,0,100.0,0.0
2706,-2.2799999999999954,350,0.0,PREY_WIN,1,0,100.0,0.0
2707,-3.4999999999999694,350,0.0,PREY_WIN,1,1,100.0,4.300000000000282
2708,-2.6599999999999873,350,0.0,PREY_WIN,1,0,100.0,0.0
2709,-2.6099999999999883,350,0.0,PREY_WIN,1,0,100.0,0.0
2710,-2.399999999999993,350,0.0,PREY_WIN,1,0,100.0,0.0
2711,25.38499999999999,47,0.0,PREDATOR_WIN,0,1,0.0,94.32499999999987
2712,-3.4999999999999694,350,0.0,PREY_WIN,1,1,100.0,4.599999999999636
2713,-3.0799999999999783,350,0.0,PREY_WIN,1,0,100.0,0.0
2714,-2.4099999999999926,350,0.0,PREY_WIN,1,0,100.0,0.0
2715,-3.0599999999999787,350,0.0,PREY_WIN,1,0,100.0,0.0
2716,25.374999999999993,48,0.0,PREDATOR_WIN,0,1,0.0,90.6049999999999
2717,-3.2099999999999755,350,0.0,PREY_WIN,1,0,100.0,0.0
2718,-3.3399999999999728,350,0.0,PREY_WIN,1,0,100.0,0.0
2719,25.662499999999994,26,0.0,PREDATOR_WIN,0,1,0.0,99.31249999999994
2720,-3.4999999999999694,350,0.0,PREY_WIN,1,1,100.0,5.199999999999653
2721,-2.7899999999999845,350,0.0,PREY_WIN,1,0,100.0,0.0
2722,-2.289999999999995,350,0.0,PREY_WIN,1,0,100.0,0.0
2723,25.022499999999994,90,0.0,PREDATOR_WIN,0,1,0.0,74.83250000000008
2724,-3.229999999999975,350,0.0,PREY_WIN,1,0,100.0,0.0
2725,-3.4999999999999694,350,0.0,PREY_WIN,1,1,100.0,19.00000000000005
2726,24.812499999999993,111,0.0,PREDATOR_WIN,0,1,0.0,81.61249999999977
2727,-3.2599999999999745,350,0.0,PREY_WIN,1,0,100.0,0.0
2728,-3.4999999999999694,350,0.0,PREY_WIN,1,1,100.0,30.70000000000005
2729,-3.4999999999999694,350,0.0,PREY_WIN,1,1,100.0,21.39999999999999
2730,-2.6099999999999883,350,0.0,PREY_WIN,1,0,100.0,0.0
2731,25.484999999999992,37,0.0,PREDATOR_WIN,0,1,0.0,95.52499999999992
2732,-2.949999999999981,350,0.0,PREY_WIN,1,0,100.0,0.0
2733,-2.1799999999999975,350,0.0,PREY_WIN,1,0,100.0,0.0
2734,-2.4699999999999913,350,0.0,PREY_WIN,1,0,100.0,0.0
2735,-2.439999999999992,350,0.0,PREY_WIN,1,0,100.0,0.0
2736,-2.3299999999999943,350,0.0,PREY_WIN,1,0,100.0,0.0
2737,-2.299999999999995,350,0.0,PREY_WIN,1,0,100.0,0.0
2738,-2.1899999999999973,350,0.0,PREY_WIN,1,0,100.0,0.0
2739,-2.209999999999997,350,0.0,PREY_WIN,1,0,100.0,0.0
2740,-2.199999999999997,350,0.0,PREY_WIN,1,0,100.0,0.0
2741,-2.299999999999995,350,0.0,PREY_WIN,1,0,100.0,0.0
2742,25.754999999999992,10,0.0,PREDATOR_WIN,0,1,0.0,100.0
2743,-2.489999999999991,350,0.0,PREY_WIN,1,0,100.0,0.0
2744,-2.1899999999999973,350,0.0,PREY_WIN,1,0,100.0,0.0
2745,-2.249999999999996,350,0.0,PREY_WIN,1,0,100.0,0.0
2746,25.63499999999999,22,0.0,PREDATOR_WIN,0,1,0.0,100.0
2747,-2.859999999999983,350,0.0,PREY_WIN,1,0,100.0,0.0
2748,-2.959999999999981,350,0.0,PREY_WIN,1,0,100.0,0.0
2749,24.31499999999998,127,0.0,PREDATOR_WIN,0,1,0.0,58.95500000000029
2750,24.572499999999994,135,0.0,PREDATOR_WIN,0,1,0.0,64.33250000000027
2751,-3.4999999999999694,350,0.0,PREY_WIN,1,1,100.0,1.2999999999998921
2752,-3.45999999999997,350,0.0,PREY_WIN,1,0,100.0,0.0
2753,-3.4399999999999706,350,0.0,PREY_WIN,1,0,100.0,0.0
2754,25.232499999999995,69,0.0,PREDATOR_WIN,0,1,0.0,82.1525
2755,-3.4999999999999694,350,0.0,PREY_WIN,1,1,100.0,21.39999999999999
2756,-2.5899999999999888,350,0.0,PREY_WIN,1,0,100.0,0.0
2757,-2.5099999999999905,350,0.0,PREY_WIN,1,0,100.0,0.0
2758,-2.4099999999999926,350,0.0,PREY_WIN,1,0,100.0,0.0
2759,-2.4599999999999915,350,0.0,PREY_WIN,1,0,100.0,0.0
2760,-2.6899999999999866,350,0.0,PREY_WIN,1,0,100.0,0.0
2761,-3.189999999999976,350,0.0,PREY_WIN,1,0,100.0,0.0
2762,-2.439999999999992,350,0.0,PREY_WIN,1,0,100.0,0.0
2763,-2.439999999999992,350,0.0,PREY_WIN,1,0,100.0,0.0
2764,-2.809999999999984,350,0.0,PREY_WIN,1,0,100.0,0.0
2765,-2.209999999999997,350,0.0,PREY_WIN,1,0,100.0,0.0
2766,-2.259999999999996,350,0.0,PREY_WIN,1,0,100.0,0.0
2767,-2.199999999999997,350,0.0,PREY_WIN,1,0,100.0,0.0
2768,-2.1899999999999973,350,0.0,PREY_WIN,1,0,100.0,0.0
2769,-2.249999999999996,350,0.0,PREY_WIN,1,0,100.0,0.0
2770,-2.3199999999999945,350,0.0,PREY_WIN,1,0,100.0,0.0
2771,-2.299999999999995,350,0.0,PREY_WIN,1,0,100.0,0.0
2772,-2.159999999999998,350,0.0,PREY_WIN,1,0,100.0,0.0
2773,-2.389999999999993,350,0.0,PREY_WIN,1,0,100.0,0.0
2774,25.764999999999993,9,0.0,PREDATOR_WIN,0,1,0.0,100.0
2775,-2.349999999999994,350,0.0,PREY_WIN,1,0,100.0,0.0
2776,24.622499999999995,130,0.0,PREDATOR_WIN,0,1,0.0,59.23250000000028
2777,24.562499999999993,136,0.0,PREDATOR_WIN,0,1,0.0,55.812500000000306
2778,18.412499999999994,1,0.0,PREDATOR_WIN,0,1,0.0,100.0
2779,-3.429999999999971,350,0.0,PREY_WIN,1,0,100.0,0.0
2780,-2.8899999999999824,350,0.0,PREY_WIN,1,0,100.0,0.0
2781,-2.619999999999988,350,0.0,PREY_WIN,1,0,100.0,0.0
2782,-2.339999999999994,350,0.0,PREY_WIN,1,0,100.0,0.0
2783,-2.2199999999999966,350,0.0,PREY_WIN,1,0,100.0,0.0
2784,-2.1899999999999973,350,0.0,PREY_WIN,1,0,100.0,0.0
2785,-2.6099999999999883,350,0.0,PREY_WIN,1,0,100.0,0.0
2786,25.902499999999993,2,0.0,PREDATOR_WIN,0,1,0.0,100.0
2787,-2.209999999999997,350,0.0,PREY_WIN,1,0,100.0,0.0
2788,-2.489999999999991,350,0.0,PREY_WIN,1,0,100.0,0.0
2789,-2.339999999999994,350,0.0,PREY_WIN,1,0,100.0,0.0
2790,-2.259999999999996,350,0.0,PREY_WIN,1,0,100.0,0.0
2791,-2.239999999999996,350,0.0,PREY_WIN,1,0,100.0,0.0
2792,25.81499999999999,4,0.0,PREDATOR_WIN,0,1,0.0,100.0
2793,23.049999999999955,183,0.0,PREDATOR_WIN,0,1,0.0,38.33000000000021
2794,-2.99999999999998,350,0.0,PREY_WIN,1,0,100.0,0.0
2795,24.772499999999994,115,0.0,PREDATOR_WIN,0,1,0.0,67.03250000000017
2796,-3.4999999999999694,350,0.0,PREY_WIN,1,1,100.0,8.500000000000156
2797,23.77499999999999,208,0.0,PREDATOR_WIN,0,1,0.0,63.30499999999996
2798,-2.759999999999985,350,0.0,PREY_WIN,1,0,100.0,0.0
2799,-2.3599999999999937,350,0.0,PREY_WIN,1,0,100.0,0.0
2800,-2.7499999999999853,350,0.0,PREY_WIN,1,0,100.0,0.0
2801,25.979999999999997,1,0.0,PREDATOR_WIN,0,1,0.0,100.0
2802,-2.1799999999999975,350,0.0,PREY_WIN,1,0,100.0,0.0
2803,-2.1399999999999983,350,0.0,PREY_WIN,1,0,100.0,0.0
2804,-2.1799999999999975,350,0.0,PREY_WIN,1,0,100.0,0.0
2805,-2.439999999999992,350,0.0,PREY_WIN,1,0,100.0,0.0
2806,-3.3599999999999723,350,0.0,PREY_WIN,1,0,100.0,0.0
2807,-2.8299999999999836,350,0.0,PREY_WIN,1,0,100.0,0.0
2808,-2.289999999999995,350,0.0,PREY_WIN,1,0,100.0,0.0
2809,-2.2299999999999964,350,0.0,PREY_WIN,1,0,100.0,0.0
2810,-2.1699999999999977,350,0.0,PREY_WIN,1,0,100.0,0.0
2811,-2.2699999999999956,350,0.0,PREY_WIN,1,0,100.0,0.0
2812,-2.3299999999999943,350,0.0,PREY_WIN,1,0,100.0,0.0
2813,-2.209999999999997,350,0.0,PREY_WIN,1,0,100.0,0.0
2814,-2.199999999999997,350,0.0,PREY_WIN,1,0,100.0,0.0
2815,-2.239999999999996,350,0.0,PREY_WIN,1,0,100.0,0.0
2816,-2.1899999999999973,350,0.0,PREY_WIN,1,0,100.0,0.0
2817,-2.289999999999995,350,0.0,PREY_WIN,1,0,100.0,0.0
2818,-2.1799999999999975,350,0.0,PREY_WIN,1,0,100.0,0.0
2819,-2.159999999999998,350,0.0,PREY_WIN,1,0,100.0,0.0
2820,-2.2199999999999966,350,0.0,PREY_WIN,1,0,100.0,0.0
2821,-2.2199999999999966,350,0.0,PREY_WIN,1,0,100.0,0.0
2822,-2.239999999999996,350,0.0,PREY_WIN,1,0,100.0,0.0
2823,-2.2199999999999966,350,0.0,PREY_WIN,1,0,100.0,0.0
2824,-2.199999999999997,350,0.0,PREY_WIN,1,0,100.0,0.0
2825,-2.209999999999997,350,0.0,PREY_WIN,1,0,100.0,0.0
2826,-2.2199999999999966,350,0.0,PREY_WIN,1,0,100.0,0.0
2827,-2.209999999999997,350,0.0,PREY_WIN,1,0,100.0,0.0
2828,-2.209999999999997,350,0.0,PREY_WIN,1,0,100.0,0.0
2829,-2.1899999999999973,350,0.0,PREY_WIN,1,0,100.0,0.0
2830,-2.239999999999996,350,0.0,PREY_WIN,1,0,100.0,0.0
2831,-2.299999999999995,350,0.0,PREY_WIN,1,0,100.0,0.0
2832,-2.2699999999999956,350,0.0,PREY_WIN,1,0,100.0,0.0
2833,-2.2299999999999964,350,0.0,PREY_WIN,1,0,100.0,0.0
2834,-2.159999999999998,350,0.0,PREY_WIN,1,0,100.0,0.0
2835,-2.4199999999999924,350,0.0,PREY_WIN,1,0,100.0,0.0
2836,-2.2299999999999964,350,0.0,PREY_WIN,1,0,100.0,0.0
2837,-2.349999999999994,350,0.0,PREY_WIN,1,0,100.0,0.0
2838,-2.289999999999995,350,0.0,PREY_WIN,1,0,100.0,0.0
2839,-2.209999999999997,350,0.0,PREY_WIN,1,0,100.0,0.0
2840,-2.249999999999996,350,0.0,PREY_WIN,1,0,100.0,0.0
2841,-2.209999999999997,350,0.0,PREY_WIN,1,0,100.0,0.0
2842,-2.259999999999996,350,0.0,PREY_WIN,1,0,100.0,0.0
2843,-2.209999999999997,350,0.0,PREY_WIN,1,0,100.0,0.0
2844,-2.159999999999998,350,0.0,PREY_WIN,1,0,100.0,0.0
2845,-2.1799999999999975,350,0.0,PREY_WIN,1,0,100.0,0.0
2846,25.62749999999999,16,0.0,PREDATOR_WIN,0,1,0.0,100.0
2847,-2.4699999999999913,350,0.0,PREY_WIN,1,0,100.0,0.0
2848,-2.149999999999998,350,0.0,PREY_WIN,1,0,100.0,0.0
2849,-2.1799999999999975,350,0.0,PREY_WIN,1,0,100.0,0.0
2850,-2.209999999999997,350,0.0,PREY_WIN,1,0,100.0,0.0
2851,-2.4099999999999926,350,0.0,PREY_WIN,1,0,100.0,0.0
2852,-2.52999999999999,350,0.0,PREY_WIN,1,0,100.0,0.0
2853,-2.259999999999996,350,0.0,PREY_WIN,1,0,100.0,0.0
2854,-2.149999999999998,350,0.0,PREY_WIN,1,0,100.0,0.0
2855,-2.489999999999991,350,0.0,PREY_WIN,1,0,100.0,0.0
2856,25.102499999999992,82,0.0,PREDATOR_WIN,0,1,0.0,78.49250000000004
2857,-2.439999999999992,350,0.0,PREY_WIN,1,0,100.0,0.0
2858,-2.5899999999999888,350,0.0,PREY_WIN,1,0,100.0,0.0
2859,-2.3599999999999937,350,0.0,PREY_WIN,1,0,100.0,0.0
2860,-2.5599999999999894,350,0.0,PREY_WIN,1,0,100.0,0.0
2861,-2.629999999999988,350,0.0,PREY_WIN,1,0,100.0,0.0
2862,23.13499999999997,212,0.0,PREDATOR_WIN,0,1,0.0,27.725000000000236
2863,-2.6599999999999873,350,0.0,PREY_WIN,1,0,100.0,0.0
2864,-3.4999999999999694,350,0.0,PREY_WIN,1,1,100.0,3.4000000000002304
2865,-3.289999999999974,350,0.0,PREY_WIN,1,0,100.0,0.0
2866,25.582499999999992,34,0.0,PREDATOR_WIN,0,1,0.0,95.95249999999993
2867,25.792499999999993,13,0.0,PREDATOR_WIN,0,1,0.0,100.0
2868,24.03249999999999,189,0.0,PREDATOR_WIN,0,1,0.0,79.15249999999958
2869,-2.6999999999999864,350,0.0,PREY_WIN,1,0,100.0,0.0
2870,-2.4699999999999913,350,0.0,PREY_WIN,1,0,100.0,0.0
2871,25.65499999999999,20,0.0,PREDATOR_WIN,0,1,0.0,100.0
2872,-3.46999999999997,350,0.0,PREY_WIN,1,0,100.0,0.0
2873,-2.3599999999999937,350,0.0,PREY_WIN,1,0,100.0,0.0
2874,-2.3099999999999947,350,0.0,PREY_WIN,1,0,100.0,0.0
2875,-2.259999999999996,350,0.0,PREY_WIN,1,0,100.0,0.0
2876,-2.0500000000000003,350,0.0,PREY_WIN,1,0,100.0,0.0
2877,-2.249999999999996,350,0.0,PREY_WIN,1,0,100.0,0.0
2878,-2.1699999999999977,350,0.0,PREY_WIN,1,0,100.0,0.0
2879,-2.109999999999999,350,0.0,PREY_WIN,1,0,100.0,0.0
2880,-2.289999999999995,350,0.0,PREY_WIN,1,0,100.0,0.0
2881,-2.149999999999998,350,0.0,PREY_WIN,1,0,100.0,0.0
2882,24.72499999999999,113,0.0,PREDATOR_WIN,0,1,0.0,63.30500000000023
2883,-3.4999999999999694,350,0.0,PREY_WIN,1,1,100.0,4.899999999999799
2884,24.132499999999993,179,0.0,PREDATOR_WIN,0,1,0.0,79.45249999999953
2885,-2.6899999999999866,350,0.0,PREY_WIN,1,0,100.0,0.0
2886,-3.4999999999999694,350,0.0,PREY_WIN,1,1,100.0,4.000000000000071
2887,-3.2699999999999743,350,0.0,PREY_WIN,1,0,100.0,0.0
2888,-2.9299999999999815,350,0.0,PREY_WIN,1,0,100.0,0.0
2889,-2.949999999999981,350,0.0,PREY_WIN,1,0,100.0,0.0
2890,-2.489999999999991,350,0.0,PREY_WIN,1,0,100.0,0.0
2891,-2.299999999999995,350,0.0,PREY_WIN,1,0,100.0,0.0
2892,25.70499999999999,15,0.0,PREDATOR_WIN,0,1,0.0,100.0
2893,-2.5199999999999902,350,0.0,PREY_WIN,1,0,100.0,0.0
2894,-2.579999999999989,350,0.0,PREY_WIN,1,0,100.0,0.0
2895,-2.1699999999999977,350,0.0,PREY_WIN,1,0,100.0,0.0
2896,-2.299999999999995,350,0.0,PREY_WIN,1,0,100.0,0.0
2897,-2.1899999999999973,350,0.0,PREY_WIN,1,0,100.0,0.0
2898,-2.1299999999999986,350,0.0,PREY_WIN,1,0,100.0,0.0
2899,-2.149999999999998,350,0.0,PREY_WIN,1,0,100.0,0.0
2900,-2.209999999999997,350,0.0,PREY_WIN,1,0,100.0,0.0
2901,-2.3099999999999947,350,0.0,PREY_WIN,1,0,100.0,0.0
2902,-2.239999999999996,350,0.0,PREY_WIN,1,0,100.0,0.0
2903,-2.239999999999996,350,0.0,PREY_WIN,1,0,100.0,0.0
2904,-2.259999999999996,350,0.0,PREY_WIN,1,0,100.0,0.0
2905,-2.289999999999995,350,0.0,PREY_WIN,1,0,100.0,0.0
2906,-2.299999999999995,350,0.0,PREY_WIN,1,0,100.0,0.0
2907,-2.2199999999999966,350,0.0,PREY_WIN,1,0,100.0,0.0
2908,-2.209999999999997,350,0.0,PREY_WIN,1,0,100.0,0.0
2909,-2.259999999999996,350,0.0,PREY_WIN,1,0,100.0,0.0
2910,-2.239999999999996,350,0.0,PREY_WIN,1,0,100.0,0.0
2911,25.862499999999994,6,0.0,PREDATOR_WIN,0,1,0.0,100.0
2912,-2.3099999999999947,350,0.0,PREY_WIN,1,0,100.0,0.0
2913,25.202499999999993,72,0.0,PREDATOR_WIN,0,1,0.0,80.59250000000002
2914,-3.4999999999999694,350,0.0,PREY_WIN,1,1,100.0,12.39999999999963
2915,-2.959999999999981,350,0.0,PREY_WIN,1,0,100.0,0.0
2916,-3.139999999999977,350,0.0,PREY_WIN,1,0,100.0,0.0
2917,-2.709999999999986,350,0.0,PREY_WIN,1,0,100.0,0.0
2918,25.31499999999999,54,0.0,PREDATOR_WIN,0,1,0.0,95.88499999999982
2919,-3.4999999999999694,350,0.0,PREY_WIN,1,1,100.0,1.5999999999997774
2920,-3.3099999999999734,350,0.0,PREY_WIN,1,0,100.0,0.0
2921,-2.299999999999995,350,0.0,PREY_WIN,1,0,100.0,0.0
2922,-2.289999999999995,350,0.0,PREY_WIN,1,0,100.0,0.0
2923,-2.1899999999999973,350,0.0,PREY_WIN,1,0,100.0,0.0
2924,-2.439999999999992,350,0.0,PREY_WIN,1,0,100.0,0.0
2925,24.54499999999999,131,0.0,PREDATOR_WIN,0,1,0.0,58.4450000000003
2926,-3.3899999999999717,350,0.0,PREY_WIN,1,0,100.0,0.0
2927,-3.4999999999999694,350,0.0,PREY_WIN,1,1,100.0,1.6000000000003762
2928,-3.4999999999999694,350,0.0,PREY_WIN,1,1,100.0,13.000000000000027
2929,24.932499999999994,99,0.0,PREDATOR_WIN,0,1,0.0,75.55250000000001
2930,-3.4399999999999706,350,0.0,PREY_WIN,1,0,100.0,0.0
2931,25.512499999999996,41,0.0,PREDATOR_WIN,0,1,0.0,93.01249999999993
2932,-3.4999999999999694,350,0.0,PREY_WIN,1,1,100.0,7.600000000000465
2933,-3.279999999999974,350,0.0,PREY_WIN,1,0,100.0,0.0
2934,-2.7299999999999858,350,0.0,PREY_WIN,1,0,100.0,0.0
2935,-2.8399999999999834,350,0.0,PREY_WIN,1,0,100.0,0.0
2936,-2.439999999999992,350,0.0,PREY_WIN,1,0,100.0,0.0
2937,-2.299999999999995,350,0.0,PREY_WIN,1,0,100.0,0.0
2938,-2.4199999999999924,350,0.0,PREY_WIN,1,0,100.0,0.0
2939,25.192499999999995,73,0.0,PREDATOR_WIN,0,1,0.0,82.27249999999998
2940,-2.8399999999999834,350,0.0,PREY_WIN,1,0,100.0,0.0
2941,25.79499999999999,6,0.0,PREDATOR_WIN,0,1,0.0,100.0
2942,-2.4699999999999913,350,0.0,PREY_WIN,1,0,100.0,0.0
2943,-2.259999999999996,350,0.0,PREY_WIN,1,0,100.0,0.0
2944,-2.439999999999992,350,0.0,PREY_WIN,1,0,100.0,0.0
2945,-2.249999999999996,350,0.0,PREY_WIN,1,0,99.72999999999999,0.0
2946,-2.289999999999995,350,0.0,PREY_WIN,1,0,100.0,0.0
2947,-2.289999999999995,350,0.0,PREY_WIN,1,0,100.0,0.0
2948,-2.159999999999998,350,0.0,PREY_WIN,1,0,100.0,0.0
2949,-2.709999999999986,350,0.0,PREY_WIN,1,0,100.0,0.0
2950,-2.9399999999999813,350,0.0,PREY_WIN,1,0,100.0,0.0
2951,24.242499999999993,168,0.0,PREDATOR_WIN,0,1,0.0,45.972500000000245
2952,24.537499999999987,125,0.0,PREDATOR_WIN,0,1,0.0,60.89750000000026
2953,-3.4999999999999694,350,0.0,PREY_WIN,1,1,100.0,17.500000000000362
2954,-3.4999999999999694,350,0.0,PREY_WIN,1,1,100.0,22.000000000000174
2955,-2.489999999999991,350,0.0,PREY_WIN,1,0,100.0,0.0
2956,-3.00999999999998,350,0.0,PREY_WIN,1,0,100.0,0.0
2957,25.70499999999999,15,0.0,PREDATOR_WIN,0,1,0.0,100.0
2958,-2.819999999999984,350,0.0,PREY_WIN,1,0,100.0,0.0
2959,-2.53999999999999,350,0.0,PREY_WIN,1,0,99.72999999999999,0.0
2960,-2.2199999999999966,350,0.0,PREY_WIN,1,0,100.0,0.0
2961,-2.429999999999992,350,0.0,PREY_WIN,1,0,100.0,0.0
2962,-2.5899999999999888,350,0.0,PREY_WIN,1,0,100.0,0.0
2963,-2.159999999999998,350,0.0,PREY_WIN,1,0,100.0,0.0
2964,-2.1799999999999975,350,0.0,PREY_WIN,1,0,100.0,0.0
2965,-2.2299999999999964,350,0.0,PREY_WIN,1,0,100.0,0.0
2966,25.714999999999993,14,0.0,PREDATOR_WIN,0,1,0.0,100.0
2967,-2.3099999999999947,350,0.0,PREY_WIN,1,0,100.0,0.0
2968,-2.489999999999991,350,0.0,PREY_WIN,1,0,100.0,0.0
2969,25.669999999999987,5,0.0,PREDATOR_WIN,0,1,0.0,100.0
2970,-2.2799999999999954,350,0.0,PREY_WIN,1,0,100.0,0.0
2971,-2.259999999999996,350,0.0,PREY_WIN,1,0,100.0,0.0
2972,-2.489999999999991,350,0.0,PREY_WIN,1,0,100.0,0.0
2973,-3.4999999999999694,350,0.0,PREY_WIN,1,1,100.0,2.500000000000137
2974,-2.5499999999999896,350,0.0,PREY_WIN,1,0,100.0,0.0
2975,24.319999999999993,164,0.0,PREDATOR_WIN,0,1,0.0,83.6899999999996
2976,-3.4999999999999694,350,0.0,PREY_WIN,1,0,100.0,0.0
2977,-2.239999999999996,350,0.0,PREY_WIN,1,0,100.0,0.0
2978,-2.289999999999995,350,0.0,PREY_WIN,1,0,100.0,0.0
2979,-2.3599999999999937,350,0.0,PREY_WIN,1,0,100.0,0.0
2980,-2.4499999999999917,350,0.0,PREY_WIN,1,0,100.0,0.0
2981,25.41749999999999,37,0.0,PREDATOR_WIN,0,1,0.0,95.45749999999992
2982,-3.239999999999975,350,0.0,PREY_WIN,1,0,100.0,0.0
2983,-2.579999999999989,350,0.0,PREY_WIN,1,0,100.0,0.0
2984,25.979999999999997,1,0.0,PREDATOR_WIN,0,1,0.0,100.0
2985,25.842499999999994,8,0.0,PREDATOR_WIN,0,1,0.0,100.0
2986,-2.819999999999984,350,0.0,PREY_WIN,1,0,100.0,0.0
2987,-2.9199999999999817,350,0.0,PREY_WIN,1,0,100.0,0.0
2988,-2.629999999999988,350,0.0,PREY_WIN,1,0,100.0,0.0
2989,-2.4199999999999924,350,0.0,PREY_WIN,1,0,100.0,0.0
2990,-2.209999999999997,350,0.0,PREY_WIN,1,0,100.0,0.0
2991,-2.1799999999999975,350,0.0,PREY_WIN,1,0,100.0,0.0
2992,-2.489999999999991,350,0.0,PREY_WIN,1,0,100.0,0.0
2993,-2.4099999999999926,350,0.0,PREY_WIN,1,0,100.0,0.0
2994,-2.389999999999993,350,0.0,PREY_WIN,1,0,100.0,0.0
2995,-2.6099999999999883,350,0.0,PREY_WIN,1,0,100.0,0.0
2996,-2.2199999999999966,350,0.0,PREY_WIN,1,0,100.0,0.0
2997,-2.259999999999996,350,0.0,PREY_WIN,1,0,100.0,0.0
2998,-2.259999999999996,350,0.0,PREY_WIN,1,0,100.0,0.0
2999,-2.4599999999999915,350,0.0,PREY_WIN,1,0,100.0,0.0
3000,-2.759999999999985,350,0.0,PREY_WIN,1,0,100.0,0.0
