cycle,phase,agent_type,episode,reward,steps,eval_reward,prey_population,predator_population,avg_prey_energy,avg_predator_energy,predation_events,eval_predation_events
1,A,PREY,1,1706.4000000000003,60,4661.989999999998,207,14,91.12125603864733,78.70196428571424,31,78.7
1,A,PREY,2,66.93999999999998,6,4661.989999999998,32,10,99.96625,84.232,1,78.7
1,A,PREY,3,188.39000000000004,11,4661.989999999998,35,10,98.472,86.18799999999999,3,78.7
1,A,PREY,4,4035.9599999999828,204,4661.989999999998,337,36,99.20765578635013,45.710694444444556,103,78.7
1,A,PREY,5,8941.869999999948,313,4661.989999999998,331,46,91.89099697885189,59.12516304347828,227,78.7
1,A,PREY,6,4989.749999999979,175,4661.989999999998,336,41,95.49434523809514,57.9571341463415,130,78.7
1,A,PREY,7,14449.999999999909,500,4661.989999999998,338,9,96.99156804733717,50.42833333333293,42,78.7
1,A,PREY,8,11863.399999999927,410,4661.989999999998,318,127,93.5164150943396,60.76767716535435,668,78.7
1,A,PREY,9,-10.51,1,4661.989999999998,32,11,92.4746875,79.20181818181818,1,78.7
1,A,PREY,10,3240.289999999989,121,4661.989999999998,337,12,97.74382789317501,66.08458333333328,23,78.7
1,A,PREY,11,4558.859999999981,164,4661.989999999998,307,119,86.68133550488596,61.487605042016845,731,78.7
1,A,PREY,12,6110.839999999968,216,4661.989999999998,333,32,98.88126126126123,67.02242187499999,115,78.7
1,A,PREY,13,3861.579999999987,142,4661.989999999998,331,40,96.14918429003014,62.56281249999999,157,78.7
1,A,PREY,14,11172.62999999993,437,4661.989999999998,324,108,95.89688271604938,57.752453703703765,546,78.7
1,A,PREY,15,15154.999999999905,500,4661.989999999998,335,164,88.20483582089534,29.14626524390261,2116,78.7
1,A,PREY,16,1641.330000000001,167,4661.989999999998,337,13,98.93062314540057,66.6921153846153,32,78.7
1,A,PREY,17,4401.179999999983,182,4661.989999999998,312,136,88.91801282051277,59.08952205882357,669,78.7
1,A,PREY,18,8991.53999999995,296,4661.989999999998,335,109,93.16961194029835,46.24805045871569,465,78.7
1,A,PREY,19,3463.799999999989,120,4661.989999999998,333,38,94.89645645645639,57.5430921052632,117,78.7
1,A,PREY,20,308.38000000000005,12,4661.989999999998,39,11,99.73358974358975,78.44363636363636,3,78.7
1,A,PREY,21,788.4600000000003,54,4661.989999999998,168,10,90.61309523809523,86.14924999999991,18,78.7
1,A,PREY,22,907.6300000000002,37,4661.989999999998,65,13,96.04076923076923,73.92673076923079,13,78.7
1,A,PREY,23,643.4300000000001,57,4661.989999999998,132,12,94.87833333333333,77.42770833333326,20,78.7
1,A,PREY,24,2319.5599999999963,94,4661.989999999998,336,20,97.70958333333331,73.05137500000002,58,78.7
1,A,PREY,25,14674.499999999907,500,4661.989999999998,337,21,94.424836795252,19.548809523809663,74,78.7
1,A,PREY,26,14354.99999999991,500,4661.989999999998,338,12,98.5295857988165,35.015624999999964,63,78.7
1,A,PREY,27,12474.999999999922,500,4661.989999999998,338,48,91.16038461538429,19.971458333333498,257,78.7
1,A,PREY,28,224.33000000000013,17,4661.989999999998,41,10,96.32170731707318,84.88599999999997,4,78.7
1,A,PREY,29,2948.869999999992,113,4661.989999999998,335,27,98.86561194029849,65.35694444444448,74,78.7
1,A,PREY,30,83.98,2,4661.989999999998,33,12,95.61818181818182,75.15270833333334,2,78.7
1,A,PREY,31,42.30000000000004,20,4661.989999999998,40,14,96.9995,70.81124999999997,10,78.7
1,A,PREY,32,14594.999999999909,500,4661.989999999998,338,42,99.54520710059171,46.80261904761913,250,78.7
1,A,PREY,33,2335.1299999999974,87,4661.989999999998,290,17,90.5916896551724,73.80867647058822,74,78.7
1,A,PREY,34,1482.5300000000002,47,4661.989999999998,106,13,94.47801886792453,67.87096153846156,11,78.7
1,A,PREY,35,3546.3399999999897,116,4661.989999999998,337,18,98.41640949554892,54.311111111111195,32,78.7
1,A,PREY,36,1843.770000000001,123,4661.989999999998,336,26,98.50309523809521,68.49624999999996,92,78.7
1,A,PREY,37,8783.94999999995,305,4661.989999999998,337,55,95.99922848664674,26.931863636363907,168,78.7
1,A,PREY,38,13679.999999999905,500,4661.989999999998,338,7,93.82097633136073,31.465357142857105,21,78.7
1,A,PREY,39,4744.889999999982,161,4661.989999999998,319,112,89.57479623824449,61.32566964285718,480,78.7
1,A,PREY,40,6268.809999999969,219,4661.989999999998,326,100,95.86493865030674,61.13802500000003,479,78.7
1,A,PREY,41,63.55000000000009,45,4661.989999999998,84,12,92.04690476190476,74.64624999999998,14,78.7
1,A,PREY,42,67.66000000000004,34,4661.989999999998,63,12,94.0363492063492,73.12854166666666,10,78.7
1,A,PREY,43,147.61999999999998,38,4661.989999999998,85,11,99.07423529411761,69.05545454545451,3,78.7
1,A,PREY,44,136.35999999999999,14,4661.989999999998,45,12,96.38511111111112,72.015,3,78.7
1,A,PREY,45,2129.139999999999,136,4661.989999999998,336,30,97.62654761904757,62.06483333333335,111,78.7
1,A,PREY,46,2744.1099999999947,89,4661.989999999998,326,23,88.44046012269935,68.4854347826087,67,78.7
1,A,PREY,47,5172.679999999976,182,4661.989999999998,276,138,90.62568840579708,70.64324275362321,796,78.7
1,A,PREY,48,14264.999999999913,500,4661.989999999998,338,88,96.98582840236678,26.11707386363652,574,78.7
1,A,PREY,49,4397.43999999997,206,4661.989999999998,164,92,83.19524390243902,65.08986413043485,730,78.7
1,A,PREY,50,187.06000000000017,44,4661.989999999998,67,12,92.3686567164179,74.91124999999995,15,78.7
1,A,PREY,51,3144.7799999999925,122,4661.989999999998,325,56,92.54218461538458,72.11651785714284,312,78.7
1,A,PREY,52,2039.2300000000002,77,4661.989999999998,268,21,88.45361940298507,65.8389285714285,61,78.7
1,A,PREY,53,66.93,7,4661.989999999998,28,11,98.66142857142857,85.45999999999998,6,78.7
1,A,PREY,54,5252.589999999973,191,4661.989999999998,334,69,94.89655688622747,62.487717391304336,276,78.7
1,A,PREY,55,144.84000000000012,16,4661.989999999998,28,11,99.96142857142857,81.9281818181818,6,78.7
1,A,PREY,56,6346.049999999971,195,4661.989999999998,235,131,87.12812765957445,72.86278625954202,956,78.7
1,A,PREY,57,15594.999999999905,500,4661.989999999998,338,120,99.6782544378698,24.759187500000284,479,78.7
1,A,PREY,58,262.0299999999999,47,4661.989999999998,94,13,97.55276595744678,74.1690384615384,17,78.7
1,A,PREY,59,67.31000000000003,19,4661.989999999998,43,11,97.77883720930232,76.9490909090909,3,78.7
1,A,PREY,60,5567.869999999973,213,4661.989999999998,336,41,94.09863095238077,55.25457317073175,154,78.7
1,A,PREY,61,4306.059999999985,144,4661.989999999998,326,69,95.13380368098156,67.39217391304346,280,78.7
1,A,PREY,62,12839.999999999909,500,4661.989999999998,338,25,97.83023668639045,16.28200000000035,141,78.7
1,A,PREY,63,16384.999999999905,500,4661.989999999998,337,88,98.49783382789315,19.742812500000284,514,78.7
1,A,PREY,64,1428.0500000000002,45,4661.989999999998,87,13,94.75011494252874,68.34230769230768,9,78.7
1,A,PREY,65,12212.499999999905,500,4661.989999999998,338,6,98.19245562130172,29.924583333333278,40,78.7
1,A,PREY,66,1983.8100000000004,69,4661.989999999998,17,13,99.9364705882353,75.3686538461538,22,78.7
1,A,PREY,67,6541.399999999968,210,4661.989999999998,334,100,88.50167664670644,46.26507500000012,466,78.7
1,A,PREY,68,348.38000000000005,12,4661.989999999998,36,12,99.62138888888889,71.58999999999999,2,78.7
1,A,PREY,69,15994.999999999907,500,4661.989999999998,338,10,92.24242603550267,15.22225000000039,27,78.7
1,A,PREY,70,1167.3200000000004,68,4661.989999999998,274,11,92.28810218978101,73.97568181818177,17,78.7
1,A,PREY,71,14764.999999999909,500,4661.989999999998,338,10,93.02230769230742,15.80775000000007,19,78.7
1,A,PREY,72,15423.49999999991,500,4661.989999999998,338,31,95.82251479289928,19.328145161290557,309,78.7
1,A,PREY,73,7857.659999999961,334,4661.989999999998,331,63,92.10462235649537,61.17976190476192,324,78.7
1,A,PREY,74,7664.949999999961,255,4661.989999999998,336,60,98.2202083333333,58.864916666666694,321,78.7
1,A,PREY,75,907.6200000000002,38,4661.989999999998,33,13,94.96787878787879,72.2911538461538,13,78.7
1,A,PREY,76,800.6200000000002,38,4661.989999999998,45,14,96.71688888888887,64.19714285714291,10,78.7
1,A,PREY,77,1707.3200000000004,68,4661.989999999998,280,11,91.65910714285712,79.43454545454543,26,78.7
1,A,PREY,78,15634.999999999913,500,4661.989999999998,338,65,91.43455621301742,17.332461538461786,358,78.7
1,A,PREY,79,61.27999999999994,22,4661.989999999998,53,11,99.56716981132077,78.57636363636362,4,78.7
1,A,PREY,80,146.76999999999998,23,4661.989999999998,56,12,98.59232142857142,65.96,1,78.7
1,A,PREY,81,28.470000000000002,3,4661.989999999998,34,10,96.67823529411766,85.36600000000001,1,78.7
1,A,PREY,82,307.3100000000001,19,4661.989999999998,37,12,95.39162162162162,77.15229166666666,7,78.7
1,A,PREY,83,440.7000000000002,30,4661.989999999998,56,13,97.7775,72.97153846153843,12,78.7
1,A,PREY,84,65.36999999999999,13,4661.989999999998,33,12,99.58848484848485,75.34499999999998,5,78.7
1,A,PREY,85,14849.99999999991,500,4661.989999999998,337,34,98.88958456973292,56.94066176470592,264,78.7
1,A,PREY,86,16149.999999999904,500,4661.989999999998,338,13,95.60076923076907,21.5625000000001,49,78.7
1,A,PREY,87,12557.029999999928,397,4661.989999999998,329,168,95.02556231003035,48.21520833333342,1790,78.7
1,A,PREY,88,346.3300000000001,17,4661.989999999998,37,12,95.86567567567567,73.46041666666665,5,78.7
1,A,PREY,89,4179.929999999987,157,4661.989999999998,337,46,94.17646884272985,53.61103260869567,155,78.7
1,A,PREY,90,12857.499999999918,500,4661.989999999998,333,49,97.29891891891886,33.602091836734914,305,78.7
1,A,PREY,91,16554.999999999916,500,4661.989999999998,338,96,90.73647928994049,16.451093750000215,517,78.7
1,A,PREY,92,14626.869999999917,463,4661.989999999998,328,164,95.1998170731707,36.64756097560985,2607,78.7
1,A,PREY,93,14550.499999999905,500,4661.989999999998,337,23,95.66459940652811,64.4292391304348,147,78.7
1,A,PREY,94,15414.999999999905,500,4661.989999999998,338,10,93.10869822485182,18.68550000000021,14,78.7
1,A,PREY,95,186.42000000000002,8,4661.989999999998,30,10,99.955,86.8,3,78.7
1,A,PREY,96,66.93,7,4661.989999999998,31,12,99.96516129032258,74.21833333333332,3,78.7
1,A,PREY,97,3424.999999999991,100,4661.989999999998,336,22,98.24392857142853,68.00818181818175,60,78.7
1,A,PREY,98,5050.569999999972,193,4661.989999999998,331,102,95.58157099697883,57.52598039215691,454,78.7
1,A,PREY,99,586.7800000000001,22,4661.989999999998,50,12,98.6508,73.33812499999999,5,78.7
1,A,PREY,100,105.75999999999999,24,4661.989999999998,34,14,98.45,72.3094642857143,14,78.7
1,A,PREY,101,545.7400000000001,26,4661.989999999998,67,11,92.65044776119403,74.4922727272727,3,78.7
1,A,PREY,102,65.30000000000004,20,4661.989999999998,49,13,99.27122448979591,67.11980769230769,4,78.7
1,A,PREY,103,1983.8200000000004,68,4661.989999999998,67,15,92.68537313432836,79.3045,40,78.7
1,A,PREY,104,9003.51999999995,298,4661.989999999998,334,48,94.1929341317364,57.310625000000016,239,78.7
1,A,PREY,105,5705.949999999976,205,4661.989999999998,337,48,98.83925816023735,46.483385416666785,257,78.7
1,A,PREY,106,2290.019999999998,98,4661.989999999998,336,21,98.15110119047615,76.69476190476186,76,78.7
1,A,PREY,107,867.5600000000002,44,4661.989999999998,91,10,93.39461538461538,81.63399999999987,8,78.7
1,A,PREY,108,144.28000000000003,22,4661.989999999998,28,11,99.98071428571428,77.75863636363634,4,78.7
1,A,PREY,109,16759.99999999993,500,4661.989999999998,338,14,99.61257396449705,37.763214285714135,91,78.7
1,A,PREY,110,6617.339999999968,216,4661.989999999998,337,39,97.3126706231453,50.80666666666673,140,78.7
1,A,PREY,111,17434.99999999996,500,4661.989999999998,334,27,98.3561077844311,68.66249999999995,155,78.7
1,A,PREY,112,17434.99999999996,500,4661.989999999998,338,11,97.2969526627218,36.11727272727284,45,78.7
1,A,PREY,113,5108.819999999978,168,4661.989999999998,324,93,94.1603395061728,63.61607526881721,386,78.7
1,A,PREY,114,3225.0699999999924,143,4661.989999999998,337,16,97.24952522255185,65.41906249999995,45,78.7
1,A,PREY,115,961.2300000000001,27,4661.989999999998,58,12,96.02741379310346,73.46312499999999,7,78.7
1,A,PREY,116,2586.739999999996,76,4661.989999999998,290,16,91.77910344827586,61.245781250000036,22,78.7
1,A,PREY,117,12017.869999999935,363,4661.989999999998,336,11,97.6337797619047,59.909318181818094,118,78.7
1,A,PREY,118,1466.7000000000005,80,4661.989999999998,334,22,97.36646706586824,68.89795454545457,65,78.7
1,A,PREY,119,15085.999999999915,500,4661.989999999998,338,9,98.61449704142007,25.47083333333335,97,78.7
1,A,PREY,120,15618.769999999913,473,4661.989999999998,313,160,94.36623003194887,63.014296875000056,951,78.7
1,A,PREY,121,15462.67999999991,482,4661.989999999998,337,63,97.91032640949554,47.508333333333404,303,78.7
1,A,PREY,122,1501.1200000000001,88,4661.989999999998,336,16,97.53648809523806,58.52156250000004,21,78.7
1,A,PREY,123,16394.999999999905,500,4661.989999999998,338,10,95.65893491124245,27.713499999999915,51,78.7
1,A,PREY,124,7177.219999999966,228,4661.989999999998,331,50,96.62864048338363,60.172000000000054,205,78.7
1,A,PREY,125,827.2100000000002,29,4661.989999999998,49,11,97.5991836734694,80.06795454545451,7,78.7
1,A,PREY,126,107.83000000000004,17,4661.989999999998,46,10,93.1713043478261,80.82399999999997,2,78.7
1,A,PREY,127,66.92000000000002,8,4661.989999999998,30,11,99.937,79.6381818181818,3,78.7
1,A,PREY,128,3910.269999999987,173,4661.989999999998,308,53,90.16285714285709,69.11004716981135,330,78.7
1,A,PREY,129,2810.079999999996,142,4661.989999999998,325,59,95.0091692307692,68.20186440677968,278,78.7
1,A,PREY,130,16149.999999999905,500,4661.989999999998,338,25,94.12017751479269,13.394300000000394,128,78.7
1,A,PREY,131,2185.779999999998,72,4661.989999999998,217,12,86.69308755760368,70.40812499999996,17,78.7
1,A,PREY,132,17234.999999999945,500,4661.989999999998,336,18,97.70104166666658,66.48472222222223,133,78.7
1,A,PREY,133,15852.499999999905,500,4661.989999999998,338,10,99.73284023668639,25.1497500000001,61,78.7
1,A,PREY,134,12223.529999999939,447,4661.989999999998,329,166,94.52629179331304,54.530572289156694,1792,78.7
1,A,PREY,135,7184.829999999967,217,4661.989999999998,337,13,93.48643916913923,44.04807692307682,16,78.7
1,A,PREY,136,10758.459999999926,404,4661.989999999998,336,44,97.82136904761903,49.12659090909105,324,78.7
1,A,PREY,137,7703.189999999963,231,4661.989999999998,337,14,96.11566765578623,62.22857142857131,74,78.7
1,A,PREY,138,308.41,9,4661.989999999998,37,10,93.86054054054054,83.30799999999999,1,78.7
1,A,PREY,139,305.8400000000001,16,4661.989999999998,37,10,99.91972972972972,88.83999999999997,6,78.7
1,A,PREY,140,-11.53,3,4661.989999999998,30,10,98.946,85.36600000000001,1,78.7
1,A,PREY,141,66.43,7,4661.989999999998,31,10,99.96516129032258,87.27399999999997,3,78.7
1,A,PREY,142,628.2900000000001,21,4661.989999999998,26,11,99.92730769230769,82.6781818181818,9,78.7
1,A,PREY,143,8729.269999999944,323,4661.989999999998,310,155,90.80716129032254,55.04054838709687,838,78.7
1,A,PREY,144,265.6500000000001,35,4661.989999999998,30,15,99.92800000000001,65.74716666666667,12,78.7
1,A,PREY,145,3344.289999999986,221,4661.989999999998,337,33,99.43753709198812,60.46674242424238,130,78.7
1,A,PREY,146,148.41000000000003,9,4661.989999999998,30,10,94.93699999999998,88.61799999999998,5,78.7
1,A,PREY,147,3074.2599999999916,124,4661.989999999998,336,12,98.32520833333331,68.74604166666656,25,78.7
1,A,PREY,148,146.37,13,4661.989999999998,36,11,99.085,76.80727272727272,2,78.7
1,A,PREY,149,6946.269999999967,223,4661.989999999998,337,15,98.4333234421365,71.6103333333332,104,78.7
1,A,PREY,150,982.1000000000003,40,4661.989999999998,54,12,98.6062962962963,77.65979166666664,14,78.7
1,A,PREY,151,3347.0499999999915,95,4661.989999999998,337,19,98.5382195845697,68.93026315789476,58,78.7
1,A,PREY,152,255.8700000000001,13,4661.989999999998,37,11,98.18756756756757,81.47454545454544,7,78.7
1,A,PREY,153,17194.99999999995,500,4661.989999999998,338,23,94.55215976331341,16.63728260869591,126,78.7
1,A,PREY,154,8223.06999999996,243,4661.989999999998,307,159,82.04110749185664,52.42638364779887,1166,78.7
1,A,PREY,155,2265.2599999999975,74,4661.989999999998,336,12,97.89904761904761,67.9860416666666,9,78.7
1,A,PREY,156,2153.270000000001,173,4661.989999999998,278,114,89.11769784172661,69.07517543859649,624,78.7
1,A,PREY,157,817.5300000000003,47,4661.989999999998,217,11,92.56930875576037,72.46295454545447,14,78.7
1,A,PREY,158,7529.739999999965,226,4661.989999999998,298,82,86.76963087248309,61.7701829268293,421,78.7
1,A,PREY,159,3753.219999999987,128,4661.989999999998,336,40,93.05544642857136,61.52131250000002,172,78.7
1,A,PREY,160,612.4700000000004,53,4661.989999999998,174,14,91.71534482758621,70.65785714285711,15,78.7
1,A,PREY,161,746.2300000000001,27,4661.989999999998,55,11,93.51345454545456,81.65727272727271,11,78.7
1,A,PREY,162,15814.999999999915,500,4661.989999999998,338,9,96.50692307692293,29.938611111111104,47,78.7
1,A,PREY,163,267.41,9,4661.989999999998,32,12,96.634375,70.85,1,78.7
1,A,PREY,164,17554.99999999997,500,4661.989999999998,338,10,98.06307692307686,48.3997499999997,112,78.7
1,A,PREY,165,3756.1799999999835,132,4661.989999999998,337,18,98.00347181008897,60.01263888888895,70,78.7
1,A,PREY,166,6104.729999999974,177,4661.989999999998,337,12,97.79771513353107,59.204166666666545,17,78.7
1,A,PREY,167,6742.969999999969,203,4661.989999999998,337,14,97.22148367952512,52.60196428571414,26,78.7
1,A,PREY,168,15529.79999999991,470,4661.989999999998,327,166,93.42477064220179,41.93674698795198,1408,78.7
1,A,PREY,169,348.37000000000006,13,4661.989999999998,34,12,98.47382352941177,73.57479166666666,3,78.7
1,A,PREY,170,401.1700000000004,83,4661.989999999998,213,30,91.05150234741781,77.14433333333336,148,78.7
1,A,PREY,171,12410.169999999933,433,4661.989999999998,306,130,92.86937908496732,62.93415384615387,666,78.7
1,A,PREY,172,8478.47999999996,252,4661.989999999998,322,127,90.85614906832296,60.514429133858286,683,78.7
1,A,PREY,173,307.88000000000005,12,4661.989999999998,37,10,99.63972972972974,83.75474999999999,3,78.7
1,A,PREY,174,17834.999999999978,500,4661.989999999998,338,8,95.62745562130162,32.91999999999975,124,78.7
1,A,PREY,175,6577.409999999945,309,4661.989999999998,316,78,94.21341772151897,65.93439102564103,450,78.7
1,A,PREY,176,106.38999999999999,11,4661.989999999998,32,10,98.9346875,85.624,3,78.7
1,A,PREY,177,1341.9700000000003,53,4661.989999999998,219,14,89.90890410958906,75.03017857142855,30,78.7
1,A,PREY,178,17274.999999999953,500,4661.989999999998,338,13,93.73914201183409,22.818076923077054,163,78.7
1,A,PREY,179,7342.859999999967,214,4661.989999999998,333,33,98.91426426426426,70.02643939393937,188,78.7
1,A,PREY,180,17214.999999999945,500,4661.989999999998,338,63,99.38588757396448,17.364603174603435,281,78.7
1,A,PREY,181,6295.139999999974,186,4661.989999999998,337,20,98.16830860534118,61.207499999999996,83,78.7
1,A,PREY,182,2067.109999999999,89,4661.989999999998,321,13,83.54065420560745,66.00134615384616,23,78.7
1,A,PREY,183,4065.3299999999876,117,4661.989999999998,326,41,94.80496932515337,76.20195121951218,220,78.7
1,A,PREY,184,5401.1999999999625,230,4661.989999999998,337,19,98.34044510385753,71.84223684210508,100,78.7
1,A,PREY,185,16834.999999999935,500,4661.989999999998,338,10,94.70760355029566,25.893999999999817,32,78.7
1,A,PREY,186,14159.999999999905,500,4661.989999999998,338,82,91.35168639053222,19.03222560975644,366,78.7
1,A,PREY,187,387.86000000000007,14,4661.989999999998,34,11,98.91911764705883,80.03613636363636,4,78.7
1,A,PREY,188,4253.999999999982,150,4661.989999999998,336,13,98.47601190476186,77.4473076923074,63,78.7
1,A,PREY,189,1189.65,35,4661.989999999998,74,12,91.68972972972973,66.41499999999998,4,78.7
1,A,PREY,190,12211.879999999934,362,4661.989999999998,312,163,89.01772435897433,58.061257668711725,1264,78.7
1,A,PREY,191,1707.9800000000002,52,4661.989999999998,127,13,93.33149606299213,75.89384615384611,21,78.7
1,A,PREY,192,68.46,4,4661.989999999998,31,11,98.63612903225807,80.38227272727272,2,78.7
1,A,PREY,193,1864.3500000000004,65,4661.989999999998,31,13,99.99129032258064,69.42019230769226,13,78.7
1,A,PREY,194,145.3700000000001,13,4661.989999999998,33,11,99.87727272727273,78.26909090909088,3,78.7
1,A,PREY,195,11062.589999999944,341,4661.989999999998,337,13,98.27071216617205,46.9321153846154,41,78.7
1,A,PREY,196,222.2600000000002,24,4661.989999999998,46,11,98.56717391304346,76.4725,6,78.7
1,A,PREY,197,2706.6799999999953,82,4661.989999999998,314,12,94.42824840764331,81.10937499999994,33,78.7
1,A,PREY,198,1171.0000000000007,100,4661.989999999998,337,31,95.20468842729969,63.21209677419356,108,78.7
1,A,PREY,199,387.17000000000013,33,4661.989999999998,25,10,96.91,86.77849999999997,17,78.7
1,A,PREY,200,5747.739999999967,226,4661.989999999998,333,62,93.86945945945936,57.46794354838715,275,78.7
1,A,PREY,201,17.930000000000085,57,4661.989999999998,257,11,95.09023346303502,74.99772727272716,13,78.7
1,A,PREY,202,770.2500000000006,75,4661.989999999998,37,14,94.23486486486486,67.50803571428574,24,78.7
1,A,PREY,203,5666.369999999979,163,4661.989999999998,326,84,94.47831288343552,62.416904761904775,331,78.7
1,A,PREY,204,487.2900000000004,71,4661.989999999998,322,13,95.59335403726708,72.41750000000003,34,78.7
1,A,PREY,205,1661.8800000000003,62,4661.989999999998,168,11,91.3814880952381,74.45659090909089,11,78.7
1,A,PREY,206,9704.669999999953,283,4661.989999999998,319,164,93.01583072100311,57.41062500000006,1451,78.7
1,A,PREY,207,7300.149999999962,235,4661.989999999998,337,90,90.95762611275947,44.78694444444455,373,78.7
1,A,PREY,208,16864.499999999935,500,4661.989999999998,338,9,97.17369822485196,11.773333333333488,23,78.7
1,A,PREY,209,12420.859999999935,364,4661.989999999998,337,11,93.60999999999976,49.456590909090416,37,78.7
1,A,PREY,210,8893.259999999953,274,4661.989999999998,326,159,84.97920245398771,59.139056603773575,1416,78.7
1,A,PREY,211,17114.999999999945,500,4661.989999999998,338,9,95.97112426035487,20.567500000000006,15,78.7
1,A,PREY,212,17301.669999999973,483,4661.989999999998,335,168,97.78137313432833,38.62098214285737,2040,78.7
1,A,PREY,213,307.36000000000007,14,4661.989999999998,29,10,99.97206896551724,90.53799999999998,6,78.7
1,A,PREY,214,1242.6200000000006,88,4661.989999999998,336,21,95.84681547619046,73.93476190476187,63,78.7
1,A,PREY,215,223.0400000000002,46,4661.989999999998,95,14,97.01136842105261,71.34982142857142,19,78.7
1,A,PREY,216,16.680000000000028,32,4661.989999999998,74,12,97.54081081081081,73.15729166666664,12,78.7
1,A,PREY,217,14624.999999999909,500,4661.989999999998,335,17,97.43301492537304,21.298823529412097,181,78.7
1,A,PREY,218,5525.189999999973,181,4661.989999999998,335,65,97.47653731343281,58.40438461538468,254,78.7
1,A,PREY,219,550.2700000000001,23,4661.989999999998,48,11,99.955,74.25477272727271,6,78.7
1,A,PREY,220,5780.829999999978,167,4661.989999999998,334,36,97.81604790419155,59.55055555555558,190,78.7
1,A,PREY,221,660.1300000000002,37,4661.989999999998,30,11,97.437,76.09681818181816,9,78.7
1,A,PREY,222,7696.329999999954,267,4661.989999999998,335,58,95.62698507462676,53.579741379310384,302,78.7
1,A,PREY,223,13979.499999999927,400,4661.989999999998,337,18,97.7990801186943,53.4087499999997,101,78.7
1,A,PREY,224,7624.829999999965,217,4661.989999999998,332,130,92.947048192771,54.95582692307698,486,78.7
1,A,PREY,225,7864.379999999966,212,4661.989999999998,337,78,94.90910979228477,45.785576923077045,304,78.7
1,A,PREY,226,1260.4800000000002,52,4661.989999999998,102,16,92.46470588235296,66.96968750000005,23,78.7
1,A,PREY,227,4529.079999999982,142,4661.989999999998,334,25,96.37095808383224,61.32179999999998,78,78.7
1,A,PREY,228,988.2200000000001,28,4661.989999999998,91,12,94.0743956043956,67.56333333333332,3,78.7
1,A,PREY,229,218.20000000000022,30,4661.989999999998,43,11,96.04093023255814,80.47772727272726,9,78.7
1,A,PREY,230,28.420000000000016,8,4661.989999999998,34,10,99.83558823529411,83.83599999999998,2,78.7
1,A,PREY,231,26.630000000000074,37,4661.989999999998,55,12,92.61690909090909,76.08124999999997,13,78.7
1,A,PREY,232,224.1600000000001,34,4661.989999999998,66,13,89.86515151515152,66.5825,6,78.7
1,A,PREY,233,2713.809999999989,119,4661.989999999998,313,57,91.3555271565495,74.24307017543859,327,78.7
1,A,PREY,234,1224.3600000000008,114,4661.989999999998,332,43,96.97448795180722,67.83273255813953,224,78.7
1,A,PREY,235,5504.889999999979,161,4661.989999999998,333,38,96.20027027027024,68.04506578947372,162,78.7
1,A,PREY,236,28.470000000000006,3,4661.989999999998,33,13,98.75151515151515,67.85846153846154,1,78.7
1,A,PREY,237,331.6200000000003,38,4661.989999999998,96,17,94.620625,62.59941176470587,17,78.7
1,A,PREY,238,1534.7000000000005,80,4661.989999999998,325,27,94.39332307692305,76.00546296296294,113,78.7
1,A,PREY,239,17224.499999999964,500,4661.989999999998,125,152,86.17751999999996,71.7804934210527,1731,78.7
1,A,PREY,240,7203.829999999965,217,4661.989999999998,337,11,97.82617210682483,62.743409090908806,25,78.7
1,A,PREY,241,1634.9000000000003,60,4661.989999999998,238,12,91.6923949579832,65.78083333333332,16,78.7
1,A,PREY,242,10663.309999999947,319,4661.989999999998,255,133,89.19329411764704,74.8707330827068,1172,78.7
1,A,PREY,243,18026.499999999985,500,4661.989999999998,311,156,80.73636655948549,38.64459935897439,2321,78.7
1,A,PREY,244,775.0300000000003,47,4661.989999999998,36,11,99.71138888888889,78.08590909090903,11,78.7
1,A,PREY,245,8318.009999999962,249,4661.989999999998,333,43,96.03504504504501,60.80494186046514,170,78.7
1,A,PREY,246,18199.999999999993,500,4661.989999999998,338,7,96.36624260355016,33.4399999999999,28,78.7
1,A,PREY,247,504.73000000000013,27,4661.989999999998,36,11,96.53500000000001,79.58840909090907,9,78.7
1,A,PREY,248,3741.4399999999887,106,4661.989999999998,336,23,97.05583333333327,68.94391304347822,65,78.7
1,A,PREY,249,7805.979999999959,252,4661.989999999998,59,103,89.31711864406778,79.07388349514562,973,78.7
1,A,PREY,250,-11.02,2,4661.989999999998,30,12,99.66266666666667,75.18770833333333,2,78.7
1,A,PREY,251,12574.49999999994,500,4661.989999999998,338,10,95.2678106508874,20.044000000000047,15,78.7
1,A,PREY,252,6226.259999999975,174,4661.989999999998,328,81,94.1440853658536,61.17685185185189,387,78.7
1,A,PREY,253,7501.139999999951,286,4661.989999999998,337,13,97.24694362017793,49.93557692307668,43,78.7
1,A,PREY,254,1026.67,33,4661.989999999998,72,12,94.73166666666665,72.02374999999998,10,78.7
1,A,PREY,255,17954.99999999998,500,4661.989999999998,338,8,98.8389940828402,31.093749999999922,52,78.7
1,A,PREY,256,18395.000000000004,500,4661.989999999998,337,9,98.27335311572695,25.344166666666855,49,78.7
1,A,PREY,257,5447.849999999978,165,4661.989999999998,230,128,86.16391304347825,71.34685546875002,836,78.7
1,A,PREY,258,3331.9199999999896,108,4661.989999999998,337,15,98.79507418397624,65.93199999999996,37,78.7
1,A,PREY,259,5238.409999999981,159,4661.989999999998,295,128,86.67111864406775,64.01710937500003,677,78.7
1,A,PREY,260,14882.999999999905,500,4661.989999999998,338,28,93.28565088757375,48.011785714285736,146,78.7
1,A,PREY,261,7531.1299999999665,287,4661.989999999998,334,101,87.38820359281418,49.257178217821924,486,78.7
1,A,PREY,262,65.39000000000001,11,4661.989999999998,37,10,93.66702702702702,86.008,4,78.7
1,A,PREY,263,4541.619999999983,138,4661.989999999998,337,15,97.2891691394658,68.57199999999995,70,78.7
1,A,PREY,264,8992.829999999954,267,4661.989999999998,330,72,95.58915151515146,56.32284722222226,261,78.7
1,A,PREY,265,1224.5800000000002,42,4661.989999999998,110,12,89.85463636363636,75.74666666666666,13,78.7
1,A,PREY,266,7302.909999999968,209,4661.989999999998,333,37,97.172042042042,63.7339189189189,154,78.7
1,A,PREY,267,1025.67,33,4661.989999999998,31,12,97.15451612903227,78.29791666666665,11,78.7
1,A,PREY,268,9739.309999999954,269,4661.989999999998,319,166,89.09520376175543,53.33691265060252,1369,78.7
1,A,PREY,269,15156.889999999923,411,4661.989999999998,328,167,97.30015243902439,55.81384730538926,2211,78.7
1,A,PREY,270,8734.459999999957,254,4661.989999999998,324,158,92.39067901234566,63.793354430379786,1401,78.7
1,A,PREY,271,6152.589999999971,191,4661.989999999998,337,15,95.33955489614226,55.27999999999991,29,78.7
1,A,PREY,272,18395.000000000015,500,4661.989999999998,338,34,95.77124260355015,16.748823529412057,181,78.7
1,A,PREY,273,529.0000000000003,50,4661.989999999998,145,12,94.45158620689655,72.48687499999998,14,78.7
1,A,PREY,274,25.37000000000002,13,4661.989999999998,44,12,98.58454545454546,77.07416666666664,6,78.7
1,A,PREY,275,10323.63999999994,336,4661.989999999998,307,156,92.85185667752442,64.56240384615397,1041,78.7
1,A,PREY,276,67.94,6,4661.989999999998,36,11,99.69638888888889,78.77090909090909,2,78.7
1,A,PREY,277,495.01000000000033,49,4661.989999999998,149,10,96.0141610738255,79.96999999999993,11,78.7
1,A,PREY,278,108.31000000000004,19,4661.989999999998,39,11,95.2597435897436,80.62204545454544,5,78.7
1,A,PREY,279,143.16000000000005,34,4661.989999999998,37,13,93.59513513513515,64.80538461538464,6,78.7
1,A,PREY,280,15134.999999999916,500,4661.989999999998,338,9,98.26381656804726,27.496944444444335,24,78.7
1,A,PREY,281,6198.979999999969,202,4661.989999999998,270,79,91.67077777777779,73.06863924050634,524,78.7
1,A,PREY,282,1463.0600000000004,94,4661.989999999998,336,16,95.34639880952379,67.34749999999998,49,78.7
1,A,PREY,283,1346.0700000000002,43,4661.989999999998,95,11,90.75115789473685,83.01863636363632,17,78.7
1,A,PREY,284,18274.999999999996,500,4661.989999999998,338,27,93.22387573964477,49.26953703703693,98,78.7
1,A,PREY,285,1222.0400000000002,46,4661.989999999998,199,13,92.2408040201005,66.89307692307695,9,78.7
1,A,PREY,286,18079.99999999999,500,4661.989999999998,338,58,92.39798816568019,15.93556034482786,332,78.7
1,A,PREY,287,3860.0699999999847,143,4661.989999999998,320,58,93.39324999999997,72.08987068965519,323,78.7
1,A,PREY,288,6159.449999999971,205,4661.989999999998,336,66,95.75830357142851,60.76007575757577,245,78.7
1,A,PREY,289,17877.49999999998,500,4661.989999999998,338,9,98.02266272189345,45.72500000000001,268,78.7
1,A,PREY,290,4317.709999999984,129,4661.989999999998,336,29,98.09086309523805,62.39439655172413,78,78.7
1,A,PREY,291,18595.000000000015,500,4661.989999999998,338,12,88.31284023668591,25.138541666666598,95,78.7
1,A,PREY,292,479.27000000000015,23,4661.989999999998,45,11,99.99399999999999,75.44931818181816,2,78.7
1,A,PREY,293,18275.0,500,4661.989999999998,338,9,95.30008875739627,13.010000000000089,20,78.7
1,A,PREY,294,18435.00000000001,500,4661.989999999998,338,11,96.25301775147913,17.50090909090929,26,78.7
1,A,PREY,295,3373.7799999999856,122,4661.989999999998,336,18,99.0742261904762,73.87763888888885,64,78.7
1,A,PREY,296,1973.3100000000009,119,4661.989999999998,336,17,98.8801488095238,76.76499999999987,63,78.7
1,A,PREY,297,1479.9800000000012,152,4661.989999999998,337,14,99.43881305637979,68.46749999999983,53,78.7
1,A,PREY,298,1062.5900000000001,41,4661.989999999998,59,12,98.66728813559324,76.9441666666666,11,78.7
1,A,PREY,299,1680.3800000000003,62,4661.989999999998,153,13,93.68032679738562,66.43730769230768,18,78.7
1,A,PREY,300,3674.599999999979,240,4661.989999999998,335,15,93.40537313432816,61.94616666666655,154,78.7
1,A,PREY,301,3536.369999999978,163,4661.989999999998,333,46,95.92393393393391,68.43326086956519,236,78.7
1,A,PREY,302,2865.1899999999946,81,4661.989999999998,335,14,96.78388059701489,76.5330357142856,46,78.7
1,A,PREY,303,938.0900000000003,41,4661.989999999998,82,14,98.90926829268294,62.71964285714282,8,78.7
1,A,PREY,304,1227.1200000000001,38,4661.989999999998,36,10,97.62666666666667,77.56099999999992,3,78.7
1,A,PREY,305,18515.000000000015,500,4661.989999999998,338,9,97.59130177514784,28.611111111111022,92,78.7
1,A,PREY,306,3677.3299999999886,117,4661.989999999998,335,32,96.56659701492532,69.72453124999998,113,78.7
1,A,PREY,307,12345.869999999923,413,4661.989999999998,335,167,96.55665671641789,46.974670658682676,1970,78.7
1,A,PREY,308,16421.56999999992,443,4661.989999999998,337,15,96.76249258160225,28.692666666666735,80,78.7
1,A,PREY,309,8695.07999999996,242,4661.989999999998,14,13,100.0,56.06019230769203,23,78.7
1,A,PREY,310,14046.899999999923,410,4661.989999999998,318,159,85.0622955974842,27.034559748427775,1733,78.7
1,A,PREY,311,8103.759999999964,224,4661.989999999998,337,34,97.1219287833827,41.1424264705884,98,78.7
1,A,PREY,312,5698.909999999967,209,4661.989999999998,337,11,98.9981305637982,58.957272727272496,75,78.7
1,A,PREY,313,11754.899999999927,410,4661.989999999998,331,80,82.29404833836841,44.78690625000011,425,78.7
1,A,PREY,314,11829.609999999931,389,4661.989999999998,305,163,90.20688524590162,46.28470858895721,1124,78.7
1,A,PREY,315,1951.4600000000003,54,4661.989999999998,212,10,93.11754716981132,84.22599999999991,30,78.7
1,A,PREY,316,18695.00000000002,500,4661.989999999998,338,10,96.93239644970404,25.2797500000001,24,78.7
1,A,PREY,317,788.2900000000001,21,4661.989999999998,32,11,99.9746875,78.66340909090907,5,78.7
1,A,PREY,318,228.42000000000004,8,4661.989999999998,33,10,99.55424242424242,83.47599999999998,1,78.7
1,A,PREY,319,4825.34999999998,165,4661.989999999998,314,118,90.85420382165603,57.599788135593265,548,78.7
1,A,PREY,320,1876.0400000000006,96,4661.989999999998,333,22,97.17297297297294,73.39193181818179,111,78.7
1,A,PREY,321,11378.559999999941,394,4661.989999999998,337,14,98.37195845697322,32.70535714285721,83,78.7
1,A,PREY,322,18159.999999999985,500,4661.989999999998,338,11,98.43130177514786,14.091590909091213,18,78.7
1,A,PREY,323,3407.989999999992,151,4661.989999999998,333,54,95.11876876876873,67.52749999999997,236,78.7
1,A,PREY,324,18930.000000000025,500,4661.989999999998,336,45,97.5043452380952,46.22222222222222,224,78.7
1,A,PREY,325,2426.2699999999973,73,4661.989999999998,324,13,96.05728395061728,73.42153846153843,25,78.7
1,A,PREY,326,67.96,4,4661.989999999998,32,10,99.02875,86.61999999999998,2,78.7
1,A,PREY,327,18770.00000000002,500,4661.989999999998,337,13,97.5931157270029,35.155192307692445,213,78.7
1,A,PREY,328,7105.589999999971,191,4661.989999999998,297,142,89.05983164983162,62.510000000000055,688,78.7
1,A,PREY,329,922.2100000000002,29,4661.989999999998,73,11,95.99794520547945,74.83022727272727,11,78.7
1,A,PREY,330,744.7100000000002,29,4661.989999999998,69,13,96.13202898550725,65.12384615384616,5,78.7
1,A,PREY,331,17565.55000000001,495,4661.989999999998,337,9,95.23632047477729,26.8869444444444,30,78.7
1,A,PREY,332,620.2000000000002,30,4661.989999999998,61,13,97.37344262295082,66.26326923076924,8,78.7
1,A,PREY,333,11215.599999999939,340,4661.989999999998,337,12,97.21415430267054,41.59000000000003,27,78.7
1,A,PREY,334,343.29000000000013,21,4661.989999999998,56,11,96.86446428571428,75.93136363636363,4,78.7
1,A,PREY,335,-11.53,3,4661.989999999998,34,11,99.6864705882353,78.27568181818181,1,78.7
1,A,PREY,336,387.2500000000001,25,4661.989999999998,51,11,95.5335294117647,75.48727272727272,5,78.7
1,A,PREY,337,5665.82999999998,217,4661.989999999998,337,25,98.72406528189904,63.337999999999965,124,78.7
1,A,PREY,338,7443.479999999968,202,4661.989999999998,333,65,98.9958258258258,56.3764615384616,248,78.7
1,A,PREY,339,4326.639999999982,136,4661.989999999998,328,65,96.28740853658535,68.68799999999999,290,78.7
1,A,PREY,340,1876.9200000000008,108,4661.989999999998,332,50,97.4650301204819,61.983800000000045,179,78.7
1,A,PREY,341,15858.829999999918,467,4661.989999999998,319,82,90.61068965517234,62.81692073170734,436,78.7
1,A,PREY,342,6525.97999999997,202,4661.989999999998,333,18,98.82933933933933,67.37833333333332,105,78.7
1,A,PREY,343,10749.079999999938,342,4661.989999999998,6,12,100.0,40.62229166666649,27,78.7
1,A,PREY,344,7902.389999999966,211,4661.989999999998,307,136,88.57257328990225,62.40715073529415,690,78.7
1,A,PREY,345,2247.8399999999983,66,4661.989999999998,261,12,94.3416091954023,69.28687499999994,10,78.7
1,A,PREY,346,5624.679999999977,182,4661.989999999998,336,18,97.63279761904757,65.87083333333341,94,78.7
1,A,PREY,347,4067.4199999999814,158,4661.989999999998,337,26,98.303768545994,68.96663461538459,103,78.7
1,A,PREY,348,3730.5399999999877,146,4661.989999999998,337,18,95.38100890207706,69.71333333333321,46,78.7
1,A,PREY,349,18619.500000000025,500,4661.989999999998,338,12,95.50775147928978,26.614375000000134,68,78.7
1,A,PREY,350,8811.529999999959,247,4661.989999999998,333,50,98.16600600600599,61.72635000000005,230,78.7
1,B,PREDATOR,1,29.242500000000376,215,493.36050000000057,337,53,96.75943620178029,43.449150943396376,235,540.0
1,B,PREDATOR,2,3.320000000000034,168,493.36050000000057,337,16,99.43089020771511,51.99828124999996,47,540.0
1,B,PREDATOR,3,-11.760000000000002,176,493.36050000000057,333,88,95.58909909909904,54.83028409090912,441,540.0
1,B,PREDATOR,4,13.792499999999647,314,493.36050000000057,337,17,94.56715133531137,36.95617647058806,64,540.0
1,B,PREDATOR,5,-12.599999999999989,260,493.36050000000057,337,70,96.25626112759629,43.3504642857144,368,540.0
1,B,PREDATOR,6,28.785000000000352,281,493.36050000000057,337,117,96.67614243323429,41.063418803418976,621,540.0
1,B,PREDATOR,7,-11.740000000000002,174,493.36050000000057,337,22,98.5456973293768,54.46874999999996,71,540.0
1,B,PREDATOR,8,3.2600000000000318,174,493.36050000000057,14,12,100.0,66.79083333333303,16,540.0
1,B,PREDATOR,9,152.59250000000233,500,493.36050000000057,337,18,98.67715133531152,21.4631944444445,167,540.0
1,B,PREDATOR,10,28.96250000000031,297,493.36050000000057,337,18,95.6157863501482,27.53305555555566,32,540.0
1,B,PREDATOR,11,12.429999999999803,430,493.36050000000057,8,11,100.0,34.25090909090872,23,540.0
1,B,PREDATOR,12,39.38000000000023,405,493.36050000000057,337,14,96.79827893175063,33.81928571428573,36,540.0
1,B,PREDATOR,13,269.9175000000028,446,493.36050000000057,337,157,97.7750148367952,32.81649681528677,1340,540.0
1,B,PREDATOR,14,1.2825000000000628,315,493.36050000000057,337,18,94.89821958456955,48.08513888888868,69,540.0
1,B,PREDATOR,15,28.75250000000058,318,493.36050000000057,337,30,97.57062314540049,28.0362500000002,83,540.0
1,B,PREDATOR,16,-12.819999999999984,282,493.36050000000057,337,14,98.8642729970326,35.24285714285731,32,540.0
1,B,PREDATOR,17,3.0300000000000367,197,493.36050000000057,337,23,95.34456973293752,49.24000000000001,79,540.0
1,B,PREDATOR,18,305.0025000000026,365,493.36050000000057,337,160,98.26632047477739,28.6530156250002,986,540.0
1,B,PREDATOR,19,274.5450000000011,500,493.36050000000057,337,11,98.03620178041535,27.673181818181845,39,540.0
1,B,PREDATOR,20,-13.299999999999974,330,493.36050000000057,337,54,98.70189910979222,27.201805555555666,220,540.0
1,B,PREDATOR,21,476.6800000000027,500,493.36050000000057,337,10,99.61997032640947,22.65325000000018,43,540.0
1,B,PREDATOR,22,691.9975000000023,500,493.36050000000057,337,9,94.1561424332342,31.38361111111071,51,540.0
1,B,PREDATOR,23,452.18500000000137,500,493.36050000000057,337,10,96.73620178041531,24.281250000000036,35,540.0
1,B,PREDATOR,24,392.04500000000223,500,493.36050000000057,337,92,94.67816023738854,25.086983695652457,679,540.0
1,B,PREDATOR,25,155.29000000000045,500,493.36050000000057,337,10,95.40091988130547,24.68324999999995,74,540.0
1,B,PREDATOR,26,65.61499999999879,441,493.36050000000057,337,13,95.0358456973292,19.32461538461559,22,540.0
1,B,PREDATOR,27,-12.409999999999993,241,493.36050000000057,337,42,96.25480712166157,46.06583333333334,214,540.0
1,B,PREDATOR,28,1443.1550000000025,500,493.36050000000057,337,10,99.83228486646883,23.131249999999945,85,540.0
1,B,PREDATOR,29,65.33249999999798,452,493.36050000000057,337,16,93.70314540059323,18.434218750000166,82,540.0
1,B,PREDATOR,30,816.8950000000038,500,493.36050000000057,337,71,94.81818991097903,19.70869718309887,505,540.0
1,B,PREDATOR,31,-12.609999999999989,261,493.36050000000057,337,13,98.52670623145396,43.58826923076918,23,540.0
1,B,PREDATOR,32,198.1225000000009,500,493.36050000000057,337,29,93.3968842729968,39.00086206896548,159,540.0
1,B,PREDATOR,33,-13.189999999999976,319,493.36050000000057,337,13,99.54056379821958,41.38884615384606,38,540.0
1,B,PREDATOR,34,-12.429999999999993,243,493.36050000000057,11,15,100.0,53.112499999999606,45,540.0
1,B,PREDATOR,35,13.959999999999573,277,493.36050000000057,337,14,91.09118694361983,33.14321428571431,21,540.0
1,B,PREDATOR,36,13.329999999999751,340,493.36050000000057,337,27,97.61762611275955,38.0579629629631,142,540.0
1,B,PREDATOR,37,237.17000000000297,402,493.36050000000057,336,169,95.94485119047609,42.314733727810776,1473,540.0
1,B,PREDATOR,38,2.740000000000048,226,493.36050000000057,337,15,94.17724035608286,50.70033333333309,37,540.0
1,B,PREDATOR,39,-12.259999999999996,226,493.36050000000057,337,30,98.63985163204741,42.239833333333415,84,540.0
1,B,PREDATOR,40,92.08249999999849,477,493.36050000000057,4,11,100.0,30.868636363636025,28,540.0
1,B,PREDATOR,41,449.12750000000386,500,493.36050000000057,337,23,96.23403560830847,23.165108695652393,156,540.0
1,B,PREDATOR,42,396.9100000000022,500,493.36050000000057,337,26,92.5759050445101,16.904326923077097,209,540.0
1,B,PREDATOR,43,-12.12,212,493.36050000000057,337,16,97.59483679525212,48.48031249999984,34,540.0
1,B,PREDATOR,44,-12.459999999999992,246,493.36050000000057,336,140,95.46928571428565,49.98880357142864,770,540.0
1,B,PREDATOR,45,74.45499999999845,364,493.36050000000057,337,17,98.17712166172099,27.571911764706034,40,540.0
1,B,PREDATOR,46,-12.52999999999999,253,493.36050000000057,337,15,98.50747774480706,46.32349999999983,65,540.0
1,B,PREDATOR,47,13.412499999999577,352,493.36050000000057,337,22,95.46029673590486,29.125795454545575,69,540.0
1,B,PREDATOR,48,522.3575000000037,500,493.36050000000057,337,13,99.71780415430267,22.598269230769144,82,540.0
1,B,PREDATOR,49,55.5149999999989,308,493.36050000000057,337,43,91.7521068249255,34.8639534883722,214,540.0
1,B,PREDATOR,50,277.5125000000032,500,493.36050000000057,337,11,89.64442136498477,22.265681818181733,39,540.0
1,B,PREDATOR,51,957.7825000000022,500,493.36050000000057,337,16,94.74041543026686,33.89546875000009,95,540.0
1,B,PREDATOR,52,236.0799999999988,500,493.36050000000057,337,15,98.12281899109783,20.49750000000007,94,540.0
1,B,PREDATOR,53,1140.7800000000027,500,493.36050000000057,337,10,95.61670623145383,23.958750000000048,67,540.0
1,B,PREDATOR,54,584.7250000000026,500,493.36050000000057,337,19,95.21468842729952,17.871184210526458,113,540.0
1,B,PREDATOR,55,-12.509999999999991,251,493.36050000000057,337,14,99.76498516320474,41.73714285714299,28,540.0
1,B,PREDATOR,56,648.8850000000032,500,493.36050000000057,337,11,96.15056379821944,24.592272727272725,52,540.0
1,B,PREDATOR,57,957.4100000000022,500,493.36050000000057,337,12,97.00097922848654,23.36541666666672,88,540.0
1,B,PREDATOR,58,574.2400000000015,500,493.36050000000057,337,18,96.94531157270019,33.50930555555557,133,540.0
1,B,PREDATOR,59,29.09000000000043,276,493.36050000000057,337,35,90.91664688427267,37.18157142857151,141,540.0
1,B,PREDATOR,60,634.8700000000036,500,493.36050000000057,337,29,94.79548961424314,18.098189655172632,151,540.0
1,B,PREDATOR,61,958.9425000000028,500,493.36050000000057,337,120,99.50094955489612,29.006666666666934,829,540.0
1,B,PREDATOR,62,692.7725000000033,500,493.36050000000057,337,9,96.26807121661707,39.82916666666655,98,540.0
1,B,PREDATOR,63,1025.427500000001,500,493.36050000000057,336,170,95.67788690476175,30.720161764705903,1406,540.0
1,B,PREDATOR,64,38.79000000000065,491,493.36050000000057,337,10,96.12706231453991,22.529500000000027,28,540.0
1,B,PREDATOR,65,250.93750000000279,500,493.36050000000057,337,108,95.2032047477743,28.437314814814844,950,540.0
1,B,PREDATOR,66,13.747499999999556,305,493.36050000000057,337,14,96.89762611275954,35.94107142857141,22,540.0
1,B,PREDATOR,67,12.784999999999728,381,493.36050000000057,337,13,95.85091988130549,31.67480769230768,23,540.0
1,B,PREDATOR,68,263.04250000000076,500,493.36050000000057,337,28,96.51367952522241,18.169732142857253,137,540.0
1,B,PREDATOR,69,-12.969999999999981,297,493.36050000000057,337,15,97.82860534124622,37.59649999999998,52,540.0
1,B,PREDATOR,70,29.072500000000517,286,493.36050000000057,337,15,94.51293768545973,34.09316666666676,21,540.0
1,B,PREDATOR,71,65.65249999999929,474,493.36050000000057,337,23,98.92249258160234,33.55543478260871,115,540.0
1,B,PREDATOR,72,14.002499999999836,293,493.36050000000057,337,17,99.47851632047477,32.77029411764716,46,540.0
1,B,PREDATOR,73,-12.189999999999998,219,493.36050000000057,337,14,98.66344213649847,47.22821428571422,24,540.0
1,B,PREDATOR,74,531.0850000000015,500,493.36050000000057,337,9,95.7683976261126,26.396666666666604,32,540.0
1,B,PREDATOR,75,92.76499999999862,429,493.36050000000057,331,164,91.08096676737149,30.207789634146383,2059,540.0
1,B,PREDATOR,76,155.74000000000086,500,493.36050000000057,337,13,94.28620178041521,19.856730769230996,36,540.0
1,B,PREDATOR,77,496.5400000000024,500,493.36050000000057,337,42,97.7684866468842,19.302619047619352,255,540.0
1,B,PREDATOR,78,-12.189999999999998,219,493.36050000000057,337,16,93.33554896142408,43.31671875000016,31,540.0
1,B,PREDATOR,79,65.32749999999795,493,493.36050000000057,337,15,99.47326409495548,20.637666666666828,115,540.0
1,B,PREDATOR,80,41.52750000000041,224,493.36050000000057,334,47,94.25086826347292,57.42069148936172,322,540.0
1,B,PREDATOR,81,554.3525000000025,500,493.36050000000057,337,18,96.7622255192877,29.677083333333265,99,540.0
1,B,PREDATOR,82,328.31250000000284,500,493.36050000000057,337,18,95.24857566765562,39.8834722222222,440,540.0
1,B,PREDATOR,83,14.302499999999773,263,493.36050000000057,337,14,98.75575667655782,41.699285714285715,51,540.0
1,B,PREDATOR,84,14.249999999999629,248,493.36050000000057,337,12,93.41774480712144,53.55916666666642,34,540.0
1,B,PREDATOR,85,1041.805000000003,500,493.36050000000057,337,10,94.4660237388722,39.68124999999983,70,540.0
1,B,PREDATOR,86,797.9475000000034,500,493.36050000000057,337,20,94.02002967359027,21.485000000000078,161,540.0
1,B,PREDATOR,87,799.7725000000016,500,493.36050000000057,337,9,94.75237388724015,30.594722222222043,45,540.0
1,B,PREDATOR,88,771.1825000000016,500,493.36050000000057,335,11,93.73352238805947,39.91068181818154,92,540.0
1,B,PREDATOR,89,66.71499999999853,361,493.36050000000057,337,11,99.20513353115724,27.813636363636476,15,540.0
1,B,PREDATOR,90,14.367499999999685,204,493.36050000000057,335,27,93.45086567164165,62.65703703703698,213,540.0
1,B,PREDATOR,91,14.152499999999568,278,493.36050000000057,337,35,94.97448071216598,45.76049999999993,191,540.0
1,B,PREDATOR,92,39.992500000000184,340,493.36050000000057,3,15,100.0,52.69549999999929,60,540.0
1,B,PREDATOR,93,40.48750000000018,328,493.36050000000057,12,12,100.0,41.19458333333304,20,540.0
1,B,PREDATOR,94,3.3300000000000285,167,493.36050000000057,335,19,97.30788059701482,58.756184210526236,73,540.0
1,B,PREDATOR,95,-13.239999999999975,324,493.36050000000057,337,12,92.6239169139463,46.859374999999964,56,540.0
1,B,PREDATOR,96,448.567500000001,500,493.36050000000057,337,27,98.91860534124625,24.848148148148326,237,540.0
1,B,PREDATOR,97,13.279999999999545,345,493.36050000000057,337,169,94.7339762611274,33.76168639053271,1081,540.0
1,B,PREDATOR,98,890.7275000000039,500,493.36050000000057,337,12,97.13967359050436,28.18187500000009,82,540.0
1,B,PREDATOR,99,13.609999999999639,336,493.36050000000057,337,13,95.15415430267045,29.509038461538356,24,540.0
1,B,PREDATOR,100,1265.6975000000025,500,493.36050000000057,337,18,94.70893175074164,26.284305555555495,146,540.0
1,B,PREDATOR,101,757.9525000000033,500,493.36050000000057,337,20,94.48525222551906,25.954500000000035,176,540.0
1,B,PREDATOR,102,116.9874999999981,500,493.36050000000057,11,10,100.0,18.54199999999974,20,540.0
1,B,PREDATOR,103,-13.00999999999998,301,493.36050000000057,337,62,95.6735905044509,44.69322580645167,317,540.0
1,B,PREDATOR,104,720.7975000000009,500,493.36050000000057,337,12,96.83557863501471,20.325625000000002,67,540.0
1,B,PREDATOR,105,12.654999999999488,421,493.36050000000057,337,14,97.30608308605333,55.57892857142844,90,540.0
1,B,PREDATOR,106,236.8600000000023,500,493.36050000000057,337,25,93.90047477744783,22.740100000000112,151,540.0
1,B,PREDATOR,107,1120.7350000000033,500,493.36050000000057,337,12,98.35035608308603,31.822499999999973,73,540.0
1,B,PREDATOR,108,54.5299999999984,420,493.36050000000057,13,11,100.0,30.23386363636329,18,540.0
1,B,PREDATOR,109,66.10749999999818,388,493.36050000000057,5,12,100.0,38.237916666666486,26,540.0
1,B,PREDATOR,110,-12.289999999999996,229,493.36050000000057,337,111,94.8576854599405,37.33306306306322,581,540.0
1,B,PREDATOR,111,-12.819999999999984,282,493.36050000000057,337,14,96.55498516320462,39.31660714285707,15,540.0
1,B,PREDATOR,112,-11.830000000000002,183,493.36050000000057,336,27,95.14547619047605,64.74907407407403,97,540.0
1,B,PREDATOR,113,969.8400000000036,500,493.36050000000057,337,9,93.78379821958433,32.47583333333316,54,540.0
1,B,PREDATOR,114,974.1525000000037,500,493.36050000000057,337,39,91.73875370919849,17.339166666666912,299,540.0
1,B,PREDATOR,115,40.305000000000476,302,493.36050000000057,337,61,96.92382789317497,45.94647540983609,372,540.0
1,B,PREDATOR,116,2169.142499999992,500,493.36050000000057,337,120,94.40712166172086,20.844479166666982,1007,540.0
1,B,PREDATOR,117,1347.6500000000026,500,493.36050000000057,337,11,94.60602373887222,26.487727272727373,70,540.0
1,B,PREDATOR,118,135.32750000000198,288,493.36050000000057,337,61,97.04878338278921,28.92389344262314,248,540.0
1,B,PREDATOR,119,114.73249999999848,355,493.36050000000057,337,43,96.64712166172094,21.677151162790835,191,540.0
1,B,PREDATOR,120,40.290000000000546,317,493.36050000000057,337,22,96.98175074183965,31.23715909090906,85,540.0
1,B,PREDATOR,121,-12.339999999999995,234,493.36050000000057,337,13,94.20118694361996,50.12961538461506,25,540.0
1,B,PREDATOR,122,717.1175000000036,464,493.36050000000057,337,41,97.0575074183975,28.243414634146596,354,540.0
1,B,PREDATOR,123,256.4450000000027,355,493.36050000000057,337,21,98.28934718100885,35.472023809523805,66,540.0
1,B,PREDATOR,124,773.8300000000033,500,493.36050000000057,337,40,96.9495252225518,24.156812500000118,372,540.0
1,B,PREDATOR,125,1908.970000000001,500,493.36050000000057,336,30,94.58738095238076,19.238750000000095,309,540.0
1,B,PREDATOR,126,1334.430000000003,500,493.36050000000057,337,15,93.9207418397624,29.116000000000046,126,540.0
1,B,PREDATOR,127,1740.819999999999,500,493.36050000000057,336,64,93.13916666666644,17.48878906250029,496,540.0
1,B,PREDATOR,128,492.69000000000347,500,493.36050000000057,337,8,96.6188130563797,38.281874999999836,158,540.0
1,B,PREDATOR,129,790.9900000000034,500,493.36050000000057,337,18,94.73946587537071,12.1868055555558,84,540.0
1,B,PREDATOR,130,1493.8050000000012,500,493.36050000000057,337,166,91.21887240356052,26.708780120482132,1483,540.0
1,B,PREDATOR,131,74.98749999999758,500,493.36050000000057,337,12,95.65008902077136,23.176875000000063,26,540.0
1,B,PREDATOR,132,2127.419999999995,500,493.36050000000057,337,116,93.99344213649829,16.349008620689883,1122,540.0
1,B,PREDATOR,133,13.744999999999541,312,493.36050000000057,337,40,92.18219584569704,31.981000000000268,190,540.0
1,B,PREDATOR,134,1463.5750000000025,500,493.36050000000057,337,54,96.91614243323428,19.155092592592798,379,540.0
1,B,PREDATOR,135,1181.6875000000018,500,493.36050000000057,336,7,89.65062499999964,40.9249999999996,77,540.0
1,B,PREDATOR,136,799.9075000000029,500,493.36050000000057,337,11,94.93195845697309,41.62318181818181,87,540.0
1,B,PREDATOR,137,48.662500000000094,500,493.36050000000057,337,13,95.32169139465859,19.529230769230914,84,540.0
1,B,PREDATOR,138,32.98500000000055,311,493.36050000000057,337,26,96.80370919881292,28.607019230769342,82,540.0
1,B,PREDATOR,139,12.672499999999639,399,493.36050000000057,337,17,98.3337982195845,22.72558823529423,70,540.0
1,B,PREDATOR,140,1450.3175000000015,500,493.36050000000057,337,12,98.1810385756676,32.4793750000001,83,540.0
1,B,PREDATOR,141,178.90250000000165,264,493.36050000000057,337,15,98.26685459940646,37.272833333333416,50,540.0
1,B,PREDATOR,142,1221.2275000000018,500,493.36050000000057,337,15,93.91388724035589,38.861833333333195,121,540.0
1,B,PREDATOR,143,-13.079999999999979,308,493.36050000000057,312,157,86.7256089743589,45.35718152866252,1144,540.0
1,B,PREDATOR,144,952.9050000000019,500,493.36050000000057,337,14,97.0866468842729,43.985535714285625,174,540.0
1,B,PREDATOR,145,1179.6925000000024,500,493.36050000000057,336,18,93.98535714285693,14.82958333333358,96,540.0
1,B,PREDATOR,146,20.039999999999957,365,493.36050000000057,337,16,95.12388724035588,23.282968750000087,28,540.0
1,B,PREDATOR,147,-12.11,211,493.36050000000057,337,16,96.90786350148355,48.63874999999994,31,540.0
1,B,PREDATOR,148,1463.9999999999995,500,493.36050000000057,336,45,97.57883928571421,56.242222222222246,353,540.0
1,B,PREDATOR,149,13.524999999999482,334,493.36050000000057,337,169,94.56445103857547,51.042381656804714,1690,540.0
1,B,PREDATOR,150,3.3000000000000362,170,493.36050000000057,337,13,98.7121958456973,61.81730769230759,50,540.0
1,B,PREDATOR,151,12.929999999999575,299,493.36050000000057,337,11,96.70249258160226,43.96522727272722,12,540.0
1,B,PREDATOR,152,1035.7975000000033,500,493.36050000000057,334,127,97.2772155688622,27.169389763779794,1065,540.0
1,B,PREDATOR,153,122.4924999999977,500,493.36050000000057,337,14,96.39483679525209,29.390892857142642,51,540.0
1,B,PREDATOR,154,555.1375000000014,500,493.36050000000057,337,38,95.67074183976244,23.759276315789602,230,540.0
1,B,PREDATOR,155,-12.629999999999988,263,493.36050000000057,337,14,98.25359050445097,38.85482142857137,19,540.0
1,B,PREDATOR,156,1427.8375000000024,500,493.36050000000057,337,10,97.76818991097916,25.216000000000033,74,540.0
1,B,PREDATOR,157,65.6524999999979,471,493.36050000000057,337,61,92.94795252225494,13.24454918032807,491,540.0
1,B,PREDATOR,158,1272.8600000000022,500,493.36050000000057,337,10,96.73676557863489,20.83000000000013,79,540.0
1,B,PREDATOR,159,1805.317499999997,500,493.36050000000057,335,13,95.33295522388045,47.06673076923076,179,540.0
1,B,PREDATOR,160,126.65999999999882,500,493.36050000000057,337,10,94.81614243323423,13.108999999999991,22,540.0
1,B,PREDATOR,161,67.62249999999864,500,493.36050000000057,337,11,95.8276854599405,21.72749999999975,20,540.0
1,B,PREDATOR,162,90.29499999999804,500,493.36050000000057,337,111,95.27611275964374,27.56702702702718,1069,540.0
1,B,PREDATOR,163,799.3850000000016,500,493.36050000000057,337,43,95.38160237388706,25.94011627906995,277,540.0
1,B,PREDATOR,164,435.9950000000018,500,493.36050000000057,337,9,98.48296735905039,36.62055555555528,90,540.0
1,B,PREDATOR,165,-13.629999999999967,363,493.36050000000057,337,37,99.29922848664685,37.333513513513545,157,540.0
1,B,PREDATOR,166,2049.0075000000006,500,493.36050000000057,337,11,97.99086053412454,20.302272727272978,153,540.0
1,B,PREDATOR,167,-12.829999999999984,283,493.36050000000057,337,169,94.72602373887223,40.933431952662865,1035,540.0
1,B,PREDATOR,168,75.45999999999901,500,493.36050000000057,337,126,97.28290801186932,23.433750000000142,1151,540.0
1,B,PREDATOR,169,-12.729999999999986,273,493.36050000000057,335,169,95.57498507462674,46.24298816568055,1085,540.0
1,B,PREDATOR,170,142.98500000000305,454,493.36050000000057,337,74,95.41899109792269,36.93753378378387,475,540.0
1,B,PREDATOR,171,66.85749999999898,340,493.36050000000057,336,43,95.55035714285702,49.737267441860524,248,540.0
1,B,PREDATOR,172,471.9325000000026,500,493.36050000000057,337,26,95.631127596439,17.388269230769478,173,540.0
1,B,PREDATOR,173,1080.2725000000032,500,493.36050000000057,337,12,92.2532640949552,27.541874999999987,74,540.0
1,B,PREDATOR,174,54.10499999999943,476,493.36050000000057,337,25,94.15178041543005,18.60540000000027,183,540.0
1,B,PREDATOR,175,523.0375000000017,500,493.36050000000057,337,16,97.49771513353106,26.708593750000073,124,540.0
1,B,PREDATOR,176,319.367499999999,500,493.36050000000057,337,14,93.7916320474775,17.69214285714298,75,540.0
1,B,PREDATOR,177,12.704999999999421,413,493.36050000000057,337,10,98.4764094955489,35.17374999999978,28,540.0
1,B,PREDATOR,178,40.177499999999895,362,493.36050000000057,337,12,92.39219584569705,30.43374999999988,37,540.0
1,B,PREDATOR,179,1112.8750000000014,500,493.36050000000057,336,10,91.59044642857113,22.79025000000014,59,540.0
1,B,PREDATOR,180,128.34000000000395,500,493.36050000000057,337,11,98.81290801186938,23.148863636363473,18,540.0
1,B,PREDATOR,181,67.35249999999878,304,493.36050000000057,337,62,93.55486646884249,31.99100806451631,255,540.0
1,B,PREDATOR,182,-11.700000000000001,170,493.36050000000057,337,58,96.0508605341245,47.39232758620696,236,540.0
1,B,PREDATOR,183,13.877499999999776,292,493.36050000000057,337,16,98.6910385756676,38.692031250000014,42,540.0
1,B,PREDATOR,184,66.29999999999845,443,493.36050000000057,337,28,96.45323442136485,28.481875000000038,108,540.0
1,B,PREDATOR,185,3.25000000000003,175,493.36050000000057,337,17,98.50729970326405,42.30588235294122,73,540.0
1,B,PREDATOR,186,247.2000000000018,434,493.36050000000057,337,100,96.9621068249257,22.049050000000225,602,540.0
1,B,PREDATOR,187,260.83250000000214,314,493.36050000000057,337,97,95.82189910979214,28.241804123711464,476,540.0
1,B,PREDATOR,188,13.94499999999955,292,493.36050000000057,4,12,100.0,51.496249999999826,27,540.0
1,B,PREDATOR,189,350.8250000000015,264,493.36050000000057,333,40,93.74171171171153,53.691187500000034,262,540.0
1,B,PREDATOR,190,236.04250000000292,500,493.36050000000057,337,14,96.82293768545982,19.332500000000103,75,540.0
1,B,PREDATOR,191,26.59500000000078,450,493.36050000000057,9,12,100.0,24.12333333333328,23,540.0
1,B,PREDATOR,192,55.35249999999939,331,493.36050000000057,337,15,99.53780415430266,35.00949999999992,34,540.0
1,B,PREDATOR,193,289.30000000000115,500,493.36050000000057,337,13,92.12890207715104,22.81884615384623,44,540.0
1,B,PREDATOR,194,170.01250000000095,500,493.36050000000057,337,6,95.27353115726986,22.75916666666669,25,540.0
1,B,PREDATOR,195,611.1400000000016,500,493.36050000000057,337,24,96.83729970326398,35.17864583333338,166,540.0
1,B,PREDATOR,196,39.48500000000072,438,493.36050000000057,337,10,96.52373887240343,16.14425000000017,13,540.0
1,B,PREDATOR,197,841.000000000001,500,493.36050000000057,337,15,97.87275964391681,31.43449999999996,119,540.0
1,B,PREDATOR,198,917.662500000003,500,493.36050000000057,337,12,94.09640949554874,16.25333333333333,84,540.0
1,B,PREDATOR,199,637.7350000000027,500,493.36050000000057,337,14,96.07480712166156,32.108571428571544,89,540.0
1,B,PREDATOR,200,1846.282500000003,500,493.36050000000057,337,12,91.76913946587506,17.77708333333337,112,540.0
1,B,PREDATOR,201,312.2450000000025,500,493.36050000000057,337,49,93.42394658753685,26.64168367346954,329,540.0
1,B,PREDATOR,202,117.10749999999896,500,493.36050000000057,337,13,96.24409495548947,34.64288461538452,57,540.0
1,B,PREDATOR,203,12.77749999999948,402,493.36050000000057,337,14,99.2414540059347,15.291071428571595,26,540.0
1,B,PREDATOR,204,28.927500000000386,287,493.36050000000057,337,12,93.74504451038553,50.890624999999794,54,540.0
1,B,PREDATOR,205,1160.9525000000017,500,493.36050000000057,337,10,94.82471810089001,21.80175000000012,82,540.0
1,B,PREDATOR,206,29.10250000000054,283,493.36050000000057,314,155,78.32786624203811,48.018338709677515,1216,540.0
1,B,PREDATOR,207,13.252499999999513,368,493.36050000000057,337,137,97.40729970326402,37.99859489051098,1176,540.0
1,B,PREDATOR,208,2198.349999999996,500,493.36050000000057,337,10,96.84314540059336,28.87699999999999,119,540.0
1,B,PREDATOR,209,270.67500000000354,500,493.36050000000057,337,63,90.94118694361985,30.675119047619145,493,540.0
1,B,PREDATOR,210,774.2950000000034,476,493.36050000000057,337,114,93.68744807121638,22.768377192982488,1324,540.0
1,B,PREDATOR,211,-13.359999999999973,336,493.36050000000057,337,13,95.8757566765577,36.998076923076916,40,540.0
1,B,PREDATOR,212,1035.6150000000034,473,493.36050000000057,337,8,95.80489614243308,32.13062499999957,61,540.0
1,B,PREDATOR,213,547.2200000000036,500,493.36050000000057,337,13,94.74504451038557,21.653846153846168,63,540.0
1,B,PREDATOR,214,-13.139999999999977,314,493.36050000000057,336,169,95.02770833333322,54.59727810650882,1562,540.0
1,B,PREDATOR,215,102.96499999999877,253,493.36050000000057,337,12,98.28510385756671,51.22916666666635,60,540.0
1,B,PREDATOR,216,13.892499999999606,250,493.36050000000057,337,14,97.74394658753702,43.024285714285575,16,540.0
1,B,PREDATOR,217,81.58999999999945,360,493.36050000000057,336,14,93.11377976190451,29.88500000000011,23,540.0
1,B,PREDATOR,218,12.96749999999942,383,493.36050000000057,336,52,99.01339285714283,34.17110576923095,306,540.0
1,B,PREDATOR,219,1333.2675000000002,500,493.36050000000057,337,124,98.2185163204747,24.339596774193634,1246,540.0
1,B,PREDATOR,220,2145.334999999996,500,493.36050000000057,337,37,98.16326409495541,21.878175675675887,324,540.0
1,B,PREDATOR,221,984.085000000001,500,493.36050000000057,337,20,97.43427299703255,21.72475000000007,133,540.0
1,B,PREDATOR,222,39.37500000000063,395,493.36050000000057,337,13,96.64240356083074,22.509615384615564,23,540.0
1,B,PREDATOR,223,413.24500000000313,479,493.36050000000057,337,26,94.46418397626091,16.9396153846155,155,540.0
1,B,PREDATOR,224,39.95000000000053,324,493.36050000000057,337,22,98.84059347181007,33.108863636363544,132,540.0
1,B,PREDATOR,225,1615.9475000000025,500,493.36050000000057,337,115,98.62008902077147,33.92149999999996,1379,540.0
1,B,PREDATOR,226,155.5525000000018,500,493.36050000000057,337,12,97.1553709198812,20.72520833333329,74,540.0
1,B,PREDATOR,227,47.51500000000064,500,493.36050000000057,337,9,95.30860534124612,19.960555555555548,40,540.0
1,B,PREDATOR,228,39.10250000000069,429,493.36050000000057,337,13,96.89691394658742,25.588461538461488,39,540.0
1,B,PREDATOR,229,1250.7050000000024,500,493.36050000000057,336,11,99.49461309523808,23.936363636363716,88,540.0
1,B,PREDATOR,230,56.15749999999908,264,493.36050000000057,337,24,96.03795252225504,34.23385416666667,45,540.0
1,B,PREDATOR,231,-12.229999999999997,223,493.36050000000057,337,13,95.6324629080117,38.75538461538446,12,540.0
1,B,PREDATOR,232,1441.755000000001,500,493.36050000000057,337,125,98.47376854599403,37.02548000000015,874,540.0
1,B,PREDATOR,233,1433.0375000000001,500,493.36050000000057,337,13,87.6089910979225,22.25173076923082,77,540.0
1,B,PREDATOR,234,12.572499999999332,436,493.36050000000057,337,47,96.84510385756663,21.04707446808532,212,540.0
1,B,PREDATOR,235,1905.9625000000012,500,493.36050000000057,337,21,99.38053412462905,26.194523809523844,204,540.0
1,B,PREDATOR,236,20.199999999999967,346,493.36050000000057,337,12,96.0889317507417,46.64937499999983,90,540.0
1,B,PREDATOR,237,266.35000000000264,500,493.36050000000057,334,139,95.54035928143703,25.933633093525387,1613,540.0
1,B,PREDATOR,238,190.58750000000347,500,493.36050000000057,337,24,96.0816617210681,27.736770833333367,168,540.0
1,B,PREDATOR,239,328.15250000000316,500,493.36050000000057,337,16,96.2502670623144,24.602656250000248,154,540.0
1,B,PREDATOR,240,1718.6750000000022,500,493.36050000000057,337,127,97.4227596439168,38.45765748031505,1117,540.0
1,B,PREDATOR,241,38.22250000000063,472,493.36050000000057,7,12,100.0,27.92020833333304,26,540.0
1,B,PREDATOR,242,505.1850000000038,500,493.36050000000057,337,95,97.767181008902,14.333342105263407,821,540.0
1,B,PREDATOR,243,929.330000000003,500,493.36050000000057,337,148,92.6338872403558,25.26273648648664,1384,540.0
1,B,PREDATOR,244,272.08500000000254,476,493.36050000000057,337,158,92.31341246290772,20.799825949367282,992,540.0
1,B,PREDATOR,245,12.697499999999417,410,493.36050000000057,337,12,96.76397626112747,33.22291666666664,30,540.0
1,B,PREDATOR,246,321.77750000000356,500,493.36050000000057,337,16,93.88578635014814,15.493125000000179,76,540.0
1,B,PREDATOR,247,431.2025000000023,500,493.36050000000057,337,13,98.79706231454001,27.774230769230808,76,540.0
1,B,PREDATOR,248,90.45999999999809,500,493.36050000000057,337,12,91.40166172106792,22.088541666666405,21,540.0
1,B,PREDATOR,249,571.7750000000001,500,493.36050000000057,337,30,99.49632047477743,22.301000000000002,204,540.0
1,B,PREDATOR,250,103.57749999999764,483,493.36050000000057,337,159,97.39362017804145,30.98281446540899,1420,540.0
1,B,PREDATOR,251,409.73500000000195,500,493.36050000000057,337,25,96.84002967359038,17.416900000000158,180,540.0
1,B,PREDATOR,252,-13.279999999999974,328,493.36050000000057,1,12,100.0,53.20437499999974,31,540.0
1,B,PREDATOR,253,955.4525000000029,500,493.36050000000057,337,123,96.73590504451026,31.25536585365871,751,540.0
1,B,PREDATOR,254,1318.1425000000022,500,493.36050000000057,336,28,96.40732142857132,24.99928571428587,206,540.0
1,B,PREDATOR,255,423.3025000000022,500,493.36050000000057,337,10,98.28047477744799,17.398000000000042,43,540.0
1,B,PREDATOR,256,1697.7500000000014,500,493.36050000000057,337,10,96.17602373887226,22.525000000000105,84,540.0
1,B,PREDATOR,257,525.0725000000036,500,493.36050000000057,337,11,98.88750741839759,37.04386363636345,67,540.0
1,B,PREDATOR,258,12.309999999999315,442,493.36050000000057,337,116,95.60195845697312,26.09418103448297,678,540.0
1,B,PREDATOR,259,1144.745000000002,500,493.36050000000057,337,11,95.50928783382773,28.387727272727275,71,540.0
1,B,PREDATOR,260,27.6825000000008,425,493.36050000000057,337,22,96.56424332344201,23.415113636363802,127,540.0
1,B,PREDATOR,261,2178.004999999994,500,493.36050000000057,337,72,95.8556676557862,17.55673611111137,436,540.0
1,B,PREDATOR,262,1743.5150000000006,500,493.36050000000057,337,12,95.45397626112747,61.843333333333,213,540.0
1,B,PREDATOR,263,1139.3275000000015,500,493.36050000000057,337,165,98.40379821958452,26.06959090909114,950,540.0
1,B,PREDATOR,264,48.42999999999954,500,493.36050000000057,10,12,100.0,23.77812500000005,31,540.0
1,B,PREDATOR,265,-12.929999999999982,293,493.36050000000057,337,73,97.11893175074174,35.525582191780956,361,540.0
1,B,PREDATOR,266,598.9775000000003,500,493.36050000000057,337,11,90.96465875370886,23.562272727272806,38,540.0
1,B,PREDATOR,267,263.19250000000216,500,493.36050000000057,337,14,94.8512166172105,23.950178571428506,68,540.0
1,B,PREDATOR,268,1004.4775000000033,500,493.36050000000057,337,31,92.92097922848639,22.498467741935677,217,540.0
1,B,PREDATOR,269,-13.179999999999977,318,493.36050000000057,337,38,94.93080118694343,22.520328947368625,123,540.0
1,B,PREDATOR,270,154.97500000000343,500,493.36050000000057,335,170,96.08137313432822,39.77763235294124,1624,540.0
1,B,PREDATOR,271,837.885000000004,500,493.36050000000057,337,14,94.9513353115725,22.21303571428577,97,540.0
1,B,PREDATOR,272,65.53249999999795,456,493.36050000000057,332,166,85.51346385542148,33.120286144578465,1731,540.0
1,B,PREDATOR,273,11.619999999999512,442,493.36050000000057,337,16,93.8089614243321,33.65109374999997,93,540.0
1,B,PREDATOR,274,1212.157500000003,500,493.36050000000057,337,47,91.80005934718069,23.94537234042569,357,540.0
1,B,PREDATOR,275,331.8250000000038,500,493.36050000000057,337,98,92.98623145400568,17.928188775510378,949,540.0
1,B,PREDATOR,276,128.80000000000186,500,493.36050000000057,337,110,98.84958456973288,32.79847727272735,1189,540.0
1,B,PREDATOR,277,2052.2500000000005,500,493.36050000000057,337,9,94.50839762611255,32.24499999999986,112,540.0
1,B,PREDATOR,278,1200.9925000000019,500,493.36050000000057,337,64,95.03560830860515,12.593671875000236,732,540.0
1,B,PREDATOR,279,1816.7575000000018,500,493.36050000000057,337,10,97.36584569732929,38.67124999999966,89,540.0
1,B,PREDATOR,280,40.960000000000456,277,493.36050000000057,337,14,92.66498516320446,41.69624999999985,31,540.0
1,B,PREDATOR,281,2.8400000000000425,216,493.36050000000057,336,106,98.04416666666661,50.66679245283025,655,540.0
1,B,PREDATOR,282,1812.4575000000032,500,493.36050000000057,337,10,94.088071216617,36.0499999999999,89,540.0
1,B,PREDATOR,283,48.5275000000004,500,493.36050000000057,8,13,100.0,19.196538461538402,24,540.0
1,B,PREDATOR,284,48.325000000000045,500,493.36050000000057,337,17,89.59940652818943,34.8099999999999,86,540.0
1,B,PREDATOR,285,661.9350000000023,500,493.36050000000057,337,16,96.98112759643905,29.329218749999995,79,540.0
1,B,PREDATOR,286,13.052499999999474,388,493.36050000000057,337,18,94.72640949554876,24.01486111111123,79,540.0
1,B,PREDATOR,287,93.59749999999853,312,493.36050000000057,335,56,89.36391044776092,49.727723214285795,310,540.0
1,B,PREDATOR,288,39.70500000000041,389,493.36050000000057,337,169,91.5693471810086,29.949778106508994,1556,540.0
1,B,PREDATOR,289,-12.909999999999982,291,493.36050000000057,331,157,93.94598187311166,38.08815286624218,880,540.0
1,B,PREDATOR,290,38.71250000000074,495,493.36050000000057,337,58,96.93999999999988,18.80603448275887,334,540.0
1,B,PREDATOR,291,982.3600000000042,500,493.36050000000057,337,15,96.20593471810075,25.047833333333294,96,540.0
1,B,PREDATOR,292,12.467499999999378,433,493.36050000000057,337,11,94.9985459940651,17.77000000000004,17,540.0
1,B,PREDATOR,293,2.890000000000045,211,493.36050000000057,337,40,96.16083086053399,40.11118750000007,182,540.0
1,B,PREDATOR,294,-14.339999999999952,434,493.36050000000057,337,11,98.04617210682486,33.62454545454535,27,540.0
1,B,PREDATOR,295,75.77999999999845,389,493.36050000000057,336,34,96.08767857142841,30.403750000000173,175,540.0
1,B,PREDATOR,296,-13.159999999999977,316,493.36050000000057,337,12,97.85370919881298,53.83499999999945,46,540.0
1,B,PREDATOR,297,53.664999999998045,466,493.36050000000057,337,136,94.16824925816002,20.744705882353088,1246,540.0
1,B,PREDATOR,298,1200.992500000002,500,493.36050000000057,337,9,96.87994065281889,34.163888888888636,64,540.0
1,B,PREDATOR,299,48.52750000000023,500,493.36050000000057,337,11,92.93747774480686,19.778863636363543,23,540.0
1,B,PREDATOR,300,21.032500000000297,340,493.36050000000057,337,15,96.42118694362006,26.27233333333357,22,540.0
1,B,PREDATOR,301,650.6300000000025,500,493.36050000000057,337,27,97.10264094955478,22.890462962963156,178,540.0
1,B,PREDATOR,302,631.2025000000032,500,493.36050000000057,337,10,93.60287833827869,21.406999999999947,48,540.0
1,B,PREDATOR,303,803.3850000000011,463,493.36050000000057,337,117,97.26172106824914,31.921068376068597,646,540.0
1,B,PREDATOR,304,1456.7175000000018,500,493.36050000000057,337,151,94.31795252225498,16.314735099338023,1050,540.0
1,B,PREDATOR,305,349.0725000000017,316,493.36050000000057,337,147,96.88062314540046,33.77848639455799,788,540.0
1,B,PREDATOR,306,409.75249999999824,500,493.36050000000057,336,10,94.54988095238075,47.014249999999834,86,540.0
1,B,PREDATOR,307,85.40999999999775,473,493.36050000000057,337,13,96.51985163204735,29.919615384615334,55,540.0
1,B,PREDATOR,308,155.5825000000011,500,493.36050000000057,337,10,92.80801186943593,31.239499999999786,27,540.0
1,B,PREDATOR,309,694.6700000000025,500,493.36050000000057,337,23,95.24735905044493,15.406847826087251,114,540.0
1,B,PREDATOR,310,21.797499999999562,500,493.36050000000057,337,13,97.77207715133524,36.57653846153833,76,540.0
1,B,PREDATOR,311,1255.6525000000022,500,493.36050000000057,336,10,95.81821428571413,32.860500000000044,79,540.0
1,B,PREDATOR,312,-14.109999999999957,411,493.36050000000057,337,11,97.24106824925805,29.116363636363584,27,540.0
1,B,PREDATOR,313,1477.7625000000019,500,493.36050000000057,337,8,95.76718100890191,37.31281249999993,79,540.0
1,B,PREDATOR,314,129.19000000000344,500,493.36050000000057,5,11,100.0,28.543863636363106,27,540.0
1,B,PREDATOR,315,652.9775000000002,500,493.36050000000057,337,14,94.6532937685458,26.30607142857144,78,540.0
1,B,PREDATOR,316,436.3000000000003,500,493.36050000000057,337,32,98.97305637982191,22.105156250000086,183,540.0
1,B,PREDATOR,317,-13.389999999999972,339,493.36050000000057,336,21,99.78500000000001,43.96952380952386,98,540.0
1,B,PREDATOR,318,54.54,365,493.36050000000057,250,82,88.78631999999999,63.59685975609754,658,540.0
1,B,PREDATOR,319,1.827500000000013,247,493.36050000000057,30,12,99.982,57.458333333333,24,540.0
1,B,PREDATOR,320,1723.6100000000024,500,493.36050000000057,336,120,96.83672619047609,24.749166666666785,1843,540.0
1,B,PREDATOR,321,48.257500000000846,500,493.36050000000057,337,10,97.9337388724035,23.617999999999608,22,540.0
1,B,PREDATOR,322,179.1125000000031,392,493.36050000000057,337,13,93.86976261127573,32.596346153846135,55,540.0
1,B,PREDATOR,323,133.20250000000203,305,493.36050000000057,337,36,95.56913946587521,37.582500000000124,140,540.0
1,B,PREDATOR,324,1456.207500000001,500,493.36050000000057,337,10,95.77320474777433,27.00775000000005,76,540.0
1,B,PREDATOR,325,101.71750000000016,500,493.36050000000057,337,15,87.4644213649847,38.89500000000001,113,540.0
1,B,PREDATOR,326,102.05499999999803,500,493.36050000000057,337,56,93.3642136498514,18.618883928571677,374,540.0
1,B,PREDATOR,327,3001.2699999999786,500,493.36050000000057,337,33,91.01575667655753,17.726969696969803,511,540.0
1,B,PREDATOR,328,-13.98999999999996,399,493.36050000000057,337,30,95.48353115726987,24.039250000000134,113,540.0
1,B,PREDATOR,329,1298.1750000000022,500,493.36050000000057,337,10,98.65320474777445,24.799249999999905,91,540.0
1,B,PREDATOR,330,673.2125000000035,500,493.36050000000057,337,127,94.43103857566744,22.08228346456719,1122,540.0
1,B,PREDATOR,331,28.370000000000488,336,493.36050000000057,337,16,99.29985163204745,32.74968749999999,30,540.0
1,B,PREDATOR,332,29.69000000000034,222,493.36050000000057,337,62,96.09922848664674,44.673991935483976,289,540.0
1,B,PREDATOR,333,289.00750000000005,500,493.36050000000057,337,38,97.80872403560825,28.488486842105324,282,540.0
1,B,PREDATOR,334,654.1200000000034,484,493.36050000000057,337,9,98.87335311572699,25.682777777777634,59,540.0
1,B,PREDATOR,335,2177.669999999999,500,493.36050000000057,337,9,96.21908011869422,29.555277777777683,124,540.0
1,B,PREDATOR,336,1794.8825000000004,500,493.36050000000057,337,74,99.17792284866466,30.133716216216413,655,540.0
1,B,PREDATOR,337,786.3875000000012,500,493.36050000000057,337,15,98.33074183976254,36.342999999999975,180,540.0
1,B,PREDATOR,338,12.452499999999462,421,493.36050000000057,337,12,94.40468842729949,30.889999999999844,44,540.0
1,B,PREDATOR,339,397.8175000000028,500,493.36050000000057,337,111,93.04908011869409,17.45556306306338,681,540.0
1,B,PREDATOR,340,12.164999999999404,443,493.36050000000057,337,64,98.81810089020766,37.787851562500116,494,540.0
1,B,PREDATOR,341,12.054999999999348,415,493.36050000000057,337,14,95.29080118694344,37.100178571428536,72,540.0
1,B,PREDATOR,342,2405.137499999982,500,493.36050000000057,337,11,94.41916913946567,22.681363636363752,109,540.0
1,B,PREDATOR,343,431.3200000000027,500,493.36050000000057,337,146,98.87379821958453,25.291660958904256,1327,540.0
1,B,PREDATOR,344,-13.539999999999969,354,493.36050000000057,337,14,94.64982195845677,32.59249999999998,45,540.0
1,B,PREDATOR,345,268.87000000000353,500,493.36050000000057,337,31,92.74186943620151,19.903870967742083,232,540.0
1,B,PREDATOR,346,560.8100000000036,500,493.36050000000057,337,35,98.38418397626108,20.17171428571451,266,540.0
1,B,PREDATOR,347,852.6050000000014,500,493.36050000000057,337,11,95.43483679525205,26.841590909090975,53,540.0
1,B,PREDATOR,348,1441.4200000000026,500,493.36050000000057,337,16,96.2581602373886,29.05031250000003,101,540.0
1,B,PREDATOR,349,12.364999999999315,450,493.36050000000057,8,9,100.0,42.581388888888384,33,540.0
1,B,PREDATOR,350,2021.0450000000005,500,493.36050000000057,337,156,95.14133531157253,21.690913461538656,1708,540.0
2,A,PREY,1,146.92000000000004,8,374.146000000001,30,12,99.906,72.23499999999999,3,257.9
2,A,PREY,2,15957.099999999917,440,374.146000000001,337,8,92.271839762611,40.06343749999972,42,257.9
2,A,PREY,3,2986.6499999999937,85,374.146000000001,337,22,97.77332344213647,58.121136363636396,66,257.9
2,A,PREY,4,2024.8800000000003,62,374.146000000001,112,18,86.19116071428572,57.9304166666667,22,257.9
2,A,PREY,5,108.45,5,374.146000000001,30,10,97.865,86.29599999999999,2,257.9
2,A,PREY,6,901.1100000000002,39,374.146000000001,109,16,94.59853211009175,61.405468750000026,13,257.9
2,A,PREY,7,16478.49999999991,500,374.146000000001,338,29,99.51168639053253,32.77853448275872,156,257.9
2,A,PREY,8,779.0600000000003,44,374.146000000001,90,15,95.50066666666666,64.69999999999997,16,257.9
2,A,PREY,9,988.2000000000002,30,374.146000000001,83,12,96.93132530120482,77.74270833333331,9,257.9
2,A,PREY,10,12981.149999999934,385,374.146000000001,337,17,99.34338278931752,52.706470588235035,87,257.9
2,A,PREY,11,7178.319999999964,218,374.146000000001,337,32,94.26887240356066,56.74078125,138,257.9
2,A,PREY,12,466.29000000000013,21,374.146000000001,41,13,96.83926829268292,74.48000000000003,10,257.9
2,A,PREY,13,5626.349999999978,165,374.146000000001,249,126,89.61056224899595,81.99323412698412,905,257.9
2,A,PREY,14,142.33,17,374.146000000001,41,12,98.1019512195122,73.56583333333334,4,257.9
2,A,PREY,15,987.6400000000002,36,374.146000000001,68,13,93.30132352941176,76.76576923076922,16,257.9
2,A,PREY,16,66.43,7,374.146000000001,31,12,97.71838709677421,75.80083333333332,4,257.9
2,A,PREY,17,18194.999999999993,500,374.146000000001,337,18,89.65373887240334,62.02861111111088,318,257.9
2,A,PREY,18,12953.73999999993,376,374.146000000001,335,44,94.48164179104464,53.66642045454552,251,257.9
2,A,PREY,19,146.84,16,374.146000000001,33,12,99.83636363636363,73.43541666666665,4,257.9
2,A,PREY,20,2884.7299999999946,127,374.146000000001,331,29,98.5708761329305,67.8763793103448,127,257.9
2,A,PREY,21,1568.4600000000007,104,374.146000000001,337,12,97.0095252225519,68.80187499999995,33,257.9
2,A,PREY,22,105.80000000000001,20,374.146000000001,37,13,96.36594594594594,75.52461538461539,13,257.9
2,A,PREY,23,8262.929999999962,257,374.146000000001,334,16,95.6293113772454,56.82812500000021,79,257.9
2,A,PREY,24,9969.57999999995,292,374.146000000001,337,12,99.40059347181008,57.94333333333313,107,257.9
2,A,PREY,25,1154.5200000000011,148,374.146000000001,113,118,83.44309734513271,80.33504237288132,1019,257.9
2,A,PREY,26,-15.61,11,374.146000000001,30,12,99.63566666666667,73.05541666666666,3,257.9
2,A,PREY,27,3365.3899999999894,111,374.146000000001,325,38,87.84255384615379,68.79092105263157,178,257.9
2,A,PREY,28,6825.619999999971,188,374.146000000001,334,33,97.9320059880239,59.552575757575774,160,257.9
2,A,PREY,29,787.7000000000002,30,374.146000000001,38,10,99.96131578947369,91.84574999999992,11,257.9
2,A,PREY,30,1707.4600000000003,54,374.146000000001,91,22,91.35285714285715,70.5030681818182,49,257.9
2,A,PREY,31,14990.999999999904,500,374.146000000001,337,94,96.07756676557851,41.50037234042554,755,257.9
2,A,PREY,32,4402.539999999984,146,374.146000000001,334,27,95.4047305389221,75.71046296296294,168,257.9
2,A,PREY,33,108.45,5,374.146000000001,34,10,99.30147058823529,84.81999999999998,1,257.9
2,A,PREY,34,6090.649999999972,185,374.146000000001,331,51,93.5274320241691,67.92107843137255,277,257.9
2,A,PREY,35,706.7500000000001,25,374.146000000001,64,13,90.9296875,70.63442307692307,9,257.9
2,A,PREY,36,3599.139999999983,136,374.146000000001,267,112,82.11842696629206,69.75354910714286,611,257.9
2,A,PREY,37,17954.999999999985,500,374.146000000001,30,83,91.98266666666667,70.31704819277105,2671,257.9
2,A,PREY,38,6721.729999999951,277,374.146000000001,335,18,97.20594029850737,65.05236111111093,110,257.9
2,A,PREY,39,11472.939999999942,356,374.146000000001,278,161,84.12564748201432,59.4646273291925,2766,257.9
2,A,PREY,40,9515.05999999995,294,374.146000000001,337,76,98.30207715133525,45.21171052631581,378,257.9
2,A,PREY,41,17299.499999999964,500,374.146000000001,311,55,92.92781350482312,67.14254545454538,542,257.9
2,A,PREY,42,2020.6300000000006,137,374.146000000001,337,12,98.92813056379819,68.35187499999977,14,257.9
2,A,PREY,43,18049.999999999993,500,374.146000000001,338,39,99.81254437869822,34.60589743589742,297,257.9
2,A,PREY,44,7186.05999999997,194,374.146000000001,337,15,97.86290801186937,69.9309999999998,88,257.9
2,A,PREY,45,1001.1800000000002,32,374.146000000001,55,17,97.65345454545454,69.72705882352942,26,257.9
2,A,PREY,46,-11.53,3,374.146000000001,34,11,99.08588235294118,78.51454545454546,1,257.9
2,A,PREY,47,7951.63999999996,236,374.146000000001,130,125,73.3934615384614,65.59936000000008,881,257.9
2,A,PREY,48,1986.9000000000003,60,374.146000000001,17,14,99.87294117647059,73.39999999999998,27,257.9
2,A,PREY,49,2027.9300000000003,57,374.146000000001,98,17,94.95724489795916,62.26544117647063,25,257.9
2,A,PREY,50,9368.879999999945,312,374.146000000001,299,151,86.5729765886287,60.165629139072934,898,257.9
2,A,PREY,51,4586.159999999985,134,374.146000000001,337,15,98.07543026706226,57.15200000000001,17,257.9
2,A,PREY,52,655.5700000000003,43,374.146000000001,99,14,89.79424242424241,76.25714285714284,28,257.9
2,A,PREY,53,368.3700000000006,113,374.146000000001,155,14,89.2968387096774,63.04642857142867,23,257.9
2,A,PREY,54,107.28000000000002,22,374.146000000001,40,12,99.08125,72.54583333333335,4,257.9
2,A,PREY,55,177.21000000000015,29,374.146000000001,37,12,97.33513513513515,75.07104166666663,8,257.9
2,A,PREY,56,3977.6199999999835,138,374.146000000001,337,13,98.81557863501482,67.1617307692307,48,257.9
2,A,PREY,57,18715.000000000025,500,374.146000000001,12,8,100.0,24.516874999999498,24,257.9
2,A,PREY,58,141.30000000000004,20,374.146000000001,50,10,97.86039999999998,91.28799999999997,7,257.9
2,A,PREY,59,18995.00000000003,500,374.146000000001,2,138,100.0,41.15326086956519,1469,257.9
2,A,PREY,60,10622.049999999948,295,374.146000000001,271,144,85.7522140221402,62.07782986111119,998,257.9
2,A,PREY,61,1407.8500000000004,65,374.146000000001,234,11,89.98594017094017,79.77454545454539,10,257.9
2,A,PREY,62,4944.9399999999805,156,374.146000000001,200,58,82.64469999999997,71.80392241379312,294,257.9
2,A,PREY,63,901.6200000000002,38,374.146000000001,35,18,96.09685714285713,64.40263888888892,26,257.9
2,A,PREY,64,1576.8800000000003,62,374.146000000001,189,15,91.10820105820105,67.78300000000003,27,257.9
2,A,PREY,65,4706.129999999983,137,374.146000000001,337,45,97.13593471810081,51.134722222222244,155,257.9
2,A,PREY,66,5469.409999999972,209,374.146000000001,334,27,92.7564071856286,70.18842592592594,191,257.9
2,A,PREY,67,4899.2299999999805,177,374.146000000001,196,117,76.88765306122446,68.98972222222226,720,257.9
2,A,PREY,68,18755.00000000002,500,374.146000000001,338,10,94.239970414201,39.620999999999896,59,257.9
2,A,PREY,69,7701.179999999962,232,374.146000000001,336,16,93.16738095238081,62.02281249999985,228,257.9
2,A,PREY,70,4423.659999999973,184,374.146000000001,313,99,89.87456869009577,58.459090909090975,461,257.9
2,A,PREY,71,257.0000000000003,50,374.146000000001,128,13,94.493046875,75.26211538461534,20,257.9
2,A,PREY,72,100.24000000000001,26,374.146000000001,69,10,92.60086956521738,92.07299999999995,9,257.9
2,A,PREY,73,824.37,63,374.146000000001,303,13,89.15016501650165,72.05269230769228,15,257.9
2,A,PREY,74,28.370000000000026,13,374.146000000001,39,11,99.96538461538462,78.95386363636361,3,257.9
2,A,PREY,75,1063.9900000000002,51,374.146000000001,170,11,92.57547058823528,76.45272727272717,10,257.9
2,A,PREY,76,217.07000000000028,43,374.146000000001,188,11,92.03212765957447,78.56931818181812,8,257.9
2,A,PREY,77,18114.99999999999,500,374.146000000001,336,37,98.61354166666665,49.21344594594602,268,257.9
2,A,PREY,78,3466.519999999991,98,374.146000000001,336,15,85.02758928571423,64.73700000000004,34,257.9
2,A,PREY,79,2984.6399999999935,86,374.146000000001,46,12,92.83282608695652,68.17749999999995,29,257.9
2,A,PREY,80,7849.579999999959,242,374.146000000001,333,27,93.34228228228208,60.9877777777778,130,257.9
2,A,PREY,81,67.94999999999999,5,374.146000000001,31,12,99.93903225806451,74.13708333333332,2,257.9
2,A,PREY,82,16143.65999999992,434,374.146000000001,295,153,81.16020338983046,56.44040849673207,1207,257.9
2,A,PREY,83,1327.3000000000004,70,374.146000000001,154,12,86.95454545454545,72.99062499999992,15,257.9
2,A,PREY,84,18315.0,500,374.146000000001,1,126,100.0,64.5894246031743,3244,257.9
2,A,PREY,85,227.39000000000007,11,374.146000000001,37,10,95.22783783783784,86.21799999999999,4,257.9
2,A,PREY,86,18052.99999999999,500,374.146000000001,338,40,99.46961538461537,35.92812500000004,386,257.9
2,A,PREY,87,387.87000000000006,13,374.146000000001,27,12,99.79666666666668,75.49687499999999,4,257.9
2,A,PREY,88,10942.989999999947,301,374.146000000001,263,131,84.62250950570339,62.628778625954205,801,257.9
2,A,PREY,89,14453.499999999913,500,374.146000000001,337,111,98.69121661721067,47.07876126126133,676,257.9
2,A,PREY,90,545.5300000000001,47,374.146000000001,50,13,94.0044,72.6978846153846,15,257.9
2,A,PREY,91,104.85,15,374.146000000001,43,10,99.35813953488372,84.62799999999997,3,257.9
2,A,PREY,92,17679.499999999975,500,374.146000000001,310,162,88.19225806451608,46.209274691358054,2177,257.9
2,A,PREY,93,4088.00999999998,149,374.146000000001,336,17,94.5120833333332,68.23220588235284,93,257.9
2,A,PREY,94,18835.00000000002,500,374.146000000001,338,30,96.93739644970408,64.5766666666666,246,257.9
2,A,PREY,95,2524.279999999988,122,374.146000000001,330,38,96.22318181818179,66.37407894736847,175,257.9
2,A,PREY,96,5938.449999999974,205,374.146000000001,334,56,97.94535928143708,55.31758928571433,286,257.9
2,A,PREY,97,1813.2500000000005,75,374.146000000001,328,15,95.365243902439,60.07866666666663,17,257.9
2,A,PREY,98,1224.600000000001,140,374.146000000001,333,27,93.103093093093,64.50249999999998,113,257.9
2,A,PREY,99,438.5100000000007,99,374.146000000001,333,15,90.23561561561559,70.9916666666666,62,257.9
2,A,PREY,100,3753.0999999999867,140,374.146000000001,336,17,99.13830357142855,63.814999999999976,60,257.9
2,A,PREY,101,10194.14999999995,285,374.146000000001,335,52,97.08089552238799,50.82572115384622,275,257.9
2,A,PREY,102,15452.75999999991,474,374.146000000001,321,95,83.68492211837993,57.97015789473692,519,257.9
2,A,PREY,103,11612.019999999933,398,374.146000000001,287,146,84.52024390243898,64.61147260273977,938,257.9
2,A,PREY,104,6462.439999999968,206,374.146000000001,323,125,89.6296284829721,69.03069999999983,990,257.9
2,A,PREY,105,13078.399999999936,360,374.146000000001,309,152,88.62653721682845,61.48376644736844,1862,257.9
2,A,PREY,106,18955.000000000033,500,374.146000000001,2,112,100.0,57.137343749999864,1232,257.9
2,A,PREY,107,13663.299999999932,370,374.146000000001,335,116,87.9108656716417,52.412607758620695,522,257.9
2,A,PREY,108,19035.000000000025,500,374.146000000001,4,92,100.0,50.978016304346966,853,257.9
2,A,PREY,109,6640.009999999958,249,374.146000000001,310,78,88.01958064516114,62.11358974358975,442,257.9
2,A,PREY,110,25.40000000000002,10,374.146000000001,42,12,90.55690476190476,74.455,4,257.9
2,A,PREY,111,146.42000000000002,8,374.146000000001,34,11,96.17970588235295,76.82363636363635,1,257.9
2,A,PREY,112,10244.80999999995,319,374.146000000001,327,167,94.70211009174308,51.3065568862276,1016,257.9
2,A,PREY,113,6426.239999999973,176,374.146000000001,335,33,97.51811940298504,60.90606060606065,205,257.9
2,A,PREY,114,28.98,2,374.146000000001,32,10,98.39625000000001,85.744,1,257.9
2,A,PREY,115,19275.00000000004,500,374.146000000001,7,85,100.0,58.43905882352881,991,257.9
2,A,PREY,116,14078.499999999904,500,374.146000000001,321,161,86.35732087227406,47.67102484472047,1898,257.9
2,A,PREY,117,2870.519999999989,148,374.146000000001,336,33,90.41854166666648,51.91242424242431,111,257.9
2,A,PREY,118,2264.2599999999975,74,374.146000000001,252,19,86.12777777777777,55.00473684210531,24,257.9
2,A,PREY,119,6352.9399999999705,206,374.146000000001,336,138,94.21416666666664,48.47688405797105,636,257.9
2,A,PREY,120,3940.219999999988,128,374.146000000001,337,31,98.52252225519287,63.47975806451609,149,257.9
2,A,PREY,121,8026.339999999966,216,374.146000000001,330,57,87.43660606060587,57.73298245614039,322,257.9
2,A,PREY,122,378.65000000000026,35,374.146000000001,73,14,91.29287671232876,67.03410714285714,12,257.9
2,A,PREY,123,7825.179999999966,232,374.146000000001,320,135,87.6305312499999,54.8367037037038,610,257.9
2,A,PREY,124,6930.409999999967,209,374.146000000001,331,82,92.88788519637455,55.14646341463415,449,257.9
2,A,PREY,125,18835.000000000025,500,374.146000000001,337,6,89.40032640949515,42.34041666666606,40,257.9
2,A,PREY,126,9670.909999999945,309,374.146000000001,336,13,97.75116071428565,59.7909615384614,124,257.9
2,A,PREY,127,18355.000000000007,500,374.146000000001,338,9,94.02085798816547,51.18555555555518,65,257.9
2,A,PREY,128,153.7400000000002,26,374.146000000001,44,13,95.6709090909091,79.5051923076923,13,257.9
2,A,PREY,129,201.37000000000006,13,374.146000000001,36,12,99.9775,74.85958333333332,7,257.9
2,A,PREY,130,4505.789999999981,221,374.146000000001,313,163,90.15482428115011,53.71840490797552,901,257.9
2,A,PREY,131,4386.629999999982,137,374.146000000001,333,61,96.08726726726722,55.72020491803282,245,257.9
2,A,PREY,132,3890.3999999999874,110,374.146000000001,87,16,89.55528735632183,69.98656249999986,45,257.9
2,A,PREY,133,3467.0999999999917,90,374.146000000001,39,15,91.78179487179487,63.76183333333327,18,257.9
2,A,PREY,134,18755.00000000002,500,374.146000000001,157,126,81.46573248407636,67.41126984126946,4134,257.9
2,A,PREY,135,6997.419999999956,258,374.146000000001,333,39,91.78252252252237,60.85852564102564,237,257.9
2,A,PREY,136,4226.239999999986,126,374.146000000001,337,13,97.76008902077146,61.16846153846143,36,257.9
2,A,PREY,137,4308.299999999976,170,374.146000000001,166,100,78.47680722891559,77.89994999999999,784,257.9
2,A,PREY,138,15459.999999999905,500,374.146000000001,305,154,87.08380327868846,58.01904220779228,928,257.9
2,A,PREY,139,5969.66999999997,233,374.146000000001,326,65,94.94150306748462,52.02980769230772,318,257.9
2,A,PREY,140,2222.799999999996,70,374.146000000001,287,16,92.1983275261324,61.992968750000024,38,257.9
2,A,PREY,141,5340.939999999979,156,374.146000000001,332,37,94.2042168674698,63.538716216216216,198,257.9
2,A,PREY,142,8505.209999999963,229,374.146000000001,212,132,84.43089622641506,68.58318181818181,1330,257.9
2,A,PREY,143,679.7300000000001,27,374.146000000001,42,12,92.52142857142857,80.55687499999999,12,257.9
2,A,PREY,144,223.2900000000001,21,374.146000000001,40,11,99.91225,88.25227272727274,11,257.9
2,A,PREY,145,6385.809999999976,169,374.146000000001,337,12,96.82234421364974,66.12208333333307,30,257.9
2,A,PREY,146,15530.81999999991,468,374.146000000001,332,60,95.69343373493966,47.29470833333342,448,257.9
2,A,PREY,147,18913.000000000044,500,374.146000000001,338,92,95.38943786982247,53.0271195652174,717,257.9
2,A,PREY,148,6288.619999999962,338,374.146000000001,313,119,88.97249201277951,62.027079831932795,730,257.9
2,A,PREY,149,3706.4299999999903,107,374.146000000001,337,23,94.86388724035605,62.32586956521741,67,257.9
2,A,PREY,150,225.40000000000006,10,374.146000000001,28,11,98.6875,81.09818181818181,4,257.9
2,A,PREY,151,4619.269999999974,173,374.146000000001,128,90,80.23749999999991,72.0376666666667,761,257.9
2,A,PREY,152,17445.499999999985,500,374.146000000001,280,149,84.37192857142851,55.37637583892626,909,257.9
2,A,PREY,153,619.9500000000005,105,374.146000000001,336,28,94.9740178571428,66.05491071428575,111,257.9
2,A,PREY,154,9864.669999999955,283,374.146000000001,286,147,85.03562937062932,68.81416666666668,1283,257.9
2,A,PREY,155,5284.9199999999755,208,374.146000000001,334,46,96.923113772455,49.673858695652214,161,257.9
2,A,PREY,156,15138.78999999992,421,374.146000000001,336,43,95.78630952380948,58.355290697674455,303,257.9
2,A,PREY,157,3367.8799999999896,112,374.146000000001,335,26,97.94325373134326,73.65384615384612,118,257.9
2,A,PREY,158,461.75000000000017,25,374.146000000001,35,11,95.59542857142856,83.73909090909089,9,257.9
2,A,PREY,159,1801.0200000000007,98,374.146000000001,337,22,94.39741839762607,64.32159090909084,84,257.9
2,A,PREY,160,4971.539999999974,196,374.146000000001,321,31,90.0634579439251,76.40467741935481,192,257.9
2,A,PREY,161,9824.769999999955,273,374.146000000001,323,77,95.18058823529408,59.83564935064939,458,257.9
2,A,PREY,162,302.27000000000015,23,374.146000000001,37,14,95.78378378378379,74.02571428571426,12,257.9
2,A,PREY,163,8326.039999999959,246,374.146000000001,331,166,91.21332326283982,59.76271084337343,1157,257.9
2,A,PREY,164,7791.999999999958,250,374.146000000001,191,111,75.84460732984287,72.47972972972974,1002,257.9
2,A,PREY,165,462.2200000000002,28,374.146000000001,25,14,97.3664,78.21732142857142,23,257.9
2,A,PREY,166,6425.739999999975,176,374.146000000001,337,27,97.597240356083,46.00296296296295,81,257.9
2,A,PREY,167,19.800000000000004,20,374.146000000001,34,12,99.57529411764706,71.31666666666666,6,257.9
2,A,PREY,168,28.980000000000004,2,374.146000000001,31,11,98.67580645161291,78.85818181818182,1,257.9
2,A,PREY,169,225.86000000000007,14,374.146000000001,27,12,98.65444444444444,78.32854166666665,7,257.9
2,A,PREY,170,1817.9800000000002,52,374.146000000001,125,13,91.54184,69.22480769230766,11,257.9
2,A,PREY,171,28.46,4,374.146000000001,32,12,99.1521875,76.47333333333331,4,257.9
2,A,PREY,172,12998.559999999905,494,374.146000000001,251,125,85.56721115537842,73.08536000000005,1546,257.9
2,A,PREY,173,3187.0799999999927,92,374.146000000001,331,35,96.19308157099697,68.72314285714285,163,257.9
2,A,PREY,174,3152.839999999992,116,374.146000000001,336,26,97.96773809523809,63.88721153846157,91,257.9
2,A,PREY,175,147.39000000000007,11,374.146000000001,32,12,97.3146875,74.73666666666665,4,257.9
2,A,PREY,176,502.2100000000002,29,374.146000000001,27,13,99.92,77.37653846153846,12,257.9
2,A,PREY,177,284.89000000000016,61,374.146000000001,177,14,89.47045197740113,79.29660714285707,29,257.9
2,A,PREY,178,17799.999999999978,500,374.146000000001,338,87,98.77177514792895,25.00870689655187,518,257.9
2,A,PREY,179,388.25000000000006,25,374.146000000001,39,14,92.84923076923077,73.06017857142858,15,257.9
2,A,PREY,180,5419.979999999972,202,374.146000000001,330,106,90.34690909090902,57.126179245283055,584,257.9
2,A,PREY,181,1481.6600000000005,84,374.146000000001,301,17,87.84906976744186,61.6329411764706,28,257.9
2,A,PREY,182,19034.500000000033,500,374.146000000001,4,91,100.0,48.410769230768665,1280,257.9
2,A,PREY,183,9225.009999999944,349,374.146000000001,336,100,97.97026785714282,48.74489999999996,630,257.9
2,A,PREY,184,16705.499999999935,500,374.146000000001,335,39,95.68241791044765,63.66999999999992,414,257.9
2,A,PREY,185,1331.7900000000004,71,374.146000000001,54,25,90.66759259259258,62.92040000000003,66,257.9
2,A,PREY,186,19275.000000000047,500,374.146000000001,8,104,100.0,53.23752403846071,1005,257.9
2,A,PREY,187,13142.639999999928,386,374.146000000001,303,151,84.72006600660062,59.14827814569539,875,257.9
2,A,PREY,188,6247.199999999963,230,374.146000000001,333,35,89.06471471471453,71.89778571428562,188,257.9
2,A,PREY,189,1066.4600000000003,54,374.146000000001,32,13,97.989375,75.82865384615381,17,257.9
2,A,PREY,190,25.90000000000002,10,374.146000000001,36,10,95.15527777777778,88.47399999999998,5,257.9
2,A,PREY,191,106.29000000000003,21,374.146000000001,36,12,99.28166666666667,77.40999999999995,12,257.9
2,A,PREY,192,19155.000000000033,500,374.146000000001,13,10,100.0,23.39574999999951,32,257.9
2,A,PREY,193,1108.19,31,374.146000000001,76,16,97.2146052631579,64.27937500000003,14,257.9
2,A,PREY,194,161.38000000000008,12,374.146000000001,47,10,97.03787234042552,84.088,4,257.9
2,A,PREY,195,19395.00000000005,500,374.146000000001,3,69,99.91000000000001,38.26536231884059,896,257.9
2,A,PREY,196,9261.97999999996,252,374.146000000001,239,105,85.14439330543928,58.41354761904769,618,257.9
2,A,PREY,197,2014.7300000000005,77,374.146000000001,334,12,94.71844311377244,71.80645833333328,13,257.9
2,A,PREY,198,2746.7599999999957,74,374.146000000001,260,20,92.21853846153846,66.13937500000006,56,257.9
2,A,PREY,199,942.6300000000002,37,374.146000000001,60,13,92.61583333333333,74.41576923076921,19,257.9
2,A,PREY,200,3107.739999999985,126,374.146000000001,319,91,84.92401253918489,67.095,501,257.9
2,A,PREY,201,1185.0400000000002,46,374.146000000001,80,13,93.94374999999998,72.40634615384616,17,257.9
2,A,PREY,202,6653.279999999949,322,374.146000000001,122,114,79.2113114754098,63.534649122807046,1289,257.9
2,A,PREY,203,506.73000000000013,27,374.146000000001,60,13,90.97766666666666,71.21134615384611,7,257.9
2,A,PREY,204,291.4600000000003,54,374.146000000001,141,17,90.73368794326241,59.381470588235366,22,257.9
2,A,PREY,205,27.96,4,374.146000000001,30,12,96.879,76.41499999999998,4,257.9
2,A,PREY,206,2053.809999999999,119,374.146000000001,318,57,92.54999999999994,65.37188596491232,251,257.9
2,A,PREY,207,623.7400000000006,76,374.146000000001,331,21,95.81220543806646,69.53297619047619,76,257.9
2,A,PREY,208,18034.999999999993,500,374.146000000001,192,100,88.20119791666667,55.43804999999921,1139,257.9
2,A,PREY,209,107.93999999999998,6,374.146000000001,34,11,98.98264705882353,78.11795454545455,1,257.9
2,A,PREY,210,6582.109999999971,189,374.146000000001,337,15,96.9813649851631,57.4694999999999,71,257.9
2,A,PREY,211,16381.93999999992,456,374.146000000001,327,166,90.00422018348614,43.15350903614471,1287,257.9
2,A,PREY,212,427.3500000000001,15,374.146000000001,38,10,99.93605263157895,83.32599999999996,2,257.9
2,A,PREY,213,8220.139999999961,236,374.146000000001,303,155,83.1500660066006,64.95519354838713,989,257.9
2,A,PREY,214,67.96000000000001,4,374.146000000001,31,12,97.98612903225806,75.12270833333334,3,257.9
2,A,PREY,215,7371.179999999963,232,374.146000000001,337,20,98.48952522255189,38.4996250000001,87,257.9
2,A,PREY,216,743.0800000000003,42,374.146000000001,133,16,94.31676691729322,69.62,23,257.9
2,A,PREY,217,5517.489999999968,201,374.146000000001,318,52,91.0039622641509,71.45629807692309,336,257.9
2,A,PREY,218,1206.7500000000005,75,374.146000000001,333,13,94.66102102102101,68.46365384615387,14,257.9
2,A,PREY,219,6589.649999999957,285,374.146000000001,300,145,88.20949999999998,62.59134482758616,2177,257.9
2,A,PREY,220,1386.0700000000002,43,374.146000000001,93,14,91.70322580645163,73.18517857142852,20,257.9
2,A,PREY,221,144.82999999999996,17,374.146000000001,28,10,97.2057142857143,87.94324999999998,7,257.9
2,A,PREY,222,1051.7800000000004,72,374.146000000001,257,17,92.1164980544747,68.2272058823529,37,257.9
2,A,PREY,223,4848.969999999978,153,374.146000000001,336,53,94.91407738095232,59.038254716981136,237,257.9
2,A,PREY,224,10991.429999999935,357,374.146000000001,302,167,88.59576158940392,70.65778443113757,1864,257.9
2,A,PREY,225,2398.3999999999915,110,374.146000000001,322,56,91.5246273291925,72.59986607142855,245,257.9
2,A,PREY,226,3627.27999999999,122,374.146000000001,334,37,95.5161077844311,67.49141891891894,178,257.9
2,A,PREY,227,9147.799999999934,370,374.146000000001,244,148,86.98057377049179,70.75978040540544,1151,257.9
2,A,PREY,228,4146.359999999988,114,374.146000000001,335,31,94.09319402985066,69.1738709677419,126,257.9
2,A,PREY,229,1479.7500000000005,75,374.146000000001,337,12,99.35620178041542,76.26270833333331,49,257.9
2,A,PREY,230,384.6200000000002,38,374.146000000001,54,14,96.29851851851852,77.95160714285713,24,257.9
2,A,PREY,231,477.8800000000005,62,374.146000000001,121,18,91.36264462809918,64.37027777777777,31,257.9
2,A,PREY,232,2586.7099999999964,79,374.146000000001,227,14,92.21017621145374,56.53589285714295,13,257.9
2,A,PREY,233,19435.000000000047,500,374.146000000001,11,10,100.0,29.337999999999766,30,257.9
2,A,PREY,234,28.470000000000006,3,374.146000000001,34,11,97.7385294117647,78.43818181818182,1,257.9
2,A,PREY,235,467.3500000000001,15,374.146000000001,40,10,97.1445,88.01199999999997,4,257.9
2,A,PREY,236,4400.9999999999845,150,374.146000000001,36,13,97.62055555555555,61.774615384615196,24,257.9
2,A,PREY,237,19635.00000000006,500,374.146000000001,76,109,91.91973684210525,75.56394495412843,1195,257.9
2,A,PREY,238,67.93999999999998,6,374.146000000001,31,12,97.9048387096774,73.71083333333333,2,257.9
2,A,PREY,239,67.44000000000001,6,374.146000000001,31,11,99.94774193548388,79.89749999999998,2,257.9
2,A,PREY,240,27.430000000000014,7,374.146000000001,32,11,98.97718749999999,78.71636363636361,2,257.9
2,A,PREY,241,7624.389999999967,211,374.146000000001,337,47,96.5375074183975,35.582765957446895,146,257.9
2,A,PREY,242,1186.1000000000001,40,374.146000000001,83,13,94.8778313253012,74.60615384615382,13,257.9
2,A,PREY,243,301.2200000000002,28,374.146000000001,71,12,94.29633802816902,77.07249999999999,9,257.9
2,A,PREY,244,106.92999999999998,7,374.146000000001,33,10,98.58121212121212,85.49399999999999,2,257.9
2,A,PREY,245,2635.759999999979,174,374.146000000001,337,12,98.43519287833824,60.20729166666644,16,257.9
2,A,PREY,246,3863.2299999999886,127,374.146000000001,334,34,93.84895209580831,61.96000000000002,121,257.9
2,A,PREY,247,1387.5800000000002,42,374.146000000001,59,13,95.91271186440679,65.8205769230769,7,257.9
2,A,PREY,248,5067.869999999968,213,374.146000000001,229,110,84.35868995633184,68.93902272727273,933,257.9
2,A,PREY,249,387.71000000000015,29,374.146000000001,75,12,95.4344,76.26124999999999,10,257.9
2,A,PREY,250,7185.489999999972,201,374.146000000001,20,123,87.47649999999999,79.76249999999997,1093,257.9
2,A,PREY,251,7825.979999999968,202,374.146000000001,2,117,100.0,65.2857905982906,1013,257.9
2,A,PREY,252,519.2200000000001,28,374.146000000001,34,16,97.0664705882353,73.84,19,257.9
2,A,PREY,253,9743.629999999956,287,374.146000000001,335,17,94.47617910447742,70.08029411764676,157,257.9
2,A,PREY,254,8156.149999999961,235,374.146000000001,248,138,80.76963709677403,59.79528985507249,859,257.9
2,A,PREY,255,182.83000000000007,17,374.146000000001,54,12,91.44925925925926,74.42958333333333,5,257.9
2,A,PREY,256,747.2700000000001,23,374.146000000001,31,12,99.52709677419354,82.55499999999999,14,257.9
2,A,PREY,257,462.7100000000002,29,374.146000000001,47,13,97.53276595744681,73.76615384615381,10,257.9
2,A,PREY,258,1887.6000000000006,90,374.146000000001,14,13,99.03571428571425,72.17461538461536,29,257.9
2,A,PREY,259,7645.969999999959,253,374.146000000001,329,42,95.31231003039504,55.5423809523809,191,257.9
2,A,PREY,260,2665.6399999999953,86,374.146000000001,335,19,96.19322388059697,64.76526315789468,44,257.9
2,A,PREY,261,385.3200000000001,18,374.146000000001,51,10,91.6521568627451,89.24799999999998,8,257.9
2,A,PREY,262,4825.239999999984,126,374.146000000001,335,22,95.1745970149253,69.61613636363633,80,257.9
2,A,PREY,263,3455.499999999986,150,374.146000000001,328,47,91.46469512195115,71.35707446808509,230,257.9
2,A,PREY,264,1161.0800000000006,92,374.146000000001,334,19,85.60910179640716,54.156447368421034,24,257.9
2,A,PREY,265,5701.219999999979,178,374.146000000001,335,52,96.7220597014924,42.78543269230772,168,257.9
2,A,PREY,266,5523.709999999963,229,374.146000000001,316,39,88.6149367088606,61.294871794871796,304,257.9
2,A,PREY,267,180.7700000000001,23,374.146000000001,25,13,98.56599999999999,75.36653846153845,10,257.9
2,A,PREY,268,585.2600000000001,24,374.146000000001,43,10,99.93720930232558,87.43549999999996,8,257.9
2,A,PREY,269,13730.289999999923,421,374.146000000001,331,38,93.15516616314187,65.68019736842108,266,257.9
2,A,PREY,270,2570.9399999999914,106,374.146000000001,336,34,95.8079166666666,61.539926470588235,132,257.9
2,A,PREY,271,879.5000000000007,100,374.146000000001,336,26,91.77523809523808,62.82250000000002,88,257.9
2,A,PREY,272,1438.4000000000008,110,374.146000000001,12,13,99.9775,70.06346153846152,43,257.9
2,A,PREY,273,6585.799999999975,170,374.146000000001,337,37,95.96287833827881,48.15810810810825,158,257.9
2,A,PREY,274,9900.869999999955,263,374.146000000001,335,35,94.24011940298493,57.25700000000007,138,257.9
2,A,PREY,275,2906.6799999999944,82,374.146000000001,198,20,87.66186868686869,67.33037500000003,65,257.9
2,A,PREY,276,6708.13999999995,286,374.146000000001,229,119,79.8187336244541,64.6737815126051,1057,257.9
2,A,PREY,277,15502.67999999991,482,374.146000000001,335,23,98.67002985074626,55.76804347826088,235,257.9
2,A,PREY,278,2833.919999999984,158,374.146000000001,73,102,79.59794520547936,70.18629901960787,779,257.9
2,A,PREY,279,17328.999999999953,500,374.146000000001,326,162,86.43533742331282,47.324583333333266,2583,257.9
2,A,PREY,280,3531.909999999986,159,374.146000000001,20,18,95.937,69.55847222222216,102,257.9
2,A,PREY,281,13779.919999999935,358,374.146000000001,253,127,86.81727272727268,73.57738188976383,990,257.9
2,A,PREY,282,-11.02,2,374.146000000001,32,10,99.05125,87.28599999999999,2,257.9
2,A,PREY,283,17364.499999999953,500,374.146000000001,41,116,77.90756097560974,70.95040948275863,2820,257.9
2,A,PREY,284,10982.08999999995,291,374.146000000001,16,84,91.97312499999997,76.52824404761903,878,257.9
2,A,PREY,285,7731.769999999955,273,374.146000000001,313,130,89.98297124600634,58.979615384615414,836,257.9
2,A,PREY,286,3220.5099999999898,99,374.146000000001,332,40,97.09108433734939,69.9296875,174,257.9
2,A,PREY,287,618.1000000000003,40,374.146000000001,26,12,96.58576923076922,69.85604166666668,7,257.9
2,A,PREY,288,9013.15999999995,284,374.146000000001,335,14,92.92477611940275,62.71517857142844,94,257.9
2,A,PREY,289,700.0500000000008,95,374.146000000001,337,18,93.5528189910979,67.17166666666672,48,257.9
2,A,PREY,290,7839.239999999964,226,374.146000000001,159,134,83.08905660377356,65.43089552238806,1288,257.9
2,A,PREY,291,214.31000000000014,19,374.146000000001,32,12,97.27250000000001,78.18499999999999,10,257.9
2,A,PREY,292,265.36000000000007,14,374.146000000001,31,14,98.93838709677419,68.39750000000001,6,257.9
2,A,PREY,293,867.7300000000001,27,374.146000000001,51,12,93.18196078431372,73.59083333333332,10,257.9
2,A,PREY,294,18359.999999999993,500,374.146000000001,338,9,98.98133136094671,47.0533333333328,99,257.9
2,A,PREY,295,2027.9500000000003,55,374.146000000001,40,15,96.86224999999997,68.61616666666666,26,257.9
2,A,PREY,296,19235.000000000047,500,374.146000000001,336,99,99.05767857142857,47.237727272727206,549,257.9
2,A,PREY,297,19715.00000000006,500,374.146000000001,2,97,100.0,46.813608247422174,1119,257.9
2,A,PREY,298,13039.609999999939,339,374.146000000001,336,19,89.89678571428537,59.16092105263124,52,257.9
2,A,PREY,299,146.91000000000003,9,374.146000000001,30,11,97.39200000000001,82.30318181818183,4,257.9
2,A,PREY,300,18604.000000000055,500,374.146000000001,309,158,80.73964401294488,55.92401898734183,971,257.9
2,A,PREY,301,223.36,14,374.146000000001,35,12,97.23028571428571,70.88270833333333,2,257.9
2,A,PREY,302,2367.009999999993,99,374.146000000001,79,50,88.65202531645568,76.97985000000003,264,257.9
2,A,PREY,303,6301.809999999968,219,374.146000000001,4,119,99.9325,72.49201680672269,1086,257.9
2,A,PREY,304,3467.0699999999915,93,374.146000000001,337,16,97.44347181008897,60.298749999999984,18,257.9
2,A,PREY,305,3570.949999999989,105,374.146000000001,335,25,94.20125373134324,60.441799999999986,77,257.9
2,A,PREY,306,736.0300000000003,47,374.146000000001,83,14,94.79289156626506,63.44660714285718,9,257.9
2,A,PREY,307,5981.44999999996,255,374.146000000001,336,10,94.63758928571411,73.04049999999957,78,257.9
2,A,PREY,308,18154.999999999993,500,374.146000000001,338,114,96.58236686390521,41.44289473684195,999,257.9
2,A,PREY,309,5001.739999999976,176,374.146000000001,328,92,94.6878658536585,60.749293478260874,458,257.9
2,A,PREY,310,4639.609999999982,139,374.146000000001,154,86,89.70993506493505,71.68020348837209,472,257.9
2,A,PREY,311,261.78000000000014,22,374.146000000001,24,10,99.85374999999999,92.43399999999998,8,257.9
2,A,PREY,312,24.820000000000036,18,374.146000000001,34,14,95.25882352941177,70.29678571428575,9,257.9
2,A,PREY,313,102.83999999999997,16,374.146000000001,30,11,99.825,83.52,8,257.9
2,A,PREY,314,10719.189999999939,381,374.146000000001,79,126,85.6670886075949,62.269523809523854,1165,257.9
2,A,PREY,315,11229.439999999935,356,374.146000000001,337,96,98.18967359050443,48.95335937500011,550,257.9
2,A,PREY,316,2626.7699999999954,73,374.146000000001,320,17,91.9094375,63.332500000000024,31,257.9
2,A,PREY,317,7251.279999999964,222,374.146000000001,334,46,97.61485029940118,58.086739130434815,218,257.9
2,A,PREY,318,7887.599999999959,240,374.146000000001,321,101,90.75613707165103,56.860618811881196,510,257.9
2,A,PREY,319,739.5700000000003,43,374.146000000001,80,14,92.667,67.25196428571427,15,257.9
2,A,PREY,320,187.90000000000006,10,374.146000000001,41,10,94.65756097560975,84.79599999999998,4,257.9
2,A,PREY,321,168.5300000000004,47,374.146000000001,21,13,99.53999999999999,72.65538461538462,14,257.9
2,A,PREY,322,4786.099999999984,140,374.146000000001,337,26,97.26519287833818,41.92403846153857,67,257.9
2,A,PREY,323,19595.00000000005,500,374.146000000001,7,88,99.96142857142857,43.515994318181164,946,257.9
2,A,PREY,324,1444.2400000000005,76,374.146000000001,337,16,93.08777448071216,59.11312500000001,14,257.9
2,A,PREY,325,7225.59999999997,190,374.146000000001,322,44,84.86242236024823,72.53778409090907,289,257.9
2,A,PREY,326,2456.6099999999924,89,374.146000000001,332,17,95.06900602409637,65.8905882352941,55,257.9
2,A,PREY,327,67.44999999999999,5,374.146000000001,29,10,99.99068965517242,91.11399999999999,5,257.9
2,A,PREY,328,28.980000000000004,2,374.146000000001,32,10,98.41312500000001,85.804,1,257.9
2,A,PREY,329,11260.929999999946,307,374.146000000001,11,12,100.0,47.54208333333307,23,257.9
2,A,PREY,330,1003.3900000000004,61,374.146000000001,308,13,92.59740259740259,70.27115384615375,18,257.9
2,A,PREY,331,8032.119999999962,238,374.146000000001,326,60,88.65996932515323,46.01458333333346,342,257.9
2,A,PREY,332,10899.62999999995,287,374.146000000001,336,168,89.59943452380946,53.523452380952435,1139,257.9
2,A,PREY,333,1065.67,33,374.146000000001,34,14,97.79411764705883,69.07249999999999,14,257.9
2,A,PREY,334,265.36000000000007,14,374.146000000001,37,11,99.90513513513513,77.13749999999999,2,257.9
2,A,PREY,335,17986.110000000037,489,374.146000000001,252,146,81.46472222222218,64.10162671232881,1646,257.9
2,A,PREY,336,19465.00000000005,500,374.146000000001,330,46,92.83806060606054,60.251739130434764,429,257.9
2,A,PREY,337,817.0400000000003,46,374.146000000001,70,12,91.49199999999999,73.65333333333332,10,257.9
2,A,PREY,338,12864.68999999994,331,374.146000000001,324,163,89.83447530864191,57.041779141104335,1151,257.9
2,A,PREY,339,3386.0799999999917,92,374.146000000001,337,14,94.26626112759642,61.764464285714276,27,257.9
2,A,PREY,340,1826.2100000000005,79,374.146000000001,258,13,87.78782945736432,69.22711538461532,33,257.9
2,A,PREY,341,2670.5799999999904,192,374.146000000001,334,43,97.40245508982031,58.72959302325585,194,257.9
2,A,PREY,342,5446.239999999975,176,374.146000000001,129,101,80.80178294573638,83.68774752475247,812,257.9
2,A,PREY,343,2946.6999999999944,80,374.146000000001,14,12,99.51785714285712,78.12854166666666,25,257.9
2,A,PREY,344,1387.1200000000001,38,374.146000000001,86,15,92.62906976744185,62.61033333333335,14,257.9
2,A,PREY,345,8139.12999999996,237,374.146000000001,333,27,96.46519519519512,71.82851851851836,177,257.9
2,A,PREY,346,6226.359999999976,164,374.146000000001,337,47,97.13237388724025,47.4115957446809,162,257.9
2,A,PREY,347,105.91999999999999,8,374.146000000001,32,11,99.9746875,79.31181818181818,2,257.9
2,A,PREY,348,9239.09999999996,240,374.146000000001,337,43,96.37623145400585,44.327441860465235,164,257.9
2,A,PREY,349,1904.4500000000003,55,374.146000000001,160,14,92.958125,66.39410714285711,12,257.9
2,A,PREY,350,3120.619999999984,138,374.146000000001,335,59,87.33435820895512,60.647330508474575,237,257.9
2,B,PREDATOR,1,27.842500000000456,253,47.370500000000206,135,101,78.2882962962962,63.80626237623767,1049,1391.5
2,B,PREDATOR,2,11.03749999999946,387,47.370500000000206,133,145,87.78924812030071,66.78712068965521,2083,1391.5
2,B,PREDATOR,3,46.23250000000061,388,47.370500000000206,0,97,0.0,76.35626288659795,1152,1391.5
2,B,PREDATOR,4,148.27000000000257,390,47.370500000000206,337,31,91.02697329376821,44.432016129031666,385,1391.5
2,B,PREDATOR,5,33.96500000000042,303,47.370500000000206,297,87,87.66299663299657,59.97732758620691,840,1391.5
2,B,PREDATOR,6,-13.179999999999977,318,47.370500000000206,337,9,91.93949554896112,50.59388888888824,51,1391.5
2,B,PREDATOR,7,11.422499999999262,467,47.370500000000206,0,64,0.0,60.25031249999963,828,1391.5
2,B,PREDATOR,8,-11.910000000000002,191,47.370500000000206,335,38,89.68889552238782,50.63664473684209,276,1391.5
2,B,PREDATOR,9,825.8525000000022,500,47.370500000000206,1,119,100.0,71.2002310924367,2093,1391.5
2,B,PREDATOR,10,-12.429999999999993,243,47.370500000000206,324,83,89.36231481481477,60.720662650602414,640,1391.5
2,B,PREDATOR,11,11.039999999999603,270,47.370500000000206,336,14,90.85187499999968,45.313392857142745,46,1391.5
2,B,PREDATOR,12,405.39250000000277,480,47.370500000000206,0,123,0.0,50.276788617885956,2642,1391.5
2,B,PREDATOR,13,159.7950000000018,329,47.370500000000206,337,19,90.91338278931715,29.946578947368398,80,1391.5
2,B,PREDATOR,14,13.472499999999476,346,47.370500000000206,336,141,89.32220238095222,55.17702127659562,1058,1391.5
2,B,PREDATOR,15,-12.369999999999994,237,47.370500000000206,336,17,90.57449404761871,42.51014705882363,73,1391.5
2,B,PREDATOR,16,-12.469999999999992,247,47.370500000000206,337,16,91.81148367952495,49.319218750000104,48,1391.5
2,B,PREDATOR,17,86.42499999999922,244,47.370500000000206,177,93,76.84073446327675,63.92784946236566,970,1391.5
2,B,PREDATOR,18,1026.172500000003,468,47.370500000000206,0,103,0.0,68.85111650485419,1335,1391.5
2,B,PREDATOR,19,1346.357500000003,500,47.370500000000206,0,58,0.0,42.46806034482694,966,1391.5
2,B,PREDATOR,20,447.89000000000243,500,47.370500000000206,0,97,0.0,38.329123711339996,1155,1391.5
2,B,PREDATOR,21,55.58249999999857,308,47.370500000000206,0,76,0.0,61.99424342105251,1046,1391.5
2,B,PREDATOR,22,1230.0600000000024,466,47.370500000000206,0,81,0.0,48.8099691358022,1547,1391.5
2,B,PREDATOR,23,-12.409999999999993,241,47.370500000000206,337,12,90.8970029673587,41.89145833333313,18,1391.5
2,B,PREDATOR,24,71.98249999999815,413,47.370500000000206,0,120,0.0,44.194291666666665,1438,1391.5
2,B,PREDATOR,25,-13.45999999999997,346,47.370500000000206,337,6,90.05513353115688,44.17083333333303,194,1391.5
2,B,PREDATOR,26,14.224999999999591,264,47.370500000000206,337,12,91.95608308605311,43.30604166666647,28,1391.5
2,B,PREDATOR,27,92.48749999999828,398,47.370500000000206,293,41,82.41211604095548,66.22756097560966,357,1391.5
2,B,PREDATOR,28,13.792499999999512,314,47.370500000000206,335,12,90.64259701492513,38.35895833333321,222,1391.5
2,B,PREDATOR,29,13.912499999999616,302,47.370500000000206,0,95,0.0,66.99484210526305,1184,1391.5
2,B,PREDATOR,30,88.39249999999869,286,47.370500000000206,0,119,0.0,60.942016806722656,1614,1391.5
2,B,PREDATOR,31,51.80749999999969,373,47.370500000000206,258,152,86.66135658914725,67.6917763157894,1833,1391.5
2,B,PREDATOR,32,-12.279999999999996,228,47.370500000000206,325,27,84.3617538461536,59.404907407407485,330,1391.5
2,B,PREDATOR,33,14.184999999999603,268,47.370500000000206,51,83,83.11705882352936,72.75987951807227,814,1391.5
2,B,PREDATOR,34,12.59499999999934,427,47.370500000000206,1,99,83.07999999999936,52.17520202020155,1720,1391.5
2,B,PREDATOR,35,116.58500000000024,388,47.370500000000206,1,85,93.27999999999975,68.7003823529409,1391,1391.5
2,B,PREDATOR,36,39.73250000000069,393,47.370500000000206,337,7,89.72922848664649,26.299999999999677,31,1391.5
2,B,PREDATOR,37,193.16500000000266,376,47.370500000000206,0,66,0.0,55.986249999999764,910,1391.5
2,B,PREDATOR,38,13.57999999999978,273,47.370500000000206,241,79,83.96182572614102,71.261835443038,633,1391.5
2,B,PREDATOR,39,13.934999999999649,293,47.370500000000206,337,17,90.10062314540022,18.761176470588428,29,1391.5
2,B,PREDATOR,40,28.257500000000604,354,47.370500000000206,337,7,89.989258160237,30.076785714285638,16,1391.5
2,B,PREDATOR,41,41.63000000000023,210,47.370500000000206,337,15,89.40115727002934,55.88433333333317,122,1391.5
2,B,PREDATOR,42,-12.07,207,47.370500000000206,334,46,89.47473053892186,46.63385869565221,276,1391.5
2,B,PREDATOR,43,63.66249999999776,500,47.370500000000206,320,167,85.2920312499999,52.416871257484836,3213,1391.5
2,B,PREDATOR,44,-12.729999999999986,273,47.370500000000206,336,50,89.81997023809507,54.73935,352,1391.5
2,B,PREDATOR,45,-13.359999999999973,336,47.370500000000206,337,12,90.56599406528166,53.41770833333286,236,1391.5
2,B,PREDATOR,46,6.639999999999555,286,47.370500000000206,0,78,0.0,61.18352564102557,953,1391.5
2,B,PREDATOR,47,14.152499999999586,278,47.370500000000206,335,11,88.80080597014899,42.11886363636365,190,1391.5
2,B,PREDATOR,48,56.15249999999846,321,47.370500000000206,1,72,99.88,80.107361111111,751,1391.5
2,B,PREDATOR,49,38.93500000000056,466,47.370500000000206,334,13,90.33508982035903,53.15846153846144,428,1391.5
2,B,PREDATOR,50,40.127500000000644,367,47.370500000000206,337,11,90.15323442136462,28.206363636363356,33,1391.5
2,B,PREDATOR,51,330.3925000000021,309,47.370500000000206,4,139,93.45249999999997,54.921474820143935,1800,1391.5
2,B,PREDATOR,52,-12.699999999999987,270,47.370500000000206,337,14,89.58403560830827,60.54535714285704,133,1391.5
2,B,PREDATOR,53,-12.409999999999993,241,47.370500000000206,337,22,90.26887240356047,26.327272727272884,62,1391.5
2,B,PREDATOR,54,-13.439999999999971,344,47.370500000000206,334,29,90.85937125748478,40.61051724137934,214,1391.5
2,B,PREDATOR,55,14.309999999999663,242,47.370500000000206,337,36,89.59183976261096,46.53541666666659,362,1391.5
2,B,PREDATOR,56,-13.44999999999997,345,47.370500000000206,337,19,91.18136498516292,37.139473684210465,107,1391.5
2,B,PREDATOR,57,1112.5575000000033,500,47.370500000000206,179,134,88.40821229050276,65.22805970149253,4340,1391.5
2,B,PREDATOR,58,38.92750000000077,487,47.370500000000206,334,10,90.76188622754464,38.7397499999997,130,1391.5
2,B,PREDATOR,59,42.930000000000476,303,47.370500000000206,0,77,0.0,67.30061688311676,808,1391.5
2,B,PREDATOR,60,47.98750000000075,500,47.370500000000206,0,82,0.0,38.172682926828934,1251,1391.5
2,B,PREDATOR,61,-14.38999999999995,439,47.370500000000206,0,61,0.0,86.0384836065573,809,1391.5
2,B,PREDATOR,62,8.097499999999465,322,47.370500000000206,337,12,89.96727002967322,40.109791666666446,85,1391.5
2,B,PREDATOR,63,-11.66,166,47.370500000000206,335,37,90.35373134328339,52.31168918918923,176,1391.5
2,B,PREDATOR,64,188.71750000000372,484,47.370500000000206,0,68,0.0,52.97992647058756,1013,1391.5
2,B,PREDATOR,65,12.76999999999943,369,47.370500000000206,0,75,0.0,59.822833333333314,1035,1391.5
2,B,PREDATOR,66,303.4725000000031,431,47.370500000000206,332,13,89.90966867469862,60.5092307692305,668,1391.5
2,B,PREDATOR,67,-13.279999999999974,328,47.370500000000206,337,76,91.20287833827861,29.801842105263187,684,1391.5
2,B,PREDATOR,68,1131.9900000000034,500,47.370500000000206,1,83,99.15999999999997,39.311355421686365,1343,1391.5
2,B,PREDATOR,69,12.882499999999547,399,47.370500000000206,337,7,90.33412462907975,37.31035714285675,109,1391.5
2,B,PREDATOR,70,13.562499999999508,337,47.370500000000206,199,86,81.08246231155775,69.94630813953482,808,1391.5
2,B,PREDATOR,71,760.8275000000019,500,47.370500000000206,0,108,0.0,34.43217592592569,1450,1391.5
2,B,PREDATOR,72,357.9350000000025,500,47.370500000000206,334,24,90.99281437125727,49.83302083333334,235,1391.5
2,B,PREDATOR,73,13.004999999999422,386,47.370500000000206,0,64,0.0,74.21378906250001,1064,1391.5
2,B,PREDATOR,74,144.37750000000295,371,47.370500000000206,336,8,89.5324107142854,36.71656249999998,74,1391.5
2,B,PREDATOR,75,12.024999999999276,484,47.370500000000206,337,6,91.42186943620145,52.70999999999943,67,1391.5
2,B,PREDATOR,76,-11.690000000000001,169,47.370500000000206,337,17,90.99234421364956,52.44558823529415,58,1391.5
2,B,PREDATOR,77,55.27249999999888,339,47.370500000000206,0,100,0.0,59.11992499999976,1366,1391.5
2,B,PREDATOR,78,21.864999999999238,500,47.370500000000206,3,72,94.56999999999978,78.70538194444437,986,1391.5
2,B,PREDATOR,79,28.80000000000043,266,47.370500000000206,337,19,89.08525222551887,27.43171052631587,137,1391.5
2,B,PREDATOR,80,400.1400000000025,500,47.370500000000206,0,88,0.0,47.683238636363285,1444,1391.5
2,B,PREDATOR,81,25.72000000000081,463,47.370500000000206,1,70,80.67999999999927,60.29482142857065,770,1391.5
2,B,PREDATOR,82,13.11249999999963,349,47.370500000000206,337,10,90.49454005934682,41.087749999999645,101,1391.5
2,B,PREDATOR,83,63.93749999999917,236,47.370500000000206,334,37,89.14715568862248,43.740067567567664,249,1391.5
2,B,PREDATOR,84,55.55999999999907,290,47.370500000000206,336,26,89.2133630952378,44.60730769230773,295,1391.5
2,B,PREDATOR,85,12.234999999999301,463,47.370500000000206,0,66,0.0,61.19090909090874,1057,1391.5
2,B,PREDATOR,86,-13.089999999999979,309,47.370500000000206,337,19,91.05706231453975,43.6227631578947,289,1391.5
2,B,PREDATOR,87,-12.189999999999998,219,47.370500000000206,337,14,87.92145400593427,47.65107142857139,38,1391.5
2,B,PREDATOR,88,406.7075000000022,500,47.370500000000206,0,93,0.0,54.88268817204264,1192,1391.5
2,B,PREDATOR,89,454.1850000000025,500,47.370500000000206,1,94,67.92999999999964,61.89622340425529,1240,1391.5
2,B,PREDATOR,90,-13.639999999999967,364,47.370500000000206,337,11,89.85480712166135,43.229318181817916,120,1391.5
2,B,PREDATOR,91,777.4250000000033,500,47.370500000000206,0,92,0.0,38.89736413043438,1735,1391.5
2,B,PREDATOR,92,46.88500000000049,500,47.370500000000206,337,6,91.87934718100858,12.524583333333245,24,1391.5
2,B,PREDATOR,93,29.3025000000004,263,47.370500000000206,0,106,0.0,74.28426886792448,1378,1391.5
2,B,PREDATOR,94,131.66000000000227,348,47.370500000000206,336,15,90.27666666666634,46.41366666666654,136,1391.5
2,B,PREDATOR,95,-13.289999999999974,329,47.370500000000206,0,120,0.0,51.81931250000002,1430,1391.5
2,B,PREDATOR,96,54.78999999999822,394,47.370500000000206,0,78,0.0,49.89137820512751,976,1391.5
2,B,PREDATOR,97,33.7450000000006,406,47.370500000000206,0,109,0.0,55.320229357797935,1339,1391.5
2,B,PREDATOR,98,120.65750000000172,428,47.370500000000206,337,11,89.3759940652815,15.257727272727475,92,1391.5
2,B,PREDATOR,99,27.680000000000767,405,47.370500000000206,0,133,0.0,64.4853759398495,1729,1391.5
2,B,PREDATOR,100,576.7750000000033,500,47.370500000000206,336,170,90.48523809523785,40.765161764705994,1451,1391.5
2,B,PREDATOR,101,43.812500000000576,312,47.370500000000206,258,130,87.95751937984492,62.141038461538486,1371,1391.5
2,B,PREDATOR,102,684.302500000003,500,47.370500000000206,335,6,92.24265671641764,44.25583333333294,62,1391.5
2,B,PREDATOR,103,48.79750000000083,500,47.370500000000206,0,76,0.0,39.13871710526268,1271,1391.5
2,B,PREDATOR,104,144.34750000000307,500,47.370500000000206,331,44,90.13685800604206,45.89994318181824,288,1391.5
2,B,PREDATOR,105,1315.560000000003,500,47.370500000000206,302,163,88.41778145695359,56.53786809815936,3527,1391.5
2,B,PREDATOR,106,11.992499999999309,494,47.370500000000206,0,89,0.0,34.62651685393225,1281,1391.5
2,B,PREDATOR,107,110.279999999998,431,47.370500000000206,0,87,0.0,39.42649425287333,1191,1391.5
2,B,PREDATOR,108,26.03750000000047,277,47.370500000000206,337,15,89.74468842729931,30.558833333333336,62,1391.5
2,B,PREDATOR,109,225.4925000000028,399,47.370500000000206,245,143,79.7079999999999,53.03638111888119,2204,1391.5
2,B,PREDATOR,110,-13.48999999999997,349,47.370500000000206,337,10,89.89768545994035,27.36400000000026,233,1391.5
2,B,PREDATOR,111,-13.689999999999966,369,47.370500000000206,329,24,89.84185410334321,58.59999999999999,119,1391.5
2,B,PREDATOR,112,2.3400000000000567,266,47.370500000000206,336,52,88.81535714285695,58.774134615384625,426,1391.5
2,B,PREDATOR,113,-12.359999999999994,236,47.370500000000206,336,22,89.93041666666642,58.536022727272666,220,1391.5
2,B,PREDATOR,114,1423.817500000001,500,47.370500000000206,336,7,90.3836011904759,59.07392857142831,129,1391.5
2,B,PREDATOR,115,849.912500000003,500,47.370500000000206,34,123,92.08176470588234,70.20140243902416,2313,1391.5
2,B,PREDATOR,116,1471.5750000000028,500,47.370500000000206,0,119,0.0,53.776533613444805,1715,1391.5
2,B,PREDATOR,117,1769.4424999999992,500,47.370500000000206,0,118,0.0,41.2842584745763,1565,1391.5
2,B,PREDATOR,118,789.3375000000034,500,47.370500000000206,0,66,0.0,41.60087121212068,1086,1391.5
2,B,PREDATOR,119,28.930000000000526,298,47.370500000000206,336,13,90.34321428571404,35.647500000000065,210,1391.5
2,B,PREDATOR,120,52.61999999999947,340,47.370500000000206,0,81,0.0,64.47814814814797,894,1391.5
2,B,PREDATOR,121,13.709999999999548,326,47.370500000000206,2,75,92.1399999999997,64.24703333333292,957,1391.5
2,B,PREDATOR,122,-13.52999999999997,353,47.370500000000206,0,66,0.0,59.97738636363619,880,1391.5
2,B,PREDATOR,123,27.645000000000614,372,47.370500000000206,337,3,88.67370919881263,14.530833333333439,12,1391.5
2,B,PREDATOR,124,12.572499999999485,355,47.370500000000206,336,13,90.44413690476163,40.27403846153811,119,1391.5
2,B,PREDATOR,125,13.792499999999533,314,47.370500000000206,337,11,91.82201780415399,37.13295454545447,67,1391.5
2,B,PREDATOR,126,854.7575000000027,500,47.370500000000206,0,107,0.0,37.961915887850296,1777,1391.5
2,B,PREDATOR,127,12.657499999999446,409,47.370500000000206,337,8,91.14946587537058,30.724062499999707,15,1391.5
2,B,PREDATOR,128,3.240000000000034,176,47.370500000000206,337,30,92.04308605341218,45.51116666666667,130,1391.5
2,B,PREDATOR,129,153.9075000000036,453,47.370500000000206,0,90,0.0,54.43702777777746,1074,1391.5
2,B,PREDATOR,130,2.49000000000005,251,47.370500000000206,0,140,0.0,71.08596428571431,1450,1391.5
2,B,PREDATOR,131,-12.759999999999986,276,47.370500000000206,1,94,91.35999999999967,70.72617021276595,904,1391.5
2,B,PREDATOR,132,-12.189999999999998,219,47.370500000000206,332,20,89.24204819277078,51.14937500000009,74,1391.5
2,B,PREDATOR,133,-13.089999999999979,309,47.370500000000206,337,32,89.96192878338242,28.839296874999995,213,1391.5
2,B,PREDATOR,134,69.66999999999787,500,47.370500000000206,0,86,0.0,60.59994186046452,998,1391.5
2,B,PREDATOR,135,53.97749999999798,467,47.370500000000206,337,10,91.24777448071184,29.963249999999675,39,1391.5
2,B,PREDATOR,136,-12.939999999999982,294,47.370500000000206,337,13,89.00620178041501,50.79615384615349,66,1391.5
2,B,PREDATOR,137,12.927499999999453,360,47.370500000000206,317,75,84.83271293375375,58.98569999999999,581,1391.5
2,B,PREDATOR,138,55.989999999998766,274,47.370500000000206,336,13,89.25491071428544,33.23000000000013,181,1391.5
2,B,PREDATOR,139,54.4049999999983,383,47.370500000000206,263,134,81.81053231939158,41.685690298507545,2214,1391.5
2,B,PREDATOR,140,27.622500000000798,431,47.370500000000206,0,103,0.0,54.50716019417445,1102,1391.5
2,B,PREDATOR,141,-12.53999999999999,254,47.370500000000206,0,79,0.0,67.4011708860759,1030,1391.5
2,B,PREDATOR,142,12.852499999999543,348,47.370500000000206,0,97,0.0,49.859381443298766,1057,1391.5
2,B,PREDATOR,143,-13.98999999999996,399,47.370500000000206,337,7,90.42816023738844,48.258214285714054,278,1391.5
2,B,PREDATOR,144,12.47499999999937,439,47.370500000000206,174,108,85.822816091954,60.14446759259267,2293,1391.5
2,B,PREDATOR,145,101.77749999999821,392,47.370500000000206,1,120,87.00999999999951,50.62916666666654,1223,1391.5
2,B,PREDATOR,146,2.5400000000000453,246,47.370500000000206,335,23,90.98641791044744,32.382282608695675,78,1391.5
2,B,PREDATOR,147,-13.339999999999973,334,47.370500000000206,337,14,93.06451038575644,44.041428571428334,70,1391.5
2,B,PREDATOR,148,153.07250000000187,360,47.370500000000206,0,111,0.0,61.15072072072042,1259,1391.5
2,B,PREDATOR,149,21.78249999999936,500,47.370500000000206,337,8,89.85554896142395,19.31687499999962,72,1391.5
2,B,PREDATOR,150,38.98500000000055,461,47.370500000000206,0,84,0.0,39.04824404761884,1303,1391.5
2,B,PREDATOR,151,-12.159999999999998,216,47.370500000000206,337,37,89.53845697329349,36.14689189189184,258,1391.5
2,B,PREDATOR,152,41.2650000000006,307,47.370500000000206,336,18,88.9887797619045,43.05972222222217,282,1391.5
2,B,PREDATOR,153,-12.209999999999997,221,47.370500000000206,337,22,88.3910682492578,48.947159090909054,80,1391.5
2,B,PREDATOR,154,36.49750000000049,323,47.370500000000206,0,111,0.0,52.43666666666656,1062,1391.5
2,B,PREDATOR,155,16.029999999999518,347,47.370500000000206,0,90,0.0,62.02805555555543,1155,1391.5
2,B,PREDATOR,156,13.264999999999533,360,47.370500000000206,336,10,89.10485119047587,28.46875000000022,271,1391.5
2,B,PREDATOR,157,4.567499999999601,413,47.370500000000206,0,81,0.0,66.10716049382688,1014,1391.5
2,B,PREDATOR,158,61.19249999999848,368,47.370500000000206,1,86,85.14999999999944,66.63305232558123,1259,1391.5
2,B,PREDATOR,159,28.77250000000054,316,47.370500000000206,1,130,81.33999999999929,63.508192307692354,1551,1391.5
2,B,PREDATOR,160,13.484999999999514,338,47.370500000000206,335,14,89.71292537313406,37.686607142857085,314,1391.5
2,B,PREDATOR,161,-12.509999999999991,251,47.370500000000206,335,14,89.05686567164145,52.3849999999998,110,1391.5
2,B,PREDATOR,162,76.48249999999798,448,47.370500000000206,0,103,0.0,51.316092233009435,1278,1391.5
2,B,PREDATOR,163,48.730000000000736,500,47.370500000000206,0,91,0.0,46.29752747252738,1334,1391.5
2,B,PREDATOR,164,11.754999999999251,484,47.370500000000206,1,109,100.0,60.27759174311891,1406,1391.5
2,B,PREDATOR,165,112.18749999999814,447,47.370500000000206,0,81,0.0,48.42055555555536,1101,1391.5
2,B,PREDATOR,166,-12.899999999999983,290,47.370500000000206,1,58,82.65999999999934,79.70249999999997,838,1391.5
2,B,PREDATOR,167,60.819999999998736,303,47.370500000000206,7,126,98.13,63.96839285714291,1849,1391.5
2,B,PREDATOR,168,28.495000000000644,337,47.370500000000206,337,19,90.28486646884241,27.157894736842273,127,1391.5
2,B,PREDATOR,169,13.027499999999462,377,47.370500000000206,337,13,89.18913946587496,25.37288461538454,54,1391.5
2,B,PREDATOR,170,14.637499999999703,216,47.370500000000206,325,106,84.17726153846138,54.54325471698116,711,1391.5
2,B,PREDATOR,171,-14.109999999999957,411,47.370500000000206,0,85,0.0,67.48155882352916,1314,1391.5
2,B,PREDATOR,172,64.7374999999991,250,47.370500000000206,337,13,88.65240356083054,37.88211538461549,138,1391.5
2,B,PREDATOR,173,945.3450000000014,500,47.370500000000206,0,102,0.0,44.18686274509778,1261,1391.5
2,B,PREDATOR,174,12.42499999999936,417,47.370500000000206,337,9,89.89640949554858,33.20916666666619,37,1391.5
2,B,PREDATOR,175,101.39999999999793,474,47.370500000000206,337,13,90.05691394658717,19.798076923076767,132,1391.5
2,B,PREDATOR,176,323.0500000000037,458,47.370500000000206,2,134,99.94,65.57664179104472,2833,1391.5
2,B,PREDATOR,177,37.732500000000535,294,47.370500000000206,333,14,91.63006006005978,38.23607142857151,43,1391.5
2,B,PREDATOR,178,226.00750000000312,412,47.370500000000206,336,33,84.65928571428533,27.04340909090912,504,1391.5
2,B,PREDATOR,179,14.062499999999565,287,47.370500000000206,278,78,82.34431654676243,49.15766025641036,800,1391.5
2,B,PREDATOR,180,-13.179999999999977,318,47.370500000000206,1,74,98.19999999999993,63.475371621621456,792,1391.5
2,B,PREDATOR,181,12.642499999999336,429,47.370500000000206,337,6,88.96798219584528,42.55208333333263,24,1391.5
2,B,PREDATOR,182,3.2000000000000384,180,47.370500000000206,333,30,91.39726726726704,58.92424999999995,124,1391.5
2,B,PREDATOR,183,12.624999999999384,424,47.370500000000206,0,109,0.0,45.59197247706389,1067,1391.5
2,B,PREDATOR,184,2585.89249999996,500,47.370500000000206,0,114,0.0,60.751688596490965,1648,1391.5
2,B,PREDATOR,185,-12.509999999999991,251,47.370500000000206,33,80,82.41666666666664,78.147875,1024,1391.5
2,B,PREDATOR,186,616.8800000000032,500,47.370500000000206,268,141,88.06089552238802,54.04952127659586,2639,1391.5
2,B,PREDATOR,187,-13.559999999999969,356,47.370500000000206,0,119,0.0,59.79508403361341,1362,1391.5
2,B,PREDATOR,188,13.289999999999507,344,47.370500000000206,337,18,91.71109792284835,30.48194444444429,88,1391.5
2,B,PREDATOR,189,52.11500000000036,235,47.370500000000206,337,16,91.47928783382758,33.618906249999995,32,1391.5
2,B,PREDATOR,190,-12.929999999999982,293,47.370500000000206,335,20,90.91170149253703,40.015624999999986,305,1391.5
2,B,PREDATOR,191,13.234999999999436,363,47.370500000000206,337,9,89.1133531157267,40.13027777777746,97,1391.5
2,B,PREDATOR,192,487.7925000000032,447,47.370500000000206,0,111,0.0,41.12123873873863,1198,1391.5
2,B,PREDATOR,193,13.52249999999947,341,47.370500000000206,336,50,85.80580357142819,28.848200000000055,605,1391.5
2,B,PREDATOR,194,304.1325000000039,500,47.370500000000206,337,8,90.49353115726969,41.0721874999992,117,1391.5
2,B,PREDATOR,195,13.602499999999585,303,47.370500000000206,335,16,91.11549253731317,49.84218749999989,107,1391.5
2,B,PREDATOR,196,12.50499999999939,409,47.370500000000206,1,61,85.29999999999944,81.27348360655732,895,1391.5
2,B,PREDATOR,197,12.804999999999433,379,47.370500000000206,337,9,89.42373887240316,20.456111111111166,39,1391.5
2,B,PREDATOR,198,13.482499999999517,318,47.370500000000206,177,81,85.85299435028246,75.91657407407403,737,1391.5
2,B,PREDATOR,199,-13.259999999999975,326,47.370500000000206,335,7,90.18504477611914,35.93428571428567,156,1391.5
2,B,PREDATOR,200,-12.08,208,47.370500000000206,245,98,88.46653061224485,70.97308673469387,790,1391.5
2,B,PREDATOR,201,36.48750000000074,488,47.370500000000206,336,56,87.29264880952356,24.904464285714347,1027,1391.5
2,B,PREDATOR,202,13.98249999999957,295,47.370500000000206,335,18,85.43044776119365,38.073888888888874,219,1391.5
2,B,PREDATOR,203,63.37749999999826,359,47.370500000000206,0,132,0.0,42.882348484848535,1508,1391.5
2,B,PREDATOR,204,48.59500000000075,500,47.370500000000206,1,97,94.8399999999998,48.31481958762811,1244,1391.5
2,B,PREDATOR,205,100.26999999999829,360,47.370500000000206,337,7,89.78709198813017,17.829642857142975,29,1391.5
2,B,PREDATOR,206,-13.03999999999998,304,47.370500000000206,335,121,88.16337313432803,35.943057851239686,1076,1391.5
2,B,PREDATOR,207,-12.419999999999993,242,47.370500000000206,0,64,0.0,70.58253906249995,756,1391.5
2,B,PREDATOR,208,347.0575000000027,500,47.370500000000206,0,98,0.0,46.73145408163201,1399,1391.5
2,B,PREDATOR,209,71.99749999999797,500,47.370500000000206,337,8,91.5613649851629,21.583749999999853,110,1391.5
2,B,PREDATOR,210,219.8475000000035,437,47.370500000000206,161,135,85.51664596273288,51.4010370370371,1945,1391.5
2,B,PREDATOR,211,2020.9275000000016,500,47.370500000000206,0,100,0.0,38.057724999999685,1334,1391.5
2,B,PREDATOR,212,1761.2450000000017,500,47.370500000000206,1,60,84.63999999999942,54.61795833333288,1176,1391.5
2,B,PREDATOR,213,-12.479999999999992,248,47.370500000000206,337,15,89.7338872403557,46.61516666666657,40,1391.5
2,B,PREDATOR,214,628.0200000000016,500,47.370500000000206,337,4,90.98833827893141,29.180624999999914,41,1391.5
2,B,PREDATOR,215,2671.592499999988,500,47.370500000000206,337,10,90.99801186943591,51.824999999999626,399,1391.5
2,B,PREDATOR,216,407.12750000000204,500,47.370500000000206,0,104,0.0,54.635913461538095,1185,1391.5
2,B,PREDATOR,217,549.4925000000012,500,47.370500000000206,2,118,82.59999999999934,52.29648305084692,1342,1391.5
2,B,PREDATOR,218,712.1850000000036,500,47.370500000000206,0,70,0.0,27.821142857142906,985,1391.5
2,B,PREDATOR,219,-12.379999999999994,238,47.370500000000206,337,11,90.06353115726967,57.235681818181405,41,1391.5
2,B,PREDATOR,220,157.59250000000213,371,47.370500000000206,0,60,0.0,66.88708333333331,1043,1391.5
2,B,PREDATOR,221,14.682499999999886,222,47.370500000000206,334,43,88.06670658682619,52.86691860465113,493,1391.5
2,B,PREDATOR,222,4956.417499999958,500,47.370500000000206,337,8,90.56017804154268,36.679062499999816,346,1391.5
2,B,PREDATOR,223,12.764999999999384,410,47.370500000000206,337,22,90.41011869436169,28.43443181818188,333,1391.5
2,B,PREDATOR,224,-13.229999999999976,323,47.370500000000206,337,14,90.4510089020769,38.345892857142864,245,1391.5
2,B,PREDATOR,225,27.95000000000043,270,47.370500000000206,337,16,90.31916913946552,37.1054687499999,68,1391.5
2,B,PREDATOR,226,-13.589999999999968,359,47.370500000000206,334,61,87.90119760479031,61.4624590163934,495,1391.5
2,B,PREDATOR,227,39.217500000000754,458,47.370500000000206,336,31,88.66883928571397,24.532983870967847,536,1391.5
2,B,PREDATOR,228,430.41499999999957,500,47.370500000000206,336,6,91.50377976190447,31.53833333333308,52,1391.5
2,B,PREDATOR,229,38.897499999999766,379,47.370500000000206,151,103,74.14549668874164,67.84429611650484,1110,1391.5
2,B,PREDATOR,230,905.8500000000006,500,47.370500000000206,2,75,90.92499999999966,57.28039999999971,981,1391.5
2,B,PREDATOR,231,2141.849999999985,500,47.370500000000206,168,109,83.8573809523809,63.333715596330315,1366,1391.5
2,B,PREDATOR,232,2871.4474999999575,500,47.370500000000206,110,144,87.90381818181817,59.155607638888945,3476,1391.5
2,B,PREDATOR,233,210.44500000000284,500,47.370500000000206,0,72,0.0,57.07906249999925,950,1391.5
2,B,PREDATOR,234,583.1400000000006,500,47.370500000000206,336,114,90.9393749999999,55.50078947368411,942,1391.5
2,B,PREDATOR,235,-14.539999999999948,454,47.370500000000206,0,82,0.0,57.28289634146281,1002,1391.5
2,B,PREDATOR,236,13.417499999999494,338,47.370500000000206,337,13,90.27151335311541,44.56307692307677,173,1391.5
2,B,PREDATOR,237,-13.239999999999975,324,47.370500000000206,337,54,91.3175370919878,27.232916666666828,448,1391.5
2,B,PREDATOR,238,-13.93999999999996,394,47.370500000000206,336,25,89.64708333333309,27.267299999999977,481,1391.5
2,B,PREDATOR,239,39.85000000000054,388,47.370500000000206,0,135,0.0,48.22618518518504,1696,1391.5
2,B,PREDATOR,240,143.0650000000025,457,47.370500000000206,325,67,84.71203076923065,59.582537313432795,482,1391.5
2,B,PREDATOR,241,12.964999999999415,390,47.370500000000206,332,23,86.71710843373467,56.74054347826086,233,1391.5
2,B,PREDATOR,242,-12.659999999999988,266,47.370500000000206,1,91,84.45999999999941,66.766978021978,1270,1391.5
2,B,PREDATOR,243,29.817500000000308,198,47.370500000000206,337,39,92.28946587537065,46.87916666666669,217,1391.5
2,B,PREDATOR,244,96.26499999999768,500,47.370500000000206,1,96,99.39999999999998,61.63471354166626,1183,1391.5
2,B,PREDATOR,245,27.22000000000046,340,47.370500000000206,336,24,92.55467261904741,43.30781250000001,326,1391.5
2,B,PREDATOR,246,11.634999999999716,197,47.370500000000206,337,18,90.04418397626075,44.15569444444434,54,1391.5
2,B,PREDATOR,247,-12.010000000000002,201,47.370500000000206,185,82,80.07199999999995,75.1228963414634,789,1391.5
2,B,PREDATOR,248,40.31500000000042,328,47.370500000000206,337,18,90.6001780415427,40.24111111111117,190,1391.5
2,B,PREDATOR,249,130.67250000000135,462,47.370500000000206,337,8,90.99946587537062,43.34718749999998,64,1391.5
2,B,PREDATOR,250,89.42249999999792,444,47.370500000000206,0,102,0.0,59.09872549019561,1538,1391.5
2,B,PREDATOR,251,769.8124999999999,500,47.370500000000206,1,79,97.95999999999992,71.11148734177178,1019,1391.5
2,B,PREDATOR,252,1851.857499999999,500,47.370500000000206,0,132,0.0,58.69469696969682,1743,1391.5
2,B,PREDATOR,253,21.864999999999263,500,47.370500000000206,1,80,98.61999999999995,42.25978124999934,1499,1391.5
2,B,PREDATOR,254,1040.0925000000016,500,47.370500000000206,0,67,0.0,49.29309701492466,949,1391.5
2,B,PREDATOR,255,-13.05999999999998,306,47.370500000000206,336,11,90.91160714285687,35.078636363636484,139,1391.5
2,B,PREDATOR,256,1186.9300000000014,500,47.370500000000206,0,82,0.0,44.05100609756081,1333,1391.5
2,B,PREDATOR,257,23.999999999999872,500,47.370500000000206,337,35,91.72703264094932,39.7500000000001,649,1391.5
2,B,PREDATOR,258,19.55750000000006,474,47.370500000000206,0,70,0.0,42.652357142857106,904,1391.5
2,B,PREDATOR,259,1672.215000000003,500,47.370500000000206,0,134,0.0,47.48287313432815,2390,1391.5
2,B,PREDATOR,260,87.79499999999781,500,47.370500000000206,0,105,0.0,54.67147619047559,1073,1391.5
2,B,PREDATOR,261,14.037499999999659,276,47.370500000000206,337,12,89.66154302670584,33.38916666666649,20,1391.5
2,B,PREDATOR,262,475.9500000000017,464,47.370500000000206,210,111,78.66699999999992,66.03249999999996,1839,1391.5
2,B,PREDATOR,263,11.722499999999256,494,47.370500000000206,0,74,0.0,59.96922297297238,900,1391.5
2,B,PREDATOR,264,27.482500000000314,259,47.370500000000206,267,58,84.81146067415723,71.82913793103448,496,1391.5
2,B,PREDATOR,265,156.72750000000283,387,47.370500000000206,337,12,88.12388724035564,34.15666666666656,40,1391.5
2,B,PREDATOR,266,161.09000000000313,396,47.370500000000206,1,89,90.03999999999962,53.7856741573031,1104,1391.5
2,B,PREDATOR,267,136.5175000000026,420,47.370500000000206,1,132,100.0,48.65810606060586,1166,1391.5
2,B,PREDATOR,268,13.592499999999747,331,47.370500000000206,0,76,0.0,62.71671052631548,922,1391.5
2,B,PREDATOR,269,501.830000000003,500,47.370500000000206,0,111,0.0,40.09574324324281,1471,1391.5
2,B,PREDATOR,270,576.3400000000029,390,47.370500000000206,0,89,0.0,47.84907303370762,1022,1391.5
2,B,PREDATOR,271,72.3449999999987,366,47.370500000000206,337,13,89.29139465875332,33.38673076923081,104,1391.5
2,B,PREDATOR,272,-12.759999999999986,276,47.370500000000206,337,17,89.88047477744769,36.54691176470584,72,1391.5
2,B,PREDATOR,273,-13.50999999999997,351,47.370500000000206,2,78,99.45999999999998,62.49179487179463,949,1391.5
2,B,PREDATOR,274,37.975000000000236,236,47.370500000000206,331,30,90.17984894259797,62.1725,181,1391.5
2,B,PREDATOR,275,500.4375000000035,480,47.370500000000206,0,74,0.0,50.61689189189129,1081,1391.5
2,B,PREDATOR,276,77.09999999999825,406,47.370500000000206,336,12,91.00116071428545,55.36249999999975,247,1391.5
2,B,PREDATOR,277,1091.3775000000035,500,47.370500000000206,0,73,0.0,42.02907534246516,1112,1391.5
2,B,PREDATOR,278,-13.689999999999966,369,47.370500000000206,1,92,95.55999999999983,69.46972826086915,1159,1391.5
2,B,PREDATOR,279,50.89500000000003,471,47.370500000000206,215,98,80.18795348837206,70.84551020408152,1086,1391.5
2,B,PREDATOR,280,62.6899999999985,354,47.370500000000206,279,66,85.54129032258058,69.0371590909091,641,1391.5
2,B,PREDATOR,281,14.374999999999682,249,47.370500000000206,337,11,90.61014836795218,52.48795454545439,28,1391.5
2,B,PREDATOR,282,-12.409999999999993,241,47.370500000000206,335,22,90.2518208955221,48.35863636363631,149,1391.5
2,B,PREDATOR,283,11.469999999999226,499,47.370500000000206,0,83,0.0,51.863192771083924,1164,1391.5
2,B,PREDATOR,284,229.7274999999984,500,47.370500000000206,337,5,90.85931750741807,32.48799999999948,24,1391.5
2,B,PREDATOR,285,12.997499999999425,380,47.370500000000206,337,9,89.94988130563766,41.548055555555216,208,1391.5
2,B,PREDATOR,286,97.04999999999742,500,47.370500000000206,0,123,0.0,49.19997967479653,1930,1391.5
2,B,PREDATOR,287,-13.389999999999972,339,47.370500000000206,336,12,90.19997023809496,17.22270833333349,116,1391.5
2,B,PREDATOR,288,13.64749999999952,315,47.370500000000206,334,11,89.01494011976023,49.871818181818135,175,1391.5
2,B,PREDATOR,289,36.11500000000031,392,47.370500000000206,337,12,89.56635014836756,26.271041666666743,71,1391.5
2,B,PREDATOR,290,60.82249999999848,332,47.370500000000206,337,18,90.12884272996996,41.49333333333309,86,1391.5
2,B,PREDATOR,291,92.99749999999811,396,47.370500000000206,337,51,91.64278931750711,19.83127450980415,624,1391.5
2,B,PREDATOR,292,910.3700000000017,432,47.370500000000206,0,132,0.0,41.67176136363625,1746,1391.5
2,B,PREDATOR,293,-12.209999999999997,221,47.370500000000206,1,107,91.11999999999966,76.33693925233644,1053,1391.5
2,B,PREDATOR,294,-13.309999999999974,331,47.370500000000206,0,107,0.0,60.87612149532695,1623,1391.5
2,B,PREDATOR,295,-12.189999999999998,219,47.370500000000206,337,13,89.09314540059307,40.911153846153745,45,1391.5
2,B,PREDATOR,296,-13.359999999999973,336,47.370500000000206,337,18,92.12216617210652,30.665833333333417,89,1391.5
2,B,PREDATOR,297,53.53499999999894,287,47.370500000000206,0,139,0.0,55.91848920863315,1617,1391.5
2,B,PREDATOR,298,12.542499999999409,439,47.370500000000206,337,5,89.6392878338275,16.257500000000007,21,1391.5
2,B,PREDATOR,299,-12.369999999999994,237,47.370500000000206,335,45,90.06635820895497,42.47761111111118,392,1391.5
2,B,PREDATOR,300,12.274999999999368,459,47.370500000000206,337,7,90.80406528189877,20.17357142857144,64,1391.5
2,B,PREDATOR,301,90.32999999999788,460,47.370500000000206,301,148,87.08023255813949,60.59543918918903,1974,1391.5
2,B,PREDATOR,302,66.4874999999981,404,47.370500000000206,1,50,91.11999999999966,71.38934999999965,971,1391.5
2,B,PREDATOR,303,3047.5324999999702,500,47.370500000000206,336,17,90.40050595238068,42.96794117647048,588,1391.5
2,B,PREDATOR,304,-12.239999999999997,224,47.370500000000206,335,13,89.32943283582055,36.13865384615398,99,1391.5
2,B,PREDATOR,305,69.81749999999849,321,47.370500000000206,337,26,91.83118694361987,30.93740384615377,156,1391.5
2,B,PREDATOR,306,569.1850000000029,500,47.370500000000206,0,68,0.0,33.912647058823204,1257,1391.5
2,B,PREDATOR,307,39.00000000000063,434,47.370500000000206,1,102,94.5999999999998,53.54715686274479,928,1391.5
2,B,PREDATOR,308,-13.339999999999973,334,47.370500000000206,337,9,91.76718100890176,38.61416666666625,12,1391.5
2,B,PREDATOR,309,37.30250000000037,363,47.370500000000206,337,11,90.02664688427262,29.15727272727274,62,1391.5
2,B,PREDATOR,310,613.2125000000034,500,47.370500000000206,0,104,0.0,33.042307692307745,1634,1391.5
2,B,PREDATOR,311,-13.689999999999966,369,47.370500000000206,337,9,91.35795252225486,32.26111111111081,20,1391.5
2,B,PREDATOR,312,-11.96,196,47.370500000000206,320,36,85.98468749999991,70.19645833333328,430,1391.5
2,B,PREDATOR,313,72.96999999999841,332,47.370500000000206,225,103,86.24737777777773,70.73402912621357,813,1391.5
2,B,PREDATOR,314,228.542500000004,498,47.370500000000206,0,58,0.0,54.959999999999525,1091,1391.5
2,B,PREDATOR,315,2351.242499999949,500,47.370500000000206,1,57,99.88,61.84574561403446,922,1391.5
2,B,PREDATOR,316,28.835000000000377,223,47.370500000000206,336,24,90.8314583333331,59.65322916666668,111,1391.5
2,B,PREDATOR,317,116.96499999999754,500,47.370500000000206,0,78,0.0,39.846442307691724,915,1391.5
2,B,PREDATOR,318,1185.6950000000033,500,47.370500000000206,1,69,100.0,70.56916666666628,961,1391.5
2,B,PREDATOR,319,55.17749999999862,335,47.370500000000206,0,130,0.0,44.88075000000001,1461,1391.5
2,B,PREDATOR,320,740.7050000000021,500,47.370500000000206,337,6,90.38130563798182,26.08541666666666,145,1391.5
2,B,PREDATOR,321,542.960000000003,433,47.370500000000206,1,97,86.6199999999995,75.38278350515444,1104,1391.5
2,B,PREDATOR,322,62.95999999999845,500,47.370500000000206,335,9,91.20904477611914,46.91249999999977,137,1391.5
2,B,PREDATOR,323,-12.629999999999988,263,47.370500000000206,68,95,74.1995588235293,77.05344736842106,1043,1391.5
2,B,PREDATOR,324,-13.599999999999968,360,47.370500000000206,337,9,89.28537091988092,29.979444444444393,28,1391.5
2,B,PREDATOR,325,1024.4675000000032,500,47.370500000000206,0,100,0.0,28.956924999999824,1219,1391.5
2,B,PREDATOR,326,-13.02999999999998,303,47.370500000000206,1,87,91.59999999999968,73.74255747126426,1084,1391.5
2,B,PREDATOR,327,36.4825000000007,392,47.370500000000206,337,5,91.65777448071185,36.431999999999974,25,1391.5
2,B,PREDATOR,328,13.894999999999568,297,47.370500000000206,337,12,90.73142433234386,28.829791666666722,38,1391.5
2,B,PREDATOR,329,31.93500000000055,389,47.370500000000206,337,13,88.4542729970322,21.763076923076955,63,1391.5
2,B,PREDATOR,330,12.012499999999472,342,47.370500000000206,337,30,90.16178041542989,25.860083333333414,192,1391.5
2,B,PREDATOR,331,27.515000000000718,435,47.370500000000206,0,54,0.0,59.51648148148083,721,1391.5
2,B,PREDATOR,332,27.882500000000775,405,47.370500000000206,1,81,90.81999999999965,60.344969135802025,1111,1391.5
2,B,PREDATOR,333,2.6200000000000507,238,47.370500000000206,336,13,90.97327380952349,43.51211538461546,42,1391.5
2,B,PREDATOR,334,2555.144999999942,500,47.370500000000206,0,96,0.0,47.070624999999666,1656,1391.5
2,B,PREDATOR,335,2023.2700000000013,500,47.370500000000206,0,106,0.0,54.48231132075427,1426,1391.5
2,B,PREDATOR,336,8.992499999999607,380,47.370500000000206,336,38,90.56574404761875,24.826973684210696,679,1391.5
2,B,PREDATOR,337,1783.092500000002,500,47.370500000000206,0,115,0.0,40.49013043478232,1637,1391.5
2,B,PREDATOR,338,86.65499999999787,461,47.370500000000206,1,79,94.95999999999981,48.062056962024904,1990,1391.5
2,B,PREDATOR,339,12.159999999999284,478,47.370500000000206,0,82,0.0,47.7675609756095,1381,1391.5
2,B,PREDATOR,340,-12.289999999999996,229,47.370500000000206,337,17,89.42999999999964,53.889999999999816,59,1391.5
2,B,PREDATOR,341,86.65249999999828,346,47.370500000000206,337,11,92.17382789317477,25.64159090909085,65,1391.5
2,B,PREDATOR,342,13.124999999999451,374,47.370500000000206,1,92,90.99999999999966,53.26228260869551,1368,1391.5
2,B,PREDATOR,343,2.0700000000000625,293,47.370500000000206,1,119,93.99999999999977,48.877142857142815,1341,1391.5
2,B,PREDATOR,344,182.57250000000306,374,47.370500000000206,0,65,0.0,72.25788461538457,964,1391.5
2,B,PREDATOR,345,265.1400000000028,406,47.370500000000206,2,110,93.24999999999974,51.94247727272716,1656,1391.5
2,B,PREDATOR,346,-13.98999999999996,399,47.370500000000206,0,66,0.0,52.001704545454224,924,1391.5
2,B,PREDATOR,347,104.53499999999785,453,47.370500000000206,0,65,0.0,44.90369230769183,1016,1391.5
2,B,PREDATOR,348,13.102499999999429,380,47.370500000000206,337,9,88.41608308605299,50.61555555555519,36,1391.5
2,B,PREDATOR,349,368.2425000000012,500,47.370500000000206,37,115,82.59162162162157,61.224434782608675,2043,1391.5
2,B,PREDATOR,350,3.2900000000000365,171,47.370500000000206,337,33,92.74792284866442,36.38931818181826,203,1391.5
3,A,PREY,1,3017.029999999994,97,12082.607000000007,334,30,92.05425149700586,69.89883333333334,73,40.0
3,A,PREY,2,4905.619999999983,138,12082.607000000007,337,19,93.11578635014816,64.5792105263157,34,40.0
3,A,PREY,3,2617.5599999999936,94,12082.607000000007,337,12,88.50516320474759,72.12166666666654,12,40.0
3,A,PREY,4,2706.209999999996,79,12082.607000000007,337,17,91.754065281899,68.0397058823529,25,40.0
3,A,PREY,5,17493.999999999967,500,12082.607000000007,338,8,90.79710059171563,32.064687499999835,13,40.0
3,A,PREY,6,15583.26999999992,423,12082.607000000007,336,168,89.99502976190449,57.06287202380932,638,40.0
3,A,PREY,7,18329.999999999993,500,12082.607000000007,338,7,90.71091715976296,25.98571428571425,15,40.0
3,A,PREY,8,18265.0,500,12082.607000000007,338,9,91.96230769230739,36.713055555555655,44,40.0
3,A,PREY,9,3616.4999999999905,100,12082.607000000007,335,86,90.1018805970148,60.83578488372089,203,40.0
3,A,PREY,10,18049.99999999999,500,12082.607000000007,338,9,89.60863905325404,25.094722222222057,11,40.0
3,A,PREY,11,299.2900000000001,21,12082.607000000007,32,10,94.91531249999987,91.17674999999996,6,40.0
3,A,PREY,12,17600.499999999967,500,12082.607000000007,336,103,89.62377976190457,56.627402912621285,312,40.0
3,A,PREY,13,6760.639999999972,186,12082.607000000007,337,55,90.43100890207683,46.24113636363639,106,40.0
3,A,PREY,14,387.86000000000007,14,12082.607000000007,40,11,94.20799999999993,78.95386363636364,3,40.0
3,A,PREY,15,2862.8499999999954,115,12082.607000000007,337,14,91.81350148367932,54.83821428571429,9,40.0
3,A,PREY,16,2818.129999999985,187,12082.607000000007,337,28,89.77994065281864,44.94482142857152,49,40.0
3,A,PREY,17,18295.0,500,12082.607000000007,338,6,90.26834319526591,37.219583333333084,28,40.0
3,A,PREY,18,18555.000000000015,500,12082.607000000007,338,9,90.18733727810614,25.25944444444424,10,40.0
3,A,PREY,19,8460.559999999961,244,12082.607000000007,337,17,90.4150445103854,35.381029411764814,15,40.0
3,A,PREY,20,23.88000000000001,12,12082.607000000007,36,12,95.75027777777771,70.58187499999998,1,40.0
3,A,PREY,21,16194.499999999916,500,12082.607000000007,338,7,91.91349112426005,28.203571428571166,16,40.0
3,A,PREY,22,11691.579999999938,342,12082.607000000007,335,168,91.94450746268637,44.661875000000016,496,40.0
3,A,PREY,23,17274.99999999995,500,12082.607000000007,338,10,91.39905325443755,23.963749999999937,46,40.0
3,A,PREY,24,18355.000000000004,500,12082.607000000007,338,10,91.76863905325412,25.855499999999882,25,40.0
3,A,PREY,25,2264.829999999997,67,12082.607000000007,328,16,91.04814024390238,66.25593749999999,20,40.0
3,A,PREY,26,426.8300000000001,17,12082.607000000007,42,11,93.3009523809523,78.65090909090905,3,40.0
3,A,PREY,27,133.8700000000001,13,12082.607000000007,34,11,93.89647058823522,77.53022727272725,2,40.0
3,A,PREY,28,8417.48999999996,251,12082.607000000007,337,24,89.91427299703227,35.11906250000025,39,40.0
3,A,PREY,29,3300.4999999999905,100,12082.607000000007,337,13,90.34237388724017,66.44942307692303,11,40.0
3,A,PREY,30,16319.499999999905,500,12082.607000000007,338,8,90.17180473372744,28.043749999999847,16,40.0
3,A,PREY,31,704.7100000000002,29,12082.607000000007,75,10,91.2466666666666,89.00524999999993,6,40.0
3,A,PREY,32,17544.999999999967,500,12082.607000000007,338,9,90.4690236686387,30.601111111111077,28,40.0
3,A,PREY,33,426.3400000000001,16,12082.607000000007,31,11,95.29967741935472,81.96636363636362,5,40.0
3,A,PREY,34,15722.49999999992,500,12082.607000000007,338,6,90.76047337278072,46.031249999999865,30,40.0
3,A,PREY,35,18435.000000000007,500,12082.607000000007,338,7,91.42423076923045,44.818571428571374,24,40.0
3,A,PREY,36,18715.00000000002,500,12082.607000000007,338,9,90.85417159763279,25.668333333333308,9,40.0
3,A,PREY,37,18169.99999999999,500,12082.607000000007,338,12,90.99272189349078,30.75999999999998,35,40.0
3,A,PREY,38,15106.499999999916,500,12082.607000000007,338,13,90.86139053254404,43.69173076923062,77,40.0
3,A,PREY,39,18315.0,500,12082.607000000007,338,10,92.30378698224824,34.288749999999965,57,40.0
3,A,PREY,40,18595.00000000001,500,12082.607000000007,338,9,90.90565088757363,30.17027777777744,9,40.0
3,A,PREY,41,4299.549999999982,145,12082.607000000007,337,12,91.4234718100887,60.63958333333315,10,40.0
3,A,PREY,42,18169.999999999993,500,12082.607000000007,338,3,91.40588757396416,27.714999999999833,9,40.0
3,A,PREY,43,15104.359999999922,414,12082.607000000007,337,10,89.27029673590465,49.60249999999969,20,40.0
3,A,PREY,44,1747.5100000000002,49,12082.607000000007,249,13,90.30084337349392,68.21230769230765,6,40.0
3,A,PREY,45,16090.919999999913,458,12082.607000000007,337,7,91.27881305637949,45.524999999999764,17,40.0
3,A,PREY,46,15641.999999999918,500,12082.607000000007,338,11,90.07224852070969,43.20636363636329,52,40.0
3,A,PREY,47,586.8000000000001,20,12082.607000000007,44,13,89.45227272727266,79.96980769230768,11,40.0
3,A,PREY,48,18675.00000000002,500,12082.607000000007,338,10,90.7239940828399,48.912999999999684,27,40.0
3,A,PREY,49,3939.959999999968,204,12082.607000000007,337,57,90.70228486646849,50.684736842105316,143,40.0
3,A,PREY,50,259.8300000000009,117,12082.607000000007,337,15,91.28495548961402,53.86499999999999,12,40.0
3,A,PREY,51,2985.829999999993,167,12082.607000000007,337,44,92.70077151335286,49.59318181818182,100,40.0
3,A,PREY,52,65.06000000000013,94,12082.607000000007,335,25,89.63164179104459,73.29299999999988,53,40.0
3,A,PREY,53,14333.49999999991,500,12082.607000000007,338,8,89.1198224852067,29.572187499999913,14,40.0
3,A,PREY,54,16399.99999999992,500,12082.607000000007,338,7,91.0561242603547,45.71678571428548,18,40.0
3,A,PREY,55,2665.219999999995,78,12082.607000000007,337,13,91.23477744807113,71.04288461538458,13,40.0
3,A,PREY,56,5081.159999999983,134,12082.607000000007,337,33,90.87777448071188,53.376666666666665,62,40.0
3,A,PREY,57,987.1900000000002,31,12082.607000000007,29,16,92.72275862068949,72.47390624999998,18,40.0
3,A,PREY,58,18585.00000000001,500,12082.607000000007,338,9,91.29139053254406,33.89666666666623,14,40.0
3,A,PREY,59,2856.6199999999926,88,12082.607000000007,337,16,88.96195845697319,59.87265625000001,16,40.0
3,A,PREY,60,101.81999999999995,18,12082.607000000007,38,13,91.98684210526308,72.85096153846153,7,40.0
3,A,PREY,61,18675.000000000015,500,12082.607000000007,338,6,90.75843195266238,39.86416666666642,13,40.0
3,A,PREY,62,2740.609999999993,89,12082.607000000007,337,15,90.18418397626098,62.1146666666666,14,40.0
3,A,PREY,63,18530.00000000001,500,12082.607000000007,338,8,90.35659763313572,31.97999999999976,12,40.0
3,A,PREY,64,10360.659999999949,384,12082.607000000007,336,35,88.75592261904728,50.2594285714287,87,40.0
3,A,PREY,65,2640.229999999989,177,12082.607000000007,337,12,90.54341246290765,62.840833333333215,16,40.0
3,A,PREY,66,683.2600000000001,24,12082.607000000007,56,13,92.62303571428563,79.30576923076923,12,40.0
3,A,PREY,67,4706.689999999985,131,12082.607000000007,337,34,89.81124629080097,54.5130882352941,65,40.0
3,A,PREY,68,478.25000000000017,25,12082.607000000007,50,15,90.8545999999999,66.19299999999998,9,40.0
3,A,PREY,69,2666.2399999999957,76,12082.607000000007,337,25,90.38317507418387,61.09229999999998,38,40.0
3,A,PREY,70,18895.00000000003,500,12082.607000000007,338,8,91.00594674556179,42.30812499999953,15,40.0
3,A,PREY,71,18635.000000000015,500,12082.607000000007,338,6,90.82227810650853,47.68624999999988,18,40.0
3,A,PREY,72,9942.769999999953,273,12082.607000000007,337,31,89.0600593471806,34.74096774193567,63,40.0
3,A,PREY,73,17789.499999999985,500,12082.607000000007,338,10,91.36417159763282,37.562499999999694,20,40.0
3,A,PREY,74,18091.999999999985,500,12082.607000000007,338,6,90.34136094674523,51.766249999999765,18,40.0
3,A,PREY,75,17924.99999999998,500,12082.607000000007,338,10,90.40857988165644,31.532000000000117,59,40.0
3,A,PREY,76,1866.9700000000003,53,12082.607000000007,198,13,90.01717171717169,69.04038461538458,9,40.0
3,A,PREY,77,18435.000000000004,500,12082.607000000007,338,9,91.27745562130144,31.383333333333,17,40.0
3,A,PREY,78,7935.889999999966,211,12082.607000000007,337,14,88.7848071216613,42.848035714285665,8,40.0
3,A,PREY,79,18356.500000000004,500,12082.607000000007,338,8,90.65961538461504,34.97374999999991,22,40.0
3,A,PREY,80,18334.999999999996,500,12082.607000000007,338,6,91.53476331360915,30.80541666666636,11,40.0
3,A,PREY,81,21.830000000000034,17,12082.607000000007,36,12,91.27861111111103,78.600625,6,40.0
3,A,PREY,82,18067.499999999985,500,12082.607000000007,338,7,90.84627218934877,33.6349999999998,14,40.0
3,A,PREY,83,18555.000000000007,500,12082.607000000007,338,9,90.04905325443748,20.00166666666668,18,40.0
3,A,PREY,84,7912.749999999965,275,12082.607000000007,337,14,90.4417507418394,39.43446428571444,18,40.0
3,A,PREY,85,4666.7499999999845,125,12082.607000000007,337,22,90.45643916913923,54.488636363636346,33,40.0
3,A,PREY,86,4224.339999999987,116,12082.607000000007,337,15,91.28471810088998,54.47433333333329,12,40.0
3,A,PREY,87,5266.099999999981,140,12082.607000000007,337,26,92.0096142433232,57.41442307692299,50,40.0
3,A,PREY,88,18808.00000000002,500,12082.607000000007,338,9,91.30715976331328,33.1169444444444,21,40.0
3,A,PREY,89,18224.999999999996,500,12082.607000000007,337,7,90.12103857566728,45.58749999999987,27,40.0
3,A,PREY,90,3222.50999999999,99,12082.607000000007,337,33,90.17818991097904,54.69901515151514,55,40.0
3,A,PREY,91,7887.999999999959,250,12082.607000000007,336,144,90.66351190476169,47.7167361111111,327,40.0
3,A,PREY,92,18730.00000000002,500,12082.607000000007,333,168,90.23213213213194,61.733214285714105,630,40.0
3,A,PREY,93,1176.8900000000003,61,12082.607000000007,324,13,91.05358024691353,69.11519230769228,9,40.0
3,A,PREY,94,9418.559999999954,294,12082.607000000007,337,21,90.43020771513318,40.63488095238089,46,40.0
3,A,PREY,95,4333.149999999983,135,12082.607000000007,337,27,91.93753709198793,62.62407407407407,48,40.0
3,A,PREY,96,17198.999999999953,500,12082.607000000007,338,9,90.1385207100588,35.679444444444144,23,40.0
3,A,PREY,97,18530.000000000007,500,12082.607000000007,338,14,90.4847337278103,49.147321428571274,47,40.0
3,A,PREY,98,2744.6899999999955,81,12082.607000000007,336,22,91.20985119047607,69.26011363636358,41,40.0
3,A,PREY,99,17594.999999999978,500,12082.607000000007,338,20,91.49124260354998,25.255125000000138,117,40.0
3,A,PREY,100,19035.000000000033,500,12082.607000000007,338,7,90.65659763313575,33.88428571428538,17,40.0
3,A,PREY,101,1567.3300000000004,67,12082.607000000007,334,12,90.3997604790418,67.89145833333326,6,40.0
3,A,PREY,102,696.3600000000005,64,12082.607000000007,167,20,88.78598802395206,68.23687500000003,32,40.0
3,A,PREY,103,16391.99999999992,500,12082.607000000007,338,7,90.64097633136059,39.80892857142846,27,40.0
3,A,PREY,104,1398.0300000000002,47,12082.607000000007,133,15,90.32819548872176,70.40449999999996,14,40.0
3,A,PREY,105,16679.99999999993,500,12082.607000000007,338,21,90.28017751479253,22.52500000000013,87,40.0
3,A,PREY,106,9408.799999999956,270,12082.607000000007,337,12,90.3624035608305,42.44875000000007,10,40.0
3,A,PREY,107,18635.000000000015,500,12082.607000000007,338,5,89.84713017751442,35.50799999999953,14,40.0
3,A,PREY,108,19125.000000000036,500,12082.607000000007,331,165,89.32812688821741,58.00060606060606,615,40.0
3,A,PREY,109,18915.000000000033,500,12082.607000000007,338,8,90.31150887573928,38.50437499999963,16,40.0
3,A,PREY,110,18955.00000000003,500,12082.607000000007,338,7,91.17786982248487,20.382857142857176,48,40.0
3,A,PREY,111,6211.719999999975,178,12082.607000000007,337,15,90.36056379821922,49.96366666666669,13,40.0
3,A,PREY,112,17874.99999999999,500,12082.607000000007,338,10,91.20369822485175,38.714999999999634,18,40.0
3,A,PREY,113,17769.999999999978,500,12082.607000000007,338,7,92.00286982248491,29.513928571428227,25,40.0
3,A,PREY,114,552.7100000000002,29,12082.607000000007,67,12,86.58164179104469,81.81333333333332,10,40.0
3,A,PREY,115,17474.999999999964,500,12082.607000000007,338,9,90.80375739644937,38.90527777777755,27,40.0
3,A,PREY,116,19195.00000000004,500,12082.607000000007,338,49,90.62568047337243,31.180918367347036,135,40.0
3,A,PREY,117,18634.00000000001,500,12082.607000000007,338,6,91.6692899408281,30.331249999999912,24,40.0
3,A,PREY,118,1385.7900000000004,71,12082.607000000007,334,24,91.3550898203592,70.44604166666664,48,40.0
3,A,PREY,119,8554.59999999996,240,12082.607000000007,336,169,92.1827083333331,49.43818047337276,483,40.0
3,A,PREY,120,19090.000000000033,500,12082.607000000007,338,15,90.82781065088722,24.119166666666743,54,40.0
3,A,PREY,121,19355.000000000044,500,12082.607000000007,327,95,89.18076452599372,52.22344736842106,412,40.0
3,A,PREY,122,142.35000000000002,15,12082.607000000007,27,12,96.96666666666654,78.66916666666664,6,40.0
3,A,PREY,123,2347.3499999999976,65,12082.607000000007,337,15,90.6579525222551,69.07483333333329,16,40.0
3,A,PREY,124,8924.359999999922,414,12082.607000000007,331,77,90.18459214501493,61.10720779220777,253,40.0
3,A,PREY,125,18690.00000000002,500,12082.607000000007,338,12,91.14795857988133,15.625625000000241,38,40.0
3,A,PREY,126,19235.00000000004,500,12082.607000000007,338,8,90.63535502958543,44.36968749999973,30,40.0
3,A,PREY,127,6002.59999999997,190,12082.607000000007,337,16,88.72299703264052,46.992031249999954,17,40.0
3,A,PREY,128,1091.5900000000001,41,12082.607000000007,44,12,89.78249999999989,73.42749999999994,6,40.0
3,A,PREY,129,19114.000000000033,500,12082.607000000007,338,6,90.9840236686387,28.581249999999812,26,40.0
3,A,PREY,130,3505.44999999999,105,12082.607000000007,337,15,91.29459940652796,57.55883333333331,12,40.0
3,A,PREY,131,18835.000000000025,500,12082.607000000007,338,22,91.37097633136067,54.0511363636363,61,40.0
3,A,PREY,132,18496.000000000004,500,12082.607000000007,338,8,89.5371301775144,38.52874999999962,17,40.0
3,A,PREY,133,3503.509999999991,99,12082.607000000007,337,19,90.39483679525208,68.87578947368415,33,40.0
3,A,PREY,134,16594.499999999913,500,12082.607000000007,338,5,90.41934911242568,35.38599999999985,19,40.0
3,A,PREY,135,19115.000000000033,500,12082.607000000007,338,6,91.17872781065056,42.71249999999998,65,40.0
3,A,PREY,136,342.8100000000001,19,12082.607000000007,55,13,87.22654545454537,69.1505769230769,4,40.0
3,A,PREY,137,2505.2799999999966,72,12082.607000000007,337,20,90.82510385756666,64.00387499999995,30,40.0
3,A,PREY,138,2068.7199999999975,78,12082.607000000007,332,21,90.76674698795173,68.42166666666661,37,40.0
3,A,PREY,139,18880.000000000022,500,12082.607000000007,338,7,90.63171597633101,38.87214285714258,24,40.0
3,A,PREY,140,19115.000000000033,500,12082.607000000007,331,72,89.15525679758292,67.13968749999987,224,40.0
3,A,PREY,141,19080.00000000003,500,12082.607000000007,338,7,90.95482248520676,25.70107142857152,16,40.0
3,A,PREY,142,19034.50000000003,500,12082.607000000007,338,9,89.69177514792861,42.9527777777777,34,40.0
3,A,PREY,143,2036.3400000000008,116,12082.607000000007,337,15,91.35991097922823,59.56416666666667,16,40.0
3,A,PREY,144,667.2700000000001,23,12082.607000000007,40,12,91.38849999999991,84.40312499999997,10,40.0
3,A,PREY,145,534.5700000000003,43,12082.607000000007,57,15,90.36842105263146,71.47183333333332,16,40.0
3,A,PREY,146,6017.969999999975,203,12082.607000000007,337,21,89.99080118694324,47.63678571428576,41,40.0
3,A,PREY,147,19155.000000000036,500,12082.607000000007,338,12,91.36230769230738,40.8727083333333,41,40.0
3,A,PREY,148,19355.000000000047,500,12082.607000000007,338,3,91.86760355029556,45.816666666666215,13,40.0
3,A,PREY,149,5141.819999999982,168,12082.607000000007,337,14,89.22504451038536,52.12000000000004,13,40.0
3,A,PREY,150,8211.58999999996,241,12082.607000000007,337,17,90.52602373887206,42.42382352941181,24,40.0
3,A,PREY,151,2225.779999999998,72,12082.607000000007,337,20,90.2427002967358,60.32862499999999,25,40.0
3,A,PREY,152,19170.000000000036,500,12082.607000000007,338,9,90.98124260354996,30.750833333333187,19,40.0
3,A,PREY,153,3730.8699999999894,113,12082.607000000007,337,13,88.87290801186924,67.18423076923058,14,40.0
3,A,PREY,154,341.31000000000006,19,12082.607000000007,53,11,85.7692452830188,82.46590909090905,5,40.0
3,A,PREY,155,19050.000000000036,500,12082.607000000007,338,9,88.37748520710018,43.62861111111076,19,40.0
3,A,PREY,156,18915.000000000025,500,12082.607000000007,338,13,90.97781065088724,21.5788461538463,69,40.0
3,A,PREY,157,15393.179999999924,482,12082.607000000007,337,16,91.84712166172079,48.867187499999915,39,40.0
3,A,PREY,158,3347.089999999992,91,12082.607000000007,337,17,89.16765578634998,61.6066176470588,22,40.0
3,A,PREY,159,19035.000000000025,500,12082.607000000007,338,5,90.88887573964463,31.46899999999972,17,40.0
3,A,PREY,160,19130.000000000036,500,12082.607000000007,338,11,91.63349112426005,29.192272727272726,33,40.0
3,A,PREY,161,4857.189999999984,131,12082.607000000007,335,40,90.15767164179074,59.94925000000002,91,40.0
3,A,PREY,162,7646.109999999968,239,12082.607000000007,337,31,90.77065281899075,44.332500000000024,60,40.0
3,A,PREY,163,17860.49999999997,500,12082.607000000007,338,6,91.17834319526595,47.21333333333323,36,40.0
3,A,PREY,164,19383.500000000047,500,12082.607000000007,338,13,89.96180473372743,28.97038461538437,36,40.0
3,A,PREY,165,665.7800000000001,22,12082.607000000007,38,13,88.4099999999999,74.84326923076922,8,40.0
3,A,PREY,166,18475.000000000007,500,12082.607000000007,338,10,89.04928994082799,23.871250000000032,25,40.0
3,A,PREY,167,2821.1399999999935,86,12082.607000000007,337,12,90.02908011869422,66.66083333333326,9,40.0
3,A,PREY,168,2718.419999999996,108,12082.607000000007,337,12,90.35682492581581,70.98354166666653,12,40.0
3,A,PREY,169,18955.00000000003,500,12082.607000000007,338,11,91.23233727810619,43.03409090909085,39,40.0
3,A,PREY,170,19035.000000000036,500,12082.607000000007,338,5,91.06331360946712,43.19599999999976,13,40.0
3,A,PREY,171,19235.00000000004,500,12082.607000000007,338,6,90.96982248520676,27.316249999999723,9,40.0
3,A,PREY,172,8025.349999999965,215,12082.607000000007,337,13,88.99106824925775,50.574038461538514,18,40.0
3,A,PREY,173,18810.000000000025,500,12082.607000000007,338,9,87.99905325443741,53.819999999999624,24,40.0
3,A,PREY,174,8276.269999999966,273,12082.607000000007,337,53,89.6353115726999,30.280047169811475,121,40.0
3,A,PREY,175,3038.6699999999937,83,12082.607000000007,337,10,92.67115727002948,85.4837499999998,12,40.0
3,A,PREY,176,19080.000000000036,500,12082.607000000007,338,6,90.0308284023665,35.19458333333332,12,40.0
3,A,PREY,177,2797.659999999994,84,12082.607000000007,337,15,90.23635014836779,66.70383333333334,17,40.0
3,A,PREY,178,23.340000000000003,16,12082.607000000007,38,10,94.79999999999988,85.02399999999999,3,40.0
3,A,PREY,179,19250.000000000036,500,12082.607000000007,338,6,91.02715976331326,28.931249999999697,40,40.0
3,A,PREY,180,19195.00000000004,500,12082.607000000007,338,4,91.12541420118309,16.774375000000052,10,40.0
3,A,PREY,181,303.35,15,12082.607000000007,38,12,91.26342105263149,78.98166666666665,7,40.0
3,A,PREY,182,1547.0300000000002,47,12082.607000000007,226,14,88.89128318584068,68.78857142857139,10,40.0
3,A,PREY,183,18794.00000000002,500,12082.607000000007,338,7,91.89298816568017,46.934999999999846,38,40.0
3,A,PREY,184,19434.500000000047,500,12082.607000000007,338,9,91.1671597633133,52.950555555555354,29,40.0
3,A,PREY,185,19155.00000000004,500,12082.607000000007,338,6,91.54576923076891,30.82249999999968,12,40.0
3,A,PREY,186,18835.00000000002,500,12082.607000000007,338,4,92.38754437869794,40.32999999999929,15,40.0
3,A,PREY,187,1052.5900000000001,41,12082.607000000007,109,13,91.0478899082568,69.67596153846154,9,40.0
3,A,PREY,188,19435.000000000044,500,12082.607000000007,338,8,91.57914201183401,53.92281249999967,34,40.0
3,A,PREY,189,2118.849999999998,65,12082.607000000007,327,19,92.06431192660546,69.34144736842106,28,40.0
3,A,PREY,190,6990.80999999997,219,12082.607000000007,337,20,88.86106824925774,47.807999999999936,31,40.0
3,A,PREY,191,1664.7200000000005,78,12082.607000000007,336,13,91.57866071428556,76.26634615384611,17,40.0
3,A,PREY,192,7359.98999999997,201,12082.607000000007,334,167,89.66251497005977,62.04233532934125,492,40.0
3,A,PREY,193,503.80000000000007,20,12082.607000000007,50,10,88.6713999999999,86.18999999999997,4,40.0
3,A,PREY,194,19290.00000000004,500,12082.607000000007,338,22,91.32964497041387,23.694545454545597,155,40.0
3,A,PREY,195,1656.0500000000002,45,12082.607000000007,104,13,87.17278846153839,74.70346153846153,11,40.0
3,A,PREY,196,7401.009999999969,199,12082.607000000007,330,161,90.55306060606053,65.65324534161482,497,40.0
3,A,PREY,197,8225.859999999966,214,12082.607000000007,337,14,87.02237388723987,43.90999999999995,15,40.0
3,A,PREY,198,19265.000000000047,500,12082.607000000007,338,11,90.73159763313575,21.20386363636358,27,40.0
3,A,PREY,199,9709.459999999957,254,12082.607000000007,337,11,89.96994065281861,53.46272727272688,10,40.0
3,A,PREY,200,23.870000000000026,13,12082.607000000007,43,10,92.56860465116273,82.54599999999996,1,40.0
3,A,PREY,201,19370.000000000047,500,12082.607000000007,338,13,90.86863905325409,19.38269230769256,68,40.0
3,A,PREY,202,19345.00000000004,500,12082.607000000007,338,6,91.3932840236683,25.794999999999778,16,40.0
3,A,PREY,203,19475.000000000047,500,12082.607000000007,338,14,91.53085798816537,36.355714285714114,75,40.0
3,A,PREY,204,19195.000000000036,500,12082.607000000007,338,10,92.32698224852042,37.69974999999981,29,40.0
3,A,PREY,205,2371.759999999998,74,12082.607000000007,337,14,90.68637982195834,60.803214285714255,9,40.0
3,A,PREY,206,18395.000000000004,500,12082.607000000007,338,8,90.05236686390495,43.02562499999985,26,40.0
3,A,PREY,207,3294.97999999999,102,12082.607000000007,337,11,89.71080118694341,71.15772727272707,10,40.0
3,A,PREY,208,343.36,14,12082.607000000007,43,13,94.11674418604645,69.42942307692307,4,40.0
3,A,PREY,209,19315.00000000004,500,12082.607000000007,338,2,91.3604437869819,33.68249999999967,7,40.0
3,A,PREY,210,19250.000000000036,500,12082.607000000007,338,15,91.83609467455595,42.914,74,40.0
3,A,PREY,211,16748.999999999924,500,12082.607000000007,338,9,89.67494082840197,32.51083333333312,18,40.0
3,A,PREY,212,859.7500000000001,25,12082.607000000007,43,14,91.66046511627897,76.36839285714287,14,40.0
3,A,PREY,213,382.3500000000001,15,12082.607000000007,39,12,93.17897435897429,76.11958333333332,5,40.0
3,A,PREY,214,19295.00000000004,500,12082.607000000007,338,7,91.13357988165646,24.32035714285707,8,40.0
3,A,PREY,215,19275.000000000044,500,12082.607000000007,338,9,91.85931952662692,31.895555555555404,16,40.0
3,A,PREY,216,19155.000000000036,500,12082.607000000007,338,7,90.30795857988129,25.642142857142694,13,40.0
3,A,PREY,217,2586.849999999997,65,12082.607000000007,332,14,91.5948493975903,58.31660714285716,6,40.0
3,A,PREY,218,2492.2299999999886,127,12082.607000000007,337,20,91.54264094955465,60.70300000000005,37,40.0
3,A,PREY,219,19315.00000000004,500,12082.607000000007,338,7,91.59997041420088,39.3389285714287,29,40.0
3,A,PREY,220,19520.000000000047,500,12082.607000000007,338,7,90.60414201183397,35.15464285714258,17,40.0
3,A,PREY,221,2406.789999999997,71,12082.607000000007,337,16,91.43228486646875,73.42156249999996,27,40.0
3,A,PREY,222,1134.0100000000002,49,12082.607000000007,259,17,90.57637065637061,70.04441176470584,22,40.0
3,A,PREY,223,8044.7499999999645,225,12082.607000000007,337,12,91.8794362017801,47.8922916666666,9,40.0
3,A,PREY,224,19530.00000000005,500,12082.607000000007,338,6,90.89615384615351,41.4833333333333,15,40.0
3,A,PREY,225,19625.000000000055,500,12082.607000000007,337,9,91.40913946587504,51.466666666666256,22,40.0
3,A,PREY,226,19555.000000000055,500,12082.607000000007,338,11,90.80171597633101,25.452272727272724,26,40.0
3,A,PREY,227,626.3000000000001,20,12082.607000000007,40,11,93.68774999999991,85.67431818181818,7,40.0
3,A,PREY,228,19330.000000000044,500,12082.607000000007,338,8,90.39511834319491,37.37999999999957,19,40.0
3,A,PREY,229,4441.729999999984,127,12082.607000000007,337,27,91.59973293768523,61.21787037037034,58,40.0
3,A,PREY,230,19475.00000000005,500,12082.607000000007,338,6,92.39704142011807,32.39208333333309,36,40.0
3,A,PREY,231,423.3400000000001,16,12082.607000000007,35,12,94.99571428571419,71.7320833333333,2,40.0
3,A,PREY,232,3307.019999999993,98,12082.607000000007,336,27,89.154851190476,60.77657407407414,50,40.0
3,A,PREY,233,1228.19,31,12082.607000000007,57,16,94.16157894736835,68.97874999999998,14,40.0
3,A,PREY,234,7966.399999999968,260,12082.607000000007,334,54,89.54050898203565,55.30305555555548,127,40.0
3,A,PREY,235,12119.859999999944,314,12082.607000000007,337,17,90.77050445103824,39.16382352941182,33,40.0
3,A,PREY,236,18904.000000000047,500,12082.607000000007,338,11,90.06991124260318,25.58386363636372,41,40.0
3,A,PREY,237,18330.0,500,12082.607000000007,338,40,89.86985207100554,21.85225000000017,217,40.0
3,A,PREY,238,10945.669999999951,283,12082.607000000007,337,24,89.86468842729931,41.65031250000005,56,40.0
3,A,PREY,239,5014.199999999983,130,12082.607000000007,337,54,91.2699406528188,58.42462962962959,128,40.0
3,A,PREY,240,503.3000000000001,20,12082.607000000007,45,13,91.4368888888888,74.81980769230768,8,40.0
3,A,PREY,241,19595.00000000005,500,12082.607000000007,338,10,90.8193491124257,26.24400000000017,48,40.0
3,A,PREY,242,19530.00000000005,500,12082.607000000007,338,9,91.25810650887541,27.491944444444332,11,40.0
3,A,PREY,243,5333.899999999977,160,12082.607000000007,337,18,91.56783382789287,51.815,28,40.0
3,A,PREY,244,2236.8399999999992,66,12082.607000000007,337,16,91.12118694362007,60.17109375000001,12,40.0
3,A,PREY,245,2291.7799999999984,72,12082.607000000007,337,15,91.38080118694354,69.50249999999996,19,40.0
3,A,PREY,246,1026.21,29,12082.607000000007,65,14,89.75830769230762,75.80160714285712,13,40.0
3,A,PREY,247,17474.999999999964,500,12082.607000000007,338,8,90.60671597633099,24.51437499999995,18,40.0
3,A,PREY,248,145.92000000000002,8,12082.607000000007,37,11,93.82621621621615,77.26772727272726,1,40.0
3,A,PREY,249,4030.3499999999876,115,12082.607000000007,337,13,89.73272997032618,62.19269230769221,11,40.0
3,A,PREY,250,3145.1699999999937,133,12082.607000000007,336,53,90.83124999999981,65.56490566037735,140,40.0
3,A,PREY,251,18705.000000000015,500,12082.607000000007,338,9,89.95745562130139,31.09555555555552,26,40.0
3,A,PREY,252,8662.729999999963,227,12082.607000000007,337,12,90.36525222551893,53.105624999999755,12,40.0
3,A,PREY,253,19435.000000000047,500,12082.607000000007,338,8,91.75272189349081,39.507499999999645,16,40.0
3,A,PREY,254,907.7600000000001,24,12082.607000000007,48,11,93.32499999999989,84.34818181818179,7,40.0
3,A,PREY,255,2647.769999999997,73,12082.607000000007,337,14,89.92240356083073,71.79785714285715,18,40.0
3,A,PREY,256,19355.00000000004,500,12082.607000000007,338,10,90.53482248520675,27.814250000000023,41,40.0
3,A,PREY,257,4455.7099999999855,129,12082.607000000007,337,12,90.42296735905012,66.93333333333307,11,40.0
3,A,PREY,258,19595.00000000006,500,12082.607000000007,338,7,91.13588757396417,49.20285714285676,32,40.0
3,A,PREY,259,6186.389999999977,161,12082.607000000007,337,76,90.61997032640923,48.20605263157902,176,40.0
3,A,PREY,260,544.84,16,12082.607000000007,35,10,94.12828571428564,89.12899999999998,5,40.0
3,A,PREY,261,19585.000000000055,500,12082.607000000007,338,7,90.23094674556177,41.68285714285729,35,40.0
3,A,PREY,262,770.5800000000003,42,12082.607000000007,99,11,91.04969696969691,83.68409090909084,10,40.0
3,A,PREY,263,-18.169999999999998,17,12082.607000000007,33,11,93.18545454545446,78.90568181818178,4,40.0
3,A,PREY,264,19435.000000000044,500,12082.607000000007,338,28,89.7840828402363,31.063571428571503,104,40.0
3,A,PREY,265,2496.8499999999976,65,12082.607000000007,321,13,90.8652959501557,70.62942307692305,11,40.0
3,A,PREY,266,3904.4599999999887,104,12082.607000000007,335,32,91.37101492537299,71.30382812499997,80,40.0
3,A,PREY,267,18879.000000000025,500,12082.607000000007,338,8,90.52035502958545,37.6790624999996,34,40.0
3,A,PREY,268,19195.00000000004,500,12082.607000000007,335,67,91.40823880596987,30.718843283582313,330,40.0
3,A,PREY,269,19595.000000000055,500,12082.607000000007,338,6,91.46997041420086,29.513749999999757,21,40.0
3,A,PREY,270,4415.849999999987,115,12082.607000000007,334,46,91.25449101796391,62.04706521739132,102,40.0
3,A,PREY,271,19555.00000000005,500,12082.607000000007,338,8,90.10053254437832,27.949999999999903,19,40.0
3,A,PREY,272,19635.00000000005,500,12082.607000000007,338,9,90.68970414201148,23.26722222222209,3,40.0
3,A,PREY,273,3667.0399999999913,96,12082.607000000007,337,32,89.61824925816008,57.844374999999985,60,40.0
3,A,PREY,274,19610.000000000055,500,12082.607000000007,338,12,91.31508875739613,29.054166666666593,66,40.0
3,A,PREY,275,1147.2,30,12082.607000000007,58,12,90.38775862068955,80.4152083333333,9,40.0
3,A,PREY,276,18243.999999999996,500,12082.607000000007,338,7,92.10565088757366,26.266785714285504,12,40.0
3,A,PREY,277,19795.000000000062,500,12082.607000000007,338,7,90.46328402366828,44.63071428571386,21,40.0
3,A,PREY,278,9572.759999999953,274,12082.607000000007,337,16,90.20290801186907,33.81062500000003,18,40.0
3,A,PREY,279,504.36000000000007,14,12082.607000000007,44,10,92.39045454545449,84.04599999999996,2,40.0
3,A,PREY,280,503.86000000000007,14,12082.607000000007,35,11,95.08999999999992,79.57545454545453,3,40.0
3,A,PREY,281,825.7700000000001,23,12082.607000000007,44,11,93.21386363636353,79.12636363636359,4,40.0
3,A,PREY,282,1690.8000000000004,70,12082.607000000007,210,26,88.22199999999997,65.7896153846154,48,40.0
3,A,PREY,283,469.2800000000003,72,12082.607000000007,334,21,90.22239520958075,59.128928571428574,26,40.0
3,A,PREY,284,18410.000000000004,500,12082.607000000007,338,6,90.64322485207065,32.9512499999999,27,40.0
3,A,PREY,285,4200.829999999988,117,12082.607000000007,336,14,91.49357142857119,57.29107142857141,11,40.0
3,A,PREY,286,501.8400000000001,16,12082.607000000007,43,11,94.22534883720922,78.27818181818179,3,40.0
3,A,PREY,287,746.6800000000002,32,12082.607000000007,75,12,94.12599999999992,73.31562499999995,6,40.0
3,A,PREY,288,18315.0,500,12082.607000000007,338,6,91.5532248520707,46.19999999999959,18,40.0
3,A,PREY,289,304.36000000000007,14,12082.607000000007,41,11,92.40975609756089,79.16045454545453,3,40.0
3,A,PREY,290,4678.099999999986,140,12082.607000000007,337,81,89.47593471810069,52.32333333333335,181,40.0
3,A,PREY,291,19675.00000000006,500,12082.607000000007,338,8,90.29346153846117,41.69749999999965,24,40.0
3,A,PREY,292,4650.669999999984,133,12082.607000000007,337,13,91.58169139465846,63.29288461538455,15,40.0
3,A,PREY,293,19585.000000000055,500,12082.607000000007,338,9,91.51346153846123,33.00694444444426,14,40.0
3,A,PREY,294,19770.000000000062,500,12082.607000000007,338,9,91.565917159763,40.81083333333306,17,40.0
3,A,PREY,295,19345.00000000004,500,12082.607000000007,338,8,91.0671893491121,44.68406249999939,18,40.0
3,A,PREY,296,19595.00000000005,500,12082.607000000007,338,6,91.93559171597603,39.527083333333074,24,40.0
3,A,PREY,297,1466.5800000000002,42,12082.607000000007,76,12,90.82486842105256,74.14416666666664,7,40.0
3,A,PREY,298,1933.2700000000004,73,12082.607000000007,337,14,90.99281899109783,63.73160714285712,11,40.0
3,A,PREY,299,18450.000000000007,500,12082.607000000007,338,65,89.79316568047315,53.188423076923016,153,40.0
3,A,PREY,300,6074.739999999973,176,12082.607000000007,337,23,90.81017804154268,50.38641304347822,45,40.0
3,A,PREY,301,2330.7999999999984,70,12082.607000000007,315,20,91.5260952380952,62.750375,27,40.0
3,A,PREY,302,18890.000000000025,500,12082.607000000007,338,8,90.87263313609432,19.44624999999992,10,40.0
3,A,PREY,303,381.81000000000006,19,12082.607000000007,47,14,84.84106382978716,71.0973214285714,8,40.0
3,A,PREY,304,3147.699999999994,80,12082.607000000007,336,22,90.99931547619035,59.90193181818185,31,40.0
3,A,PREY,305,625.84,16,12082.607000000007,36,12,92.09444444444436,80.02354166666667,7,40.0
3,A,PREY,306,19585.000000000055,500,12082.607000000007,338,8,90.38002958579847,33.53374999999955,14,40.0
3,A,PREY,307,19073.00000000003,500,12082.607000000007,338,7,91.31464497041388,34.44571428571418,31,40.0
3,A,PREY,308,504.87000000000006,13,12082.607000000007,37,10,97.15999999999994,86.06799999999997,3,40.0
3,A,PREY,309,502.8400000000001,16,12082.607000000007,37,12,95.7408108108107,74.41645833333332,4,40.0
3,A,PREY,310,17943.49999999998,500,12082.607000000007,338,5,90.90547337278073,50.3054999999994,20,40.0
3,A,PREY,311,19515.00000000005,500,12082.607000000007,338,7,90.82213017751444,41.04571428571379,17,40.0
3,A,PREY,312,427.39000000000004,11,12082.607000000007,43,12,91.46906976744182,72.63416666666666,2,40.0
3,A,PREY,313,16678.999999999935,500,12082.607000000007,338,7,92.04251479289911,54.15035714285686,22,40.0
3,A,PREY,314,19690.000000000055,500,12082.607000000007,338,3,91.51571005917128,55.051666666666314,15,40.0
3,A,PREY,315,15216.579999999927,392,12082.607000000007,337,10,89.32810089020731,37.1369999999999,13,40.0
3,A,PREY,316,19675.000000000055,500,12082.607000000007,338,5,91.55837278106476,33.43999999999954,18,40.0
3,A,PREY,317,19840.000000000062,500,12082.607000000007,338,7,90.19292899408248,30.448571428571277,15,40.0
3,A,PREY,318,546.82,18,12082.607000000007,41,12,89.29365853658527,74.05041666666664,4,40.0
3,A,PREY,319,2893.1099999999924,89,12082.607000000007,337,14,91.59115727002948,65.2892857142857,13,40.0
3,A,PREY,320,19560.000000000047,500,12082.607000000007,338,14,90.35198224852034,23.990714285714425,102,40.0
3,A,PREY,321,19435.000000000047,500,12082.607000000007,338,5,91.03603550295824,32.247499999999754,12,40.0
3,A,PREY,322,6706.299999999975,170,12082.607000000007,337,24,90.35465875370886,58.416979166666614,48,40.0
3,A,PREY,323,699.7200000000001,28,12082.607000000007,73,13,89.71232876712321,76.28692307692305,9,40.0
3,A,PREY,324,18089.999999999993,500,12082.607000000007,338,9,90.621715976331,28.810555555555343,10,40.0
3,A,PREY,325,18857.200000000023,480,12082.607000000007,337,24,90.3786943620175,44.45916666666668,125,40.0
3,A,PREY,326,16933.65999999995,434,12082.607000000007,337,14,90.56824925815988,29.746785714285746,44,40.0
3,A,PREY,327,18562.500000000007,500,12082.607000000007,338,7,91.33985207100558,27.49964285714279,11,40.0
3,A,PREY,328,19595.00000000006,500,12082.607000000007,338,22,91.7865976331358,41.30193181818189,65,40.0
3,A,PREY,329,19715.000000000055,500,12082.607000000007,338,7,91.22198224852039,36.10321428571408,28,40.0
3,A,PREY,330,14959.67999999993,382,12082.607000000007,334,139,88.42964071856268,48.371384892086354,319,40.0
3,A,PREY,331,19635.00000000006,500,12082.607000000007,338,9,91.9994378698222,35.08805555555534,28,40.0
3,A,PREY,332,18715.000000000015,500,12082.607000000007,338,9,90.72778106508842,29.23138888888866,10,40.0
3,A,PREY,333,6263.759999999974,174,12082.607000000007,337,16,90.1032344213646,58.48593749999987,25,40.0
3,A,PREY,334,583.83,17,12082.607000000007,41,11,91.3297560975609,79.7981818181818,4,40.0
3,A,PREY,335,7935.949999999967,205,12082.607000000007,337,25,88.77338278931708,45.64500000000007,45,40.0
3,A,PREY,336,4306.3399999999865,116,12082.607000000007,333,74,89.46621621621607,62.925,187,40.0
3,A,PREY,337,19530.000000000047,500,12082.607000000007,338,15,89.0771597633132,23.812166666666727,91,40.0
3,A,PREY,338,303.37000000000006,13,12082.607000000007,37,12,93.0986486486486,75.01249999999997,4,40.0
3,A,PREY,339,17834.99999999997,500,12082.607000000007,338,5,92.02198224852042,37.6809999999996,17,40.0
3,A,PREY,340,146.60000000000002,40,12082.607000000007,89,16,84.6253932584269,64.21625,12,40.0
3,A,PREY,341,4049.769999999989,123,12082.607000000007,337,15,91.15356083086027,54.901333333333326,14,40.0
3,A,PREY,342,226.89000000000004,11,12082.607000000007,36,11,94.35111111111105,78.22545454545453,2,40.0
3,A,PREY,343,9339.78999999996,271,12082.607000000007,337,12,91.20258160237356,43.18000000000011,15,40.0
3,A,PREY,344,19310.00000000004,500,12082.607000000007,338,9,89.94920118343157,25.072499999999863,15,40.0
3,A,PREY,345,19690.000000000055,500,12082.607000000007,338,8,90.3019230769227,35.7315624999999,28,40.0
3,A,PREY,346,2655.7399999999957,76,12082.607000000007,322,13,90.55531055900614,75.56519230769219,17,40.0
3,A,PREY,347,19835.000000000062,500,12082.607000000007,338,7,90.42112426035466,36.532499999999594,22,40.0
3,A,PREY,348,462.86000000000007,14,12082.607000000007,33,11,94.99606060606051,79.5531818181818,3,40.0
3,A,PREY,349,2227.409999999999,59,12082.607000000007,239,16,86.68707112970708,69.53843749999999,20,40.0
3,A,PREY,350,973.0500000000003,45,12082.607000000007,75,16,89.04119999999993,73.23328124999999,22,40.0
3,B,PREDATOR,1,96.40999999999835,459,591.133749999997,9,138,100.0,51.887644927535995,2696,1047.1
3,B,PREDATOR,2,39.290000000000816,471,591.133749999997,10,9,100.0,35.11777777777757,26,1047.1
3,B,PREDATOR,3,2692.649999999954,500,591.133749999997,337,12,99.91747774480713,43.28937499999986,236,1047.1
3,B,PREDATOR,4,42.73000000000073,377,591.133749999997,337,10,95.73142433234406,40.08324999999988,177,1047.1
3,B,PREDATOR,5,49.00000000000067,500,591.133749999997,336,38,93.97556547619033,47.16519736842112,337,1047.1
3,B,PREDATOR,6,271.1375000000031,428,591.133749999997,329,42,98.35522796352582,52.97910714285726,390,1047.1
3,B,PREDATOR,7,13.149999999999794,385,591.133749999997,336,19,99.48809523809524,47.27328947368413,218,1047.1
3,B,PREDATOR,8,13.642499999999549,329,591.133749999997,337,89,92.58065281899081,24.823764044944046,376,1047.1
3,B,PREDATOR,9,13.069999999999412,393,591.133749999997,337,11,98.88448071216612,39.553409090909,75,1047.1
3,B,PREDATOR,10,14.089999999999831,291,591.133749999997,337,15,93.47412462907988,31.91050000000016,20,1047.1
3,B,PREDATOR,11,318.7075000000036,500,591.133749999997,337,16,99.92780415430266,27.537499999999998,72,1047.1
3,B,PREDATOR,12,12.499999999999742,450,591.133749999997,337,10,96.30691394658739,44.2547499999994,36,1047.1
3,B,PREDATOR,13,14.309999999999599,269,591.133749999997,337,16,93.79017804154279,35.62156250000007,14,1047.1
3,B,PREDATOR,14,71.25999999999992,274,591.133749999997,18,41,93.7038888888889,71.51054878048765,450,1047.1
3,B,PREDATOR,15,5555.359999999951,500,591.133749999997,337,22,95.10278931750727,23.77602272727288,464,1047.1
3,B,PREDATOR,16,4780.997499999952,500,591.133749999997,337,18,91.94706231453978,22.11250000000018,369,1047.1
3,B,PREDATOR,17,12.679999999999419,432,591.133749999997,337,8,95.68721068249242,43.87999999999944,47,1047.1
3,B,PREDATOR,18,14.58999999999965,241,591.133749999997,337,17,93.5163501483677,42.71602941176462,48,1047.1
3,B,PREDATOR,19,13.439999999999555,356,591.133749999997,9,71,100.0,61.21742957746408,923,1047.1
3,B,PREDATOR,20,400.0000000000014,500,591.133749999997,337,27,99.9719584569733,26.564444444444664,275,1047.1
3,B,PREDATOR,21,40.640000000000434,336,591.133749999997,1,105,100.0,45.7341904761904,1523,1047.1
3,B,PREDATOR,22,39.79000000000066,421,591.133749999997,12,11,100.0,36.01818181818166,19,1047.1
3,B,PREDATOR,23,1219.0224999999998,500,591.133749999997,308,131,90.91431818181816,51.778683206106955,1299,1047.1
3,B,PREDATOR,24,1294.5700000000022,500,591.133749999997,337,15,99.95985163204747,40.53283333333346,206,1047.1
3,B,PREDATOR,25,3628.2174999999665,500,591.133749999997,153,116,79.1214379084966,65.20922413793106,969,1047.1
3,B,PREDATOR,26,76.00000000000003,500,591.133749999997,337,11,99.97756676557864,38.51340909090881,156,1047.1
3,B,PREDATOR,27,39.76000000000059,424,591.133749999997,337,12,95.0139762611274,34.22749999999997,56,1047.1
3,B,PREDATOR,28,2.5400000000000524,246,591.133749999997,337,13,98.59578635014832,44.74769230769216,6,1047.1
3,B,PREDATOR,29,21.99999999999924,500,591.133749999997,12,11,100.0,33.02568181818154,25,1047.1
3,B,PREDATOR,30,189.40750000000287,500,591.133749999997,11,64,100.0,54.82988281249915,1338,1047.1
3,B,PREDATOR,31,4018.9674999999525,500,591.133749999997,337,6,98.29338278931745,45.593333333333014,227,1047.1
3,B,PREDATOR,32,117.43249999999908,500,591.133749999997,310,156,89.82641935483869,57.1679647435896,3750,1047.1
3,B,PREDATOR,33,13.529999999999484,347,591.133749999997,14,10,100.0,51.94824999999935,17,1047.1
3,B,PREDATOR,34,94.29749999999824,351,591.133749999997,337,54,92.40008902077123,31.168750000000234,370,1047.1
3,B,PREDATOR,35,3087.7174999999943,500,591.133749999997,337,101,97.62952522255186,24.796806930693236,881,1047.1
3,B,PREDATOR,36,2.520000000000053,248,591.133749999997,337,40,98.67287833827888,44.40562500000004,210,1047.1
3,B,PREDATOR,37,732.8500000000025,500,591.133749999997,3,98,100.0,61.90132653061176,1942,1047.1
3,B,PREDATOR,38,-13.539999999999969,354,591.133749999997,7,10,100.0,60.449999999999,23,1047.1
3,B,PREDATOR,39,3527.2124999999537,500,591.133749999997,337,10,99.95397626112761,42.10874999999992,177,1047.1
3,B,PREDATOR,40,4160.689999999985,500,591.133749999997,335,11,99.78050746268657,42.427272727272545,202,1047.1
3,B,PREDATOR,41,1364.8750000000011,500,591.133749999997,337,12,99.53124629080118,38.1949999999998,144,1047.1
3,B,PREDATOR,42,1047.9975000000018,500,591.133749999997,332,91,92.98090361445766,35.87032967032981,687,1047.1
3,B,PREDATOR,43,334.0000000000035,500,591.133749999997,337,11,99.97115727002966,32.1149999999999,121,1047.1
3,B,PREDATOR,44,4028.909999999941,500,591.133749999997,337,37,96.20688427299689,33.78810810810819,318,1047.1
3,B,PREDATOR,45,12.759999999999435,424,591.133749999997,14,11,100.0,50.4199999999993,113,1047.1
3,B,PREDATOR,46,13.949999999999838,305,591.133749999997,337,12,99.89103857566765,38.42458333333332,25,1047.1
3,B,PREDATOR,47,966.1150000000017,500,591.133749999997,337,10,98.2963204747774,47.711999999999776,121,1047.1
3,B,PREDATOR,48,12.279999999999538,472,591.133749999997,83,101,85.02951807228914,72.92844059405941,1384,1047.1
3,B,PREDATOR,49,127.33500000000068,500,591.133749999997,312,157,84.48810897435892,53.2311146496816,1695,1047.1
3,B,PREDATOR,50,2086.897499999966,500,591.133749999997,337,31,99.94391691394661,25.08072580645176,549,1047.1
3,B,PREDATOR,51,-12.259999999999996,226,591.133749999997,337,14,97.4064985163204,55.702678571428336,117,1047.1
3,B,PREDATOR,52,576.6800000000036,500,591.133749999997,8,90,100.0,48.21838888888823,1242,1047.1
3,B,PREDATOR,53,102.99999999999854,500,591.133749999997,14,11,100.0,31.11454545454535,16,1047.1
3,B,PREDATOR,54,66.63999999999885,436,591.133749999997,337,10,99.13976261127594,43.25999999999997,296,1047.1
3,B,PREDATOR,55,13.399999999999535,360,591.133749999997,337,64,94.10578635014815,48.80636718749983,945,1047.1
3,B,PREDATOR,56,49.00000000000013,500,591.133749999997,334,16,88.98404191616734,31.3593750000002,328,1047.1
3,B,PREDATOR,57,2695.5549999999553,500,591.133749999997,337,7,96.83442136498505,38.51714285714257,110,1047.1
3,B,PREDATOR,58,-12.759999999999986,276,591.133749999997,336,16,96.31392857142845,50.3249999999999,70,1047.1
3,B,PREDATOR,59,48.9999999999996,500,591.133749999997,315,35,82.50733333333321,69.57092857142851,633,1047.1
3,B,PREDATOR,60,642.8125000000028,500,591.133749999997,336,20,98.1555357142857,50.23974999999998,348,1047.1
3,B,PREDATOR,61,1440.3700000000022,500,591.133749999997,312,103,86.28144230769227,62.5703155339806,660,1047.1
3,B,PREDATOR,62,3808.669999999988,500,591.133749999997,337,17,96.09557863501473,39.278382352941094,366,1047.1
3,B,PREDATOR,63,411.4825000000029,500,591.133749999997,337,35,93.5703560830858,29.7412857142859,300,1047.1
3,B,PREDATOR,64,102.99999999999811,500,591.133749999997,337,10,99.95673590504451,44.22599999999972,105,1047.1
3,B,PREDATOR,65,2.240000000000057,276,591.133749999997,337,15,95.41341246290786,40.60783333333331,136,1047.1
3,B,PREDATOR,66,49.00000000000076,500,591.133749999997,337,9,96.51341246290788,41.48222222222176,52,1047.1
3,B,PREDATOR,67,-13.109999999999978,311,591.133749999997,337,12,92.38213649851602,41.44666666666649,14,1047.1
3,B,PREDATOR,68,-12.379999999999994,238,591.133749999997,337,16,98.99673590504449,49.81999999999989,100,1047.1
3,B,PREDATOR,69,2417.2849999999858,500,591.133749999997,201,110,87.43203980099501,73.02384090909086,1265,1047.1
3,B,PREDATOR,70,-12.939999999999982,294,591.133749999997,337,14,96.17557863501469,36.09589285714286,13,1047.1
3,B,PREDATOR,71,987.1075000000038,500,591.133749999997,337,7,98.86985163204743,44.77428571428534,95,1047.1
3,B,PREDATOR,72,-12.139999999999999,214,591.133749999997,337,16,96.23305637982185,56.11234374999994,89,1047.1
3,B,PREDATOR,73,14.009999999999769,299,591.133749999997,337,14,94.8339762611274,42.99857142857131,26,1047.1
3,B,PREDATOR,74,475.1425000000017,500,591.133749999997,336,7,93.56907738095224,46.32285714285717,267,1047.1
3,B,PREDATOR,75,60.71999999999864,394,591.133749999997,282,142,86.29680851063829,51.38795774647894,1956,1047.1
3,B,PREDATOR,76,3259.4324999999526,500,591.133749999997,337,11,99.9647477744807,41.92181818181791,147,1047.1
3,B,PREDATOR,77,-12.149999999999999,215,591.133749999997,337,20,99.29459940652816,41.95425000000002,100,1047.1
3,B,PREDATOR,78,1699.1150000000032,500,591.133749999997,256,127,88.21769531249997,55.55927165354329,2034,1047.1
3,B,PREDATOR,79,29.840000000000337,216,591.133749999997,337,54,91.35210682492563,48.45615740740741,340,1047.1
3,B,PREDATOR,80,232.21000000000387,500,591.133749999997,337,5,99.03982195845693,31.903999999999805,21,1047.1
3,B,PREDATOR,81,989.8300000000021,500,591.133749999997,323,132,93.70287925696593,45.907897727272704,2760,1047.1
3,B,PREDATOR,82,12.78999999999993,421,591.133749999997,337,13,93.86086053412443,51.78923076923047,120,1047.1
3,B,PREDATOR,83,75.86499999999991,500,591.133749999997,337,22,98.58376854599403,47.96988636363628,297,1047.1
3,B,PREDATOR,84,1548.9450000000022,500,591.133749999997,337,13,98.20258160237381,38.82903846153829,92,1047.1
3,B,PREDATOR,85,678.3600000000004,500,591.133749999997,335,23,99.11149253731342,55.732391304347786,359,1047.1
3,B,PREDATOR,86,108.66999999999803,433,591.133749999997,337,8,94.17670623145375,38.630624999999704,80,1047.1
3,B,PREDATOR,87,153.03750000000272,385,591.133749999997,337,21,98.08531157270023,46.392380952380854,325,1047.1
3,B,PREDATOR,88,426.7975000000012,500,591.133749999997,337,8,99.05442136498513,47.812499999999645,107,1047.1
3,B,PREDATOR,89,226.00000000000355,500,591.133749999997,219,112,84.99118721461184,69.27591517857147,1556,1047.1
3,B,PREDATOR,90,110.16249999999806,500,591.133749999997,336,7,96.01616071428559,33.1574999999999,80,1047.1
3,B,PREDATOR,91,2067.6849999999777,500,591.133749999997,337,13,95.43311572700277,32.75999999999995,173,1047.1
3,B,PREDATOR,92,48.99999999999997,500,591.133749999997,266,92,87.82105263157887,59.004483695652226,775,1047.1
3,B,PREDATOR,93,-13.05999999999998,306,591.133749999997,337,14,99.42189910979226,47.60517857142851,50,1047.1
3,B,PREDATOR,94,39.3000000000005,470,591.133749999997,8,38,100.0,49.346052631578196,475,1047.1
3,B,PREDATOR,95,1103.2700000000032,500,591.133749999997,307,157,80.90254071661232,49.746050955414034,2057,1047.1
3,B,PREDATOR,96,12.449999999999312,455,591.133749999997,337,11,95.65400593471793,42.00909090909053,36,1047.1
3,B,PREDATOR,97,639.0675000000024,405,591.133749999997,337,48,90.46551928783346,21.577656250000214,311,1047.1
3,B,PREDATOR,98,507.9325000000019,500,591.133749999997,337,12,94.14824925816002,50.92499999999961,62,1047.1
3,B,PREDATOR,99,2488.6724999999797,500,591.133749999997,337,10,98.23445103857561,44.17999999999962,114,1047.1
3,B,PREDATOR,100,12.839999999999483,416,591.133749999997,4,75,100.0,39.22736666666679,1125,1047.1
3,B,PREDATOR,101,12.399999999999496,460,591.133749999997,335,12,93.3077910447759,53.605208333333145,97,1047.1
3,B,PREDATOR,102,451.35000000000343,500,591.133749999997,337,87,96.30750741839749,29.69017241379317,614,1047.1
3,B,PREDATOR,103,4816.094999999937,500,591.133749999997,337,50,90.5269436201777,35.09284999999998,709,1047.1
3,B,PREDATOR,104,48.99999999999961,500,591.133749999997,337,11,98.28252225519282,39.32181818181778,96,1047.1
3,B,PREDATOR,105,13.439999999999623,356,591.133749999997,337,18,99.60973293768545,32.726527777777896,44,1047.1
3,B,PREDATOR,106,144.99999999999997,500,591.133749999997,2,90,100.0,54.34894444444382,1563,1047.1
3,B,PREDATOR,107,-12.409999999999993,241,591.133749999997,337,12,93.07863501483654,55.38166666666641,29,1047.1
3,B,PREDATOR,108,14.139999999999768,286,591.133749999997,337,12,99.0400890207715,40.026666666666735,63,1047.1
3,B,PREDATOR,109,1452.700000000003,500,591.133749999997,337,5,97.403887240356,44.099999999999724,79,1047.1
3,B,PREDATOR,110,4687.382499999986,500,591.133749999997,266,73,86.79150375939848,63.830445205479506,895,1047.1
3,B,PREDATOR,111,13.099999999999712,390,591.133749999997,233,98,89.38463519313302,71.80752551020406,694,1047.1
3,B,PREDATOR,112,2.1400000000000574,286,591.133749999997,336,14,97.89860119047613,50.33660714285717,90,1047.1
3,B,PREDATOR,113,2.6200000000000507,238,591.133749999997,337,13,96.4549258160236,47.00000000000005,13,1047.1
3,B,PREDATOR,114,102.96999999999824,500,591.133749999997,337,10,97.83614243323433,35.91199999999991,69,1047.1
3,B,PREDATOR,115,199.00000000000242,500,591.133749999997,336,23,99.40297619047621,51.35836956521724,245,1047.1
3,B,PREDATOR,116,-12.439999999999992,244,591.133749999997,337,15,99.46534124629078,47.37066666666638,42,1047.1
3,B,PREDATOR,117,3.1100000000000367,189,591.133749999997,337,14,99.58400593471809,46.835714285714346,35,1047.1
3,B,PREDATOR,118,1180.8525000000038,500,591.133749999997,335,19,91.30268656716396,55.0684210526316,245,1047.1
3,B,PREDATOR,119,12.579999999999602,442,591.133749999997,336,12,99.96946428571428,40.62166666666655,61,1047.1
3,B,PREDATOR,120,39.74000000000057,426,591.133749999997,337,6,95.44522255192861,46.696666666666495,94,1047.1
3,B,PREDATOR,121,773.7275000000039,500,591.133749999997,337,17,96.97908011869424,33.638088235294106,275,1047.1
3,B,PREDATOR,122,-13.259999999999975,326,591.133749999997,337,40,99.07516320474775,35.1418750000001,214,1047.1
3,B,PREDATOR,123,453.8200000000019,500,591.133749999997,337,10,98.12486646884265,41.40399999999959,56,1047.1
3,B,PREDATOR,124,984.2950000000031,410,591.133749999997,6,76,100.0,47.459276315788976,858,1047.1
3,B,PREDATOR,125,1328.565000000004,500,591.133749999997,337,21,95.96771513353102,38.24928571428576,245,1047.1
3,B,PREDATOR,126,2603.5049999999974,500,591.133749999997,337,16,94.50118694362003,40.943281249999835,281,1047.1
3,B,PREDATOR,127,90.99999999999851,500,591.133749999997,337,8,99.34694362017804,34.89249999999991,110,1047.1
3,B,PREDATOR,128,2532.332499999985,500,591.133749999997,335,14,99.82223880597014,60.41928571428549,176,1047.1
3,B,PREDATOR,129,49.00000000000047,500,591.133749999997,337,11,96.22391691394644,34.57340909090887,65,1047.1
3,B,PREDATOR,130,2925.9649999999992,500,591.133749999997,337,6,90.29486646884244,35.769999999999925,142,1047.1
3,B,PREDATOR,131,-11.690000000000001,169,591.133749999997,337,14,99.09270029673587,49.93857142857136,9,1047.1
3,B,PREDATOR,132,75.99999999999855,500,591.133749999997,282,148,85.35641843971626,56.47633445945948,1964,1047.1
3,B,PREDATOR,133,604.5250000000032,500,591.133749999997,3,69,99.91000000000001,48.63413043478198,1178,1047.1
3,B,PREDATOR,134,75.99999999999825,500,591.133749999997,2,94,100.0,50.93478723404209,1797,1047.1
3,B,PREDATOR,135,12.389999999999338,461,591.133749999997,332,25,94.42906626506016,61.72120000000004,255,1047.1
3,B,PREDATOR,136,-13.109999999999978,311,591.133749999997,336,14,99.94901785714286,57.56857142857115,203,1047.1
3,B,PREDATOR,137,13.399999999999464,360,591.133749999997,337,15,96.88160237388713,35.37333333333337,45,1047.1
3,B,PREDATOR,138,102.9999999999984,500,591.133749999997,26,130,95.6173076923077,60.04798076923079,3630,1047.1
3,B,PREDATOR,139,1073.1625000000024,500,591.133749999997,337,106,97.57225519287827,47.69584905660362,1573,1047.1
3,B,PREDATOR,140,3.320000000000034,168,591.133749999997,337,12,94.73554896142416,61.808333333333195,27,1047.1
3,B,PREDATOR,141,193.320000000002,406,591.133749999997,337,48,94.70385756676538,35.98677083333336,378,1047.1
3,B,PREDATOR,142,4905.509999999965,500,591.133749999997,336,33,98.7772321428571,34.51128787878793,402,1047.1
3,B,PREDATOR,143,770.7700000000036,490,591.133749999997,3,57,100.0,48.65543859649054,971,1047.1
3,B,PREDATOR,144,54.78999999999872,421,591.133749999997,6,89,100.0,57.39910112359496,1415,1047.1
3,B,PREDATOR,145,21.932499999999504,500,591.133749999997,10,62,100.0,46.12326612903163,1056,1047.1
3,B,PREDATOR,146,-13.389999999999972,339,591.133749999997,5,102,100.0,51.43825980392151,1327,1047.1
3,B,PREDATOR,147,40.58000000000019,342,591.133749999997,335,31,95.50510447761182,42.28185483870977,279,1047.1
3,B,PREDATOR,148,255.515000000003,393,591.133749999997,321,145,93.78339563862927,56.426655172413824,850,1047.1
3,B,PREDATOR,149,491.49500000000256,500,591.133749999997,337,10,97.63590504451031,35.62099999999999,48,1047.1
3,B,PREDATOR,150,13.129999999999535,387,591.133749999997,337,17,96.3770029673589,41.900588235294045,140,1047.1
3,B,PREDATOR,151,97.49999999999856,350,591.133749999997,337,17,97.51792284866458,38.0594117647058,96,1047.1
3,B,PREDATOR,152,1218.487500000003,500,591.133749999997,7,80,100.0,52.85593749999923,1605,1047.1
3,B,PREDATOR,153,266.8725000000022,500,591.133749999997,7,85,100.0,46.54755882352908,1335,1047.1
3,B,PREDATOR,154,-11.900000000000002,190,591.133749999997,337,18,96.69240356083073,39.66777777777786,20,1047.1
3,B,PREDATOR,155,1439.577500000003,500,591.133749999997,272,141,82.79974264705876,60.15210992907795,2312,1047.1
3,B,PREDATOR,156,-13.239999999999975,324,591.133749999997,337,27,93.81056379821936,39.62444444444441,141,1047.1
3,B,PREDATOR,157,2704.862499999968,500,591.133749999997,337,12,99.83896142433233,50.96749999999978,211,1047.1
3,B,PREDATOR,158,81.51999999999892,448,591.133749999997,336,16,90.10556547619024,38.6426562500002,202,1047.1
3,B,PREDATOR,159,90.49999999999777,500,591.133749999997,3,33,100.0,44.063409090908486,549,1047.1
3,B,PREDATOR,160,3751.0474999999387,500,591.133749999997,337,108,95.13635014836775,25.730138888889048,760,1047.1
3,B,PREDATOR,161,492.96000000000225,500,591.133749999997,233,144,78.08167381974243,55.65371527777784,1865,1047.1
3,B,PREDATOR,162,76.00000000000007,500,591.133749999997,6,10,100.0,33.29999999999957,35,1047.1
3,B,PREDATOR,163,448.170000000003,500,591.133749999997,7,70,99.92285714285715,44.478428571428054,1008,1047.1
3,B,PREDATOR,164,2065.135000000003,500,591.133749999997,335,17,98.090447761194,57.63485294117628,323,1047.1
3,B,PREDATOR,165,28.210000000000683,379,591.133749999997,337,14,97.5048367952521,29.46142857142866,66,1047.1
3,B,PREDATOR,166,2401.552499999997,500,591.133749999997,302,160,89.36625827814565,46.73107812500012,1188,1047.1
3,B,PREDATOR,167,21.999999999999314,500,591.133749999997,337,170,91.20492581602365,46.48463235294125,1285,1047.1
3,B,PREDATOR,168,1209.0475000000008,500,591.133749999997,337,35,99.73320474777447,37.173928571428625,245,1047.1
3,B,PREDATOR,169,868.8150000000027,437,591.133749999997,337,52,99.89106824925817,24.74033653846179,435,1047.1
3,B,PREDATOR,170,75.99999999999835,500,591.133749999997,321,161,90.36161993769467,56.08692546583843,3599,1047.1
3,B,PREDATOR,171,14.249999999999693,275,591.133749999997,13,37,100.0,56.04689189189171,341,1047.1
3,B,PREDATOR,172,2582.397499999975,500,591.133749999997,337,17,98.06958456973287,30.251911764705937,171,1047.1
3,B,PREDATOR,173,102.99999999999817,500,591.133749999997,337,10,96.15727002967344,35.51999999999969,39,1047.1
3,B,PREDATOR,174,5679.1424999999645,500,591.133749999997,337,24,97.40353115726994,43.34833333333322,371,1047.1
3,B,PREDATOR,175,4126.32749999997,500,591.133749999997,337,10,93.31759643916892,30.715249999999873,194,1047.1
3,B,PREDATOR,176,656.5549999999989,500,591.133749999997,336,15,94.33991071428557,48.58799999999982,115,1047.1
3,B,PREDATOR,177,129.99999999999912,500,591.133749999997,4,56,100.0,51.09772321428506,1443,1047.1
3,B,PREDATOR,178,-14.609999999999946,461,591.133749999997,337,16,97.82893175074177,44.339374999999826,128,1047.1
3,B,PREDATOR,179,1126.547500000004,500,591.133749999997,337,60,96.2555786350147,34.22708333333341,362,1047.1
3,B,PREDATOR,180,624.762500000003,500,591.133749999997,8,75,100.0,40.23443333333311,1022,1047.1
3,B,PREDATOR,181,184.40250000000412,500,591.133749999997,337,10,93.0057270029671,45.38599999999977,283,1047.1
3,B,PREDATOR,182,39.10000000000047,490,591.133749999997,5,11,100.0,35.53999999999982,34,1047.1
3,B,PREDATOR,183,30.132500000000576,304,591.133749999997,8,12,99.96625,58.32333333333258,29,1047.1
3,B,PREDATOR,184,1356.237500000003,500,591.133749999997,337,15,98.93234421364984,54.131999999999785,172,1047.1
3,B,PREDATOR,185,13.679999999999646,332,591.133749999997,336,24,93.35684523809506,44.98239583333336,143,1047.1
3,B,PREDATOR,186,3.270000000000037,173,591.133749999997,337,81,98.96727002967356,45.44694444444452,282,1047.1
3,B,PREDATOR,187,-12.509999999999991,251,591.133749999997,337,11,98.67261127596434,48.0836363636361,9,1047.1
3,B,PREDATOR,188,-13.389999999999972,339,591.133749999997,337,13,94.25029673590484,43.05615384615384,55,1047.1
3,B,PREDATOR,189,13.809999999999532,319,591.133749999997,337,26,95.17198813056362,31.56201923076927,114,1047.1
3,B,PREDATOR,190,25.025000000000745,385,591.133749999997,11,23,100.0,59.06228260869531,323,1047.1
3,B,PREDATOR,191,1283.3975000000037,500,591.133749999997,205,125,86.52975609756096,59.06374000000008,1362,1047.1
3,B,PREDATOR,192,90.99999999999956,500,591.133749999997,1,124,100.0,51.157943548387024,1538,1047.1
3,B,PREDATOR,193,2860.0399999999954,500,591.133749999997,336,10,95.79300595238082,41.41599999999963,156,1047.1
3,B,PREDATOR,194,2527.017499999998,500,591.133749999997,337,10,98.35661721068243,30.21799999999991,114,1047.1
3,B,PREDATOR,195,2524.972499999996,500,591.133749999997,148,126,80.81168918918915,58.290257936508,1631,1047.1
3,B,PREDATOR,196,75.93250000000033,500,591.133749999997,4,80,100.0,48.5829062499994,1190,1047.1
3,B,PREDATOR,197,-12.509999999999991,251,591.133749999997,337,12,90.90783382789283,44.42499999999985,10,1047.1
3,B,PREDATOR,198,208.47000000000423,500,591.133749999997,337,10,93.96821958456948,26.783999999999917,24,1047.1
3,B,PREDATOR,199,588.4000000000036,500,591.133749999997,337,52,98.99928783382788,29.635192307692485,451,1047.1
3,B,PREDATOR,200,3454.08749999996,500,591.133749999997,243,139,86.24818930041151,59.288039568345326,2255,1047.1
3,B,PREDATOR,201,75.99999999999812,500,591.133749999997,11,10,100.0,31.483499999999662,23,1047.1
3,B,PREDATOR,202,39.300000000000566,470,591.133749999997,336,8,99.5357738095238,46.92749999999981,187,1047.1
3,B,PREDATOR,203,-13.03999999999998,304,591.133749999997,337,16,99.52299703264094,45.42906250000006,112,1047.1
3,B,PREDATOR,204,-12.709999999999987,271,591.133749999997,336,70,95.09666666666648,41.85000000000011,339,1047.1
3,B,PREDATOR,205,2.240000000000059,276,591.133749999997,337,11,96.83842729970316,41.785454545454506,16,1047.1
3,B,PREDATOR,206,210.79750000000152,500,591.133749999997,337,22,99.98077151335313,34.4998863636363,174,1047.1
3,B,PREDATOR,207,-13.389999999999972,339,591.133749999997,337,12,96.32154302670611,41.49499999999998,45,1047.1
3,B,PREDATOR,208,2057.2724999999796,500,591.133749999997,337,60,99.90706231454006,44.863250000000065,373,1047.1
3,B,PREDATOR,209,1415.7925000000032,500,591.133749999997,330,81,98.55481818181818,56.234320987654314,613,1047.1
3,B,PREDATOR,210,4425.134999999981,500,591.133749999997,337,29,94.11718100890192,36.248706896551774,331,1047.1
3,B,PREDATOR,211,22.000000000000046,500,591.133749999997,336,19,98.50241071428566,37.74473684210532,390,1047.1
3,B,PREDATOR,212,2742.3949999999913,500,591.133749999997,337,9,99.6453115727003,54.59583333333316,212,1047.1
3,B,PREDATOR,213,4130.612499999958,500,591.133749999997,313,77,93.18476038338656,66.36409090909089,662,1047.1
3,B,PREDATOR,214,172.00000000000122,500,591.133749999997,337,12,98.21023738872398,44.7716666666666,81,1047.1
3,B,PREDATOR,215,-12.339999999999995,234,591.133749999997,13,11,100.0,65.66727272727206,18,1047.1
3,B,PREDATOR,216,12.959999999999459,404,591.133749999997,11,10,100.0,43.61599999999951,26,1047.1
3,B,PREDATOR,217,1575.1475000000034,500,591.133749999997,212,152,80.76457547169808,56.167828947368484,1831,1047.1
3,B,PREDATOR,218,-12.469999999999992,247,591.133749999997,336,17,96.07398809523797,46.445882352941254,57,1047.1
3,B,PREDATOR,219,2102.639999999999,500,591.133749999997,336,41,93.62357142857127,23.90823170731726,460,1047.1
3,B,PREDATOR,220,-13.379999999999972,338,591.133749999997,337,13,99.7353412462908,34.78634615384631,64,1047.1
3,B,PREDATOR,221,451.34250000000037,500,591.133749999997,337,9,97.07091988130553,36.673333333333076,33,1047.1
3,B,PREDATOR,222,298.6150000000022,316,591.133749999997,327,160,88.2053822629969,60.40212499999992,2732,1047.1
3,B,PREDATOR,223,1309.8700000000017,500,591.133749999997,55,81,95.51072727272727,68.55407407407411,1015,1047.1
3,B,PREDATOR,224,2078.962499999975,500,591.133749999997,337,12,96.7127299703263,40.646666666666384,126,1047.1
3,B,PREDATOR,225,-12.879999999999983,288,591.133749999997,12,36,100.0,57.854097222221995,433,1047.1
3,B,PREDATOR,226,1493.897500000002,500,591.133749999997,337,37,99.67934718100891,46.5118918918919,407,1047.1
3,B,PREDATOR,227,27.84000000000067,413,591.133749999997,335,13,90.62032835820871,51.19846153846119,166,1047.1
3,B,PREDATOR,228,12.569999999999334,443,591.133749999997,337,9,96.73035608308594,42.13444444444431,148,1047.1
3,B,PREDATOR,229,38.92750000000067,500,591.133749999997,337,7,91.51569732937654,23.49249999999986,22,1047.1
3,B,PREDATOR,230,617.0800000000033,500,591.133749999997,337,9,94.57893175074163,45.9111111111109,78,1047.1
3,B,PREDATOR,231,-4.999999999999938,500,591.133749999997,337,14,94.5494065281897,36.373571428571246,73,1047.1
3,B,PREDATOR,232,1207.877500000003,500,591.133749999997,336,138,96.24580357142854,48.05096014492753,1557,1047.1
3,B,PREDATOR,233,725.2075000000021,500,591.133749999997,284,144,78.62721830985909,50.20850694444448,1542,1047.1
3,B,PREDATOR,234,2720.607499999964,500,591.133749999997,337,7,95.32970326409479,41.30571428571409,142,1047.1
3,B,PREDATOR,235,21.999999999999307,500,591.133749999997,337,6,91.23115727002929,27.156666666666343,18,1047.1
3,B,PREDATOR,236,49.000000000000206,500,591.133749999997,317,148,87.33763406940058,56.9038006756755,2374,1047.1
3,B,PREDATOR,237,75.99999999999844,500,591.133749999997,337,21,89.47525222551887,28.791666666666753,357,1047.1
3,B,PREDATOR,238,63.99999999999795,500,591.133749999997,337,9,97.20020771513343,26.70666666666648,33,1047.1
3,B,PREDATOR,239,522.7000000000002,500,591.133749999997,336,12,95.8926190476189,48.24291666666655,114,1047.1
3,B,PREDATOR,240,3962.5774999999826,500,591.133749999997,336,5,89.2436607142854,55.2639999999996,174,1047.1
3,B,PREDATOR,241,29.71000000000042,229,591.133749999997,337,13,98.30023738872397,46.362500000000104,103,1047.1
3,B,PREDATOR,242,319.0000000000014,500,591.133749999997,337,29,99.16433234421362,44.42956896551723,286,1047.1
3,B,PREDATOR,243,4242.8599999999415,500,591.133749999997,311,52,92.63073954983922,74.97355769230761,618,1047.1
3,B,PREDATOR,244,75.69249999999836,500,591.133749999997,336,17,96.9540476190475,27.890147058823665,134,1047.1
3,B,PREDATOR,245,1533.5800000000015,500,591.133749999997,337,9,95.15830860534106,31.670277777777716,91,1047.1
3,B,PREDATOR,246,289.4025000000028,500,591.133749999997,312,33,87.93217948717941,74.35515151515145,664,1047.1
3,B,PREDATOR,247,1707.222500000001,500,591.133749999997,336,11,99.94535714285715,56.65090909090875,323,1047.1
3,B,PREDATOR,248,3415.542499999954,500,591.133749999997,247,142,88.50157894736842,70.18005281690142,999,1047.1
3,B,PREDATOR,249,144.43250000000327,500,591.133749999997,337,13,99.98157270029674,24.526346153846223,192,1047.1
3,B,PREDATOR,250,21.999999999999257,500,591.133749999997,8,11,100.0,38.34909090909038,28,1047.1
3,B,PREDATOR,251,2517.879999999965,500,591.133749999997,337,9,98.45777448071209,45.69999999999977,175,1047.1
3,B,PREDATOR,252,1730.932500000004,500,591.133749999997,336,11,93.7410714285712,44.82477272727261,94,1047.1
3,B,PREDATOR,253,4042.112499999949,500,591.133749999997,8,133,100.0,53.36689849624059,1968,1047.1
3,B,PREDATOR,254,-13.859999999999962,386,591.133749999997,128,142,68.38773437499991,55.55082746478859,2878,1047.1
3,B,PREDATOR,255,3387.3899999999594,500,591.133749999997,289,155,77.84384083044978,58.39966129032259,3394,1047.1
3,B,PREDATOR,256,362.75750000000306,500,591.133749999997,336,45,99.60229166666666,32.814500000000166,563,1047.1
3,B,PREDATOR,257,313.9049999999994,500,591.133749999997,2,127,100.0,56.49913385826777,1260,1047.1
3,B,PREDATOR,258,102.99999999999854,500,591.133749999997,336,8,92.58660714285689,42.26999999999971,50,1047.1
3,B,PREDATOR,259,-14.659999999999945,466,591.133749999997,337,41,91.76854599406494,22.987560975610013,396,1047.1
3,B,PREDATOR,260,46.90250000000062,372,591.133749999997,337,20,99.91988130563799,34.00637500000012,255,1047.1
3,B,PREDATOR,261,2370.1874999999804,500,591.133749999997,336,128,94.50619047619031,33.803300781250044,1243,1047.1
3,B,PREDATOR,262,120.75249999999834,500,591.133749999997,337,27,92.25563798219554,32.6642592592594,293,1047.1
3,B,PREDATOR,263,-13.689999999999966,369,591.133749999997,337,11,91.29305637982162,38.0763636363635,39,1047.1
3,B,PREDATOR,264,-13.309999999999974,331,591.133749999997,17,13,100.0,47.50769230769177,30,1047.1
3,B,PREDATOR,265,102.99999999999807,500,591.133749999997,337,8,98.26454005934713,30.794062500000123,35,1047.1
3,B,PREDATOR,266,897.7175000000018,500,591.133749999997,335,25,96.63880597014916,37.46480000000017,322,1047.1
3,B,PREDATOR,267,852.0299999999995,500,591.133749999997,337,78,97.1697329376854,55.88897435897428,923,1047.1
3,B,PREDATOR,268,4211.462499999983,500,591.133749999997,337,21,92.57151335311549,34.61011904761915,348,1047.1
3,B,PREDATOR,269,881.2625000000039,500,591.133749999997,337,27,99.96154302670624,31.78185185185186,146,1047.1
3,B,PREDATOR,270,115.0649999999976,500,591.133749999997,335,11,99.80376119402986,47.62545454545429,353,1047.1
3,B,PREDATOR,271,2255.777499999974,500,591.133749999997,337,9,99.73243323442136,29.77361111111118,109,1047.1
3,B,PREDATOR,272,12.389999999999391,461,591.133749999997,8,126,100.0,46.10248015873016,1298,1047.1
3,B,PREDATOR,273,909.895000000002,500,591.133749999997,329,165,91.90620060790269,57.010121212121255,1669,1047.1
3,B,PREDATOR,274,5227.90749999998,500,591.133749999997,336,10,97.98169642857138,45.72799999999974,242,1047.1
3,B,PREDATOR,275,14.039999999999809,296,591.133749999997,337,57,91.48851632047447,33.632061403508885,235,1047.1
3,B,PREDATOR,276,507.93250000000046,500,591.133749999997,337,7,99.97640949554896,39.33249999999974,76,1047.1
3,B,PREDATOR,277,4468.379999999953,500,591.133749999997,86,120,81.06837209302324,69.32831250000002,1528,1047.1
3,B,PREDATOR,278,21.999999999999776,500,591.133749999997,337,11,95.83320474777432,32.620227272726794,79,1047.1
3,B,PREDATOR,279,66.46249999999948,447,591.133749999997,337,9,93.6684569732935,38.64805555555527,24,1047.1
3,B,PREDATOR,280,2296.1074999999996,500,591.133749999997,324,101,91.01601851851846,48.5341831683169,970,1047.1
3,B,PREDATOR,281,219.25000000000082,500,591.133749999997,169,126,90.39443786982248,59.224761904761664,2019,1047.1
3,B,PREDATOR,282,63.99999999999813,500,591.133749999997,337,14,94.50379821958445,44.72249999999986,325,1047.1
3,B,PREDATOR,283,103.40249999999777,500,591.133749999997,337,12,97.78445103857558,26.269166666666667,83,1047.1
3,B,PREDATOR,284,39.03000000000074,497,591.133749999997,333,37,98.02855855855854,57.452297297297314,345,1047.1
3,B,PREDATOR,285,2129.992500000001,500,591.133749999997,333,35,98.60276276276277,43.93314285714289,418,1047.1
3,B,PREDATOR,286,40.62250000000073,500,591.133749999997,284,141,86.3114084507042,59.19386524822689,2793,1047.1
3,B,PREDATOR,287,21.999999999999815,500,591.133749999997,7,79,100.0,42.47531645569584,1078,1047.1
3,B,PREDATOR,288,498.9699999999994,500,591.133749999997,336,10,99.21955357142853,41.38199999999993,163,1047.1
3,B,PREDATOR,289,75.9999999999987,500,591.133749999997,337,11,94.0048071216615,23.689090909090897,23,1047.1
3,B,PREDATOR,290,1646.2975000000026,500,591.133749999997,337,9,93.58240356083064,35.3086111111109,71,1047.1
3,B,PREDATOR,291,102.99999999999801,500,591.133749999997,225,75,81.14786666666649,60.51300000000002,820,1047.1
3,B,PREDATOR,292,75.99999999999878,500,591.133749999997,9,10,100.0,35.603999999999544,25,1047.1
3,B,PREDATOR,293,66.36999999999847,463,591.133749999997,3,54,100.0,46.011203703703146,933,1047.1
3,B,PREDATOR,294,399.93250000000205,500,591.133749999997,337,18,91.70302670623113,24.782222222222465,289,1047.1
3,B,PREDATOR,295,48.99999999999993,500,591.133749999997,2,93,100.0,50.441801075268685,1454,1047.1
3,B,PREDATOR,296,1128.7975000000026,500,591.133749999997,337,12,99.98362017804153,28.991041666666547,54,1047.1
3,B,PREDATOR,297,80.4524999999986,295,591.133749999997,336,13,94.01499999999987,55.12769230769202,82,1047.1
3,B,PREDATOR,298,1548.3250000000028,500,591.133749999997,291,53,91.09505154639173,69.70712264150941,573,1047.1
3,B,PREDATOR,299,102.99999999999953,500,591.133749999997,337,11,97.84682492581595,38.22113636363627,429,1047.1
3,B,PREDATOR,300,1263.8350000000014,500,591.133749999997,337,9,99.22178041543025,37.162222222221914,56,1047.1
3,B,PREDATOR,301,159.432500000003,500,591.133749999997,1,86,100.0,52.88406976744153,2171,1047.1
3,B,PREDATOR,302,28.390000000000576,361,591.133749999997,337,15,96.5708011869435,49.8078333333332,133,1047.1
3,B,PREDATOR,303,49.00000000000075,500,591.133749999997,336,13,99.71309523809524,41.010769230769014,256,1047.1
3,B,PREDATOR,304,12.829999999999382,417,591.133749999997,17,11,100.0,40.513409090908645,15,1047.1
3,B,PREDATOR,305,966.6025000000027,500,591.133749999997,337,8,94.02818991097898,31.042500000000082,64,1047.1
3,B,PREDATOR,306,2405.140000000001,500,591.133749999997,337,59,90.93459940652794,31.714872881356097,611,1047.1
3,B,PREDATOR,307,37.00000000000097,500,591.133749999997,5,73,100.0,55.773630136985595,1289,1047.1
3,B,PREDATOR,308,165.7775000000032,500,591.133749999997,3,99,100.0,43.44805555555542,2175,1047.1
3,B,PREDATOR,309,12.459999999999313,454,591.133749999997,334,11,92.97829341317342,32.69636363636374,276,1047.1
3,B,PREDATOR,310,28.110000000000696,389,591.133749999997,337,15,97.50801186943615,31.916833333333447,130,1047.1
3,B,PREDATOR,311,14.24999999999991,275,591.133749999997,337,16,98.75771513353111,30.898750000000042,17,1047.1
3,B,PREDATOR,312,2455.817499999955,500,591.133749999997,337,70,96.71821958456967,48.949250000000056,616,1047.1
3,B,PREDATOR,313,198.9025000000011,500,591.133749999997,334,11,96.08149700598791,40.22931818181804,247,1047.1
3,B,PREDATOR,314,49.000000000000355,500,591.133749999997,335,10,99.05370149253729,52.70400000000004,323,1047.1
3,B,PREDATOR,315,3771.30499999995,500,591.133749999997,337,13,99.83400593471809,56.99038461538456,295,1047.1
3,B,PREDATOR,316,1394.1425000000004,500,591.133749999997,334,76,90.21476047904166,40.96832236842099,1042,1047.1
3,B,PREDATOR,317,100.46999999999959,500,591.133749999997,296,112,83.29945945945941,49.795089285714376,1018,1047.1
3,B,PREDATOR,318,5426.292499999947,500,591.133749999997,337,32,91.40486646884253,30.284375000000132,599,1047.1
3,B,PREDATOR,319,117.9999999999977,500,591.133749999997,225,155,74.2195555555553,42.458629032258216,1483,1047.1
3,B,PREDATOR,320,1813.5100000000027,500,591.133749999997,337,8,95.34537091988109,29.38874999999986,84,1047.1
3,B,PREDATOR,321,833.399999999998,500,591.133749999997,329,29,88.60735562310012,40.867500000000156,438,1047.1
3,B,PREDATOR,322,49.00000000000073,500,591.133749999997,337,10,94.45264094955466,36.86199999999964,36,1047.1
3,B,PREDATOR,323,117.99999999999811,500,591.133749999997,334,24,91.73356287425129,57.18854166666656,209,1047.1
3,B,PREDATOR,324,27.260000000000836,474,591.133749999997,337,17,99.93991097922849,29.675147058823626,276,1047.1
3,B,PREDATOR,325,75.99999999999869,500,591.133749999997,5,11,100.0,34.10181818181767,29,1047.1
3,B,PREDATOR,326,1154.6400000000035,500,591.133749999997,4,130,100.0,41.969153846154,1676,1047.1
3,B,PREDATOR,327,272.94250000000255,500,591.133749999997,9,112,100.0,44.07116071428566,2683,1047.1
3,B,PREDATOR,328,400.0000000000037,500,591.133749999997,337,13,90.88649851632015,42.988461538461245,77,1047.1
3,B,PREDATOR,329,566.0300000000018,277,591.133749999997,337,43,93.86103857566744,35.48866279069778,174,1047.1
3,B,PREDATOR,330,1889.1675000000007,500,591.133749999997,337,10,95.53833827893159,42.20824999999994,98,1047.1
3,B,PREDATOR,331,124.10000000000277,390,591.133749999997,337,16,98.83587537091985,38.31125000000003,156,1047.1
3,B,PREDATOR,332,279.99999999999926,500,591.133749999997,337,25,97.32293768545986,41.26220000000002,285,1047.1
3,B,PREDATOR,333,-13.709999999999965,371,591.133749999997,337,12,90.65890207715108,42.76041666666644,191,1047.1
3,B,PREDATOR,334,148.642499999999,500,591.133749999997,5,84,100.0,39.02797619047617,1272,1047.1
3,B,PREDATOR,335,12.149999999999446,485,591.133749999997,337,39,99.93590504451039,52.158461538461545,218,1047.1
3,B,PREDATOR,336,-14.059999999999958,406,591.133749999997,334,32,90.23871257485007,35.77445312500021,251,1047.1
3,B,PREDATOR,337,-12.459999999999992,246,591.133749999997,337,17,99.95673590504451,44.5217647058824,83,1047.1
3,B,PREDATOR,338,75.99999999999801,500,591.133749999997,337,7,92.0127893175071,32.32285714285671,22,1047.1
3,B,PREDATOR,339,27.64000000000067,436,591.133749999997,336,11,99.68827380952382,56.21636363636344,48,1047.1
3,B,PREDATOR,340,75.99999999999818,500,591.133749999997,337,9,95.73599406528173,41.253333333332876,23,1047.1
3,B,PREDATOR,341,13.389999999999462,361,591.133749999997,337,8,92.88866468842703,51.58031249999951,22,1047.1
3,B,PREDATOR,342,2343.042499999994,500,591.133749999997,245,123,84.35799999999993,70.29134146341462,1406,1047.1
3,B,PREDATOR,343,2732.314999999964,500,591.133749999997,319,163,86.6667711598745,44.31918711656443,2440,1047.1
3,B,PREDATOR,344,-14.339999999999952,434,591.133749999997,337,23,97.37997032640942,34.6921739130436,122,1047.1
3,B,PREDATOR,345,90.99999999999768,500,591.133749999997,337,21,96.1795845697328,33.50511904761908,265,1047.1
3,B,PREDATOR,346,102.90249999999872,500,591.133749999997,325,50,88.12516923076906,59.347000000000016,341,1047.1
3,B,PREDATOR,347,840.4700000000032,500,591.133749999997,0,96,0.0,61.64440104166662,1031,1047.1
3,B,PREDATOR,348,28.610000000000525,339,591.133749999997,337,7,95.89596439169125,36.811428571428436,11,1047.1
3,B,PREDATOR,349,2730.7849999999694,500,591.133749999997,2,148,100.0,54.80374999999992,3425,1047.1
3,B,PREDATOR,350,1015.190000000002,500,591.133749999997,0,78,0.0,36.774038461538524,1768,1047.1
