cycle,phase,agent_type,episode,reward,steps,eval_reward,prey_population,predator_population,avg_prey_energy,avg_predator_energy,predation_events,eval_predation_events
1,A,PREY,1,-3.359999999999973,169,102.3200000000002,6,2,32.558333333333685,33.850000000000485,0,0.0
1,A,PREY,2,-1.8899999999999721,169,102.3200000000002,6,2,24.37500000000035,34.30000000000048,0,0.0
1,A,PREY,3,-1.3999999999999773,169,102.3200000000002,6,2,32.433333333333714,34.15000000000048,0,0.0
1,A,PREY,4,-3.329999999999975,166,102.3200000000002,6,2,31.716666666667038,34.60000000000048,0,0.0
1,A,PREY,5,-1.8799999999999795,168,102.3200000000002,6,2,26.475000000000335,32.65000000000049,0,0.0
1,A,PREY,6,-1.4399999999999658,173,102.3200000000002,6,2,18.025000000000325,32.800000000000495,0,0.0
1,A,PREY,7,1.5200000000000333,171,102.3200000000002,6,2,25.166666666667016,33.40000000000049,0,0.0
1,A,PREY,8,1.0500000000000256,169,102.3200000000002,6,2,32.53333333333369,33.850000000000485,0,0.0
1,A,PREY,9,-3.3299999999999823,166,102.3200000000002,6,2,26.641666666667003,34.900000000000475,0,0.0
1,A,PREY,10,2.5000000000000266,171,102.3200000000002,6,2,18.450000000000326,33.10000000000049,0,0.0
1,A,PREY,11,0.0800000000000356,168,102.3200000000002,6,2,19.325000000000326,34.45000000000048,0,0.0
1,A,PREY,12,1.0600000000000254,168,102.3200000000002,6,2,26.091666666667013,34.15000000000048,0,0.0
1,A,PREY,13,7.850000000000017,175,102.3200000000002,6,2,17.250000000000323,31.750000000000497,0,0.0
1,A,PREY,14,3.5100000000000335,168,102.3200000000002,6,2,26.141666666667007,33.850000000000485,0,0.0
1,A,PREY,15,2.5000000000000338,171,102.3200000000002,6,2,25.24166666666702,33.25000000000049,0,0.0
1,A,PREY,16,0.07000000000003403,169,102.3200000000002,6,2,32.458333333333705,33.700000000000486,0,0.0
1,A,PREY,17,3.950000000000035,173,102.3200000000002,6,2,32.96666666666701,32.800000000000495,0,0.0
1,A,PREY,18,3.4700000000000255,172,102.3200000000002,6,2,41.23333333333367,32.5000000000005,0,0.0
1,A,PREY,19,3.0000000000000338,170,102.3200000000002,6,2,18.825000000000326,33.700000000000486,0,0.0
1,A,PREY,20,6.870000000000031,175,102.3200000000002,6,2,23.96666666666702,32.3500000000005,0,0.0
1,A,PREY,21,10.299999999999974,175,102.3200000000002,6,2,22.575000000000347,31.4500000000005,0,0.0
1,A,PREY,22,4.4200000000000355,175,102.3200000000002,6,2,30.708333333333712,31.900000000000496,0,0.0
1,A,PREY,23,3.950000000000033,173,102.3200000000002,6,2,17.950000000000326,32.050000000000495,0,0.0
1,A,PREY,24,4.900000000000036,176,102.3200000000002,6,2,30.3333333333337,31.6000000000005,0,0.0
1,A,PREY,25,7.370000000000006,174,102.3200000000002,6,2,17.675000000000324,32.5000000000005,0,0.0
1,A,PREY,26,1.0200000000000333,172,102.3200000000002,6,2,18.275000000000325,33.40000000000049,0,0.0
1,A,PREY,27,0.0400000000000329,172,102.3200000000002,6,2,18.175000000000324,33.25000000000049,0,0.0
1,A,PREY,28,11.249999999999991,178,102.3200000000002,6,2,25.12500000000031,31.150000000000496,0,0.0
1,A,PREY,29,6.390000000000027,174,102.3200000000002,6,2,30.93333333333371,32.800000000000495,0,0.0
1,A,PREY,30,11.26,177,102.3200000000002,6,2,23.491666666667005,31.9000000000005,0,0.0
1,A,PREY,31,9.329999999999993,174,102.3200000000002,6,2,17.650000000000322,32.650000000000496,0,0.0
1,A,PREY,32,7.860000000000012,174,102.3200000000002,6,2,17.550000000000324,30.8500000000005,0,0.0
1,A,PREY,33,7.380000000000008,173,102.3200000000002,6,2,44.44166666666708,32.5000000000005,0,0.0
1,A,PREY,34,9.82000000000001,174,102.3200000000002,6,2,17.55000000000032,32.650000000000496,0,0.0
1,A,PREY,35,6.410000000000023,172,102.3200000000002,6,2,30.091666666667038,32.650000000000496,0,0.0
1,A,PREY,36,14.18999999999999,178,102.3200000000002,6,2,16.400000000000322,31.4500000000005,0,0.0
1,A,PREY,37,0.06000000000003247,170,102.3200000000002,6,2,18.800000000000328,33.850000000000485,0,0.0
1,A,PREY,38,1.5000000000000355,173,102.3200000000002,6,2,24.566666666667007,32.5000000000005,0,0.0
1,A,PREY,39,9.800000000000006,176,102.3200000000002,6,2,23.566666666667007,30.550000000000495,0,0.0
1,A,PREY,40,9.759999999999978,180,102.3200000000002,6,2,22.466666666667006,30.700000000000497,0,0.0
1,A,PREY,41,11.259999999999982,177,102.3200000000002,6,2,23.46666666666701,31.000000000000497,0,0.0
1,A,PREY,42,16.139999999999944,179,102.3200000000002,6,2,22.741666666667005,30.400000000000496,0,0.0
1,A,PREY,43,10.789999999999987,175,102.3200000000002,6,2,23.991666666666998,32.2000000000005,0,0.0
1,A,PREY,44,10.779999999999978,176,102.3200000000002,6,2,23.64166666666702,32.0500000000005,0,0.0
1,A,PREY,45,12.219999999999937,179,102.3200000000002,6,2,16.17500000000032,31.000000000000497,0,0.0
1,A,PREY,46,11.759999999999996,176,102.3200000000002,6,2,17.10000000000032,31.9000000000005,0,0.0
1,A,PREY,47,16.62999999999993,179,102.3200000000002,6,2,22.791666666666995,31.150000000000496,0,0.0
1,A,PREY,48,17.549999999999947,185,102.3200000000002,5,2,14.380000000000317,37.00000000000051,1,0.0
1,A,PREY,49,12.239999999999972,177,102.3200000000002,6,2,16.775000000000322,31.750000000000497,0,0.0
1,A,PREY,50,14.17999999999997,179,102.3200000000002,6,2,22.25000000000034,30.550000000000495,0,0.0
1,A,PREY,51,9.349999999999985,172,102.3200000000002,6,2,18.225000000000325,33.10000000000049,0,0.0
1,A,PREY,52,19.99999999999995,185,102.3200000000002,5,2,24.290000000000372,29.200000000000493,0,0.0
1,A,PREY,53,11.260000000000003,177,102.3200000000002,6,2,23.491666666666987,31.300000000000498,0,0.0
1,A,PREY,54,15.599999999999957,184,102.3200000000002,6,2,14.600000000000314,29.35000000000049,0,0.0
1,A,PREY,55,24.89999999999994,185,102.3200000000002,6,2,27.683333333333717,29.35000000000049,0,0.0
1,A,PREY,56,12.749999999999977,175,102.3200000000002,6,2,25.42500000000032,31.9000000000005,0,0.0
1,A,PREY,57,12.709999999999981,179,102.3200000000002,6,2,16.22500000000032,31.000000000000497,0,0.0
1,A,PREY,58,14.679999999999955,178,102.3200000000002,6,2,29.708333333333712,30.700000000000497,0,0.0
1,A,PREY,59,16.619999999999948,180,102.3200000000002,6,2,22.391666666667017,30.700000000000497,0,0.0
1,A,PREY,60,17.109999999999975,180,102.3200000000002,6,2,15.77500000000032,30.550000000000495,0,0.0
1,A,PREY,61,8.29999999999995,179,102.3200000000002,6,2,28.741666666667044,30.700000000000497,0,0.0
1,A,PREY,62,10.789999999999951,175,102.3200000000002,6,2,24.01666666666702,32.0500000000005,0,0.0
1,A,PREY,63,15.659999999999917,178,102.3200000000002,6,2,29.61666666666703,31.6000000000005,0,0.0
1,A,PREY,64,16.60999999999993,181,102.3200000000002,6,2,15.375000000000313,30.700000000000497,0,0.0
1,A,PREY,65,22.449999999999953,185,102.3200000000002,6,2,14.250000000000318,29.050000000000495,0,0.0
1,A,PREY,66,21.969999999999967,184,102.3200000000002,6,2,14.525000000000317,29.200000000000493,0,0.0
1,A,PREY,67,19.049999999999912,182,102.3200000000002,6,2,21.775000000000336,29.950000000000493,0,0.0
1,A,PREY,68,18.099999999999937,179,102.3200000000002,6,2,16.05000000000032,30.700000000000497,0,0.0
1,A,PREY,69,19.05999999999994,181,102.3200000000002,6,2,15.550000000000319,29.800000000000495,0,0.0
1,A,PREY,70,22.94999999999991,184,102.3200000000002,6,2,14.600000000000312,29.200000000000493,0,0.0
1,A,PREY,71,21.489999999999952,183,102.3200000000002,6,2,24.9500000000003,29.050000000000495,0,0.0
1,A,PREY,72,26.34999999999996,187,102.3200000000002,6,2,20.441666666667018,28.900000000000492,0,0.0
1,A,PREY,73,14.66999999999995,179,102.3200000000002,6,2,16.17500000000032,30.400000000000496,0,0.0
1,A,PREY,74,19.559999999999945,180,102.3200000000002,6,2,15.725000000000321,30.8500000000005,0,0.0
1,A,PREY,75,20.499999999999957,184,102.3200000000002,6,2,27.858333333333718,29.500000000000494,0,0.0
1,A,PREY,76,23.44999999999996,183,102.3200000000002,6,2,14.800000000000315,29.950000000000493,0,0.0
1,A,PREY,77,20.999999999999957,183,102.3200000000002,6,2,21.46666666666702,29.650000000000496,0,0.0
1,A,PREY,78,21.009999999999913,182,102.3200000000002,6,2,27.175000000000285,30.100000000000495,0,0.0
1,A,PREY,79,19.55999999999994,180,102.3200000000002,6,2,21.025000000000347,30.400000000000496,0,0.0
1,A,PREY,80,25.859999999999967,187,102.3200000000002,6,2,33.65000000000041,28.15000000000049,0,0.0
1,A,PREY,81,15.149999999999922,180,102.3200000000002,6,2,15.82500000000032,30.8500000000005,0,0.0
1,A,PREY,82,13.699999999999934,178,102.3200000000002,6,2,29.733333333333718,31.300000000000498,0,0.0
1,A,PREY,83,19.549999999999898,181,102.3200000000002,6,2,22.09166666666702,30.250000000000497,0,0.0
1,A,PREY,84,11.739999999999936,178,102.3200000000002,6,2,16.35000000000032,31.150000000000496,0,0.0
1,A,PREY,85,16.629999999999924,179,102.3200000000002,6,2,22.666666666666995,31.300000000000498,0,0.0
1,A,PREY,86,15.619999999999918,182,102.3200000000002,6,2,33.633333333333745,29.950000000000493,0,0.0
1,A,PREY,87,18.089999999999925,180,102.3200000000002,6,2,15.85000000000032,30.700000000000497,0,0.0
1,A,PREY,88,26.359999999999978,186,102.3200000000002,6,2,19.10000000000035,28.900000000000492,0,0.0
1,A,PREY,89,28.319999999999972,186,102.3200000000002,6,2,14.000000000000318,28.450000000000493,0,0.0
1,A,PREY,90,21.979999999999954,183,102.3200000000002,6,2,27.44166666666702,29.35000000000049,0,0.0
1,A,PREY,91,26.34999999999995,187,102.3200000000002,6,2,13.650000000000313,28.00000000000049,0,0.0
1,A,PREY,92,26.79999999999997,191,102.3200000000002,6,2,12.450000000000315,27.550000000000487,0,0.0
1,A,PREY,93,27.83999999999998,185,102.3200000000002,6,2,14.275000000000318,28.900000000000492,0,0.0
1,A,PREY,94,20.98999999999991,184,102.3200000000002,6,2,14.575000000000317,29.200000000000493,0,0.0
1,A,PREY,95,21.960000000000022,185,102.3200000000002,6,2,20.916666666667016,29.050000000000495,0,0.0
1,A,PREY,96,20.999999999999932,183,102.3200000000002,5,2,16.800000000000324,29.800000000000495,0,0.0
1,A,PREY,97,17.089999999999918,182,102.3200000000002,6,2,20.37500000000035,29.800000000000495,0,0.0
1,A,PREY,98,21.489999999999924,183,102.3200000000002,6,2,20.67500000000034,29.500000000000494,0,0.0
1,A,PREY,99,22.469999999999928,183,102.3200000000002,6,2,20.125000000000348,29.500000000000494,0,0.0
1,A,PREY,100,27.33999999999993,186,102.3200000000002,6,2,14.025000000000313,28.75000000000049,0,0.0
1,A,PREY,101,12.729999999999913,177,102.3200000000002,6,2,36.625000000000405,31.4500000000005,0,0.0
1,A,PREY,102,24.41000000000006,185,102.3200000000002,6,2,14.325000000000314,29.35000000000049,0,0.0
1,A,PREY,103,16.619999999999912,180,102.3200000000002,6,2,15.82500000000032,30.550000000000495,0,0.0
1,A,PREY,104,33.660000000000004,191,102.3200000000002,6,2,19.24166666666701,27.550000000000487,0,0.0
1,A,PREY,105,36.049999999999926,197,102.3200000000002,6,2,10.675000000000308,25.600000000000485,0,0.0
1,A,PREY,106,15.649999999999915,179,102.3200000000002,6,2,16.05000000000032,31.150000000000496,0,0.0
1,A,PREY,107,20.51999999999991,182,102.3200000000002,6,2,15.100000000000316,29.800000000000495,0,0.0
1,A,PREY,108,20.019999999999904,183,102.3200000000002,6,2,14.925000000000319,29.500000000000494,0,0.0
1,A,PREY,109,28.779999999999973,189,102.3200000000002,6,2,26.38333333333369,27.100000000000488,0,0.0
1,A,PREY,110,36.08999999999996,193,102.3200000000002,6,2,11.975000000000309,26.65000000000049,0,0.0
1,A,PREY,111,29.76999999999996,188,102.3200000000002,6,2,20.141666666667017,28.30000000000049,0,0.0
1,A,PREY,112,30.259999999999962,188,102.3200000000002,6,2,13.375000000000313,28.00000000000049,0,0.0
1,A,PREY,113,32.17999999999996,192,102.3200000000002,6,2,12.12500000000031,26.950000000000486,0,0.0
1,A,PREY,114,32.20999999999998,189,102.3200000000002,6,2,32.633333333333745,28.15000000000049,0,0.0
1,A,PREY,115,20.509999999999906,183,102.3200000000002,6,2,34.925000000000416,29.500000000000494,0,0.0
1,A,PREY,116,20.019999999999925,183,102.3200000000002,6,2,27.99166666666703,29.500000000000494,0,0.0
1,A,PREY,117,34.63999999999993,191,102.3200000000002,6,2,19.19166666666701,26.65000000000049,0,0.0
1,A,PREY,118,21.499999999999886,182,102.3200000000002,6,2,21.766666666667017,29.950000000000493,0,0.0
1,A,PREY,119,24.420000000000044,184,102.3200000000002,6,2,14.625000000000318,29.35000000000049,0,0.0
1,A,PREY,120,28.300000000000043,188,102.3200000000002,6,2,13.350000000000316,28.60000000000049,0,0.0
1,A,PREY,121,288.31000000000273,288,102.3200000000002,3,0,61.8666666666673,0.0,0,0.0
1,A,PREY,122,23.930000000000057,184,102.3200000000002,6,2,14.650000000000317,29.500000000000494,0,0.0
1,A,PREY,123,27.35000000000005,185,102.3200000000002,6,2,14.375000000000314,28.900000000000492,0,0.0
1,A,PREY,124,24.910000000000082,184,102.3200000000002,6,2,14.500000000000318,29.200000000000493,0,0.0
1,A,PREY,125,24.399999999999913,186,102.3200000000002,6,2,20.741666666667015,28.900000000000492,0,0.0
1,A,PREY,126,41.959999999999866,194,102.3200000000002,6,2,18.266666666666982,26.500000000000487,0,0.0
1,A,PREY,127,19.049999999999912,182,102.3200000000002,6,2,29.99166666666702,29.950000000000493,0,0.0
1,A,PREY,128,36.58999999999989,192,102.3200000000002,6,2,18.79166666666701,26.800000000000487,0,0.0
1,A,PREY,129,21.009999999999906,182,102.3200000000002,6,2,15.200000000000317,30.250000000000497,0,0.0
1,A,PREY,130,23.930000000000053,184,102.3200000000002,4,2,34.72500000000037,29.35000000000049,0,0.0
1,A,PREY,131,28.300000000000054,188,102.3200000000002,6,2,18.57500000000035,28.60000000000049,0,0.0
1,A,PREY,132,31.70000000000003,191,102.3200000000002,6,2,12.375000000000307,27.40000000000049,0,0.0
1,A,PREY,133,29.760000000000048,189,102.3200000000002,6,2,18.650000000000343,28.00000000000049,0,0.0
1,A,PREY,134,28.300000000000026,188,102.3200000000002,6,2,13.275000000000311,28.00000000000049,0,0.0
1,A,PREY,135,33.669999999999895,190,102.3200000000002,6,2,23.95000000000029,27.25000000000049,0,0.0
1,A,PREY,136,31.70999999999988,190,102.3200000000002,6,2,43.75000000000037,27.85000000000049,0,0.0
1,A,PREY,137,43.899999999999935,196,102.3200000000002,6,2,21.725000000000293,24.850000000000485,0,0.0
1,A,PREY,138,40.9399999999999,198,102.3200000000002,6,2,10.300000000000306,25.15000000000048,0,0.0
1,A,PREY,139,29.760000000000062,189,102.3200000000002,6,2,19.841666666667017,28.00000000000049,0,0.0
1,A,PREY,140,27.330000000000034,187,102.3200000000002,6,2,20.41666666666702,28.450000000000493,0,0.0
1,A,PREY,141,38.0599999999999,192,102.3200000000002,6,2,12.275000000000311,27.100000000000488,0,0.0
1,A,PREY,142,30.270000000000046,187,102.3200000000002,6,2,13.725000000000312,28.75000000000049,0,0.0
1,A,PREY,143,21.509999999999913,181,102.3200000000002,6,2,15.57500000000032,30.400000000000496,0,0.0
1,A,PREY,144,36.59,192,102.3200000000002,6,2,17.87500000000034,26.950000000000486,0,0.0
1,A,PREY,145,30.23000000000006,191,102.3200000000002,6,2,19.16666666666702,26.950000000000486,0,0.0
1,A,PREY,146,30.240000000000045,190,102.3200000000002,6,2,12.700000000000315,27.100000000000488,0,0.0
1,A,PREY,147,5.150000000000022,102,102.3200000000002,7,2,30.700000000000212,54.25000000000029,0,0.0
1,A,PREY,148,23.950000000000056,182,102.3200000000002,6,2,15.175000000000319,30.250000000000497,0,0.0
1,A,PREY,149,27.82000000000008,187,102.3200000000002,6,2,13.725000000000316,28.75000000000049,0,0.0
1,A,PREY,150,30.270000000000024,187,102.3200000000002,6,2,32.558333333333714,28.900000000000492,0,0.0
1,A,PREY,151,26.860000000000056,185,102.3200000000002,6,2,27.633333333333724,28.900000000000492,0,0.0
1,A,PREY,152,27.36000000000002,184,102.3200000000002,6,2,14.675000000000317,29.35000000000049,0,0.0
1,A,PREY,153,40.47999999999997,195,102.3200000000002,6,2,11.225000000000309,26.500000000000487,0,0.0
1,A,PREY,154,36.11,191,102.3200000000002,6,2,12.575000000000314,27.100000000000488,0,0.0
1,A,PREY,155,34.140000000000036,192,102.3200000000002,6,2,12.20000000000031,27.25000000000049,0,0.0
1,A,PREY,156,35.59999999999999,193,102.3200000000002,6,2,25.13333333333369,26.65000000000049,0,0.0
1,A,PREY,157,37.55999999999989,193,102.3200000000002,6,2,18.35000000000034,26.800000000000487,0,0.0
1,A,PREY,158,46.319999999999936,199,102.3200000000002,6,2,16.791666666667016,25.000000000000483,0,0.0
1,A,PREY,159,37.55999999999998,193,102.3200000000002,6,2,11.92500000000031,26.950000000000486,0,0.0
1,A,PREY,160,38.54999999999994,192,102.3200000000002,6,2,18.766666666667003,27.25000000000049,0,0.0
1,A,PREY,161,33.160000000000025,192,102.3200000000002,6,2,12.150000000000313,27.100000000000488,0,0.0
1,A,PREY,162,42.42999999999995,196,102.3200000000002,6,2,10.900000000000306,25.450000000000486,0,0.0
1,A,PREY,163,33.170000000000044,191,102.3200000000002,6,2,18.866666666667008,27.70000000000049,0,0.0
1,A,PREY,164,29.270000000000074,189,102.3200000000002,6,2,13.025000000000317,28.00000000000049,0,0.0
1,A,PREY,165,32.20000000000002,190,102.3200000000002,6,2,19.491666666667015,27.25000000000049,0,0.0
1,A,PREY,166,31.690000000000055,192,102.3200000000002,6,2,17.67500000000034,27.25000000000049,0,0.0
1,A,PREY,167,38.530000000000015,194,102.3200000000002,6,2,16.700000000000347,25.600000000000485,0,0.0
1,A,PREY,168,29.250000000000057,191,102.3200000000002,6,2,19.166666666667016,27.40000000000049,0,0.0
1,A,PREY,169,45.839999999999925,198,102.3200000000002,6,2,26.491666666667015,25.15000000000048,0,0.0
1,A,PREY,170,50.69999999999989,202,102.3200000000002,6,2,14.600000000000344,24.10000000000048,0,0.0
1,A,PREY,171,45.34999999999992,198,102.3200000000002,6,2,23.06666666666705,25.15000000000048,0,0.0
1,A,PREY,172,31.23000000000004,189,102.3200000000002,6,2,13.100000000000314,27.70000000000049,0,0.0
1,A,PREY,173,37.040000000000006,196,102.3200000000002,6,2,16.05000000000034,25.900000000000485,0,0.0
1,A,PREY,174,37.56000000000002,193,102.3200000000002,6,2,18.541666666667016,26.65000000000049,0,0.0
1,A,PREY,175,35.610000000000035,192,102.3200000000002,6,2,18.425000000000338,26.350000000000485,0,0.0
1,A,PREY,176,39.98999999999995,195,102.3200000000002,6,2,11.175000000000308,26.200000000000486,0,0.0
1,A,PREY,177,31.220000000000056,190,102.3200000000002,6,2,19.491666666667015,27.40000000000049,0,0.0
1,A,PREY,178,27.820000000000036,187,102.3200000000002,6,2,13.775000000000317,28.450000000000493,0,0.0
1,A,PREY,179,34.14000000000002,192,102.3200000000002,6,2,24.641666666667025,26.800000000000487,0,0.0
1,A,PREY,180,40.96999999999994,195,102.3200000000002,6,2,16.55000000000035,26.500000000000487,0,0.0
1,A,PREY,181,16.62999999999986,179,102.3200000000002,6,2,16.000000000000316,30.8500000000005,0,0.0
1,A,PREY,182,26.80000000000004,191,102.3200000000002,5,2,12.580000000000311,39.80000000000053,1,0.0
1,A,PREY,183,24.90999999999988,184,102.3200000000002,6,2,21.216666666667017,28.900000000000492,0,0.0
1,A,PREY,184,35.14000000000002,190,102.3200000000002,6,2,12.700000000000314,27.550000000000487,0,0.0
1,A,PREY,185,23.450000000000053,183,102.3200000000002,6,2,21.491666666667015,29.200000000000493,0,0.0
1,A,PREY,186,34.650000000000034,190,102.3200000000002,6,2,21.07500000000032,27.70000000000049,0,0.0
1,A,PREY,187,42.91999999999999,196,102.3200000000002,6,2,11.05000000000031,25.15000000000048,0,0.0
1,A,PREY,188,27.35000000000006,185,102.3200000000002,6,2,20.841666666667013,28.450000000000493,0,0.0
1,A,PREY,189,32.22000000000001,188,102.3200000000002,6,2,26.7333333333337,28.60000000000049,0,0.0
1,A,PREY,190,20.479999999999876,186,102.3200000000002,5,2,13.900000000000318,40.64375000000052,1,0.0
1,A,PREY,191,19.52999999999986,183,102.3200000000002,6,2,21.51666666666701,29.800000000000495,0,0.0
1,A,PREY,192,21.959999999999866,185,102.3200000000002,6,2,32.708333333333755,28.900000000000492,0,0.0
1,A,PREY,193,36.569999999999865,194,102.3200000000002,6,2,18.24166666666701,25.750000000000483,0,0.0
1,A,PREY,194,57.5199999999999,206,102.3200000000002,6,2,8.000000000000302,22.900000000000478,0,0.0
1,A,PREY,195,41.4399999999999,197,102.3200000000002,6,2,17.316666666667015,25.300000000000484,0,0.0
1,A,PREY,196,58.46999999999986,209,102.3200000000002,6,2,25.583333333333698,21.850000000000477,0,0.0
1,A,PREY,197,51.199999999999875,201,102.3200000000002,6,2,9.525000000000302,22.750000000000476,0,0.0
1,A,PREY,198,37.499999999999986,199,102.3200000000002,6,2,10.050000000000308,25.300000000000484,0,0.0
1,A,PREY,199,40.940000000000005,198,102.3200000000002,5,2,10.210000000000306,33.10000000000052,1,0.0
1,A,PREY,200,37.06000000000003,194,102.3200000000002,6,2,25.03333333333372,26.350000000000485,0,0.0
1,A,PREY,201,44.86999999999993,197,102.3200000000002,6,2,10.650000000000308,25.600000000000485,0,0.0
1,A,PREY,202,39.00000000000001,196,102.3200000000002,6,2,24.50833333333368,25.900000000000485,0,0.0
1,A,PREY,203,36.570000000000014,194,102.3200000000002,6,2,18.14166666666698,26.200000000000486,0,0.0
1,A,PREY,204,53.63999999999986,202,102.3200000000002,6,2,21.54166666666703,23.80000000000048,0,0.0
1,A,PREY,205,60.92999999999986,208,102.3200000000002,6,2,17.80000000000039,22.45000000000048,0,0.0
1,A,PREY,206,56.07999999999986,203,102.3200000000002,6,2,15.516666666667012,23.65000000000048,0,0.0
1,A,PREY,207,55.09999999999985,203,102.3200000000002,4,2,16.750000000000366,22.300000000000477,0,0.0
1,A,PREY,208,47.789999999999836,199,102.3200000000002,6,2,16.791666666667016,25.15000000000048,0,0.0
1,A,PREY,209,40.969999999999985,195,102.3200000000002,6,2,11.37500000000031,26.500000000000487,0,0.0
1,A,PREY,210,38.54000000000002,193,102.3200000000002,6,2,30.858333333333746,26.65000000000049,0,0.0
1,A,PREY,211,40.48999999999998,194,102.3200000000002,6,2,18.116666666666976,26.65000000000049,0,0.0
1,A,PREY,212,42.42999999999998,196,102.3200000000002,6,2,20.225000000000307,25.600000000000485,0,0.0
1,A,PREY,213,35.15000000000002,189,102.3200000000002,6,2,13.025000000000313,27.550000000000487,0,0.0
1,A,PREY,214,39.99999999999997,194,102.3200000000002,6,2,11.600000000000309,26.350000000000485,0,0.0
1,A,PREY,215,39.03,193,102.3200000000002,6,2,11.975000000000309,26.500000000000487,0,0.0
1,A,PREY,216,45.83999999999991,198,102.3200000000002,6,2,10.500000000000307,24.700000000000482,0,0.0
1,A,PREY,217,51.65999999999988,204,102.3200000000002,6,2,8.550000000000304,23.65000000000048,0,0.0
1,A,PREY,218,54.599999999999866,204,102.3200000000002,6,2,15.266666666667016,23.350000000000477,0,0.0
1,A,PREY,219,42.370000000000005,202,102.3200000000002,6,2,14.700000000000339,22.45000000000048,0,0.0
1,A,PREY,220,49.24999999999992,200,102.3200000000002,6,2,35.500000000000384,24.850000000000485,0,0.0
1,A,PREY,221,57.01999999999984,207,102.3200000000002,6,2,12.72500000000035,22.300000000000477,0,0.0
1,A,PREY,222,51.1899999999999,202,102.3200000000002,6,2,14.650000000000345,24.250000000000483,0,0.0
1,A,PREY,223,37.58000000000003,191,102.3200000000002,6,2,12.475000000000312,27.100000000000488,0,0.0
1,A,PREY,224,44.87999999999996,196,102.3200000000002,6,2,11.075000000000308,25.600000000000485,0,0.0
1,A,PREY,225,46.32999999999998,198,102.3200000000002,6,2,35.283333333333665,23.50000000000048,0,0.0
1,A,PREY,226,42.91,197,102.3200000000002,6,2,10.675000000000304,25.750000000000483,0,0.0
1,A,PREY,227,36.11000000000005,191,102.3200000000002,6,2,26.875000000000266,27.40000000000049,0,0.0
1,A,PREY,228,40.499999999999964,193,102.3200000000002,6,2,18.49166666666701,26.800000000000487,0,0.0
1,A,PREY,229,58.48999999999988,207,102.3200000000002,6,2,7.675000000000303,22.45000000000048,0,0.0
1,A,PREY,230,57.529999999999845,205,102.3200000000002,6,2,8.225000000000302,22.750000000000476,0,0.0
1,A,PREY,231,44.369999999999884,198,102.3200000000002,4,2,10.487500000000306,25.15000000000048,0,0.0
1,A,PREY,232,46.80999999999982,199,102.3200000000002,6,2,10.050000000000304,24.40000000000048,0,0.0
1,A,PREY,233,43.39999999999986,197,102.3200000000002,6,2,10.750000000000307,24.700000000000482,0,0.0
1,A,PREY,234,56.54999999999987,205,102.3200000000002,6,2,8.250000000000304,22.600000000000477,0,0.0
1,A,PREY,235,59.46999999999984,207,102.3200000000002,6,2,7.700000000000299,22.45000000000048,0,0.0
1,A,PREY,236,49.249999999999936,200,102.3200000000002,6,2,23.208333333333727,24.55000000000048,0,0.0
1,A,PREY,237,64.8199999999999,211,102.3200000000002,6,2,13.091666666667017,21.100000000000474,0,0.0
1,A,PREY,238,59.47999999999986,206,102.3200000000002,5,2,7.960000000000301,35.01875000000055,1,0.0
1,A,PREY,239,62.879999999999875,209,102.3200000000002,6,2,7.125000000000303,22.150000000000475,0,0.0
1,A,PREY,240,65.3099999999999,211,102.3200000000002,6,2,19.800000000000274,21.700000000000475,0,0.0
1,A,PREY,241,67.26999999999991,211,102.3200000000002,6,2,19.908333333333715,21.250000000000476,0,0.0
1,A,PREY,242,62.87999999999991,209,102.3200000000002,6,2,19.491666666667058,22.150000000000475,0,0.0
1,A,PREY,243,65.79999999999987,211,102.3200000000002,6,2,13.066666666667006,21.400000000000475,0,0.0
1,A,PREY,244,64.8299999999999,210,102.3200000000002,6,2,6.825000000000304,22.000000000000476,0,0.0
1,A,PREY,245,57.52999999999989,205,102.3200000000002,5,2,8.290000000000301,30.95625000000053,1,0.0
1,A,PREY,246,38.04000000000003,194,102.3200000000002,6,2,24.908333333333687,26.800000000000487,0,0.0
1,A,PREY,247,41.97,193,102.3200000000002,6,2,25.23333333333372,26.500000000000487,0,0.0
1,A,PREY,248,51.19999999999991,201,102.3200000000002,6,2,21.866666666667026,24.10000000000048,0,0.0
1,A,PREY,249,67.25999999999993,212,102.3200000000002,6,2,6.375000000000302,21.250000000000476,0,0.0
1,A,PREY,250,36.57000000000002,194,102.3200000000002,6,2,18.316666666667015,26.500000000000487,0,0.0
1,B,PREDATOR,1,-1.819999999999979,162,126.22300000000018,6,2,21.200000000000333,35.950000000000465,0,0.0
1,B,PREDATOR,2,9.156666666666721,179,126.22300000000018,5,2,16.150000000000322,31.300000000000498,1,0.0
1,B,PREDATOR,3,-2.309999999999972,162,126.22300000000018,6,2,27.866666666667026,35.800000000000466,0,0.0
1,B,PREDATOR,4,-3.719999999999983,156,126.22300000000018,6,2,29.716666666667013,38.050000000000445,0,0.0
1,B,PREDATOR,5,-0.359999999999971,163,126.22300000000018,6,2,32.84166666666704,35.800000000000466,0,0.0
1,B,PREDATOR,6,-2.259999999999975,157,126.22300000000018,6,2,22.675000000000338,36.850000000000456,0,0.0
1,B,PREDATOR,7,-0.33999999999997144,161,126.22300000000018,6,2,21.425000000000335,36.40000000000046,0,0.0
1,B,PREDATOR,8,22.071666666666644,202,126.22300000000018,5,2,9.190000000000305,23.95000000000048,1,0.0
1,B,PREDATOR,9,-0.8999999999999719,168,126.22300000000018,6,2,26.100000000000325,31.900000000000492,0,0.0
1,B,PREDATOR,10,-3.249999999999968,158,126.22300000000018,6,2,22.500000000000338,37.000000000000455,0,0.0
1,B,PREDATOR,11,-4.219999999999976,157,126.22300000000018,6,2,22.725000000000335,37.60000000000045,0,0.0
1,B,PREDATOR,12,3.5600000000000325,163,126.22300000000018,6,2,21.00000000000033,35.65000000000047,0,0.0
1,B,PREDATOR,13,-1.3099999999999703,160,126.22300000000018,6,2,21.75000000000033,36.70000000000046,0,0.0
1,B,PREDATOR,14,28.736666666666743,218,126.22300000000018,5,2,20.36000000000043,18.70000000000047,1,0.0
1,B,PREDATOR,15,2.5700000000000305,164,126.22300000000018,6,2,27.26666666666702,35.50000000000047,0,0.0
1,B,PREDATOR,16,4.5100000000000335,166,126.22300000000018,6,2,40.34166666666703,35.05000000000047,0,0.0
1,B,PREDATOR,17,1.120000000000033,162,126.22300000000018,6,2,33.36666666666704,35.950000000000465,0,0.0
1,B,PREDATOR,18,4.490000000000034,168,126.22300000000018,6,2,19.425000000000328,34.15000000000048,0,0.0
1,B,PREDATOR,19,2.120000000000033,160,126.22300000000018,6,2,21.700000000000333,36.70000000000046,0,0.0
1,B,PREDATOR,20,2.5900000000000265,162,126.22300000000018,6,2,27.741666666667026,36.25000000000046,0,0.0
1,B,PREDATOR,21,29.821666666666722,211,126.22300000000018,5,2,22.46000000000036,21.550000000000473,1,0.0
1,B,PREDATOR,22,4.980000000000034,168,126.22300000000018,6,2,19.50000000000033,34.30000000000048,0,0.0
1,B,PREDATOR,23,7.430000000000009,168,126.22300000000018,6,2,19.45000000000033,34.30000000000048,0,0.0
1,B,PREDATOR,24,3.550000000000031,164,126.22300000000018,6,2,27.241666666667015,35.800000000000466,0,0.0
1,B,PREDATOR,25,3.070000000000036,163,126.22300000000018,6,2,27.666666666667023,35.800000000000466,0,0.0
1,B,PREDATOR,26,3.050000000000029,165,126.22300000000018,6,2,25.900000000000347,35.20000000000047,0,0.0
1,B,PREDATOR,27,4.420000000000034,175,126.22300000000018,6,2,37.250000000000405,32.0500000000005,0,0.0
1,B,PREDATOR,28,-0.33999999999996966,161,126.22300000000018,6,2,34.8083333333337,36.40000000000046,0,0.0
1,B,PREDATOR,29,6.450000000000033,168,126.22300000000018,6,2,26.11666666666702,34.15000000000048,0,0.0
1,B,PREDATOR,30,6.830000000000014,179,126.22300000000018,4,2,16.18750000000032,31.150000000000496,0,0.0
1,B,PREDATOR,31,7.370000000000017,174,126.22300000000018,6,2,22.75000000000035,32.5000000000005,0,0.0
1,B,PREDATOR,32,9.379999999999994,169,126.22300000000018,6,2,32.33333333333371,33.700000000000486,0,0.0
1,B,PREDATOR,33,7.43000000000003,168,126.22300000000018,6,2,25.800000000000338,34.15000000000048,0,0.0
1,B,PREDATOR,34,8.900000000000007,168,126.22300000000018,6,2,19.35000000000033,34.15000000000048,0,0.0
1,B,PREDATOR,35,7.800000000000022,180,126.22300000000018,6,2,29.108333333333718,30.700000000000497,0,0.0
1,B,PREDATOR,36,6.430000000000005,170,126.22300000000018,6,2,32.10833333333371,33.700000000000486,0,0.0
1,B,PREDATOR,37,5.480000000000034,167,126.22300000000018,6,2,39.6750000000004,34.45000000000048,0,0.0
1,B,PREDATOR,38,6.440000000000039,169,126.22300000000018,6,2,37.88333333333372,34.00000000000048,0,0.0
1,B,PREDATOR,39,14.209999999999992,176,126.22300000000018,6,2,17.000000000000316,31.750000000000497,0,0.0
1,B,PREDATOR,40,5.490000000000034,166,126.22300000000018,6,2,36.71666666666699,34.750000000000476,0,0.0
1,B,PREDATOR,41,9.839999999999987,172,126.22300000000018,6,2,23.950000000000344,32.800000000000495,0,0.0
1,B,PREDATOR,42,10.340000000000016,171,126.22300000000018,6,2,24.916666666667002,33.700000000000486,0,0.0
1,B,PREDATOR,43,14.21999999999994,175,126.22300000000018,6,2,17.175000000000324,32.050000000000495,0,0.0
1,B,PREDATOR,44,11.729999999999988,179,126.22300000000018,6,2,22.691666666667018,31.000000000000497,0,0.0
1,B,PREDATOR,45,41.39666666666669,222,126.22300000000018,5,2,11.100000000000373,17.950000000000465,1,0.0
1,B,PREDATOR,46,9.839999999999952,172,126.22300000000018,6,2,18.200000000000326,32.650000000000496,0,0.0
1,B,PREDATOR,47,34.854166666666686,209,126.22300000000018,5,2,15.120000000000323,22.150000000000475,1,0.0
1,B,PREDATOR,48,33.591666666666725,215,126.22300000000018,5,2,5.2300000000003,19.75000000000047,1,0.0
1,B,PREDATOR,49,15.169999999999954,178,126.22300000000018,6,2,16.450000000000323,31.300000000000498,0,0.0
1,B,PREDATOR,50,10.839999999999991,170,126.22300000000018,6,2,26.950000000000326,33.700000000000486,0,0.0
1,B,PREDATOR,51,10.329999999999986,172,126.22300000000018,6,2,18.275000000000325,32.3500000000005,0,0.0
1,B,PREDATOR,52,10.349999999999971,170,126.22300000000018,6,2,18.57500000000033,34.00000000000048,0,0.0
1,B,PREDATOR,53,14.229999999999992,174,126.22300000000018,6,2,17.675000000000324,32.800000000000495,0,0.0
1,B,PREDATOR,54,19.069999999999922,180,126.22300000000018,6,2,22.491666666667015,30.400000000000496,0,0.0
1,B,PREDATOR,55,18.569999999999954,181,126.22300000000018,6,2,28.8583333333337,29.950000000000493,0,0.0
1,B,PREDATOR,56,10.759999999999957,178,126.22300000000018,6,2,23.01666666666702,31.150000000000496,0,0.0
1,B,PREDATOR,57,11.289999999999926,174,126.22300000000018,6,2,24.100000000000335,32.650000000000496,0,0.0
1,B,PREDATOR,58,19.039999999999942,183,126.22300000000018,6,2,21.441666666667015,29.800000000000495,0,0.0
1,B,PREDATOR,59,14.229999999999997,174,126.22300000000018,6,2,17.750000000000323,32.800000000000495,0,0.0
1,B,PREDATOR,60,9.389999999999963,168,126.22300000000018,6,2,25.89166666666701,34.45000000000048,0,0.0
1,B,PREDATOR,61,9.299999999999956,177,126.22300000000018,6,2,16.67500000000032,31.6000000000005,0,0.0
1,B,PREDATOR,62,16.139999999999944,179,126.22300000000018,6,2,29.433333333333717,30.550000000000495,0,0.0
1,B,PREDATOR,63,13.699999999999973,178,126.22300000000018,6,2,16.350000000000325,31.000000000000497,0,0.0
1,B,PREDATOR,64,60.00416666666664,242,126.22300000000018,2,2,36.95000000000045,11.950000000000452,1,0.0
1,B,PREDATOR,65,16.139999999999958,179,126.22300000000018,6,2,16.10000000000032,31.150000000000496,0,0.0
1,B,PREDATOR,66,16.63999999999998,178,126.22300000000018,6,2,28.591666666667027,31.150000000000496,0,0.0
1,B,PREDATOR,67,24.909999999999975,184,126.22300000000018,6,2,19.750000000000345,29.650000000000496,0,0.0
1,B,PREDATOR,68,13.169999999999964,182,126.22300000000018,6,2,28.36666666666703,30.100000000000495,0,0.0
1,B,PREDATOR,69,17.159999999999947,175,126.22300000000018,6,2,24.016666666667017,32.3500000000005,0,0.0
1,B,PREDATOR,70,16.62999999999993,179,126.22300000000018,6,2,22.81666666666699,30.550000000000495,0,0.0
1,B,PREDATOR,71,20.989999999999924,184,126.22300000000018,6,2,20.600000000000346,29.050000000000495,0,0.0
1,B,PREDATOR,72,33.679166666666774,200,126.22300000000018,5,2,25.59000000000039,24.700000000000482,1,0.0
1,B,PREDATOR,73,17.579999999999913,182,126.22300000000018,6,2,14.62500000000031,29.800000000000495,0,0.0
1,B,PREDATOR,74,12.269999999999916,174,126.22300000000018,6,2,24.341666666667013,32.2000000000005,0,0.0
1,B,PREDATOR,75,19.07999999999992,179,126.22300000000018,6,2,16.05000000000032,30.550000000000495,0,0.0
1,B,PREDATOR,76,15.20999999999995,174,126.22300000000018,6,2,17.575000000000326,32.3500000000005,0,0.0
1,B,PREDATOR,77,40.03666666666672,207,126.22300000000018,5,2,15.690000000000358,22.45000000000048,1,0.0
1,B,PREDATOR,78,18.04999999999994,184,126.22300000000018,6,2,21.166666666667016,29.650000000000496,0,0.0
1,B,PREDATOR,79,25.330000000000048,191,126.22300000000018,6,2,12.600000000000314,27.100000000000488,0,0.0
1,B,PREDATOR,80,19.059999999999906,181,126.22300000000018,6,2,22.216666666667013,30.400000000000496,0,0.0
1,B,PREDATOR,81,48.79416666666674,226,126.22300000000018,5,2,9.900000000000343,16.750000000000462,1,0.0
1,B,PREDATOR,82,15.14999999999993,180,126.22300000000018,5,2,15.820000000000316,43.25000000000052,1,0.0
1,B,PREDATOR,83,7.4199999999999715,169,126.22300000000018,6,2,39.0250000000004,34.00000000000048,0,0.0
1,B,PREDATOR,84,4.5000000000000355,167,126.22300000000018,6,2,24.87500000000035,33.10000000000049,0,0.0
1,B,PREDATOR,85,13.209999999999935,178,126.22300000000018,6,2,29.683333333333717,31.150000000000496,0,0.0
1,B,PREDATOR,86,21.509999999999952,181,126.22300000000018,6,2,28.533333333333715,30.250000000000497,0,0.0
1,B,PREDATOR,87,18.06999999999993,182,126.22300000000018,6,2,15.200000000000315,29.800000000000495,0,0.0
1,B,PREDATOR,88,15.669999999999947,177,126.22300000000018,6,2,23.291666666667016,31.4500000000005,0,0.0
1,B,PREDATOR,89,20.49999999999993,184,126.22300000000018,6,2,27.958333333333698,29.35000000000049,0,0.0
1,B,PREDATOR,90,29.219999999999963,194,126.22300000000018,5,2,11.53000000000031,33.67500000000053,1,0.0
1,B,PREDATOR,91,33.61999999999991,195,126.22300000000018,6,2,18.04166666666698,26.350000000000485,0,0.0
1,B,PREDATOR,92,27.27999999999996,192,126.22300000000018,6,2,23.866666666667054,26.800000000000487,0,0.0
1,B,PREDATOR,93,29.269999999999957,189,126.22300000000018,6,2,26.458333333333698,27.70000000000049,0,0.0
1,B,PREDATOR,94,21.94999999999994,186,126.22300000000018,6,2,20.09166666666701,28.75000000000049,0,0.0
1,B,PREDATOR,95,26.31999999999992,190,126.22300000000018,6,2,26.00833333333372,27.85000000000049,0,0.0
1,B,PREDATOR,96,20.979999999999926,185,126.22300000000018,6,2,14.375000000000314,29.35000000000049,0,0.0
1,B,PREDATOR,97,21.429999999999907,189,126.22300000000018,6,2,13.000000000000313,27.25000000000049,0,0.0
1,B,PREDATOR,98,11.789999999999948,173,126.22300000000018,6,2,17.875000000000323,32.650000000000496,0,0.0
1,B,PREDATOR,99,13.709999999999887,177,126.22300000000018,5,2,32.540000000000376,39.550000000000495,1,0.0
1,B,PREDATOR,100,22.94999999999999,184,126.22300000000018,6,2,28.033333333333715,29.800000000000495,0,0.0
1,B,PREDATOR,101,18.589999999999947,179,126.22300000000018,6,2,16.17500000000032,30.8500000000005,0,0.0
1,B,PREDATOR,102,23.94000000000004,183,126.22300000000018,6,2,14.97500000000032,29.950000000000493,0,0.0
1,B,PREDATOR,103,28.74,193,126.22300000000018,6,2,18.466666666666978,26.800000000000487,0,0.0
1,B,PREDATOR,104,23.420000000000037,186,126.22300000000018,6,2,27.233333333333704,28.75000000000049,0,0.0
1,B,PREDATOR,105,20.00999999999989,184,126.22300000000018,6,2,14.400000000000317,29.500000000000494,0,0.0
1,B,PREDATOR,106,14.179999999999884,179,126.22300000000018,6,2,29.433333333333717,31.300000000000498,0,0.0
1,B,PREDATOR,107,33.13999999999998,194,126.22300000000018,3,2,11.70000000000031,34.90000000000051,1,0.0
1,B,PREDATOR,108,31.689999999999927,192,126.22300000000018,6,2,18.62500000000033,26.950000000000486,0,0.0
1,B,PREDATOR,109,31.699999999999953,191,126.22300000000018,6,2,12.625000000000313,27.40000000000049,0,0.0
1,B,PREDATOR,110,36.55999999999992,195,126.22300000000018,6,2,16.87500000000034,26.350000000000485,0,0.0
1,B,PREDATOR,111,26.82999999999994,188,126.22300000000018,6,2,13.350000000000316,28.15000000000049,0,0.0
1,B,PREDATOR,112,34.55999999999996,199,126.22300000000018,6,2,16.691666666667015,24.55000000000048,0,0.0
1,B,PREDATOR,113,36.46999999999997,204,126.22300000000018,6,2,18.700000000000284,23.65000000000048,0,0.0
1,B,PREDATOR,114,31.74916666666678,204,126.22300000000018,5,2,16.59000000000032,23.20000000000048,1,0.0
1,B,PREDATOR,115,34.11999999999995,194,126.22300000000018,6,2,11.70000000000031,26.500000000000487,0,0.0
1,B,PREDATOR,116,39.929999999999936,201,126.22300000000018,6,2,16.166666666667016,24.10000000000048,0,0.0
1,B,PREDATOR,117,29.689999999999948,196,126.22300000000018,6,2,17.691666666667018,25.750000000000483,0,0.0
1,B,PREDATOR,118,25.869999999999987,186,126.22300000000018,6,2,20.541666666667016,28.900000000000492,0,0.0
1,B,PREDATOR,119,26.830000000000027,188,126.22300000000018,5,2,13.420000000000314,39.48750000000053,1,0.0
1,B,PREDATOR,120,36.51999999999999,199,126.22300000000018,6,2,16.691666666667004,25.000000000000483,0,0.0
1,B,PREDATOR,121,30.699999999999967,193,126.22300000000018,6,2,11.950000000000308,26.950000000000486,0,0.0
1,B,PREDATOR,122,46.73999999999991,206,126.22300000000018,6,2,20.000000000000373,22.600000000000477,0,0.0
1,B,PREDATOR,123,43.359999999999914,201,126.22300000000018,6,2,29.500000000000394,23.95000000000048,0,0.0
1,B,PREDATOR,124,34.570000000000036,198,126.22300000000018,6,2,17.116666666666976,25.450000000000486,0,0.0
1,B,PREDATOR,125,37.88999999999992,209,126.22300000000018,6,2,31.958333333333695,21.100000000000474,0,0.0
1,B,PREDATOR,126,46.23999999999988,207,126.22300000000018,6,2,7.675000000000299,22.150000000000475,0,0.0
1,B,PREDATOR,127,32.200000000000045,190,126.22300000000018,6,2,32.24166666666695,27.40000000000049,0,0.0
1,B,PREDATOR,128,35.08999999999996,195,126.22300000000018,6,2,24.53333333333369,25.900000000000485,0,0.0
1,B,PREDATOR,129,29.730000000000018,192,126.22300000000018,6,2,12.17500000000031,26.800000000000487,0,0.0
1,B,PREDATOR,130,27.80000000000002,189,126.22300000000018,6,2,13.150000000000311,28.00000000000049,0,0.0
1,B,PREDATOR,131,27.300000000000033,190,126.22300000000018,4,2,12.925000000000313,27.550000000000487,0,0.0
1,B,PREDATOR,132,35.56999999999998,196,126.22300000000018,6,2,17.691666666667018,26.050000000000487,0,0.0
1,B,PREDATOR,133,30.25000000000003,189,126.22300000000018,6,2,13.075000000000308,28.00000000000049,0,0.0
1,B,PREDATOR,134,28.760000000000026,191,126.22300000000018,6,2,24.741666666667047,26.65000000000049,0,0.0
1,B,PREDATOR,135,25.82000000000002,191,126.22300000000018,6,2,19.141666666667003,27.100000000000488,0,0.0
1,B,PREDATOR,136,36.04999999999998,197,126.22300000000018,6,2,17.441666666667018,25.300000000000484,0,0.0
1,B,PREDATOR,137,27.78,191,126.22300000000018,6,2,19.11666666666702,27.550000000000487,0,0.0
1,B,PREDATOR,138,31.190000000000033,193,126.22300000000018,6,2,18.475000000000332,26.350000000000485,0,0.0
1,B,PREDATOR,139,23.900000000000013,187,126.22300000000018,6,2,13.825000000000315,28.30000000000049,0,0.0
1,B,PREDATOR,140,31.670000000000012,194,126.22300000000018,6,2,18.391666666667014,26.500000000000487,0,0.0
1,B,PREDATOR,141,29.230000000000054,193,126.22300000000018,6,2,36.10833333333365,27.100000000000488,0,0.0
1,B,PREDATOR,142,28.76000000000004,191,126.22300000000018,6,2,12.600000000000314,27.550000000000487,0,0.0
1,B,PREDATOR,143,31.68000000000002,193,126.22300000000018,6,2,18.466666666667006,26.350000000000485,0,0.0
1,B,PREDATOR,144,29.720000000000034,193,126.22300000000018,6,2,11.95000000000031,27.100000000000488,0,0.0
1,B,PREDATOR,145,24.850000000000037,190,126.22300000000018,5,2,12.880000000000313,35.950000000000514,1,0.0
1,B,PREDATOR,146,44.309999999999924,204,126.22300000000018,6,2,15.166666666667012,23.50000000000048,0,0.0
1,B,PREDATOR,147,40.38999999999994,204,126.22300000000018,6,2,21.683333333333724,23.05000000000048,0,0.0
1,B,PREDATOR,148,43.769999999999925,209,126.22300000000018,6,2,19.49166666666703,22.000000000000476,0,0.0
1,B,PREDATOR,149,41.39999999999995,201,126.22300000000018,6,2,9.550000000000304,24.10000000000048,0,0.0
1,B,PREDATOR,150,39.92999999999995,201,126.22300000000018,6,2,22.733333333333718,23.50000000000048,0,0.0
1,B,PREDATOR,151,47.69999999999992,208,126.22300000000018,6,2,33.70000000000042,22.000000000000476,0,0.0
1,B,PREDATOR,152,35.57000000000003,196,126.22300000000018,6,2,10.975000000000307,25.900000000000485,0,0.0
1,B,PREDATOR,153,30.26000000000002,188,126.22300000000018,6,2,26.783333333333704,28.30000000000049,0,0.0
1,B,PREDATOR,154,46.639999999999944,216,126.22300000000018,6,2,5.025000000000304,19.90000000000047,0,0.0
1,B,PREDATOR,155,49.119999999999905,213,126.22300000000018,6,2,12.591666666666974,20.800000000000473,0,0.0
1,B,PREDATOR,156,40.43999999999993,199,126.22300000000018,6,2,16.891666666666996,25.000000000000483,0,0.0
1,B,PREDATOR,157,53.999999999999865,215,126.22300000000018,6,2,5.275000000000303,20.050000000000473,0,0.0
1,B,PREDATOR,158,49.63999999999991,210,126.22300000000018,6,2,13.491666666667003,21.550000000000473,0,0.0
1,B,PREDATOR,159,37.91999999999993,206,126.22300000000018,6,2,26.70833333333374,22.750000000000476,0,0.0
1,B,PREDATOR,160,44.799999999999905,204,126.22300000000018,6,2,21.93333333333368,23.20000000000048,0,0.0
1,B,PREDATOR,161,52.53999999999989,214,126.22300000000018,6,2,18.95833333333367,20.200000000000472,0,0.0
1,B,PREDATOR,162,43.8099999999999,205,126.22300000000018,6,2,20.16666666666706,23.50000000000048,0,0.0
1,B,PREDATOR,163,29.750000000000032,190,126.22300000000018,6,2,19.541666666667016,28.00000000000049,0,0.0
1,B,PREDATOR,164,35.00000000000002,204,126.22300000000018,6,2,15.316666666667004,23.65000000000048,0,0.0
1,B,PREDATOR,165,36.51,200,126.22300000000018,6,2,16.416666666667016,25.000000000000483,0,0.0
1,B,PREDATOR,166,38.95999999999999,200,126.22300000000018,6,2,9.700000000000307,25.000000000000483,0,0.0
1,B,PREDATOR,167,76.59666666666656,245,126.22300000000018,1,2,36.20000000000063,11.20000000000045,1,0.0
1,B,PREDATOR,168,80.36166666666666,257,126.22300000000018,3,2,44.85000000000068,7.1500000000004444,1,0.0
1,B,PREDATOR,169,48.69999999999989,206,126.22300000000018,6,2,14.325000000000335,23.20000000000048,0,0.0
1,B,PREDATOR,170,42.35999999999997,203,126.22300000000018,6,2,8.800000000000301,23.80000000000048,0,0.0
1,B,PREDATOR,171,72.85666666666636,242,126.22300000000018,1,2,37.250000000000696,11.800000000000452,1,0.0
1,B,PREDATOR,172,38.45999999999999,201,126.22300000000018,6,2,9.525000000000302,24.250000000000483,0,0.0
1,B,PREDATOR,173,40.379999999999995,205,126.22300000000018,6,2,14.966666666666981,22.900000000000478,0,0.0
1,B,PREDATOR,174,43.29999999999997,207,126.22300000000018,6,2,19.641666666667046,22.750000000000476,0,0.0
1,B,PREDATOR,175,37.03,197,126.22300000000018,6,2,35.7333333333337,25.15000000000048,0,0.0
1,B,PREDATOR,176,37.98000000000001,200,126.22300000000018,6,2,9.850000000000305,24.55000000000048,0,0.0
1,B,PREDATOR,177,42.83999999999999,204,126.22300000000018,6,2,8.625000000000302,23.50000000000048,0,0.0
1,B,PREDATOR,178,39.41999999999997,203,126.22300000000018,6,2,8.850000000000305,23.80000000000048,0,0.0
1,B,PREDATOR,179,44.74999999999994,209,126.22300000000018,6,2,7.0250000000003014,21.250000000000476,0,0.0
1,B,PREDATOR,180,54.469999999999885,217,126.22300000000018,6,2,4.825000000000304,19.75000000000047,0,0.0
1,B,PREDATOR,181,35.04000000000003,200,126.22300000000018,6,2,9.875000000000307,24.850000000000485,0,0.0
1,B,PREDATOR,182,43.75999999999996,210,126.22300000000018,6,2,6.700000000000304,22.000000000000476,0,0.0
1,B,PREDATOR,183,53.47999999999987,218,126.22300000000018,6,2,11.09166666666699,19.30000000000047,0,0.0
1,B,PREDATOR,184,47.20999999999993,208,126.22300000000018,6,2,7.400000000000296,22.300000000000477,0,0.0
1,B,PREDATOR,185,41.37999999999985,203,126.22300000000018,6,2,8.850000000000302,23.65000000000048,0,0.0
1,B,PREDATOR,186,46.73999999999995,206,126.22300000000018,6,2,8.100000000000302,22.900000000000478,0,0.0
1,B,PREDATOR,187,51.559999999999896,214,126.22300000000018,6,2,18.83333333333371,20.35000000000047,0,0.0
1,B,PREDATOR,188,49.14999999999987,210,126.22300000000018,6,2,6.775000000000304,21.400000000000475,0,0.0
1,B,PREDATOR,189,53.51999999999987,214,126.22300000000018,6,2,24.25833333333378,20.500000000000473,0,0.0
1,B,PREDATOR,190,52.05999999999988,213,126.22300000000018,6,2,17.475000000000293,20.500000000000473,0,0.0
1,B,PREDATOR,191,55.46999999999984,215,126.22300000000018,6,2,5.4000000000003014,20.050000000000473,0,0.0
1,B,PREDATOR,192,40.44999999999997,198,126.22300000000018,6,2,30.216666666666956,25.300000000000484,0,0.0
1,B,PREDATOR,193,45.259999999999906,207,126.22300000000018,6,2,16.67500000000031,22.300000000000477,0,0.0
1,B,PREDATOR,194,56.40999999999986,219,126.22300000000018,6,2,10.766666666667023,18.550000000000466,0,0.0
1,B,PREDATOR,195,55.92999999999987,218,126.22300000000018,6,2,4.425000000000302,18.550000000000466,0,0.0
1,B,PREDATOR,196,87.70916666666666,262,126.22300000000018,1,2,31.10000000000038,5.6500000000004444,1,0.0
1,B,PREDATOR,197,61.769999999999875,222,126.22300000000018,6,2,9.766666666667026,17.500000000000465,0,0.0
1,B,PREDATOR,198,52.05999999999989,213,126.22300000000018,6,2,12.516666666666978,20.800000000000473,0,0.0
1,B,PREDATOR,199,49.11999999999995,213,126.22300000000018,6,2,12.225000000000342,20.500000000000473,0,0.0
1,B,PREDATOR,200,45.22999999999996,210,126.22300000000018,6,2,13.416666666666984,21.850000000000477,0,0.0
1,B,PREDATOR,201,54.46999999999987,217,126.22300000000018,6,2,11.291666666667004,19.60000000000047,0,0.0
1,B,PREDATOR,202,44.259999999999955,209,126.22300000000018,6,2,7.000000000000302,21.700000000000475,0,0.0
1,B,PREDATOR,203,41.86999999999999,203,126.22300000000018,6,2,8.925000000000303,23.50000000000048,0,0.0
1,B,PREDATOR,204,37.51000000000003,198,126.22300000000018,5,2,18.330000000000332,34.9000000000005,1,0.0
1,B,PREDATOR,205,62.61999999999994,235,126.22300000000018,2,2,39.125000000000504,14.050000000000457,0,0.0
1,B,PREDATOR,206,64.20999999999991,223,126.22300000000018,6,2,16.183333333333692,17.800000000000466,0,0.0
1,B,PREDATOR,207,44.80999999999997,203,126.22300000000018,6,2,15.566666666667011,23.95000000000048,0,0.0
1,B,PREDATOR,208,37.529999999999966,196,126.22300000000018,6,2,23.59166666666705,26.050000000000487,0,0.0
1,B,PREDATOR,209,67.12999999999994,225,126.22300000000018,6,2,28.991666666667054,17.050000000000466,0,0.0
1,B,PREDATOR,210,54.94999999999987,218,126.22300000000018,6,2,4.450000000000304,19.450000000000472,0,0.0
1,B,PREDATOR,211,66.13999999999989,226,126.22300000000018,6,2,15.308333333333744,17.050000000000466,0,0.0
1,B,PREDATOR,212,53.50999999999988,215,126.22300000000018,6,2,5.125000000000296,20.050000000000473,0,0.0
1,B,PREDATOR,213,50.54999999999995,217,126.22300000000018,6,2,24.57500000000039,19.75000000000047,0,0.0
1,B,PREDATOR,214,45.74999999999998,207,126.22300000000018,6,2,26.916666666666973,22.150000000000475,0,0.0
1,B,PREDATOR,215,44.74999999999998,209,126.22300000000018,6,2,13.641666666666987,21.700000000000475,0,0.0
1,B,PREDATOR,216,70.50999999999986,230,126.22300000000018,6,2,0.6500000000003027,15.700000000000461,0,0.0
1,B,PREDATOR,217,62.25999999999987,222,126.22300000000018,6,2,9.791666666666973,17.800000000000466,0,0.0
1,B,PREDATOR,218,65.13999999999989,228,126.22300000000018,6,2,8.166666666667014,16.000000000000462,0,0.0
1,B,PREDATOR,219,67.60999999999991,226,126.22300000000018,6,2,22.07500000000036,16.750000000000462,0,0.0
1,B,PREDATOR,220,67.11999999999989,226,126.22300000000018,6,2,15.28333333333375,16.750000000000462,0,0.0
1,B,PREDATOR,221,64.1999999999999,224,126.22300000000018,6,2,2.300000000000301,16.000000000000462,0,0.0
1,B,PREDATOR,222,53.8999999999998,225,126.22300000000018,6,2,8.791666666667014,16.900000000000464,0,0.0
1,B,PREDATOR,223,55.93999999999992,217,126.22300000000018,6,2,4.625000000000302,19.00000000000047,0,0.0
1,B,PREDATOR,224,65.18999999999991,223,126.22300000000018,6,2,2.975000000000303,17.050000000000466,0,0.0
1,B,PREDATOR,225,44.25999999999996,209,126.22300000000018,6,2,6.700000000000302,22.000000000000476,0,0.0
1,B,PREDATOR,226,48.619999999999905,214,126.22300000000018,6,2,12.11666666666702,20.35000000000047,0,0.0
1,B,PREDATOR,227,40.840000000000025,208,126.22300000000018,6,2,20.66666666666705,22.300000000000477,0,0.0
1,B,PREDATOR,228,41.84,206,126.22300000000018,6,2,14.591666666667011,22.900000000000478,0,0.0
1,B,PREDATOR,229,36.53000000000006,198,126.22300000000018,6,2,10.325000000000308,25.15000000000048,0,0.0
1,B,PREDATOR,230,42.86,202,126.22300000000018,6,2,9.225000000000305,24.10000000000048,0,0.0
1,B,PREDATOR,231,50.57999999999995,214,126.22300000000018,6,2,5.350000000000304,20.35000000000047,0,0.0
1,B,PREDATOR,232,47.20999999999997,208,126.22300000000018,4,2,7.300000000000303,22.000000000000476,0,0.0
1,B,PREDATOR,233,23.910000000000103,186,126.22300000000018,6,2,13.850000000000316,28.900000000000492,0,0.0
1,B,PREDATOR,234,60.33999999999971,218,126.22300000000018,6,2,16.150000000000293,19.30000000000047,0,0.0
1,B,PREDATOR,235,70.52999999999992,228,126.22300000000018,6,2,1.3750000000003035,16.300000000000463,0,0.0
1,B,PREDATOR,236,41.86999999999999,203,126.22300000000018,6,2,22.30833333333368,23.50000000000048,0,0.0
1,B,PREDATOR,237,90.5866666666665,267,126.22300000000018,0,2,0.0,4.450000000000445,1,0.0
1,B,PREDATOR,238,71.47999999999995,231,126.22300000000018,6,2,7.116666666666976,15.10000000000046,0,0.0
1,B,PREDATOR,239,73.41999999999994,233,126.22300000000018,2,2,19.800000000000477,14.500000000000458,0,0.0
1,B,PREDATOR,240,74.39999999999995,233,126.22300000000018,3,2,24.68333333333386,14.350000000000458,0,0.0
1,B,PREDATOR,241,74.33999999999992,239,126.22300000000018,0,2,0.0,12.850000000000454,0,0.0
1,B,PREDATOR,242,66.61999999999992,227,126.22300000000018,6,2,1.650000000000306,16.15000000000046,0,0.0
1,B,PREDATOR,243,69.06999999999988,227,126.22300000000018,6,2,21.57500000000043,16.000000000000462,0,0.0
1,B,PREDATOR,244,82.42666666666652,250,126.22300000000018,2,2,34.775000000000645,9.700000000000447,1,0.0
1,B,PREDATOR,245,63.73999999999996,221,126.22300000000018,6,2,3.4500000000003035,18.400000000000468,0,0.0
1,B,PREDATOR,246,70.02999999999993,229,126.22300000000018,6,2,1.1250000000003058,15.850000000000461,0,0.0
1,B,PREDATOR,247,70.01999999999991,230,126.22300000000018,6,2,6.050000000000356,13.900000000000457,0,0.0
1,B,PREDATOR,248,80.20999999999997,240,126.22300000000018,1,2,37.55000000000065,11.950000000000452,0,0.0
1,B,PREDATOR,249,63.25999999999986,220,126.22300000000018,6,2,9.900000000000341,18.70000000000047,0,0.0
1,B,PREDATOR,250,66.60999999999987,228,126.22300000000018,6,2,1.2250000000003052,15.850000000000461,0,0.0
2,A,PREY,1,-4.3399999999999785,169,38.37000000000014,6,2,25.79166666666701,33.850000000000485,0,0.0
2,A,PREY,2,-6.289999999999993,168,38.37000000000014,6,2,19.500000000000327,34.45000000000048,0,0.0
2,A,PREY,3,-3.3399999999999785,167,38.37000000000014,6,2,26.241666666667015,34.900000000000475,0,0.0
2,A,PREY,4,-4.789999999999985,165,38.37000000000014,6,2,35.391666666667014,35.35000000000047,0,0.0
2,A,PREY,5,-5.7799999999999905,166,38.37000000000014,6,2,19.95000000000033,34.750000000000476,0,0.0
2,A,PREY,6,-2.379999999999967,169,38.37000000000014,6,2,19.075000000000326,33.850000000000485,0,0.0
2,A,PREY,7,1.0400000000000293,170,38.37000000000014,6,2,32.10833333333368,33.700000000000486,0,0.0
2,A,PREY,8,0.07000000000002693,169,38.37000000000014,6,2,37.11666666666696,34.00000000000048,0,0.0
2,A,PREY,9,1.0400000000000347,170,38.37000000000014,6,2,25.416666666667016,33.10000000000049,0,0.0
2,A,PREY,10,1.0400000000000276,170,38.37000000000014,6,2,31.766666666667035,33.700000000000486,0,0.0
2,A,PREY,11,-10.01,1,38.37000000000014,6,2,69.7,92.35,1,0.0
2,A,PREY,12,1.5000000000000338,173,38.37000000000014,6,2,17.925000000000324,32.95000000000049,0,0.0
2,A,PREY,13,0.04000000000002757,172,38.37000000000014,6,2,18.125000000000327,32.95000000000049,0,0.0
2,A,PREY,14,0.5500000000000274,170,38.37000000000014,6,2,24.450000000000344,34.00000000000048,0,0.0
2,A,PREY,15,0.05000000000003446,171,38.37000000000014,6,2,18.450000000000326,33.55000000000049,0,0.0
2,A,PREY,16,-1.369999999999969,166,38.37000000000014,6,2,19.95000000000033,34.750000000000476,0,0.0
2,A,PREY,17,-1.8699999999999743,167,38.37000000000014,6,2,26.441666666667015,34.30000000000048,0,0.0
2,A,PREY,18,3.950000000000035,173,38.37000000000014,5,2,17.980000000000324,45.031250000000504,1,0.0
2,A,PREY,19,4.460000000000035,171,38.37000000000014,6,2,25.191666666667018,32.95000000000049,0,0.0
2,A,PREY,20,-0.41999999999996795,169,38.37000000000014,6,2,18.97500000000033,34.30000000000048,0,0.0
2,A,PREY,21,2.470000000000031,174,38.37000000000014,6,2,24.24166666666702,32.5000000000005,0,0.0
2,A,PREY,22,6.880000000000015,174,38.37000000000014,6,2,24.291666666667016,32.2000000000005,0,0.0
2,A,PREY,23,2.990000000000034,171,38.37000000000014,6,2,31.90833333333369,33.25000000000049,0,0.0
2,A,PREY,24,1.5300000000000349,170,38.37000000000014,6,2,41.25000000000026,33.40000000000049,0,0.0
2,A,PREY,25,0.08000000000002849,168,38.37000000000014,6,2,26.041666666667016,33.55000000000049,0,0.0
2,A,PREY,26,4.450000000000037,172,38.37000000000014,6,2,31.483333333333718,32.650000000000496,0,0.0
2,A,PREY,27,5.910000000000036,173,38.37000000000014,6,2,17.875000000000323,31.9000000000005,0,0.0
2,A,PREY,28,-0.4199999999999715,169,38.37000000000014,6,2,19.12500000000033,34.30000000000048,0,0.0
2,A,PREY,29,8.849999999999996,173,38.37000000000014,6,2,17.85000000000032,33.10000000000049,0,0.0
2,A,PREY,30,4.940000000000033,172,38.37000000000014,6,2,31.608333333333714,33.25000000000049,0,0.0
2,A,PREY,31,2.4900000000000375,172,38.37000000000014,6,2,31.583333333333695,32.95000000000049,0,0.0
2,A,PREY,32,12.709999999999974,179,38.37000000000014,6,2,22.791666666667002,31.300000000000498,0,0.0
2,A,PREY,33,9.799999999999981,176,38.37000000000014,6,2,16.95000000000032,31.9000000000005,0,0.0
2,A,PREY,34,14.179999999999962,179,38.37000000000014,6,2,22.816666666667018,31.150000000000496,0,0.0
2,A,PREY,35,6.390000000000013,174,38.37000000000014,6,2,29.86666666666704,32.2000000000005,0,0.0
2,A,PREY,36,5.910000000000039,173,38.37000000000014,6,2,17.925000000000328,32.800000000000495,0,0.0
2,A,PREY,37,2.0100000000000335,171,38.37000000000014,6,2,25.091666666666995,32.800000000000495,0,0.0
2,A,PREY,38,9.319999999999986,175,38.37000000000014,6,2,29.825000000000276,32.2000000000005,0,0.0
2,A,PREY,39,7.860000000000008,174,38.37000000000014,6,2,17.575000000000326,32.3500000000005,0,0.0
2,A,PREY,40,9.310000000000002,176,38.37000000000014,6,2,30.408333333333715,32.0500000000005,0,0.0
2,A,PREY,41,5.920000000000037,172,38.37000000000014,6,2,18.275000000000325,33.10000000000049,0,0.0
2,A,PREY,42,2.5000000000000355,171,38.37000000000014,6,2,31.441666666667015,33.25000000000049,0,0.0
2,A,PREY,43,10.709999999999978,183,38.37000000000014,6,2,21.666666666667016,29.950000000000493,0,0.0
2,A,PREY,44,9.809999999999986,175,38.37000000000014,6,2,23.941666666667015,31.750000000000497,0,0.0
2,A,PREY,45,13.199999999999973,179,38.37000000000014,6,2,22.800000000000335,30.550000000000495,0,0.0
2,A,PREY,46,11.750000000000009,177,38.37000000000014,6,2,29.566666666667043,31.300000000000498,0,0.0
2,A,PREY,47,9.790000000000001,177,38.37000000000014,6,2,23.391666666666996,31.6000000000005,0,0.0
2,A,PREY,48,18.089999999999968,180,38.37000000000014,6,2,27.81666666666703,30.8500000000005,0,0.0
2,A,PREY,49,10.269999999999927,178,38.37000000000014,6,2,16.375000000000323,31.150000000000496,0,0.0
2,A,PREY,50,7.839999999999934,176,38.37000000000014,6,2,23.57500000000034,32.0500000000005,0,0.0
2,A,PREY,51,8.35000000000003,174,38.37000000000014,6,2,24.316666666667018,32.5000000000005,0,0.0
2,A,PREY,52,10.75999999999996,178,38.37000000000014,6,2,16.475000000000318,31.150000000000496,0,0.0
2,A,PREY,53,8.359999999999959,173,38.37000000000014,6,2,17.950000000000326,32.2000000000005,0,0.0
2,A,PREY,54,16.619999999999933,180,38.37000000000014,6,2,15.875000000000318,30.8500000000005,0,0.0
2,A,PREY,55,19.54999999999993,181,38.37000000000014,6,2,15.47500000000032,30.100000000000495,0,0.0
2,A,PREY,56,8.329999999999965,176,38.37000000000014,6,2,17.025000000000322,31.9000000000005,0,0.0
2,A,PREY,57,12.729999999999928,177,38.37000000000014,6,2,30.058333333333703,31.000000000000497,0,0.0
2,A,PREY,58,17.589999999999936,181,38.37000000000014,6,2,28.9583333333337,30.100000000000495,0,0.0
2,A,PREY,59,9.799999999999935,176,38.37000000000014,6,2,30.358333333333714,31.750000000000497,0,0.0
2,A,PREY,60,11.259999999999936,177,38.37000000000014,6,2,16.575000000000323,31.300000000000498,0,0.0
2,A,PREY,61,15.639999999999914,180,38.37000000000014,6,2,28.791666666667012,30.250000000000497,0,0.0
2,A,PREY,62,10.280000000000015,177,38.37000000000014,6,2,30.083333333333712,31.9000000000005,0,0.0
2,A,PREY,63,7.3499999999999535,176,38.37000000000014,6,2,17.05000000000032,32.2000000000005,0,0.0
2,A,PREY,64,15.159999999999945,179,38.37000000000014,6,2,22.816666666666993,31.000000000000497,0,0.0
2,A,PREY,65,12.239999999999936,177,38.37000000000014,6,2,16.82500000000032,31.6000000000005,0,0.0
2,A,PREY,66,20.479999999999976,186,38.37000000000014,6,2,27.333333333333716,28.60000000000049,0,0.0
2,A,PREY,67,20.999999999999943,183,38.37000000000014,6,2,21.416666666667016,29.500000000000494,0,0.0
2,A,PREY,68,20.029999999999973,182,38.37000000000014,6,2,15.35000000000032,29.950000000000493,0,0.0
2,A,PREY,69,24.389999999999965,187,38.37000000000014,6,2,13.675000000000317,28.450000000000493,0,0.0
2,A,PREY,70,24.87999999999997,187,38.37000000000014,6,2,13.775000000000317,28.450000000000493,0,0.0
2,A,PREY,71,18.07999999999992,181,38.37000000000014,6,2,22.21666666666702,29.950000000000493,0,0.0
2,A,PREY,72,16.039999999999942,189,38.37000000000014,6,2,13.125000000000314,27.85000000000049,0,0.0
2,A,PREY,73,26.82999999999998,188,38.37000000000014,6,2,20.041666666667002,27.85000000000049,0,0.0
2,A,PREY,74,7.829999999999956,177,38.37000000000014,6,2,16.67500000000032,31.150000000000496,0,0.0
2,A,PREY,75,14.669999999999943,179,38.37000000000014,6,2,22.500000000000338,30.8500000000005,0,0.0
2,A,PREY,76,12.719999999999931,178,38.37000000000014,6,2,16.350000000000318,31.150000000000496,0,0.0
2,A,PREY,77,13.699999999999926,178,38.37000000000014,5,2,16.39000000000032,39.1000000000005,1,0.0
2,A,PREY,78,18.029999999999916,186,38.37000000000014,6,2,20.591666666667013,28.60000000000049,0,0.0
2,A,PREY,79,13.21999999999993,177,38.37000000000014,6,2,16.650000000000322,31.750000000000497,0,0.0
2,A,PREY,80,17.089999999999918,182,38.37000000000014,6,2,15.150000000000313,29.950000000000493,0,0.0
2,A,PREY,81,22.459999999999958,184,38.37000000000014,6,2,27.85833333333369,29.050000000000495,0,0.0
2,A,PREY,82,21.48999999999996,183,38.37000000000014,6,2,33.116666666666966,29.800000000000495,0,0.0
2,A,PREY,83,16.140000000000004,179,38.37000000000014,6,2,15.97500000000032,30.8500000000005,0,0.0
2,A,PREY,84,10.78999999999994,175,38.37000000000014,6,2,30.283333333333715,32.0500000000005,0,0.0
2,A,PREY,85,21.009999999999962,182,38.37000000000014,6,2,21.916666666667016,30.100000000000495,0,0.0
2,A,PREY,86,20.50999999999999,183,38.37000000000014,6,2,21.491666666667015,29.500000000000494,0,0.0
2,A,PREY,87,24.419999999999952,184,38.37000000000014,6,2,14.625000000000314,28.900000000000492,0,0.0
2,A,PREY,88,23.43999999999999,184,38.37000000000014,6,2,14.700000000000315,29.500000000000494,0,0.0
2,A,PREY,89,26.34999999999995,187,38.37000000000014,6,2,13.650000000000313,28.30000000000049,0,0.0
2,A,PREY,90,27.339999999999943,186,38.37000000000014,6,2,27.48333333333372,28.900000000000492,0,0.0
2,A,PREY,91,16.149999999999913,178,38.37000000000014,6,2,29.76666666666704,31.300000000000498,0,0.0
2,A,PREY,92,21.97999999999994,183,38.37000000000014,6,2,14.87500000000032,29.800000000000495,0,0.0
2,A,PREY,93,13.70999999999992,177,38.37000000000014,6,2,23.291666666666988,31.6000000000005,0,0.0
2,A,PREY,94,23.44000000000007,184,38.37000000000014,6,2,33.23333333333371,29.500000000000494,0,0.0
2,A,PREY,95,16.139999999999894,179,38.37000000000014,6,2,29.458333333333716,30.8500000000005,0,0.0
2,A,PREY,96,24.42000000000006,184,38.37000000000014,6,2,14.625000000000318,29.650000000000496,0,0.0
2,A,PREY,97,19.54999999999992,181,38.37000000000014,4,2,35.625000000000384,30.100000000000495,0,0.0
2,A,PREY,98,27.830000000000023,186,38.37000000000014,6,2,33.3833333333337,28.75000000000049,0,0.0
2,A,PREY,99,19.519999999999914,184,38.37000000000014,6,2,21.341666666666992,28.900000000000492,0,0.0
2,A,PREY,100,15.649999999999922,179,38.37000000000014,6,2,29.191666666667032,30.8500000000005,0,0.0
2,A,PREY,101,14.62999999999994,183,38.37000000000014,6,2,34.93333333333371,29.650000000000496,0,0.0
2,A,PREY,102,23.45000000000001,183,38.37000000000014,6,2,14.825000000000315,29.950000000000493,0,0.0
2,A,PREY,103,24.889999999999944,186,38.37000000000014,6,2,14.000000000000314,28.60000000000049,0,0.0
2,A,PREY,104,28.309999999999988,187,38.37000000000014,6,2,26.09166666666702,28.450000000000493,0,0.0
2,A,PREY,105,33.18999999999994,189,38.37000000000014,6,2,13.200000000000314,27.550000000000487,0,0.0
2,A,PREY,106,16.6099999999999,181,38.37000000000014,6,2,21.85000000000034,29.950000000000493,0,0.0
2,A,PREY,107,15.649999999999915,179,38.37000000000014,6,2,28.166666666667044,31.150000000000496,0,0.0
2,A,PREY,108,25.87999999999998,185,38.37000000000014,6,2,21.01666666666702,28.60000000000049,0,0.0
2,A,PREY,109,35.57999999999992,195,38.37000000000014,5,2,11.380000000000308,33.85000000000052,1,0.0
2,A,PREY,110,28.30999999999995,187,38.37000000000014,6,2,20.31666666666701,28.30000000000049,0,0.0
2,A,PREY,111,25.3399999999999,190,38.37000000000014,6,2,12.750000000000313,27.70000000000049,0,0.0
2,A,PREY,112,26.840000000000046,187,38.37000000000014,6,2,20.416666666666995,28.450000000000493,0,0.0
2,A,PREY,113,25.870000000000076,186,38.37000000000014,6,2,14.125000000000314,28.75000000000049,0,0.0
2,A,PREY,114,27.289999999999946,191,38.37000000000014,6,2,19.191666666667,27.25000000000049,0,0.0
2,A,PREY,115,28.81000000000006,186,38.37000000000014,6,2,13.975000000000314,29.050000000000495,0,0.0
2,A,PREY,116,23.45000000000004,183,38.37000000000014,6,2,34.80000000000038,29.800000000000495,0,0.0
2,A,PREY,117,23.900000000000073,187,38.37000000000014,6,2,13.775000000000317,28.30000000000049,0,0.0
2,A,PREY,118,20.529999999999916,181,38.37000000000014,6,2,27.77500000000036,30.250000000000497,0,0.0
2,A,PREY,119,22.950000000000045,184,38.37000000000014,5,2,38.47000000000042,39.72500000000058,1,0.0
2,A,PREY,120,27.280000000000022,192,38.37000000000014,6,2,18.841666666667013,26.65000000000049,0,0.0
2,A,PREY,121,32.68000000000001,191,38.37000000000014,6,2,12.500000000000313,27.25000000000049,0,0.0
2,A,PREY,122,19.049999999999912,182,38.37000000000014,6,2,21.866666666667015,29.800000000000495,0,0.0
2,A,PREY,123,27.81000000000006,188,38.37000000000014,6,2,20.041666666667016,28.00000000000049,0,0.0
2,A,PREY,124,20.5399999999999,180,38.37000000000014,6,2,15.800000000000319,30.400000000000496,0,0.0
2,A,PREY,125,29.76999999999999,188,38.37000000000014,6,2,13.425000000000312,27.70000000000049,0,0.0
2,A,PREY,126,33.65999999999995,191,38.37000000000014,6,2,19.116666666667015,27.100000000000488,0,0.0
2,A,PREY,127,22.469999999999978,183,38.37000000000014,6,2,27.59166666666701,29.800000000000495,0,0.0
2,A,PREY,128,34.64999999999996,190,38.37000000000014,6,2,12.775000000000313,27.550000000000487,0,0.0
2,A,PREY,129,30.23999999999989,190,38.37000000000014,6,2,19.441666666667018,27.550000000000487,0,0.0
2,A,PREY,130,34.649999999999984,190,38.37000000000014,6,2,19.466666666667006,27.25000000000049,0,0.0
2,A,PREY,131,41.90999999999994,199,38.37000000000014,6,2,10.050000000000308,24.850000000000485,0,0.0
2,A,PREY,132,31.740000000000034,187,38.37000000000014,6,2,32.46666666666706,28.75000000000049,0,0.0
2,A,PREY,133,29.76000000000004,189,38.37000000000014,6,2,24.816666666667057,28.00000000000049,0,0.0
2,A,PREY,134,22.950000000000053,184,38.37000000000014,6,2,14.650000000000318,29.35000000000049,0,0.0
2,A,PREY,135,19.069999999999915,180,38.37000000000014,6,2,15.750000000000318,30.700000000000497,0,0.0
2,A,PREY,136,28.800000000000036,187,38.37000000000014,6,2,20.266666666667014,28.60000000000049,0,0.0
2,A,PREY,137,32.17000000000002,193,38.37000000000014,6,2,11.87500000000031,26.500000000000487,0,0.0
2,A,PREY,138,24.89000000000007,186,38.37000000000014,6,2,26.675000000000278,29.050000000000495,0,0.0
2,A,PREY,139,27.320000000000043,188,38.37000000000014,5,2,13.480000000000313,35.80000000000051,1,0.0
2,A,PREY,140,36.58999999999994,192,38.37000000000014,6,2,12.150000000000311,27.100000000000488,0,0.0
2,A,PREY,141,39.48999999999993,196,38.37000000000014,6,2,24.258333333333727,25.450000000000486,0,0.0
2,A,PREY,142,33.64999999999998,192,38.37000000000014,6,2,12.125000000000313,26.500000000000487,0,0.0
2,A,PREY,143,44.36999999999992,198,38.37000000000014,6,2,15.975000000000344,24.700000000000482,0,0.0
2,A,PREY,144,45.82999999999994,199,38.37000000000014,6,2,29.058333333333717,24.850000000000485,0,0.0
2,A,PREY,145,24.860000000000078,189,38.37000000000014,6,2,19.816666666666986,27.70000000000049,0,0.0
2,A,PREY,146,26.340000000000046,188,38.37000000000014,6,2,25.29166666666705,28.30000000000049,0,0.0
2,A,PREY,147,38.549999999999926,192,38.37000000000014,6,2,12.07500000000031,26.65000000000049,0,0.0
2,A,PREY,148,21.499999999999908,182,38.37000000000014,6,2,15.275000000000318,30.100000000000495,0,0.0
2,A,PREY,149,29.280000000000037,188,38.37000000000014,6,2,13.350000000000314,28.450000000000493,0,0.0
2,A,PREY,150,34.64000000000003,191,38.37000000000014,6,2,19.041666666667002,27.25000000000049,0,0.0
2,A,PREY,151,32.70000000000003,189,38.37000000000014,6,2,13.075000000000314,28.00000000000049,0,0.0
2,A,PREY,152,32.190000000000055,191,38.37000000000014,6,2,19.19166666666701,27.40000000000049,0,0.0
2,A,PREY,153,22.43999999999989,186,38.37000000000014,6,2,27.233333333333714,28.75000000000049,0,0.0
2,A,PREY,154,35.129999999999995,191,38.37000000000014,6,2,25.75833333333368,27.550000000000487,0,0.0
2,A,PREY,155,41.92999999999991,197,38.37000000000014,6,2,24.008333333333713,25.000000000000483,0,0.0
2,A,PREY,156,39.51999999999991,193,38.37000000000014,6,2,18.591666666667006,26.65000000000049,0,0.0
2,A,PREY,157,42.419999999999916,197,38.37000000000014,6,2,29.150000000000308,25.750000000000483,0,0.0
2,A,PREY,158,31.24000000000005,188,38.37000000000014,6,2,13.375000000000314,28.450000000000493,0,0.0
2,A,PREY,159,43.87999999999996,198,38.37000000000014,6,2,10.300000000000306,25.450000000000486,0,0.0
2,A,PREY,160,47.769999999999904,201,38.37000000000014,6,2,9.575000000000307,24.55000000000048,0,0.0
2,A,PREY,161,44.859999999999886,198,38.37000000000014,6,2,16.700000000000333,25.300000000000484,0,0.0
2,A,PREY,162,46.32999999999991,198,38.37000000000014,6,2,16.07500000000034,25.000000000000483,0,0.0
2,A,PREY,163,50.70999999999991,201,38.37000000000014,6,2,22.758333333333713,24.55000000000048,0,0.0
2,A,PREY,164,36.560000000000045,195,38.37000000000014,6,2,17.916666666667016,26.050000000000487,0,0.0
2,A,PREY,165,37.510000000000026,198,38.37000000000014,6,2,16.625000000000338,25.300000000000484,0,0.0
2,A,PREY,166,39.51999999999994,193,38.37000000000014,5,2,19.83000000000032,34.15000000000052,1,0.0
2,A,PREY,167,46.29999999999988,201,38.37000000000014,6,2,19.875000000000387,23.95000000000048,0,0.0
2,A,PREY,168,35.61999999999998,191,38.37000000000014,6,2,12.57500000000031,27.100000000000488,0,0.0
2,A,PREY,169,37.06999999999993,193,38.37000000000014,6,2,25.28333333333371,26.800000000000487,0,0.0
2,A,PREY,170,45.81999999999992,200,38.37000000000014,5,2,25.820000000000334,32.650000000000524,1,0.0
2,A,PREY,171,43.39999999999996,197,38.37000000000014,6,2,10.550000000000306,25.300000000000484,0,0.0
2,A,PREY,172,31.660000000000032,195,38.37000000000014,6,2,24.73333333333372,26.050000000000487,0,0.0
2,A,PREY,173,29.760000000000048,189,38.37000000000014,6,2,18.775000000000343,27.550000000000487,0,0.0
2,A,PREY,174,34.140000000000036,192,38.37000000000014,6,2,12.20000000000031,26.800000000000487,0,0.0
2,A,PREY,175,32.21000000000002,189,38.37000000000014,6,2,13.050000000000312,27.550000000000487,0,0.0
2,A,PREY,176,29.770000000000024,188,38.37000000000014,6,2,13.400000000000311,28.00000000000049,0,0.0
2,A,PREY,177,38.53000000000001,194,38.37000000000014,6,2,18.291666666667002,26.500000000000487,0,0.0
2,A,PREY,178,28.800000000000054,187,38.37000000000014,6,2,13.550000000000317,28.15000000000049,0,0.0
2,A,PREY,179,40.47,196,38.37000000000014,6,2,16.625000000000345,25.900000000000485,0,0.0
2,A,PREY,180,32.19000000000006,191,38.37000000000014,5,2,12.370000000000308,34.30000000000052,1,0.0
2,A,PREY,181,36.05000000000004,197,38.37000000000014,6,2,17.316666666667007,25.600000000000485,0,0.0
2,A,PREY,182,41.459999999999965,195,38.37000000000014,6,2,11.225000000000307,25.300000000000484,0,0.0
2,A,PREY,183,32.67000000000006,192,38.37000000000014,6,2,18.89166666666701,27.25000000000049,0,0.0
2,A,PREY,184,38.029999999999994,195,38.37000000000014,6,2,11.250000000000306,25.750000000000483,0,0.0
2,A,PREY,185,39.460000000000036,199,38.37000000000014,6,2,16.84166666666702,25.15000000000048,0,0.0
2,A,PREY,186,34.63000000000003,192,38.37000000000014,6,2,38.6416666666671,27.100000000000488,0,0.0
2,A,PREY,187,30.740000000000066,189,38.37000000000014,6,2,13.100000000000314,28.30000000000049,0,0.0
2,A,PREY,188,25.850000000000044,188,38.37000000000014,6,2,26.225000000000275,28.00000000000049,0,0.0
2,A,PREY,189,29.280000000000044,188,38.37000000000014,6,2,26.683333333333696,28.450000000000493,0,0.0
2,A,PREY,190,33.15999999999997,192,38.37000000000014,5,2,20.16000000000036,35.200000000000514,1,0.0
2,A,PREY,191,35.11000000000003,193,38.37000000000014,6,2,25.283333333333715,26.950000000000486,0,0.0
2,A,PREY,192,32.16000000000005,194,38.37000000000014,6,2,18.316666666667018,26.350000000000485,0,0.0
2,A,PREY,193,21.93999999999987,187,38.37000000000014,6,2,27.208333333333723,27.85000000000049,0,0.0
2,A,PREY,194,24.889999999999887,186,38.37000000000014,6,2,14.025000000000317,28.900000000000492,0,0.0
2,A,PREY,195,34.629999999999896,192,38.37000000000014,6,2,25.19166666666702,26.65000000000049,0,0.0
2,A,PREY,196,36.579999999999856,193,38.37000000000014,6,2,17.100000000000346,26.800000000000487,0,0.0
2,A,PREY,197,52.139999999999844,205,38.37000000000014,6,2,8.275000000000302,22.900000000000478,0,0.0
2,A,PREY,198,50.68999999999991,203,38.37000000000014,6,2,15.366666666667014,23.50000000000048,0,0.0
2,A,PREY,199,40.940000000000005,198,38.37000000000014,6,2,30.35000000000042,25.450000000000486,0,0.0
2,A,PREY,200,44.84999999999998,199,38.37000000000014,6,2,23.416666666667,25.15000000000048,0,0.0
2,A,PREY,201,37.540000000000006,195,38.37000000000014,6,2,17.966666666667017,26.200000000000486,0,0.0
2,A,PREY,202,38.530000000000015,194,38.37000000000014,6,2,18.341666666667017,26.65000000000049,0,0.0
2,A,PREY,203,43.39999999999999,197,38.37000000000014,5,2,10.750000000000307,33.250000000000526,1,0.0
2,A,PREY,204,40.459999999999994,197,38.37000000000014,6,2,24.158333333333726,25.15000000000048,0,0.0
2,A,PREY,205,48.2799999999999,199,38.37000000000014,6,2,16.74166666666702,24.250000000000483,0,0.0
2,A,PREY,206,51.1999999999999,201,38.37000000000014,6,2,21.166666666667034,24.250000000000483,0,0.0
2,A,PREY,207,54.59999999999987,204,38.37000000000014,6,2,21.85833333333372,23.65000000000048,0,0.0
2,A,PREY,208,58.49999999999987,206,38.37000000000014,6,2,14.641666666666973,22.900000000000478,0,0.0
2,A,PREY,209,62.38999999999987,209,38.37000000000014,6,2,7.1000000000003025,22.150000000000475,0,0.0
2,A,PREY,210,62.369999999999884,211,38.37000000000014,6,2,13.19166666666702,21.400000000000475,0,0.0
2,A,PREY,211,60.4099999999999,211,38.37000000000014,6,2,12.950000000000339,20.950000000000472,0,0.0
2,A,PREY,212,52.65999999999989,202,38.37000000000014,6,2,9.0000000000003,23.65000000000048,0,0.0
2,A,PREY,213,58.489999999999824,207,38.37000000000014,6,2,7.700000000000301,22.600000000000477,0,0.0
2,A,PREY,214,53.60999999999986,205,38.37000000000014,5,2,8.410000000000302,31.000000000000526,1,0.0
2,A,PREY,215,39.480000000000004,197,38.37000000000014,6,2,10.800000000000308,25.15000000000048,0,0.0
2,A,PREY,216,39.98999999999997,195,38.37000000000014,6,2,11.225000000000307,26.200000000000486,0,0.0
2,A,PREY,217,42.41999999999998,197,38.37000000000014,6,2,24.083333333333695,25.300000000000484,0,0.0
2,A,PREY,218,39.99999999999999,194,38.37000000000014,6,2,18.216666666667017,26.200000000000486,0,0.0
2,A,PREY,219,39.51000000000002,194,38.37000000000014,6,2,18.391666666667017,26.65000000000049,0,0.0
2,A,PREY,220,53.62999999999987,203,38.37000000000014,6,2,15.516666666667016,23.80000000000048,0,0.0
2,A,PREY,221,54.579999999999856,206,38.37000000000014,6,2,14.641666666667014,22.900000000000478,0,0.0
2,A,PREY,222,54.579999999999885,206,38.37000000000014,6,2,34.00000000000044,22.750000000000476,0,0.0
2,A,PREY,223,38.52000000000002,195,38.37000000000014,6,2,11.400000000000311,26.500000000000487,0,0.0
2,A,PREY,224,56.53999999999988,206,38.37000000000014,6,2,8.050000000000303,22.45000000000048,0,0.0
2,A,PREY,225,34.63000000000003,192,38.37000000000014,6,2,25.55833333333369,27.25000000000049,0,0.0
2,A,PREY,226,36.09999999999992,192,38.37000000000014,6,2,12.100000000000312,27.40000000000049,0,0.0
2,A,PREY,227,26.83000000000016,188,38.37000000000014,6,2,26.78333333333373,28.30000000000049,0,0.0
2,A,PREY,228,18.549999999999862,183,38.37000000000014,6,2,14.82500000000032,29.050000000000495,0,0.0
2,A,PREY,229,26.360000000000007,186,38.37000000000014,6,2,20.66666666666701,28.60000000000049,0,0.0
2,A,PREY,230,19.069999999999865,180,38.37000000000014,6,2,22.316666666667007,30.550000000000495,0,0.0
2,A,PREY,231,35.140000000000015,190,38.37000000000014,6,2,26.18333333333369,27.85000000000049,0,0.0
2,A,PREY,232,39.03000000000002,193,38.37000000000014,6,2,18.125000000000338,26.950000000000486,0,0.0
2,A,PREY,233,40.970000000000006,195,38.37000000000014,6,2,24.6333333333337,25.600000000000485,0,0.0
2,A,PREY,234,52.16999999999986,202,38.37000000000014,6,2,15.891666666667016,23.80000000000048,0,0.0
2,A,PREY,235,41.959999999999994,194,38.37000000000014,6,2,18.266666666666982,26.200000000000486,0,0.0
2,A,PREY,236,44.869999999999955,197,38.37000000000014,6,2,23.41666666666704,25.900000000000485,0,0.0
2,A,PREY,237,64.33999999999992,210,38.37000000000014,6,2,30.78333333333372,22.000000000000476,0,0.0
2,A,PREY,238,62.87999999999983,209,38.37000000000014,6,2,7.075000000000301,21.700000000000475,0,0.0
2,A,PREY,239,63.85999999999984,209,38.37000000000014,6,2,20.30833333333373,22.150000000000475,0,0.0
2,A,PREY,240,63.36999999999989,209,38.37000000000014,6,2,13.766666666666977,21.850000000000477,0,0.0
2,A,PREY,241,68.72999999999992,212,38.37000000000014,6,2,12.79166666666702,21.100000000000474,0,0.0
2,A,PREY,242,60.439999999999884,208,38.37000000000014,6,2,7.4750000000003025,21.850000000000477,0,0.0
2,A,PREY,243,49.72999999999993,201,38.37000000000014,6,2,28.558333333333763,24.40000000000048,0,0.0
2,A,PREY,244,41.93,197,38.37000000000014,6,2,10.625000000000307,25.450000000000486,0,0.0
2,A,PREY,245,42.92999999999997,195,38.37000000000014,6,2,11.30000000000031,26.050000000000487,0,0.0
2,A,PREY,246,52.65999999999991,202,38.37000000000014,6,2,9.150000000000304,24.250000000000483,0,0.0
2,A,PREY,247,49.739999999999945,200,38.37000000000014,6,2,16.491666666667015,24.55000000000048,0,0.0
2,A,PREY,248,42.45,194,38.37000000000014,6,2,18.366666666666998,26.500000000000487,0,0.0
2,A,PREY,249,28.78000000000001,189,38.37000000000014,6,2,19.71666666666702,28.15000000000049,0,0.0
2,A,PREY,250,28.790000000000123,188,38.37000000000014,6,2,39.950000000000415,28.15000000000049,0,0.0
2,B,PREDATOR,1,-1.3499999999999677,164,128.0874166666668,6,2,21.89166666666704,33.700000000000486,0,0.2
2,B,PREDATOR,2,0.5000000000000266,175,128.0874166666668,6,2,15.74166666666705,32.3500000000005,0,0.2
2,B,PREDATOR,3,-6.169999999999987,156,128.0874166666668,6,2,15.62500000000037,37.60000000000045,0,0.2
2,B,PREDATOR,4,-2.7999999999999776,162,128.0874166666668,6,2,22.891666666667046,34.60000000000048,0,0.2
2,B,PREDATOR,5,-5.679999999999984,156,128.0874166666668,6,2,15.500000000000377,37.900000000000446,0,0.2
2,B,PREDATOR,6,13.78916666666669,189,128.0874166666668,3,2,3.8500000000003567,26.050000000000487,1,0.2
2,B,PREDATOR,7,-1.7999999999999723,160,128.0874166666668,6,2,41.86666666666697,36.850000000000456,0,0.2
2,B,PREDATOR,8,1.4900000000000286,174,128.0874166666668,6,2,38.3583333333337,32.2000000000005,0,0.2
2,B,PREDATOR,9,2.0600000000000325,166,128.0874166666668,5,2,22.95000000000038,41.95000000000048,1,0.2
2,B,PREDATOR,10,3.0500000000000327,165,128.0874166666668,6,2,13.825000000000358,35.05000000000047,0,0.2
2,B,PREDATOR,11,-0.799999999999967,158,128.0874166666668,6,2,30.70833333333373,36.850000000000456,0,0.2
2,B,PREDATOR,12,2.530000000000028,168,128.0874166666668,6,2,27.208333333333712,33.850000000000485,0,0.2
2,B,PREDATOR,13,-1.3099999999999774,160,128.0874166666668,6,2,16.800000000000363,36.70000000000046,0,0.2
2,B,PREDATOR,14,-1.8699999999999726,167,128.0874166666668,6,2,20.116666666667044,33.10000000000049,0,0.2
2,B,PREDATOR,15,-0.8499999999999748,163,128.0874166666668,6,2,27.591666666667063,35.50000000000047,0,0.2
2,B,PREDATOR,16,4.400000000000036,177,128.0874166666668,6,2,8.525000000000354,31.4500000000005,0,0.2
2,B,PREDATOR,17,24.84666666666677,198,128.0874166666668,4,2,5.537500000000341,25.15000000000048,1,0.2
2,B,PREDATOR,18,0.5900000000000318,166,128.0874166666668,6,2,20.800000000000363,34.750000000000476,0,0.2
2,B,PREDATOR,19,2.5600000000000307,165,128.0874166666668,6,2,19.825000000000376,34.750000000000476,0,0.2
2,B,PREDATOR,20,2.510000000000037,170,128.0874166666668,6,2,25.03333333333371,33.850000000000485,0,0.2
2,B,PREDATOR,21,5.0000000000000355,166,128.0874166666668,6,2,14.050000000000358,34.45000000000048,0,0.2
2,B,PREDATOR,22,0.6400000000000219,161,128.0874166666668,6,2,23.391666666667046,36.10000000000046,0,0.2
2,B,PREDATOR,23,0.6400000000000219,161,128.0874166666668,6,2,23.091666666667038,36.25000000000046,0,0.2
2,B,PREDATOR,24,5.510000000000032,164,128.0874166666668,6,2,14.50000000000036,35.05000000000047,0,0.2
2,B,PREDATOR,25,4.010000000000035,167,128.0874166666668,6,2,12.050000000000361,33.700000000000486,0,0.2
2,B,PREDATOR,26,5.940000000000035,170,128.0874166666668,6,2,22.075000000000344,33.55000000000049,0,0.2
2,B,PREDATOR,27,1.570000000000034,166,128.0874166666668,6,2,19.95000000000037,35.05000000000047,0,0.2
2,B,PREDATOR,28,3.530000000000035,166,128.0874166666668,6,2,26.583333333333723,34.750000000000476,0,0.2
2,B,PREDATOR,29,-0.849999999999973,163,128.0874166666668,6,2,23.66666666666704,35.800000000000466,0,0.2
2,B,PREDATOR,30,7.920000000000014,168,128.0874166666668,6,2,28.1500000000003,33.850000000000485,0,0.2
2,B,PREDATOR,31,8.290000000000019,180,128.0874166666668,6,2,16.116666666667047,30.700000000000497,0,0.2
2,B,PREDATOR,32,13.729999999999976,175,128.0874166666668,6,2,32.15833333333374,32.2000000000005,0,0.2
2,B,PREDATOR,33,0.6000000000000298,165,128.0874166666668,6,2,27.266666666667067,34.900000000000475,0,0.2
2,B,PREDATOR,34,4.520000000000033,165,128.0874166666668,6,2,14.700000000000358,34.900000000000475,0,0.2
2,B,PREDATOR,35,19.474166666666576,193,128.0874166666668,3,2,6.15000000000034,26.950000000000486,1,0.2
2,B,PREDATOR,36,-1.7999999999999723,160,128.0874166666668,6,2,14.675000000000361,37.000000000000455,0,0.2
2,B,PREDATOR,37,1.5600000000000325,167,128.0874166666668,6,2,19.61666666666704,31.900000000000485,0,0.2
2,B,PREDATOR,38,12.714166666666722,179,128.0874166666668,5,2,26.120000000000413,28.450000000000493,1,0.2
2,B,PREDATOR,39,10.279999999999985,177,128.0874166666668,5,2,10.450000000000351,39.100000000000506,1,0.2
2,B,PREDATOR,40,12.749999999999934,175,128.0874166666668,6,2,17.950000000000347,31.9000000000005,0,0.2
2,B,PREDATOR,41,9.829999999999993,173,128.0874166666668,6,2,20.24166666666704,32.650000000000496,0,0.2
2,B,PREDATOR,42,4.5400000000000365,163,128.0874166666668,6,2,15.925000000000358,35.65000000000047,0,0.2
2,B,PREDATOR,43,4.480000000000036,169,128.0874166666668,6,2,11.425000000000361,33.700000000000486,0,0.2
2,B,PREDATOR,44,4.5000000000000355,167,128.0874166666668,6,2,35.85000000000042,34.30000000000048,0,0.2
2,B,PREDATOR,45,4.9900000000000375,167,128.0874166666668,6,2,12.350000000000358,34.30000000000048,0,0.2
2,B,PREDATOR,46,5.0100000000000335,165,128.0874166666668,6,2,17.775000000000386,34.15000000000048,0,0.2
2,B,PREDATOR,47,15.181666666666713,180,128.0874166666668,5,2,8.830000000000348,30.550000000000495,1,0.2
2,B,PREDATOR,48,6.970000000000008,165,128.0874166666668,6,2,19.775000000000368,35.35000000000047,0,0.2
2,B,PREDATOR,49,13.729999999999983,175,128.0874166666668,6,2,11.30000000000035,32.2000000000005,0,0.2
2,B,PREDATOR,50,10.819999999999935,172,128.0874166666668,6,2,24.62500000000031,32.800000000000495,0,0.2
2,B,PREDATOR,51,9.819999999999956,174,128.0874166666668,6,2,9.075000000000358,31.900000000000496,0,0.2
2,B,PREDATOR,52,12.769999999999984,173,128.0874166666668,6,2,11.025000000000349,32.650000000000496,0,0.2
2,B,PREDATOR,53,49.92416666666672,221,128.0874166666668,1,2,43.40000000000063,18.400000000000468,1,0.2
2,B,PREDATOR,54,10.81999999999998,172,128.0874166666668,6,2,41.291666666667105,33.25000000000049,0,0.2
2,B,PREDATOR,55,24.899999999999956,185,128.0874166666668,6,2,21.183333333333735,28.900000000000492,0,0.2
2,B,PREDATOR,56,15.15999999999998,179,128.0874166666668,6,2,16.016666666667046,29.35000000000049,0,0.2
2,B,PREDATOR,57,13.709999999999946,177,128.0874166666668,6,2,23.391666666667053,31.4500000000005,0,0.2
2,B,PREDATOR,58,10.810000000000006,173,128.0874166666668,6,2,7.3250000000003626,32.3500000000005,0,0.2
2,B,PREDATOR,59,6.93000000000003,169,128.0874166666668,6,2,24.633333333333724,33.700000000000486,0,0.2
2,B,PREDATOR,60,5.450000000000035,170,128.0874166666668,6,2,10.575000000000356,33.850000000000485,0,0.2
2,B,PREDATOR,61,9.84999999999995,171,128.0874166666668,6,2,10.40000000000036,32.20000000000049,0,0.2
2,B,PREDATOR,62,12.769999999999959,173,128.0874166666668,6,2,7.075000000000362,31.900000000000496,0,0.2
2,B,PREDATOR,63,17.129999999999967,178,128.0874166666668,6,2,16.691666666667043,31.4500000000005,0,0.2
2,B,PREDATOR,64,16.12999999999998,180,128.0874166666668,6,2,6.600000000000354,30.100000000000495,0,0.2
2,B,PREDATOR,65,19.569999999999943,179,128.0874166666668,6,2,7.200000000000351,30.400000000000496,0,0.2
2,B,PREDATOR,66,19.069999999999943,180,128.0874166666668,5,2,13.590000000000368,37.600000000000506,1,0.2
2,B,PREDATOR,67,32.71166666666683,215,128.0874166666668,3,2,27.08333333333385,19.60000000000047,1,0.2
2,B,PREDATOR,68,9.369999999999946,170,128.0874166666668,6,2,10.975000000000358,33.55000000000049,0,0.2
2,B,PREDATOR,69,15.629999999999926,181,128.0874166666668,6,2,22.283333333333733,30.400000000000496,0,0.2
2,B,PREDATOR,70,13.239999999999952,175,128.0874166666668,5,2,17.190000000000367,38.80000000000051,1,0.2
2,B,PREDATOR,71,13.229999999999942,176,128.0874166666668,6,2,16.46666666666705,31.150000000000496,0,0.2
2,B,PREDATOR,72,15.119999999999914,183,128.0874166666668,6,2,23.958333333333737,29.950000000000493,0,0.2
2,B,PREDATOR,73,17.12999999999996,178,128.0874166666668,6,2,7.625000000000358,30.250000000000497,0,0.2
2,B,PREDATOR,74,23.40999999999995,187,128.0874166666668,6,2,3.8500000000003514,26.350000000000485,0,0.2
2,B,PREDATOR,75,41.546666666666766,221,128.0874166666668,0,2,0.0,18.550000000000466,1,0.2
2,B,PREDATOR,76,9.849999999999936,171,128.0874166666668,6,2,10.25000000000036,33.40000000000049,0,0.2
2,B,PREDATOR,77,24.94416666666681,195,128.0874166666668,4,2,15.200000000000399,26.350000000000485,1,0.2
2,B,PREDATOR,78,16.649999999999935,177,128.0874166666668,6,2,7.450000000000358,31.4500000000005,0,0.2
2,B,PREDATOR,79,17.139999999999944,177,128.0874166666668,6,2,15.241666666667024,31.4500000000005,0,0.2
2,B,PREDATOR,80,51.955833333333246,240,128.0874166666668,1,2,24.800000000000477,16.600000000000534,2,0.2
2,B,PREDATOR,81,18.479999999999905,190,128.0874166666668,5,2,13.290000000000386,27.25000000000049,0,0.2
2,B,PREDATOR,82,16.96166666666668,181,128.0874166666668,5,2,7.090000000000352,28.900000000000492,1,0.2
2,B,PREDATOR,83,26.82999999999995,188,128.0874166666668,6,2,9.941666666667041,28.450000000000493,0,0.2
2,B,PREDATOR,84,25.319999999999965,192,128.0874166666668,6,2,3.6750000000003524,26.200000000000486,0,0.2
2,B,PREDATOR,85,21.47999999999994,184,128.0874166666668,6,2,7.475000000000347,29.650000000000496,0,0.2
2,B,PREDATOR,86,50.296666666666674,232,128.0874166666668,1,2,40.10000000000067,14.800000000000459,1,0.2
2,B,PREDATOR,87,24.37999999999998,188,128.0874166666668,6,2,29.575000000000305,28.15000000000049,0,0.2
2,B,PREDATOR,88,31.679999999999957,193,128.0874166666668,5,2,5.620000000000338,24.10000000000048,0,0.2
2,B,PREDATOR,89,34.599999999999945,195,128.0874166666668,6,2,11.966666666667026,25.450000000000486,0,0.2
2,B,PREDATOR,90,37.49999999999994,199,128.0874166666668,4,2,25.35000000000043,33.25000000000052,1,0.2
2,B,PREDATOR,91,18.10999999999995,178,128.0874166666668,6,2,22.291666666667066,28.60000000000049,0,0.2
2,B,PREDATOR,92,15.669999999999922,177,128.0874166666668,6,2,17.966666666667034,31.750000000000497,0,0.2
2,B,PREDATOR,93,21.50999999999992,181,128.0874166666668,6,2,5.000000000000361,30.400000000000496,0,0.2
2,B,PREDATOR,94,25.35999999999998,188,128.0874166666668,6,2,6.625000000000349,28.00000000000049,0,0.2
2,B,PREDATOR,95,23.930000000000035,184,128.0874166666668,6,2,22.01666666666705,29.200000000000493,0,0.2
2,B,PREDATOR,96,51.87416666666668,222,128.0874166666668,1,2,29.350000000000556,17.950000000000465,1,0.2
2,B,PREDATOR,97,18.079999999999906,181,128.0874166666668,6,2,19.775000000000336,30.100000000000495,0,0.2
2,B,PREDATOR,98,26.81999999999994,189,128.0874166666668,6,2,7.1250000000003375,27.100000000000488,0,0.2
2,B,PREDATOR,99,19.54999999999989,181,128.0874166666668,6,2,31.625000000000288,30.700000000000497,0,0.2
2,B,PREDATOR,100,60.126666666666445,241,128.0874166666668,0,2,0.0,11.950000000000452,1,0.2
2,B,PREDATOR,101,24.890000000000033,186,128.0874166666668,6,2,3.5500000000003613,28.75000000000049,0,0.2
2,B,PREDATOR,102,19.04999999999992,182,128.0874166666668,6,2,7.200000000000355,29.800000000000495,0,0.2
2,B,PREDATOR,103,21.970000000000034,184,128.0874166666668,5,2,6.850000000000352,35.650000000000524,1,0.2
2,B,PREDATOR,104,20.50999999999992,183,128.0874166666668,6,2,18.716666666667034,29.35000000000049,0,0.2
2,B,PREDATOR,105,22.959999999999923,183,128.0874166666668,6,2,13.71666666666705,29.35000000000049,0,0.2
2,B,PREDATOR,106,21.009999999999906,182,128.0874166666668,6,2,12.575000000000387,30.100000000000495,0,0.2
2,B,PREDATOR,107,33.12999999999997,195,128.0874166666668,4,2,49.80000000000038,26.050000000000487,0,0.2
2,B,PREDATOR,108,35.969999999999956,205,128.0874166666668,3,2,48.733333333333654,23.05000000000048,0,0.2
2,B,PREDATOR,109,25.840000000000046,189,128.0874166666668,6,2,19.72500000000031,25.900000000000485,0,0.2
2,B,PREDATOR,110,23.87999999999998,189,128.0874166666668,6,2,13.091666666667047,28.15000000000049,0,0.2
2,B,PREDATOR,111,34.569999999999986,198,128.0874166666668,4,2,5.312500000000336,24.700000000000482,0,0.2
2,B,PREDATOR,112,38.48999999999995,198,128.0874166666668,3,2,6.100000000000331,24.700000000000482,0,0.2
2,B,PREDATOR,113,37.47999999999997,201,128.0874166666668,3,2,17.450000000000408,24.40000000000048,0,0.2
2,B,PREDATOR,114,61.6508333333333,243,128.0874166666668,1,2,29.150000000000574,14.95000000000054,2,0.2
2,B,PREDATOR,115,25.349999999999913,189,128.0874166666668,6,2,4.900000000000353,25.600000000000485,0,0.2
2,B,PREDATOR,116,24.830000000000044,192,128.0874166666668,5,2,14.560000000000372,25.600000000000485,0,0.2
2,B,PREDATOR,117,30.700000000000053,193,128.0874166666668,5,2,5.800000000000353,25.750000000000483,0,0.2
2,B,PREDATOR,118,28.28000000000001,190,128.0874166666668,6,2,12.941666666667048,27.85000000000049,0,0.2
2,B,PREDATOR,119,28.210000000000036,197,128.0874166666668,5,2,32.02000000000047,25.750000000000483,0,0.2
2,B,PREDATOR,120,22.930000000000057,186,128.0874166666668,6,2,13.816666666667047,27.550000000000487,0,0.2
2,B,PREDATOR,121,28.27000000000004,191,128.0874166666668,5,2,43.11000000000049,26.950000000000486,0,0.2
2,B,PREDATOR,122,30.660000000000032,197,128.0874166666668,5,2,14.040000000000386,25.450000000000486,0,0.2
2,B,PREDATOR,123,62.55916666666674,249,128.0874166666668,0,2,0.0,9.700000000000447,1,0.2
2,B,PREDATOR,124,27.710000000000036,198,128.0874166666668,3,2,2.500000000000355,25.300000000000484,0,0.2
2,B,PREDATOR,125,22.45999999999991,184,128.0874166666668,6,2,19.758333333333706,29.35000000000049,0,0.2
2,B,PREDATOR,126,30.229999999999883,191,128.0874166666668,5,2,13.950000000000376,26.350000000000485,0,0.2
2,B,PREDATOR,127,40.429999999999986,200,128.0874166666668,3,2,15.833333333333718,24.700000000000482,0,0.2
2,B,PREDATOR,128,33.12999999999993,195,128.0874166666668,4,2,14.600000000000378,23.80000000000048,0,0.2
2,B,PREDATOR,129,55.43999999999987,218,128.0874166666668,2,2,42.95000000000063,18.550000000000466,0,0.2
2,B,PREDATOR,130,56.46166666666665,236,128.0874166666668,0,2,0.0,13.000000000000455,1,0.2
2,B,PREDATOR,131,81.84416666666668,263,128.0874166666668,1,2,40.750000000000554,5.800000000000445,1,0.2
2,B,PREDATOR,132,37.049999999999926,195,128.0874166666668,5,2,11.980000000000384,25.600000000000485,0,0.2
2,B,PREDATOR,133,28.23000000000001,195,128.0874166666668,6,2,26.000000000000412,23.05000000000048,0,0.2
2,B,PREDATOR,134,36.06999999999992,195,128.0874166666668,4,2,37.42500000000049,26.050000000000487,0,0.2
2,B,PREDATOR,135,28.77000000000003,190,128.0874166666668,5,2,7.42000000000034,27.70000000000049,0,0.2
2,B,PREDATOR,136,28.300000000000047,188,128.0874166666668,6,2,5.325000000000348,28.450000000000493,0,0.2
2,B,PREDATOR,137,34.12999999999998,193,128.0874166666668,3,2,21.283333333333747,26.950000000000486,0,0.2
2,B,PREDATOR,138,47.70999999999991,207,128.0874166666668,2,2,21.75000000000035,22.300000000000477,0,0.2
2,B,PREDATOR,139,41.84999999999994,205,128.0874166666668,4,2,25.575000000000454,23.05000000000048,0,0.2
2,B,PREDATOR,140,33.62000000000002,195,128.0874166666668,5,2,30.890000000000462,26.350000000000485,0,0.2
2,B,PREDATOR,141,39.929999999999964,201,128.0874166666668,4,2,15.237500000000397,23.50000000000048,0,0.2
2,B,PREDATOR,142,30.230000000000032,191,128.0874166666668,5,2,14.370000000000399,26.65000000000049,0,0.2
2,B,PREDATOR,143,39.44999999999999,200,128.0874166666668,5,2,21.530000000000413,24.250000000000483,0,0.2
2,B,PREDATOR,144,37.94999999999998,203,128.0874166666668,4,2,13.175000000000393,23.65000000000048,0,0.2
2,B,PREDATOR,145,32.15999999999999,194,128.0874166666668,6,2,19.46666666666708,26.200000000000486,0,0.2
2,B,PREDATOR,146,53.5299999999999,213,128.0874166666668,2,2,0.7000000000003389,20.800000000000473,0,0.2
2,B,PREDATOR,147,31.190000000000033,193,128.0874166666668,4,2,28.275000000000393,26.350000000000485,0,0.2
2,B,PREDATOR,148,26.290000000000042,193,128.0874166666668,6,2,4.975000000000346,26.500000000000487,0,0.2
2,B,PREDATOR,149,39.43000000000001,202,128.0874166666668,3,2,20.63333333333375,24.40000000000048,0,0.2
2,B,PREDATOR,150,35.54000000000001,199,128.0874166666668,4,2,39.13750000000051,24.700000000000482,0,0.2
2,B,PREDATOR,151,25.09750000000013,199,128.0874166666668,3,2,18.283333333333758,21.250000000000476,1,0.2
2,B,PREDATOR,152,29.260000000000105,190,128.0874166666668,4,2,7.5625000000003375,34.45000000000053,1,0.2
2,B,PREDATOR,153,32.16000000000004,194,128.0874166666668,4,2,15.550000000000384,26.65000000000049,0,0.2
2,B,PREDATOR,154,37.499999999999986,199,128.0874166666668,3,2,4.750000000000341,24.850000000000485,0,0.2
2,B,PREDATOR,155,46.484166666666724,207,128.0874166666668,4,2,25.050000000000463,22.45000000000048,1,0.2
2,B,PREDATOR,156,41.8699999999999,203,128.0874166666668,2,2,3.175000000000344,22.900000000000478,0,0.2
2,B,PREDATOR,157,34.610000000000035,194,128.0874166666668,5,2,11.940000000000374,24.700000000000482,0,0.2
2,B,PREDATOR,158,33.63999999999993,193,128.0874166666668,5,2,5.740000000000346,26.800000000000487,0,0.2
2,B,PREDATOR,159,37.92999999999991,205,128.0874166666668,3,2,34.01666666666716,21.850000000000477,0,0.2
2,B,PREDATOR,160,41.90999999999997,199,128.0874166666668,3,2,2.8000000000003635,24.700000000000482,0,0.2
2,B,PREDATOR,161,28.32999999999987,185,128.0874166666668,6,2,22.866666666667047,28.900000000000492,0,0.2
2,B,PREDATOR,162,50.109999999999886,212,128.0874166666668,4,2,34.90000000000053,18.85000000000047,0,0.2
2,B,PREDATOR,163,38.00999999999999,197,128.0874166666668,6,2,18.133333333333724,25.450000000000486,0,0.2
2,B,PREDATOR,164,29.750000000000057,190,128.0874166666668,4,2,3.8875000000003563,26.800000000000487,0,0.2
2,B,PREDATOR,165,26.82999999999991,188,128.0874166666668,6,2,25.766666666667025,28.30000000000049,0,0.2
2,B,PREDATOR,166,36.01000000000002,201,128.0874166666668,3,2,3.850000000000346,24.40000000000048,0,0.2
2,B,PREDATOR,167,35.080000000000005,196,128.0874166666668,5,2,22.1200000000003,25.600000000000485,0,0.2
2,B,PREDATOR,168,35.06000000000003,198,128.0874166666668,5,2,12.130000000000381,24.700000000000482,0,0.2
2,B,PREDATOR,169,47.21999999999993,207,128.0874166666668,3,2,13.150000000000434,22.600000000000477,0,0.2
2,B,PREDATOR,170,38.93999999999999,202,128.0874166666668,3,2,32.216666666667145,23.95000000000048,0,0.2
2,B,PREDATOR,171,45.239999999999995,209,128.0874166666668,1,2,0.8500000000003523,21.100000000000474,0,0.2
2,B,PREDATOR,172,35.07999999999997,196,128.0874166666668,4,2,6.550000000000336,25.000000000000483,0,0.2
2,B,PREDATOR,173,42.32,207,128.0874166666668,3,2,1.7000000000003437,22.600000000000477,0,0.2
2,B,PREDATOR,174,49.09999999999995,215,128.0874166666668,2,2,21.000000000000465,19.90000000000047,0,0.2
2,B,PREDATOR,175,33.610000000000014,196,128.0874166666668,4,2,5.237500000000336,25.600000000000485,0,0.2
2,B,PREDATOR,176,45.73999999999994,208,128.0874166666668,3,2,16.78333333333376,21.700000000000475,0,0.2
2,B,PREDATOR,177,78.82166666666647,260,128.0874166666668,2,2,23.40000000000071,4.750000000000446,1,0.2
2,B,PREDATOR,178,40.43999999999998,199,128.0874166666668,6,2,18.01666666666708,24.700000000000482,0,0.2
2,B,PREDATOR,179,44.309999999999945,204,128.0874166666668,4,2,34.362500000000345,23.50000000000048,0,0.2
2,B,PREDATOR,180,53.53999999999988,212,128.0874166666668,4,2,32.612500000000495,20.950000000000472,0,0.2
2,B,PREDATOR,181,23.930000000000014,184,128.0874166666668,6,2,6.025000000000354,29.500000000000494,0,0.2
2,B,PREDATOR,182,29.240000000000027,192,128.0874166666668,4,2,6.212500000000346,27.25000000000049,0,0.2
2,B,PREDATOR,183,29.760000000000083,189,128.0874166666668,6,2,26.391666666667078,27.25000000000049,0,0.2
2,B,PREDATOR,184,47.699999999999946,208,128.0874166666668,5,2,32.51000000000038,21.850000000000477,0,0.2
2,B,PREDATOR,185,43.819999999999965,204,128.0874166666668,5,2,12.690000000000383,23.65000000000048,0,0.2
2,B,PREDATOR,186,37.069999999999986,193,128.0874166666668,6,2,12.366666666667024,26.350000000000485,0,0.2
2,B,PREDATOR,187,32.160000000000025,194,128.0874166666668,6,2,20.325000000000387,26.500000000000487,0,0.2
2,B,PREDATOR,188,36.94000000000002,206,128.0874166666668,5,2,12.000000000000389,23.05000000000048,0,0.2
2,B,PREDATOR,189,43.28999999999997,208,128.0874166666668,4,2,12.687500000000409,22.300000000000477,0,0.2
2,B,PREDATOR,190,34.57000000000003,198,128.0874166666668,5,2,12.39000000000038,25.300000000000484,0,0.2
2,B,PREDATOR,191,46.70999999999995,209,128.0874166666668,3,2,15.550000000000402,21.850000000000477,0,0.2
2,B,PREDATOR,192,51.09999999999991,211,128.0874166666668,4,2,11.162500000000394,20.950000000000472,0,0.2
2,B,PREDATOR,193,60.82999999999988,218,128.0874166666668,4,2,29.88750000000052,18.85000000000047,0,0.2
2,B,PREDATOR,194,63.2299999999999,223,128.0874166666668,2,2,58.45000000000058,17.800000000000466,0,0.2
2,B,PREDATOR,195,51.589999999999876,211,128.0874166666668,3,2,29.266666666667096,21.100000000000474,0,0.2
2,B,PREDATOR,196,54.00999999999984,214,128.0874166666668,1,2,0.40000000000034724,19.30000000000047,0,0.2
2,B,PREDATOR,197,61.239999999999924,226,128.0874166666668,1,2,41.75000000000064,16.600000000000463,0,0.2
2,B,PREDATOR,198,52.98999999999989,218,128.0874166666668,0,2,0.0,26.950000000000543,1,0.2
2,B,PREDATOR,199,57.89999999999988,217,128.0874166666668,2,2,1.525000000000332,19.60000000000047,0,0.2
2,B,PREDATOR,200,68.03999999999994,232,128.0874166666668,1,2,40.250000000000654,14.800000000000459,0,0.2
2,B,PREDATOR,201,65.60999999999986,230,128.0874166666668,1,2,40.70000000000065,11.200000000000452,0,0.2
2,B,PREDATOR,202,56.42999999999983,217,128.0874166666668,2,2,22.80000000000047,18.100000000000467,0,0.2
2,B,PREDATOR,203,53.53999999999982,212,128.0874166666668,3,2,28.983333333333803,20.500000000000473,0,0.2
2,B,PREDATOR,204,61.76999999999988,222,128.0874166666668,1,2,34.55000000000061,16.750000000000462,0,0.2
2,B,PREDATOR,205,42.22999999999997,216,128.0874166666668,4,2,10.662500000000344,19.450000000000472,0,0.2
2,B,PREDATOR,206,50.09999999999992,213,128.0874166666668,1,2,2.5000000000003295,20.35000000000047,0,0.2
2,B,PREDATOR,207,61.269999999999904,223,128.0874166666668,2,2,38.600000000000406,16.750000000000462,0,0.2
2,B,PREDATOR,208,53.519999999999854,214,128.0874166666668,3,2,30.71666666666719,19.450000000000472,0,0.2
2,B,PREDATOR,209,58.839999999999876,221,128.0874166666668,3,2,45.9833333333338,17.950000000000465,0,0.2
2,B,PREDATOR,210,46.83416666666678,213,128.0874166666668,1,2,46.100000000000605,20.950000000000472,1,0.2
2,B,PREDATOR,211,37.469999999999985,202,128.0874166666668,4,2,13.47500000000035,24.40000000000048,0,0.2
2,B,PREDATOR,212,31.640000000000015,197,128.0874166666668,5,2,14.170000000000337,25.300000000000484,0,0.2
2,B,PREDATOR,213,52.06999999999992,212,128.0874166666668,4,2,10.287500000000371,18.400000000000468,0,0.2
2,B,PREDATOR,214,43.819999999999986,204,128.0874166666668,3,2,18.083333333333755,22.900000000000478,0,0.2
2,B,PREDATOR,215,45.299999999999976,203,128.0874166666668,4,2,13.775000000000412,31.687500000000533,1,0.2
2,B,PREDATOR,216,41.399999999999956,201,128.0874166666668,5,2,19.900000000000304,23.80000000000048,0,0.2
2,B,PREDATOR,217,48.19999999999993,207,128.0874166666668,3,2,18.08333333333375,22.600000000000477,0,0.2
2,B,PREDATOR,218,45.79999999999999,202,128.0874166666668,6,2,23.61666666666712,24.250000000000483,0,0.2
2,B,PREDATOR,219,71.93999999999993,234,128.0874166666668,1,2,39.800000000000665,14.050000000000457,0,0.2
2,B,PREDATOR,220,57.879999999999875,219,128.0874166666668,3,2,1.6500000000003217,19.150000000000468,0,0.2
2,B,PREDATOR,221,60.809999999999896,220,128.0874166666668,2,2,20.800000000000445,18.100000000000467,0,0.2
2,B,PREDATOR,222,72.44999999999997,232,128.0874166666668,3,2,59.96666666666716,14.95000000000046,0,0.2
2,B,PREDATOR,223,64.15999999999995,228,128.0874166666668,1,2,41.60000000000065,14.800000000000459,0,0.2
2,B,PREDATOR,224,55.00999999999988,212,128.0874166666668,1,2,0.4000000000003419,20.800000000000473,0,0.2
2,B,PREDATOR,225,53.04999999999992,212,128.0874166666668,3,2,16.833333333333766,21.100000000000474,0,0.2
2,B,PREDATOR,226,52.96999999999992,220,128.0874166666668,4,2,21.150000000000475,18.70000000000047,0,0.2
2,B,PREDATOR,227,45.73999999999995,208,128.0874166666668,3,2,26.13333333333377,22.600000000000477,0,0.2
2,B,PREDATOR,228,54.47999999999964,216,128.0874166666668,3,2,28.966666666667166,16.000000000000462,0,0.2
2,B,PREDATOR,229,46.22999999999996,208,128.0874166666668,4,2,35.46250000000046,22.45000000000048,0,0.2
2,B,PREDATOR,230,42.82999999999999,205,128.0874166666668,4,2,12.212500000000396,22.900000000000478,0,0.2
2,B,PREDATOR,231,36.560000000000045,195,128.0874166666668,5,2,12.180000000000392,23.65000000000048,0,0.2
2,B,PREDATOR,232,34.4600000000001,209,128.0874166666668,3,2,20.15000000000036,19.60000000000047,0,0.2
2,B,PREDATOR,233,54.50999999999989,213,128.0874166666668,3,2,14.483333333333691,20.500000000000473,0,0.2
2,B,PREDATOR,234,53.00999999999992,216,128.0874166666668,1,2,42.50000000000051,27.400000000000542,1,0.2
2,B,PREDATOR,235,36.05000000000005,197,128.0874166666668,4,2,4.487500000000347,25.450000000000486,0,0.2
2,B,PREDATOR,236,44.22999999999999,212,128.0874166666668,4,2,20.912500000000446,20.650000000000475,0,0.2
2,B,PREDATOR,237,44.69999999999996,214,128.0874166666668,4,2,23.250000000000473,20.200000000000472,0,0.2
2,B,PREDATOR,238,59.79999999999972,223,128.0874166666668,2,2,40.77500000000063,17.350000000000463,0,0.2
2,B,PREDATOR,239,66.1499999999999,225,128.0874166666668,1,2,29.600000000000456,17.500000000000465,0,0.2
2,B,PREDATOR,240,43.829999999999956,203,128.0874166666668,5,2,12.27000000000039,23.350000000000477,0,0.2
2,B,PREDATOR,241,42.83000000000002,205,128.0874166666668,3,2,16.38333333333377,22.750000000000476,0,0.2
2,B,PREDATOR,242,51.58999999999992,211,128.0874166666668,2,2,23.85000000000047,21.250000000000476,0,0.2
2,B,PREDATOR,243,53.51999999999988,214,128.0874166666668,1,2,1.7500000000003328,19.90000000000047,0,0.2
2,B,PREDATOR,244,51.57999999999994,212,128.0874166666668,1,2,44.150000000000624,20.800000000000473,0,0.2
2,B,PREDATOR,245,74.37999999999992,235,128.0874166666668,0,2,0.0,21.27500000000059,1,0.2
2,B,PREDATOR,246,72.9499999999999,231,128.0874166666668,0,2,0.0,11.950000000000452,0,0.2
2,B,PREDATOR,247,75.77999999999994,242,128.0874166666668,2,2,67.8250000000003,11.650000000000452,0,0.2
2,B,PREDATOR,248,63.719999999999864,223,128.0874166666668,0,2,0.0,17.500000000000465,0,0.2
2,B,PREDATOR,249,70.96999999999989,233,128.0874166666668,1,2,30.700000000000625,14.95000000000046,0,0.2
2,B,PREDATOR,250,62.74999999999987,222,128.0874166666668,1,2,39.25000000000057,17.650000000000468,0,0.2
3,A,PREY,1,-1.8699999999999797,167,70.09799999999969,6,2,12.425000000000361,34.45000000000048,0,0.0
3,A,PREY,2,-3.339999999999973,167,70.09799999999969,6,2,19.916666666667044,34.750000000000476,0,0.0
3,A,PREY,3,-4.809999999999983,167,70.09799999999969,6,2,29.383333333333724,34.45000000000048,0,0.0
3,A,PREY,4,0.5400000000000311,171,70.09799999999969,5,2,12.25000000000035,33.750000000000554,1,0.0
3,A,PREY,5,-0.8899999999999739,167,70.09799999999969,6,2,24.20000000000032,34.30000000000048,0,0.0
3,A,PREY,6,1.0500000000000327,169,70.09799999999969,6,2,11.625000000000362,33.55000000000049,0,0.0
3,A,PREY,7,0.5500000000000327,170,70.09799999999969,6,2,17.54166666666705,33.40000000000049,0,0.0
3,A,PREY,8,-4.829999999999972,169,70.09799999999969,6,2,25.15000000000032,33.700000000000486,0,0.0
3,A,PREY,9,-2.3699999999999797,168,70.09799999999969,6,2,27.76666666666705,33.700000000000486,0,0.0
3,A,PREY,10,-2.8599999999999763,168,70.09799999999969,6,2,11.725000000000364,32.50000000000048,0,0.0
3,A,PREY,11,3.9700000000000344,171,70.09799999999969,5,2,19.950000000000383,41.51250000000049,1,0.0
3,A,PREY,12,3.0000000000000355,170,70.09799999999969,6,2,12.100000000000355,33.700000000000486,0,0.0
3,A,PREY,13,0.5000000000000338,175,70.09799999999969,6,2,10.42500000000035,31.6000000000005,0,0.0
3,A,PREY,14,4.450000000000033,172,70.09799999999969,6,2,25.041666666667066,32.95000000000049,0,0.0
3,A,PREY,15,1.040000000000033,170,70.09799999999969,6,2,21.16666666666704,33.55000000000049,0,0.0
3,A,PREY,16,-2.359999999999973,167,70.09799999999969,5,2,11.290000000000367,41.65000000000048,1,0.0
3,A,PREY,17,-1.4199999999999786,171,70.09799999999969,6,2,10.825000000000358,33.55000000000049,0,0.0
3,A,PREY,18,3.9700000000000344,171,70.09799999999969,6,2,17.89166666666705,31.150000000000496,0,0.0
3,A,PREY,19,3.970000000000036,171,70.09799999999969,6,2,17.966666666667034,33.25000000000049,0,0.0
3,A,PREY,20,7.839999999999998,176,70.09799999999969,6,2,16.491666666667044,31.9000000000005,0,0.0
3,A,PREY,21,3.4700000000000344,172,70.09799999999969,6,2,11.200000000000356,32.95000000000049,0,0.0
3,A,PREY,22,2.0000000000000355,172,70.09799999999969,6,2,25.65833333333374,33.25000000000049,0,0.0
3,A,PREY,23,4.940000000000033,172,70.09799999999969,6,2,19.51666666666704,33.10000000000049,0,0.0
3,A,PREY,24,6.380000000000033,175,70.09799999999969,6,2,23.46666666666705,31.6000000000005,0,0.0
3,A,PREY,25,2.0300000000000313,169,70.09799999999969,6,2,26.80833333333374,33.850000000000485,0,0.0
3,A,PREY,26,2.500000000000032,171,70.09799999999969,6,2,32.20833333333374,31.600000000000495,0,0.0
3,A,PREY,27,5.420000000000039,173,70.09799999999969,6,2,17.491666666667047,32.650000000000496,0,0.0
3,A,PREY,28,9.300000000000013,177,70.09799999999969,6,2,6.650000000000362,31.9000000000005,0,0.0
3,A,PREY,29,10.279999999999987,177,70.09799999999969,6,2,16.175000000000367,31.750000000000497,0,0.0
3,A,PREY,30,2.030000000000035,169,70.09799999999969,6,2,11.45000000000036,34.15000000000048,0,0.0
3,A,PREY,31,1.5200000000000315,171,70.09799999999969,6,2,24.67500000000031,32.95000000000049,0,0.0
3,A,PREY,32,4.440000000000037,173,70.09799999999969,5,2,9.760000000000357,33.93750000000055,1,0.0
3,A,PREY,33,7.369999999999999,174,70.09799999999969,5,2,19.44000000000038,38.35000000000049,1,0.0
3,A,PREY,34,9.26,181,70.09799999999969,6,2,7.5250000000003565,30.550000000000495,0,0.0
3,A,PREY,35,8.349999999999968,174,70.09799999999969,6,2,14.691666666667038,32.650000000000496,0,0.0
3,A,PREY,36,6.889999999999992,173,70.09799999999969,6,2,18.11666666666704,31.6000000000005,0,0.0
3,A,PREY,37,10.28999999999999,176,70.09799999999969,6,2,15.316666666667047,31.000000000000497,0,0.0
3,A,PREY,38,9.789999999999997,177,70.09799999999969,6,2,7.075000000000359,31.300000000000498,0,0.0
3,A,PREY,39,12.219999999999965,179,70.09799999999969,6,2,15.150000000000368,30.250000000000497,0,0.0
3,A,PREY,40,6.870000000000017,175,70.09799999999969,6,2,22.708333333333716,29.35000000000049,0,0.0
3,A,PREY,41,13.149999999999965,184,70.09799999999969,6,2,5.325000000000357,28.30000000000049,0,0.0
3,A,PREY,42,10.280000000000015,177,70.09799999999969,6,2,9.475000000000346,31.300000000000498,0,0.0
3,A,PREY,43,9.299999999999946,177,70.09799999999969,6,2,11.550000000000345,31.4500000000005,0,0.0
3,A,PREY,44,13.709999999999946,177,70.09799999999969,6,2,14.02500000000038,31.6000000000005,0,0.0
3,A,PREY,45,15.179999999999945,177,70.09799999999969,6,2,6.525000000000361,31.750000000000497,0,0.0
3,A,PREY,46,10.779999999999996,176,70.09799999999969,6,2,23.666666666667066,31.750000000000497,0,0.0
3,A,PREY,47,10.259999999999978,179,70.09799999999969,6,2,14.650000000000373,31.000000000000497,0,0.0
3,A,PREY,48,15.62999999999996,181,70.09799999999969,6,2,14.691666666667047,30.400000000000496,0,0.0
3,A,PREY,49,5.919999999999989,172,70.09799999999969,6,2,41.84166666666709,33.10000000000049,0,0.0
3,A,PREY,50,11.629999999999944,189,70.09799999999969,4,2,6.850000000000347,36.10000000000051,1,0.0
3,A,PREY,51,17.069999999999936,184,70.09799999999969,6,2,7.975000000000345,29.35000000000049,0,0.0
3,A,PREY,52,8.349999999999964,174,70.09799999999969,6,2,33.008333333333745,31.9000000000005,0,0.0
3,A,PREY,53,8.309999999999958,178,70.09799999999969,6,2,7.525000000000358,30.100000000000495,0,0.0
3,A,PREY,54,17.109999999999935,180,70.09799999999969,5,2,19.430000000000373,29.650000000000496,0,0.0
3,A,PREY,55,8.329999999999925,176,70.09799999999969,6,2,10.825000000000356,31.9000000000005,0,0.0
3,A,PREY,56,10.299999999999935,175,70.09799999999969,6,2,15.291666666667048,31.750000000000497,0,0.0
3,A,PREY,57,4.88000000000004,178,70.09799999999969,6,2,8.500000000000357,31.150000000000496,0,0.0
3,A,PREY,58,10.779999999999946,176,70.09799999999969,6,2,11.175000000000347,31.150000000000496,0,0.0
3,A,PREY,59,-10.01,1,70.09799999999969,6,2,69.7,92.35,1,0.0
3,A,PREY,60,13.689999999999953,179,70.09799999999969,6,2,7.975000000000356,31.150000000000496,0,0.0
3,A,PREY,61,14.669999999999986,179,70.09799999999969,6,2,8.575000000000351,28.60000000000049,0,0.0
3,A,PREY,62,12.739999999999966,176,70.09799999999969,4,2,34.12500000000042,31.9000000000005,0,0.0
3,A,PREY,63,2.5000000000000373,171,70.09799999999969,6,2,27.116666666667047,33.40000000000049,0,0.0
3,A,PREY,64,11.759999999999922,176,70.09799999999969,6,2,17.26666666666702,31.9000000000005,0,0.0
3,A,PREY,65,17.10999999999997,180,70.09799999999969,6,2,9.475000000000342,30.400000000000496,0,0.0
3,A,PREY,66,18.089999999999918,180,70.09799999999969,6,2,25.116666666667044,30.400000000000496,0,0.0
3,A,PREY,67,11.719999999999994,180,70.09799999999969,6,2,16.41666666666704,27.85000000000049,0,0.0
3,A,PREY,68,15.640000000000002,180,70.09799999999969,6,2,8.975000000000348,30.700000000000497,0,0.0
3,A,PREY,69,15.649999999999972,179,70.09799999999969,6,2,9.150000000000347,30.550000000000495,0,0.0
3,A,PREY,70,21.489999999999924,183,70.09799999999969,6,2,8.025000000000354,29.950000000000493,0,0.0
3,A,PREY,71,19.049999999999955,182,70.09799999999969,6,2,23.43333333333374,29.35000000000049,0,0.0
3,A,PREY,72,22.94999999999995,184,70.09799999999969,6,2,6.775000000000355,29.35000000000049,0,0.0
3,A,PREY,73,17.579999999999913,182,70.09799999999969,6,2,27.36666666666702,29.650000000000496,0,0.0
3,A,PREY,74,11.249999999999924,178,70.09799999999969,6,2,14.975000000000373,31.300000000000498,0,0.0
3,A,PREY,75,19.559999999999935,180,70.09799999999969,6,2,14.491666666667038,30.100000000000495,0,0.0
3,A,PREY,76,10.769999999999916,177,70.09799999999969,6,2,10.05000000000035,31.9000000000005,0,0.0
3,A,PREY,77,11.249999999999952,178,70.09799999999969,5,2,9.820000000000352,38.8000000000005,1,0.0
3,A,PREY,78,11.739999999999954,178,70.09799999999969,6,2,17.466666666667034,31.4500000000005,0,0.0
3,A,PREY,79,23.909999999999943,186,70.09799999999969,6,2,11.750000000000378,28.75000000000049,0,0.0
3,A,PREY,80,14.669999999999908,179,70.09799999999969,6,2,8.325000000000355,30.250000000000497,0,0.0
3,A,PREY,81,14.189999999999943,178,70.09799999999969,6,2,16.125000000000366,31.150000000000496,0,0.0
3,A,PREY,82,15.15999999999993,179,70.09799999999969,6,2,17.24166666666704,30.700000000000497,0,0.0
3,A,PREY,83,20.50999999999995,183,70.09799999999969,6,2,9.625000000000346,29.650000000000496,0,0.0
3,A,PREY,84,29.769999999999957,188,70.09799999999969,6,2,22.55833333333374,27.85000000000049,0,0.0
3,A,PREY,85,19.52999999999991,183,70.09799999999969,6,2,7.600000000000343,29.500000000000494,0,0.0
3,A,PREY,86,11.259999999999929,177,70.09799999999969,6,2,20.875000000000316,31.750000000000497,0,0.0
3,A,PREY,87,20.519999999999953,182,70.09799999999969,6,2,27.400000000000333,28.450000000000493,0,0.0
3,A,PREY,88,23.449999999999957,183,70.09799999999969,6,2,20.48333333333373,29.950000000000493,0,0.0
3,A,PREY,89,16.62999999999991,179,70.09799999999969,6,2,8.350000000000353,28.450000000000493,0,0.0
3,A,PREY,90,13.709999999999939,177,70.09799999999969,6,2,21.29166666666707,31.9000000000005,0,0.0
3,A,PREY,91,21.97999999999994,183,70.09799999999969,6,2,13.291666666667021,28.15000000000049,0,0.0
3,A,PREY,92,28.30999999999995,187,70.09799999999969,6,2,14.766666666667044,28.450000000000493,0,0.0
3,A,PREY,93,15.65999999999992,178,70.09799999999969,6,2,10.000000000000353,30.550000000000495,0,0.0
3,A,PREY,94,21.97999999999992,183,70.09799999999969,6,2,7.025000000000355,30.100000000000495,0,0.0
3,A,PREY,95,30.25999999999997,188,70.09799999999969,6,2,22.55833333333374,28.30000000000049,0,0.0
3,A,PREY,96,25.869999999999965,186,70.09799999999969,6,2,23.13333333333374,27.70000000000049,0,0.0
3,A,PREY,97,14.64999999999994,181,70.09799999999969,6,2,14.416666666667048,29.950000000000493,0,0.0
3,A,PREY,98,20.009999999999913,184,70.09799999999969,6,2,6.850000000000352,29.200000000000493,0,0.0
3,A,PREY,99,28.799999999999958,187,70.09799999999969,6,2,4.4000000000003565,28.30000000000049,0,0.0
3,A,PREY,100,22.940000000000033,185,70.09799999999969,6,2,7.775000000000347,28.450000000000493,0,0.0
3,A,PREY,101,17.099999999999937,181,70.09799999999969,6,2,8.925000000000345,29.650000000000496,0,0.0
3,A,PREY,102,24.909999999999922,184,70.09799999999969,6,2,13.725000000000371,25.000000000000483,0,0.0
3,A,PREY,103,17.569999999999915,183,70.09799999999969,6,2,22.100000000000374,29.650000000000496,0,0.0
3,A,PREY,104,16.629999999999917,179,70.09799999999969,6,2,8.225000000000351,27.70000000000049,0,0.0
3,A,PREY,105,26.369999999999933,185,70.09799999999969,6,2,5.4500000000003554,29.200000000000493,0,0.0
3,A,PREY,106,33.64999999999997,192,70.09799999999969,5,2,28.68000000000036,26.65000000000049,0,0.0
3,A,PREY,107,28.799999999999955,187,70.09799999999969,5,2,23.30000000000043,35.200000000000514,1,0.0
3,A,PREY,108,34.14999999999994,191,70.09799999999969,5,2,5.950000000000347,27.25000000000049,0,0.0
3,A,PREY,109,40.95999999999994,196,70.09799999999969,5,2,19.190000000000392,25.450000000000486,0,0.0
3,A,PREY,110,32.64,195,70.09799999999969,6,2,3.1000000000003554,26.350000000000485,0,0.0
3,A,PREY,111,26.340000000000046,188,70.09799999999969,6,2,6.7500000000003455,28.15000000000049,0,0.0
3,A,PREY,112,17.5699999999999,183,70.09799999999969,6,2,22.425000000000384,29.500000000000494,0,0.0
3,A,PREY,113,23.929999999999968,184,70.09799999999969,6,2,8.525000000000345,29.35000000000049,0,0.0
3,A,PREY,114,21.959999999999965,185,70.09799999999969,6,2,13.941666666667041,28.450000000000493,0,0.0
3,A,PREY,115,24.39000000000008,187,70.09799999999969,6,2,4.725000000000356,28.15000000000049,0,0.0
3,A,PREY,116,29.750000000000007,190,70.09799999999969,4,2,5.762500000000355,25.750000000000483,0,0.0
3,A,PREY,117,37.069999999999965,193,70.09799999999969,6,2,14.09166666666704,26.500000000000487,0,0.0
3,A,PREY,118,32.669999999999916,192,70.09799999999969,5,2,3.580000000000363,27.25000000000049,0,0.0
3,A,PREY,119,19.5299999999999,183,70.09799999999969,6,2,11.966666666667024,29.650000000000496,0,0.0
3,A,PREY,120,30.699999999999942,193,70.09799999999969,6,2,5.350000000000345,26.800000000000487,0,0.0
3,A,PREY,121,22.94000000000004,185,70.09799999999969,6,2,22.991666666667054,29.050000000000495,0,0.0
3,A,PREY,122,22.449999999999953,185,70.09799999999969,6,2,14.116666666667046,29.35000000000049,0,0.0
3,A,PREY,123,33.18999999999995,189,70.09799999999969,6,2,23.725000000000346,26.350000000000485,0,0.0
3,A,PREY,124,39.99999999999994,194,70.09799999999969,5,2,23.090000000000437,26.350000000000485,0,0.0
3,A,PREY,125,27.810000000000056,188,70.09799999999969,6,2,11.291666666667025,28.00000000000049,0,0.0
3,A,PREY,126,25.350000000000072,189,70.09799999999969,6,2,13.14166666666704,27.85000000000049,0,0.0
3,A,PREY,127,22.93000000000007,186,70.09799999999969,6,2,20.133333333333727,27.25000000000049,0,0.0
3,A,PREY,128,24.88000000000008,187,70.09799999999969,6,2,6.275000000000354,28.60000000000049,0,0.0
3,A,PREY,129,19.999999999999893,185,70.09799999999969,6,2,7.450000000000351,28.450000000000493,0,0.0
3,A,PREY,130,29.779999999999905,187,70.09799999999969,6,2,14.716666666667043,28.60000000000049,0,0.0
3,A,PREY,131,29.280000000000044,188,70.09799999999969,6,2,8.050000000000345,28.15000000000049,0,0.0
3,A,PREY,132,31.710000000000008,190,70.09799999999969,4,2,7.900000000000331,27.85000000000049,0,0.0
3,A,PREY,133,40.96999999999991,195,70.09799999999969,5,2,22.550000000000416,26.350000000000485,0,0.0
3,A,PREY,134,39.019999999999925,194,70.09799999999969,5,2,12.82000000000038,26.65000000000049,0,0.0
3,A,PREY,135,36.57999999999996,193,70.09799999999969,4,2,6.137500000000342,26.050000000000487,0,0.0
3,A,PREY,136,39.98999999999988,195,70.09799999999969,2,2,25.75000000000042,26.200000000000486,0,0.0
3,A,PREY,137,37.579999999999956,191,70.09799999999969,5,2,14.820000000000382,27.25000000000049,0,0.0
3,A,PREY,138,47.77999999999993,200,70.09799999999969,3,2,33.266666666667085,24.40000000000048,0,0.0
3,A,PREY,139,25.870000000000033,186,70.09799999999969,6,2,4.925000000000355,28.900000000000492,0,0.0
3,A,PREY,140,23.46000000000005,182,70.09799999999969,6,2,21.408333333333744,29.800000000000495,0,0.0
3,A,PREY,141,26.340000000000032,188,70.09799999999969,6,2,5.250000000000351,27.550000000000487,0,0.0
3,A,PREY,142,46.79999999999991,200,70.09799999999969,3,2,4.600000000000343,24.55000000000048,0,0.0
3,A,PREY,143,31.210000000000043,191,70.09799999999969,4,2,5.050000000000352,35.050000000000516,1,0.0
3,A,PREY,144,27.330000000000055,187,70.09799999999969,6,2,34.72500000000042,28.900000000000492,0,0.0
3,A,PREY,145,23.439999999999948,184,70.09799999999969,6,2,8.175000000000345,27.70000000000049,0,0.0
3,A,PREY,146,37.569999999999936,192,70.09799999999969,3,2,4.950000000000347,27.40000000000049,0,0.0
3,A,PREY,147,39.00999999999994,195,70.09799999999969,4,2,15.275000000000365,24.700000000000482,0,0.0
3,A,PREY,148,40.94999999999992,197,70.09799999999969,3,2,2.9000000000003587,24.40000000000048,0,0.0
3,A,PREY,149,46.30999999999989,200,70.09799999999969,3,2,17.033333333333733,23.80000000000048,0,0.0
3,A,PREY,150,44.369999999999905,198,70.09799999999969,3,2,16.65000000000041,25.300000000000484,0,0.0
3,A,PREY,151,51.689999999999884,201,70.09799999999969,5,2,3.460000000000349,23.95000000000048,0,0.0
3,A,PREY,152,30.220000000000034,192,70.09799999999969,6,2,14.76666666666704,27.40000000000049,0,0.0
3,A,PREY,153,46.3299999999999,198,70.09799999999969,6,2,11.016666666667057,24.10000000000048,0,0.0
3,A,PREY,154,30.740000000000073,189,70.09799999999969,6,2,4.600000000000355,28.15000000000049,0,0.0
3,A,PREY,155,30.740000000000038,189,70.09799999999969,5,2,16.680000000000355,27.85000000000049,0,0.0
3,A,PREY,156,33.67,190,70.09799999999969,5,2,22.170000000000414,27.40000000000049,0,0.0
3,A,PREY,157,31.20000000000004,192,70.09799999999969,5,2,4.420000000000355,26.200000000000486,0,0.0
3,A,PREY,158,31.25000000000003,187,70.09799999999969,6,2,7.22500000000035,28.15000000000049,0,0.0
3,A,PREY,159,33.190000000000026,189,70.09799999999969,6,2,13.366666666667024,28.30000000000049,0,0.0
3,A,PREY,160,31.230000000000047,189,70.09799999999969,6,2,1.6500000000003616,22.000000000000476,0,0.0
3,A,PREY,161,29.780000000000044,187,70.09799999999969,6,2,4.600000000000357,27.70000000000049,0,0.0
3,A,PREY,162,32.15000000000004,195,70.09799999999969,5,2,22.430000000000387,26.050000000000487,0,0.0
3,A,PREY,163,33.63999999999998,193,70.09799999999969,5,2,23.90000000000042,26.500000000000487,0,0.0
3,A,PREY,164,43.40999999999991,196,70.09799999999969,4,2,25.800000000000402,25.600000000000485,0,0.0
3,A,PREY,165,37.06,194,70.09799999999969,4,2,4.225000000000349,23.65000000000048,0,0.0
3,A,PREY,166,34.620000000000026,193,70.09799999999969,6,2,4.375000000000348,25.900000000000485,0,0.0
3,A,PREY,167,26.840000000000018,187,70.09799999999969,6,2,10.516666666667051,28.60000000000049,0,0.0
3,A,PREY,168,33.18999999999988,189,70.09799999999969,6,2,13.825000000000358,27.40000000000049,0,0.0
3,A,PREY,169,33.17999999999991,190,70.09799999999969,6,2,13.700000000000363,27.40000000000049,0,0.0
3,A,PREY,170,33.6699999999999,190,70.09799999999969,4,2,6.287500000000349,27.550000000000487,0,0.0
3,A,PREY,171,52.64999999999986,203,70.09799999999969,5,2,2.4400000000003494,23.65000000000048,0,0.0
3,A,PREY,172,45.31999999999987,201,70.09799999999969,3,2,3.150000000000352,24.55000000000048,0,0.0
3,A,PREY,173,51.179999999999865,203,70.09799999999969,3,2,17.633333333333763,23.65000000000048,0,0.0
3,A,PREY,174,47.759999999999906,202,70.09799999999969,5,2,2.9800000000003446,24.10000000000048,0,0.0
3,A,PREY,175,46.32999999999987,198,70.09799999999969,5,2,21.860000000000444,25.300000000000484,0,0.0
3,A,PREY,176,37.540000000000006,195,70.09799999999969,2,2,4.450000000000349,25.450000000000486,0,0.0
3,A,PREY,177,33.160000000000025,192,70.09799999999969,3,2,20.783333333333744,34.60000000000052,1,0.0
3,A,PREY,178,33.68000000000004,189,70.09799999999969,5,2,5.140000000000347,28.00000000000049,0,0.0
3,A,PREY,179,33.2,188,70.09799999999969,6,2,6.025000000000347,28.30000000000049,0,0.0
3,A,PREY,180,34.17000000000002,189,70.09799999999969,6,2,21.68333333333375,27.70000000000049,0,0.0
3,A,PREY,181,37.07000000000002,193,70.09799999999969,5,2,12.510000000000352,26.65000000000049,0,0.0
3,A,PREY,182,33.18000000000005,190,70.09799999999969,6,2,14.216666666667045,27.40000000000049,0,0.0
3,A,PREY,183,48.269999999999925,200,70.09799999999969,3,2,19.433333333333746,23.80000000000048,0,0.0
3,A,PREY,184,36.56000000000005,195,70.09799999999969,4,2,3.6625000000003545,25.750000000000483,0,0.0
3,A,PREY,185,33.19000000000005,189,70.09799999999969,6,2,14.79166666666704,27.40000000000049,0,0.0
3,A,PREY,186,44.86999999999998,197,70.09799999999969,5,2,12.840000000000398,24.850000000000485,0,0.0
3,A,PREY,187,47.779999999999916,200,70.09799999999969,5,2,10.90000000000038,23.350000000000477,0,0.0
3,A,PREY,188,32.70000000000004,189,70.09799999999969,6,2,5.925000000000352,28.30000000000049,0,0.0
3,A,PREY,189,34.640000000000036,191,70.09799999999969,6,2,13.491666666667044,27.25000000000049,0,0.0
3,A,PREY,190,40.48000000000003,195,70.09799999999969,4,2,38.50000000000051,26.050000000000487,0,0.0
3,A,PREY,191,34.66000000000003,189,70.09799999999969,6,2,5.05000000000035,28.00000000000049,0,0.0
3,A,PREY,192,51.68999999999987,201,70.09799999999969,3,2,3.250000000000346,24.250000000000483,0,0.0
3,A,PREY,193,35.600000000000044,193,70.09799999999969,5,2,23.30000000000042,27.100000000000488,0,0.0
3,A,PREY,194,53.639999999999844,202,70.09799999999969,6,2,17.875000000000302,23.80000000000048,0,0.0
3,A,PREY,195,44.84999999999994,199,70.09799999999969,3,2,32.6333333333338,24.40000000000048,0,0.0
3,A,PREY,196,24.870000000000047,188,70.09799999999969,6,2,11.816666666667027,28.15000000000049,0,0.0
3,A,PREY,197,37.07000000000003,193,70.09799999999969,5,2,14.550000000000392,26.050000000000487,0,0.0
3,A,PREY,198,34.600000000000016,195,70.09799999999969,4,2,45.07500000000037,23.95000000000048,0,0.0
3,A,PREY,199,32.689999999999955,190,70.09799999999969,6,2,19.566666666667064,26.200000000000486,0,0.0
3,A,PREY,200,33.12000000000005,196,70.09799999999969,4,2,15.362500000000384,27.66875000000053,1,0.0
3,A,PREY,201,37.05000000000001,195,70.09799999999969,4,2,16.625000000000373,25.000000000000483,0,0.0
3,A,PREY,202,31.700000000000017,191,70.09799999999969,3,2,3.500000000000364,27.100000000000488,0,0.0
3,A,PREY,203,46.81999999999987,198,70.09799999999969,6,2,18.308333333333724,25.15000000000048,0,0.0
3,A,PREY,204,57.529999999999845,205,70.09799999999969,4,2,23.58750000000046,23.05000000000048,0,0.0
3,A,PREY,205,63.359999999999886,210,70.09799999999969,3,2,1.9000000000003368,21.100000000000474,0,0.0
3,A,PREY,206,52.16999999999986,202,70.09799999999969,4,2,12.95000000000036,23.95000000000048,0,0.0
3,A,PREY,207,58.969999999999864,208,70.09799999999969,3,2,1.400000000000342,21.250000000000476,0,0.0
3,A,PREY,208,56.049999999999834,206,70.09799999999969,3,2,1.7000000000003546,20.500000000000473,0,0.0
3,A,PREY,209,55.57999999999988,204,70.09799999999969,3,2,2.7500000000003504,30.43750000000053,1,0.0
3,A,PREY,210,61.89999999999985,209,70.09799999999969,5,2,17.040000000000415,21.850000000000477,0,0.0
3,A,PREY,211,56.54999999999987,205,70.09799999999969,4,2,1.9750000000003505,23.50000000000048,0,0.0
3,A,PREY,212,50.709999999999916,201,70.09799999999969,6,2,14.625000000000334,24.40000000000048,0,0.0
3,A,PREY,213,57.029999999999895,206,70.09799999999969,3,2,14.683333333333694,21.550000000000473,0,0.0
3,A,PREY,214,53.12999999999987,204,70.09799999999969,6,2,10.666666666667046,22.600000000000477,0,0.0
3,A,PREY,215,60.439999999999856,208,70.09799999999969,4,2,41.13750000000047,21.550000000000473,0,0.0
3,A,PREY,216,55.07999999999986,205,70.09799999999969,4,2,1.8625000000003544,23.05000000000048,0,0.0
3,A,PREY,217,55.579999999999885,204,70.09799999999969,3,2,15.45000000000042,23.50000000000048,0,0.0
3,A,PREY,218,41.93999999999998,196,70.09799999999969,4,2,4.9000000000003485,24.55000000000048,0,0.0
3,A,PREY,219,41.93000000000002,197,70.09799999999969,2,2,22.950000000000387,25.450000000000486,0,0.0
3,A,PREY,220,61.419999999999916,208,70.09799999999969,2,2,4.000000000000329,20.800000000000473,0,0.0
3,A,PREY,221,42.90999999999999,197,70.09799999999969,6,2,5.475000000000339,25.450000000000486,0,0.0
3,A,PREY,222,41.45000000000001,196,70.09799999999969,4,2,15.5750000000004,26.200000000000486,0,0.0
3,A,PREY,223,39.5,195,70.09799999999969,5,2,12.670000000000387,25.600000000000485,0,0.0
3,A,PREY,224,56.0199999999999,209,70.09799999999969,5,2,26.480000000000473,19.150000000000468,0,0.0
3,A,PREY,225,36.58000000000002,193,70.09799999999969,4,2,2.8375000000003667,25.900000000000485,0,0.0
3,A,PREY,226,37.06000000000001,194,70.09799999999969,6,2,11.99166666666702,26.200000000000486,0,0.0
3,A,PREY,227,45.359999999999886,197,70.09799999999969,5,2,13.350000000000392,25.600000000000485,0,0.0
3,A,PREY,228,22.46999999999999,183,70.09799999999969,6,2,13.166666666667055,29.950000000000493,0,0.0
3,A,PREY,229,43.88999999999997,197,70.09799999999969,5,2,19.61000000000043,23.50000000000048,0,0.0
3,A,PREY,230,56.07999999999984,203,70.09799999999969,3,2,17.500000000000398,24.10000000000048,0,0.0
3,A,PREY,231,37.57000000000001,192,70.09799999999969,4,2,4.112500000000355,27.100000000000488,0,0.0
3,A,PREY,232,48.26999999999991,200,70.09799999999969,5,2,3.13000000000035,24.250000000000483,0,0.0
3,A,PREY,233,63.35999999999987,210,70.09799999999969,3,2,0.9000000000003454,21.400000000000475,0,0.0
3,A,PREY,234,55.579999999999885,204,70.09799999999969,4,2,3.925000000000336,23.65000000000048,0,0.0
3,A,PREY,235,44.869999999999976,197,70.09799999999969,4,2,14.037500000000366,23.95000000000048,0,0.0
3,A,PREY,236,55.539999999999864,208,70.09799999999969,4,2,11.875000000000394,21.850000000000477,0,0.0
3,A,PREY,237,39.04,192,70.09799999999969,3,2,6.800000000000343,27.100000000000488,0,0.0
3,A,PREY,238,54.58999999999989,205,70.09799999999969,4,2,1.8250000000003515,22.900000000000478,0,0.0
3,A,PREY,239,38.03999999999999,194,70.09799999999969,3,2,5.050000000000349,25.900000000000485,0,0.0
3,A,PREY,240,35.61000000000001,192,70.09799999999969,4,2,4.900000000000347,25.000000000000483,0,0.0
3,A,PREY,241,55.089999999999904,204,70.09799999999969,3,2,3.2000000000003426,23.05000000000048,0,0.0
3,A,PREY,242,28.30000000000014,188,70.09799999999969,6,2,14.166666666667043,28.30000000000049,0,0.0
3,A,PREY,243,21.959999999999866,185,70.09799999999969,6,2,14.04166666666705,27.70000000000049,0,0.0
3,A,PREY,244,41.90999999999998,199,70.09799999999969,4,2,4.225000000000345,24.700000000000482,0,0.0
3,A,PREY,245,30.240000000000038,190,70.09799999999969,5,2,15.520000000000366,27.70000000000049,0,0.0
3,A,PREY,246,29.65000000000004,200,70.09799999999969,4,2,14.037500000000414,25.000000000000483,0,0.0
3,A,PREY,247,32.6300000000001,196,70.09799999999969,2,2,2.500000000000361,32.800000000000516,1,0.0
3,A,PREY,248,38.98999999999991,197,70.09799999999969,3,2,23.10000000000036,24.250000000000483,0,0.0
3,A,PREY,249,22.460000000000186,184,70.09799999999969,6,2,6.250000000000355,29.500000000000494,0,0.0
3,A,PREY,250,34.16999999999998,189,70.09799999999969,6,2,13.866666666667031,27.70000000000049,0,0.0
3,B,PREDATOR,1,-2.7999999999999723,162,93.05599999999991,6,2,27.91666666666701,36.25000000000046,0,0.0
3,B,PREDATOR,2,24.63666666666672,213,93.05599999999991,2,2,23.400000000000382,20.050000000000473,1,0.0
3,B,PREDATOR,3,-1.8099999999999739,161,93.05599999999991,6,2,40.19166666666704,35.950000000000465,0,0.0
3,B,PREDATOR,4,-4.219999999999974,157,93.05599999999991,6,2,29.26666666666702,37.75000000000045,0,0.0
3,B,PREDATOR,5,-1.8299999999999699,163,93.05599999999991,6,2,20.62500000000033,36.10000000000046,0,0.0
3,B,PREDATOR,6,0.6200000000000312,163,93.05599999999991,6,2,20.825000000000333,35.50000000000047,0,0.0
3,B,PREDATOR,7,-0.36999999999997435,164,93.05599999999991,5,2,27.520000000000344,43.00000000000047,1,0.0
3,B,PREDATOR,8,-5.319999999999979,169,93.05599999999991,6,2,18.70000000000033,34.15000000000048,0,0.0
3,B,PREDATOR,9,-3.2499999999999734,158,93.05599999999991,6,2,29.091666666667013,37.15000000000045,0,0.0
3,B,PREDATOR,10,-4.199999999999983,155,93.05599999999991,6,2,23.275000000000336,38.35000000000044,0,0.0
3,B,PREDATOR,11,-0.3399999999999661,161,93.05599999999991,6,2,21.475000000000335,36.25000000000046,0,0.0
3,B,PREDATOR,12,4.020000000000033,166,93.05599999999991,6,2,25.975000000000346,34.900000000000475,0,0.0
3,B,PREDATOR,13,22.016666666666566,204,93.05599999999991,5,2,4.360000000000315,22.900000000000478,1,0.0
3,B,PREDATOR,14,-0.40999999999996817,168,93.05599999999991,6,2,19.00000000000033,34.60000000000048,0,0.0
3,B,PREDATOR,15,2.5600000000000342,165,93.05599999999991,6,2,32.92500000000028,34.900000000000475,0,0.0
3,B,PREDATOR,16,1.1000000000000298,164,93.05599999999991,6,2,33.78333333333371,34.750000000000476,0,0.0
3,B,PREDATOR,17,1.6000000000000334,163,93.05599999999991,6,2,44.641666666667,35.50000000000047,0,0.0
3,B,PREDATOR,18,0.5500000000000309,170,93.05599999999991,6,2,25.09166666666702,33.850000000000485,0,0.0
3,B,PREDATOR,19,5.0200000000000315,164,93.05599999999991,6,2,20.600000000000332,35.35000000000047,0,0.0
3,B,PREDATOR,20,-3.7599999999999785,160,93.05599999999991,6,2,34.11666666666704,36.55000000000046,0,0.0
3,B,PREDATOR,21,-1.8199999999999736,162,93.05599999999991,6,2,27.791666666667023,35.950000000000465,0,0.0
3,B,PREDATOR,22,3.010000000000028,169,93.05599999999991,6,2,25.56666666666702,33.700000000000486,0,0.0
3,B,PREDATOR,23,5.4100000000000374,174,93.05599999999991,6,2,22.916666666667016,31.9000000000005,0,0.0
3,B,PREDATOR,24,6.450000000000012,168,93.05599999999991,6,2,29.62500000000031,34.30000000000048,0,0.0
3,B,PREDATOR,25,6.4200000000000355,171,93.05599999999991,6,2,17.675000000000335,33.10000000000049,0,0.0
3,B,PREDATOR,26,3.520000000000028,167,93.05599999999991,6,2,19.550000000000335,34.750000000000476,0,0.0
3,B,PREDATOR,27,7.390000000000022,172,93.05599999999991,6,2,24.16666666666701,32.800000000000495,0,0.0
3,B,PREDATOR,28,7.869999999999985,173,93.05599999999991,6,2,17.000000000000338,32.800000000000495,0,0.0
3,B,PREDATOR,29,1.6000000000000245,163,93.05599999999991,6,2,20.92500000000033,35.800000000000466,0,0.0
3,B,PREDATOR,30,3.050000000000031,165,93.05599999999991,6,2,27.01666666666702,34.900000000000475,0,0.0
3,B,PREDATOR,31,11.759999999999946,176,93.05599999999991,6,2,15.750000000000334,31.9000000000005,0,0.0
3,B,PREDATOR,32,6.920000000000039,170,93.05599999999991,4,2,18.250000000000334,34.00000000000048,0,0.0
3,B,PREDATOR,33,2.080000000000032,164,93.05599999999991,6,2,27.316666666667007,35.50000000000047,0,0.0
3,B,PREDATOR,34,6.4200000000000355,171,93.05599999999991,6,2,22.950000000000355,33.700000000000486,0,0.0
3,B,PREDATOR,35,13.199999999999955,179,93.05599999999991,6,2,23.650000000000322,30.8500000000005,0,0.0
3,B,PREDATOR,36,6.420000000000028,171,93.05599999999991,6,2,17.475000000000332,33.10000000000049,0,0.0
3,B,PREDATOR,37,11.28000000000001,175,93.05599999999991,6,2,15.975000000000335,32.3500000000005,0,0.0
3,B,PREDATOR,38,7.419999999999989,169,93.05599999999991,6,2,18.275000000000333,33.850000000000485,0,0.0
3,B,PREDATOR,39,9.349999999999993,172,93.05599999999991,6,2,24.141666666667025,33.10000000000049,0,0.0
3,B,PREDATOR,40,10.360000000000008,169,93.05599999999991,6,2,32.13333333333371,34.00000000000048,0,0.0
3,B,PREDATOR,41,10.29999999999997,175,93.05599999999991,6,2,25.40000000000032,31.9000000000005,0,0.0
3,B,PREDATOR,42,7.830000000000007,177,93.05599999999991,6,2,21.200000000000355,31.4500000000005,0,0.0
3,B,PREDATOR,43,11.289999999999969,174,93.05599999999991,5,2,23.350000000000357,40.45000000000049,1,0.0
3,B,PREDATOR,44,9.85,171,93.05599999999991,6,2,24.091666666667027,33.700000000000486,0,0.0
3,B,PREDATOR,45,4.040000000000033,164,93.05599999999991,6,2,26.55000000000034,35.35000000000047,0,0.0
3,B,PREDATOR,46,15.669999999999968,177,93.05599999999991,6,2,15.250000000000334,31.4500000000005,0,0.0
3,B,PREDATOR,47,9.78000000000002,178,93.05599999999991,6,2,28.608333333333686,30.550000000000495,0,0.0
3,B,PREDATOR,48,9.299999999999999,177,93.05599999999991,6,2,21.27500000000035,31.750000000000497,0,0.0
3,B,PREDATOR,49,9.349999999999971,172,93.05599999999991,6,2,24.29166666666701,33.25000000000049,0,0.0
3,B,PREDATOR,50,11.789999999999983,173,93.05599999999991,6,2,22.200000000000358,32.650000000000496,0,0.0
3,B,PREDATOR,51,16.169999999999938,176,93.05599999999991,6,2,15.675000000000333,31.4500000000005,0,0.0
3,B,PREDATOR,52,10.339999999999984,171,93.05599999999991,6,2,18.00000000000033,33.25000000000049,0,0.0
3,B,PREDATOR,53,18.55999999999994,182,93.05599999999991,6,2,13.05000000000033,29.35000000000049,0,0.0
3,B,PREDATOR,54,14.689999999999932,177,93.05599999999991,6,2,21.850000000000346,31.300000000000498,0,0.0
3,B,PREDATOR,55,17.57999999999995,182,93.05599999999991,6,2,19.96666666666702,29.950000000000493,0,0.0
3,B,PREDATOR,56,8.839999999999963,174,93.05599999999991,6,2,28.51666666666704,32.5000000000005,0,0.0
3,B,PREDATOR,57,11.78999999999997,173,93.05599999999991,6,2,23.841666666667024,32.95000000000049,0,0.0
3,B,PREDATOR,58,14.699999999999909,176,93.05599999999991,6,2,22.841666666667024,31.6000000000005,0,0.0
3,B,PREDATOR,59,7.409999999999966,170,93.05599999999991,6,2,24.99166666666702,33.700000000000486,0,0.0
3,B,PREDATOR,60,12.779999999999935,172,93.05599999999991,6,2,24.39166666666702,33.25000000000049,0,0.0
3,B,PREDATOR,61,13.19999999999994,179,93.05599999999991,6,2,14.200000000000324,30.700000000000497,0,0.0
3,B,PREDATOR,62,13.729999999999956,175,93.05599999999991,6,2,16.125000000000338,32.5000000000005,0,0.0
3,B,PREDATOR,63,10.810000000000008,173,93.05599999999991,6,2,16.37500000000032,32.95000000000049,0,0.0
3,B,PREDATOR,64,18.58999999999994,179,93.05599999999991,6,2,21.36666666666703,31.000000000000497,0,0.0
3,B,PREDATOR,65,23.459999999999933,182,93.05599999999991,6,2,13.275000000000325,30.100000000000495,0,0.0
3,B,PREDATOR,66,16.139999999999922,179,93.05599999999991,6,2,21.241666666666994,30.100000000000495,0,0.0
3,B,PREDATOR,67,15.0941666666667,186,93.05599999999991,5,2,26.860000000000277,28.75000000000049,1,0.0
3,B,PREDATOR,68,38.906666666666766,218,93.05599999999991,4,2,2.837500000000314,18.70000000000047,1,0.0
3,B,PREDATOR,69,10.78999999999994,175,93.05599999999991,6,2,16.200000000000333,31.9000000000005,0,0.0
3,B,PREDATOR,70,22.489999999999963,181,93.05599999999991,6,2,13.375000000000332,30.550000000000495,0,0.0
3,B,PREDATOR,71,16.139999999999944,179,93.05599999999991,6,2,28.308333333333717,30.400000000000496,0,0.0
3,B,PREDATOR,72,15.199999999999934,175,93.05599999999991,6,2,16.25000000000033,32.2000000000005,0,0.0
3,B,PREDATOR,73,10.799999999999931,174,93.05599999999991,6,2,16.10000000000034,32.2000000000005,0,0.0
3,B,PREDATOR,74,11.729999999999903,179,93.05599999999991,6,2,20.275000000000354,31.150000000000496,0,0.0
3,B,PREDATOR,75,18.059999999999924,183,93.05599999999991,6,2,19.441666666667025,29.950000000000493,0,0.0
3,B,PREDATOR,76,18.55999999999996,182,93.05599999999991,6,2,33.58333333333371,28.60000000000049,0,0.0
3,B,PREDATOR,77,16.069999999999965,186,93.05599999999991,5,2,19.290000000000326,36.850000000000506,1,0.0
3,B,PREDATOR,78,22.939999999999962,185,93.05599999999991,6,2,11.475000000000321,29.200000000000493,0,0.0
3,B,PREDATOR,79,27.829999999999956,186,93.05599999999991,6,2,18.541666666667016,29.050000000000495,0,0.0
3,B,PREDATOR,80,21.519999999999968,180,93.05599999999991,6,2,34.45000000000039,31.000000000000497,0,0.0
3,B,PREDATOR,81,29.749999999999957,190,93.05599999999991,6,2,30.350000000000364,27.85000000000049,0,0.0
3,B,PREDATOR,82,24.329999999999934,193,93.05599999999991,6,2,15.716666666667019,26.500000000000487,0,0.0
3,B,PREDATOR,83,22.46999999999997,183,93.05599999999991,6,2,26.958333333333727,29.950000000000493,0,0.0
3,B,PREDATOR,84,21.029999999999927,180,93.05599999999991,6,2,13.925000000000326,30.700000000000497,0,0.0
3,B,PREDATOR,85,18.54999999999992,183,93.05599999999991,6,2,19.666666666667023,29.800000000000495,0,0.0
3,B,PREDATOR,86,19.059999999999945,181,93.05599999999991,6,2,26.958333333333716,29.800000000000495,0,0.0
3,B,PREDATOR,87,27.799999999999944,189,93.05599999999991,6,2,16.991666666667026,27.70000000000049,0,0.0
3,B,PREDATOR,88,20.52999999999993,181,93.05599999999991,6,2,13.70000000000033,30.550000000000495,0,0.0
3,B,PREDATOR,89,22.409999999999954,189,93.05599999999991,6,2,17.21666666666702,27.85000000000049,0,0.0
3,B,PREDATOR,90,22.429999999999925,187,93.05599999999991,6,2,19.01666666666702,28.60000000000049,0,0.0
3,B,PREDATOR,91,22.440000000000047,186,93.05599999999991,6,2,11.550000000000322,27.70000000000049,0,0.0
3,B,PREDATOR,92,14.709999999999939,175,93.05599999999991,6,2,16.175000000000335,32.3500000000005,0,0.0
3,B,PREDATOR,93,38.94916666666669,219,93.05599999999991,1,2,4.000000000000307,18.550000000000466,1,0.0
3,B,PREDATOR,94,12.259999999999959,175,93.05599999999991,6,2,36.8500000000004,31.750000000000497,0,0.0
3,B,PREDATOR,95,47.31416666666669,222,93.05599999999991,3,2,14.43333333333374,16.900000000000464,1,0.0
3,B,PREDATOR,96,22.879999999999924,191,93.05599999999991,6,2,16.025000000000343,27.25000000000049,0,0.0
3,B,PREDATOR,97,29.739999999999988,191,93.05599999999991,6,2,16.141666666667003,27.40000000000049,0,0.0
3,B,PREDATOR,98,24.829999999999963,192,93.05599999999991,6,2,24.48333333333373,26.950000000000486,0,0.0
3,B,PREDATOR,99,32.65999999999996,193,93.05599999999991,6,2,15.81666666666701,26.200000000000486,0,0.0
3,B,PREDATOR,100,26.339999999999964,188,93.05599999999991,6,2,16.500000000000348,28.30000000000049,0,0.0
3,B,PREDATOR,101,20.979999999999926,185,93.05599999999991,6,2,19.041666666667016,28.900000000000492,0,0.0
3,B,PREDATOR,102,22.83999999999994,195,93.05599999999991,6,2,8.700000000000315,26.350000000000485,0,0.0
3,B,PREDATOR,103,26.32999999999997,189,93.05599999999991,6,2,10.475000000000318,27.85000000000049,0,0.0
3,B,PREDATOR,104,26.349999999999937,187,93.05599999999991,6,2,17.81666666666702,28.75000000000049,0,0.0
3,B,PREDATOR,105,27.809999999999917,188,93.05599999999991,6,2,17.616666666667022,28.60000000000049,0,0.0
3,B,PREDATOR,106,27.339999999999925,186,93.05599999999991,6,2,12.125000000000325,28.60000000000049,0,0.0
3,B,PREDATOR,107,32.09999999999998,200,93.05599999999991,6,2,12.291666666666977,24.55000000000048,0,0.0
3,B,PREDATOR,108,27.790000000000013,190,93.05599999999991,6,2,9.400000000000317,28.00000000000049,0,0.0
3,B,PREDATOR,109,29.739999999999984,191,93.05599999999991,6,2,9.075000000000319,27.25000000000049,0,0.0
3,B,PREDATOR,110,22.460000000000022,184,93.05599999999991,6,2,27.191666666667018,29.500000000000494,0,0.0
3,B,PREDATOR,111,24.410000000000032,185,93.05599999999991,6,2,24.60000000000029,28.15000000000049,0,0.0
3,B,PREDATOR,112,29.72,193,93.05599999999991,6,2,21.416666666667016,26.65000000000049,0,0.0
3,B,PREDATOR,113,30.70999999999994,192,93.05599999999991,6,2,16.09166666666702,26.950000000000486,0,0.0
3,B,PREDATOR,114,30.150000000000013,199,93.05599999999991,6,2,14.016666666667007,24.700000000000482,0,0.0
3,B,PREDATOR,115,21.93999999999992,187,93.05599999999991,6,2,31.941666666666976,28.75000000000049,0,0.0
3,B,PREDATOR,116,34.00916666666675,202,93.05599999999991,5,2,3.850000000000315,24.250000000000483,1,0.0
3,B,PREDATOR,117,43.34999999999991,202,93.05599999999991,6,2,12.916666666667005,23.95000000000048,0,0.0
3,B,PREDATOR,118,28.240000000000023,194,93.05599999999991,6,2,8.625000000000316,26.500000000000487,0,0.0
3,B,PREDATOR,119,48.27416666666662,224,93.05599999999991,2,2,18.75000000000034,17.200000000000465,1,0.0
3,B,PREDATOR,120,31.650000000000013,196,93.05599999999991,6,2,8.475000000000314,25.600000000000485,0,0.0
3,B,PREDATOR,121,37.049999999999955,195,93.05599999999991,6,2,15.241666666667022,26.200000000000486,0,0.0
3,B,PREDATOR,122,21.99999999999997,181,93.05599999999991,6,2,20.666666666667027,30.400000000000496,0,0.0
3,B,PREDATOR,123,22.970000000000027,182,93.05599999999991,6,2,18.225000000000357,29.35000000000049,0,0.0
3,B,PREDATOR,124,36.41,210,93.05599999999991,6,2,9.950000000000353,21.850000000000477,0,0.0
3,B,PREDATOR,125,46.249999999999915,206,93.05599999999991,6,2,10.441666666667025,22.750000000000476,0,0.0
3,B,PREDATOR,126,28.75000000000005,192,93.05599999999991,6,2,15.791666666666996,26.950000000000486,0,0.0
3,B,PREDATOR,127,21.979999999999915,183,93.05599999999991,6,2,12.525000000000325,29.950000000000493,0,0.0
3,B,PREDATOR,128,25.370000000000076,187,93.05599999999991,6,2,22.0500000000003,28.450000000000493,0,0.0
3,B,PREDATOR,129,24.85000000000008,190,93.05599999999991,6,2,31.32500000000041,27.25000000000049,0,0.0
3,B,PREDATOR,130,29.27000000000006,189,93.05599999999991,6,2,23.96666666666705,27.550000000000487,0,0.0
3,B,PREDATOR,131,26.830000000000034,188,93.05599999999991,6,2,10.150000000000317,27.70000000000049,0,0.0
3,B,PREDATOR,132,30.200000000000028,194,93.05599999999991,6,2,15.716666666666995,26.350000000000485,0,0.0
3,B,PREDATOR,133,30.20000000000003,194,93.05599999999991,6,2,8.750000000000314,26.800000000000487,0,0.0
3,B,PREDATOR,134,28.27000000000003,191,93.05599999999991,6,2,17.09166666666702,27.25000000000049,0,0.0
3,B,PREDATOR,135,28.270000000000053,191,93.05599999999991,6,2,9.575000000000317,26.950000000000486,0,0.0
3,B,PREDATOR,136,36.98999999999998,201,93.05599999999991,6,2,4.925000000000315,23.80000000000048,0,0.0
3,B,PREDATOR,137,25.88000000000003,185,93.05599999999991,6,2,18.741666666667005,28.75000000000049,0,0.0
3,B,PREDATOR,138,29.720000000000013,193,93.05599999999991,6,2,15.391666666667023,26.800000000000487,0,0.0
3,B,PREDATOR,139,23.46000000000003,182,93.05599999999991,6,2,19.941666666667025,30.100000000000495,0,0.0
3,B,PREDATOR,140,45.2799999999999,205,93.05599999999991,6,2,3.300000000000314,23.05000000000048,0,0.0
3,B,PREDATOR,141,45.269999999999904,206,93.05599999999991,6,2,16.658333333333694,22.750000000000476,0,0.0
3,B,PREDATOR,142,51.559999999999874,214,93.05599999999991,2,2,4.600000000000314,19.90000000000047,0,0.0
3,B,PREDATOR,143,50.569999999999894,215,93.05599999999991,2,2,43.92500000000044,20.200000000000472,0,0.0
3,B,PREDATOR,144,26.850000000000037,186,93.05599999999991,6,2,17.17500000000034,28.60000000000049,0,0.0
3,B,PREDATOR,145,29.770000000000017,188,93.05599999999991,6,2,17.525000000000343,28.60000000000049,0,0.0
3,B,PREDATOR,146,43.749999999999915,211,93.05599999999991,5,2,9.60000000000037,21.993750000000514,1,0.0
3,B,PREDATOR,147,38.95,201,93.05599999999991,5,2,5.290000000000314,32.65000000000052,1,0.0
3,B,PREDATOR,148,28.260000000000076,192,93.05599999999991,6,2,31.18333333333373,26.800000000000487,0,0.0
3,B,PREDATOR,149,30.720000000000027,191,93.05599999999991,6,2,9.875000000000322,27.100000000000488,0,0.0
3,B,PREDATOR,150,29.17000000000005,199,93.05599999999991,6,2,13.241666666667015,24.55000000000048,0,0.0
3,B,PREDATOR,151,43.319999999999936,205,93.05599999999991,6,2,2.6000000000003127,23.20000000000048,0,0.0
3,B,PREDATOR,152,35.540000000000035,199,93.05599999999991,6,2,12.841666666667024,24.700000000000482,0,0.0
3,B,PREDATOR,153,44.249999999999964,210,93.05599999999991,6,2,8.916666666666986,21.850000000000477,0,0.0
3,B,PREDATOR,154,31.660000000000004,195,93.05599999999991,6,2,20.51666666666706,26.200000000000486,0,0.0
3,B,PREDATOR,155,39.43416666666672,204,93.05599999999991,5,2,3.220000000000314,23.65000000000048,1,0.0
3,B,PREDATOR,156,80.0891666666666,269,93.05599999999991,0,2,0.0,3.700000000000446,1,0.0
3,B,PREDATOR,157,36.54999999999986,196,93.05599999999991,5,2,15.420000000000362,34.00000000000052,1,0.0
3,B,PREDATOR,158,34.57999999999994,197,93.05599999999991,6,2,14.275000000000347,25.900000000000485,0,0.0
3,B,PREDATOR,159,39.44,201,93.05599999999991,6,2,6.650000000000312,23.20000000000048,0,0.0
3,B,PREDATOR,160,38.45,202,93.05599999999991,6,2,12.116666666667024,23.65000000000048,0,0.0
3,B,PREDATOR,161,28.769999999999882,190,93.05599999999991,6,2,9.200000000000317,27.40000000000049,0,0.0
3,B,PREDATOR,162,25.51999999999998,123,93.05599999999991,6,3,49.766666666666964,22.90000000000018,0,0.0
3,B,PREDATOR,163,27.830000000000013,186,93.05599999999991,6,2,25.7333333333337,29.200000000000493,0,0.0
3,B,PREDATOR,164,40.419999999999995,201,93.05599999999991,6,2,30.56666666666702,23.80000000000048,0,0.0
3,B,PREDATOR,165,54.00999999999987,214,93.05599999999991,2,2,42.52500000000042,19.450000000000472,0,0.0
3,B,PREDATOR,166,48.64999999999989,211,93.05599999999991,4,2,13.187500000000373,21.550000000000473,0,0.0
3,B,PREDATOR,167,55.449999999999854,217,93.05599999999991,4,2,23.175000000000452,19.60000000000047,0,0.0
3,B,PREDATOR,168,55.469999999999864,215,93.05599999999991,2,2,25.05000000000046,20.35000000000047,0,0.0
3,B,PREDATOR,169,52.5299999999999,215,93.05599999999991,3,2,45.10000000000045,19.75000000000047,0,0.0
3,B,PREDATOR,170,56.86999999999984,222,93.05599999999991,0,2,0.0,18.100000000000467,0,0.0
3,B,PREDATOR,171,43.319999999999894,205,93.05599999999991,6,2,18.73333333333373,23.05000000000048,0,0.0
3,B,PREDATOR,172,45.789999999999914,203,93.05599999999991,6,2,5.725000000000315,23.95000000000048,0,0.0
3,B,PREDATOR,173,55.43999999999987,218,93.05599999999991,3,2,1.7500000000003169,17.950000000000465,0,0.0
3,B,PREDATOR,174,60.329999999999835,219,93.05599999999991,1,2,4.000000000000307,18.70000000000047,0,0.0
3,B,PREDATOR,175,55.94999999999989,216,93.05599999999991,2,2,2.7250000000003136,20.050000000000473,0,0.0
3,B,PREDATOR,176,44.249999999999936,210,93.05599999999991,6,2,31.100000000000467,21.700000000000475,0,0.0
3,B,PREDATOR,177,52.559999999999945,212,93.05599999999991,3,2,45.150000000000524,20.800000000000473,0,0.0
3,B,PREDATOR,178,40.350000000000016,208,93.05599999999991,6,2,3.750000000000315,22.300000000000477,0,0.0
3,B,PREDATOR,179,42.34999999999995,204,93.05599999999991,6,2,23.66666666666711,23.05000000000048,0,0.0
3,B,PREDATOR,180,42.83999999999993,204,93.05599999999991,6,2,11.541666666667,23.20000000000048,0,0.0
3,B,PREDATOR,181,38.93000000000002,203,93.05599999999991,6,2,19.733333333333693,23.50000000000048,0,0.0
3,B,PREDATOR,182,42.359999999999985,203,93.05599999999991,6,2,32.94166666666709,23.95000000000048,0,0.0
3,B,PREDATOR,183,37.459999999999994,203,93.05599999999991,6,2,5.250000000000315,23.05000000000048,0,0.0
3,B,PREDATOR,184,39.93,201,93.05599999999991,6,2,5.750000000000315,24.250000000000483,0,0.0
3,B,PREDATOR,185,39.470000000000006,198,93.05599999999991,6,2,14.425000000000338,25.000000000000483,0,0.0
3,B,PREDATOR,186,41.370000000000005,204,93.05599999999991,6,2,4.675000000000316,23.65000000000048,0,0.0
3,B,PREDATOR,187,40.429999999999986,200,93.05599999999991,6,2,15.475000000000321,24.700000000000482,0,0.0
3,B,PREDATOR,188,40.45999999999997,197,93.05599999999991,6,2,7.100000000000314,25.450000000000486,0,0.0
3,B,PREDATOR,189,48.65999999999994,210,93.05599999999991,5,2,11.070000000000372,21.550000000000473,0,0.0
3,B,PREDATOR,190,47.22999999999994,206,93.05599999999991,6,2,4.800000000000315,22.600000000000477,0,0.0
3,B,PREDATOR,191,29.260000000000097,190,93.05599999999991,6,2,16.891666666667025,27.550000000000487,0,0.0
3,B,PREDATOR,192,37.53000000000004,196,93.05599999999991,6,2,14.766666666667021,25.300000000000484,0,0.0
3,B,PREDATOR,193,38.95000000000001,201,93.05599999999991,6,2,12.666666666667021,24.40000000000048,0,0.0
3,B,PREDATOR,194,36.47999999999999,203,93.05599999999991,6,2,10.866666666667006,23.95000000000048,0,0.0
3,B,PREDATOR,195,37.49000000000001,200,93.05599999999991,6,2,6.025000000000317,24.40000000000048,0,0.0
3,B,PREDATOR,196,44.23999999999997,211,93.05599999999991,5,2,0.9400000000003136,21.250000000000476,0,0.0
3,B,PREDATOR,197,35.58000000000005,195,93.05599999999991,6,2,14.691666666667011,26.200000000000486,0,0.0
3,B,PREDATOR,198,57.90999999999987,216,93.05599999999991,3,2,17.683333333333746,20.050000000000473,0,0.0
3,B,PREDATOR,199,39.47000000000001,198,93.05599999999991,6,2,12.37500000000035,24.700000000000482,0,0.0
3,B,PREDATOR,200,45.75999999999996,206,93.05599999999991,6,2,18.53333333333374,22.750000000000476,0,0.0
3,B,PREDATOR,201,55.939999999999884,217,93.05599999999991,3,2,16.183333333333724,19.150000000000468,0,0.0
3,B,PREDATOR,202,68.57999999999987,227,93.05599999999991,2,2,41.52500000000063,16.300000000000463,0,0.0
3,B,PREDATOR,203,47.22999999999994,206,93.05599999999991,6,2,9.275000000000349,22.750000000000476,0,0.0
3,B,PREDATOR,204,53.9499999999999,220,93.05599999999991,2,2,22.57500000000047,18.85000000000047,0,0.0
3,B,PREDATOR,205,60.79999999999991,221,93.05599999999991,1,2,39.85000000000057,17.650000000000468,0,0.0
3,B,PREDATOR,206,55.95999999999988,215,93.05599999999991,3,2,15.533333333333744,19.60000000000047,0,0.0
3,B,PREDATOR,207,40.91999999999995,200,93.05599999999991,6,2,5.775000000000314,24.700000000000482,0,0.0
3,B,PREDATOR,208,47.23999999999995,205,93.05599999999991,6,2,9.516666666666985,21.700000000000475,0,0.0
3,B,PREDATOR,209,57.3799999999999,220,93.05599999999991,1,2,43.70000000000063,18.85000000000047,0,0.0
3,B,PREDATOR,210,60.80999999999992,220,93.05599999999991,4,2,23.400000000000468,18.100000000000467,0,0.0
3,B,PREDATOR,211,57.40999999999985,217,93.05599999999991,3,2,1.6500000000003199,19.150000000000468,0,0.0
3,B,PREDATOR,212,69.03999999999989,230,93.05599999999991,2,2,18.600000000000364,16.000000000000462,0,0.0
3,B,PREDATOR,213,58.36999999999989,219,93.05599999999991,3,2,25.483333333333757,19.00000000000047,0,0.0
3,B,PREDATOR,214,68.09999999999987,226,93.05599999999991,1,2,0.8500000000003185,16.750000000000462,0,0.0
3,B,PREDATOR,215,64.20999999999985,223,93.05599999999991,2,2,22.12500000000047,17.650000000000468,0,0.0
3,B,PREDATOR,216,58.86999999999987,218,93.05599999999991,2,2,2.5750000000003173,18.85000000000047,0,0.0
3,B,PREDATOR,217,67.59999999999988,227,93.05599999999991,2,2,20.550000000000377,14.350000000000458,0,0.0
3,B,PREDATOR,218,108.39666666666677,286,93.05599999999991,0,0,0.0,0.0,1,0.0
3,B,PREDATOR,219,61.259999999999884,224,93.05599999999991,2,2,21.60000000000042,16.600000000000463,0,0.0
3,B,PREDATOR,220,53.049999999999855,212,93.05599999999991,3,2,4.000000000000319,21.400000000000475,0,0.0
3,B,PREDATOR,221,49.029999999999966,222,93.05599999999991,3,2,15.833333333333725,17.200000000000465,0,0.0
3,B,PREDATOR,222,50.079999999999956,215,93.05599999999991,2,2,25.42500000000046,20.200000000000472,0,0.0
3,B,PREDATOR,223,62.28999999999993,219,93.05599999999991,5,2,35.060000000000386,18.550000000000466,0,0.0
3,B,PREDATOR,224,65.64999999999986,226,93.05599999999991,0,2,0.0,16.750000000000462,0,0.0
3,B,PREDATOR,225,52.989999999999895,218,93.05599999999991,0,2,0.0,19.60000000000047,0,0.0
3,B,PREDATOR,226,44.26999999999997,208,93.05599999999991,6,2,10.691666666667023,21.700000000000475,0,0.0
3,B,PREDATOR,227,45.75999999999997,206,93.05599999999991,6,2,3.8250000000003186,23.05000000000048,0,0.0
3,B,PREDATOR,228,48.20999999999994,206,93.05599999999991,6,2,16.516666666667017,22.750000000000476,0,0.0
3,B,PREDATOR,229,47.18999999999995,210,93.05599999999991,6,2,8.891666666666987,21.550000000000473,0,0.0
3,B,PREDATOR,230,65.66999999999986,224,93.05599999999991,4,2,11.312500000000371,16.900000000000464,0,0.0
3,B,PREDATOR,231,43.82999999999998,203,93.05599999999991,6,2,4.375000000000316,23.65000000000048,0,0.0
3,B,PREDATOR,232,28.790000000000084,188,93.05599999999991,6,2,17.350000000000342,28.15000000000049,0,0.0
3,B,PREDATOR,233,56.459999999999916,214,93.05599999999991,4,2,33.325000000000365,28.00000000000054,1,0.0
3,B,PREDATOR,234,59.359999999999886,218,93.05599999999991,6,2,14.916666666667025,17.950000000000465,0,0.0
3,B,PREDATOR,235,53.949999999999946,220,93.05599999999991,3,2,1.7000000000003161,18.100000000000467,0,0.0
3,B,PREDATOR,236,73.3799999999999,237,93.05599999999991,0,2,0.0,13.750000000000457,0,0.0
3,B,PREDATOR,237,53.989999999999824,216,93.05599999999991,3,2,15.383333333333752,19.150000000000468,0,0.0
3,B,PREDATOR,238,48.15999999999997,211,93.05599999999991,5,2,2.980000000000316,21.100000000000474,0,0.0
3,B,PREDATOR,239,63.21999999999979,224,93.05599999999991,3,2,15.733333333333752,17.350000000000463,0,0.0
3,B,PREDATOR,240,106.70666666666682,287,93.05599999999991,0,0,0.0,0.0,1,0.0
3,B,PREDATOR,241,61.789999999999935,220,93.05599999999991,2,2,23.10000000000047,18.100000000000467,0,0.0
3,B,PREDATOR,242,41.38999999999997,202,93.05599999999991,6,2,19.68333333333373,23.65000000000048,0,0.0
3,B,PREDATOR,243,35.09000000000004,195,93.05599999999991,6,2,22.108333333333707,26.200000000000486,0,0.0
3,B,PREDATOR,244,30.72000000000009,191,93.05599999999991,6,2,9.700000000000315,25.900000000000485,0,0.0
3,B,PREDATOR,245,55.479999999999905,214,93.05599999999991,5,2,24.70000000000035,20.050000000000473,0,0.0
3,B,PREDATOR,246,50.139999999999944,209,93.05599999999991,6,2,10.091666666667031,22.000000000000476,0,0.0
3,B,PREDATOR,247,57.4299999999997,215,93.05599999999991,4,2,12.912500000000364,20.050000000000473,0,0.0
3,B,PREDATOR,248,53.88999999999995,226,93.05599999999991,0,2,0.0,16.750000000000462,0,0.0
3,B,PREDATOR,249,72.44999999999986,232,93.05599999999991,2,2,40.17500000000065,14.95000000000046,0,0.0
3,B,PREDATOR,250,47.22999999999994,206,93.05599999999991,6,2,17.34166666666704,22.900000000000478,0,0.0
4,A,PREY,1,-4.799999999999978,166,126.46800000000015,6,2,26.691666666666993,34.900000000000475,0,0.1
4,A,PREY,2,-0.42999999999997485,170,126.46800000000015,6,2,31.933333333333696,33.700000000000486,0,0.1
4,A,PREY,3,-4.299999999999983,165,126.46800000000015,6,2,20.30000000000033,35.50000000000047,0,0.1
4,A,PREY,4,-0.4499999999999744,172,126.46800000000015,6,2,33.99166666666699,32.95000000000049,0,0.1
4,A,PREY,5,0.48000000000002885,177,126.46800000000015,6,2,29.0833333333337,31.6000000000005,0,0.1
4,A,PREY,6,1.5300000000000349,170,126.46800000000015,6,2,18.400000000000333,33.700000000000486,0,0.1
4,A,PREY,7,-3.3499999999999694,168,126.46800000000015,6,2,19.175000000000335,33.850000000000485,0,0.1
4,A,PREY,8,-0.9099999999999717,169,126.46800000000015,6,2,32.23333333333371,33.700000000000486,0,0.1
4,A,PREY,9,1.0200000000000315,172,126.46800000000015,6,2,17.500000000000334,33.25000000000049,0,0.1
4,A,PREY,10,-1.8599999999999728,166,126.46800000000015,6,2,26.49166666666702,35.05000000000047,0,0.1
4,A,PREY,11,1.0500000000000345,169,126.46800000000015,6,2,25.39166666666702,34.00000000000048,0,0.1
4,A,PREY,12,-6.2599999999999785,165,126.46800000000015,6,2,20.400000000000333,35.20000000000047,0,0.1
4,A,PREY,13,1.5000000000000355,173,126.46800000000015,6,2,16.775000000000333,31.750000000000497,0,0.1
4,A,PREY,14,4.400000000000038,177,126.46800000000015,6,2,29.133333333333706,31.150000000000496,0,0.1
4,A,PREY,15,2.480000000000034,173,126.46800000000015,6,2,16.92500000000033,32.650000000000496,0,0.1
4,A,PREY,16,0.5600000000000307,169,126.46800000000015,6,2,25.71666666666702,34.15000000000048,0,0.1
4,A,PREY,17,3.9800000000000324,170,126.46800000000015,6,2,24.991666666667005,33.25000000000049,0,0.1
4,A,PREY,18,-1.3899999999999721,168,126.46800000000015,6,2,19.32500000000033,33.850000000000485,0,0.1
4,A,PREY,19,1.4800000000000377,175,126.46800000000015,6,2,28.51666666666705,32.2000000000005,0,0.1
4,A,PREY,20,2.540000000000031,167,126.46800000000015,6,2,31.466666666667038,34.45000000000048,0,0.1
4,A,PREY,21,3.4700000000000255,172,126.46800000000015,6,2,30.958333333333716,32.650000000000496,0,0.1
4,A,PREY,22,1.5200000000000333,171,126.46800000000015,6,2,24.641666666667025,33.10000000000049,0,0.1
4,A,PREY,23,2.0000000000000284,172,126.46800000000015,6,2,17.475000000000332,32.95000000000049,0,0.1
4,A,PREY,24,4.940000000000037,172,126.46800000000015,6,2,17.52500000000033,33.40000000000049,0,0.1
4,A,PREY,25,3.490000000000032,170,126.46800000000015,6,2,18.32500000000033,32.50000000000049,0,0.1
4,A,PREY,26,10.159999999999984,189,126.46800000000015,6,2,10.300000000000322,28.30000000000049,0,0.1
4,A,PREY,27,11.749999999999988,177,126.46800000000015,6,2,29.05833333333372,31.4500000000005,0,0.1
4,A,PREY,28,5.400000000000038,175,126.46800000000015,6,2,16.20000000000033,31.6000000000005,0,0.1
4,A,PREY,29,10.27999999999999,177,126.46800000000015,6,2,14.925000000000331,31.6000000000005,0,0.1
4,A,PREY,30,7.849999999999975,175,126.46800000000015,6,2,23.016666666667025,32.2000000000005,0,0.1
4,A,PREY,31,7.850000000000012,175,126.46800000000015,6,2,30.15833333333369,32.2000000000005,0,0.1
4,A,PREY,32,2.9800000000000377,172,126.46800000000015,6,2,23.775000000000347,32.800000000000495,0,0.1
4,A,PREY,33,9.770000000000008,179,126.46800000000015,6,2,14.52500000000033,30.700000000000497,0,0.1
4,A,PREY,34,8.829999999999965,175,126.46800000000015,6,2,16.325000000000333,32.3500000000005,0,0.1
4,A,PREY,35,9.319999999999974,175,126.46800000000015,6,2,16.025000000000336,32.0500000000005,0,0.1
4,A,PREY,36,10.739999999999972,180,126.46800000000015,6,2,13.92500000000033,28.900000000000492,0,0.1
4,A,PREY,37,10.299999999999974,175,126.46800000000015,6,2,16.100000000000332,31.6000000000005,0,0.1
4,A,PREY,38,5.900000000000036,174,126.46800000000015,6,2,16.825000000000333,32.3500000000005,0,0.1
4,A,PREY,39,20.519999999999953,182,126.46800000000015,6,2,20.141666666667025,30.400000000000496,0,0.1
4,A,PREY,40,12.24,177,126.46800000000015,6,2,20.975000000000353,31.150000000000496,0,0.1
4,A,PREY,41,11.279999999999939,175,126.46800000000015,6,2,16.150000000000336,32.0500000000005,0,0.1
4,A,PREY,42,8.839999999999991,174,126.46800000000015,6,2,16.700000000000333,32.5000000000005,0,0.1
4,A,PREY,43,9.790000000000022,177,126.46800000000015,6,2,15.350000000000334,31.150000000000496,0,0.1
4,A,PREY,44,10.300000000000015,175,126.46800000000015,6,2,22.94166666666703,32.3500000000005,0,0.1
4,A,PREY,45,6.39999999999999,173,126.46800000000015,6,2,23.616666666667026,32.95000000000049,0,0.1
4,A,PREY,46,8.34999999999996,174,126.46800000000015,6,2,16.550000000000335,32.3500000000005,0,0.1
4,A,PREY,47,12.249999999999954,176,126.46800000000015,6,2,15.900000000000333,32.0500000000005,0,0.1
4,A,PREY,48,4.440000000000035,173,126.46800000000015,6,2,23.82500000000034,32.5000000000005,0,0.1
4,A,PREY,49,7.379999999999958,173,126.46800000000015,6,2,23.99166666666702,32.800000000000495,0,0.1
4,A,PREY,50,13.669999999999932,181,126.46800000000015,6,2,20.391666666667025,30.700000000000497,0,0.1
4,A,PREY,51,14.65999999999996,180,126.46800000000015,6,2,21.19166666666702,30.8500000000005,0,0.1
4,A,PREY,52,14.67999999999993,178,126.46800000000015,6,2,14.67500000000033,31.150000000000496,0,0.1
4,A,PREY,53,21.999999999999936,181,126.46800000000015,6,2,13.42500000000033,29.950000000000493,0,0.1
4,A,PREY,54,10.289999999999997,176,126.46800000000015,6,2,35.30833333333373,32.2000000000005,0,0.1
4,A,PREY,55,9.779999999999994,178,126.46800000000015,6,2,28.783333333333697,31.300000000000498,0,0.1
4,A,PREY,56,7.8599999999999515,174,126.46800000000015,6,2,16.525000000000336,32.5000000000005,0,0.1
4,A,PREY,57,11.739999999999919,178,126.46800000000015,6,2,28.541666666667044,31.300000000000498,0,0.1
4,A,PREY,58,18.569999999999943,181,126.46800000000015,6,2,31.45000000000032,29.500000000000494,0,0.1
4,A,PREY,59,18.069999999999936,182,126.46800000000015,6,2,13.025000000000324,30.100000000000495,0,0.1
4,A,PREY,60,14.669999999999957,179,126.46800000000015,6,2,21.291666666667023,31.150000000000496,0,0.1
4,A,PREY,61,19.01999999999996,185,126.46800000000015,6,2,18.741666666666998,29.200000000000493,0,0.1
4,A,PREY,62,9.809999999999949,175,126.46800000000015,6,2,29.858333333333714,32.0500000000005,0,0.1
4,A,PREY,63,15.159999999999913,179,126.46800000000015,6,2,20.65000000000035,30.8500000000005,0,0.1
4,A,PREY,64,13.179999999999906,181,126.46800000000015,6,2,13.350000000000326,30.400000000000496,0,0.1
4,A,PREY,65,9.789999999999926,177,126.46800000000015,6,2,15.300000000000331,31.4500000000005,0,0.1
4,A,PREY,66,13.129999999999916,186,126.46800000000015,6,2,11.925000000000324,29.050000000000495,0,0.1
4,A,PREY,67,10.789999999999923,175,126.46800000000015,6,2,22.96666666666701,31.9000000000005,0,0.1
4,A,PREY,68,12.719999999999972,178,126.46800000000015,6,2,21.666666666667,31.150000000000496,0,0.1
4,A,PREY,69,21.489999999999956,183,126.46800000000015,6,2,19.591666666667024,29.500000000000494,0,0.1
4,A,PREY,70,9.80999999999993,175,126.46800000000015,6,2,16.225000000000335,31.6000000000005,0,0.1
4,A,PREY,71,16.13999999999993,179,126.46800000000015,6,2,21.541666666667027,30.250000000000497,0,0.1
4,A,PREY,72,24.40999999999993,185,126.46800000000015,5,2,32.49000000000035,36.55000000000051,1,0.1
4,A,PREY,73,14.179999999999927,179,126.46800000000015,6,2,25.0000000000003,30.400000000000496,0,0.1
4,A,PREY,74,10.29999999999995,175,126.46800000000015,6,2,16.075000000000333,32.5000000000005,0,0.1
4,A,PREY,75,16.159999999999904,177,126.46800000000015,6,2,20.80000000000036,31.6000000000005,0,0.1
4,A,PREY,76,21.489999999999952,183,126.46800000000015,6,2,12.525000000000327,30.100000000000495,0,0.1
4,A,PREY,77,22.96999999999994,182,126.46800000000015,6,2,19.916666666667027,29.950000000000493,0,0.1
4,A,PREY,78,15.129999999999912,182,126.46800000000015,6,2,19.69166666666701,29.500000000000494,0,0.1
4,A,PREY,79,16.609999999999943,181,126.46800000000015,6,2,13.375000000000329,30.550000000000495,0,0.1
4,A,PREY,80,23.929999999999975,184,126.46800000000015,6,2,12.700000000000324,28.900000000000492,0,0.1
4,A,PREY,81,10.239999999999933,181,126.46800000000015,6,2,19.966666666666995,30.550000000000495,0,0.1
4,A,PREY,82,20.04999999999992,180,126.46800000000015,6,2,20.866666666667026,30.400000000000496,0,0.1
4,A,PREY,83,20.049999999999965,180,126.46800000000015,6,2,21.06666666666702,30.250000000000497,0,0.1
4,A,PREY,84,20.52999999999993,181,126.46800000000015,6,2,20.416666666667012,30.400000000000496,0,0.1
4,A,PREY,85,22.459999999999944,184,126.46800000000015,6,2,32.08333333333369,29.35000000000049,0,0.1
4,A,PREY,86,20.98999999999995,184,126.46800000000015,6,2,19.216666666667006,28.30000000000049,0,0.1
4,A,PREY,87,16.639999999999894,178,126.46800000000015,6,2,21.61666666666702,31.150000000000496,0,0.1
4,A,PREY,88,15.179999999999913,177,126.46800000000015,6,2,15.300000000000331,31.6000000000005,0,0.1
4,A,PREY,89,21.96999999999995,184,126.46800000000015,6,2,12.375000000000327,29.650000000000496,0,0.1
4,A,PREY,90,17.60999999999993,179,126.46800000000015,6,2,28.608333333333707,30.250000000000497,0,0.1
4,A,PREY,91,21.979999999999926,183,126.46800000000015,6,2,25.541666666667055,30.100000000000495,0,0.1
4,A,PREY,92,17.07999999999992,183,126.46800000000015,6,2,20.116666666667026,30.100000000000495,0,0.1
4,A,PREY,93,30.709999999999976,192,126.46800000000015,6,2,16.51666666666702,27.40000000000049,0,0.1
4,A,PREY,94,21.45999999999991,186,126.46800000000015,5,2,28.25000000000036,35.95000000000051,1,0.1
4,A,PREY,95,18.09999999999998,179,126.46800000000015,6,2,21.366666666667026,31.000000000000497,0,0.1
4,A,PREY,96,31.709999999999972,190,126.46800000000015,6,2,10.32500000000032,27.550000000000487,0,0.1
4,A,PREY,97,29.25999999999997,190,126.46800000000015,6,2,23.366666666667047,27.100000000000488,0,0.1
4,A,PREY,98,24.909999999999954,184,126.46800000000015,6,2,19.191666666666997,29.650000000000496,0,0.1
4,A,PREY,99,28.329999999999963,185,126.46800000000015,6,2,12.750000000000322,29.200000000000493,0,0.1
4,A,PREY,100,33.189999999999955,189,126.46800000000015,6,2,24.26666666666704,27.70000000000049,0,0.1
4,A,PREY,101,27.809999999999995,188,126.46800000000015,6,2,24.441666666667047,27.70000000000049,0,0.1
4,A,PREY,102,28.299999999999926,188,126.46800000000015,6,2,23.991666666667054,28.30000000000049,0,0.1
4,A,PREY,103,25.85999999999996,187,126.46800000000015,6,2,10.75000000000032,28.15000000000049,0,0.1
4,A,PREY,104,23.450000000000045,183,126.46800000000015,6,2,19.700000000000344,29.650000000000496,0,0.1
4,A,PREY,105,36.569999999999936,194,126.46800000000015,6,2,15.216666666667022,26.350000000000485,0,0.1
4,A,PREY,106,33.64999999999998,192,126.46800000000015,6,2,23.78333333333373,26.200000000000486,0,0.1
4,A,PREY,107,27.789999999999935,190,126.46800000000015,6,2,23.63333333333371,27.40000000000049,0,0.1
4,A,PREY,108,31.22999999999997,189,126.46800000000015,6,2,16.525000000000347,28.15000000000049,0,0.1
4,A,PREY,109,31.719999999999935,189,126.46800000000015,6,2,17.06666666666702,27.25000000000049,0,0.1
4,A,PREY,110,39.99999999999994,194,126.46800000000015,6,2,15.266666666667007,26.200000000000486,0,0.1
4,A,PREY,111,22.960000000000058,183,126.46800000000015,6,2,12.525000000000325,29.35000000000049,0,0.1
4,A,PREY,112,23.439999999999905,184,126.46800000000015,6,2,19.266666666667025,29.500000000000494,0,0.1
4,A,PREY,113,31.729999999999976,188,126.46800000000015,6,2,18.49166666666702,28.00000000000049,0,0.1
4,A,PREY,114,40.979999999999976,194,126.46800000000015,6,2,7.875000000000316,26.350000000000485,0,0.1
4,A,PREY,115,28.30000000000006,188,126.46800000000015,6,2,17.391666666667025,28.15000000000049,0,0.1
4,A,PREY,116,23.410000000000046,187,126.46800000000015,6,2,17.36666666666699,28.450000000000493,0,0.1
4,A,PREY,117,21.989999999999917,182,126.46800000000015,6,2,12.925000000000326,30.250000000000497,0,0.1
4,A,PREY,118,32.19999999999993,190,126.46800000000015,6,2,16.541666666667016,27.70000000000049,0,0.1
4,A,PREY,119,26.350000000000062,187,126.46800000000015,6,2,18.51666666666702,28.30000000000049,0,0.1
4,A,PREY,120,19.039999999999914,183,126.46800000000015,6,2,12.425000000000324,28.75000000000049,0,0.1
4,A,PREY,121,23.92000000000006,185,126.46800000000015,6,2,18.66666666666701,29.050000000000495,0,0.1
4,A,PREY,122,22.450000000000045,185,126.46800000000015,6,2,19.31666666666702,28.75000000000049,0,0.1
4,A,PREY,123,17.1099999999999,180,126.46800000000015,6,2,20.966666666667027,30.100000000000495,0,0.1
4,A,PREY,124,27.82999999999988,186,126.46800000000015,6,2,32.6000000000004,29.050000000000495,0,0.1
4,A,PREY,125,19.04999999999989,182,126.46800000000015,6,2,20.116666666666998,29.200000000000493,0,0.1
4,A,PREY,126,22.96000000000003,183,126.46800000000015,6,2,19.341666666667,29.650000000000496,0,0.1
4,A,PREY,127,16.629999999999896,179,126.46800000000015,6,2,14.45000000000033,31.150000000000496,0,0.1
4,A,PREY,128,28.810000000000013,186,126.46800000000015,6,2,11.625000000000322,28.450000000000493,0,0.1
4,A,PREY,129,21.979999999999933,183,126.46800000000015,6,2,26.833333333333695,29.200000000000493,0,0.1
4,A,PREY,130,28.80000000000004,187,126.46800000000015,6,2,18.366666666667026,28.75000000000049,0,0.1
4,A,PREY,131,27.800000000000033,189,126.46800000000015,6,2,31.45000000000043,27.85000000000049,0,0.1
4,A,PREY,132,34.169999999999916,189,126.46800000000015,6,2,10.275000000000318,27.40000000000049,0,0.1
4,A,PREY,133,25.380000000000084,186,126.46800000000015,6,2,33.30000000000043,28.30000000000049,0,0.1
4,A,PREY,134,20.48999999999993,185,126.46800000000015,6,2,12.000000000000325,28.900000000000492,0,0.1
4,A,PREY,135,29.260000000000055,190,126.46800000000015,6,2,16.69166666666702,26.950000000000486,0,0.1
4,A,PREY,136,32.69000000000003,190,126.46800000000015,6,2,10.17500000000032,27.85000000000049,0,0.1
4,A,PREY,137,25.390000000000065,185,126.46800000000015,6,2,26.50833333333371,29.200000000000493,0,0.1
4,A,PREY,138,30.72999999999999,190,126.46800000000015,6,2,24.0083333333337,27.70000000000049,0,0.1
4,A,PREY,139,34.60999999999987,194,126.46800000000015,6,2,15.341666666667003,26.500000000000487,0,0.1
4,A,PREY,140,20.47999999999988,186,126.46800000000015,6,2,12.475000000000321,28.75000000000049,0,0.1
4,A,PREY,141,20.979999999999883,185,126.46800000000015,6,2,46.00000000000036,29.050000000000495,0,0.1
4,A,PREY,142,26.82000000000005,189,126.46800000000015,6,2,31.575000000000415,27.550000000000487,0,0.1
4,A,PREY,143,38.05999999999993,192,126.46800000000015,6,2,16.616666666667026,26.950000000000486,0,0.1
4,A,PREY,144,44.36999999999991,198,126.46800000000015,6,2,6.400000000000315,25.300000000000484,0,0.1
4,A,PREY,145,40.47999999999997,195,126.46800000000015,6,2,15.09166666666701,26.200000000000486,0,0.1
4,A,PREY,146,43.87999999999992,198,126.46800000000015,6,2,20.833333333333723,25.600000000000485,0,0.1
4,A,PREY,147,34.639999999999986,191,126.46800000000015,6,2,22.14166666666705,26.65000000000049,0,0.1
4,A,PREY,148,31.710000000000022,190,126.46800000000015,6,2,17.716666666666995,27.25000000000049,0,0.1
4,A,PREY,149,45.82999999999992,199,126.46800000000015,6,2,21.283333333333733,24.850000000000485,0,0.1
4,A,PREY,150,48.76999999999988,199,126.46800000000015,6,2,13.116666666667001,23.65000000000048,0,0.1
4,A,PREY,151,29.27000000000005,189,126.46800000000015,6,2,17.591666666667027,28.15000000000049,0,0.1
4,A,PREY,152,39.009999999999934,195,126.46800000000015,6,2,21.616666666667058,25.300000000000484,0,0.1
4,A,PREY,153,49.73999999999987,200,126.46800000000015,6,2,6.150000000000316,24.700000000000482,0,0.1
4,A,PREY,154,32.220000000000056,188,126.46800000000015,6,2,17.541666666667012,28.00000000000049,0,0.1
4,A,PREY,155,39.01999999999996,194,126.46800000000015,6,2,16.14166666666699,26.500000000000487,0,0.1
4,A,PREY,156,42.42999999999992,196,126.46800000000015,6,2,7.500000000000315,25.300000000000484,0,0.1
4,A,PREY,157,41.46999999999991,194,126.46800000000015,6,2,8.800000000000315,26.350000000000485,0,0.1
4,A,PREY,158,45.83999999999993,198,126.46800000000015,6,2,14.49166666666702,25.15000000000048,0,0.1
4,A,PREY,159,41.449999999999946,196,126.46800000000015,4,2,17.237500000000356,25.450000000000486,0,0.1
4,A,PREY,160,42.91999999999994,196,126.46800000000015,6,2,20.941666666667047,25.600000000000485,0,0.1
4,A,PREY,161,53.13999999999987,203,126.46800000000015,6,2,11.050000000000345,23.50000000000048,0,0.1
4,A,PREY,162,24.92000000000008,183,126.46800000000015,5,2,21.120000000000367,37.30000000000051,1,0.1
4,A,PREY,163,29.760000000000062,189,126.46800000000015,4,2,21.20000000000038,28.00000000000049,0,0.1
4,A,PREY,164,46.78999999999992,201,126.46800000000015,6,2,12.350000000000348,24.10000000000048,0,0.1
4,A,PREY,165,28.330000000000027,185,126.46800000000015,6,2,18.625000000000345,28.60000000000049,0,0.1
4,A,PREY,166,41.45999999999997,195,126.46800000000015,6,2,8.250000000000316,26.350000000000485,0,0.1
4,A,PREY,167,53.14999999999985,202,126.46800000000015,5,2,5.98000000000031,31.950000000000536,1,0.1
4,A,PREY,168,34.15000000000004,191,126.46800000000015,6,2,9.175000000000319,26.800000000000487,0,0.1
4,A,PREY,169,36.08999999999999,193,126.46800000000015,6,2,8.025000000000313,26.500000000000487,0,0.1
4,A,PREY,170,30.25000000000003,189,126.46800000000015,6,2,17.64166666666702,27.100000000000488,0,0.1
4,A,PREY,171,28.300000000000026,188,126.46800000000015,6,2,17.02500000000035,28.00000000000049,0,0.1
4,A,PREY,172,17.599999999999866,180,126.46800000000015,6,2,13.90000000000033,30.700000000000497,0,0.1
4,A,PREY,173,32.19000000000005,191,126.46800000000015,6,2,15.550000000000352,27.40000000000049,0,0.1
4,A,PREY,174,41.44999999999991,196,126.46800000000015,6,2,7.150000000000316,26.200000000000486,0,0.1
4,A,PREY,175,49.729999999999905,201,126.46800000000015,6,2,5.300000000000314,24.250000000000483,0,0.1
4,A,PREY,176,40.46999999999995,196,126.46800000000015,5,2,40.310000000000464,33.40000000000052,1,0.1
4,A,PREY,177,45.33999999999988,199,126.46800000000015,6,2,13.266666666667026,25.000000000000483,0,0.1
4,A,PREY,178,47.77999999999989,200,126.46800000000015,6,2,17.850000000000293,24.55000000000048,0,0.1
4,A,PREY,179,48.279999999999916,199,126.46800000000015,6,2,12.641666666666984,24.850000000000485,0,0.1
4,A,PREY,180,50.20999999999987,202,126.46800000000015,6,2,11.40000000000034,23.350000000000477,0,0.1
4,A,PREY,181,49.23999999999987,201,126.46800000000015,5,2,14.670000000000366,31.750000000000526,1,0.1
4,A,PREY,182,47.30999999999993,198,126.46800000000015,6,2,27.950000000000433,25.300000000000484,0,0.1
4,A,PREY,183,43.88999999999993,197,126.46800000000015,6,2,20.341666666667056,25.300000000000484,0,0.1
4,A,PREY,184,52.169999999999874,202,126.46800000000015,6,2,31.75833333333372,23.65000000000048,0,0.1
4,A,PREY,185,40.91999999999996,200,126.46800000000015,6,2,6.775000000000315,24.55000000000048,0,0.1
4,A,PREY,186,32.69000000000005,190,126.46800000000015,6,2,22.941666666667057,27.550000000000487,0,0.1
4,A,PREY,187,35.11000000000003,193,126.46800000000015,6,2,15.391666666667014,26.500000000000487,0,0.1
4,A,PREY,188,32.68000000000005,191,126.46800000000015,6,2,16.57500000000034,27.40000000000049,0,0.1
4,A,PREY,189,43.41,196,126.46800000000015,6,2,21.291666666667016,24.850000000000485,0,0.1
4,A,PREY,190,39.94,200,126.46800000000015,6,2,14.575000000000339,24.55000000000048,0,0.1
4,A,PREY,191,37.08999999999999,191,126.46800000000015,6,2,17.14166666666702,27.25000000000049,0,0.1
4,A,PREY,192,41.47,194,126.46800000000015,6,2,35.80000000000043,26.350000000000485,0,0.1
4,A,PREY,193,46.31999999999992,199,126.46800000000015,6,2,20.58333333333371,25.000000000000483,0,0.1
4,A,PREY,194,36.11000000000004,191,126.46800000000015,6,2,17.066666666666993,27.550000000000487,0,0.1
4,A,PREY,195,40.01000000000001,193,126.46800000000015,6,2,15.666666666667021,25.600000000000485,0,0.1
4,A,PREY,196,43.38999999999997,198,126.46800000000015,6,2,6.575000000000313,25.300000000000484,0,0.1
4,A,PREY,197,31.70000000000001,191,126.46800000000015,6,2,22.391666666667017,26.500000000000487,0,0.1
4,A,PREY,198,39.000000000000014,196,126.46800000000015,6,2,7.2000000000003155,25.900000000000485,0,0.1
4,A,PREY,199,41.43999999999998,197,126.46800000000015,6,2,36.216666666667116,25.750000000000483,0,0.1
4,A,PREY,200,51.179999999999865,203,126.46800000000015,6,2,11.36666666666702,23.65000000000048,0,0.1
4,A,PREY,201,38.52,195,126.46800000000015,6,2,7.125000000000315,25.000000000000483,0,0.1
4,A,PREY,202,33.160000000000025,192,126.46800000000015,6,2,23.108333333333704,27.100000000000488,0,0.1
4,A,PREY,203,33.63000000000008,194,126.46800000000015,6,2,21.175000000000285,26.200000000000486,0,0.1
4,A,PREY,204,16.129999999999868,180,126.46800000000015,6,2,20.741666666667026,31.000000000000497,0,0.1
4,A,PREY,205,36.59999999999999,191,126.46800000000015,6,2,16.991666666667022,27.40000000000049,0,0.1
4,A,PREY,206,28.330000000000005,185,126.46800000000015,6,2,11.850000000000321,28.30000000000049,0,0.1
4,A,PREY,207,25.880000000000024,185,126.46800000000015,6,2,18.741666666667026,29.050000000000495,0,0.1
4,A,PREY,208,52.64999999999987,203,126.46800000000015,6,2,10.875000000000355,23.350000000000477,0,0.1
4,A,PREY,209,59.94999999999989,208,126.46800000000015,6,2,9.716666666667026,20.800000000000473,0,0.1
4,A,PREY,210,62.879999999999846,209,126.46800000000015,6,2,16.36666666666707,21.850000000000477,0,0.1
4,A,PREY,211,53.12999999999987,204,126.46800000000015,6,2,11.60000000000035,22.900000000000478,0,0.1
4,A,PREY,212,53.619999999999855,204,126.46800000000015,6,2,11.34166666666703,23.20000000000048,0,0.1
4,A,PREY,213,56.549999999999855,205,126.46800000000015,6,2,11.666666666667,22.600000000000477,0,0.1
4,A,PREY,214,67.25999999999992,212,126.46800000000015,3,2,4.75000000000031,21.100000000000474,0,0.1
4,A,PREY,215,46.29999999999994,201,126.46800000000015,5,2,21.91000000000038,32.650000000000524,1,0.1
4,A,PREY,216,44.84999999999998,199,126.46800000000015,5,2,25.04000000000038,32.500000000000526,1,0.1
4,A,PREY,217,38.040000000000006,194,126.46800000000015,6,2,15.816666666667011,26.800000000000487,0,0.1
4,A,PREY,218,56.549999999999876,205,126.46800000000015,6,2,19.500000000000266,23.20000000000048,0,0.1
4,A,PREY,219,55.07999999999986,205,126.46800000000015,6,2,4.5750000000003155,23.20000000000048,0,0.1
4,A,PREY,220,52.639999999999866,204,126.46800000000015,6,2,11.141666666667023,23.350000000000477,0,0.1
4,A,PREY,221,56.049999999999834,206,126.46800000000015,6,2,2.950000000000314,21.550000000000473,0,0.1
4,A,PREY,222,67.7399999999999,213,126.46800000000015,3,2,18.833333333333744,20.500000000000473,0,0.1
4,A,PREY,223,62.37999999999988,210,126.46800000000015,6,2,8.366666666666989,21.850000000000477,0,0.1
4,A,PREY,224,58.489999999999846,207,126.46800000000015,6,2,17.283333333333726,22.300000000000477,0,0.1
4,A,PREY,225,56.05999999999986,205,126.46800000000015,6,2,18.458333333333737,22.900000000000478,0,0.1
4,A,PREY,226,41.43999999999997,197,126.46800000000015,6,2,13.575000000000353,25.600000000000485,0,0.1
4,A,PREY,227,46.789999999999964,201,126.46800000000015,6,2,10.325000000000356,24.250000000000483,0,0.1
4,A,PREY,228,40.46000000000001,197,126.46800000000015,6,2,13.066666666666988,25.600000000000485,0,0.1
4,A,PREY,229,44.38,197,126.46800000000015,6,2,13.666666666667021,25.450000000000486,0,0.1
4,A,PREY,230,59.4699999999999,207,126.46800000000015,6,2,26.85000000000044,22.45000000000048,0,0.1
4,A,PREY,231,37.560000000000024,193,126.46800000000015,6,2,22.091666666667056,26.65000000000049,0,0.1
4,A,PREY,232,46.319999999999986,199,126.46800000000015,6,2,14.19166666666701,25.300000000000484,0,0.1
4,A,PREY,233,46.30999999999997,200,126.46800000000015,6,2,5.450000000000313,25.000000000000483,0,0.1
4,A,PREY,234,57.51999999999983,206,126.46800000000015,6,2,3.2500000000003193,22.900000000000478,0,0.1
4,A,PREY,235,58.019999999999825,205,126.46800000000015,6,2,2.750000000000313,23.350000000000477,0,0.1
4,A,PREY,236,49.70999999999994,203,126.46800000000015,6,2,4.625000000000313,23.50000000000048,0,0.1
4,A,PREY,237,65.30999999999995,211,126.46800000000015,6,2,8.650000000000352,21.400000000000475,0,0.1
4,A,PREY,238,39.50000000000001,195,126.46800000000015,6,2,30.19166666666695,26.050000000000487,0,0.1
4,A,PREY,239,56.53999999999986,206,126.46800000000015,6,2,18.191666666667057,22.750000000000476,0,0.1
4,A,PREY,240,70.66999999999993,214,126.46800000000015,1,2,45.80000000000061,27.85000000000054,1,0.1
4,A,PREY,241,59.47999999999988,206,126.46800000000015,6,2,3.825000000000317,22.45000000000048,0,0.1
4,A,PREY,242,70.66999999999996,214,126.46800000000015,5,2,27.91000000000049,20.500000000000473,0,0.1
4,A,PREY,243,70.67999999999991,213,126.46800000000015,1,2,5.500000000000306,16.000000000000462,0,0.1
4,A,PREY,244,45.83999999999998,198,126.46800000000015,6,2,28.450000000000397,25.300000000000484,0,0.1
4,A,PREY,245,57.98999999999991,208,126.46800000000015,6,2,2.325000000000317,22.45000000000048,0,0.1
4,A,PREY,246,46.31999999999997,199,126.46800000000015,6,2,12.991666666667014,24.700000000000482,0,0.1
4,A,PREY,247,47.31999999999996,197,126.46800000000015,6,2,15.116666666666985,25.600000000000485,0,0.1
4,A,PREY,248,43.899999999999984,196,126.46800000000015,6,2,27.491666666667086,25.900000000000485,0,0.1
4,A,PREY,249,55.56999999999991,205,126.46800000000015,6,2,17.816666666667057,23.05000000000048,0,0.1
4,A,PREY,250,38.98,198,126.46800000000015,6,2,6.300000000000313,25.300000000000484,0,0.1
4,B,PREDATOR,1,-0.8199999999999754,160,61.56499999999936,6,2,24.491666666667033,36.40000000000046,0,0.4
4,B,PREDATOR,2,-3.7699999999999836,161,61.56499999999936,6,2,22.34166666666705,36.55000000000046,0,0.4
4,B,PREDATOR,3,5.276666666666786,176,61.56499999999936,4,2,6.475000000000353,42.543750000000514,2,0.4
4,B,PREDATOR,4,-3.3299999999999805,166,61.56499999999936,6,2,19.766666666667046,34.30000000000048,0,0.4
4,B,PREDATOR,5,-6.659999999999996,156,61.56499999999936,6,2,32.483333333333725,37.900000000000446,0,0.4
4,B,PREDATOR,6,-2.3399999999999697,165,61.56499999999936,6,2,31.841666666667,33.850000000000485,0,0.4
4,B,PREDATOR,7,1.0300000000000278,171,61.56499999999936,6,2,17.041666666667044,32.650000000000496,0,0.4
4,B,PREDATOR,8,0.13000000000002565,163,61.56499999999936,6,2,21.900000000000365,35.65000000000047,0,0.4
4,B,PREDATOR,9,-5.199999999999987,157,61.56499999999936,6,2,30.70833333333373,37.30000000000045,0,0.4
4,B,PREDATOR,10,0.6000000000000298,165,61.56499999999936,6,2,19.61666666666704,34.30000000000048,0,0.4
4,B,PREDATOR,11,-3.259999999999973,159,61.56499999999936,6,2,15.150000000000366,37.000000000000455,0,0.4
4,B,PREDATOR,12,1.0600000000000342,168,61.56499999999936,6,2,10.600000000000362,34.30000000000048,0,0.4
4,B,PREDATOR,13,20.70666666666657,211,61.56499999999936,3,2,15.733333333333746,21.700000000000475,1,0.4
4,B,PREDATOR,14,4.500000000000034,167,61.56499999999936,6,2,19.675000000000363,34.60000000000048,0,0.4
4,B,PREDATOR,15,-3.259999999999975,159,61.56499999999936,6,2,14.550000000000368,36.55000000000046,0,0.4
4,B,PREDATOR,16,-1.309999999999972,160,61.56499999999936,6,2,21.716666666667038,36.25000000000046,0,0.4
4,B,PREDATOR,17,0.1100000000000314,165,61.56499999999936,6,2,27.45833333333373,35.05000000000047,0,0.4
4,B,PREDATOR,18,1.1000000000000316,164,61.56499999999936,6,2,28.65833333333373,33.850000000000485,0,0.4
4,B,PREDATOR,19,-2.299999999999974,161,61.56499999999936,5,2,15.910000000000352,46.931250000000475,1,0.4
4,B,PREDATOR,20,3.5400000000000347,165,61.56499999999936,6,2,12.700000000000358,33.850000000000485,0,0.4
4,B,PREDATOR,21,2.1000000000000245,162,61.56499999999936,6,2,14.400000000000361,35.65000000000047,0,0.4
4,B,PREDATOR,22,-1.8199999999999719,162,61.56499999999936,6,2,17.70000000000034,35.65000000000047,0,0.4
4,B,PREDATOR,23,3.5500000000000327,164,61.56499999999936,6,2,28.39166666666705,34.15000000000048,0,0.4
4,B,PREDATOR,24,32.01666666666665,210,61.56499999999936,2,2,44.300000000000594,21.250000000000476,1,0.4
4,B,PREDATOR,25,4.990000000000036,167,61.56499999999936,6,2,15.950000000000337,34.30000000000048,0,0.4
4,B,PREDATOR,26,2.5900000000000336,162,61.56499999999936,6,2,13.025000000000368,36.10000000000046,0,0.4
4,B,PREDATOR,27,26.404166666666796,201,61.56499999999936,2,2,25.650000000000446,23.65000000000048,1,0.4
4,B,PREDATOR,28,6.960000000000003,166,61.56499999999936,6,2,20.566666666667043,35.05000000000047,0,0.4
4,B,PREDATOR,29,8.370000000000005,172,61.56499999999936,6,2,10.500000000000353,33.25000000000049,0,0.4
4,B,PREDATOR,30,1.1100000000000296,163,61.56499999999936,6,2,26.650000000000304,32.50000000000049,0,0.4
4,B,PREDATOR,31,-0.8499999999999659,163,61.56499999999936,6,2,28.90833333333374,35.50000000000047,0,0.4
4,B,PREDATOR,32,2.580000000000032,163,61.56499999999936,6,2,14.250000000000355,34.750000000000476,0,0.4
4,B,PREDATOR,33,3.0300000000000313,167,61.56499999999936,6,2,25.650000000000333,34.00000000000048,0,0.4
4,B,PREDATOR,34,6.4600000000000275,167,61.56499999999936,6,2,11.550000000000365,34.750000000000476,0,0.4
4,B,PREDATOR,35,1.110000000000035,163,61.56499999999936,6,2,20.191666666667043,35.05000000000047,0,0.4
4,B,PREDATOR,36,30.26666666666673,212,61.56499999999936,0,2,0.0,20.800000000000473,1,0.4
4,B,PREDATOR,37,6.930000000000026,169,61.56499999999936,6,2,27.333333333333716,33.700000000000486,0,0.4
4,B,PREDATOR,38,9.829999999999975,173,61.56499999999936,6,2,14.616666666667035,32.800000000000495,0,0.4
4,B,PREDATOR,39,8.37,172,61.56499999999936,6,2,9.05000000000036,32.95000000000049,0,0.4
4,B,PREDATOR,40,6.930000000000005,169,61.56499999999936,6,2,21.500000000000355,33.700000000000486,0,0.4
4,B,PREDATOR,41,17.129999999999953,178,61.56499999999936,6,2,30.02500000000043,31.4500000000005,0,0.4
4,B,PREDATOR,42,13.209999999999967,178,61.56499999999936,6,2,5.425000000000357,31.150000000000496,0,0.4
4,B,PREDATOR,43,7.8900000000000166,171,61.56499999999936,6,2,11.625000000000348,33.55000000000049,0,0.4
4,B,PREDATOR,44,8.42,167,61.56499999999936,6,2,19.06666666666702,33.850000000000485,0,0.4
4,B,PREDATOR,45,14.210000000000006,176,61.56499999999936,6,2,8.625000000000345,32.0500000000005,0,0.4
4,B,PREDATOR,46,13.219999999999988,177,61.56499999999936,6,2,14.391666666667048,29.950000000000493,0,0.4
4,B,PREDATOR,47,4.490000000000036,168,61.56499999999936,6,2,18.541666666667048,33.700000000000486,0,0.4
4,B,PREDATOR,48,6.429999999999987,170,61.56499999999936,6,2,37.98333333333368,32.35000000000049,0,0.4
4,B,PREDATOR,49,15.179999999999948,177,61.56499999999936,6,2,24.98333333333373,31.750000000000497,0,0.4
4,B,PREDATOR,50,9.86,170,61.56499999999936,6,2,18.15000000000037,32.50000000000049,0,0.4
4,B,PREDATOR,51,18.281666666666595,196,61.56499999999936,3,2,16.83333333333373,25.600000000000485,1,0.4
4,B,PREDATOR,52,49.52666666666669,227,61.56499999999936,0,2,0.0,12.700000000000454,1,0.4
4,B,PREDATOR,53,15.659999999999924,178,61.56499999999936,6,2,8.775000000000341,31.000000000000497,0,0.4
4,B,PREDATOR,54,11.239999999999919,179,61.56499999999936,6,2,12.29166666666704,31.000000000000497,0,0.4
4,B,PREDATOR,55,13.219999999999953,177,61.56499999999936,6,2,16.791666666667037,31.4500000000005,0,0.4
4,B,PREDATOR,56,16.149999999999913,178,61.56499999999936,6,2,7.27500000000035,30.550000000000495,0,0.4
4,B,PREDATOR,57,4.0000000000000355,168,61.56499999999936,6,2,14.175000000000345,34.00000000000048,0,0.4
4,B,PREDATOR,58,10.739999999999933,180,61.56499999999936,6,2,23.21666666666705,28.900000000000492,0,0.4
4,B,PREDATOR,59,16.639999999999958,178,61.56499999999936,4,2,17.762500000000376,31.000000000000497,0,0.4
4,B,PREDATOR,60,13.19999999999998,179,61.56499999999936,6,2,12.675000000000372,31.300000000000498,0,0.4
4,B,PREDATOR,61,16.129999999999974,180,61.56499999999936,5,2,25.3500000000004,41.2125000000005,1,0.4
4,B,PREDATOR,62,20.999999999999936,183,61.56499999999936,5,2,5.530000000000344,37.600000000000506,1,0.4
4,B,PREDATOR,63,21.359999999999914,196,61.56499999999936,1,2,6.100000000000316,25.900000000000485,0,0.4
4,B,PREDATOR,64,22.94999999999996,184,61.56499999999936,6,2,4.9000000000003485,29.500000000000494,0,0.4
4,B,PREDATOR,65,21.46999999999992,185,61.56499999999936,6,2,6.700000000000333,28.75000000000049,0,0.4
4,B,PREDATOR,66,18.56999999999995,181,61.56499999999936,6,2,7.700000000000334,30.400000000000496,0,0.4
4,B,PREDATOR,67,7.899999999999965,170,61.56499999999936,6,2,19.991666666667033,32.650000000000496,0,0.4
4,B,PREDATOR,68,46.01916666666674,212,61.56499999999936,0,2,0.0,20.500000000000473,1,0.4
4,B,PREDATOR,69,15.649999999999933,179,61.56499999999936,6,2,13.825000000000363,30.550000000000495,0,0.4
4,B,PREDATOR,70,26.519166666666692,193,61.56499999999936,3,2,34.183333333333756,26.350000000000485,1,0.4
4,B,PREDATOR,71,17.149999999999963,176,61.56499999999936,6,2,10.125000000000343,32.0500000000005,0,0.4
4,B,PREDATOR,72,20.04999999999994,180,61.56499999999936,6,2,6.050000000000346,30.700000000000497,0,0.4
4,B,PREDATOR,73,25.379999999999995,186,61.56499999999936,6,2,6.350000000000326,29.050000000000495,0,0.4
4,B,PREDATOR,74,19.56999999999995,179,61.56499999999936,6,2,14.891666666667042,30.8500000000005,0,0.4
4,B,PREDATOR,75,35.44916666666677,217,61.56499999999936,1,2,0.10000000000031883,19.90000000000047,1,0.4
4,B,PREDATOR,76,23.440000000000012,184,61.56499999999936,5,2,33.08000000000044,34.90000000000053,1,0.4
4,B,PREDATOR,77,13.239999999999911,175,61.56499999999936,6,2,24.20000000000036,32.2000000000005,0,0.4
4,B,PREDATOR,78,15.99999999999993,193,61.56499999999936,4,2,37.28750000000032,26.500000000000487,0,0.4
4,B,PREDATOR,79,27.29999999999996,190,61.56499999999936,3,2,20.68333333333373,27.550000000000487,0,0.4
4,B,PREDATOR,80,19.589999999999954,177,61.56499999999936,6,2,20.066666666667064,30.8500000000005,0,0.4
4,B,PREDATOR,81,22.479999999999983,182,61.56499999999936,5,2,24.74000000000038,37.600000000000506,1,0.4
4,B,PREDATOR,82,19.539999999999914,182,61.56499999999936,6,2,29.983333333333757,29.650000000000496,0,0.4
4,B,PREDATOR,83,21.49999999999995,182,61.56499999999936,6,2,14.491666666667038,29.800000000000495,0,0.4
4,B,PREDATOR,84,30.689999999999955,194,61.56499999999936,4,2,46.275000000000375,26.200000000000486,0,0.4
4,B,PREDATOR,85,22.379999999999974,192,61.56499999999936,5,2,22.970000000000415,27.100000000000488,0,0.4
4,B,PREDATOR,86,19.559999999999953,180,61.56499999999936,6,2,20.991666666667072,30.550000000000495,0,0.4
4,B,PREDATOR,87,26.839999999999986,187,61.56499999999936,6,2,1.9500000000003581,28.15000000000049,0,0.4
4,B,PREDATOR,88,15.689999999999918,175,61.56499999999936,6,2,8.825000000000353,32.0500000000005,0,0.4
4,B,PREDATOR,89,23.46000000000003,182,61.56499999999936,6,2,22.591666666667052,29.650000000000496,0,0.4
4,B,PREDATOR,90,19.079999999999956,179,61.56499999999936,6,2,9.750000000000343,31.000000000000497,0,0.4
4,B,PREDATOR,91,22.469999999999988,183,61.56499999999936,6,2,23.258333333333734,29.800000000000495,0,0.4
4,B,PREDATOR,92,18.499999999999908,188,61.56499999999936,6,2,55.33333333333365,27.40000000000049,0,0.4
4,B,PREDATOR,93,17.60999999999993,179,61.56499999999936,6,2,14.566666666667038,30.8500000000005,0,0.4
4,B,PREDATOR,94,15.669999999999922,177,61.56499999999936,6,2,23.39166666666703,31.750000000000497,0,0.4
4,B,PREDATOR,95,17.129999999999924,178,61.56499999999936,6,2,6.925000000000353,30.400000000000496,0,0.4
4,B,PREDATOR,96,20.009999999999906,184,61.56499999999936,6,2,13.591666666667038,29.650000000000496,0,0.4
4,B,PREDATOR,97,19.549999999999926,181,61.56499999999936,6,2,6.200000000000345,29.500000000000494,0,0.4
4,B,PREDATOR,98,29.249999999999936,191,61.56499999999936,3,2,3.6500000000003348,27.25000000000049,0,0.4
4,B,PREDATOR,99,21.51999999999993,180,61.56499999999936,6,2,30.10000000000042,30.8500000000005,0,0.4
4,B,PREDATOR,100,17.629999999999903,177,61.56499999999936,6,2,23.508333333333738,31.6000000000005,0,0.4
4,B,PREDATOR,101,22.930000000000007,186,61.56499999999936,6,2,9.99166666666706,26.800000000000487,0,0.4
4,B,PREDATOR,102,42.689166666666765,221,61.56499999999936,1,2,40.100000000000534,16.600000000000463,1,0.4
4,B,PREDATOR,103,32.659999999999954,193,61.56499999999936,1,2,3.700000000000323,37.29375000000054,1,0.4
4,B,PREDATOR,104,33.139999999999944,194,61.56499999999936,3,2,35.66666666666713,26.350000000000485,0,0.4
4,B,PREDATOR,105,28.769999999999957,190,61.56499999999936,4,2,14.337500000000352,27.70000000000049,0,0.4
4,B,PREDATOR,106,17.129999999999924,178,61.56499999999936,6,2,6.675000000000355,29.650000000000496,0,0.4
4,B,PREDATOR,107,36.039999999999985,198,61.56499999999936,0,2,0.0,25.000000000000483,0,0.4
4,B,PREDATOR,108,32.66999999999996,192,61.56499999999936,3,2,32.98333333333374,26.800000000000487,0,0.4
4,B,PREDATOR,109,30.20999999999995,193,61.56499999999936,1,2,67.60000000000026,26.050000000000487,0,0.4
4,B,PREDATOR,110,34.12999999999997,193,61.56499999999936,3,2,16.4000000000004,24.850000000000485,0,0.4
4,B,PREDATOR,111,33.109999999999964,197,61.56499999999936,3,2,3.400000000000317,25.600000000000485,0,0.4
4,B,PREDATOR,112,40.85999999999993,206,61.56499999999936,2,2,26.100000000000453,22.750000000000476,0,0.4
4,B,PREDATOR,113,30.73000000000004,190,61.56499999999936,4,2,17.187500000000348,27.25000000000049,0,0.4
4,B,PREDATOR,114,42.86999999999995,201,61.56499999999936,3,2,16.133333333333667,24.40000000000048,0,0.4
4,B,PREDATOR,115,66.3158333333334,246,61.56499999999936,0,2,0.0,18.25000000000054,2,0.4
4,B,PREDATOR,116,30.699999999999946,193,61.56499999999936,2,2,6.925000000000319,34.60000000000052,1,0.4
4,B,PREDATOR,117,33.159999999999954,192,61.56499999999936,4,2,3.2500000000003286,25.450000000000486,0,0.4
4,B,PREDATOR,118,41.86999999999992,203,61.56499999999936,3,2,47.85000000000056,23.50000000000048,0,0.4
4,B,PREDATOR,119,27.78000000000003,191,61.56499999999936,6,2,10.441666666666999,26.950000000000486,0,0.4
4,B,PREDATOR,120,20.529999999999916,181,61.56499999999936,6,2,13.541666666667043,30.250000000000497,0,0.4
4,B,PREDATOR,121,24.879999999999956,187,61.56499999999936,6,2,2.750000000000353,26.950000000000486,0,0.4
4,B,PREDATOR,122,52.09166666666673,232,61.56499999999936,0,2,0.0,9.400000000000446,1,0.4
4,B,PREDATOR,123,26.280000000000058,194,61.56499999999936,2,2,27.825000000000436,26.65000000000049,0,0.4
4,B,PREDATOR,124,29.740000000000023,191,61.56499999999936,3,2,33.96666666666713,39.093750000000526,1,0.4
4,B,PREDATOR,125,37.48999999999994,200,61.56499999999936,3,2,31.183333333333806,24.55000000000048,0,0.4
4,B,PREDATOR,126,31.200000000000017,192,61.56499999999936,5,2,14.620000000000356,27.100000000000488,0,0.4
4,B,PREDATOR,127,38.940000000000005,202,61.56499999999936,0,2,0.0,23.350000000000477,0,0.4
4,B,PREDATOR,128,24.310000000000024,195,61.56499999999936,3,2,15.500000000000398,26.350000000000485,0,0.4
4,B,PREDATOR,129,35.04999999999998,199,61.56499999999936,2,2,48.42500000000056,25.300000000000484,0,0.4
4,B,PREDATOR,130,35.550000000000026,198,61.56499999999936,4,2,14.71250000000036,24.250000000000483,0,0.4
4,B,PREDATOR,131,30.22000000000002,192,61.56499999999936,3,2,5.0500000000003284,26.950000000000486,0,0.4
4,B,PREDATOR,132,40.40999999999998,202,61.56499999999936,4,2,24.90000000000043,23.65000000000048,0,0.4
4,B,PREDATOR,133,27.809999999999917,188,61.56499999999936,6,2,10.041666666667053,28.450000000000493,0,0.4
4,B,PREDATOR,134,31.791666666666742,199,61.56499999999936,2,2,2.2000000000003155,25.000000000000483,1,0.4
4,B,PREDATOR,135,40.87999999999991,204,61.56499999999936,0,2,0.0,23.350000000000477,0,0.4
4,B,PREDATOR,136,35.970000000000006,205,61.56499999999936,1,2,2.500000000000318,21.550000000000473,0,0.4
4,B,PREDATOR,137,38.00999999999993,197,61.56499999999936,4,2,10.287500000000342,25.450000000000486,0,0.4
4,B,PREDATOR,138,42.83999999999992,204,61.56499999999936,5,2,38.56000000000035,21.550000000000473,0,0.4
4,B,PREDATOR,139,32.17000000000001,193,61.56499999999936,4,2,14.612500000000365,26.500000000000487,0,0.4
4,B,PREDATOR,140,23.450000000000067,183,61.56499999999936,5,2,4.780000000000356,37.45000000000051,1,0.4
4,B,PREDATOR,141,33.12,196,61.56499999999936,3,2,18.23333333333373,26.050000000000487,0,0.4
4,B,PREDATOR,142,49.169999999999874,208,61.56499999999936,2,2,46.775000000000595,21.250000000000476,0,0.4
4,B,PREDATOR,143,34.110000000000014,195,61.56499999999936,2,2,40.82500000000026,25.15000000000048,0,0.4
4,B,PREDATOR,144,31.690000000000023,192,61.56499999999936,4,2,40.60000000000045,26.200000000000486,0,0.4
4,B,PREDATOR,145,34.08999999999998,197,61.56499999999936,3,2,14.933333333333701,25.450000000000486,0,0.4
4,B,PREDATOR,146,27.80000000000001,189,61.56499999999936,6,2,10.516666666667035,27.550000000000487,0,0.4
4,B,PREDATOR,147,27.790000000000013,190,61.56499999999936,4,2,16.96250000000033,39.05625000000053,1,0.4
4,B,PREDATOR,148,22.950000000000024,184,61.56499999999936,6,2,19.32500000000039,29.800000000000495,0,0.4
4,B,PREDATOR,149,23.440000000000122,184,61.56499999999936,6,2,31.766666666667046,29.35000000000049,0,0.4
4,B,PREDATOR,150,21.89999999999992,191,61.56499999999936,3,2,2.6000000000003367,27.70000000000049,0,0.4
4,B,PREDATOR,151,38.510000000000005,196,61.56499999999936,3,2,19.100000000000367,25.450000000000486,0,0.4
4,B,PREDATOR,152,32.180000000000014,192,61.56499999999936,4,2,16.675000000000352,27.25000000000049,0,0.4
4,B,PREDATOR,153,43.79999999999995,206,61.56499999999936,1,2,42.95000000000043,33.16875000000055,1,0.4
4,B,PREDATOR,154,39.92999999999997,201,61.56499999999936,2,2,23.275000000000418,23.05000000000048,0,0.4
4,B,PREDATOR,155,51.259166666666744,217,61.56499999999936,1,2,38.0000000000006,18.70000000000047,1,0.4
4,B,PREDATOR,156,31.67999999999997,193,61.56499999999936,2,2,26.325000000000376,26.500000000000487,0,0.4
4,B,PREDATOR,157,40.399999999999935,203,61.56499999999936,1,2,0.25000000000031475,22.150000000000475,0,0.4
4,B,PREDATOR,158,39.45999999999994,199,61.56499999999936,3,2,16.833333333333655,23.50000000000048,0,0.4
4,B,PREDATOR,159,37.93000000000002,205,61.56499999999936,2,2,48.27500000000058,23.350000000000477,0,0.4
4,B,PREDATOR,160,45.209999999999866,212,61.56499999999936,0,2,0.0,29.050000000000537,1,0.4
4,B,PREDATOR,161,60.30999999999988,221,61.56499999999936,1,2,40.850000000000655,16.900000000000464,0,0.4
4,B,PREDATOR,162,50.11999999999988,211,61.56499999999936,0,2,0.0,21.250000000000476,0,0.4
4,B,PREDATOR,163,47.219999999999885,207,61.56499999999936,2,2,24.525000000000446,22.600000000000477,0,0.4
4,B,PREDATOR,164,42.299999999999955,209,61.56499999999936,0,2,0.0,21.250000000000476,0,0.4
4,B,PREDATOR,165,50.599999999999895,212,61.56499999999936,2,2,41.77500000000055,20.500000000000473,0,0.4
4,B,PREDATOR,166,31.150000000000034,197,61.56499999999936,4,2,38.98750000000026,26.90625000000056,1,0.4
4,B,PREDATOR,167,44.179999999999936,217,61.56499999999936,3,2,44.416666666667254,18.70000000000047,0,0.4
4,B,PREDATOR,168,36.03999999999998,198,61.56499999999936,4,2,32.525000000000304,23.65000000000048,0,0.4
4,B,PREDATOR,169,37.05,195,61.56499999999936,1,2,5.200000000000314,33.40000000000052,1,0.4
4,B,PREDATOR,170,88.72666666666636,280,61.56499999999936,0,0,0.0,0.0,2,0.4
4,B,PREDATOR,171,26.37000000000012,185,61.56499999999936,6,2,18.833333333333698,28.900000000000492,0,0.4
4,B,PREDATOR,172,46.73999999999988,206,61.56499999999936,2,2,23.100000000000456,23.05000000000048,0,0.4
4,B,PREDATOR,173,54.95999999999985,217,61.56499999999936,2,2,37.77500000000056,17.500000000000465,0,0.4
4,B,PREDATOR,174,50.56999999999991,215,61.56499999999936,1,2,38.35000000000057,19.75000000000047,0,0.4
4,B,PREDATOR,175,35.05000000000002,199,61.56499999999936,2,2,0.3250000000003258,29.80000000000055,1,0.4
4,B,PREDATOR,176,38.47999999999999,199,61.56499999999936,3,2,18.383333333333738,25.000000000000483,0,0.4
4,B,PREDATOR,177,29.220000000000056,194,61.56499999999936,4,2,48.725000000000534,25.750000000000483,0,0.4
4,B,PREDATOR,178,46.749999999999886,205,61.56499999999936,3,2,16.650000000000357,22.900000000000478,0,0.4
4,B,PREDATOR,179,53.02999999999987,214,61.56499999999936,2,2,44.300000000000615,20.650000000000475,0,0.4
4,B,PREDATOR,180,54.97999999999989,215,61.56499999999936,0,2,0.0,19.00000000000047,0,0.4
4,B,PREDATOR,181,67.11999999999989,226,61.56499999999936,1,2,31.30000000000064,15.25000000000046,0,0.4
4,B,PREDATOR,182,79.66666666666639,247,61.56499999999936,2,2,22.575000000000585,17.60625000000058,2,0.4
4,B,PREDATOR,183,36.540000000000006,197,61.56499999999936,2,2,62.32500000000031,24.700000000000482,0,0.4
4,B,PREDATOR,184,50.339166666666785,222,61.56499999999936,1,2,79.05000000000054,14.800000000000459,1,0.4
4,B,PREDATOR,185,29.259999999999998,190,61.56499999999936,3,2,4.850000000000332,27.40000000000049,0,0.4
4,B,PREDATOR,186,47.22416666666686,221,61.56499999999936,1,2,39.80000000000047,16.300000000000463,1,0.4
4,B,PREDATOR,187,37.48000000000003,201,61.56499999999936,4,2,24.7500000000004,23.50000000000048,0,0.4
4,B,PREDATOR,188,75.39666666666673,262,61.56499999999936,0,0,0.0,0.0,1,0.4
4,B,PREDATOR,189,29.71999999999987,193,61.56499999999936,4,2,14.087500000000365,26.350000000000485,0,0.4
4,B,PREDATOR,190,60.7799999999999,223,61.56499999999936,1,2,41.80000000000055,14.500000000000458,0,0.4
4,B,PREDATOR,191,48.17999999999991,209,61.56499999999936,0,2,0.0,21.850000000000477,0,0.4
4,B,PREDATOR,192,39.95999999999997,198,61.56499999999936,4,2,38.287500000000406,25.000000000000483,0,0.4
4,B,PREDATOR,193,30.26000000000002,188,61.56499999999936,5,2,2.650000000000348,26.950000000000486,0,0.4
4,B,PREDATOR,194,84.06499999999993,261,61.56499999999936,2,1,26.925000000000622,4.900000000000445,1,0.4
4,B,PREDATOR,195,45.75999999999996,206,61.56499999999936,0,2,0.0,22.900000000000478,0,0.4
4,B,PREDATOR,196,39.46,199,61.56499999999936,3,2,31.40000000000025,23.80000000000048,0,0.4
4,B,PREDATOR,197,48.169999999999945,210,61.56499999999936,0,2,0.0,21.100000000000474,0,0.4
4,B,PREDATOR,198,66.15999999999985,224,61.56499999999936,0,2,0.0,15.10000000000046,0,0.4
4,B,PREDATOR,199,38.47,200,61.56499999999936,1,2,45.95000000000057,35.36250000000054,1,0.4
4,B,PREDATOR,200,44.77999999999994,206,61.56499999999936,2,2,45.45000000000054,22.600000000000477,0,0.4
4,B,PREDATOR,201,91.57166666666653,259,61.56499999999936,2,1,24.67500000000051,3.400000000000446,1,0.4
4,B,PREDATOR,202,39.42999999999999,202,61.56499999999936,2,2,41.52500000000049,23.65000000000048,0,0.4
4,B,PREDATOR,203,56.8491666666664,238,61.56499999999936,0,2,0.0,6.4000000000004444,1,0.4
4,B,PREDATOR,204,32.65999999999999,193,61.56499999999936,4,2,39.53750000000031,25.15000000000048,0,0.4
4,B,PREDATOR,205,51.42166666666668,218,61.56499999999936,1,2,44.15000000000062,18.100000000000467,1,0.4
4,B,PREDATOR,206,33.57000000000006,200,61.56499999999936,4,2,37.750000000000504,24.55000000000048,0,0.4
4,B,PREDATOR,207,26.290000000000113,193,61.56499999999936,5,2,27.5700000000003,24.55000000000048,0,0.4
4,B,PREDATOR,208,53.9699999999999,218,61.56499999999936,1,2,43.8500000000006,16.900000000000464,0,0.4
4,B,PREDATOR,209,47.6999999999999,208,61.56499999999936,1,2,44.30000000000061,22.150000000000475,0,0.4
4,B,PREDATOR,210,48.19999999999993,207,61.56499999999936,0,2,0.0,22.150000000000475,0,0.4
4,B,PREDATOR,211,63.72999999999993,222,61.56499999999936,1,2,43.40000000000063,16.300000000000463,0,0.4
4,B,PREDATOR,212,67.53999999999992,233,61.56499999999936,0,2,0.0,19.15000000000054,1,0.4
4,B,PREDATOR,213,65.1499999999999,227,61.56499999999936,1,2,36.10000000000059,13.600000000000456,0,0.4
4,B,PREDATOR,214,75.82999999999996,237,61.56499999999936,0,2,0.0,9.100000000000446,0,0.4
4,B,PREDATOR,215,64.19999999999995,224,61.56499999999936,1,2,42.65000000000063,14.800000000000459,0,0.4
4,B,PREDATOR,216,48.659999999999954,210,61.56499999999936,0,2,0.0,21.550000000000473,0,0.4
4,B,PREDATOR,217,96.02666666666663,277,61.56499999999936,2,0,17.675000000000697,0.0,1,0.4
4,B,PREDATOR,218,59.819999999999894,221,61.56499999999936,1,2,43.55000000000062,16.900000000000464,0,0.4
4,B,PREDATOR,219,48.06916666666677,217,61.56499999999936,2,2,40.625000000000526,19.60000000000047,1,0.4
4,B,PREDATOR,220,26.8100000000001,190,61.56499999999936,5,2,40.55000000000036,26.950000000000486,0,0.4
4,B,PREDATOR,221,51.08999999999992,212,61.56499999999936,1,2,2.8000000000003133,20.500000000000473,0,0.4
4,B,PREDATOR,222,56.42999999999992,217,61.56499999999936,1,2,84.4500000000006,18.70000000000047,0,0.4
4,B,PREDATOR,223,41.85999999999998,204,61.56499999999936,1,2,46.600000000000485,22.600000000000477,0,0.4
4,B,PREDATOR,224,44.309999999999974,204,61.56499999999936,1,2,48.65000000000058,22.600000000000477,0,0.4
4,B,PREDATOR,225,43.339999999999975,203,61.56499999999936,5,2,18.87000000000042,22.900000000000478,0,0.4
4,B,PREDATOR,226,44.80999999999996,203,61.56499999999936,1,2,48.80000000000057,23.65000000000048,0,0.4
4,B,PREDATOR,227,51.11999999999992,209,61.56499999999936,4,2,34.68750000000049,21.850000000000477,0,0.4
4,B,PREDATOR,228,54.489999999999895,215,61.56499999999936,2,2,22.050000000000466,19.00000000000047,0,0.4
4,B,PREDATOR,229,39.959999999999994,198,61.56499999999936,2,2,4.525000000000316,30.550000000000544,1,0.4
4,B,PREDATOR,230,51.10999999999992,210,61.56499999999936,2,2,20.92500000000037,21.700000000000475,0,0.4
4,B,PREDATOR,231,44.800000000000004,204,61.56499999999936,2,2,24.82500000000045,22.900000000000478,0,0.4
4,B,PREDATOR,232,60.78999999999991,222,61.56499999999936,0,2,0.0,28.65000000000056,1,0.4
4,B,PREDATOR,233,46.12,219,61.56499999999936,1,2,82.65000000000063,17.500000000000465,0,0.4
4,B,PREDATOR,234,65.16999999999993,225,61.56499999999936,2,2,52.50000000000037,10.750000000000451,0,0.4
4,B,PREDATOR,235,70.45999999999994,235,61.56499999999936,0,2,0.0,8.200000000000445,0,0.4
4,B,PREDATOR,236,94.72166666666665,276,61.56499999999936,1,1,18.050000000000672,2.200000000000447,1,0.4
4,B,PREDATOR,237,55.469999999999914,215,61.56499999999936,1,2,82.90000000000015,19.75000000000047,0,0.4
4,B,PREDATOR,238,59.819999999999936,221,61.56499999999936,2,2,41.52500000000055,16.450000000000465,0,0.4
4,B,PREDATOR,239,45.60000000000002,222,61.56499999999936,2,2,40.325000000000436,16.000000000000462,0,0.4
4,B,PREDATOR,240,45.199999999999996,213,61.56499999999936,1,2,77.80000000000018,19.450000000000472,0,0.4
4,B,PREDATOR,241,52.49999999999994,218,61.56499999999936,1,2,35.000000000000504,17.800000000000466,0,0.4
4,B,PREDATOR,242,53.489999999999924,217,61.56499999999936,2,2,50.77500000000037,17.800000000000466,0,0.4
4,B,PREDATOR,243,48.669999999999945,209,61.56499999999936,1,2,47.150000000000595,21.700000000000475,0,0.4
4,B,PREDATOR,244,49.58999999999994,215,61.56499999999936,1,2,39.85000000000055,19.450000000000472,0,0.4
4,B,PREDATOR,245,52.54999999999992,213,61.56499999999936,0,2,0.0,20.800000000000473,0,0.4
4,B,PREDATOR,246,54.989999999999675,214,61.56499999999936,2,2,45.42500000000061,20.200000000000472,0,0.4
4,B,PREDATOR,247,51.09999999999993,211,61.56499999999936,0,2,0.0,21.700000000000475,0,0.4
4,B,PREDATOR,248,51.96999999999994,222,61.56499999999936,0,2,0.0,15.40000000000046,0,0.4
4,B,PREDATOR,249,58.37999999999987,218,61.56499999999936,1,2,44.450000000000614,18.400000000000468,0,0.4
4,B,PREDATOR,250,50.639999999999915,208,61.56499999999936,1,2,0.5500000000003135,22.150000000000475,0,0.4
5,A,PREY,1,-4.809999999999983,167,70.1079999999997,6,2,10.47500000000036,34.15000000000048,0,0.1
5,A,PREY,2,-0.4099999999999735,168,70.1079999999997,6,2,20.591666666667013,34.30000000000048,0,0.1
5,A,PREY,3,-0.9299999999999695,171,70.1079999999997,6,2,11.675000000000347,33.40000000000049,0,0.1
5,A,PREY,4,-2.3899999999999775,170,70.1079999999997,6,2,11.300000000000347,33.40000000000049,0,0.1
5,A,PREY,5,-4.299999999999983,165,70.1079999999997,6,2,21.841666666667038,35.50000000000047,0,0.1
5,A,PREY,6,-2.8599999999999763,168,70.1079999999997,6,2,19.191666666667036,33.850000000000485,0,0.1
5,A,PREY,7,-0.41999999999996795,169,70.1079999999997,6,2,17.991666666667047,33.55000000000049,0,0.1
5,A,PREY,8,0.5400000000000311,171,70.1079999999997,6,2,8.525000000000363,32.95000000000049,0,0.1
5,A,PREY,9,-3.329999999999977,166,70.1079999999997,4,2,22.000000000000377,34.900000000000475,0,0.1
5,A,PREY,10,1.5200000000000315,171,70.1079999999997,6,2,12.850000000000344,33.10000000000049,0,0.1
5,A,PREY,11,-1.8999999999999737,170,70.1079999999997,6,2,24.55000000000032,34.00000000000048,0,0.1
5,A,PREY,12,-1.9299999999999695,173,70.1079999999997,6,2,9.85000000000035,32.800000000000495,0,0.1
5,A,PREY,13,5.420000000000037,173,70.1079999999997,6,2,24.666666666667055,32.5000000000005,0,0.1
5,A,PREY,14,0.5700000000000287,168,70.1079999999997,4,2,22.77500000000039,34.45000000000048,0,0.1
5,A,PREY,15,1.4800000000000253,175,70.1079999999997,6,2,7.9500000000003554,31.000000000000497,0,0.1
5,A,PREY,16,3.460000000000031,173,70.1079999999997,6,2,19.900000000000336,32.95000000000049,0,0.1
5,A,PREY,17,2.5000000000000355,171,70.1079999999997,6,2,19.116666666667037,33.40000000000049,0,0.1
5,A,PREY,18,-3.3099999999999756,164,70.1079999999997,6,2,19.525000000000375,35.50000000000047,0,0.1
5,A,PREY,19,-0.8899999999999704,167,70.1079999999997,6,2,13.775000000000349,34.45000000000048,0,0.1
5,A,PREY,20,0.5400000000000311,171,70.1079999999997,6,2,17.066666666667047,32.650000000000496,0,0.1
5,A,PREY,21,1.5300000000000313,170,70.1079999999997,6,2,20.541666666667034,34.00000000000048,0,0.1
5,A,PREY,22,0.060000000000021814,170,70.1079999999997,6,2,28.191666666667007,33.700000000000486,0,0.1
5,A,PREY,23,3.480000000000034,171,70.1079999999997,6,2,25.333333333333727,32.650000000000496,0,0.1
5,A,PREY,24,0.5300000000000313,172,70.1079999999997,6,2,18.766666666667042,32.95000000000049,0,0.1
5,A,PREY,25,3.970000000000031,171,70.1079999999997,6,2,18.86666666666704,33.25000000000049,0,0.1
5,A,PREY,26,1.0400000000000347,170,70.1079999999997,6,2,20.141666666667017,33.40000000000049,0,0.1
5,A,PREY,27,3.9600000000000364,172,70.1079999999997,6,2,24.400000000000386,31.000000000000497,0,0.1
5,A,PREY,28,-1.40999999999997,170,70.1079999999997,6,2,19.216666666667017,33.40000000000049,0,0.1
5,A,PREY,29,0.5700000000000305,168,70.1079999999997,6,2,31.616666666666987,33.25000000000049,0,0.1
5,A,PREY,30,1.5300000000000313,170,70.1079999999997,6,2,19.566666666667043,33.10000000000049,0,0.1
5,A,PREY,31,5.4200000000000355,173,70.1079999999997,6,2,22.60833333333372,32.650000000000496,0,0.1
5,A,PREY,32,10.790000000000008,175,70.1079999999997,6,2,23.58333333333373,32.3500000000005,0,0.1
5,A,PREY,33,7.86000000000003,174,70.1079999999997,6,2,8.475000000000351,32.2000000000005,0,0.1
5,A,PREY,34,10.290000000000001,176,70.1079999999997,6,2,14.341666666667052,31.9000000000005,0,0.1
5,A,PREY,35,10.300000000000006,175,70.1079999999997,6,2,9.150000000000349,32.2000000000005,0,0.1
5,A,PREY,36,10.790000000000006,175,70.1079999999997,6,2,20.241666666667026,32.2000000000005,0,0.1
5,A,PREY,37,3.9600000000000346,172,70.1079999999997,6,2,9.175000000000358,32.050000000000495,0,0.1
5,A,PREY,38,8.830000000000014,175,70.1079999999997,6,2,23.43333333333374,32.3500000000005,0,0.1
5,A,PREY,39,19.039999999999907,183,70.1079999999997,6,2,7.225000000000342,29.650000000000496,0,0.1
5,A,PREY,40,2.020000000000026,170,70.1079999999997,6,2,9.20000000000036,32.800000000000495,0,0.1
5,A,PREY,41,12.229999999999995,178,70.1079999999997,6,2,7.500000000000347,31.000000000000497,0,0.1
5,A,PREY,42,14.66999999999996,179,70.1079999999997,6,2,13.991666666667038,30.700000000000497,0,0.1
5,A,PREY,43,19.959999999999937,189,70.1079999999997,6,2,17.958333333333687,27.40000000000049,0,0.1
5,A,PREY,44,11.759999999999932,176,70.1079999999997,6,2,17.091666666667038,31.150000000000496,0,0.1
5,A,PREY,45,16.639999999999965,178,70.1079999999997,6,2,22.95833333333373,31.150000000000496,0,0.1
5,A,PREY,46,11.27,176,70.1079999999997,6,2,16.191666666667043,31.6000000000005,0,0.1
5,A,PREY,47,8.329999999999961,176,70.1079999999997,6,2,8.425000000000345,31.4500000000005,0,0.1
5,A,PREY,48,6.890000000000002,173,70.1079999999997,6,2,20.016666666667035,32.800000000000495,0,0.1
5,A,PREY,49,15.139999999999977,181,70.1079999999997,6,2,8.60000000000033,29.35000000000049,0,0.1
5,A,PREY,50,17.109999999999943,180,70.1079999999997,6,2,20.608333333333725,30.250000000000497,0,0.1
5,A,PREY,51,14.659999999999973,180,70.1079999999997,6,2,13.791666666667027,30.250000000000497,0,0.1
5,A,PREY,52,16.629999999999967,179,70.1079999999997,6,2,12.61666666666703,31.000000000000497,0,0.1
5,A,PREY,53,14.169999999999964,180,70.1079999999997,6,2,22.683333333333735,30.550000000000495,0,0.1
5,A,PREY,54,9.819999999999967,174,70.1079999999997,5,2,16.770000000000387,40.300000000000495,1,0.1
5,A,PREY,55,22.959999999999958,183,70.1079999999997,6,2,10.441666666667027,28.450000000000493,0,0.1
5,A,PREY,56,16.63999999999995,178,70.1079999999997,6,2,15.875000000000357,31.150000000000496,0,0.1
5,A,PREY,57,21.489999999999938,183,70.1079999999997,6,2,4.800000000000353,29.800000000000495,0,0.1
5,A,PREY,58,20.01999999999996,183,70.1079999999997,6,2,12.200000000000367,29.200000000000493,0,0.1
5,A,PREY,59,19.049999999999955,182,70.1079999999997,6,2,7.100000000000343,29.500000000000494,0,0.1
5,A,PREY,60,14.169999999999984,180,70.1079999999997,6,2,15.566666666667038,30.100000000000495,0,0.1
5,A,PREY,61,17.569999999999922,183,70.1079999999997,6,2,30.04166666666705,29.650000000000496,0,0.1
5,A,PREY,62,9.329999999999936,174,70.1079999999997,6,2,23.766666666667064,32.650000000000496,0,0.1
5,A,PREY,63,22.459999999999944,184,70.1079999999997,6,2,11.816666666667025,28.60000000000049,0,0.1
5,A,PREY,64,19.499999999999954,186,70.1079999999997,6,2,12.541666666667046,28.60000000000049,0,0.1
5,A,PREY,65,13.209999999999935,178,70.1079999999997,6,2,31.12500000000041,31.300000000000498,0,0.1
5,A,PREY,66,13.699999999999909,178,70.1079999999997,6,2,9.225000000000337,31.000000000000497,0,0.1
5,A,PREY,67,11.269999999999994,176,70.1079999999997,5,2,28.07000000000039,43.350000000000506,1,0.1
5,A,PREY,68,24.40999999999997,185,70.1079999999997,5,2,6.910000000000338,32.40000000000056,1,0.1
5,A,PREY,69,11.759999999999936,176,70.1079999999997,6,2,24.15833333333372,32.2000000000005,0,0.1
5,A,PREY,70,10.309999999999894,174,70.1079999999997,6,2,9.500000000000353,32.050000000000495,0,0.1
5,A,PREY,71,12.749999999999941,175,70.1079999999997,6,2,18.34166666666704,31.300000000000495,0,0.1
5,A,PREY,72,18.529999999999944,185,70.1079999999997,5,2,4.570000000000344,40.12500000000052,1,0.1
5,A,PREY,73,22.94999999999996,184,70.1079999999997,6,2,16.925000000000328,28.00000000000049,0,0.1
5,A,PREY,74,21.47999999999994,184,70.1079999999997,6,2,3.8250000000003497,29.500000000000494,0,0.1
5,A,PREY,75,21.46999999999995,185,70.1079999999997,6,2,4.3750000000003455,28.30000000000049,0,0.1
5,A,PREY,76,31.21999999999997,190,70.1079999999997,3,2,3.0000000000003446,26.500000000000487,0,0.1
5,A,PREY,77,21.48999999999996,183,70.1079999999997,6,2,11.766666666667055,29.800000000000495,0,0.1
5,A,PREY,78,21.95999999999995,185,70.1079999999997,6,2,20.80833333333374,28.60000000000049,0,0.1
5,A,PREY,79,25.869999999999933,186,70.1079999999997,6,2,9.841666666667047,29.050000000000495,0,0.1
5,A,PREY,80,32.19999999999995,190,70.1079999999997,4,2,4.3750000000003295,27.70000000000049,0,0.1
5,A,PREY,81,16.609999999999957,181,70.1079999999997,6,2,26.391666666667078,30.250000000000497,0,0.1
5,A,PREY,82,23.419999999999956,186,70.1079999999997,6,2,10.816666666667016,28.75000000000049,0,0.1
5,A,PREY,83,19.0299999999999,184,70.1079999999997,6,2,4.425000000000346,29.050000000000495,0,0.1
5,A,PREY,84,16.589999999999904,183,70.1079999999997,6,2,14.291666666667043,27.85000000000049,0,0.1
5,A,PREY,85,20.00999999999994,184,70.1079999999997,6,2,18.375000000000313,29.200000000000493,0,0.1
5,A,PREY,86,26.859999999999978,185,70.1079999999997,6,2,21.51666666666701,29.050000000000495,0,0.1
5,A,PREY,87,22.959999999999948,183,70.1079999999997,6,2,13.700000000000358,29.650000000000496,0,0.1
5,A,PREY,88,16.1399999999999,179,70.1079999999997,6,2,15.066666666667045,31.000000000000497,0,0.1
5,A,PREY,89,22.470000000000056,183,70.1079999999997,6,2,12.191666666667047,29.650000000000496,0,0.1
5,A,PREY,90,12.709999999999928,179,70.1079999999997,6,2,19.82500000000032,29.650000000000496,0,0.1
5,A,PREY,91,26.84000000000001,187,70.1079999999997,6,2,4.150000000000344,28.00000000000049,0,0.1
5,A,PREY,92,22.449999999999918,185,70.1079999999997,6,2,11.116666666667046,28.75000000000049,0,0.1
5,A,PREY,93,16.619999999999933,180,70.1079999999997,6,2,9.175000000000338,30.250000000000497,0,0.1
5,A,PREY,94,19.549999999999912,181,70.1079999999997,6,2,7.600000000000336,30.250000000000497,0,0.1
5,A,PREY,95,18.059999999999896,183,70.1079999999997,6,2,12.816666666667047,29.800000000000495,0,0.1
5,A,PREY,96,31.719999999999917,189,70.1079999999997,6,2,9.591666666667027,28.00000000000049,0,0.1
5,A,PREY,97,19.04999999999992,182,70.1079999999997,6,2,28.875000000000416,30.400000000000496,0,0.1
5,A,PREY,98,18.089999999999918,180,70.1079999999997,6,2,26.083333333333712,30.700000000000497,0,0.1
5,A,PREY,99,18.54999999999989,183,70.1079999999997,6,2,5.375000000000349,29.800000000000495,0,0.1
5,A,PREY,100,30.74999999999998,188,70.1079999999997,6,2,8.250000000000387,26.950000000000486,0,0.1
5,A,PREY,101,30.26999999999995,187,70.1079999999997,5,2,4.540000000000344,34.90000000000052,1,0.1
5,A,PREY,102,18.569999999999915,181,70.1079999999997,5,2,3.6100000000003596,37.600000000000506,1,0.1
5,A,PREY,103,21.489999999999924,183,70.1079999999997,6,2,36.225000000000385,28.00000000000049,0,0.1
5,A,PREY,104,27.339999999999947,186,70.1079999999997,6,2,4.075000000000348,28.60000000000049,0,0.1
5,A,PREY,105,26.33999999999996,188,70.1079999999997,6,2,13.716666666667031,28.30000000000049,0,0.1
5,A,PREY,106,34.63999999999993,191,70.1079999999997,5,2,31.730000000000445,27.40000000000049,0,0.1
5,A,PREY,107,32.679999999999936,191,70.1079999999997,4,2,35.82500000000031,27.40000000000049,0,0.1
5,A,PREY,108,20.46999999999992,187,70.1079999999997,6,2,13.141666666667035,28.450000000000493,0,0.1
5,A,PREY,109,31.239999999999927,188,70.1079999999997,5,2,10.830000000000375,35.80000000000051,1,0.1
5,A,PREY,110,22.939999999999998,185,70.1079999999997,6,2,28.358333333333757,29.200000000000493,0,0.1
5,A,PREY,111,20.51999999999991,182,70.1079999999997,6,2,24.21666666666701,28.900000000000492,0,0.1
5,A,PREY,112,19.039999999999914,183,70.1079999999997,6,2,8.550000000000333,29.500000000000494,0,0.1
5,A,PREY,113,33.65999999999994,191,70.1079999999997,3,2,19.10000000000038,27.100000000000488,0,0.1
5,A,PREY,114,20.01999999999994,183,70.1079999999997,6,2,6.550000000000345,29.050000000000495,0,0.1
5,A,PREY,115,20.539999999999914,180,70.1079999999997,6,2,13.041666666667046,30.8500000000005,0,0.1
5,A,PREY,116,28.799999999999997,187,70.1079999999997,6,2,12.316666666667041,28.75000000000049,0,0.1
5,A,PREY,117,28.319999999999965,186,70.1079999999997,6,2,5.3000000000003356,28.900000000000492,0,0.1
5,A,PREY,118,33.66999999999997,190,70.1079999999997,2,2,1.9750000000003405,26.950000000000486,0,0.1
5,A,PREY,119,31.239999999999927,188,70.1079999999997,6,2,12.891666666667001,28.30000000000049,0,0.1
5,A,PREY,120,31.130000000000035,199,70.1079999999997,1,2,49.900000000000475,24.250000000000483,0,0.1
5,A,PREY,121,25.370000000000033,187,70.1079999999997,6,2,10.191666666667055,28.00000000000049,0,0.1
5,A,PREY,122,29.27000000000003,189,70.1079999999997,5,2,15.060000000000372,35.32500000000052,1,0.1
5,A,PREY,123,26.350000000000044,187,70.1079999999997,6,2,12.741666666667042,28.60000000000049,0,0.1
5,A,PREY,124,18.079999999999913,181,70.1079999999997,6,2,20.01666666666703,30.400000000000496,0,0.1
5,A,PREY,125,34.149999999999984,191,70.1079999999997,3,2,20.63333333333373,26.950000000000486,0,0.1
5,A,PREY,126,39.45999999999992,199,70.1079999999997,1,2,49.550000000000466,25.300000000000484,0,0.1
5,A,PREY,127,28.790000000000017,188,70.1079999999997,6,2,18.83333333333371,27.40000000000049,0,0.1
5,A,PREY,128,26.860000000000042,185,70.1079999999997,6,2,17.358333333333707,28.30000000000049,0,0.1
5,A,PREY,129,24.880000000000045,187,70.1079999999997,5,2,12.36000000000039,37.88125000000056,1,0.1
5,A,PREY,130,11.749999999999927,177,70.1079999999997,6,2,7.650000000000353,31.750000000000497,0,0.1
5,A,PREY,131,35.109999999999985,193,70.1079999999997,2,2,4.000000000000322,27.100000000000488,0,0.1
5,A,PREY,132,34.139999999999915,192,70.1079999999997,2,2,29.325000000000436,34.75000000000052,1,0.1
5,A,PREY,133,31.720000000000034,189,70.1079999999997,5,2,1.060000000000358,27.100000000000488,0,0.1
5,A,PREY,134,34.14999999999988,191,70.1079999999997,2,2,5.275000000000327,27.25000000000049,0,0.1
5,A,PREY,135,30.25000000000003,189,70.1079999999997,6,2,10.925000000000367,27.85000000000049,0,0.1
5,A,PREY,136,10.79999999999991,174,70.1079999999997,5,2,23.790000000000383,31.95000000000058,1,0.1
5,A,PREY,137,5.430000000000035,172,70.1079999999997,6,2,10.200000000000353,32.050000000000495,0,0.1
5,A,PREY,138,20.99999999999998,183,70.1079999999997,6,2,29.375000000000426,29.200000000000493,0,0.1
5,A,PREY,139,45.32999999999992,200,70.1079999999997,4,2,14.525000000000347,24.55000000000048,0,0.1
5,A,PREY,140,48.27999999999989,199,70.1079999999997,5,2,29.32000000000043,25.000000000000483,0,0.1
5,A,PREY,141,34.16999999999996,189,70.1079999999997,6,2,1.9750000000003503,28.00000000000049,0,0.1
5,A,PREY,142,27.35000000000005,185,70.1079999999997,6,2,4.650000000000343,28.75000000000049,0,0.1
5,A,PREY,143,33.670000000000044,190,70.1079999999997,2,2,4.000000000000336,27.70000000000049,0,0.1
5,A,PREY,144,32.68000000000001,191,70.1079999999997,4,2,28.812500000000412,27.550000000000487,0,0.1
5,A,PREY,145,4.160000000000023,103,70.1079999999997,6,2,39.391666666666914,53.950000000000294,0,0.1
5,A,PREY,146,30.730000000000018,190,70.1079999999997,3,2,20.783333333333736,26.800000000000487,0,0.1
5,A,PREY,147,29.770000000000035,188,70.1079999999997,6,2,15.700000000000303,27.550000000000487,0,0.1
5,A,PREY,148,26.850000000000065,186,70.1079999999997,6,2,21.85833333333373,28.30000000000049,0,0.1
5,A,PREY,149,23.440000000000033,184,70.1079999999997,6,2,16.600000000000318,28.900000000000492,0,0.1
5,A,PREY,150,17.539999999999885,186,70.1079999999997,6,2,13.26666666666704,28.450000000000493,0,0.1
5,A,PREY,151,32.210000000000036,189,70.1079999999997,6,2,11.89166666666704,27.40000000000049,0,0.1
5,A,PREY,152,38.05999999999992,192,70.1079999999997,2,2,6.400000000000315,25.450000000000486,0,0.1
5,A,PREY,153,29.760000000000055,189,70.1079999999997,6,2,4.350000000000339,28.00000000000049,0,0.1
5,A,PREY,154,27.360000000000056,184,70.1079999999997,6,2,9.641666666667026,29.35000000000049,0,0.1
5,A,PREY,155,37.55000000000001,194,70.1079999999997,3,2,18.833333333333687,26.200000000000486,0,0.1
5,A,PREY,156,30.780000000000044,185,70.1079999999997,6,2,6.025000000000344,29.050000000000495,0,0.1
5,A,PREY,157,33.15000000000004,193,70.1079999999997,4,2,14.862500000000388,26.65000000000049,0,0.1
5,A,PREY,158,32.20000000000002,190,70.1079999999997,4,2,1.262500000000353,27.70000000000049,0,0.1
5,A,PREY,159,43.88999999999988,197,70.1079999999997,2,2,4.225000000000315,25.750000000000483,0,0.1
5,A,PREY,160,45.359999999999914,197,70.1079999999997,4,2,26.437500000000426,25.600000000000485,0,0.1
5,A,PREY,161,44.87999999999988,196,70.1079999999997,2,2,1.7500000000003268,26.050000000000487,0,0.1
5,A,PREY,162,52.16999999999987,202,70.1079999999997,2,2,3.325000000000315,23.95000000000048,0,0.1
5,A,PREY,163,53.07999999999987,209,70.1079999999997,0,2,0.0,22.300000000000477,0,0.1
5,A,PREY,164,50.6999999999999,202,70.1079999999997,1,2,1.6000000000003147,31.600000000000527,1,0.1
5,A,PREY,165,29.77000000000004,188,70.1079999999997,6,2,11.091666666667045,28.00000000000049,0,0.1
5,A,PREY,166,39.509999999999934,194,70.1079999999997,4,2,37.31250000000046,26.350000000000485,0,0.1
5,A,PREY,167,40.47999999999996,195,70.1079999999997,0,2,0.0,25.900000000000485,0,0.1
5,A,PREY,168,39.99999999999992,194,70.1079999999997,1,2,51.65000000000055,34.300000000000516,1,0.1
5,A,PREY,169,43.839999999999904,202,70.1079999999997,4,2,11.225000000000344,22.900000000000478,0,0.1
5,A,PREY,170,48.26999999999991,200,70.1079999999997,4,2,25.062500000000426,24.700000000000482,0,0.1
5,A,PREY,171,44.86999999999989,197,70.1079999999997,4,2,15.050000000000374,25.900000000000485,0,0.1
5,A,PREY,172,44.859999999999914,198,70.1079999999997,2,2,22.87500000000039,25.15000000000048,0,0.1
5,A,PREY,173,39.999999999999986,194,70.1079999999997,4,2,27.46250000000042,25.900000000000485,0,0.1
5,A,PREY,174,28.300000000000075,188,70.1079999999997,6,2,5.425000000000331,27.25000000000049,0,0.1
5,A,PREY,175,29.760000000000055,189,70.1079999999997,5,2,20.930000000000355,27.100000000000488,0,0.1
5,A,PREY,176,31.22000000000004,190,70.1079999999997,4,2,2.350000000000344,27.70000000000049,0,0.1
5,A,PREY,177,42.419999999999945,197,70.1079999999997,5,2,45.18000000000049,25.300000000000484,0,0.1
5,A,PREY,178,37.55000000000003,194,70.1079999999997,4,2,28.925000000000406,26.350000000000485,0,0.1
5,A,PREY,179,35.62000000000004,191,70.1079999999997,3,2,20.133333333333734,27.100000000000488,0,0.1
5,A,PREY,180,29.280000000000037,188,70.1079999999997,6,2,22.108333333333732,28.450000000000493,0,0.1
5,A,PREY,181,38.540000000000006,193,70.1079999999997,1,2,51.95000000000055,27.100000000000488,0,0.1
5,A,PREY,182,33.66000000000001,191,70.1079999999997,2,2,26.700000000000454,26.350000000000485,0,0.1
5,A,PREY,183,34.64000000000002,191,70.1079999999997,4,2,27.18750000000042,27.40000000000049,0,0.1
5,A,PREY,184,34.650000000000055,190,70.1079999999997,3,2,21.383333333333727,27.40000000000049,0,0.1
5,A,PREY,185,36.559999999999945,195,70.1079999999997,2,2,28.425000000000423,26.350000000000485,0,0.1
5,A,PREY,186,15.17999999999987,177,70.1079999999997,6,2,7.700000000000354,31.6000000000005,0,0.1
5,A,PREY,187,36.11000000000003,191,70.1079999999997,1,2,0.8500000000003537,27.550000000000487,0,0.1
5,A,PREY,188,29.78000000000005,187,70.1079999999997,6,2,10.875000000000368,28.15000000000049,0,0.1
5,A,PREY,189,39.989999999999995,195,70.1079999999997,3,2,2.550000000000327,25.900000000000485,0,0.1
5,A,PREY,190,37.05,195,70.1079999999997,2,2,24.975000000000403,25.600000000000485,0,0.1
5,A,PREY,191,33.65000000000002,192,70.1079999999997,3,2,50.26666666666717,26.800000000000487,0,0.1
5,A,PREY,192,47.769999999999925,201,70.1079999999997,2,2,1.8250000000003126,23.80000000000048,0,0.1
5,A,PREY,193,42.39999999999999,199,70.1079999999997,1,2,2.8000000000003165,24.250000000000483,0,0.1
5,A,PREY,194,38.520000000000024,195,70.1079999999997,2,2,1.450000000000335,24.10000000000048,0,0.1
5,A,PREY,195,39.500000000000014,195,70.1079999999997,6,2,27.575000000000397,26.050000000000487,0,0.1
5,A,PREY,196,29.74000000000003,191,70.1079999999997,3,2,34.933333333333785,27.550000000000487,0,0.1
5,A,PREY,197,27.340000000000046,186,70.1079999999997,6,2,30.100000000000282,28.450000000000493,0,0.1
5,A,PREY,198,51.19999999999986,201,70.1079999999997,2,2,47.300000000000566,23.80000000000048,0,0.1
5,A,PREY,199,48.259999999999835,201,70.1079999999997,1,2,2.0500000000003076,23.65000000000048,0,0.1
5,A,PREY,200,52.649999999999864,203,70.1079999999997,4,2,2.9875000000003125,23.65000000000048,0,0.1
5,A,PREY,201,54.60999999999987,203,70.1079999999997,2,2,25.05000000000045,23.65000000000048,0,0.1
5,A,PREY,202,51.15999999999992,205,70.1079999999997,2,2,24.525000000000446,23.350000000000477,0,0.1
5,A,PREY,203,57.03999999999986,205,70.1079999999997,0,2,0.0,22.900000000000478,0,0.1
5,A,PREY,204,55.56999999999989,205,70.1079999999997,4,2,13.437500000000382,23.05000000000048,0,0.1
5,A,PREY,205,53.60999999999987,205,70.1079999999997,3,2,2.050000000000314,23.05000000000048,0,0.1
5,A,PREY,206,63.369999999999884,209,70.1079999999997,1,2,46.10000000000051,29.350000000000534,1,0.1
5,A,PREY,207,54.10999999999987,204,70.1079999999997,2,2,22.425000000000438,30.850000000000534,1,0.1
5,A,PREY,208,53.619999999999855,204,70.1079999999997,1,2,3.250000000000316,23.65000000000048,0,0.1
5,A,PREY,209,57.52999999999986,205,70.1079999999997,0,2,0.0,23.50000000000048,0,0.1
5,A,PREY,210,54.12999999999987,202,70.1079999999997,2,2,2.200000000000312,23.95000000000048,0,0.1
5,A,PREY,211,35.61000000000002,192,70.1079999999997,4,2,14.337500000000382,26.350000000000485,0,0.1
5,A,PREY,212,37.06000000000004,194,70.1079999999997,2,2,4.450000000000316,25.900000000000485,0,0.1
5,A,PREY,213,36.040000000000035,198,70.1079999999997,5,2,3.3400000000003125,25.000000000000483,0,0.1
5,A,PREY,214,40.480000000000004,195,70.1079999999997,4,2,15.950000000000376,25.600000000000485,0,0.1
5,A,PREY,215,36.08000000000003,194,70.1079999999997,2,2,2.4250000000003302,24.40000000000048,0,0.1
5,A,PREY,216,39.499999999999986,195,70.1079999999997,1,2,1.150000000000337,25.450000000000486,0,0.1
5,A,PREY,217,36.56000000000004,195,70.1079999999997,4,2,24.175000000000278,25.15000000000048,0,0.1
5,A,PREY,218,57.02999999999987,206,70.1079999999997,2,2,24.225000000000456,22.600000000000477,0,0.1
5,A,PREY,219,39.48000000000001,197,70.1079999999997,3,2,5.5000000000003135,25.600000000000485,0,0.1
5,A,PREY,220,47.279999999999944,201,70.1079999999997,3,2,15.600000000000385,23.80000000000048,0,0.1
5,A,PREY,221,51.199999999999825,201,70.1079999999997,2,2,21.525000000000396,24.10000000000048,0,0.1
5,A,PREY,222,59.939999999999834,209,70.1079999999997,1,2,42.65000000000059,21.550000000000473,0,0.1
5,A,PREY,223,53.13999999999986,203,70.1079999999997,2,2,45.500000000000554,23.20000000000048,0,0.1
5,A,PREY,224,61.40999999999989,209,70.1079999999997,0,2,0.0,22.150000000000475,0,0.1
5,A,PREY,225,67.24999999999989,213,70.1079999999997,2,2,24.375000000000462,20.800000000000473,0,0.1
5,A,PREY,226,58.98999999999988,206,70.1079999999997,0,2,0.0,22.900000000000478,0,0.1
5,A,PREY,227,42.919999999999995,196,70.1079999999997,5,2,11.020000000000374,25.600000000000485,0,0.1
5,A,PREY,228,37.050000000000026,195,70.1079999999997,3,2,17.200000000000383,26.200000000000486,0,0.1
5,A,PREY,229,46.799999999999955,200,70.1079999999997,1,2,44.50000000000052,24.40000000000048,0,0.1
5,A,PREY,230,38.52000000000001,195,70.1079999999997,5,2,3.670000000000324,26.050000000000487,0,0.1
5,A,PREY,231,45.329999999999984,200,70.1079999999997,0,2,0.0,23.350000000000477,0,0.1
5,A,PREY,232,39.98000000000002,196,70.1079999999997,4,2,14.337500000000345,24.700000000000482,0,0.1
5,A,PREY,233,52.129999999999924,206,70.1079999999997,2,2,20.175000000000374,22.150000000000475,0,0.1
5,A,PREY,234,27.34000000000016,186,70.1079999999997,6,2,11.841666666667052,28.75000000000049,0,0.1
5,A,PREY,235,32.22000000000005,188,70.1079999999997,4,2,1.3375000000003576,28.450000000000493,0,0.1
5,A,PREY,236,32.70000000000003,189,70.1079999999997,5,2,5.2000000000003315,28.15000000000049,0,0.1
5,A,PREY,237,20.49000000000001,87,70.1079999999997,6,2,49.22500000000025,63.43125000000028,1,0.1
5,A,PREY,238,61.41999999999986,208,70.1079999999997,1,2,36.05000000000042,22.300000000000477,0,0.1
5,A,PREY,239,39.500000000000014,195,70.1079999999997,4,2,23.725000000000424,26.350000000000485,0,0.1
5,A,PREY,240,59.93999999999987,209,70.1079999999997,2,2,23.925000000000452,20.200000000000472,0,0.1
5,A,PREY,241,43.85000000000001,201,70.1079999999997,4,2,13.512500000000383,24.40000000000048,0,0.1
5,A,PREY,242,57.0299999999999,206,70.1079999999997,3,2,37.233333333333746,22.900000000000478,0,0.1
5,A,PREY,243,37.040000000000035,196,70.1079999999997,2,2,50.7500000000005,25.450000000000486,0,0.1
5,A,PREY,244,45.349999999999966,198,70.1079999999997,3,2,19.133333333333734,24.850000000000485,0,0.1
5,A,PREY,245,44.859999999999964,198,70.1079999999997,3,2,18.983333333333732,25.450000000000486,0,0.1
5,A,PREY,246,63.36999999999986,209,70.1079999999997,0,2,0.0,21.550000000000473,0,0.1
5,A,PREY,247,58.019999999999854,205,70.1079999999997,3,2,13.5833333333337,22.750000000000476,0,0.1
5,A,PREY,248,57.009999999999856,208,70.1079999999997,1,2,38.350000000000584,28.28750000000059,1,0.1
5,A,PREY,249,62.4099999999999,207,70.1079999999997,1,2,0.7000000000003183,22.900000000000478,0,0.1
5,A,PREY,250,65.78999999999989,212,70.1079999999997,0,2,0.0,20.650000000000475,0,0.1
5,B,PREDATOR,1,-3.749999999999984,159,93.19199999999988,5,2,22.120000000000335,44.500000000000455,1,0.0
5,B,PREDATOR,2,-3.7399999999999824,158,93.19199999999988,5,2,22.510000000000332,44.95000000000045,1,0.0
5,B,PREDATOR,3,-0.8299999999999716,161,93.19199999999988,6,2,36.516666666667,36.70000000000046,0,0.0
5,B,PREDATOR,4,-6.609999999999996,151,93.19199999999988,6,2,31.216666666667024,39.55000000000043,0,0.0
5,B,PREDATOR,5,-1.3399999999999732,163,93.19199999999988,6,2,20.600000000000335,35.800000000000466,0,0.0
5,B,PREDATOR,6,-1.8199999999999719,162,93.19199999999988,6,2,21.275000000000333,36.25000000000046,0,0.0
5,B,PREDATOR,7,-4.209999999999976,156,93.19199999999988,6,2,29.84166666666702,37.900000000000446,0,0.0
5,B,PREDATOR,8,-1.7999999999999723,160,93.19199999999988,6,2,28.51666666666701,35.950000000000465,0,0.0
5,B,PREDATOR,9,-1.3999999999999666,169,93.19199999999988,5,2,32.170000000000286,41.80000000000048,1,0.0
5,B,PREDATOR,10,4.010000000000035,167,93.19199999999988,6,2,39.775000000000404,34.750000000000476,0,0.0
5,B,PREDATOR,11,-0.8099999999999774,159,93.19199999999988,6,2,28.816666666667015,37.000000000000455,0,0.0
5,B,PREDATOR,12,0.15000000000002522,161,93.19199999999988,6,2,28.141666666667025,35.950000000000465,0,0.0
5,B,PREDATOR,13,1.0800000000000267,166,93.19199999999988,6,2,20.02500000000033,35.20000000000047,0,0.0
5,B,PREDATOR,14,2.070000000000034,165,93.19199999999988,6,2,20.350000000000332,35.35000000000047,0,0.0
5,B,PREDATOR,15,-0.31999999999997364,159,93.19199999999988,6,2,28.866666666667026,37.15000000000045,0,0.0
5,B,PREDATOR,16,0.11000000000002608,165,93.19199999999988,6,2,20.37500000000033,35.35000000000047,0,0.0
5,B,PREDATOR,17,-1.31999999999997,161,93.19199999999988,6,2,21.57500000000033,36.40000000000046,0,0.0
5,B,PREDATOR,18,-3.139999999999988,98,93.19199999999988,6,3,40.400000000000276,30.900000000000166,0,0.0
5,B,PREDATOR,19,1.080000000000032,166,93.19199999999988,6,2,20.100000000000325,35.20000000000047,0,0.0
5,B,PREDATOR,20,2.1000000000000334,162,93.19199999999988,6,2,34.51666666666702,36.10000000000046,0,0.0
5,B,PREDATOR,21,5.460000000000038,169,93.19199999999988,6,2,25.291666666667023,34.00000000000048,0,0.0
5,B,PREDATOR,22,5.480000000000036,167,93.19199999999988,5,2,27.630000000000344,42.67500000000048,1,0.0
5,B,PREDATOR,23,0.14000000000003077,162,93.19199999999988,6,2,27.26666666666702,36.10000000000046,0,0.0
5,B,PREDATOR,24,0.6200000000000312,163,93.19199999999988,6,2,39.3833333333337,35.800000000000466,0,0.0
5,B,PREDATOR,25,1.130000000000031,161,93.19199999999988,5,2,23.49000000000032,36.40000000000046,0,0.0
5,B,PREDATOR,26,1.5400000000000311,169,93.19199999999988,6,2,44.45833333333371,33.40000000000049,0,0.0
5,B,PREDATOR,27,4.990000000000034,167,93.19199999999988,6,2,19.67500000000033,34.45000000000048,0,0.0
5,B,PREDATOR,28,10.799999999999978,174,93.19199999999988,6,2,16.525000000000333,32.650000000000496,0,0.0
5,B,PREDATOR,29,1.5400000000000293,169,93.19199999999988,6,2,30.916666666667044,34.30000000000048,0,0.0
5,B,PREDATOR,30,8.400000000000011,169,93.19199999999988,6,2,24.37500000000035,34.00000000000048,0,0.0
5,B,PREDATOR,31,2.520000000000035,169,93.19199999999988,6,2,25.491666666667,33.850000000000485,0,0.0
5,B,PREDATOR,32,8.85000000000001,173,93.19199999999988,5,2,37.23000000000034,40.60000000000049,1,0.0
5,B,PREDATOR,33,9.820000000000002,174,93.19199999999988,6,2,16.675000000000335,32.5000000000005,0,0.0
5,B,PREDATOR,34,2.980000000000036,172,93.19199999999988,6,2,24.216666666667027,32.95000000000049,0,0.0
5,B,PREDATOR,35,9.359999999999976,171,93.19199999999988,6,2,23.175000000000352,32.800000000000495,0,0.0
5,B,PREDATOR,36,10.800000000000002,174,93.19199999999988,6,2,29.291666666667027,32.650000000000496,0,0.0
5,B,PREDATOR,37,13.189999999999943,180,93.19199999999988,6,2,28.03333333333372,30.400000000000496,0,0.0
5,B,PREDATOR,38,8.900000000000013,168,93.19199999999988,6,2,19.175000000000335,34.15000000000048,0,0.0
5,B,PREDATOR,39,10.309999999999958,174,93.19199999999988,6,2,29.61666666666704,32.5000000000005,0,0.0
5,B,PREDATOR,40,4.040000000000033,164,93.19199999999988,6,2,33.933333333333685,35.800000000000466,0,0.0
5,B,PREDATOR,41,8.420000000000007,167,93.19199999999988,6,2,19.70000000000033,34.750000000000476,0,0.0
5,B,PREDATOR,42,7.380000000000011,173,93.19199999999988,6,2,17.00000000000033,32.5000000000005,0,0.0
5,B,PREDATOR,43,4.450000000000033,172,93.19199999999988,6,2,22.75000000000036,33.40000000000049,0,0.0
5,B,PREDATOR,44,17.201666666666704,181,93.19199999999988,5,2,22.23000000000036,30.100000000000495,1,0.0
5,B,PREDATOR,45,30.476666666666564,202,93.19199999999988,5,2,13.920000000000366,23.65000000000048,1,0.0
5,B,PREDATOR,46,10.81999999999996,172,93.19199999999988,6,2,17.475000000000332,33.25000000000049,0,0.0
5,B,PREDATOR,47,6.429999999999973,170,93.19199999999988,6,2,25.09166666666701,33.700000000000486,0,0.0
5,B,PREDATOR,48,7.899999999999972,170,93.19199999999988,6,2,37.333333333333734,33.40000000000049,0,0.0
5,B,PREDATOR,49,12.239999999999965,177,93.19199999999988,6,2,21.975000000000346,31.4500000000005,0,0.0
5,B,PREDATOR,50,15.639999999999954,180,93.19199999999988,6,2,21.066666666667025,30.400000000000496,0,0.0
5,B,PREDATOR,51,9.389999999999969,168,93.19199999999988,6,2,19.300000000000328,33.850000000000485,0,0.0
5,B,PREDATOR,52,4.980000000000038,168,93.19199999999988,6,2,32.566666666667025,34.60000000000048,0,0.0
5,B,PREDATOR,53,13.589999999999899,189,93.19199999999988,6,2,10.050000000000319,27.40000000000049,0,0.0
5,B,PREDATOR,54,17.139999999999937,177,93.19199999999988,6,2,15.250000000000332,31.4500000000005,0,0.0
5,B,PREDATOR,55,9.349999999999946,172,93.19199999999988,6,2,24.241666666667,33.25000000000049,0,0.0
5,B,PREDATOR,56,11.319999999999931,171,93.19199999999988,6,2,24.54166666666703,32.95000000000049,0,0.0
5,B,PREDATOR,57,13.739999999999958,174,93.19199999999988,6,2,26.825000000000312,32.5000000000005,0,0.0
5,B,PREDATOR,58,20.03999999999994,181,93.19199999999988,6,2,13.17500000000033,30.250000000000497,0,0.0
5,B,PREDATOR,59,12.259999999999922,175,93.19199999999988,6,2,16.150000000000336,32.0500000000005,0,0.0
5,B,PREDATOR,60,11.799999999999939,172,93.19199999999988,6,2,29.741666666667044,33.40000000000049,0,0.0
5,B,PREDATOR,61,10.309999999999958,174,93.19199999999988,6,2,22.575000000000355,32.3500000000005,0,0.0
5,B,PREDATOR,62,17.629999999999974,177,93.19199999999988,6,2,21.791666666667027,31.6000000000005,0,0.0
5,B,PREDATOR,63,14.17999999999991,179,93.19199999999988,6,2,14.125000000000329,31.000000000000497,0,0.0
5,B,PREDATOR,64,20.529999999999923,181,93.19199999999988,5,2,13.330000000000329,38.20000000000051,1,0.0
5,B,PREDATOR,65,15.689999999999953,175,93.19199999999988,6,2,15.650000000000334,32.0500000000005,0,0.0
5,B,PREDATOR,66,17.139999999999915,177,93.19199999999988,6,2,29.0333333333337,31.6000000000005,0,0.0
5,B,PREDATOR,67,17.119999999999933,179,93.19199999999988,6,2,21.291666666667027,30.250000000000497,0,0.0
5,B,PREDATOR,68,10.820000000000002,172,93.19199999999988,5,2,17.35000000000033,40.75000000000049,1,0.0
5,B,PREDATOR,69,19.409999999999968,195,93.19199999999988,6,2,16.041666666667016,25.600000000000485,0,0.0
5,B,PREDATOR,70,16.649999999999963,177,93.19199999999988,6,2,20.900000000000357,31.300000000000498,0,0.0
5,B,PREDATOR,71,17.599999999999955,180,93.19199999999988,6,2,21.06666666666702,30.8500000000005,0,0.0
5,B,PREDATOR,72,17.599999999999934,180,93.19199999999988,6,2,13.67500000000033,30.700000000000497,0,0.0
5,B,PREDATOR,73,14.23999999999995,173,93.19199999999988,6,2,30.7333333333337,32.650000000000496,0,0.0
5,B,PREDATOR,74,20.499999999999943,184,93.19199999999988,6,2,12.525000000000324,29.500000000000494,0,0.0
5,B,PREDATOR,75,16.629999999999896,179,93.19199999999988,6,2,21.041666666667016,30.8500000000005,0,0.0
5,B,PREDATOR,76,18.589999999999925,179,93.19199999999988,6,2,21.24166666666703,31.150000000000496,0,0.0
5,B,PREDATOR,77,20.029999999999937,182,93.19199999999988,6,2,19.741666666667005,30.100000000000495,0,0.0
5,B,PREDATOR,78,26.22,200,93.19199999999988,6,2,6.050000000000314,24.850000000000485,0,0.0
5,B,PREDATOR,79,22.96999999999995,182,93.19199999999988,5,2,21.420000000000364,36.293750000000536,1,0.0
5,B,PREDATOR,80,27.819999999999908,187,93.19199999999988,6,2,10.800000000000319,28.60000000000049,0,0.0
5,B,PREDATOR,81,23.90999999999994,186,93.19199999999988,6,2,18.341666666667017,29.050000000000495,0,0.0
5,B,PREDATOR,82,29.954166666666705,196,93.19199999999988,5,2,15.240000000000327,26.050000000000487,1,0.0
5,B,PREDATOR,83,18.549999999999898,183,93.19199999999988,6,2,12.675000000000326,29.650000000000496,0,0.0
5,B,PREDATOR,84,19.549999999999947,181,93.19199999999988,6,2,13.525000000000327,30.400000000000496,0,0.0
5,B,PREDATOR,85,29.73999999999996,191,93.19199999999988,6,2,23.783333333333726,27.40000000000049,0,0.0
5,B,PREDATOR,86,23.449999999999974,183,93.19199999999988,6,2,26.70833333333371,29.800000000000495,0,0.0
5,B,PREDATOR,87,32.63999999999998,195,93.19199999999988,6,2,7.125000000000317,26.050000000000487,0,0.0
5,B,PREDATOR,88,26.349999999999994,187,93.19199999999988,6,2,23.32500000000029,28.900000000000492,0,0.0
5,B,PREDATOR,89,32.639999999999944,195,93.19199999999988,6,2,7.150000000000316,26.050000000000487,0,0.0
5,B,PREDATOR,90,26.34999999999995,187,93.19199999999988,6,2,10.575000000000323,27.550000000000487,0,0.0
5,B,PREDATOR,91,30.22999999999996,191,93.19199999999988,6,2,23.116666666667044,27.40000000000049,0,0.0
5,B,PREDATOR,92,22.46999999999995,183,93.19199999999988,6,2,12.275000000000325,29.35000000000049,0,0.0
5,B,PREDATOR,93,30.229999999999926,191,93.19199999999988,6,2,8.800000000000317,27.25000000000049,0,0.0
5,B,PREDATOR,94,30.70999999999995,192,93.19199999999988,6,2,15.866666666667001,25.750000000000483,0,0.0
5,B,PREDATOR,95,29.769999999999985,188,93.19199999999988,6,2,18.06666666666699,28.30000000000049,0,0.0
5,B,PREDATOR,96,22.94000000000002,185,93.19199999999988,6,2,11.675000000000324,29.35000000000049,0,0.0
5,B,PREDATOR,97,24.400000000000006,186,93.19199999999988,6,2,30.916666666666995,28.900000000000492,0,0.0
5,B,PREDATOR,98,31.219999999999953,190,93.19199999999988,6,2,23.933333333333724,27.100000000000488,0,0.0
5,B,PREDATOR,99,17.609999999999935,179,93.19199999999988,6,2,14.425000000000331,30.700000000000497,0,0.0
5,B,PREDATOR,100,47.554166666666674,217,93.19199999999988,5,2,12.12000000000037,19.00000000000047,1,0.0
5,B,PREDATOR,101,19.51999999999991,184,93.19199999999988,6,2,25.000000000000284,29.200000000000493,0,0.0
5,B,PREDATOR,102,23.890000000000015,188,93.19199999999988,6,2,17.20000000000034,28.450000000000493,0,0.0
5,B,PREDATOR,103,28.75,192,93.19199999999988,6,2,8.450000000000317,26.800000000000487,0,0.0
5,B,PREDATOR,104,22.950000000000024,184,93.19199999999988,6,2,39.816666666667054,29.200000000000493,0,0.0
5,B,PREDATOR,105,31.669999999999963,194,93.19199999999988,6,2,9.225000000000316,26.800000000000487,0,0.0
5,B,PREDATOR,106,22.480000000000054,182,93.19199999999988,5,2,21.750000000000362,37.750000000000504,1,0.0
5,B,PREDATOR,107,18.569999999999908,181,93.19199999999988,5,2,36.06000000000033,37.45000000000051,1,0.0
5,B,PREDATOR,108,28.280000000000037,190,93.19199999999988,6,2,9.900000000000318,27.25000000000049,0,0.0
5,B,PREDATOR,109,26.310000000000045,191,93.19199999999988,6,2,16.36666666666702,26.350000000000485,0,0.0
5,B,PREDATOR,110,26.350000000000044,187,93.19199999999988,6,2,25.358333333333714,28.30000000000049,0,0.0
5,B,PREDATOR,111,34.11999999999992,194,93.19199999999988,6,2,27.466666666666995,26.500000000000487,0,0.0
5,B,PREDATOR,112,15.189999999999904,176,93.19199999999988,6,2,15.575000000000331,31.4500000000005,0,0.0
5,B,PREDATOR,113,33.62000000000001,195,93.19199999999988,6,2,22.408333333333687,25.900000000000485,0,0.0
5,B,PREDATOR,114,24.37000000000006,189,93.19199999999988,6,2,17.06666666666702,27.70000000000049,0,0.0
5,B,PREDATOR,115,26.34000000000006,188,93.19199999999988,6,2,24.683333333333724,28.15000000000049,0,0.0
5,B,PREDATOR,116,29.250000000000018,191,93.19199999999988,6,2,16.191666666667007,27.25000000000049,0,0.0
5,B,PREDATOR,117,25.850000000000037,188,93.19199999999988,6,2,10.775000000000324,27.85000000000049,0,0.0
5,B,PREDATOR,118,28.260000000000048,192,93.19199999999988,6,2,9.150000000000317,26.950000000000486,0,0.0
5,B,PREDATOR,119,27.260000000000034,194,93.19199999999988,6,2,15.19166666666702,26.200000000000486,0,0.0
5,B,PREDATOR,120,23.41000000000004,187,93.19199999999988,6,2,17.441666666666993,28.60000000000049,0,0.0
5,B,PREDATOR,121,21.959999999999894,185,93.19199999999988,6,2,11.750000000000327,29.050000000000495,0,0.0
5,B,PREDATOR,122,65.41666666666639,251,93.19199999999988,0,1,0.0,8.200000000000443,1,0.0
5,B,PREDATOR,123,45.74916666666666,221,93.19199999999988,2,2,23.400000000000407,17.650000000000468,1,0.0
5,B,PREDATOR,124,22.439999999999934,186,93.19199999999988,6,2,11.225000000000321,28.900000000000492,0,0.0
5,B,PREDATOR,125,29.109999999999985,205,93.19199999999988,6,2,10.56666666666699,23.350000000000477,0,0.0
5,B,PREDATOR,126,42.379999999999946,201,93.19199999999988,6,2,4.600000000000315,23.95000000000048,0,0.0
5,B,PREDATOR,127,45.289999999999935,204,93.19199999999988,6,2,10.100000000000358,23.350000000000477,0,0.0
5,B,PREDATOR,128,35.57000000000001,196,93.19199999999988,6,2,19.791666666667023,25.750000000000483,0,0.0
5,B,PREDATOR,129,29.200000000000017,196,93.19199999999988,6,2,13.100000000000344,25.15000000000048,0,0.0
5,B,PREDATOR,130,29.740000000000023,191,93.19199999999988,6,2,9.875000000000318,27.100000000000488,0,0.0
5,B,PREDATOR,131,31.180000000000028,194,93.19199999999988,6,2,21.933333333333675,25.900000000000485,0,0.0
5,B,PREDATOR,132,30.21000000000001,193,93.19199999999988,6,2,8.525000000000317,26.800000000000487,0,0.0
5,B,PREDATOR,133,22.880000000000102,191,93.19199999999988,6,2,16.19166666666702,27.100000000000488,0,0.0
5,B,PREDATOR,134,31.210000000000008,191,93.19199999999988,6,2,9.375000000000318,27.25000000000049,0,0.0
5,B,PREDATOR,135,23.45000000000003,183,93.19199999999988,4,2,22.925000000000374,29.500000000000494,0,0.0
5,B,PREDATOR,136,21.499999999999893,182,93.19199999999988,6,2,13.325000000000324,30.400000000000496,0,0.0
5,B,PREDATOR,137,26.34000000000013,188,93.19199999999988,6,2,16.65000000000035,28.450000000000493,0,0.0
5,B,PREDATOR,138,19.569999999999915,179,93.19199999999988,6,2,14.250000000000329,30.8500000000005,0,0.0
5,B,PREDATOR,139,29.29,187,93.19199999999988,6,2,23.39166666666706,28.60000000000049,0,0.0
5,B,PREDATOR,140,40.9199999999999,200,93.19199999999988,6,2,19.61666666666705,24.55000000000048,0,0.0
5,B,PREDATOR,141,49.64999999999988,209,93.19199999999988,6,2,3.1250000000003175,21.850000000000477,0,0.0
5,B,PREDATOR,142,30.640000000000036,199,93.19199999999988,6,2,15.600000000000314,25.15000000000048,0,0.0
5,B,PREDATOR,143,28.730000000000025,194,93.19199999999988,6,2,7.900000000000317,25.750000000000483,0,0.0
5,B,PREDATOR,144,39.45999999999991,199,93.19199999999988,6,2,13.391666666667023,24.40000000000048,0,0.0
5,B,PREDATOR,145,29.720000000000034,193,93.19199999999988,6,2,23.20833333333371,26.950000000000486,0,0.0
5,B,PREDATOR,146,38.919999999999966,204,93.19199999999988,6,2,3.900000000000316,23.50000000000048,0,0.0
5,B,PREDATOR,147,51.51666666666664,219,93.19199999999988,2,2,3.1750000000003094,13.000000000000455,1,0.0
5,B,PREDATOR,148,48.62999999999988,213,93.19199999999988,3,2,40.850000000000556,20.650000000000475,0,0.0
5,B,PREDATOR,149,52.79666666666658,214,93.19199999999988,0,2,0.0,20.35000000000047,1,0.0
5,B,PREDATOR,150,41.04666666666678,213,93.19199999999988,0,2,0.0,19.90000000000047,1,0.0
5,B,PREDATOR,151,22.439999999999998,186,93.19199999999988,6,2,31.383333333333756,29.200000000000493,0,0.0
5,B,PREDATOR,152,30.240000000000038,190,93.19199999999988,6,2,17.266666666666996,27.70000000000049,0,0.0
5,B,PREDATOR,153,31.180000000000028,194,93.19199999999988,6,2,20.325000000000284,25.450000000000486,0,0.0
5,B,PREDATOR,154,29.24000000000005,192,93.19199999999988,6,2,8.375000000000318,27.100000000000488,0,0.0
5,B,PREDATOR,155,41.36999999999997,204,93.19199999999988,6,2,11.316666666667016,23.50000000000048,0,0.0
5,B,PREDATOR,156,51.099999999999895,211,93.19199999999988,5,2,17.630000000000372,21.250000000000476,0,0.0
5,B,PREDATOR,157,37.97999999999999,200,93.19199999999988,6,2,5.375000000000313,24.40000000000048,0,0.0
5,B,PREDATOR,158,51.04999999999988,216,93.19199999999988,4,2,11.387500000000381,19.60000000000047,0,0.0
5,B,PREDATOR,159,51.099999999999895,211,93.19199999999988,5,2,0.9700000000003154,20.950000000000472,0,0.0
5,B,PREDATOR,160,52.03999999999989,215,93.19199999999988,1,2,37.15000000000058,19.90000000000047,0,0.0
5,B,PREDATOR,161,40.83999999999998,208,93.19199999999988,6,2,16.883333333333702,20.500000000000473,0,0.0
5,B,PREDATOR,162,42.81999999999992,206,93.19199999999988,6,2,8.325000000000356,22.600000000000477,0,0.0
5,B,PREDATOR,163,31.159999999999982,196,93.19199999999988,6,2,7.125000000000317,25.600000000000485,0,0.0
5,B,PREDATOR,164,30.690000000000026,194,93.19199999999988,6,2,15.166666666667021,26.200000000000486,0,0.0
5,B,PREDATOR,165,44.76999999999996,207,93.19199999999988,6,2,1.5000000000003133,22.150000000000475,0,0.0
5,B,PREDATOR,166,52.48999999999988,219,93.19199999999988,1,2,4.000000000000307,18.100000000000467,0,0.0
5,B,PREDATOR,167,52.136666666666656,218,93.19199999999988,0,2,0.0,19.00000000000047,1,0.0
5,B,PREDATOR,168,47.229999999999876,206,93.19199999999988,6,2,21.99166666666702,22.750000000000476,0,0.0
5,B,PREDATOR,169,50.58999999999986,213,93.19199999999988,3,2,14.28333333333365,20.050000000000473,0,0.0
5,B,PREDATOR,170,48.65999999999992,210,93.19199999999988,6,2,9.225000000000348,21.850000000000477,0,0.0
5,B,PREDATOR,171,51.11999999999988,209,93.19199999999988,6,2,14.99166666666707,22.150000000000475,0,0.0
5,B,PREDATOR,172,54.989999999999874,214,93.19199999999988,4,2,23.887500000000408,20.200000000000472,0,0.0
5,B,PREDATOR,173,52.999999999999865,217,93.19199999999988,3,2,16.58333333333375,18.70000000000047,0,0.0
5,B,PREDATOR,174,58.389999999999915,217,93.19199999999988,3,2,29.91666666666718,19.00000000000047,0,0.0
5,B,PREDATOR,175,65.2141666666667,235,93.19199999999988,1,2,69.55000000000028,9.100000000000446,1,0.0
5,B,PREDATOR,176,39.930000000000014,201,93.19199999999988,6,2,5.4500000000003155,23.65000000000048,0,0.0
5,B,PREDATOR,177,91.10166666666659,271,93.19199999999988,0,1,0.0,0.10000000000044673,1,0.0
5,B,PREDATOR,178,40.43,200,93.19199999999988,6,2,31.29166666666704,24.700000000000482,0,0.0
5,B,PREDATOR,179,37.009999999999984,199,93.19199999999988,6,2,6.175000000000313,24.700000000000482,0,0.0
5,B,PREDATOR,180,33.61,196,93.19199999999988,6,2,7.050000000000314,25.600000000000485,0,0.0
5,B,PREDATOR,181,43.83999999999998,202,93.19199999999988,5,2,4.090000000000314,31.45000000000053,1,0.0
5,B,PREDATOR,182,60.249999999999886,227,93.19199999999988,2,2,1.0000000000003149,13.000000000000455,0,0.0
5,B,PREDATOR,183,38.520000000000024,195,93.19199999999988,6,2,25.016666666666996,25.15000000000048,0,0.0
5,B,PREDATOR,184,48.679999999999964,208,93.19199999999988,6,2,9.866666666667028,22.150000000000475,0,0.0
5,B,PREDATOR,185,55.439999999999884,218,93.19199999999988,2,2,24.225000000000463,18.400000000000468,0,0.0
5,B,PREDATOR,186,52.059999999999896,213,93.19199999999988,4,2,22.91250000000036,19.90000000000047,0,0.0
5,B,PREDATOR,187,36.05,197,93.19199999999988,6,2,20.000000000000377,24.700000000000482,0,0.0
5,B,PREDATOR,188,39.46,199,93.19199999999988,6,2,6.4250000000003125,25.000000000000483,0,0.0
5,B,PREDATOR,189,46.25999999999989,205,93.19199999999988,6,2,10.266666666667028,22.45000000000048,0,0.0
5,B,PREDATOR,190,49.15999999999989,209,93.19199999999988,6,2,9.416666666667028,22.150000000000475,0,0.0
5,B,PREDATOR,191,40.40999999999988,202,93.19199999999988,6,2,11.916666666667014,23.95000000000048,0,0.0
5,B,PREDATOR,192,50.0899999999999,214,93.19199999999988,2,2,19.825000000000443,19.00000000000047,0,0.0
5,B,PREDATOR,193,60.25999999999988,226,93.19199999999988,2,2,20.700000000000376,11.800000000000452,0,0.0
5,B,PREDATOR,194,59.319999999999894,222,93.19199999999988,1,2,43.250000000000625,16.600000000000463,0,0.0
5,B,PREDATOR,195,42.37999999999997,201,93.19199999999988,6,2,12.291666666667027,23.95000000000048,0,0.0
5,B,PREDATOR,196,43.82999999999995,203,93.19199999999988,6,2,4.300000000000317,23.05000000000048,0,0.0
5,B,PREDATOR,197,57.90999999999989,216,93.19199999999988,2,2,1.0750000000003217,19.00000000000047,0,0.0
5,B,PREDATOR,198,65.64666666666668,228,93.19199999999988,2,2,16.150000000000475,14.350000000000458,1,0.0
5,B,PREDATOR,199,54.93999999999984,219,93.19199999999988,2,2,55.6500000000004,27.250000000000533,1,0.0
5,B,PREDATOR,200,50.59999999999991,212,93.19199999999988,1,2,46.10000000000059,20.650000000000475,0,0.0
5,B,PREDATOR,201,35.07000000000005,197,93.19199999999988,6,2,33.19166666666711,25.15000000000048,0,0.0
5,B,PREDATOR,202,43.78999999999995,207,93.19199999999988,6,2,24.000000000000373,22.750000000000476,0,0.0
5,B,PREDATOR,203,43.27999999999995,209,93.19199999999988,6,2,8.466666666666983,21.550000000000473,0,0.0
5,B,PREDATOR,204,64.6499999999999,228,93.19199999999988,1,2,41.30000000000065,7.600000000000449,0,0.0
5,B,PREDATOR,205,36.480000000000025,203,93.19199999999988,6,2,19.533333333333733,23.20000000000048,0,0.0
5,B,PREDATOR,206,49.57999999999994,216,93.19199999999988,3,2,16.18333333333368,19.30000000000047,0,0.0
5,B,PREDATOR,207,44.759999999999984,208,93.19199999999988,6,2,9.416666666667027,22.300000000000477,0,0.0
5,B,PREDATOR,208,48.61999999999995,214,93.19199999999988,1,2,42.9500000000004,20.200000000000472,0,0.0
5,B,PREDATOR,209,47.17999999999997,211,93.19199999999988,4,2,24.487500000000452,21.400000000000475,0,0.0
5,B,PREDATOR,210,37.97000000000002,201,93.19199999999988,6,2,20.233333333333707,24.40000000000048,0,0.0
5,B,PREDATOR,211,35.0000000000001,204,93.19199999999988,5,2,13.530000000000348,31.30000000000053,1,0.0
5,B,PREDATOR,212,48.179999999999936,209,93.19199999999988,6,2,16.808333333333707,21.850000000000477,0,0.0
5,B,PREDATOR,213,36.53000000000007,198,93.19199999999988,6,2,36.32500000000043,24.40000000000048,0,0.0
5,B,PREDATOR,214,33.13000000000005,195,93.19199999999988,6,2,22.033333333333672,26.350000000000485,0,0.0
5,B,PREDATOR,215,61.29999999999995,220,93.19199999999988,1,2,41.60000000000044,17.800000000000466,0,0.0
5,B,PREDATOR,216,74.37999999999991,235,93.19199999999988,1,2,39.35000000000066,9.250000000000446,0,0.0
5,B,PREDATOR,217,59.35999999999988,218,93.19199999999988,2,2,24.075000000000394,14.800000000000459,0,0.0
5,B,PREDATOR,218,67.12999999999991,225,93.19199999999988,1,2,41.80000000000053,14.350000000000458,0,0.0
5,B,PREDATOR,219,69.5299999999999,230,93.19199999999988,1,2,35.9000000000004,11.20000000000045,0,0.0
5,B,PREDATOR,220,64.21999999999993,222,93.19199999999988,4,2,10.487500000000392,16.000000000000462,0,0.0
5,B,PREDATOR,221,52.47999999999994,220,93.19199999999988,0,2,0.0,17.650000000000468,0,0.0
5,B,PREDATOR,222,63.23999999999989,222,93.19199999999988,1,2,2.8000000000003116,16.000000000000462,0,0.0
5,B,PREDATOR,223,70.0099999999999,231,93.19199999999988,1,2,40.55000000000065,9.100000000000446,0,0.0
5,B,PREDATOR,224,64.18999999999987,225,93.19199999999988,2,2,0.7750000000003207,14.500000000000458,0,0.0
5,B,PREDATOR,225,43.25,212,93.19199999999988,1,2,2.3500000000003185,21.100000000000474,0,0.0
5,B,PREDATOR,226,52.539999999999935,214,93.19199999999988,2,2,41.17500000000047,20.35000000000047,0,0.0
5,B,PREDATOR,227,57.40999999999984,217,93.19199999999988,3,2,44.40000000000055,18.400000000000468,0,0.0
5,B,PREDATOR,228,49.629999999999924,211,93.19199999999988,6,2,0.7250000000003163,21.550000000000473,0,0.0
5,B,PREDATOR,229,40.84999999999999,207,93.19199999999988,6,2,8.325000000000353,22.750000000000476,0,0.0
5,B,PREDATOR,230,48.149999999999956,212,93.19199999999988,2,2,3.32500000000032,20.950000000000472,0,0.0
5,B,PREDATOR,231,56.90999999999966,218,93.19199999999988,1,2,1.900000000000319,18.400000000000468,0,0.0
5,B,PREDATOR,232,56.44999999999988,215,93.19199999999988,3,2,17.683333333333746,20.050000000000473,0,0.0
5,B,PREDATOR,233,55.44999999999993,217,93.19199999999988,2,2,23.100000000000463,19.90000000000047,0,0.0
5,B,PREDATOR,234,49.15999999999993,209,93.19199999999988,6,2,8.866666666667028,21.850000000000477,0,0.0
5,B,PREDATOR,235,54.5099999999999,213,93.19199999999988,4,2,21.887500000000436,20.500000000000473,0,0.0
5,B,PREDATOR,236,74.38999999999996,234,93.19199999999988,0,2,0.0,7.900000000000444,0,0.0
5,B,PREDATOR,237,64.6899999999999,224,93.19199999999988,1,2,2.5000000000002975,15.55000000000046,0,0.0
5,B,PREDATOR,238,63.69999999999986,225,93.19199999999988,4,2,59.41250000000045,14.200000000000458,0,0.0
5,B,PREDATOR,239,74.88999999999994,233,93.19199999999988,1,2,39.95000000000066,9.850000000000447,0,0.0
5,B,PREDATOR,240,48.67999999999995,208,93.19199999999988,6,2,16.483333333333736,22.150000000000475,0,0.0
5,B,PREDATOR,241,65.66999999999994,224,93.19199999999988,0,2,0.0,15.40000000000046,0,0.0
5,B,PREDATOR,242,56.4499999999997,215,93.19199999999988,1,2,2.2000000000003137,28.300000000000537,1,0.0
5,B,PREDATOR,243,51.11999999999994,209,93.19199999999988,6,2,15.300000000000288,22.300000000000477,0,0.0
5,B,PREDATOR,244,55.4599999999999,216,93.19199999999988,3,2,30.466666666667113,19.90000000000047,0,0.0
5,B,PREDATOR,245,62.71999999999988,225,93.19199999999988,2,2,21.0750000000004,14.200000000000458,0,0.0
5,B,PREDATOR,246,114.8241666666669,297,93.19199999999988,1,0,6.400000000000578,0.0,1,0.0
5,B,PREDATOR,247,65.63999999999987,227,93.19199999999988,2,2,40.40000000000049,14.650000000000459,0,0.0
5,B,PREDATOR,248,66.62999999999985,226,93.19199999999988,3,2,28.066666666667185,15.55000000000046,0,0.0
5,B,PREDATOR,249,78.25999999999993,239,93.19199999999988,0,2,0.0,6.250000000000447,0,0.0
5,B,PREDATOR,250,53.47999999999992,218,93.19199999999988,3,2,17.03333333333375,19.00000000000047,0,0.0
