episode,reward,steps,eval_reward,outcome,prey_population,predator_population,avg_prey_energy,avg_predator_energy
1,-2.249999999999996,350,0.0,PREY_WIN,1,0,100.0,0.0
2,-2.1799999999999975,350,0.0,PREY_WIN,1,0,99.72999999999999,0.0
3,-2.289999999999995,350,0.0,PREY_WIN,1,0,100.0,0.0
4,-2.2299999999999964,350,0.0,PREY_WIN,1,0,100.0,0.0
5,-2.429999999999992,350,0.0,PREY_WIN,1,0,100.0,0.0
6,-2.199999999999997,350,0.0,PREY_WIN,1,0,100.0,0.0
7,-2.7899999999999845,350,0.0,PREY_WIN,1,0,100.0,0.0
8,-2.9799999999999804,350,0.0,PREY_WIN,1,0,99.72999999999999,0.0
9,-3.0599999999999787,350,0.0,PREY_WIN,1,0,100.0,0.0
10,-2.239999999999996,350,0.0,PREY_WIN,1,0,100.0,0.0
11,-2.259999999999996,350,0.0,PREY_WIN,1,0,100.0,0.0
12,-2.5599999999999894,350,0.0,PREY_WIN,1,0,100.0,0.0
13,-3.279999999999974,350,0.0,PREY_WIN,1,0,100.0,0.0
14,29.70749999999999,8,0.0,PREDATOR_WIN,0,1,0.0,100.0
15,-2.52999999999999,350,0.0,PREY_WIN,1,0,100.0,0.0
16,-2.339999999999994,350,0.0,PREY_WIN,1,0,100.0,0.0
17,-2.53999999999999,350,0.0,PREY_WIN,1,0,99.72999999999999,0.0
18,-2.4999999999999907,350,0.0,PREY_WIN,1,0,100.0,0.0
19,-2.1899999999999973,350,0.0,PREY_WIN,1,0,100.0,0.0
20,-2.209999999999997,350,0.0,PREY_WIN,1,0,100.0,0.0
21,-2.239999999999996,350,0.0,PREY_WIN,1,0,100.0,0.0
22,-2.1799999999999975,350,0.0,PREY_WIN,1,0,100.0,0.0
23,-2.3199999999999945,350,0.0,PREY_WIN,1,0,100.0,0.0
24,29.62749999999999,16,0.0,PREDATOR_WIN,0,1,0.0,100.0
25,-2.239999999999996,350,0.0,PREY_WIN,1,0,99.72999999999999,0.0
26,-2.259999999999996,350,0.0,PREY_WIN,1,0,100.0,0.0
27,-2.389999999999993,350,0.0,PREY_WIN,1,0,100.0,0.0
28,-2.199999999999997,350,0.0,PREY_WIN,1,0,100.0,0.0
29,-2.199999999999997,350,0.0,PREY_WIN,1,0,100.0,0.0
30,-2.209999999999997,350,0.0,PREY_WIN,1,0,100.0,0.0
31,-2.2299999999999964,350,0.0,PREY_WIN,1,0,100.0,0.0
32,-2.3599999999999937,350,0.0,PREY_WIN,1,0,100.0,0.0
33,-2.9699999999999807,350,0.0,PREY_WIN,1,0,100.0,0.0
34,-2.289999999999995,350,0.0,PREY_WIN,1,0,100.0,0.0
35,-2.4499999999999917,350,0.0,PREY_WIN,1,0,100.0,0.0
36,29.63749999999999,15,0.0,PREDATOR_WIN,0,1,0.0,100.0
37,-2.3099999999999947,350,0.0,PREY_WIN,1,0,100.0,0.0
38,-2.1899999999999973,350,0.0,PREY_WIN,1,0,100.0,0.0
39,-2.209999999999997,350,0.0,PREY_WIN,1,0,100.0,0.0
40,-2.1399999999999983,350,0.0,PREY_WIN,1,0,100.0,0.0
41,-2.429999999999992,350,0.0,PREY_WIN,1,0,100.0,0.0
42,-2.1899999999999973,350,0.0,PREY_WIN,1,0,100.0,0.0
43,-2.199999999999997,350,0.0,PREY_WIN,1,0,100.0,0.0
44,29.43499999999999,42,0.0,PREDATOR_WIN,0,1,0.0,93.12499999999991
45,-2.859999999999983,350,0.0,PREY_WIN,1,0,100.0,0.0
46,-2.4599999999999915,350,0.0,PREY_WIN,1,0,99.72999999999999,0.0
47,-2.109999999999999,350,0.0,PREY_WIN,1,0,100.0,0.0
48,-2.159999999999998,350,0.0,PREY_WIN,1,0,100.0,0.0
49,-2.239999999999996,350,0.0,PREY_WIN,1,0,100.0,0.0
50,29.677499999999988,11,0.0,PREDATOR_WIN,0,1,0.0,100.0
51,-2.2699999999999956,350,0.0,PREY_WIN,1,0,100.0,0.0
52,-2.099999999999999,350,0.0,PREY_WIN,1,0,100.0,0.0
53,-2.3799999999999932,350,0.0,PREY_WIN,1,0,100.0,0.0
54,-2.1899999999999973,350,0.0,PREY_WIN,1,0,100.0,0.0
55,-2.1399999999999983,350,0.0,PREY_WIN,1,0,100.0,0.0
56,-2.259999999999996,350,0.0,PREY_WIN,1,0,100.0,0.0
57,-2.289999999999995,350,0.0,PREY_WIN,1,0,100.0,0.0
58,-2.399999999999993,350,0.0,PREY_WIN,1,0,100.0,0.0
59,-2.1899999999999973,350,0.0,PREY_WIN,1,0,100.0,0.0
60,-2.239999999999996,350,0.0,PREY_WIN,1,0,100.0,0.0
61,-2.1299999999999986,350,0.0,PREY_WIN,1,0,100.0,0.0
62,-2.209999999999997,350,0.0,PREY_WIN,1,0,100.0,0.0
63,-2.1399999999999983,350,0.0,PREY_WIN,1,0,100.0,0.0
64,-2.209999999999997,350,0.0,PREY_WIN,1,0,100.0,0.0
65,-2.289999999999995,350,0.0,PREY_WIN,1,0,100.0,0.0
66,-2.289999999999995,350,0.0,PREY_WIN,1,0,100.0,0.0
67,-2.2299999999999964,350,0.0,PREY_WIN,1,0,100.0,0.0
68,-2.1899999999999973,350,0.0,PREY_WIN,1,0,100.0,0.0
69,29.252499999999994,67,0.0,PREDATOR_WIN,0,1,0.0,84.19249999999994
70,-2.52999999999999,350,0.0,PREY_WIN,1,0,100.0,0.0
71,-2.7999999999999843,350,0.0,PREY_WIN,1,0,100.0,0.0
72,-2.259999999999996,350,0.0,PREY_WIN,1,0,100.0,0.0
73,28.079999999999963,107,0.0,PREDATOR_WIN,0,1,0.0,66.92000000000016
74,-2.6399999999999877,350,0.0,PREY_WIN,1,0,100.0,0.0
75,-2.4599999999999915,350,0.0,PREY_WIN,1,0,100.0,0.0
76,-2.2699999999999956,350,0.0,PREY_WIN,1,0,100.0,0.0
77,-2.339999999999994,350,0.0,PREY_WIN,1,0,100.0,0.0
78,-2.259999999999996,350,0.0,PREY_WIN,1,0,100.0,0.0
79,-2.3199999999999945,350,0.0,PREY_WIN,1,0,100.0,0.0
80,29.53749999999999,25,0.0,PREDATOR_WIN,0,1,0.0,99.59749999999994
81,-2.6099999999999883,350,0.0,PREY_WIN,1,0,100.0,0.0
82,-2.709999999999986,350,0.0,PREY_WIN,1,0,100.0,0.0
83,-2.3299999999999943,350,0.0,PREY_WIN,1,0,100.0,0.0
84,-2.6499999999999875,350,0.0,PREY_WIN,1,0,100.0,0.0
85,-2.1899999999999973,350,0.0,PREY_WIN,1,0,100.0,0.0
86,-2.289999999999995,350,0.0,PREY_WIN,1,0,100.0,0.0
87,-2.259999999999996,350,0.0,PREY_WIN,1,0,100.0,0.0
88,-3.00999999999998,350,0.0,PREY_WIN,1,0,100.0,0.0
89,29.74499999999999,11,0.0,PREDATOR_WIN,0,1,0.0,100.0
90,-2.209999999999997,350,0.0,PREY_WIN,1,0,100.0,0.0
91,-2.6399999999999877,350,0.0,PREY_WIN,1,0,100.0,0.0
92,29.979999999999997,1,0.0,PREDATOR_WIN,0,1,0.0,100.0
93,28.272499999999994,165,0.0,PREDATOR_WIN,0,1,0.0,49.632500000000206
94,-2.2299999999999964,350,0.0,PREY_WIN,1,0,100.0,0.0
95,29.072499999999994,85,0.0,PREDATOR_WIN,0,1,0.0,76.63250000000005
96,-3.4999999999999694,350,0.0,PREY_WIN,1,1,100.0,13.60000000000022
97,-3.4099999999999713,350,0.0,PREY_WIN,1,0,100.0,0.0
98,-2.819999999999984,350,0.0,PREY_WIN,1,0,100.0,0.0
99,-2.6399999999999877,350,0.0,PREY_WIN,1,0,100.0,0.0
100,-2.429999999999992,350,0.0,PREY_WIN,1,0,100.0,0.0
101,-2.4099999999999926,350,0.0,PREY_WIN,1,0,100.0,0.0
102,29.534999999999993,32,0.0,PREDATOR_WIN,0,1,0.0,97.02499999999993
103,28.812499999999993,111,0.0,PREDATOR_WIN,0,1,0.0,81.31249999999997
104,-3.4899999999999696,350,0.0,PREY_WIN,1,0,99.72999999999999,0.0
105,29.569999999999986,15,0.0,PREDATOR_WIN,0,1,0.0,100.0
106,29.61499999999999,24,0.0,PREDATOR_WIN,0,1,0.0,100.0
107,-3.1599999999999766,350,0.0,PREY_WIN,1,0,100.0,0.0
108,-2.6099999999999883,350,0.0,PREY_WIN,1,0,100.0,0.0
109,-2.289999999999995,350,0.0,PREY_WIN,1,0,100.0,0.0
110,-2.159999999999998,350,0.0,PREY_WIN,1,0,100.0,0.0
111,-2.339999999999994,350,0.0,PREY_WIN,1,0,99.88,0.0
112,-2.159999999999998,350,0.0,PREY_WIN,1,0,100.0,0.0
113,-2.3599999999999937,350,0.0,PREY_WIN,1,0,100.0,0.0
114,-2.159999999999998,350,0.0,PREY_WIN,1,0,100.0,0.0
115,-2.1899999999999973,350,0.0,PREY_WIN,1,0,100.0,0.0
116,-2.259999999999996,350,0.0,PREY_WIN,1,0,100.0,0.0
117,29.734999999999992,12,0.0,PREDATOR_WIN,0,1,0.0,100.0
118,-2.209999999999997,350,0.0,PREY_WIN,1,0,99.45999999999998,0.0
119,27.89499999999999,196,0.0,PREDATOR_WIN,0,1,0.0,33.84500000000024
120,29.979999999999997,1,0.0,PREDATOR_WIN,0,1,0.0,100.0
121,-2.439999999999992,350,0.0,PREY_WIN,1,0,100.0,0.0
122,29.824999999999992,3,0.0,PREDATOR_WIN,0,1,0.0,100.0
123,-2.769999999999985,350,0.0,PREY_WIN,1,0,100.0,0.0
124,-3.00999999999998,350,0.0,PREY_WIN,1,0,100.0,0.0
125,-2.199999999999997,350,0.0,PREY_WIN,1,0,100.0,0.0
126,-2.249999999999996,350,0.0,PREY_WIN,1,0,100.0,0.0
127,29.71749999999999,7,0.0,PREDATOR_WIN,0,1,0.0,100.0
128,-2.4599999999999915,350,0.0,PREY_WIN,1,0,100.0,0.0
129,-2.3599999999999937,350,0.0,PREY_WIN,1,0,100.0,0.0
130,-2.1899999999999973,350,0.0,PREY_WIN,1,0,100.0,0.0
131,-2.209999999999997,350,0.0,PREY_WIN,1,0,100.0,0.0
132,-2.209999999999997,350,0.0,PREY_WIN,1,0,100.0,0.0
133,29.969999999999995,2,0.0,PREDATOR_WIN,0,1,0.0,100.0
134,-2.159999999999998,350,0.0,PREY_WIN,1,0,100.0,0.0
135,-2.3299999999999943,350,0.0,PREY_WIN,1,0,100.0,0.0
136,29.81499999999999,4,0.0,PREDATOR_WIN,0,1,0.0,100.0
137,-2.159999999999998,350,0.0,PREY_WIN,1,0,100.0,0.0
138,-2.2199999999999966,350,0.0,PREY_WIN,1,0,99.72999999999999,0.0
139,28.279999999999966,90,0.0,PREDATOR_WIN,0,1,0.0,75.89000000000001
140,-2.7999999999999843,350,0.0,PREY_WIN,1,0,100.0,0.0
141,-2.759999999999985,350,0.0,PREY_WIN,1,0,100.0,0.0
142,29.68499999999999,17,0.0,PREDATOR_WIN,0,1,0.0,100.0
143,-2.399999999999993,350,0.0,PREY_WIN,1,0,100.0,0.0
144,-2.259999999999996,350,0.0,PREY_WIN,1,0,100.0,0.0
145,-3.2199999999999753,350,0.0,PREY_WIN,1,0,100.0,0.0
146,-2.389999999999993,350,0.0,PREY_WIN,1,0,100.0,0.0
147,29.677499999999988,11,0.0,PREDATOR_WIN,0,1,0.0,100.0
148,-2.159999999999998,350,0.0,PREY_WIN,1,0,100.0,0.0
149,-2.439999999999992,350,0.0,PREY_WIN,1,0,99.72999999999999,0.0
150,28.762499999999992,116,0.0,PREDATOR_WIN,0,1,0.0,62.11250000000026
151,-3.1599999999999766,350,0.0,PREY_WIN,1,0,100.0,0.0
152,-3.2999999999999736,350,0.0,PREY_WIN,1,0,99.72999999999999,0.0
153,28.442499999999992,148,0.0,PREDATOR_WIN,0,1,0.0,69.67249999999999
154,-2.2199999999999966,350,0.0,PREY_WIN,1,0,100.0,0.0
155,-2.489999999999991,350,0.0,PREY_WIN,1,0,100.0,0.0
156,-2.5899999999999888,350,0.0,PREY_WIN,1,0,100.0,0.0
157,29.694999999999993,16,0.0,PREDATOR_WIN,0,1,0.0,100.0
158,-2.679999999999987,350,0.0,PREY_WIN,1,0,100.0,0.0
159,29.082499999999992,84,0.0,PREDATOR_WIN,0,1,0.0,78.25250000000003
160,-3.1099999999999777,350,0.0,PREY_WIN,1,0,100.0,0.0
161,29.072499999999984,58,0.0,PREDATOR_WIN,0,1,0.0,88.30249999999987
162,-2.9299999999999815,350,0.0,PREY_WIN,1,0,100.0,0.0
163,-3.0799999999999783,350,0.0,PREY_WIN,1,0,100.0,0.0
164,-2.339999999999994,350,0.0,PREY_WIN,1,0,100.0,0.0
165,-2.5999999999999885,350,0.0,PREY_WIN,1,0,100.0,0.0
166,-2.1899999999999973,350,0.0,PREY_WIN,1,0,100.0,0.0
167,-2.1899999999999973,350,0.0,PREY_WIN,1,0,100.0,0.0
168,-2.1199999999999988,350,0.0,PREY_WIN,1,0,100.0,0.0
169,-2.1199999999999988,350,0.0,PREY_WIN,1,0,100.0,0.0
170,-2.209999999999997,350,0.0,PREY_WIN,1,0,100.0,0.0
171,-2.1899999999999973,350,0.0,PREY_WIN,1,0,100.0,0.0
172,-2.209999999999997,350,0.0,PREY_WIN,1,0,100.0,0.0
173,-2.239999999999996,350,0.0,PREY_WIN,1,0,100.0,0.0
174,-2.249999999999996,350,0.0,PREY_WIN,1,0,100.0,0.0
175,-2.2199999999999966,350,0.0,PREY_WIN,1,0,100.0,0.0
176,-2.199999999999997,350,0.0,PREY_WIN,1,0,100.0,0.0
177,-2.199999999999997,350,0.0,PREY_WIN,1,0,99.72999999999999,0.0
178,-2.209999999999997,350,0.0,PREY_WIN,1,0,100.0,0.0
179,-2.199999999999997,350,0.0,PREY_WIN,1,0,100.0,0.0
180,29.747499999999988,4,0.0,PREDATOR_WIN,0,1,0.0,100.0
181,-2.209999999999997,350,0.0,PREY_WIN,1,0,100.0,0.0
182,-2.1899999999999973,350,0.0,PREY_WIN,1,0,100.0,0.0
183,-2.2199999999999966,350,0.0,PREY_WIN,1,0,100.0,0.0
184,-2.209999999999997,350,0.0,PREY_WIN,1,0,100.0,0.0
185,-2.289999999999995,350,0.0,PREY_WIN,1,0,100.0,0.0
186,-2.259999999999996,350,0.0,PREY_WIN,1,0,100.0,0.0
187,-2.259999999999996,350,0.0,PREY_WIN,1,0,100.0,0.0
188,29.54499999999999,31,0.0,PREDATOR_WIN,0,1,0.0,98.04499999999993
189,-2.7899999999999845,350,0.0,PREY_WIN,1,0,100.0,0.0
190,-2.8399999999999834,350,0.0,PREY_WIN,1,0,100.0,0.0
191,-2.249999999999996,350,0.0,PREY_WIN,1,0,100.0,0.0
192,-2.3299999999999943,350,0.0,PREY_WIN,1,0,100.0,0.0
193,-2.249999999999996,350,0.0,PREY_WIN,1,0,100.0,0.0
194,-2.3299999999999943,350,0.0,PREY_WIN,1,0,100.0,0.0
195,-2.2799999999999954,350,0.0,PREY_WIN,1,0,100.0,0.0
196,-2.2199999999999966,350,0.0,PREY_WIN,1,0,100.0,0.0
197,-2.239999999999996,350,0.0,PREY_WIN,1,0,100.0,0.0
198,-2.2199999999999966,350,0.0,PREY_WIN,1,0,100.0,0.0
199,-2.239999999999996,350,0.0,PREY_WIN,1,0,100.0,0.0
200,-2.199999999999997,350,0.0,PREY_WIN,1,0,100.0,0.0
201,-2.1899999999999973,350,0.0,PREY_WIN,1,0,100.0,0.0
202,-2.1899999999999973,350,0.0,PREY_WIN,1,0,99.72999999999999,0.0
203,-2.239999999999996,350,0.0,PREY_WIN,1,0,100.0,0.0
204,-2.259999999999996,350,0.0,PREY_WIN,1,0,100.0,0.0
205,-2.259999999999996,350,0.0,PREY_WIN,1,0,100.0,0.0
206,-2.249999999999996,350,0.0,PREY_WIN,1,0,100.0,0.0
207,-2.239999999999996,350,0.0,PREY_WIN,1,0,100.0,0.0
208,-2.1699999999999977,350,0.0,PREY_WIN,1,0,100.0,0.0
209,-2.259999999999996,350,0.0,PREY_WIN,1,0,100.0,0.0
210,-2.2299999999999964,350,0.0,PREY_WIN,1,0,100.0,0.0
211,-2.2799999999999954,350,0.0,PREY_WIN,1,0,100.0,0.0
212,-2.3099999999999947,350,0.0,PREY_WIN,1,0,100.0,0.0
213,-2.199999999999997,350,0.0,PREY_WIN,1,0,100.0,0.0
214,-2.289999999999995,350,0.0,PREY_WIN,1,0,100.0,0.0
215,29.34499999999999,51,0.0,PREDATOR_WIN,0,1,0.0,90.84499999999989
216,28.292499999999993,163,0.0,PREDATOR_WIN,0,1,0.0,78.97249999999968
217,-3.3399999999999728,350,0.0,PREY_WIN,1,0,100.0,0.0
218,-3.2699999999999743,350,0.0,PREY_WIN,1,0,100.0,0.0
219,-2.949999999999981,350,0.0,PREY_WIN,1,0,100.0,0.0
220,29.902499999999993,2,0.0,PREDATOR_WIN,0,1,0.0,100.0
221,-2.199999999999997,350,0.0,PREY_WIN,1,0,100.0,0.0
222,-2.1399999999999983,350,0.0,PREY_WIN,1,0,100.0,0.0
223,-2.259999999999996,350,0.0,PREY_WIN,1,0,100.0,0.0
224,-2.249999999999996,350,0.0,PREY_WIN,1,0,100.0,0.0
225,29.784999999999993,7,0.0,PREDATOR_WIN,0,1,0.0,100.0
226,-2.439999999999992,350,0.0,PREY_WIN,1,0,100.0,0.0
227,-2.399999999999993,350,0.0,PREY_WIN,1,0,100.0,0.0
228,-2.6099999999999883,350,0.0,PREY_WIN,1,0,100.0,0.0
229,28.792499999999993,113,0.0,PREDATOR_WIN,0,1,0.0,66.07250000000019
230,-3.0599999999999787,350,0.0,PREY_WIN,1,0,99.45999999999998,0.0
231,28.012499999999992,191,0.0,PREDATOR_WIN,0,1,0.0,55.51250000000023
232,-2.709999999999986,350,0.0,PREY_WIN,1,0,100.0,0.0
233,-2.5599999999999894,350,0.0,PREY_WIN,1,0,100.0,0.0
234,-2.159999999999998,350,0.0,PREY_WIN,1,0,100.0,0.0
235,29.979999999999997,1,0.0,PREDATOR_WIN,0,1,0.0,100.0
236,-2.109999999999999,350,0.0,PREY_WIN,1,0,100.0,0.0
237,29.464999999999993,39,0.0,PREDATOR_WIN,0,1,0.0,93.78499999999993
238,-2.9899999999999802,350,0.0,PREY_WIN,1,0,100.0,0.0
239,27.164999999999974,215,0.0,PREDATOR_WIN,0,1,0.0,38.22500000000017
240,-2.809999999999984,350,0.0,PREY_WIN,1,0,100.0,0.0
241,-2.579999999999989,350,0.0,PREY_WIN,1,0,100.0,0.0
242,-2.199999999999997,350,0.0,PREY_WIN,1,0,100.0,0.0
243,-2.289999999999995,350,0.0,PREY_WIN,1,0,100.0,0.0
244,-2.159999999999998,350,0.0,PREY_WIN,1,0,100.0,0.0
245,-2.149999999999998,350,0.0,PREY_WIN,1,0,100.0,0.0
246,-2.249999999999996,350,0.0,PREY_WIN,1,0,100.0,0.0
247,28.632499999999993,129,0.0,PREDATOR_WIN,0,1,0.0,58.452500000000306
248,-2.4999999999999907,350,0.0,PREY_WIN,1,0,100.0,0.0
249,-2.569999999999989,350,0.0,PREY_WIN,1,0,100.0,0.0
250,-2.4599999999999915,350,0.0,PREY_WIN,1,0,100.0,0.0
251,-2.259999999999996,350,0.0,PREY_WIN,1,0,100.0,0.0
252,-2.2299999999999964,350,0.0,PREY_WIN,1,0,100.0,0.0
253,-2.3599999999999937,350,0.0,PREY_WIN,1,0,100.0,0.0
254,-2.209999999999997,350,0.0,PREY_WIN,1,0,100.0,0.0
255,-2.199999999999997,350,0.0,PREY_WIN,1,0,100.0,0.0
256,-2.2199999999999966,350,0.0,PREY_WIN,1,0,100.0,0.0
257,-2.3099999999999947,350,0.0,PREY_WIN,1,0,100.0,0.0
258,-2.3199999999999945,350,0.0,PREY_WIN,1,0,100.0,0.0
259,-2.239999999999996,350,0.0,PREY_WIN,1,0,100.0,0.0
260,-2.1899999999999973,350,0.0,PREY_WIN,1,0,100.0,0.0
261,-2.339999999999994,350,0.0,PREY_WIN,1,0,100.0,0.0
262,-2.239999999999996,350,0.0,PREY_WIN,1,0,100.0,0.0
263,29.692499999999995,23,0.0,PREDATOR_WIN,0,1,0.0,100.0
264,-2.2699999999999956,350,0.0,PREY_WIN,1,0,100.0,0.0
265,-2.6899999999999866,350,0.0,PREY_WIN,1,0,100.0,0.0
266,-2.159999999999998,350,0.0,PREY_WIN,1,0,100.0,0.0
267,-2.7999999999999843,350,0.0,PREY_WIN,1,0,100.0,0.0
268,29.734999999999992,12,0.0,PREDATOR_WIN,0,1,0.0,100.0
269,29.702499999999993,22,0.0,PREDATOR_WIN,0,1,0.0,100.0
270,-2.4599999999999915,350,0.0,PREY_WIN,1,0,100.0,0.0
271,-2.7899999999999845,350,0.0,PREY_WIN,1,0,100.0,0.0
272,-2.209999999999997,350,0.0,PREY_WIN,1,0,100.0,0.0
273,-2.239999999999996,350,0.0,PREY_WIN,1,0,100.0,0.0
274,-2.3199999999999945,350,0.0,PREY_WIN,1,0,100.0,0.0
275,-2.209999999999997,350,0.0,PREY_WIN,1,0,100.0,0.0
276,29.81499999999999,4,0.0,PREDATOR_WIN,0,1,0.0,100.0
277,-2.1399999999999983,350,0.0,PREY_WIN,1,0,100.0,0.0
278,-2.159999999999998,350,0.0,PREY_WIN,1,0,100.0,0.0
279,28.972499999999993,95,0.0,PREDATOR_WIN,0,1,0.0,72.13250000000014
280,-2.909999999999982,350,0.0,PREY_WIN,1,0,100.0,0.0
281,-2.489999999999991,350,0.0,PREY_WIN,1,0,100.0,0.0
282,29.302499999999995,62,0.0,PREDATOR_WIN,0,1,0.0,84.19249999999997
283,-2.4999999999999907,350,0.0,PREY_WIN,1,0,100.0,0.0
284,-2.4499999999999917,350,0.0,PREY_WIN,1,0,100.0,0.0
285,-3.4399999999999706,350,0.0,PREY_WIN,1,0,100.0,0.0
286,-2.899999999999982,350,0.0,PREY_WIN,1,0,100.0,0.0
287,-2.159999999999998,350,0.0,PREY_WIN,1,0,100.0,0.0
288,-2.399999999999993,350,0.0,PREY_WIN,1,0,100.0,0.0
289,-2.3599999999999937,350,0.0,PREY_WIN,1,0,100.0,0.0
290,27.707499999999957,127,0.0,PREDATOR_WIN,0,1,0.0,60.74750000000021
291,-3.139999999999977,350,0.0,PREY_WIN,1,0,100.0,0.0
292,-2.719999999999986,350,0.0,PREY_WIN,1,0,100.0,0.0
293,-2.1899999999999973,350,0.0,PREY_WIN,1,0,100.0,0.0
294,-2.249999999999996,350,0.0,PREY_WIN,1,0,100.0,0.0
295,-2.1799999999999975,350,0.0,PREY_WIN,1,0,100.0,0.0
296,-2.159999999999998,350,0.0,PREY_WIN,1,0,100.0,0.0
297,-2.209999999999997,350,0.0,PREY_WIN,1,0,100.0,0.0
298,-2.2799999999999954,350,0.0,PREY_WIN,1,0,100.0,0.0
299,-2.429999999999992,350,0.0,PREY_WIN,1,0,100.0,0.0
300,-2.199999999999997,350,0.0,PREY_WIN,1,0,100.0,0.0
301,-2.3199999999999945,350,0.0,PREY_WIN,1,0,100.0,0.0
302,-2.259999999999996,350,0.0,PREY_WIN,1,0,100.0,0.0
303,-2.2299999999999964,350,0.0,PREY_WIN,1,0,100.0,0.0
304,-2.1899999999999973,350,0.0,PREY_WIN,1,0,100.0,0.0
305,28.342499999999994,158,0.0,PREDATOR_WIN,0,1,0.0,50.77250000000029
306,-2.809999999999984,350,0.0,PREY_WIN,1,0,100.0,0.0
307,-2.6099999999999883,350,0.0,PREY_WIN,1,0,99.72999999999999,0.0
308,-2.239999999999996,350,0.0,PREY_WIN,1,0,100.0,0.0
309,-2.1899999999999973,350,0.0,PREY_WIN,1,0,100.0,0.0
310,-2.209999999999997,350,0.0,PREY_WIN,1,0,100.0,0.0
311,-2.239999999999996,350,0.0,PREY_WIN,1,0,100.0,0.0
312,-2.199999999999997,350,0.0,PREY_WIN,1,0,100.0,0.0
313,-2.209999999999997,350,0.0,PREY_WIN,1,0,100.0,0.0
314,-2.209999999999997,350,0.0,PREY_WIN,1,0,100.0,0.0
315,-2.289999999999995,350,0.0,PREY_WIN,1,0,100.0,0.0
316,28.822499999999984,83,0.0,PREDATOR_WIN,0,1,0.0,77.80250000000002
317,-3.049999999999979,350,0.0,PREY_WIN,1,0,99.72999999999999,0.0
318,-2.8299999999999836,350,0.0,PREY_WIN,1,0,100.0,0.0
319,-2.4199999999999924,350,0.0,PREY_WIN,1,0,100.0,0.0
320,-2.239999999999996,350,0.0,PREY_WIN,1,0,100.0,0.0
321,-2.1399999999999983,350,0.0,PREY_WIN,1,0,100.0,0.0
322,-2.1399999999999983,350,0.0,PREY_WIN,1,0,100.0,0.0
323,-2.1899999999999973,350,0.0,PREY_WIN,1,0,100.0,0.0
324,-2.5099999999999905,350,0.0,PREY_WIN,1,0,100.0,0.0
325,29.509999999999987,21,0.0,PREDATOR_WIN,0,1,0.0,100.0
326,-2.209999999999997,350,0.0,PREY_WIN,1,0,100.0,0.0
327,29.66749999999999,12,0.0,PREDATOR_WIN,0,1,0.0,100.0
328,-2.579999999999989,350,0.0,PREY_WIN,1,0,100.0,0.0
329,-2.6999999999999864,350,0.0,PREY_WIN,1,0,100.0,0.0
330,28.552499999999995,137,0.0,PREDATOR_WIN,0,1,0.0,56.592500000000314
331,-2.439999999999992,350,0.0,PREY_WIN,1,0,99.72999999999999,0.0
332,-2.5999999999999885,350,0.0,PREY_WIN,1,0,100.0,0.0
333,-3.00999999999998,350,0.0,PREY_WIN,1,0,100.0,0.0
334,-2.7499999999999853,350,0.0,PREY_WIN,1,0,100.0,0.0
335,-2.3099999999999947,350,0.0,PREY_WIN,1,0,100.0,0.0
336,-2.159999999999998,350,0.0,PREY_WIN,1,0,100.0,0.0
337,28.53499999999999,132,0.0,PREDATOR_WIN,0,1,0.0,60.72500000000023
338,-2.959999999999981,350,0.0,PREY_WIN,1,0,100.0,0.0
339,-3.1999999999999758,350,0.0,PREY_WIN,1,0,100.0,0.0
340,-3.4999999999999694,350,0.0,PREY_WIN,1,1,100.0,16.59999999999994
341,-2.5599999999999894,350,0.0,PREY_WIN,1,0,100.0,0.0
342,-3.189999999999976,350,0.0,PREY_WIN,1,0,100.0,0.0
343,-2.3099999999999947,350,0.0,PREY_WIN,1,0,100.0,0.0
344,-2.709999999999986,350,0.0,PREY_WIN,1,0,100.0,0.0
345,-2.259999999999996,350,0.0,PREY_WIN,1,0,100.0,0.0
346,-2.259999999999996,350,0.0,PREY_WIN,1,0,100.0,0.0
347,29.52499999999999,33,0.0,PREDATOR_WIN,0,1,0.0,97.50499999999992
348,29.202499999999993,72,0.0,PREDATOR_WIN,0,1,0.0,81.19250000000002
349,-3.4999999999999694,350,0.0,PREY_WIN,1,1,100.0,8.499999999999819
350,29.81499999999999,4,0.0,PREDATOR_WIN,0,1,0.0,100.0
351,-3.4999999999999694,350,0.0,PREY_WIN,1,1,100.0,9.100000000000138
352,-2.7299999999999858,350,0.0,PREY_WIN,1,0,99.72999999999999,0.0
353,-2.4599999999999915,350,0.0,PREY_WIN,1,0,100.0,0.0
354,-2.2299999999999964,350,0.0,PREY_WIN,1,0,100.0,0.0
355,-2.3199999999999945,350,0.0,PREY_WIN,1,0,99.72999999999999,0.0
356,-2.349999999999994,350,0.0,PREY_WIN,1,0,100.0,0.0
357,-2.3599999999999937,350,0.0,PREY_WIN,1,0,100.0,0.0
358,-2.209999999999997,350,0.0,PREY_WIN,1,0,100.0,0.0
359,-2.4099999999999926,350,0.0,PREY_WIN,1,0,100.0,0.0
360,27.68749999999999,210,0.0,PREDATOR_WIN,0,1,0.0,34.79750000000024
361,-2.2199999999999966,350,0.0,PREY_WIN,1,0,100.0,0.0
362,-2.53999999999999,350,0.0,PREY_WIN,1,0,100.0,0.0
363,-2.489999999999991,350,0.0,PREY_WIN,1,0,100.0,0.0
364,-2.159999999999998,350,0.0,PREY_WIN,1,0,100.0,0.0
365,-2.1899999999999973,350,0.0,PREY_WIN,1,0,100.0,0.0
366,-2.1399999999999983,350,0.0,PREY_WIN,1,0,100.0,0.0
367,28.21499999999999,164,0.0,PREDATOR_WIN,0,1,0.0,46.38500000000026
368,-3.189999999999976,350,0.0,PREY_WIN,1,0,100.0,0.0
369,-3.4899999999999696,350,0.0,PREY_WIN,1,0,100.0,0.0
370,-2.239999999999996,350,0.0,PREY_WIN,1,0,100.0,0.0
371,-2.3699999999999934,350,0.0,PREY_WIN,1,0,100.0,0.0
372,-2.439999999999992,350,0.0,PREY_WIN,1,0,100.0,0.0
373,-2.3299999999999943,350,0.0,PREY_WIN,1,0,100.0,0.0
374,-2.4699999999999913,350,0.0,PREY_WIN,1,0,100.0,0.0
375,-2.209999999999997,350,0.0,PREY_WIN,1,0,100.0,0.0
376,-2.5099999999999905,350,0.0,PREY_WIN,1,0,100.0,0.0
377,-2.3099999999999947,350,0.0,PREY_WIN,1,0,100.0,0.0
378,-2.579999999999989,350,0.0,PREY_WIN,1,0,100.0,0.0
379,-2.5099999999999905,350,0.0,PREY_WIN,1,0,100.0,0.0
380,-2.52999999999999,350,0.0,PREY_WIN,1,0,100.0,0.0
381,-2.489999999999991,350,0.0,PREY_WIN,1,0,100.0,0.0
382,-2.159999999999998,350,0.0,PREY_WIN,1,0,100.0,0.0
383,-2.249999999999996,350,0.0,PREY_WIN,1,0,100.0,0.0
384,-2.209999999999997,350,0.0,PREY_WIN,1,0,100.0,0.0
385,-2.1899999999999973,350,0.0,PREY_WIN,1,0,100.0,0.0
386,-2.209999999999997,350,0.0,PREY_WIN,1,0,100.0,0.0
387,-2.1899999999999973,350,0.0,PREY_WIN,1,0,100.0,0.0
388,-2.249999999999996,350,0.0,PREY_WIN,1,0,100.0,0.0
389,28.28249999999999,164,0.0,PREDATOR_WIN,0,1,0.0,47.05250000000027
390,-3.4999999999999694,350,0.0,PREY_WIN,1,1,100.0,0.10000000000026321
391,27.95499999999999,190,0.0,PREDATOR_WIN,0,1,0.0,51.66500000000033
392,-3.2099999999999755,350,0.0,PREY_WIN,1,0,100.0,0.0
393,-3.4999999999999694,350,0.0,PREY_WIN,1,1,100.0,13.900000000000263
394,-3.4999999999999694,350,0.0,PREY_WIN,1,1,100.0,8.800000000000063
395,-3.4099999999999713,350,0.0,PREY_WIN,1,0,100.0,0.0
396,-3.2199999999999753,350,0.0,PREY_WIN,1,0,100.0,0.0
397,28.662499999999994,126,0.0,PREDATOR_WIN,0,1,0.0,64.2125000000002
398,-2.9399999999999813,350,0.0,PREY_WIN,1,0,100.0,0.0
399,-2.7899999999999845,350,0.0,PREY_WIN,1,0,100.0,0.0
400,-2.7799999999999847,350,0.0,PREY_WIN,1,0,99.88,0.0
401,-2.239999999999996,350,0.0,PREY_WIN,1,0,100.0,0.0
402,-2.3199999999999945,350,0.0,PREY_WIN,1,0,100.0,0.0
403,-2.1899999999999973,350,0.0,PREY_WIN,1,0,100.0,0.0
404,-2.239999999999996,350,0.0,PREY_WIN,1,0,100.0,0.0
405,-2.1899999999999973,350,0.0,PREY_WIN,1,0,100.0,0.0
406,-2.1899999999999973,350,0.0,PREY_WIN,1,0,100.0,0.0
407,-2.1799999999999975,350,0.0,PREY_WIN,1,0,100.0,0.0
408,-2.1899999999999973,350,0.0,PREY_WIN,1,0,100.0,0.0
409,-2.199999999999997,350,0.0,PREY_WIN,1,0,100.0,0.0
410,-2.2799999999999954,350,0.0,PREY_WIN,1,0,100.0,0.0
411,-2.2699999999999956,350,0.0,PREY_WIN,1,0,100.0,0.0
412,-2.289999999999995,350,0.0,PREY_WIN,1,0,100.0,0.0
413,28.70749999999999,108,0.0,PREDATOR_WIN,0,1,0.0,68.03750000000016
414,-2.8399999999999834,350,0.0,PREY_WIN,1,0,99.72999999999999,0.0
415,-2.959999999999981,350,0.0,PREY_WIN,1,0,100.0,0.0
416,-2.339999999999994,350,0.0,PREY_WIN,1,0,100.0,0.0
417,-2.4499999999999917,350,0.0,PREY_WIN,1,0,100.0,0.0
418,-2.4499999999999917,350,0.0,PREY_WIN,1,0,100.0,0.0
419,-2.299999999999995,350,0.0,PREY_WIN,1,0,100.0,0.0
420,-2.259999999999996,350,0.0,PREY_WIN,1,0,100.0,0.0
421,-2.1899999999999973,350,0.0,PREY_WIN,1,0,100.0,0.0
422,-2.2299999999999964,350,0.0,PREY_WIN,1,0,100.0,0.0
423,-2.3199999999999945,350,0.0,PREY_WIN,1,0,100.0,0.0
424,-2.209999999999997,350,0.0,PREY_WIN,1,0,100.0,0.0
425,-2.199999999999997,350,0.0,PREY_WIN,1,0,100.0,0.0
426,-2.209999999999997,350,0.0,PREY_WIN,1,0,100.0,0.0
427,28.28499999999999,157,0.0,PREDATOR_WIN,0,1,0.0,50.82500000000029
428,-2.709999999999986,350,0.0,PREY_WIN,1,0,100.0,0.0
429,-2.909999999999982,350,0.0,PREY_WIN,1,0,100.0,0.0
430,-3.4999999999999694,350,0.0,PREY_WIN,1,1,100.0,21.100000000000346
431,29.902499999999993,2,0.0,PREDATOR_WIN,0,1,0.0,100.0
432,-2.6599999999999873,350,0.0,PREY_WIN,1,0,100.0,0.0
433,-2.6899999999999866,350,0.0,PREY_WIN,1,0,100.0,0.0
434,-2.5899999999999888,350,0.0,PREY_WIN,1,0,100.0,0.0
435,-2.4599999999999915,350,0.0,PREY_WIN,1,0,100.0,0.0
436,-2.1399999999999983,350,0.0,PREY_WIN,1,0,100.0,0.0
437,-2.1399999999999983,350,0.0,PREY_WIN,1,0,100.0,0.0
438,-2.2299999999999964,350,0.0,PREY_WIN,1,0,100.0,0.0
439,27.79499999999999,206,0.0,PREDATOR_WIN,0,1,0.0,29.045000000000236
440,-2.339999999999994,350,0.0,PREY_WIN,1,0,100.0,0.0
441,-2.6399999999999877,350,0.0,PREY_WIN,1,0,100.0,0.0
442,28.952499999999993,97,0.0,PREDATOR_WIN,0,1,0.0,72.19250000000011
443,-2.199999999999997,350,0.0,PREY_WIN,1,0,100.0,0.0
444,28.53249999999999,139,0.0,PREDATOR_WIN,0,1,0.0,68.35250000000008
445,-2.5499999999999896,350,0.0,PREY_WIN,1,0,100.0,0.0
446,29.72749999999999,6,0.0,PREDATOR_WIN,0,1,0.0,100.0
447,-3.4999999999999694,350,0.0,PREY_WIN,1,1,100.0,1.8999999999996937
448,29.602499999999996,32,0.0,PREDATOR_WIN,0,1,0.0,97.39249999999993
449,-2.959999999999981,350,0.0,PREY_WIN,1,0,100.0,0.0
450,-3.039999999999979,350,0.0,PREY_WIN,1,0,100.0,0.0
451,-2.2799999999999954,350,0.0,PREY_WIN,1,0,100.0,0.0
452,29.25749999999999,53,0.0,PREDATOR_WIN,0,1,0.0,89.33749999999989
453,-3.4999999999999694,350,0.0,PREY_WIN,1,1,100.0,8.500000000000263
454,29.747499999999988,4,0.0,PREDATOR_WIN,0,1,0.0,100.0
455,-3.2599999999999745,350,0.0,PREY_WIN,1,0,100.0,0.0
456,-3.0599999999999787,350,0.0,PREY_WIN,1,0,100.0,0.0
457,-2.4999999999999907,350,0.0,PREY_WIN,1,0,100.0,0.0
458,29.212499999999995,71,0.0,PREDATOR_WIN,0,1,0.0,83.11249999999995
459,-2.5999999999999885,350,0.0,PREY_WIN,1,0,99.72999999999999,0.0
460,-2.489999999999991,350,0.0,PREY_WIN,1,0,100.0,0.0
461,-2.5599999999999894,350,0.0,PREY_WIN,1,0,100.0,0.0
462,-2.5899999999999888,350,0.0,PREY_WIN,1,0,100.0,0.0
463,-2.439999999999992,350,0.0,PREY_WIN,1,0,100.0,0.0
464,-2.1699999999999977,350,0.0,PREY_WIN,1,0,100.0,0.0
465,-3.1599999999999766,350,0.0,PREY_WIN,1,0,100.0,0.0
466,-3.289999999999974,350,0.0,PREY_WIN,1,0,100.0,0.0
467,-2.4699999999999913,350,0.0,PREY_WIN,1,0,100.0,0.0
468,-2.2699999999999956,350,0.0,PREY_WIN,1,0,100.0,0.0
469,-2.199999999999997,350,0.0,PREY_WIN,1,0,100.0,0.0
470,-2.2699999999999956,350,0.0,PREY_WIN,1,0,100.0,0.0
471,-2.2799999999999954,350,0.0,PREY_WIN,1,0,100.0,0.0
472,-2.259999999999996,350,0.0,PREY_WIN,1,0,100.0,0.0
473,-2.239999999999996,350,0.0,PREY_WIN,1,0,100.0,0.0
474,-2.259999999999996,350,0.0,PREY_WIN,1,0,99.72999999999999,0.0
475,28.452499999999993,147,0.0,PREDATOR_WIN,0,1,0.0,54.4925000000003
476,-2.809999999999984,350,0.0,PREY_WIN,1,0,100.0,0.0
477,-2.99999999999998,350,0.0,PREY_WIN,1,0,100.0,0.0
478,-3.0299999999999794,350,0.0,PREY_WIN,1,0,100.0,0.0
479,-3.139999999999977,350,0.0,PREY_WIN,1,0,100.0,0.0
480,-2.5099999999999905,350,0.0,PREY_WIN,1,0,100.0,0.0
481,-2.4099999999999926,350,0.0,PREY_WIN,1,0,100.0,0.0
482,-2.349999999999994,350,0.0,PREY_WIN,1,0,100.0,0.0
483,-2.3099999999999947,350,0.0,PREY_WIN,1,0,100.0,0.0
484,-2.249999999999996,350,0.0,PREY_WIN,1,0,100.0,0.0
485,-2.259999999999996,350,0.0,PREY_WIN,1,0,100.0,0.0
486,-2.199999999999997,350,0.0,PREY_WIN,1,0,100.0,0.0
487,-2.159999999999998,350,0.0,PREY_WIN,1,0,100.0,0.0
488,-2.199999999999997,350,0.0,PREY_WIN,1,0,100.0,0.0
489,29.772499999999994,15,0.0,PREDATOR_WIN,0,1,0.0,100.0
490,-2.489999999999991,350,0.0,PREY_WIN,1,0,100.0,0.0
491,-2.3199999999999945,350,0.0,PREY_WIN,1,0,100.0,0.0
492,-2.249999999999996,350,0.0,PREY_WIN,1,0,100.0,0.0
493,29.647499999999987,11,0.0,PREDATOR_WIN,0,1,0.0,100.0
494,28.409999999999975,104,0.0,PREDATOR_WIN,0,1,0.0,69.68000000000012
495,28.972499999999993,95,0.0,PREDATOR_WIN,0,1,0.0,73.63250000000009
496,29.9,9,0.0,PREDATOR_WIN,0,1,0.0,100.0
497,28.504999999999992,135,0.0,PREDATOR_WIN,0,1,0.0,83.4649999999996
498,-3.4999999999999694,350,0.0,PREY_WIN,1,1,100.0,22.900000000000052
499,-3.229999999999975,350,0.0,PREY_WIN,1,0,100.0,0.0
500,26.402499999999996,304,0.0,PREDATOR_WIN,0,1,0.0,30.37250000000008
501,-2.759999999999985,350,0.0,PREY_WIN,1,0,99.88,0.0
502,-3.139999999999977,350,0.0,PREY_WIN,1,0,100.0,0.0
503,-2.3599999999999937,350,0.0,PREY_WIN,1,0,100.0,0.0
504,29.812499999999993,11,0.0,PREDATOR_WIN,0,1,0.0,100.0
505,29.892499999999995,3,0.0,PREDATOR_WIN,0,1,0.0,100.0
506,-2.2799999999999954,350,0.0,PREY_WIN,1,0,99.72999999999999,0.0
507,-2.429999999999992,350,0.0,PREY_WIN,1,0,100.0,0.0
508,29.569999999999986,15,0.0,PREDATOR_WIN,0,1,0.0,100.0
509,-2.1699999999999977,350,0.0,PREY_WIN,1,0,100.0,0.0
510,-2.339999999999994,350,0.0,PREY_WIN,1,0,100.0,0.0
511,28.327499999999986,146,0.0,PREDATOR_WIN,0,1,0.0,52.37750000000028
512,-2.399999999999993,350,0.0,PREY_WIN,1,0,100.0,0.0
513,-2.209999999999997,350,0.0,PREY_WIN,1,0,100.0,0.0
514,-2.959999999999981,350,0.0,PREY_WIN,1,0,100.0,0.0
515,-2.53999999999999,350,0.0,PREY_WIN,1,0,100.0,0.0
516,28.58499999999999,127,0.0,PREDATOR_WIN,0,1,0.0,60.42500000000027
517,29.252499999999994,67,0.0,PREDATOR_WIN,0,1,0.0,84.19249999999994
518,-2.569999999999989,350,0.0,PREY_WIN,1,0,100.0,0.0
519,-3.4999999999999694,350,0.0,PREY_WIN,1,1,100.0,4.000000000000223
520,-2.9399999999999813,350,0.0,PREY_WIN,1,0,100.0,0.0
521,-2.9899999999999802,350,0.0,PREY_WIN,1,0,100.0,0.0
522,-2.1799999999999975,350,0.0,PREY_WIN,1,0,100.0,0.0
523,-2.2699999999999956,350,0.0,PREY_WIN,1,0,100.0,0.0
524,-2.2199999999999966,350,0.0,PREY_WIN,1,0,100.0,0.0
525,-2.1899999999999973,350,0.0,PREY_WIN,1,0,100.0,0.0
526,-2.1699999999999977,350,0.0,PREY_WIN,1,0,100.0,0.0
527,-2.1899999999999973,350,0.0,PREY_WIN,1,0,100.0,0.0
528,29.70499999999999,15,0.0,PREDATOR_WIN,0,1,0.0,100.0
529,27.762499999999996,216,0.0,PREDATOR_WIN,0,1,0.0,27.912500000000218
530,-2.339999999999994,350,0.0,PREY_WIN,1,0,100.0,0.0
531,-3.329999999999973,350,0.0,PREY_WIN,1,0,100.0,0.0
532,-2.199999999999997,350,0.0,PREY_WIN,1,0,100.0,0.0
533,-2.239999999999996,350,0.0,PREY_WIN,1,0,99.72999999999999,0.0
534,-2.209999999999997,350,0.0,PREY_WIN,1,0,100.0,0.0
535,-2.209999999999997,350,0.0,PREY_WIN,1,0,100.0,0.0
536,-2.249999999999996,350,0.0,PREY_WIN,1,0,100.0,0.0
537,-2.2199999999999966,350,0.0,PREY_WIN,1,0,100.0,0.0
538,-2.1699999999999977,350,0.0,PREY_WIN,1,0,100.0,0.0
539,-2.299999999999995,350,0.0,PREY_WIN,1,0,100.0,0.0
540,-2.2199999999999966,350,0.0,PREY_WIN,1,0,100.0,0.0
541,-2.4099999999999926,350,0.0,PREY_WIN,1,0,99.72999999999999,0.0
542,-2.1899999999999973,350,0.0,PREY_WIN,1,0,100.0,0.0
543,-2.2299999999999964,350,0.0,PREY_WIN,1,0,100.0,0.0
544,-2.1899999999999973,350,0.0,PREY_WIN,1,0,100.0,0.0
545,-2.1799999999999975,350,0.0,PREY_WIN,1,0,99.72999999999999,0.0
546,-2.2299999999999964,350,0.0,PREY_WIN,1,0,100.0,0.0
547,27.869999999999997,212,0.0,PREDATOR_WIN,0,1,0.0,36.56000000000028
548,-2.7899999999999845,350,0.0,PREY_WIN,1,0,100.0,0.0
549,-2.8899999999999824,350,0.0,PREY_WIN,1,0,100.0,0.0
550,29.949999999999996,4,0.0,PREDATOR_WIN,0,1,0.0,100.0
551,-3.00999999999998,350,0.0,PREY_WIN,1,0,100.0,0.0
552,-2.2799999999999954,350,0.0,PREY_WIN,1,0,100.0,0.0
553,-2.249999999999996,350,0.0,PREY_WIN,1,0,100.0,0.0
554,-2.2299999999999964,350,0.0,PREY_WIN,1,0,99.45999999999998,0.0
555,-2.249999999999996,350,0.0,PREY_WIN,1,0,100.0,0.0
556,-2.209999999999997,350,0.0,PREY_WIN,1,0,100.0,0.0
557,-2.3099999999999947,350,0.0,PREY_WIN,1,0,100.0,0.0
558,-2.289999999999995,350,0.0,PREY_WIN,1,0,100.0,0.0
559,-2.249999999999996,350,0.0,PREY_WIN,1,0,100.0,0.0
560,-2.239999999999996,350,0.0,PREY_WIN,1,0,100.0,0.0
561,-2.339999999999994,350,0.0,PREY_WIN,1,0,100.0,0.0
562,28.609999999999996,138,0.0,PREDATOR_WIN,0,1,0.0,64.34000000000024
563,-2.339999999999994,350,0.0,PREY_WIN,1,0,100.0,0.0
564,28.839999999999996,115,0.0,PREDATOR_WIN,0,1,0.0,84.49999999999969
565,-3.3399999999999728,350,0.0,PREY_WIN,1,0,100.0,0.0
566,-2.53999999999999,350,0.0,PREY_WIN,1,0,100.0,0.0
567,28.699999999999996,129,0.0,PREDATOR_WIN,0,1,0.0,73.52000000000005
568,-2.3099999999999947,350,0.0,PREY_WIN,1,0,100.0,0.0
569,-2.109999999999999,350,0.0,PREY_WIN,1,0,100.0,0.0
570,-2.5899999999999888,350,0.0,PREY_WIN,1,0,100.0,0.0
571,-2.289999999999995,350,0.0,PREY_WIN,1,0,100.0,0.0
572,27.76,223,0.0,PREDATOR_WIN,0,1,0.0,45.44000000000005
573,-2.7299999999999858,350,0.0,PREY_WIN,1,0,100.0,0.0
574,29.849999999999998,14,0.0,PREDATOR_WIN,0,1,0.0,100.0
575,-2.5599999999999894,350,0.0,PREY_WIN,1,0,100.0,0.0
576,29.859999999999996,13,0.0,PREDATOR_WIN,0,1,0.0,100.0
577,-2.289999999999995,350,0.0,PREY_WIN,1,0,100.0,0.0
578,-2.2199999999999966,350,0.0,PREY_WIN,1,0,100.0,0.0
579,-2.1799999999999975,350,0.0,PREY_WIN,1,0,100.0,0.0
580,-2.259999999999996,350,0.0,PREY_WIN,1,0,100.0,0.0
581,-2.1799999999999975,350,0.0,PREY_WIN,1,0,100.0,0.0
582,-2.579999999999989,350,0.0,PREY_WIN,1,0,100.0,0.0
583,-2.1899999999999973,350,0.0,PREY_WIN,1,0,100.0,0.0
584,-2.5899999999999888,350,0.0,PREY_WIN,1,0,100.0,0.0
585,-2.3199999999999945,350,0.0,PREY_WIN,1,0,100.0,0.0
586,-2.249999999999996,350,0.0,PREY_WIN,1,0,100.0,0.0
587,-2.199999999999997,350,0.0,PREY_WIN,1,0,100.0,0.0
588,-2.1899999999999973,350,0.0,PREY_WIN,1,0,100.0,0.0
589,-2.289999999999995,350,0.0,PREY_WIN,1,0,100.0,0.0
590,29.759999999999998,23,0.0,PREDATOR_WIN,0,1,0.0,100.0
591,-3.039999999999979,350,0.0,PREY_WIN,1,0,100.0,0.0
592,-2.6099999999999883,350,0.0,PREY_WIN,1,0,100.0,0.0
593,-2.53999999999999,350,0.0,PREY_WIN,1,0,100.0,0.0
594,29.762499999999996,16,0.0,PREDATOR_WIN,0,1,0.0,100.0
595,-2.959999999999981,350,0.0,PREY_WIN,1,0,100.0,0.0
596,-2.389999999999993,350,0.0,PREY_WIN,1,0,100.0,0.0
597,-2.1899999999999973,350,0.0,PREY_WIN,1,0,100.0,0.0
598,-2.159999999999998,350,0.0,PREY_WIN,1,0,99.72999999999999,0.0
599,-2.399999999999993,350,0.0,PREY_WIN,1,0,100.0,0.0
600,29.162499999999994,76,0.0,PREDATOR_WIN,0,1,0.0,80.4125
601,29.882499999999993,4,0.0,PREDATOR_WIN,0,1,0.0,100.0
602,-2.5899999999999888,350,0.0,PREY_WIN,1,0,100.0,0.0
603,-3.2099999999999755,350,0.0,PREY_WIN,1,0,100.0,0.0
604,-2.6399999999999877,350,0.0,PREY_WIN,1,0,100.0,0.0
605,-2.3799999999999932,350,0.0,PREY_WIN,1,0,100.0,0.0
606,-2.259999999999996,350,0.0,PREY_WIN,1,0,100.0,0.0
607,29.902499999999993,2,0.0,PREDATOR_WIN,0,1,0.0,100.0
608,29.607499999999987,18,0.0,PREDATOR_WIN,0,1,0.0,100.0
609,-2.259999999999996,350,0.0,PREY_WIN,1,0,100.0,0.0
610,-2.299999999999995,350,0.0,PREY_WIN,1,0,100.0,0.0
611,-3.089999999999978,350,0.0,PREY_WIN,1,0,100.0,0.0
612,29.862499999999994,3,0.0,PREDATOR_WIN,0,1,0.0,100.0
613,-2.5899999999999888,350,0.0,PREY_WIN,1,0,100.0,0.0
614,-2.3599999999999937,350,0.0,PREY_WIN,1,0,100.0,0.0
615,-2.1899999999999973,350,0.0,PREY_WIN,1,0,100.0,0.0
616,-2.1399999999999983,350,0.0,PREY_WIN,1,0,100.0,0.0
617,29.67499999999999,18,0.0,PREDATOR_WIN,0,1,0.0,100.0
618,-2.209999999999997,350,0.0,PREY_WIN,1,0,100.0,0.0
619,-2.159999999999998,350,0.0,PREY_WIN,1,0,100.0,0.0
620,-2.3299999999999943,350,0.0,PREY_WIN,1,0,100.0,0.0
621,-2.3199999999999945,350,0.0,PREY_WIN,1,0,100.0,0.0
622,28.509999999999994,148,0.0,PREDATOR_WIN,0,1,0.0,53.24000000000028
623,-3.039999999999979,350,0.0,PREY_WIN,1,0,100.0,0.0
624,26.73250000000002,319,0.0,PREDATOR_WIN,0,1,0.0,41.652500000000316
625,-3.4999999999999694,350,0.0,PREY_WIN,1,1,100.0,6.7
626,-2.6899999999999866,350,0.0,PREY_WIN,1,0,100.0,0.0
627,-2.209999999999997,350,0.0,PREY_WIN,1,0,100.0,0.0
628,-2.3199999999999945,350,0.0,PREY_WIN,1,0,100.0,0.0
629,-2.259999999999996,350,0.0,PREY_WIN,1,0,100.0,0.0
630,-2.259999999999996,350,0.0,PREY_WIN,1,0,100.0,0.0
631,-2.249999999999996,350,0.0,PREY_WIN,1,0,100.0,0.0
632,-2.1899999999999973,350,0.0,PREY_WIN,1,0,100.0,0.0
633,-2.199999999999997,350,0.0,PREY_WIN,1,0,100.0,0.0
634,-2.159999999999998,350,0.0,PREY_WIN,1,0,100.0,0.0
635,29.589999999999996,40,0.0,PREDATOR_WIN,0,1,0.0,93.49999999999993
636,-3.3999999999999715,350,0.0,PREY_WIN,1,0,100.0,0.0
637,-3.0599999999999787,350,0.0,PREY_WIN,1,0,100.0,0.0
638,-2.6599999999999873,350,0.0,PREY_WIN,1,0,100.0,0.0
639,-2.3199999999999945,350,0.0,PREY_WIN,1,0,100.0,0.0
640,29.979999999999997,1,0.0,PREDATOR_WIN,0,1,0.0,100.0
641,-2.349999999999994,350,0.0,PREY_WIN,1,0,100.0,0.0
642,-2.159999999999998,350,0.0,PREY_WIN,1,0,100.0,0.0
643,-2.159999999999998,350,0.0,PREY_WIN,1,0,100.0,0.0
644,-2.2799999999999954,350,0.0,PREY_WIN,1,0,100.0,0.0
645,-2.159999999999998,350,0.0,PREY_WIN,1,0,100.0,0.0
646,-2.239999999999996,350,0.0,PREY_WIN,1,0,100.0,0.0
647,-2.159999999999998,350,0.0,PREY_WIN,1,0,100.0,0.0
648,-2.3199999999999945,350,0.0,PREY_WIN,1,0,100.0,0.0
649,-2.3299999999999943,350,0.0,PREY_WIN,1,0,100.0,0.0
650,-2.199999999999997,350,0.0,PREY_WIN,1,0,100.0,0.0
651,-2.2299999999999964,350,0.0,PREY_WIN,1,0,100.0,0.0
652,-2.259999999999996,350,0.0,PREY_WIN,1,0,100.0,0.0
653,-2.399999999999993,350,0.0,PREY_WIN,1,0,99.72999999999999,0.0
654,29.272499999999994,65,0.0,PREDATOR_WIN,0,1,0.0,84.13249999999996
655,-2.2299999999999964,350,0.0,PREY_WIN,1,0,100.0,0.0
656,29.532499999999995,39,0.0,PREDATOR_WIN,0,1,0.0,93.85249999999994
657,-3.45999999999997,350,0.0,PREY_WIN,1,0,100.0,0.0
658,-2.8799999999999826,350,0.0,PREY_WIN,1,0,100.0,0.0
659,-2.239999999999996,350,0.0,PREY_WIN,1,0,100.0,0.0
660,29.754999999999992,10,0.0,PREDATOR_WIN,0,1,0.0,100.0
661,-2.159999999999998,350,0.0,PREY_WIN,1,0,100.0,0.0
662,28.909999999999997,108,0.0,PREDATOR_WIN,0,1,0.0,74.84
663,-2.5999999999999885,350,0.0,PREY_WIN,1,0,100.0,0.0
664,29.809999999999995,18,0.0,PREDATOR_WIN,0,1,0.0,100.0
665,-3.4999999999999694,350,0.0,PREY_WIN,1,1,100.0,6.099999999999903
666,-3.4999999999999694,350,0.0,PREY_WIN,1,1,100.0,3.700000000000273
667,-2.5099999999999905,350,0.0,PREY_WIN,1,0,100.0,0.0
668,28.849999999999994,114,0.0,PREDATOR_WIN,0,1,0.0,69.02000000000018
669,-2.759999999999985,350,0.0,PREY_WIN,1,0,100.0,0.0
670,-3.0199999999999796,350,0.0,PREY_WIN,1,0,100.0,0.0
671,29.709999999999997,25,0.0,PREDATOR_WIN,0,1,0.0,99.76999999999995
672,-3.4999999999999694,350,0.0,PREY_WIN,1,1,100.0,1.5999999999999188
673,-3.45999999999997,350,0.0,PREY_WIN,1,0,100.0,0.0
674,-2.429999999999992,350,0.0,PREY_WIN,1,0,100.0,0.0
675,29.112499999999994,81,0.0,PREDATOR_WIN,0,1,0.0,88.51249999999976
676,-2.5899999999999888,350,0.0,PREY_WIN,1,0,100.0,0.0
677,-2.6899999999999866,350,0.0,PREY_WIN,1,0,100.0,0.0
678,-2.9399999999999813,350,0.0,PREY_WIN,1,0,100.0,0.0
679,-2.53999999999999,350,0.0,PREY_WIN,1,0,100.0,0.0
680,-2.5599999999999894,350,0.0,PREY_WIN,1,0,99.72999999999999,0.0
681,-2.439999999999992,350,0.0,PREY_WIN,1,0,100.0,0.0
682,-2.239999999999996,350,0.0,PREY_WIN,1,0,100.0,0.0
683,-2.1899999999999973,350,0.0,PREY_WIN,1,0,100.0,0.0
684,-2.1899999999999973,350,0.0,PREY_WIN,1,0,100.0,0.0
685,-2.3799999999999932,350,0.0,PREY_WIN,1,0,100.0,0.0
686,-2.389999999999993,350,0.0,PREY_WIN,1,0,100.0,0.0
687,-2.259999999999996,350,0.0,PREY_WIN,1,0,100.0,0.0
688,-2.339999999999994,350,0.0,PREY_WIN,1,0,100.0,0.0
689,28.039999999999996,195,0.0,PREDATOR_WIN,0,1,0.0,35.90000000000023
690,29.419999999999998,57,0.0,PREDATOR_WIN,0,1,0.0,97.1599999999998
691,-3.4999999999999694,350,0.0,PREY_WIN,1,1,100.0,11.200000000000054
692,-3.4399999999999706,350,0.0,PREY_WIN,1,0,100.0,0.0
693,-2.439999999999992,350,0.0,PREY_WIN,1,0,100.0,0.0
694,-2.4999999999999907,350,0.0,PREY_WIN,1,0,100.0,0.0
695,-2.4099999999999926,350,0.0,PREY_WIN,1,0,100.0,0.0
696,-2.4199999999999924,350,0.0,PREY_WIN,1,0,100.0,0.0
697,-2.3099999999999947,350,0.0,PREY_WIN,1,0,100.0,0.0
698,28.409999999999997,158,0.0,PREDATOR_WIN,0,1,0.0,48.14000000000027
699,-3.1599999999999766,350,0.0,PREY_WIN,1,0,100.0,0.0
700,-3.4999999999999694,350,0.0,PREY_WIN,1,1,100.0,6.100000000000399
701,-2.8899999999999824,350,0.0,PREY_WIN,1,0,100.0,0.0
702,-2.6499999999999875,350,0.0,PREY_WIN,1,0,100.0,0.0
703,-2.5099999999999905,350,0.0,PREY_WIN,1,0,100.0,0.0
704,-3.00999999999998,350,0.0,PREY_WIN,1,0,100.0,0.0
705,-2.5599999999999894,350,0.0,PREY_WIN,1,0,100.0,0.0
706,-2.4499999999999917,350,0.0,PREY_WIN,1,0,100.0,0.0
707,-2.339999999999994,350,0.0,PREY_WIN,1,0,100.0,0.0
708,-2.209999999999997,350,0.0,PREY_WIN,1,0,100.0,0.0
709,-2.259999999999996,350,0.0,PREY_WIN,1,0,100.0,0.0
710,-2.3099999999999947,350,0.0,PREY_WIN,1,0,100.0,0.0
711,-2.1699999999999977,350,0.0,PREY_WIN,1,0,100.0,0.0
712,-2.2199999999999966,350,0.0,PREY_WIN,1,0,100.0,0.0
713,-2.239999999999996,350,0.0,PREY_WIN,1,0,100.0,0.0
714,-2.159999999999998,350,0.0,PREY_WIN,1,0,100.0,0.0
715,-2.1899999999999973,350,0.0,PREY_WIN,1,0,99.88,0.0
716,28.989999999999995,100,0.0,PREDATOR_WIN,0,1,0.0,72.50000000000011
717,-3.00999999999998,350,0.0,PREY_WIN,1,0,100.0,0.0
718,27.909999999999997,208,0.0,PREDATOR_WIN,0,1,0.0,55.34000000000006
719,-3.3899999999999717,350,0.0,PREY_WIN,1,0,100.0,0.0
720,-3.1099999999999777,350,0.0,PREY_WIN,1,0,100.0,0.0
721,29.9,9,0.0,PREDATOR_WIN,0,1,0.0,100.0
722,-2.709999999999986,350,0.0,PREY_WIN,1,0,100.0,0.0
723,-2.239999999999996,350,0.0,PREY_WIN,1,0,100.0,0.0
724,-2.299999999999995,350,0.0,PREY_WIN,1,0,100.0,0.0
725,-2.07,350,0.0,PREY_WIN,1,0,100.0,0.0
726,27.969999999999995,202,0.0,PREDATOR_WIN,0,1,0.0,26.660000000000263
727,-2.6099999999999883,350,0.0,PREY_WIN,1,0,100.0,0.0
728,29.189999999999998,80,0.0,PREDATOR_WIN,0,1,0.0,82.99999999999991
729,-3.4999999999999694,350,0.0,PREY_WIN,1,1,100.0,0.09999999999974535
730,29.262499999999996,66,0.0,PREDATOR_WIN,0,1,0.0,83.71249999999998
731,-3.2599999999999745,350,0.0,PREY_WIN,1,0,100.0,0.0
732,29.83,16,0.0,PREDATOR_WIN,0,1,0.0,100.0
733,-3.039999999999979,350,0.0,PREY_WIN,1,0,100.0,0.0
734,-2.149999999999998,350,0.0,PREY_WIN,1,0,100.0,0.0
735,29.929999999999996,6,0.0,PREDATOR_WIN,0,1,0.0,100.0
736,29.939999999999998,5,0.0,PREDATOR_WIN,0,1,0.0,100.0
737,-2.389999999999993,350,0.0,PREY_WIN,1,0,100.0,0.0
738,29.979999999999997,1,0.0,PREDATOR_WIN,0,1,0.0,100.0
739,-2.1299999999999986,350,0.0,PREY_WIN,1,0,100.0,0.0
740,-2.3699999999999934,350,0.0,PREY_WIN,1,0,100.0,0.0
741,-2.2699999999999956,350,0.0,PREY_WIN,1,0,100.0,0.0
742,-2.5599999999999894,350,0.0,PREY_WIN,1,0,100.0,0.0
743,-2.1699999999999977,350,0.0,PREY_WIN,1,0,100.0,0.0
744,-2.209999999999997,350,0.0,PREY_WIN,1,0,100.0,0.0
745,-2.249999999999996,350,0.0,PREY_WIN,1,0,100.0,0.0
746,-2.429999999999992,350,0.0,PREY_WIN,1,0,100.0,0.0
747,-2.159999999999998,350,0.0,PREY_WIN,1,0,100.0,0.0
748,-2.1899999999999973,350,0.0,PREY_WIN,1,0,100.0,0.0
749,-2.209999999999997,350,0.0,PREY_WIN,1,0,100.0,0.0
750,-2.259999999999996,350,0.0,PREY_WIN,1,0,100.0,0.0
751,-2.3599999999999937,350,0.0,PREY_WIN,1,0,100.0,0.0
752,-2.959999999999981,350,0.0,PREY_WIN,1,0,100.0,0.0
753,-2.5899999999999888,350,0.0,PREY_WIN,1,0,100.0,0.0
754,-2.8799999999999826,350,0.0,PREY_WIN,1,0,100.0,0.0
755,28.619999999999997,137,0.0,PREDATOR_WIN,0,1,0.0,56.36000000000032
756,-2.3799999999999932,350,0.0,PREY_WIN,1,0,100.0,0.0
757,-3.4999999999999694,350,0.0,PREY_WIN,1,1,100.0,11.8000000000003
758,-3.4999999999999694,350,0.0,PREY_WIN,1,1,99.72999999999999,1.300000000000331
759,26.87000000000002,312,0.0,PREDATOR_WIN,0,1,0.0,27.259999999999945
760,-2.7899999999999845,350,0.0,PREY_WIN,1,0,100.0,0.0
761,-2.5999999999999885,350,0.0,PREY_WIN,1,0,100.0,0.0
762,29.889999999999997,10,0.0,PREDATOR_WIN,0,1,0.0,100.0
763,-2.349999999999994,350,0.0,PREY_WIN,1,0,100.0,0.0
764,-2.2199999999999966,350,0.0,PREY_WIN,1,0,100.0,0.0
765,-2.5899999999999888,350,0.0,PREY_WIN,1,0,100.0,0.0
766,-2.159999999999998,350,0.0,PREY_WIN,1,0,100.0,0.0
767,-2.209999999999997,350,0.0,PREY_WIN,1,0,100.0,0.0
768,-2.199999999999997,350,0.0,PREY_WIN,1,0,100.0,0.0
769,-2.3299999999999943,350,0.0,PREY_WIN,1,0,100.0,0.0
770,-2.209999999999997,350,0.0,PREY_WIN,1,0,99.72999999999999,0.0
771,-2.2299999999999964,350,0.0,PREY_WIN,1,0,100.0,0.0
772,-2.4599999999999915,350,0.0,PREY_WIN,1,0,100.0,0.0
773,-2.339999999999994,350,0.0,PREY_WIN,1,0,100.0,0.0
774,-2.1699999999999977,350,0.0,PREY_WIN,1,0,100.0,0.0
775,-2.3199999999999945,350,0.0,PREY_WIN,1,0,100.0,0.0
776,-2.239999999999996,350,0.0,PREY_WIN,1,0,100.0,0.0
777,-2.489999999999991,350,0.0,PREY_WIN,1,0,100.0,0.0
778,-2.389999999999993,350,0.0,PREY_WIN,1,0,100.0,0.0
779,-2.209999999999997,350,0.0,PREY_WIN,1,0,100.0,0.0
780,29.959999999999997,3,0.0,PREDATOR_WIN,0,1,0.0,100.0
781,29.939999999999998,5,0.0,PREDATOR_WIN,0,1,0.0,100.0
782,-2.209999999999997,350,0.0,PREY_WIN,1,0,100.0,0.0
783,-2.209999999999997,350,0.0,PREY_WIN,1,0,100.0,0.0
784,-2.239999999999996,350,0.0,PREY_WIN,1,0,100.0,0.0
785,-2.339999999999994,350,0.0,PREY_WIN,1,0,100.0,0.0
786,-2.299999999999995,350,0.0,PREY_WIN,1,0,100.0,0.0
787,-2.2299999999999964,350,0.0,PREY_WIN,1,0,100.0,0.0
788,29.45749999999999,33,0.0,PREDATOR_WIN,0,1,0.0,97.13749999999993
789,-2.199999999999997,350,0.0,PREY_WIN,1,0,100.0,0.0
790,-2.3599999999999937,350,0.0,PREY_WIN,1,0,100.0,0.0
791,-2.159999999999998,350,0.0,PREY_WIN,1,0,100.0,0.0
792,28.689999999999998,130,0.0,PREDATOR_WIN,0,1,0.0,60.50000000000024
793,-3.049999999999979,350,0.0,PREY_WIN,1,0,100.0,0.0
794,-2.869999999999983,350,0.0,PREY_WIN,1,0,100.0,0.0
795,28.14499999999997,117,0.0,PREDATOR_WIN,0,1,0.0,66.48500000000013
796,-3.039999999999979,350,0.0,PREY_WIN,1,0,99.72999999999999,0.0
797,-3.2099999999999755,350,0.0,PREY_WIN,1,0,100.0,0.0
798,28.82749999999999,96,0.0,PREDATOR_WIN,0,1,0.0,79.07749999999992
799,-3.3899999999999717,350,0.0,PREY_WIN,1,0,100.0,0.0
800,-3.2099999999999755,350,0.0,PREY_WIN,1,0,100.0,0.0
801,-3.0799999999999783,350,0.0,PREY_WIN,1,0,100.0,0.0
802,-2.719999999999986,350,0.0,PREY_WIN,1,0,100.0,0.0
803,-2.5599999999999894,350,0.0,PREY_WIN,1,0,100.0,0.0
804,-2.2199999999999966,350,0.0,PREY_WIN,1,0,100.0,0.0
805,-2.579999999999989,350,0.0,PREY_WIN,1,0,100.0,0.0
806,-2.429999999999992,350,0.0,PREY_WIN,1,0,100.0,0.0
807,29.609999999999985,11,0.0,PREDATOR_WIN,0,1,0.0,100.0
808,-2.1899999999999973,350,0.0,PREY_WIN,1,0,100.0,0.0
809,29.302499999999995,62,0.0,PREDATOR_WIN,0,1,0.0,84.79249999999996
810,-3.3599999999999723,350,0.0,PREY_WIN,1,0,100.0,0.0
811,-3.4999999999999694,350,0.0,PREY_WIN,1,1,100.0,0.3999999999996883
812,29.464999999999993,39,0.0,PREDATOR_WIN,0,1,0.0,93.78499999999993
813,-3.0699999999999785,350,0.0,PREY_WIN,1,0,100.0,0.0
814,-2.859999999999983,350,0.0,PREY_WIN,1,0,100.0,0.0
815,-2.5199999999999902,350,0.0,PREY_WIN,1,0,100.0,0.0
816,-2.3599999999999937,350,0.0,PREY_WIN,1,0,100.0,0.0
817,-2.2699999999999956,350,0.0,PREY_WIN,1,0,100.0,0.0
818,-2.289999999999995,350,0.0,PREY_WIN,1,0,100.0,0.0
819,-2.1799999999999975,350,0.0,PREY_WIN,1,0,100.0,0.0
820,-2.1899999999999973,350,0.0,PREY_WIN,1,0,100.0,0.0
821,-2.259999999999996,350,0.0,PREY_WIN,1,0,100.0,0.0
822,-2.249999999999996,350,0.0,PREY_WIN,1,0,100.0,0.0
823,-2.339999999999994,350,0.0,PREY_WIN,1,0,100.0,0.0
824,-2.3199999999999945,350,0.0,PREY_WIN,1,0,100.0,0.0
825,-2.289999999999995,350,0.0,PREY_WIN,1,0,100.0,0.0
826,-2.2199999999999966,350,0.0,PREY_WIN,1,0,100.0,0.0
827,-2.209999999999997,350,0.0,PREY_WIN,1,0,100.0,0.0
828,-2.239999999999996,350,0.0,PREY_WIN,1,0,100.0,0.0
829,-2.2799999999999954,350,0.0,PREY_WIN,1,0,100.0,0.0
830,-2.1799999999999975,350,0.0,PREY_WIN,1,0,100.0,0.0
831,-2.2199999999999966,350,0.0,PREY_WIN,1,0,100.0,0.0
832,-2.1899999999999973,350,0.0,PREY_WIN,1,0,100.0,0.0
833,-2.209999999999997,350,0.0,PREY_WIN,1,0,100.0,0.0
834,-2.2699999999999956,350,0.0,PREY_WIN,1,0,100.0,0.0
835,-2.289999999999995,350,0.0,PREY_WIN,1,0,100.0,0.0
836,-2.3199999999999945,350,0.0,PREY_WIN,1,0,100.0,0.0
837,-2.199999999999997,350,0.0,PREY_WIN,1,0,100.0,0.0
838,-2.3599999999999937,350,0.0,PREY_WIN,1,0,100.0,0.0
839,-2.2199999999999966,350,0.0,PREY_WIN,1,0,100.0,0.0
840,-2.259999999999996,350,0.0,PREY_WIN,1,0,100.0,0.0
841,-2.1899999999999973,350,0.0,PREY_WIN,1,0,100.0,0.0
842,-2.209999999999997,350,0.0,PREY_WIN,1,0,100.0,0.0
843,-2.289999999999995,350,0.0,PREY_WIN,1,0,100.0,0.0
844,-2.239999999999996,350,0.0,PREY_WIN,1,0,100.0,0.0
845,-2.209999999999997,350,0.0,PREY_WIN,1,0,99.72999999999999,0.0
846,-2.3099999999999947,350,0.0,PREY_WIN,1,0,100.0,0.0
847,-2.1899999999999973,350,0.0,PREY_WIN,1,0,100.0,0.0
848,-2.239999999999996,350,0.0,PREY_WIN,1,0,100.0,0.0
849,-2.239999999999996,350,0.0,PREY_WIN,1,0,100.0,0.0
850,-2.4099999999999926,350,0.0,PREY_WIN,1,0,100.0,0.0
851,-2.209999999999997,350,0.0,PREY_WIN,1,0,100.0,0.0
852,-2.1899999999999973,350,0.0,PREY_WIN,1,0,100.0,0.0
853,28.69499999999999,116,0.0,PREDATOR_WIN,0,1,0.0,63.845000000000205
854,-2.569999999999989,350,0.0,PREY_WIN,1,0,100.0,0.0
855,-3.3499999999999726,350,0.0,PREY_WIN,1,0,100.0,0.0
856,-2.5599999999999894,350,0.0,PREY_WIN,1,0,100.0,0.0
857,-2.6599999999999873,350,0.0,PREY_WIN,1,0,100.0,0.0
858,-2.769999999999985,350,0.0,PREY_WIN,1,0,100.0,0.0
859,29.052499999999995,87,0.0,PREDATOR_WIN,0,1,0.0,89.8924999999997
860,-2.4699999999999913,350,0.0,PREY_WIN,1,0,100.0,0.0
861,-2.7899999999999845,350,0.0,PREY_WIN,1,0,100.0,0.0
862,-2.579999999999989,350,0.0,PREY_WIN,1,0,100.0,0.0
863,-3.039999999999979,350,0.0,PREY_WIN,1,0,100.0,0.0
864,-3.0199999999999796,350,0.0,PREY_WIN,1,0,100.0,0.0
865,-2.2699999999999956,350,0.0,PREY_WIN,1,0,100.0,0.0
866,-2.4599999999999915,350,0.0,PREY_WIN,1,0,100.0,0.0
867,-2.239999999999996,350,0.0,PREY_WIN,1,0,100.0,0.0
868,-2.159999999999998,350,0.0,PREY_WIN,1,0,100.0,0.0
869,-2.1899999999999973,350,0.0,PREY_WIN,1,0,100.0,0.0
870,-2.239999999999996,350,0.0,PREY_WIN,1,0,100.0,0.0
871,-2.1899999999999973,350,0.0,PREY_WIN,1,0,100.0,0.0
872,-2.1899999999999973,350,0.0,PREY_WIN,1,0,100.0,0.0
873,29.702499999999993,22,0.0,PREDATOR_WIN,0,1,0.0,100.0
874,-2.8799999999999826,350,0.0,PREY_WIN,1,0,100.0,0.0
875,-3.4999999999999694,350,0.0,PREY_WIN,1,1,100.0,0.3999999999997435
876,-2.5499999999999896,350,0.0,PREY_WIN,1,0,100.0,0.0
877,-2.259999999999996,350,0.0,PREY_WIN,1,0,100.0,0.0
878,29.824999999999992,3,0.0,PREDATOR_WIN,0,1,0.0,100.0
879,27.442499999999974,194,0.0,PREDATOR_WIN,0,1,0.0,37.51250000000023
880,-2.5099999999999905,350,0.0,PREY_WIN,1,0,100.0,0.0
881,-2.4599999999999915,350,0.0,PREY_WIN,1,0,100.0,0.0
882,29.33499999999999,52,0.0,PREDATOR_WIN,0,1,0.0,89.82499999999989
883,-3.2599999999999745,350,0.0,PREY_WIN,1,0,100.0,0.0
884,-2.9399999999999813,350,0.0,PREY_WIN,1,0,100.0,0.0
885,-2.159999999999998,350,0.0,PREY_WIN,1,0,100.0,0.0
886,-2.1899999999999973,350,0.0,PREY_WIN,1,0,100.0,0.0
887,-2.389999999999993,350,0.0,PREY_WIN,1,0,100.0,0.0
888,-2.7899999999999845,350,0.0,PREY_WIN,1,0,100.0,0.0
889,-2.289999999999995,350,0.0,PREY_WIN,1,0,100.0,0.0
890,-2.239999999999996,350,0.0,PREY_WIN,1,0,100.0,0.0
891,-2.3099999999999947,350,0.0,PREY_WIN,1,0,100.0,0.0
892,-2.869999999999983,350,0.0,PREY_WIN,1,0,100.0,0.0
893,-2.209999999999997,350,0.0,PREY_WIN,1,0,100.0,0.0
894,-2.3099999999999947,350,0.0,PREY_WIN,1,0,100.0,0.0
895,-2.3699999999999934,350,0.0,PREY_WIN,1,0,100.0,0.0
896,-2.3199999999999945,350,0.0,PREY_WIN,1,0,100.0,0.0
897,-2.3599999999999937,350,0.0,PREY_WIN,1,0,100.0,0.0
898,-2.2199999999999966,350,0.0,PREY_WIN,1,0,100.0,0.0
899,-2.339999999999994,350,0.0,PREY_WIN,1,0,100.0,0.0
900,-2.289999999999995,350,0.0,PREY_WIN,1,0,100.0,0.0
901,-2.3699999999999934,350,0.0,PREY_WIN,1,0,100.0,0.0
902,-2.1799999999999975,350,0.0,PREY_WIN,1,0,100.0,0.0
903,28.71499999999999,114,0.0,PREDATOR_WIN,0,1,0.0,63.78500000000021
904,-3.3399999999999728,350,0.0,PREY_WIN,1,0,99.88,0.0
905,-2.489999999999991,350,0.0,PREY_WIN,1,0,100.0,0.0
906,-2.4699999999999913,350,0.0,PREY_WIN,1,0,100.0,0.0
907,-2.439999999999992,350,0.0,PREY_WIN,1,0,100.0,0.0
908,29.102499999999992,82,0.0,PREDATOR_WIN,0,1,0.0,80.89249999999997
909,-2.6099999999999883,350,0.0,PREY_WIN,1,0,100.0,0.0
910,-3.4999999999999694,350,0.0,PREY_WIN,1,1,100.0,9.100000000000136
911,-2.53999999999999,350,0.0,PREY_WIN,1,0,99.72999999999999,0.0
912,-2.569999999999989,350,0.0,PREY_WIN,1,0,100.0,0.0
913,-2.349999999999994,350,0.0,PREY_WIN,1,0,100.0,0.0
914,-2.1699999999999977,350,0.0,PREY_WIN,1,0,100.0,0.0
915,-2.259999999999996,350,0.0,PREY_WIN,1,0,100.0,0.0
916,-2.239999999999996,350,0.0,PREY_WIN,1,0,100.0,0.0
917,-2.3199999999999945,350,0.0,PREY_WIN,1,0,100.0,0.0
918,-2.2299999999999964,350,0.0,PREY_WIN,1,0,100.0,0.0
919,-2.339999999999994,350,0.0,PREY_WIN,1,0,100.0,0.0
920,29.254999999999992,60,0.0,PREDATOR_WIN,0,1,0.0,86.76499999999992
921,-2.9899999999999802,350,0.0,PREY_WIN,1,0,100.0,0.0
922,29.37749999999999,41,0.0,PREDATOR_WIN,0,1,0.0,92.87749999999991
923,-3.289999999999974,350,0.0,PREY_WIN,1,0,99.72999999999999,0.0
924,-2.809999999999984,350,0.0,PREY_WIN,1,0,100.0,0.0
925,-2.349999999999994,350,0.0,PREY_WIN,1,0,100.0,0.0
926,-2.4999999999999907,350,0.0,PREY_WIN,1,0,100.0,0.0
927,-2.339999999999994,350,0.0,PREY_WIN,1,0,100.0,0.0
928,-2.4099999999999926,350,0.0,PREY_WIN,1,0,100.0,0.0
929,-2.339999999999994,350,0.0,PREY_WIN,1,0,100.0,0.0
930,-2.209999999999997,350,0.0,PREY_WIN,1,0,100.0,0.0
931,-2.5199999999999902,350,0.0,PREY_WIN,1,0,100.0,0.0
932,-2.4599999999999915,350,0.0,PREY_WIN,1,0,100.0,0.0
933,29.059999999999995,93,0.0,PREDATOR_WIN,0,1,0.0,87.73999999999971
934,-3.189999999999976,350,0.0,PREY_WIN,1,0,100.0,0.0
935,29.517499999999988,27,0.0,PREDATOR_WIN,0,1,0.0,98.75749999999994
936,29.24249999999997,11,0.0,PREDATOR_WIN,0,1,0.0,100.0
937,-2.5099999999999905,350,0.0,PREY_WIN,1,0,100.0,0.0
938,29.694999999999993,16,0.0,PREDATOR_WIN,0,1,0.0,100.0
939,29.572499999999994,35,0.0,PREDATOR_WIN,0,1,0.0,95.53249999999994
940,-2.4199999999999924,350,0.0,PREY_WIN,1,0,100.0,0.0
941,-2.8399999999999834,350,0.0,PREY_WIN,1,0,100.0,0.0
942,-2.5599999999999894,350,0.0,PREY_WIN,1,0,100.0,0.0
943,-3.2599999999999745,350,0.0,PREY_WIN,1,0,100.0,0.0
944,-2.249999999999996,350,0.0,PREY_WIN,1,0,100.0,0.0
945,-2.6499999999999875,350,0.0,PREY_WIN,1,0,100.0,0.0
946,-2.4999999999999907,350,0.0,PREY_WIN,1,0,100.0,0.0
947,29.959999999999997,3,0.0,PREDATOR_WIN,0,1,0.0,100.0
948,28.189999999999976,126,0.0,PREDATOR_WIN,0,1,0.0,65.2400000000002
949,-2.7399999999999856,350,0.0,PREY_WIN,1,0,100.0,0.0
950,28.172499999999992,175,0.0,PREDATOR_WIN,0,1,0.0,62.532500000000326
951,-2.719999999999986,350,0.0,PREY_WIN,1,0,100.0,0.0
952,28.149999999999984,157,0.0,PREDATOR_WIN,0,1,0.0,50.390000000000214
953,28.37499999999999,148,0.0,PREDATOR_WIN,0,1,0.0,60.30500000000015
954,-3.2599999999999745,350,0.0,PREY_WIN,1,0,100.0,0.0
955,-3.4999999999999694,350,0.0,PREY_WIN,1,1,100.0,7.6000000000003265
956,-3.2099999999999755,350,0.0,PREY_WIN,1,0,100.0,0.0
957,-2.859999999999983,350,0.0,PREY_WIN,1,0,100.0,0.0
958,-2.209999999999997,350,0.0,PREY_WIN,1,0,100.0,0.0
959,-2.1899999999999973,350,0.0,PREY_WIN,1,0,100.0,0.0
960,-2.1899999999999973,350,0.0,PREY_WIN,1,0,100.0,0.0
961,-2.209999999999997,350,0.0,PREY_WIN,1,0,100.0,0.0
962,-2.159999999999998,350,0.0,PREY_WIN,1,0,100.0,0.0
963,-2.1899999999999973,350,0.0,PREY_WIN,1,0,100.0,0.0
964,-2.209999999999997,350,0.0,PREY_WIN,1,0,100.0,0.0
965,-2.399999999999993,350,0.0,PREY_WIN,1,0,99.75999999999999,0.0
966,-2.259999999999996,350,0.0,PREY_WIN,1,0,100.0,0.0
967,-2.1799999999999975,350,0.0,PREY_WIN,1,0,100.0,0.0
968,-2.2199999999999966,350,0.0,PREY_WIN,1,0,100.0,0.0
969,-2.3599999999999937,350,0.0,PREY_WIN,1,0,100.0,0.0
970,-2.239999999999996,350,0.0,PREY_WIN,1,0,100.0,0.0
971,29.72499999999999,13,0.0,PREDATOR_WIN,0,1,0.0,100.0
972,-2.52999999999999,350,0.0,PREY_WIN,1,0,100.0,0.0
973,-2.5499999999999896,350,0.0,PREY_WIN,1,0,100.0,0.0
974,-2.149999999999998,350,0.0,PREY_WIN,1,0,100.0,0.0
975,-2.2199999999999966,350,0.0,PREY_WIN,1,0,100.0,0.0
976,-2.9899999999999802,350,0.0,PREY_WIN,1,0,100.0,0.0
977,28.702499999999993,122,0.0,PREDATOR_WIN,0,1,0.0,63.49250000000023
978,-3.4999999999999694,350,0.0,PREY_WIN,1,1,100.0,7.00000000000041
979,-2.99999999999998,350,0.0,PREY_WIN,1,0,100.0,0.0
980,-2.9799999999999804,350,0.0,PREY_WIN,1,0,100.0,0.0
981,-2.339999999999994,350,0.0,PREY_WIN,1,0,100.0,0.0
982,-2.629999999999988,350,0.0,PREY_WIN,1,0,100.0,0.0
983,-2.6899999999999866,350,0.0,PREY_WIN,1,0,100.0,0.0
984,-2.7799999999999847,350,0.0,PREY_WIN,1,0,100.0,0.0
985,-2.4599999999999915,350,0.0,PREY_WIN,1,0,100.0,0.0
986,28.692499999999992,123,0.0,PREDATOR_WIN,0,1,0.0,62.47250000000024
987,-3.4899999999999696,350,0.0,PREY_WIN,1,0,100.0,0.0
988,-2.6399999999999877,350,0.0,PREY_WIN,1,0,100.0,0.0
989,-2.259999999999996,350,0.0,PREY_WIN,1,0,100.0,0.0
990,-2.209999999999997,350,0.0,PREY_WIN,1,0,100.0,0.0
991,-2.299999999999995,350,0.0,PREY_WIN,1,0,100.0,0.0
992,-2.2199999999999966,350,0.0,PREY_WIN,1,0,100.0,0.0
993,-2.239999999999996,350,0.0,PREY_WIN,1,0,100.0,0.0
994,29.979999999999997,1,0.0,PREDATOR_WIN,0,1,0.0,100.0
995,-2.239999999999996,350,0.0,PREY_WIN,1,0,100.0,0.0
996,-2.3299999999999943,350,0.0,PREY_WIN,1,0,100.0,0.0
997,-2.1799999999999975,350,0.0,PREY_WIN,1,0,100.0,0.0
998,-2.239999999999996,350,0.0,PREY_WIN,1,0,100.0,0.0
999,-2.2299999999999964,350,0.0,PREY_WIN,1,0,100.0,0.0
1000,-2.2299999999999964,350,0.0,PREY_WIN,1,0,100.0,0.0
1001,-2.6899999999999866,350,0.0,PREY_WIN,1,0,100.0,0.0
1002,-3.0699999999999785,350,0.0,PREY_WIN,1,0,100.0,0.0
1003,-2.7399999999999856,350,0.0,PREY_WIN,1,0,100.0,0.0
1004,-2.149999999999998,350,0.0,PREY_WIN,1,0,100.0,0.0
1005,-2.1699999999999977,350,0.0,PREY_WIN,1,0,100.0,0.0
1006,-2.1799999999999975,350,0.0,PREY_WIN,1,0,100.0,0.0
1007,-2.239999999999996,350,0.0,PREY_WIN,1,0,100.0,0.0
1008,-2.2799999999999954,350,0.0,PREY_WIN,1,0,100.0,0.0
1009,-2.289999999999995,350,0.0,PREY_WIN,1,0,100.0,0.0
1010,-2.239999999999996,350,0.0,PREY_WIN,1,0,100.0,0.0
1011,-2.249999999999996,350,0.0,PREY_WIN,1,0,100.0,0.0
1012,-2.1899999999999973,350,0.0,PREY_WIN,1,0,100.0,0.0
1013,-2.209999999999997,350,0.0,PREY_WIN,1,0,100.0,0.0
1014,28.702499999999993,122,0.0,PREDATOR_WIN,0,1,0.0,63.7925000000002
1015,-2.769999999999985,350,0.0,PREY_WIN,1,0,100.0,0.0
1016,-3.3499999999999726,350,0.0,PREY_WIN,1,0,100.0,0.0
1017,-2.339999999999994,350,0.0,PREY_WIN,1,0,100.0,0.0
1018,-2.1699999999999977,350,0.0,PREY_WIN,1,0,100.0,0.0
1019,-2.349999999999994,350,0.0,PREY_WIN,1,0,100.0,0.0
1020,-2.6599999999999873,350,0.0,PREY_WIN,1,0,100.0,0.0
1021,-2.239999999999996,350,0.0,PREY_WIN,1,0,100.0,0.0
1022,-2.5099999999999905,350,0.0,PREY_WIN,1,0,100.0,0.0
1023,-2.3099999999999947,350,0.0,PREY_WIN,1,0,100.0,0.0
1024,-2.429999999999992,350,0.0,PREY_WIN,1,0,100.0,0.0
1025,-2.2799999999999954,350,0.0,PREY_WIN,1,0,100.0,0.0
1026,28.189999999999955,66,0.0,PREDATOR_WIN,0,1,0.0,83.5399999999999
1027,-2.5999999999999885,350,0.0,PREY_WIN,1,0,100.0,0.0
1028,-3.0699999999999785,350,0.0,PREY_WIN,1,0,100.0,0.0
1029,-2.679999999999987,350,0.0,PREY_WIN,1,0,100.0,0.0
1030,-2.439999999999992,350,0.0,PREY_WIN,1,0,100.0,0.0
1031,-2.1299999999999986,350,0.0,PREY_WIN,1,0,100.0,0.0
1032,-2.209999999999997,350,0.0,PREY_WIN,1,0,100.0,0.0
1033,-2.2699999999999956,350,0.0,PREY_WIN,1,0,100.0,0.0
1034,-2.249999999999996,350,0.0,PREY_WIN,1,0,100.0,0.0
1035,-2.3099999999999947,350,0.0,PREY_WIN,1,0,100.0,0.0
1036,-2.299999999999995,350,0.0,PREY_WIN,1,0,100.0,0.0
1037,-2.209999999999997,350,0.0,PREY_WIN,1,0,100.0,0.0
1038,-2.289999999999995,350,0.0,PREY_WIN,1,0,100.0,0.0
1039,-2.2299999999999964,350,0.0,PREY_WIN,1,0,100.0,0.0
1040,-2.209999999999997,350,0.0,PREY_WIN,1,0,100.0,0.0
1041,-2.209999999999997,350,0.0,PREY_WIN,1,0,100.0,0.0
1042,28.579999999999973,84,0.0,PREDATOR_WIN,0,1,0.0,76.55000000000005
1043,-2.809999999999984,350,0.0,PREY_WIN,1,0,100.0,0.0
1044,29.092499999999994,83,0.0,PREDATOR_WIN,0,1,0.0,81.07249999999999
1045,-3.229999999999975,350,0.0,PREY_WIN,1,0,100.0,0.0
1046,29.017499999999988,77,0.0,PREDATOR_WIN,0,1,0.0,82.85749999999993
1047,26.852500000000017,307,0.0,PREDATOR_WIN,0,1,0.0,45.192500000000365
1048,-3.4999999999999694,350,0.0,PREY_WIN,1,1,100.0,1.3000000000001888
1049,29.122499999999995,80,0.0,PREDATOR_WIN,0,1,0.0,80.23249999999997
1050,-3.4999999999999694,350,0.0,PREY_WIN,1,1,100.0,10.000000000000165
1051,-3.1099999999999777,350,0.0,PREY_WIN,1,0,100.0,0.0
1052,29.902499999999993,2,0.0,PREDATOR_WIN,0,1,0.0,100.0
1053,-2.239999999999996,350,0.0,PREY_WIN,1,0,100.0,0.0
1054,-2.5599999999999894,350,0.0,PREY_WIN,1,0,100.0,0.0
1055,26.552499999999956,226,0.0,PREDATOR_WIN,0,1,0.0,32.802500000000066
1056,-2.6599999999999873,350,0.0,PREY_WIN,1,0,100.0,0.0
1057,-3.00999999999998,350,0.0,PREY_WIN,1,0,100.0,0.0
1058,-2.53999999999999,350,0.0,PREY_WIN,1,0,100.0,0.0
1059,-2.159999999999998,350,0.0,PREY_WIN,1,0,100.0,0.0
1060,-2.389999999999993,350,0.0,PREY_WIN,1,0,100.0,0.0
1061,-2.3199999999999945,350,0.0,PREY_WIN,1,0,100.0,0.0
1062,-2.239999999999996,350,0.0,PREY_WIN,1,0,100.0,0.0
1063,-2.3099999999999947,350,0.0,PREY_WIN,1,0,100.0,0.0
1064,-2.3799999999999932,350,0.0,PREY_WIN,1,0,100.0,0.0
1065,-2.299999999999995,350,0.0,PREY_WIN,1,0,100.0,0.0
1066,28.472499999999993,145,0.0,PREDATOR_WIN,0,1,0.0,54.732500000000286
1067,-3.239999999999975,350,0.0,PREY_WIN,1,0,100.0,0.0
1068,-2.3599999999999937,350,0.0,PREY_WIN,1,0,100.0,0.0
1069,28.162499999999994,176,0.0,PREDATOR_WIN,0,1,0.0,43.812500000000256
1070,29.70499999999999,15,0.0,PREDATOR_WIN,0,1,0.0,100.0
1071,-2.9899999999999802,350,0.0,PREY_WIN,1,0,100.0,0.0
1072,-3.4999999999999694,350,0.0,PREY_WIN,1,1,100.0,4.300000000000313
1073,-3.3599999999999723,350,0.0,PREY_WIN,1,0,100.0,0.0
1074,-2.1899999999999973,350,0.0,PREY_WIN,1,0,100.0,0.0
1075,28.582499999999982,107,0.0,PREDATOR_WIN,0,1,0.0,69.22250000000015
1076,-3.4999999999999694,350,0.0,PREY_WIN,1,1,100.0,25.600000000000097
1077,29.68499999999999,17,0.0,PREDATOR_WIN,0,1,0.0,100.0
1078,-2.8399999999999834,350,0.0,PREY_WIN,1,0,100.0,0.0
1079,29.604999999999993,25,0.0,PREDATOR_WIN,0,1,0.0,99.66499999999995
1080,-2.5499999999999896,350,0.0,PREY_WIN,1,0,100.0,0.0
1081,27.892499999999995,203,0.0,PREDATOR_WIN,0,1,0.0,54.97250000000003
1082,-2.53999999999999,350,0.0,PREY_WIN,1,0,100.0,0.0
1083,-3.4999999999999694,350,0.0,PREY_WIN,1,1,100.0,3.7000000000002506
1084,-3.4999999999999694,350,0.0,PREY_WIN,1,1,100.0,5.800000000000242
1085,27.942499999999992,198,0.0,PREDATOR_WIN,0,1,0.0,45.07250000000029
1086,29.22499999999999,63,0.0,PREDATOR_WIN,0,1,0.0,86.7049999999999
1087,-3.4999999999999694,350,0.0,PREY_WIN,1,1,100.0,15.40000000000005
1088,-2.9699999999999807,350,0.0,PREY_WIN,1,0,100.0,0.0
1089,-2.4699999999999913,350,0.0,PREY_WIN,1,0,100.0,0.0
1090,-2.579999999999989,350,0.0,PREY_WIN,1,0,100.0,0.0
1091,-2.759999999999985,350,0.0,PREY_WIN,1,0,100.0,0.0
1092,29.772499999999994,15,0.0,PREDATOR_WIN,0,1,0.0,100.0
1093,-2.3199999999999945,350,0.0,PREY_WIN,1,0,100.0,0.0
1094,-2.259999999999996,350,0.0,PREY_WIN,1,0,100.0,0.0
1095,-2.159999999999998,350,0.0,PREY_WIN,1,0,100.0,0.0
1096,-2.3299999999999943,350,0.0,PREY_WIN,1,0,100.0,0.0
1097,-2.3099999999999947,350,0.0,PREY_WIN,1,0,100.0,0.0
1098,-2.5899999999999888,350,0.0,PREY_WIN,1,0,100.0,0.0
1099,-2.2799999999999954,350,0.0,PREY_WIN,1,0,100.0,0.0
1100,-2.299999999999995,350,0.0,PREY_WIN,1,0,100.0,0.0
1101,-2.339999999999994,350,0.0,PREY_WIN,1,0,100.0,0.0
1102,-2.2299999999999964,350,0.0,PREY_WIN,1,0,100.0,0.0
1103,-2.2799999999999954,350,0.0,PREY_WIN,1,0,100.0,0.0
1104,-2.2799999999999954,350,0.0,PREY_WIN,1,0,100.0,0.0
1105,-2.389999999999993,350,0.0,PREY_WIN,1,0,100.0,0.0
1106,29.804999999999993,5,0.0,PREDATOR_WIN,0,1,0.0,100.0
1107,-2.1899999999999973,350,0.0,PREY_WIN,1,0,100.0,0.0
1108,29.74499999999999,11,0.0,PREDATOR_WIN,0,1,0.0,100.0
1109,-2.3699999999999934,350,0.0,PREY_WIN,1,0,99.72999999999999,0.0
1110,29.784999999999993,7,0.0,PREDATOR_WIN,0,1,0.0,100.0
1111,-2.239999999999996,350,0.0,PREY_WIN,1,0,100.0,0.0
1112,-2.4599999999999915,350,0.0,PREY_WIN,1,0,100.0,0.0
1113,-2.1899999999999973,350,0.0,PREY_WIN,1,0,100.0,0.0
1114,27.899999999999995,206,0.0,PREDATOR_WIN,0,1,0.0,29.750000000000245
1115,-2.719999999999986,350,0.0,PREY_WIN,1,0,100.0,0.0
1116,-2.99999999999998,350,0.0,PREY_WIN,1,0,100.0,0.0
1117,-2.239999999999996,350,0.0,PREY_WIN,1,0,100.0,0.0
1118,-3.2199999999999753,350,0.0,PREY_WIN,1,0,100.0,0.0
1119,-2.859999999999983,350,0.0,PREY_WIN,1,0,100.0,0.0
1120,28.172499999999992,175,0.0,PREDATOR_WIN,0,1,0.0,54.132500000000164
1121,-3.289999999999974,350,0.0,PREY_WIN,1,0,100.0,0.0
1122,-3.039999999999979,350,0.0,PREY_WIN,1,0,100.0,0.0
1123,-3.319999999999973,350,0.0,PREY_WIN,1,0,100.0,0.0
1124,-3.4999999999999694,350,0.0,PREY_WIN,1,1,100.0,2.2000000000001476
1125,-2.3699999999999934,350,0.0,PREY_WIN,1,0,100.0,0.0
1126,-2.1899999999999973,350,0.0,PREY_WIN,1,0,100.0,0.0
1127,-2.1699999999999977,350,0.0,PREY_WIN,1,0,100.0,0.0
1128,-2.239999999999996,350,0.0,PREY_WIN,1,0,100.0,0.0
1129,-2.3599999999999937,350,0.0,PREY_WIN,1,0,100.0,0.0
1130,-2.259999999999996,350,0.0,PREY_WIN,1,0,99.72999999999999,0.0
1131,-2.1899999999999973,350,0.0,PREY_WIN,1,0,100.0,0.0
1132,-2.1899999999999973,350,0.0,PREY_WIN,1,0,100.0,0.0
1133,-2.389999999999993,350,0.0,PREY_WIN,1,0,100.0,0.0
1134,-2.3099999999999947,350,0.0,PREY_WIN,1,0,100.0,0.0
1135,-2.1899999999999973,350,0.0,PREY_WIN,1,0,100.0,0.0
1136,-2.339999999999994,350,0.0,PREY_WIN,1,0,100.0,0.0
1137,-2.209999999999997,350,0.0,PREY_WIN,1,0,100.0,0.0
1138,28.922499999999992,100,0.0,PREDATOR_WIN,0,1,0.0,70.63250000000014
1139,-2.9299999999999815,350,0.0,PREY_WIN,1,0,100.0,0.0
1140,-3.4999999999999694,350,0.0,PREY_WIN,1,1,100.0,2.8000000000003196
1141,-2.8399999999999834,350,0.0,PREY_WIN,1,0,100.0,0.0
1142,-3.0199999999999796,350,0.0,PREY_WIN,1,0,100.0,0.0
1143,-2.8399999999999834,350,0.0,PREY_WIN,1,0,100.0,0.0
1144,-2.6999999999999864,350,0.0,PREY_WIN,1,0,100.0,0.0
1145,-2.629999999999988,350,0.0,PREY_WIN,1,0,100.0,0.0
1146,-2.259999999999996,350,0.0,PREY_WIN,1,0,100.0,0.0
1147,-2.159999999999998,350,0.0,PREY_WIN,1,0,100.0,0.0
1148,28.909999999999997,105,0.0,PREDATOR_WIN,0,1,0.0,68.87000000000015
1149,-2.53999999999999,350,0.0,PREY_WIN,1,0,100.0,0.0
1150,-3.3599999999999723,350,0.0,PREY_WIN,1,0,100.0,0.0
1151,-2.7399999999999856,350,0.0,PREY_WIN,1,0,100.0,0.0
1152,-2.1899999999999973,350,0.0,PREY_WIN,1,0,100.0,0.0
1153,-2.159999999999998,350,0.0,PREY_WIN,1,0,100.0,0.0
1154,-2.159999999999998,350,0.0,PREY_WIN,1,0,100.0,0.0
1155,-2.159999999999998,350,0.0,PREY_WIN,1,0,100.0,0.0
1156,-2.259999999999996,350,0.0,PREY_WIN,1,0,100.0,0.0
1157,28.432499999999994,149,0.0,PREDATOR_WIN,0,1,0.0,50.65250000000029
1158,-2.9399999999999813,350,0.0,PREY_WIN,1,0,100.0,0.0
1159,-2.909999999999982,350,0.0,PREY_WIN,1,0,100.0,0.0
1160,-3.1999999999999758,350,0.0,PREY_WIN,1,0,100.0,0.0
1161,-2.4199999999999924,350,0.0,PREY_WIN,1,0,100.0,0.0
1162,-2.1799999999999975,350,0.0,PREY_WIN,1,0,100.0,0.0
1163,-2.1899999999999973,350,0.0,PREY_WIN,1,0,100.0,0.0
1164,-2.3099999999999947,350,0.0,PREY_WIN,1,0,100.0,0.0
1165,-2.259999999999996,350,0.0,PREY_WIN,1,0,100.0,0.0
1166,-2.289999999999995,350,0.0,PREY_WIN,1,0,100.0,0.0
1167,-2.209999999999997,350,0.0,PREY_WIN,1,0,100.0,0.0
1168,-2.1699999999999977,350,0.0,PREY_WIN,1,0,100.0,0.0
1169,-2.239999999999996,350,0.0,PREY_WIN,1,0,99.72999999999999,0.0
1170,-2.1399999999999983,350,0.0,PREY_WIN,1,0,100.0,0.0
1171,-2.2199999999999966,350,0.0,PREY_WIN,1,0,100.0,0.0
1172,-2.389999999999993,350,0.0,PREY_WIN,1,0,100.0,0.0
1173,-2.2699999999999956,350,0.0,PREY_WIN,1,0,100.0,0.0
1174,-2.259999999999996,350,0.0,PREY_WIN,1,0,100.0,0.0
1175,29.902499999999993,2,0.0,PREDATOR_WIN,0,1,0.0,100.0
1176,-2.1899999999999973,350,0.0,PREY_WIN,1,0,100.0,0.0
1177,29.799999999999994,13,0.0,PREDATOR_WIN,0,1,0.0,100.0
1178,-2.209999999999997,350,0.0,PREY_WIN,1,0,100.0,0.0
1179,-2.289999999999995,350,0.0,PREY_WIN,1,0,100.0,0.0
1180,-2.1899999999999973,350,0.0,PREY_WIN,1,0,100.0,0.0
1181,-2.299999999999995,350,0.0,PREY_WIN,1,0,100.0,0.0
1182,-2.209999999999997,350,0.0,PREY_WIN,1,0,100.0,0.0
1183,-2.1899999999999973,350,0.0,PREY_WIN,1,0,100.0,0.0
1184,-2.3199999999999945,350,0.0,PREY_WIN,1,0,99.72999999999999,0.0
1185,-2.2799999999999954,350,0.0,PREY_WIN,1,0,100.0,0.0
1186,-2.2299999999999964,350,0.0,PREY_WIN,1,0,100.0,0.0
1187,28.222499999999993,170,0.0,PREDATOR_WIN,0,1,0.0,55.63250000000015
1188,29.239999999999995,75,0.0,PREDATOR_WIN,0,1,0.0,80.30000000000001
1189,-3.1299999999999772,350,0.0,PREY_WIN,1,0,100.0,0.0
1190,26.597500000000014,319,0.0,PREDATOR_WIN,0,1,0.0,52.31749999999996
1191,-3.1299999999999772,350,0.0,PREY_WIN,1,0,100.0,0.0
1192,-2.959999999999981,350,0.0,PREY_WIN,1,0,100.0,0.0
1193,-2.6599999999999873,350,0.0,PREY_WIN,1,0,100.0,0.0
1194,-2.3799999999999932,350,0.0,PREY_WIN,1,0,100.0,0.0
1195,28.222499999999993,170,0.0,PREDATOR_WIN,0,1,0.0,45.73250000000026
1196,-3.4099999999999713,350,0.0,PREY_WIN,1,0,100.0,0.0
1197,28.42499999999997,83,0.0,PREDATOR_WIN,0,1,0.0,78.90499999999997
1198,27.30249999999991,37,0.0,PREDATOR_WIN,0,1,0.0,92.74249999999984
1199,-3.4999999999999694,350,0.0,PREY_WIN,1,1,100.0,21.400000000000137
1200,-3.3599999999999723,350,0.0,PREY_WIN,1,0,100.0,0.0
1201,29.62999999999999,9,0.0,PREDATOR_WIN,0,1,0.0,100.0
1202,29.159999999999975,29,0.0,PREDATOR_WIN,0,1,0.0,97.57999999999993
1203,29.669999999999987,5,0.0,PREDATOR_WIN,0,1,0.0,100.0
1204,28.36499999999999,149,0.0,PREDATOR_WIN,0,1,0.0,82.3849999999997
1205,29.379999999999995,58,0.0,PREDATOR_WIN,0,1,0.0,90.10999999999986
1206,-3.4999999999999694,350,0.0,PREY_WIN,1,1,100.0,33.99999999999998
1207,-3.1299999999999772,350,0.0,PREY_WIN,1,0,100.0,0.0
1208,29.18499999999999,67,0.0,PREDATOR_WIN,0,1,0.0,88.32499999999983
1209,-3.1299999999999772,350,0.0,PREY_WIN,1,0,100.0,0.0
1210,27.88499999999999,197,0.0,PREDATOR_WIN,0,1,0.0,63.7249999999999
1211,-2.7299999999999858,350,0.0,PREY_WIN,1,0,100.0,0.0
1212,-3.3599999999999723,350,0.0,PREY_WIN,1,0,100.0,0.0
1213,-2.7399999999999856,350,0.0,PREY_WIN,1,0,100.0,0.0
1214,-2.439999999999992,350,0.0,PREY_WIN,1,0,100.0,0.0
1215,-2.2299999999999964,350,0.0,PREY_WIN,1,0,100.0,0.0
1216,-2.2799999999999954,350,0.0,PREY_WIN,1,0,100.0,0.0
1217,-2.1799999999999975,350,0.0,PREY_WIN,1,0,100.0,0.0
1218,-2.1699999999999977,350,0.0,PREY_WIN,1,0,100.0,0.0
1219,-2.159999999999998,350,0.0,PREY_WIN,1,0,100.0,0.0
1220,-2.149999999999998,350,0.0,PREY_WIN,1,0,100.0,0.0
1221,-2.349999999999994,350,0.0,PREY_WIN,1,0,100.0,0.0
1222,-2.2199999999999966,350,0.0,PREY_WIN,1,0,100.0,0.0
1223,-2.259999999999996,350,0.0,PREY_WIN,1,0,100.0,0.0
1224,-2.1399999999999983,350,0.0,PREY_WIN,1,0,100.0,0.0
1225,-2.389999999999993,350,0.0,PREY_WIN,1,0,100.0,0.0
1226,28.779999999999994,118,0.0,PREDATOR_WIN,0,1,0.0,64.01000000000022
1227,-2.5599999999999894,350,0.0,PREY_WIN,1,0,100.0,0.0
1228,-3.4999999999999694,350,0.0,PREY_WIN,1,1,100.0,7.600000000000177
1229,-2.6099999999999883,350,0.0,PREY_WIN,1,0,100.0,0.0
1230,-2.109999999999999,350,0.0,PREY_WIN,1,0,100.0,0.0
1231,-2.1399999999999983,350,0.0,PREY_WIN,1,0,100.0,0.0
1232,26.46999999999991,127,0.0,PREDATOR_WIN,0,1,0.0,58.910000000000174
1233,-2.8899999999999824,350,0.0,PREY_WIN,1,0,100.0,0.0
1234,-3.369999999999972,350,0.0,PREY_WIN,1,0,99.72999999999999,0.0
1235,-2.4699999999999913,350,0.0,PREY_WIN,1,0,100.0,0.0
1236,-2.209999999999997,350,0.0,PREY_WIN,1,0,100.0,0.0
1237,28.679999999999986,104,0.0,PREDATOR_WIN,0,1,0.0,69.35000000000014
1238,-2.3599999999999937,350,0.0,PREY_WIN,1,0,100.0,0.0
1239,-3.2199999999999753,350,0.0,PREY_WIN,1,0,100.0,0.0
1240,-2.7399999999999856,350,0.0,PREY_WIN,1,0,99.72999999999999,0.0
1241,-2.9899999999999802,350,0.0,PREY_WIN,1,0,100.0,0.0
1242,-2.6099999999999883,350,0.0,PREY_WIN,1,0,100.0,0.0
1243,-2.489999999999991,350,0.0,PREY_WIN,1,0,100.0,0.0
1244,-2.1899999999999973,350,0.0,PREY_WIN,1,0,100.0,0.0
1245,-2.1399999999999983,350,0.0,PREY_WIN,1,0,100.0,0.0
1246,-2.149999999999998,350,0.0,PREY_WIN,1,0,100.0,0.0
1247,-2.259999999999996,350,0.0,PREY_WIN,1,0,100.0,0.0
1248,-2.109999999999999,350,0.0,PREY_WIN,1,0,100.0,0.0
1249,27.62499999999998,196,0.0,PREDATOR_WIN,0,1,0.0,37.77500000000015
1250,29.804999999999993,5,0.0,PREDATOR_WIN,0,1,0.0,100.0
1251,-3.039999999999979,350,0.0,PREY_WIN,1,0,100.0,0.0
1252,-3.4999999999999694,350,0.0,PREY_WIN,1,1,100.0,0.7000000000002243
1253,29.304999999999993,55,0.0,PREDATOR_WIN,0,1,0.0,92.76499999999984
1254,29.504999999999992,35,0.0,PREDATOR_WIN,0,1,0.0,96.36499999999992
1255,-3.3399999999999728,350,0.0,PREY_WIN,1,0,100.0,0.0
1256,-2.8299999999999836,350,0.0,PREY_WIN,1,0,100.0,0.0
1257,29.979999999999997,1,0.0,PREDATOR_WIN,0,1,0.0,100.0
1258,-2.8899999999999824,350,0.0,PREY_WIN,1,0,100.0,0.0
1259,-2.249999999999996,350,0.0,PREY_WIN,1,0,100.0,0.0
1260,-2.4099999999999926,350,0.0,PREY_WIN,1,0,100.0,0.0
1261,-2.3099999999999947,350,0.0,PREY_WIN,1,0,100.0,0.0
1262,-2.339999999999994,350,0.0,PREY_WIN,1,0,100.0,0.0
1263,-2.3099999999999947,350,0.0,PREY_WIN,1,0,100.0,0.0
1264,29.262499999999996,66,0.0,PREDATOR_WIN,0,1,0.0,84.31249999999994
1265,-3.4099999999999713,350,0.0,PREY_WIN,1,0,100.0,0.0
1266,-2.289999999999995,350,0.0,PREY_WIN,1,0,100.0,0.0
1267,-2.1899999999999973,350,0.0,PREY_WIN,1,0,100.0,0.0
1268,-2.209999999999997,350,0.0,PREY_WIN,1,0,100.0,0.0
1269,29.714999999999993,14,0.0,PREDATOR_WIN,0,1,0.0,100.0
1270,29.222499999999993,64,0.0,PREDATOR_WIN,0,1,0.0,85.09249999999994
1271,-2.9399999999999813,350,0.0,PREY_WIN,1,0,100.0,0.0
1272,-3.179999999999976,350,0.0,PREY_WIN,1,0,100.0,0.0
1273,29.762499999999996,16,0.0,PREDATOR_WIN,0,1,0.0,100.0
1274,29.427499999999988,36,0.0,PREDATOR_WIN,0,1,0.0,94.97749999999994
1275,-3.3499999999999726,350,0.0,PREY_WIN,1,0,100.0,0.0
1276,-3.0199999999999796,350,0.0,PREY_WIN,1,0,99.72999999999999,0.0
1277,-2.5599999999999894,350,0.0,PREY_WIN,1,0,100.0,0.0
1278,-2.239999999999996,350,0.0,PREY_WIN,1,0,100.0,0.0
1279,-2.1799999999999975,350,0.0,PREY_WIN,1,0,100.0,0.0
1280,-2.209999999999997,350,0.0,PREY_WIN,1,0,100.0,0.0
1281,-2.7899999999999845,350,0.0,PREY_WIN,1,0,100.0,0.0
1282,-3.289999999999974,350,0.0,PREY_WIN,1,0,100.0,0.0
1283,29.764999999999993,9,0.0,PREDATOR_WIN,0,1,0.0,100.0
1284,-3.4999999999999694,350,0.0,PREY_WIN,1,1,100.0,13.000000000000334
1285,-3.4999999999999694,350,0.0,PREY_WIN,1,1,100.0,18.400000000000357
1286,-2.9799999999999804,350,0.0,PREY_WIN,1,0,100.0,0.0
1287,28.872499999999995,105,0.0,PREDATOR_WIN,0,1,0.0,67.33250000000018
1288,-3.4999999999999694,350,0.0,PREY_WIN,1,1,100.0,0.39999999999998676
1289,-3.189999999999976,350,0.0,PREY_WIN,1,0,100.0,0.0
1290,-2.249999999999996,350,0.0,PREY_WIN,1,0,100.0,0.0
1291,-2.289999999999995,350,0.0,PREY_WIN,1,0,100.0,0.0
1292,-2.4599999999999915,350,0.0,PREY_WIN,1,0,100.0,0.0
1293,-2.259999999999996,350,0.0,PREY_WIN,1,0,100.0,0.0
1294,29.664999999999992,19,0.0,PREDATOR_WIN,0,1,0.0,100.0
1295,28.05249999999999,187,0.0,PREDATOR_WIN,0,1,0.0,48.79250000000014
1296,-2.399999999999993,350,0.0,PREY_WIN,1,0,100.0,0.0
1297,-3.039999999999979,350,0.0,PREY_WIN,1,0,100.0,0.0
1298,-2.8299999999999836,350,0.0,PREY_WIN,1,0,100.0,0.0
1299,-3.099999999999978,350,0.0,PREY_WIN,1,0,99.72999999999999,0.0
1300,-2.6099999999999883,350,0.0,PREY_WIN,1,0,100.0,0.0
1301,-2.429999999999992,350,0.0,PREY_WIN,1,0,100.0,0.0
1302,-2.7499999999999853,350,0.0,PREY_WIN,1,0,100.0,0.0
1303,-3.4999999999999694,350,0.0,PREY_WIN,1,1,100.0,8.20000000000008
1304,28.71499999999999,114,0.0,PREDATOR_WIN,0,1,0.0,62.58500000000025
1305,-3.4999999999999694,350,0.0,PREY_WIN,1,1,100.0,23.799999999999773
1306,-3.4999999999999694,350,0.0,PREY_WIN,1,1,100.0,0.9999999999998631
1307,-2.5999999999999885,350,0.0,PREY_WIN,1,0,100.0,0.0
1308,-2.3099999999999947,350,0.0,PREY_WIN,1,0,100.0,0.0
1309,29.132499999999993,79,0.0,PREDATOR_WIN,0,1,0.0,82.45249999999996
1310,-3.039999999999979,350,0.0,PREY_WIN,1,0,100.0,0.0
1311,-3.4999999999999694,350,0.0,PREY_WIN,1,1,100.0,12.400000000000091
1312,-2.4699999999999913,350,0.0,PREY_WIN,1,0,100.0,0.0
1313,-2.3199999999999945,350,0.0,PREY_WIN,1,0,100.0,0.0
1314,-2.429999999999992,350,0.0,PREY_WIN,1,0,100.0,0.0
1315,29.407499999999988,38,0.0,PREDATOR_WIN,0,1,0.0,95.93749999999991
1316,28.15499999999999,170,0.0,PREDATOR_WIN,0,1,0.0,57.365000000000244
1317,-3.4999999999999694,350,0.0,PREY_WIN,1,1,100.0,11.199999999999955
1318,-3.45999999999997,350,0.0,PREY_WIN,1,0,100.0,0.0
1319,-3.4999999999999694,350,0.0,PREY_WIN,1,1,100.0,14.500000000000231
1320,-2.909999999999982,350,0.0,PREY_WIN,1,0,100.0,0.0
1321,-2.6899999999999866,350,0.0,PREY_WIN,1,0,100.0,0.0
1322,-2.759999999999985,350,0.0,PREY_WIN,1,0,100.0,0.0
1323,-2.2199999999999966,350,0.0,PREY_WIN,1,0,100.0,0.0
1324,-2.4999999999999907,350,0.0,PREY_WIN,1,0,100.0,0.0
1325,-2.7899999999999845,350,0.0,PREY_WIN,1,0,100.0,0.0
1326,-2.3099999999999947,350,0.0,PREY_WIN,1,0,100.0,0.0
1327,-2.339999999999994,350,0.0,PREY_WIN,1,0,100.0,0.0
1328,-2.4599999999999915,350,0.0,PREY_WIN,1,0,100.0,0.0
1329,-2.249999999999996,350,0.0,PREY_WIN,1,0,100.0,0.0
1330,27.84499999999994,60,0.0,PREDATOR_WIN,0,1,0.0,86.25499999999982
1331,-3.4999999999999694,350,0.0,PREY_WIN,1,1,100.0,3.4000000000000226
1332,-2.759999999999985,350,0.0,PREY_WIN,1,0,100.0,0.0
1333,-3.2099999999999755,350,0.0,PREY_WIN,1,0,100.0,0.0
1334,29.872499999999995,5,0.0,PREDATOR_WIN,0,1,0.0,100.0
1335,-2.3599999999999937,350,0.0,PREY_WIN,1,0,100.0,0.0
1336,-2.3599999999999937,350,0.0,PREY_WIN,1,0,100.0,0.0
1337,29.804999999999993,5,0.0,PREDATOR_WIN,0,1,0.0,100.0
1338,-2.1299999999999986,350,0.0,PREY_WIN,1,0,100.0,0.0
1339,-2.5599999999999894,350,0.0,PREY_WIN,1,0,100.0,0.0
1340,-2.809999999999984,350,0.0,PREY_WIN,1,0,100.0,0.0
1341,-3.4999999999999694,350,0.0,PREY_WIN,1,1,100.0,2.2000000000002586
1342,-3.049999999999979,350,0.0,PREY_WIN,1,0,100.0,0.0
1343,29.504999999999992,35,0.0,PREDATOR_WIN,0,1,0.0,96.06499999999993
1344,28.402499999999993,152,0.0,PREDATOR_WIN,0,1,0.0,58.99250000000034
1345,-2.479999999999991,350,0.0,PREY_WIN,1,0,100.0,0.0
1346,-3.4999999999999694,350,0.0,PREY_WIN,1,1,100.0,7.0000000000000435
1347,-3.4999999999999694,350,0.0,PREY_WIN,1,1,100.0,27.700000000000085
1348,-3.4099999999999713,350,0.0,PREY_WIN,1,0,100.0,0.0
1349,29.062499999999993,86,0.0,PREDATOR_WIN,0,1,0.0,74.1125000000001
1350,-2.8899999999999824,350,0.0,PREY_WIN,1,0,100.0,0.0
1351,26.815000000000012,304,0.0,PREDATOR_WIN,0,1,0.0,48.48500000000023
1352,-3.1599999999999766,350,0.0,PREY_WIN,1,0,100.0,0.0
1353,-3.00999999999998,350,0.0,PREY_WIN,1,0,100.0,0.0
1354,-3.4999999999999694,350,0.0,PREY_WIN,1,1,100.0,9.100000000000204
1355,-2.8899999999999824,350,0.0,PREY_WIN,1,0,100.0,0.0
1356,-2.479999999999991,350,0.0,PREY_WIN,1,0,100.0,0.0
1357,-2.209999999999997,350,0.0,PREY_WIN,1,0,100.0,0.0
1358,-2.1399999999999983,350,0.0,PREY_WIN,1,0,100.0,0.0
1359,-2.159999999999998,350,0.0,PREY_WIN,1,0,100.0,0.0
1360,-2.109999999999999,350,0.0,PREY_WIN,1,0,100.0,0.0
1361,-2.239999999999996,350,0.0,PREY_WIN,1,0,100.0,0.0
1362,-2.1899999999999973,350,0.0,PREY_WIN,1,0,100.0,0.0
1363,29.664999999999992,19,0.0,PREDATOR_WIN,0,1,0.0,100.0
1364,-2.159999999999998,350,0.0,PREY_WIN,1,0,100.0,0.0
1365,-2.1899999999999973,350,0.0,PREY_WIN,1,0,100.0,0.0
1366,-2.4599999999999915,350,0.0,PREY_WIN,1,0,100.0,0.0
1367,-2.1799999999999975,350,0.0,PREY_WIN,1,0,100.0,0.0
1368,-2.5599999999999894,350,0.0,PREY_WIN,1,0,100.0,0.0
1369,-2.2199999999999966,350,0.0,PREY_WIN,1,0,100.0,0.0
1370,-2.1899999999999973,350,0.0,PREY_WIN,1,0,100.0,0.0
1371,-2.209999999999997,350,0.0,PREY_WIN,1,0,100.0,0.0
1372,-2.1399999999999983,350,0.0,PREY_WIN,1,0,100.0,0.0
1373,-2.159999999999998,350,0.0,PREY_WIN,1,0,100.0,0.0
1374,-2.1799999999999975,350,0.0,PREY_WIN,1,0,100.0,0.0
1375,-2.2199999999999966,350,0.0,PREY_WIN,1,0,100.0,0.0
1376,-2.299999999999995,350,0.0,PREY_WIN,1,0,100.0,0.0
1377,-2.429999999999992,350,0.0,PREY_WIN,1,0,100.0,0.0
1378,-2.2699999999999956,350,0.0,PREY_WIN,1,0,100.0,0.0
1379,-2.159999999999998,350,0.0,PREY_WIN,1,0,100.0,0.0
1380,-2.299999999999995,350,0.0,PREY_WIN,1,0,100.0,0.0
1381,-2.2299999999999964,350,0.0,PREY_WIN,1,0,100.0,0.0
1382,-2.159999999999998,350,0.0,PREY_WIN,1,0,100.0,0.0
1383,-2.159999999999998,350,0.0,PREY_WIN,1,0,100.0,0.0
1384,-2.259999999999996,350,0.0,PREY_WIN,1,0,100.0,0.0
1385,29.062499999999993,86,0.0,PREDATOR_WIN,0,1,0.0,75.61250000000007
1386,-2.869999999999983,350,0.0,PREY_WIN,1,0,100.0,0.0
1387,-3.049999999999979,350,0.0,PREY_WIN,1,0,100.0,0.0
1388,-2.479999999999991,350,0.0,PREY_WIN,1,0,100.0,0.0
1389,-2.4999999999999907,350,0.0,PREY_WIN,1,0,100.0,0.0
1390,-2.5899999999999888,350,0.0,PREY_WIN,1,0,100.0,0.0
1391,-2.909999999999982,350,0.0,PREY_WIN,1,0,100.0,0.0
1392,28.922499999999992,100,0.0,PREDATOR_WIN,0,1,0.0,76.33250000000001
1393,-2.3799999999999932,350,0.0,PREY_WIN,1,0,100.0,0.0
1394,-3.4999999999999694,350,0.0,PREY_WIN,1,1,100.0,15.10000000000022
1395,28.747499999999988,104,0.0,PREDATOR_WIN,0,1,0.0,86.21749999999967
1396,-3.369999999999972,350,0.0,PREY_WIN,1,0,100.0,0.0
1397,-2.8899999999999824,350,0.0,PREY_WIN,1,0,100.0,0.0
1398,27.3375,245,0.0,PREDATOR_WIN,0,1,0.0,40.797500000000085
1399,-3.4999999999999694,350,0.0,PREY_WIN,1,1,100.0,2.5000000000002274
1400,29.734999999999992,12,0.0,PREDATOR_WIN,0,1,0.0,100.0
1401,28.582499999999992,134,0.0,PREDATOR_WIN,0,1,0.0,82.45249999999979
1402,-3.4999999999999694,350,0.0,PREY_WIN,1,1,100.0,21.399999999999764
1403,28.522499999999994,140,0.0,PREDATOR_WIN,0,1,0.0,75.43249999999986
1404,-3.4999999999999694,350,0.0,PREY_WIN,1,1,100.0,12.700000000000351
1405,28.652499999999993,127,0.0,PREDATOR_WIN,0,1,0.0,73.9924999999999
1406,-3.4999999999999694,350,0.0,PREY_WIN,1,1,100.0,11.800000000000272
1407,-2.809999999999984,350,0.0,PREY_WIN,1,0,100.0,0.0
1408,29.38749999999999,40,0.0,PREDATOR_WIN,0,1,0.0,100.0
1409,29.102499999999992,82,0.0,PREDATOR_WIN,0,1,0.0,83.29249999999988
1410,-2.159999999999998,350,0.0,PREY_WIN,1,0,99.88,0.0
1411,-2.3199999999999945,350,0.0,PREY_WIN,1,0,100.0,0.0
1412,-3.3899999999999717,350,0.0,PREY_WIN,1,0,100.0,0.0
1413,-2.769999999999985,350,0.0,PREY_WIN,1,0,100.0,0.0
1414,-2.239999999999996,350,0.0,PREY_WIN,1,0,100.0,0.0
1415,-2.209999999999997,350,0.0,PREY_WIN,1,0,100.0,0.0
1416,-2.3599999999999937,350,0.0,PREY_WIN,1,0,100.0,0.0
1417,28.212499999999984,144,0.0,PREDATOR_WIN,0,1,0.0,63.8825000000001
1418,-2.339999999999994,350,0.0,PREY_WIN,1,0,100.0,0.0
1419,-2.4599999999999915,350,0.0,PREY_WIN,1,0,100.0,0.0
1420,-3.0799999999999783,350,0.0,PREY_WIN,1,0,100.0,0.0
1421,-2.439999999999992,350,0.0,PREY_WIN,1,0,100.0,0.0
1422,-2.209999999999997,350,0.0,PREY_WIN,1,0,100.0,0.0
1423,-2.389999999999993,350,0.0,PREY_WIN,1,0,100.0,0.0
1424,-2.3799999999999932,350,0.0,PREY_WIN,1,0,100.0,0.0
1425,27.007499999999972,224,0.0,PREDATOR_WIN,0,1,0.0,33.77750000000018
1426,-2.4599999999999915,350,0.0,PREY_WIN,1,0,100.0,0.0
1427,-2.759999999999985,350,0.0,PREY_WIN,1,0,100.0,0.0
1428,-2.5199999999999902,350,0.0,PREY_WIN,1,0,100.0,0.0
1429,-2.859999999999983,350,0.0,PREY_WIN,1,0,100.0,0.0
1430,-3.189999999999976,350,0.0,PREY_WIN,1,0,100.0,0.0
1431,-2.619999999999988,350,0.0,PREY_WIN,1,0,100.0,0.0
1432,-2.4599999999999915,350,0.0,PREY_WIN,1,0,100.0,0.0
1433,-2.2699999999999956,350,0.0,PREY_WIN,1,0,100.0,0.0
1434,28.892499999999995,103,0.0,PREDATOR_WIN,0,1,0.0,69.67250000000016
1435,29.602499999999996,32,0.0,PREDATOR_WIN,0,1,0.0,97.09249999999994
1436,-3.4999999999999694,350,0.0,PREY_WIN,1,1,100.0,23.500000000000217
1437,-3.4999999999999694,350,0.0,PREY_WIN,1,1,100.0,31.000000000000103
1438,28.682499999999994,124,0.0,PREDATOR_WIN,0,1,0.0,77.35249999999986
1439,-3.1599999999999766,350,0.0,PREY_WIN,1,0,100.0,0.0
1440,29.302499999999995,62,0.0,PREDATOR_WIN,0,1,0.0,84.19249999999997
1441,-3.4999999999999694,350,0.0,PREY_WIN,1,1,100.0,10.600000000000115
1442,-2.819999999999984,350,0.0,PREY_WIN,1,0,100.0,0.0
1443,-2.9799999999999804,350,0.0,PREY_WIN,1,0,100.0,0.0
1444,-2.709999999999986,350,0.0,PREY_WIN,1,0,100.0,0.0
1445,-2.1899999999999973,350,0.0,PREY_WIN,1,0,100.0,0.0
1446,-2.199999999999997,350,0.0,PREY_WIN,1,0,100.0,0.0
1447,28.13499999999999,172,0.0,PREDATOR_WIN,0,1,0.0,43.62500000000028
1448,-3.4999999999999694,350,0.0,PREY_WIN,1,1,100.0,7.60000000000027
1449,28.734999999999992,112,0.0,PREDATOR_WIN,0,1,0.0,63.12500000000024
1450,-3.4999999999999694,350,0.0,PREY_WIN,1,1,100.0,17.19999999999999
1451,-2.909999999999982,350,0.0,PREY_WIN,1,0,100.0,0.0
1452,-2.619999999999988,350,0.0,PREY_WIN,1,0,100.0,0.0
1453,29.734999999999992,12,0.0,PREDATOR_WIN,0,1,0.0,100.0
1454,29.782499999999995,14,0.0,PREDATOR_WIN,0,1,0.0,100.0
1455,-2.209999999999997,350,0.0,PREY_WIN,1,0,100.0,0.0
1456,-2.2799999999999954,350,0.0,PREY_WIN,1,0,100.0,0.0
1457,29.657499999999988,13,0.0,PREDATOR_WIN,0,1,0.0,100.0
1458,-2.1699999999999977,350,0.0,PREY_WIN,1,0,100.0,0.0
1459,-2.1899999999999973,350,0.0,PREY_WIN,1,0,100.0,0.0
1460,-2.209999999999997,350,0.0,PREY_WIN,1,0,100.0,0.0
1461,29.212499999999995,71,0.0,PREDATOR_WIN,0,1,0.0,80.71250000000002
1462,-2.809999999999984,350,0.0,PREY_WIN,1,0,100.0,0.0
1463,-3.4999999999999694,350,0.0,PREY_WIN,1,1,100.0,2.500000000000468
1464,-3.4399999999999706,350,0.0,PREY_WIN,1,0,100.0,0.0
1465,-3.379999999999972,350,0.0,PREY_WIN,1,0,100.0,0.0
1466,-2.249999999999996,350,0.0,PREY_WIN,1,0,100.0,0.0
1467,29.242499999999993,68,0.0,PREDATOR_WIN,0,1,0.0,83.47249999999997
1468,-2.9899999999999802,350,0.0,PREY_WIN,1,0,100.0,0.0
1469,-2.9299999999999815,350,0.0,PREY_WIN,1,0,100.0,0.0
1470,-2.489999999999991,350,0.0,PREY_WIN,1,0,100.0,0.0
1471,-3.089999999999978,350,0.0,PREY_WIN,1,0,100.0,0.0
1472,-2.289999999999995,350,0.0,PREY_WIN,1,0,100.0,0.0
1473,29.574999999999992,28,0.0,PREDATOR_WIN,0,1,0.0,100.0
1474,-3.429999999999971,350,0.0,PREY_WIN,1,0,100.0,0.0
1475,-2.4599999999999915,350,0.0,PREY_WIN,1,0,100.0,0.0
1476,-2.249999999999996,350,0.0,PREY_WIN,1,0,100.0,0.0
1477,-2.209999999999997,350,0.0,PREY_WIN,1,0,100.0,0.0
1478,-2.159999999999998,350,0.0,PREY_WIN,1,0,100.0,0.0
1479,-2.339999999999994,350,0.0,PREY_WIN,1,0,100.0,0.0
1480,-2.259999999999996,350,0.0,PREY_WIN,1,0,100.0,0.0
1481,-2.239999999999996,350,0.0,PREY_WIN,1,0,100.0,0.0
1482,29.929999999999996,6,0.0,PREDATOR_WIN,0,1,0.0,100.0
1483,29.139999999999997,85,0.0,PREDATOR_WIN,0,1,0.0,82.69999999999989
1484,-3.039999999999979,350,0.0,PREY_WIN,1,0,100.0,0.0
1485,-2.8399999999999834,350,0.0,PREY_WIN,1,0,100.0,0.0
1486,-2.7999999999999843,350,0.0,PREY_WIN,1,0,100.0,0.0
1487,-2.239999999999996,350,0.0,PREY_WIN,1,0,100.0,0.0
1488,-2.109999999999999,350,0.0,PREY_WIN,1,0,100.0,0.0
1489,-2.1799999999999975,350,0.0,PREY_WIN,1,0,100.0,0.0
1490,28.432499999999994,149,0.0,PREDATOR_WIN,0,1,0.0,57.85250000000023
1491,-3.4999999999999694,350,0.0,PREY_WIN,1,1,100.0,0.4000000000003065
1492,-3.0199999999999796,350,0.0,PREY_WIN,1,0,100.0,0.0
1493,-3.2099999999999755,350,0.0,PREY_WIN,1,0,100.0,0.0
1494,29.664999999999992,19,0.0,PREDATOR_WIN,0,1,0.0,100.0
1495,-3.0199999999999796,350,0.0,PREY_WIN,1,0,100.0,0.0
1496,-2.5599999999999894,350,0.0,PREY_WIN,1,0,100.0,0.0
1497,-2.4099999999999926,350,0.0,PREY_WIN,1,0,99.72999999999999,0.0
1498,-2.6599999999999873,350,0.0,PREY_WIN,1,0,100.0,0.0
1499,-2.7899999999999845,350,0.0,PREY_WIN,1,0,100.0,0.0
1500,-2.1899999999999973,350,0.0,PREY_WIN,1,0,100.0,0.0
1501,-2.7399999999999856,350,0.0,PREY_WIN,1,0,100.0,0.0
1502,-2.239999999999996,350,0.0,PREY_WIN,1,0,99.72999999999999,0.0
1503,-2.289999999999995,350,0.0,PREY_WIN,1,0,100.0,0.0
1504,-2.249999999999996,350,0.0,PREY_WIN,1,0,100.0,0.0
1505,-2.199999999999997,350,0.0,PREY_WIN,1,0,100.0,0.0
1506,-2.289999999999995,350,0.0,PREY_WIN,1,0,100.0,0.0
1507,-2.199999999999997,350,0.0,PREY_WIN,1,0,100.0,0.0
1508,-2.2299999999999964,350,0.0,PREY_WIN,1,0,100.0,0.0
1509,-2.2799999999999954,350,0.0,PREY_WIN,1,0,100.0,0.0
1510,28.312499999999993,161,0.0,PREDATOR_WIN,0,1,0.0,48.31250000000028
1511,28.189999999999987,153,0.0,PREDATOR_WIN,0,1,0.0,52.07000000000026
1512,-3.4999999999999694,350,0.0,PREY_WIN,1,1,100.0,18.100000000000357
1513,28.662499999999994,126,0.0,PREDATOR_WIN,0,1,0.0,75.01249999999985
1514,-3.039999999999979,350,0.0,PREY_WIN,1,0,100.0,0.0
1515,26.40250000000002,346,0.0,PREDATOR_WIN,0,1,0.0,32.95250000000002
1516,-3.45999999999997,350,0.0,PREY_WIN,1,0,100.0,0.0
1517,-2.53999999999999,350,0.0,PREY_WIN,1,0,100.0,0.0
1518,-2.3599999999999937,350,0.0,PREY_WIN,1,0,100.0,0.0
1519,-2.209999999999997,350,0.0,PREY_WIN,1,0,100.0,0.0
1520,-2.209999999999997,350,0.0,PREY_WIN,1,0,100.0,0.0
1521,-2.239999999999996,350,0.0,PREY_WIN,1,0,100.0,0.0
1522,-2.259999999999996,350,0.0,PREY_WIN,1,0,100.0,0.0
1523,-2.2199999999999966,350,0.0,PREY_WIN,1,0,100.0,0.0
1524,-2.209999999999997,350,0.0,PREY_WIN,1,0,100.0,0.0
1525,-2.289999999999995,350,0.0,PREY_WIN,1,0,100.0,0.0
1526,28.589999999999993,134,0.0,PREDATOR_WIN,0,1,0.0,58.16000000000029
1527,-2.7799999999999847,350,0.0,PREY_WIN,1,0,100.0,0.0
1528,-3.4999999999999694,350,0.0,PREY_WIN,1,1,100.0,10.300000000000333
1529,28.269999999999985,145,0.0,PREDATOR_WIN,0,1,0.0,78.52999999999966
1530,-3.0199999999999796,350,0.0,PREY_WIN,1,0,100.0,0.0
1531,-3.4999999999999694,350,0.0,PREY_WIN,1,1,100.0,30.70000000000005
1532,-3.4999999999999694,350,0.0,PREY_WIN,1,1,100.0,13.600000000000005
1533,-3.4999999999999694,350,0.0,PREY_WIN,1,1,100.0,19.29999999999993
1534,-2.6399999999999877,350,0.0,PREY_WIN,1,0,100.0,0.0
1535,-2.679999999999987,350,0.0,PREY_WIN,1,0,100.0,0.0
1536,-2.1399999999999983,350,0.0,PREY_WIN,1,0,100.0,0.0
1537,-2.209999999999997,350,0.0,PREY_WIN,1,0,100.0,0.0
1538,-2.1799999999999975,350,0.0,PREY_WIN,1,0,100.0,0.0
1539,-2.1799999999999975,350,0.0,PREY_WIN,1,0,100.0,0.0
1540,-2.3199999999999945,350,0.0,PREY_WIN,1,0,100.0,0.0
1541,-2.159999999999998,350,0.0,PREY_WIN,1,0,100.0,0.0
1542,-2.299999999999995,350,0.0,PREY_WIN,1,0,100.0,0.0
1543,-2.3099999999999947,350,0.0,PREY_WIN,1,0,100.0,0.0
1544,-2.259999999999996,350,0.0,PREY_WIN,1,0,100.0,0.0
1545,-2.159999999999998,350,0.0,PREY_WIN,1,0,100.0,0.0
1546,-2.239999999999996,350,0.0,PREY_WIN,1,0,100.0,0.0
1547,29.17499999999999,68,0.0,PREDATOR_WIN,0,1,0.0,85.20499999999991
1548,-2.7899999999999845,350,0.0,PREY_WIN,1,0,100.0,0.0
1549,-3.4999999999999694,350,0.0,PREY_WIN,1,1,100.0,18.999999999999684
1550,28.03499999999999,182,0.0,PREDATOR_WIN,0,1,0.0,63.724999999999916
1551,29.022499999999994,90,0.0,PREDATOR_WIN,0,1,0.0,77.83249999999998
1552,-3.4999999999999694,350,0.0,PREY_WIN,1,1,100.0,23.500000000000433
1553,-3.4999999999999694,350,0.0,PREY_WIN,1,1,100.0,10.900000000000135
1554,28.972499999999993,95,0.0,PREDATOR_WIN,0,1,0.0,78.43249999999995
1555,-3.4999999999999694,350,0.0,PREY_WIN,1,1,100.0,14.20000000000026
1556,-3.4999999999999694,350,0.0,PREY_WIN,1,1,100.0,22.300000000000466
1557,-2.53999999999999,350,0.0,PREY_WIN,1,0,100.0,0.0
1558,-2.7399999999999856,350,0.0,PREY_WIN,1,0,100.0,0.0
1559,-2.1399999999999983,350,0.0,PREY_WIN,1,0,100.0,0.0
1560,-2.239999999999996,350,0.0,PREY_WIN,1,0,100.0,0.0
1561,28.802499999999995,112,0.0,PREDATOR_WIN,0,1,0.0,69.19250000000015
1562,28.862499999999994,106,0.0,PREDATOR_WIN,0,1,0.0,65.7125000000002
1563,-2.7399999999999856,350,0.0,PREY_WIN,1,0,100.0,0.0
1564,-3.4999999999999694,350,0.0,PREY_WIN,1,1,100.0,14.200000000000177
1565,-3.4399999999999706,350,0.0,PREY_WIN,1,0,100.0,0.0
1566,-2.9399999999999813,350,0.0,PREY_WIN,1,0,100.0,0.0
1567,28.447499999999987,134,0.0,PREDATOR_WIN,0,1,0.0,62.217500000000136
1568,-2.859999999999983,350,0.0,PREY_WIN,1,0,100.0,0.0
1569,-3.2699999999999743,350,0.0,PREY_WIN,1,0,100.0,0.0
1570,-2.9799999999999804,350,0.0,PREY_WIN,1,0,100.0,0.0
1571,-2.299999999999995,350,0.0,PREY_WIN,1,0,100.0,0.0
1572,-2.249999999999996,350,0.0,PREY_WIN,1,0,100.0,0.0
1573,-2.2699999999999956,350,0.0,PREY_WIN,1,0,100.0,0.0
1574,-2.159999999999998,350,0.0,PREY_WIN,1,0,100.0,0.0
1575,-2.629999999999988,350,0.0,PREY_WIN,1,0,100.0,0.0
1576,29.574999999999992,28,0.0,PREDATOR_WIN,0,1,0.0,98.40499999999994
1577,-3.4999999999999694,350,0.0,PREY_WIN,1,1,100.0,0.9999999999996836
1578,-3.4999999999999694,350,0.0,PREY_WIN,1,1,100.0,0.9999999999996605
1579,-2.339999999999994,350,0.0,PREY_WIN,1,0,100.0,0.0
1580,-2.7899999999999845,350,0.0,PREY_WIN,1,0,100.0,0.0
1581,-2.7799999999999847,350,0.0,PREY_WIN,1,0,100.0,0.0
1582,-2.479999999999991,350,0.0,PREY_WIN,1,0,100.0,0.0
1583,-2.3799999999999932,350,0.0,PREY_WIN,1,0,100.0,0.0
1584,-2.249999999999996,350,0.0,PREY_WIN,1,0,100.0,0.0
1585,-2.429999999999992,350,0.0,PREY_WIN,1,0,100.0,0.0
1586,-2.3099999999999947,350,0.0,PREY_WIN,1,0,100.0,0.0
1587,-2.2799999999999954,350,0.0,PREY_WIN,1,0,100.0,0.0
1588,-3.1099999999999777,350,0.0,PREY_WIN,1,0,100.0,0.0
1589,-2.859999999999983,350,0.0,PREY_WIN,1,0,100.0,0.0
1590,-2.209999999999997,350,0.0,PREY_WIN,1,0,100.0,0.0
1591,-2.3599999999999937,350,0.0,PREY_WIN,1,0,100.0,0.0
1592,28.262499999999992,166,0.0,PREDATOR_WIN,0,1,0.0,45.012500000000266
1593,-2.759999999999985,350,0.0,PREY_WIN,1,0,100.0,0.0
1594,-2.859999999999983,350,0.0,PREY_WIN,1,0,100.0,0.0
1595,28.379999999999946,23,0.0,PREDATOR_WIN,0,1,0.0,99.2599999999999
1596,29.732499999999995,19,0.0,PREDATOR_WIN,0,1,0.0,100.0
1597,-3.429999999999971,350,0.0,PREY_WIN,1,0,100.0,0.0
1598,29.42499999999999,43,0.0,PREDATOR_WIN,0,1,0.0,92.10499999999992
1599,-3.45999999999997,350,0.0,PREY_WIN,1,0,100.0,0.0
1600,-3.139999999999977,350,0.0,PREY_WIN,1,0,100.0,0.0
1601,-3.289999999999974,350,0.0,PREY_WIN,1,0,100.0,0.0
1602,-2.7899999999999845,350,0.0,PREY_WIN,1,0,100.0,0.0
1603,-2.109999999999999,350,0.0,PREY_WIN,1,0,100.0,0.0
1604,-2.3299999999999943,350,0.0,PREY_WIN,1,0,100.0,0.0
1605,-2.06,350,0.0,PREY_WIN,1,0,100.0,0.0
1606,-2.249999999999996,350,0.0,PREY_WIN,1,0,100.0,0.0
1607,-2.1199999999999988,350,0.0,PREY_WIN,1,0,100.0,0.0
1608,-2.1299999999999986,350,0.0,PREY_WIN,1,0,100.0,0.0
1609,-2.4599999999999915,350,0.0,PREY_WIN,1,0,100.0,0.0
1610,-2.289999999999995,350,0.0,PREY_WIN,1,0,100.0,0.0
1611,-2.149999999999998,350,0.0,PREY_WIN,1,0,100.0,0.0
1612,-2.1399999999999983,350,0.0,PREY_WIN,1,0,100.0,0.0
1613,-2.1399999999999983,350,0.0,PREY_WIN,1,0,100.0,0.0
1614,-2.1399999999999983,350,0.0,PREY_WIN,1,0,100.0,0.0
1615,-2.239999999999996,350,0.0,PREY_WIN,1,0,100.0,0.0
1616,-2.289999999999995,350,0.0,PREY_WIN,1,0,100.0,0.0
1617,28.692499999999992,123,0.0,PREDATOR_WIN,0,1,0.0,62.47250000000024
1618,-3.279999999999974,350,0.0,PREY_WIN,1,0,100.0,0.0
1619,-3.179999999999976,350,0.0,PREY_WIN,1,0,100.0,0.0
1620,-2.9399999999999813,350,0.0,PREY_WIN,1,0,99.88,0.0
1621,29.272499999999994,65,0.0,PREDATOR_WIN,0,1,0.0,82.93249999999999
1622,-3.4999999999999694,350,0.0,PREY_WIN,1,1,100.0,11.49999999999982
1623,29.70749999999999,8,0.0,PREDATOR_WIN,0,1,0.0,100.0
1624,-2.9199999999999817,350,0.0,PREY_WIN,1,0,100.0,0.0
1625,-2.7399999999999856,350,0.0,PREY_WIN,1,0,100.0,0.0
1626,-2.5199999999999902,350,0.0,PREY_WIN,1,0,100.0,0.0
1627,-2.2699999999999956,350,0.0,PREY_WIN,1,0,100.0,0.0
1628,29.43499999999999,42,0.0,PREDATOR_WIN,0,1,0.0,94.0249999999999
1629,-3.4399999999999706,350,0.0,PREY_WIN,1,0,100.0,0.0
1630,-2.6899999999999866,350,0.0,PREY_WIN,1,0,100.0,0.0
1631,29.81499999999999,4,0.0,PREDATOR_WIN,0,1,0.0,100.0
1632,-2.239999999999996,350,0.0,PREY_WIN,1,0,100.0,0.0
1633,-2.1699999999999977,350,0.0,PREY_WIN,1,0,100.0,0.0
1634,-2.1299999999999986,350,0.0,PREY_WIN,1,0,100.0,0.0
1635,29.10499999999999,75,0.0,PREDATOR_WIN,0,1,0.0,79.26500000000004
1636,-3.2999999999999736,350,0.0,PREY_WIN,1,0,100.0,0.0
1637,-3.4999999999999694,350,0.0,PREY_WIN,1,1,99.72999999999999,14.200000000000275
1638,-3.4999999999999694,350,0.0,PREY_WIN,1,1,100.0,1.00000000000031
1639,-2.7799999999999847,350,0.0,PREY_WIN,1,0,100.0,0.0
1640,-2.5099999999999905,350,0.0,PREY_WIN,1,0,100.0,0.0
1641,-2.5099999999999905,350,0.0,PREY_WIN,1,0,100.0,0.0
1642,-2.2699999999999956,350,0.0,PREY_WIN,1,0,100.0,0.0
1643,-2.2299999999999964,350,0.0,PREY_WIN,1,0,100.0,0.0
1644,29.979999999999997,1,0.0,PREDATOR_WIN,0,1,0.0,100.0
1645,29.61499999999999,24,0.0,PREDATOR_WIN,0,1,0.0,100.0
1646,-2.579999999999989,350,0.0,PREY_WIN,1,0,100.0,0.0
1647,-3.00999999999998,350,0.0,PREY_WIN,1,0,100.0,0.0
1648,-2.8899999999999824,350,0.0,PREY_WIN,1,0,100.0,0.0
1649,-2.5099999999999905,350,0.0,PREY_WIN,1,0,100.0,0.0
1650,-2.5899999999999888,350,0.0,PREY_WIN,1,0,100.0,0.0
1651,28.572499999999984,108,0.0,PREDATOR_WIN,0,1,0.0,70.60250000000008
1652,-3.239999999999975,350,0.0,PREY_WIN,1,0,100.0,0.0
1653,-2.489999999999991,350,0.0,PREY_WIN,1,0,100.0,0.0
1654,28.642499999999995,128,0.0,PREDATOR_WIN,0,1,0.0,82.5724999999997
1655,-3.0599999999999787,350,0.0,PREY_WIN,1,0,99.88,0.0
1656,-3.4999999999999694,350,0.0,PREY_WIN,1,1,100.0,6.100000000000228
1657,-2.53999999999999,350,0.0,PREY_WIN,1,0,100.0,0.0
1658,29.574999999999992,28,0.0,PREDATOR_WIN,0,1,0.0,100.0
1659,-3.2599999999999745,350,0.0,PREY_WIN,1,0,100.0,0.0
1660,-3.319999999999973,350,0.0,PREY_WIN,1,0,100.0,0.0
1661,-2.389999999999993,350,0.0,PREY_WIN,1,0,100.0,0.0
1662,-2.3799999999999932,350,0.0,PREY_WIN,1,0,100.0,0.0
1663,-2.1899999999999973,350,0.0,PREY_WIN,1,0,100.0,0.0
1664,-2.679999999999987,350,0.0,PREY_WIN,1,0,100.0,0.0
1665,-2.389999999999993,350,0.0,PREY_WIN,1,0,100.0,0.0
1666,-2.52999999999999,350,0.0,PREY_WIN,1,0,100.0,0.0
1667,-2.2699999999999956,350,0.0,PREY_WIN,1,0,100.0,0.0
1668,-2.239999999999996,350,0.0,PREY_WIN,1,0,100.0,0.0
1669,-2.299999999999995,350,0.0,PREY_WIN,1,0,100.0,0.0
1670,-2.4599999999999915,350,0.0,PREY_WIN,1,0,100.0,0.0
1671,-2.159999999999998,350,0.0,PREY_WIN,1,0,100.0,0.0
1672,-2.199999999999997,350,0.0,PREY_WIN,1,0,100.0,0.0
1673,26.97499999999991,69,0.0,PREDATOR_WIN,0,1,0.0,80.79499999999987
1674,-2.9399999999999813,350,0.0,PREY_WIN,1,0,100.0,0.0
1675,-2.5199999999999902,350,0.0,PREY_WIN,1,0,100.0,0.0
1676,-2.6399999999999877,350,0.0,PREY_WIN,1,0,100.0,0.0
1677,-2.859999999999983,350,0.0,PREY_WIN,1,0,100.0,0.0
1678,28.842499999999994,108,0.0,PREDATOR_WIN,0,1,0.0,79.57249999999985
1679,-3.4999999999999694,350,0.0,PREY_WIN,1,1,100.0,21.10000000000041
1680,-2.809999999999984,350,0.0,PREY_WIN,1,0,100.0,0.0
1681,-3.4999999999999694,350,0.0,PREY_WIN,1,1,100.0,6.999999999999831
1682,-2.6099999999999883,350,0.0,PREY_WIN,1,0,100.0,0.0
1683,-2.4099999999999926,350,0.0,PREY_WIN,1,0,100.0,0.0
1684,-2.1799999999999975,350,0.0,PREY_WIN,1,0,100.0,0.0
1685,-2.439999999999992,350,0.0,PREY_WIN,1,0,100.0,0.0
1686,-2.259999999999996,350,0.0,PREY_WIN,1,0,99.72999999999999,0.0
1687,-2.289999999999995,350,0.0,PREY_WIN,1,0,100.0,0.0
1688,-2.259999999999996,350,0.0,PREY_WIN,1,0,100.0,0.0
1689,-2.3599999999999937,350,0.0,PREY_WIN,1,0,100.0,0.0
1690,-2.2299999999999964,350,0.0,PREY_WIN,1,0,100.0,0.0
1691,-2.1899999999999973,350,0.0,PREY_WIN,1,0,100.0,0.0
1692,-2.2199999999999966,350,0.0,PREY_WIN,1,0,100.0,0.0
1693,-2.149999999999998,350,0.0,PREY_WIN,1,0,100.0,0.0
1694,-2.209999999999997,350,0.0,PREY_WIN,1,0,100.0,0.0
1695,-2.2199999999999966,350,0.0,PREY_WIN,1,0,100.0,0.0
1696,-2.259999999999996,350,0.0,PREY_WIN,1,0,100.0,0.0
1697,-2.239999999999996,350,0.0,PREY_WIN,1,0,100.0,0.0
1698,28.602499999999992,129,0.0,PREDATOR_WIN,0,1,0.0,60.82250000000026
1699,29.464999999999993,39,0.0,PREDATOR_WIN,0,1,0.0,94.68499999999992
1700,-3.4999999999999694,350,0.0,PREY_WIN,1,1,100.0,18.69999999999997
1701,-3.4999999999999694,350,0.0,PREY_WIN,1,1,100.0,38.19999999999999
1702,-2.909999999999982,350,0.0,PREY_WIN,1,0,100.0,0.0
1703,27.877499999999955,107,0.0,PREDATOR_WIN,0,1,0.0,73.61750000000002
1704,29.43749999999998,8,0.0,PREDATOR_WIN,0,1,0.0,100.0
1705,-2.759999999999985,350,0.0,PREY_WIN,1,0,100.0,0.0
1706,-3.289999999999974,350,0.0,PREY_WIN,1,0,100.0,0.0
1707,-3.4999999999999694,350,0.0,PREY_WIN,1,1,100.0,22.60000000000021
1708,-2.4999999999999907,350,0.0,PREY_WIN,1,0,100.0,0.0
1709,-2.3599999999999937,350,0.0,PREY_WIN,1,0,100.0,0.0
1710,-2.7299999999999858,350,0.0,PREY_WIN,1,0,100.0,0.0
1711,-2.4999999999999907,350,0.0,PREY_WIN,1,0,100.0,0.0
1712,28.862499999999994,106,0.0,PREDATOR_WIN,0,1,0.0,66.9125000000002
1713,-2.909999999999982,350,0.0,PREY_WIN,1,0,100.0,0.0
1714,-3.4399999999999706,350,0.0,PREY_WIN,1,0,100.0,0.0
1715,-2.6599999999999873,350,0.0,PREY_WIN,1,0,100.0,0.0
1716,29.822499999999994,10,0.0,PREDATOR_WIN,0,1,0.0,100.0
1717,-2.8899999999999824,350,0.0,PREY_WIN,1,0,100.0,0.0
1718,-2.3099999999999947,350,0.0,PREY_WIN,1,0,100.0,0.0
1719,-2.3099999999999947,350,0.0,PREY_WIN,1,0,100.0,0.0
1720,-2.199999999999997,350,0.0,PREY_WIN,1,0,100.0,0.0
1721,-2.259999999999996,350,0.0,PREY_WIN,1,0,100.0,0.0
1722,-2.389999999999993,350,0.0,PREY_WIN,1,0,100.0,0.0
1723,-2.53999999999999,350,0.0,PREY_WIN,1,0,100.0,0.0
1724,-2.199999999999997,350,0.0,PREY_WIN,1,0,100.0,0.0
1725,29.872499999999995,5,0.0,PREDATOR_WIN,0,1,0.0,100.0
1726,27.514999999999983,207,0.0,PREDATOR_WIN,0,1,0.0,38.85500000000011
1727,-2.909999999999982,350,0.0,PREY_WIN,1,0,100.0,0.0
1728,29.664999999999992,19,0.0,PREDATOR_WIN,0,1,0.0,100.0
1729,-2.679999999999987,350,0.0,PREY_WIN,1,0,100.0,0.0
1730,-2.709999999999986,350,0.0,PREY_WIN,1,0,100.0,0.0
1731,28.24499999999998,131,0.0,PREDATOR_WIN,0,1,0.0,66.84500000000006
1732,-2.6899999999999866,350,0.0,PREY_WIN,1,0,100.0,0.0
1733,-2.2799999999999954,350,0.0,PREY_WIN,1,0,100.0,0.0
1734,-2.7399999999999856,350,0.0,PREY_WIN,1,0,100.0,0.0
1735,-2.209999999999997,350,0.0,PREY_WIN,1,0,100.0,0.0
1736,-2.299999999999995,350,0.0,PREY_WIN,1,0,100.0,0.0
1737,-2.489999999999991,350,0.0,PREY_WIN,1,0,100.0,0.0
1738,-2.4199999999999924,350,0.0,PREY_WIN,1,0,100.0,0.0
1739,-2.2799999999999954,350,0.0,PREY_WIN,1,0,100.0,0.0
1740,-2.1299999999999986,350,0.0,PREY_WIN,1,0,100.0,0.0
1741,-2.1899999999999973,350,0.0,PREY_WIN,1,0,100.0,0.0
1742,-2.259999999999996,350,0.0,PREY_WIN,1,0,100.0,0.0
1743,29.022499999999994,90,0.0,PREDATOR_WIN,0,1,0.0,77.23250000000002
1744,-3.039999999999979,350,0.0,PREY_WIN,1,0,100.0,0.0
1745,-2.9799999999999804,350,0.0,PREY_WIN,1,0,100.0,0.0
1746,-2.709999999999986,350,0.0,PREY_WIN,1,0,100.0,0.0
1747,-2.489999999999991,350,0.0,PREY_WIN,1,0,100.0,0.0
1748,-2.5099999999999905,350,0.0,PREY_WIN,1,0,100.0,0.0
1749,-2.429999999999992,350,0.0,PREY_WIN,1,0,100.0,0.0
1750,-2.3599999999999937,350,0.0,PREY_WIN,1,0,100.0,0.0
1751,-2.249999999999996,350,0.0,PREY_WIN,1,0,100.0,0.0
1752,29.324999999999992,53,0.0,PREDATOR_WIN,0,1,0.0,90.30499999999988
1753,-2.759999999999985,350,0.0,PREY_WIN,1,0,100.0,0.0
1754,-3.0599999999999787,350,0.0,PREY_WIN,1,0,100.0,0.0
1755,29.784999999999993,7,0.0,PREDATOR_WIN,0,1,0.0,100.0
1756,27.6425,228,0.0,PREDATOR_WIN,0,1,0.0,62.47249999999968
1757,-3.4999999999999694,350,0.0,PREY_WIN,1,1,100.0,1.9000000000001174
1758,26.284999999999975,276,0.0,PREDATOR_WIN,0,1,0.0,38.135000000000296
1759,-3.1099999999999777,350,0.0,PREY_WIN,1,0,100.0,0.0
1760,-2.429999999999992,350,0.0,PREY_WIN,1,0,100.0,0.0
1761,-2.909999999999982,350,0.0,PREY_WIN,1,0,100.0,0.0
1762,-2.439999999999992,350,0.0,PREY_WIN,1,0,100.0,0.0
1763,-2.339999999999994,350,0.0,PREY_WIN,1,0,100.0,0.0
1764,-2.4699999999999913,350,0.0,PREY_WIN,1,0,100.0,0.0
1765,-2.2699999999999956,350,0.0,PREY_WIN,1,0,100.0,0.0
1766,-2.2199999999999966,350,0.0,PREY_WIN,1,0,100.0,0.0
1767,-2.2799999999999954,350,0.0,PREY_WIN,1,0,100.0,0.0
1768,-2.209999999999997,350,0.0,PREY_WIN,1,0,100.0,0.0
1769,-2.2799999999999954,350,0.0,PREY_WIN,1,0,100.0,0.0
1770,-2.2199999999999966,350,0.0,PREY_WIN,1,0,100.0,0.0
1771,-2.209999999999997,350,0.0,PREY_WIN,1,0,100.0,0.0
1772,-2.239999999999996,350,0.0,PREY_WIN,1,0,100.0,0.0
1773,-2.209999999999997,350,0.0,PREY_WIN,1,0,100.0,0.0
1774,-2.239999999999996,350,0.0,PREY_WIN,1,0,100.0,0.0
1775,-2.199999999999997,350,0.0,PREY_WIN,1,0,100.0,0.0
1776,-2.289999999999995,350,0.0,PREY_WIN,1,0,100.0,0.0
1777,-2.1899999999999973,350,0.0,PREY_WIN,1,0,100.0,0.0
1778,29.26499999999999,59,0.0,PREDATOR_WIN,0,1,0.0,86.8849999999999
1779,27.08250000000001,284,0.0,PREDATOR_WIN,0,1,0.0,37.15249999999989
1780,27.500000000000007,249,0.0,PREDATOR_WIN,0,1,0.0,72.31999999999971
1781,-3.4999999999999694,350,0.0,PREY_WIN,1,1,100.0,4.900000000000199
1782,-3.4999999999999694,350,0.0,PREY_WIN,1,1,100.0,32.50000000000033
1783,-3.4999999999999694,350,0.0,PREY_WIN,1,1,100.0,7.300000000000331
1784,-3.4999999999999694,350,0.0,PREY_WIN,1,1,100.0,16.900000000000173
1785,-3.3899999999999717,350,0.0,PREY_WIN,1,0,100.0,0.0
1786,-2.7499999999999853,350,0.0,PREY_WIN,1,0,100.0,0.0
1787,25.9349999999999,152,0.0,PREDATOR_WIN,0,1,0.0,69.4250000000001
1788,-3.369999999999972,350,0.0,PREY_WIN,1,0,100.0,0.0
1789,28.287499999999977,120,0.0,PREDATOR_WIN,0,1,0.0,73.49750000000007
1790,-3.4399999999999706,350,0.0,PREY_WIN,1,0,100.0,0.0
1791,-3.239999999999975,350,0.0,PREY_WIN,1,0,100.0,0.0
1792,-3.1599999999999766,350,0.0,PREY_WIN,1,0,100.0,0.0
1793,29.252499999999994,67,0.0,PREDATOR_WIN,0,1,0.0,82.3925
1794,29.604999999999993,25,0.0,PREDATOR_WIN,0,1,0.0,99.66499999999995
1795,-2.9399999999999813,350,0.0,PREY_WIN,1,0,100.0,0.0
1796,-2.859999999999983,350,0.0,PREY_WIN,1,0,100.0,0.0
1797,-2.869999999999983,350,0.0,PREY_WIN,1,0,100.0,0.0
1798,29.162499999999994,76,0.0,PREDATOR_WIN,0,1,0.0,81.91249999999995
1799,-2.6099999999999883,350,0.0,PREY_WIN,1,0,100.0,0.0
1800,-2.9199999999999817,350,0.0,PREY_WIN,1,0,100.0,0.0
1801,-2.6899999999999866,350,0.0,PREY_WIN,1,0,100.0,0.0
1802,-2.299999999999995,350,0.0,PREY_WIN,1,0,100.0,0.0
1803,-2.4199999999999924,350,0.0,PREY_WIN,1,0,100.0,0.0
1804,-2.389999999999993,350,0.0,PREY_WIN,1,0,100.0,0.0
1805,-2.4599999999999915,350,0.0,PREY_WIN,1,0,100.0,0.0
1806,27.26749999999998,222,0.0,PREDATOR_WIN,0,1,0.0,39.65750000000021
1807,28.262499999999992,166,0.0,PREDATOR_WIN,0,1,0.0,47.712500000000276
1808,-3.0299999999999794,350,0.0,PREY_WIN,1,0,100.0,0.0
1809,-2.7999999999999843,350,0.0,PREY_WIN,1,0,100.0,0.0
1810,-3.2699999999999743,350,0.0,PREY_WIN,1,0,100.0,0.0
1811,-3.4099999999999713,350,0.0,PREY_WIN,1,0,100.0,0.0
1812,-2.289999999999995,350,0.0,PREY_WIN,1,0,100.0,0.0
1813,-2.259999999999996,350,0.0,PREY_WIN,1,0,100.0,0.0
1814,-2.6099999999999883,350,0.0,PREY_WIN,1,0,100.0,0.0
1815,-2.7299999999999858,350,0.0,PREY_WIN,1,0,100.0,0.0
1816,-2.1799999999999975,350,0.0,PREY_WIN,1,0,100.0,0.0
1817,-2.289999999999995,350,0.0,PREY_WIN,1,0,100.0,0.0
1818,-2.2299999999999964,350,0.0,PREY_WIN,1,0,100.0,0.0
1819,-2.249999999999996,350,0.0,PREY_WIN,1,0,100.0,0.0
1820,-2.159999999999998,350,0.0,PREY_WIN,1,0,100.0,0.0
1821,-2.1399999999999983,350,0.0,PREY_WIN,1,0,100.0,0.0
1822,-2.1899999999999973,350,0.0,PREY_WIN,1,0,99.72999999999999,0.0
1823,-2.1899999999999973,350,0.0,PREY_WIN,1,0,100.0,0.0
1824,-2.339999999999994,350,0.0,PREY_WIN,1,0,99.72999999999999,0.0
1825,-2.2799999999999954,350,0.0,PREY_WIN,1,0,100.0,0.0
1826,-2.159999999999998,350,0.0,PREY_WIN,1,0,100.0,0.0
1827,-2.149999999999998,350,0.0,PREY_WIN,1,0,100.0,0.0
1828,-2.2799999999999954,350,0.0,PREY_WIN,1,0,100.0,0.0
1829,-2.52999999999999,350,0.0,PREY_WIN,1,0,100.0,0.0
1830,-2.2199999999999966,350,0.0,PREY_WIN,1,0,100.0,0.0
1831,-2.1899999999999973,350,0.0,PREY_WIN,1,0,100.0,0.0
1832,-2.159999999999998,350,0.0,PREY_WIN,1,0,100.0,0.0
1833,-2.3199999999999945,350,0.0,PREY_WIN,1,0,100.0,0.0
1834,-2.209999999999997,350,0.0,PREY_WIN,1,0,100.0,0.0
1835,-2.1899999999999973,350,0.0,PREY_WIN,1,0,100.0,0.0
1836,-2.2199999999999966,350,0.0,PREY_WIN,1,0,100.0,0.0
1837,-2.3599999999999937,350,0.0,PREY_WIN,1,0,100.0,0.0
1838,-2.1699999999999977,350,0.0,PREY_WIN,1,0,100.0,0.0
1839,29.65499999999999,20,0.0,PREDATOR_WIN,0,1,0.0,100.0
1840,-2.239999999999996,350,0.0,PREY_WIN,1,0,100.0,0.0
1841,-2.4099999999999926,350,0.0,PREY_WIN,1,0,100.0,0.0
1842,-2.53999999999999,350,0.0,PREY_WIN,1,0,100.0,0.0
1843,-2.389999999999993,350,0.0,PREY_WIN,1,0,99.88,0.0
1844,-2.159999999999998,350,0.0,PREY_WIN,1,0,100.0,0.0
1845,-2.239999999999996,350,0.0,PREY_WIN,1,0,100.0,0.0
1846,-2.209999999999997,350,0.0,PREY_WIN,1,0,100.0,0.0
1847,-2.3299999999999943,350,0.0,PREY_WIN,1,0,100.0,0.0
1848,-2.289999999999995,350,0.0,PREY_WIN,1,0,100.0,0.0
1849,-2.53999999999999,350,0.0,PREY_WIN,1,0,100.0,0.0
1850,-2.389999999999993,350,0.0,PREY_WIN,1,0,100.0,0.0
1851,29.272499999999994,65,0.0,PREDATOR_WIN,0,1,0.0,84.13249999999996
1852,27.862499999999994,206,0.0,PREDATOR_WIN,0,1,0.0,66.01249999999986
1853,-3.4999999999999694,350,0.0,PREY_WIN,1,1,100.0,2.500000000000284
1854,-3.4999999999999694,350,0.0,PREY_WIN,1,1,100.0,14.500000000000282
1855,-3.379999999999972,350,0.0,PREY_WIN,1,0,100.0,0.0
1856,-2.2799999999999954,350,0.0,PREY_WIN,1,0,100.0,0.0
1857,-2.339999999999994,350,0.0,PREY_WIN,1,0,100.0,0.0
1858,29.607499999999987,18,0.0,PREDATOR_WIN,0,1,0.0,100.0
1859,-2.109999999999999,350,0.0,PREY_WIN,1,0,100.0,0.0
1860,-2.199999999999997,350,0.0,PREY_WIN,1,0,100.0,0.0
1861,27.85499999999998,173,0.0,PREDATOR_WIN,0,1,0.0,38.43500000000025
1862,-3.4999999999999694,350,0.0,PREY_WIN,1,1,100.0,0.10000000000038423
1863,-3.4999999999999694,350,0.0,PREY_WIN,1,1,100.0,14.800000000000285
1864,29.27499999999999,58,0.0,PREDATOR_WIN,0,1,0.0,94.20499999999981
1865,-3.4999999999999694,350,0.0,PREY_WIN,1,1,100.0,13.599999999999833
1866,-3.179999999999976,350,0.0,PREY_WIN,1,0,99.72999999999999,0.0
1867,29.504999999999992,35,0.0,PREDATOR_WIN,0,1,0.0,95.46499999999993
1868,-3.0699999999999785,350,0.0,PREY_WIN,1,0,100.0,0.0
1869,-2.6399999999999877,350,0.0,PREY_WIN,1,0,100.0,0.0
1870,29.784999999999993,7,0.0,PREDATOR_WIN,0,1,0.0,100.0
1871,-3.189999999999976,350,0.0,PREY_WIN,1,0,100.0,0.0
1872,-2.2799999999999954,350,0.0,PREY_WIN,1,0,100.0,0.0
1873,-2.489999999999991,350,0.0,PREY_WIN,1,0,100.0,0.0
1874,-2.249999999999996,350,0.0,PREY_WIN,1,0,100.0,0.0
1875,-2.429999999999992,350,0.0,PREY_WIN,1,0,100.0,0.0
1876,-2.209999999999997,350,0.0,PREY_WIN,1,0,100.0,0.0
1877,29.804999999999993,5,0.0,PREDATOR_WIN,0,1,0.0,100.0
1878,29.442499999999995,48,0.0,PREDATOR_WIN,0,1,0.0,100.0
1879,-2.8299999999999836,350,0.0,PREY_WIN,1,0,100.0,0.0
1880,-3.2599999999999745,350,0.0,PREY_WIN,1,0,100.0,0.0
1881,-2.4999999999999907,350,0.0,PREY_WIN,1,0,100.0,0.0
1882,-2.4699999999999913,350,0.0,PREY_WIN,1,0,100.0,0.0
1883,-2.5599999999999894,350,0.0,PREY_WIN,1,0,100.0,0.0
1884,-2.439999999999992,350,0.0,PREY_WIN,1,0,100.0,0.0
1885,28.082499999999992,184,0.0,PREDATOR_WIN,0,1,0.0,52.4525000000003
1886,-2.819999999999984,350,0.0,PREY_WIN,1,0,100.0,0.0
1887,-3.4999999999999694,350,0.0,PREY_WIN,1,1,100.0,1.6000000000002401
1888,-3.4999999999999694,350,0.0,PREY_WIN,1,1,100.0,8.20000000000031
1889,28.769999999999985,95,0.0,PREDATOR_WIN,0,1,0.0,71.03000000000013
1890,-3.4999999999999694,350,0.0,PREY_WIN,1,1,100.0,7.599999999999934
1891,29.534999999999993,32,0.0,PREDATOR_WIN,0,1,0.0,96.72499999999994
1892,-2.899999999999982,350,0.0,PREY_WIN,1,0,100.0,0.0
1893,-3.329999999999973,350,0.0,PREY_WIN,1,0,100.0,0.0
1894,-2.579999999999989,350,0.0,PREY_WIN,1,0,100.0,0.0
1895,-2.719999999999986,350,0.0,PREY_WIN,1,0,100.0,0.0
1896,-2.5899999999999888,350,0.0,PREY_WIN,1,0,100.0,0.0
1897,-2.199999999999997,350,0.0,PREY_WIN,1,0,100.0,0.0
1898,-2.1699999999999977,350,0.0,PREY_WIN,1,0,100.0,0.0
1899,-2.349999999999994,350,0.0,PREY_WIN,1,0,100.0,0.0
1900,-2.1799999999999975,350,0.0,PREY_WIN,1,0,100.0,0.0
1901,-2.239999999999996,350,0.0,PREY_WIN,1,0,100.0,0.0
1902,-2.159999999999998,350,0.0,PREY_WIN,1,0,100.0,0.0
1903,-2.239999999999996,350,0.0,PREY_WIN,1,0,100.0,0.0
1904,-2.199999999999997,350,0.0,PREY_WIN,1,0,100.0,0.0
1905,-2.239999999999996,350,0.0,PREY_WIN,1,0,100.0,0.0
1906,-2.259999999999996,350,0.0,PREY_WIN,1,0,100.0,0.0
1907,-2.1699999999999977,350,0.0,PREY_WIN,1,0,100.0,0.0
1908,-2.1899999999999973,350,0.0,PREY_WIN,1,0,100.0,0.0
1909,-2.1699999999999977,350,0.0,PREY_WIN,1,0,100.0,0.0
1910,-2.2299999999999964,350,0.0,PREY_WIN,1,0,100.0,0.0
1911,-2.259999999999996,350,0.0,PREY_WIN,1,0,100.0,0.0
1912,-2.3099999999999947,350,0.0,PREY_WIN,1,0,100.0,0.0
1913,-2.2799999999999954,350,0.0,PREY_WIN,1,0,100.0,0.0
1914,-2.209999999999997,350,0.0,PREY_WIN,1,0,100.0,0.0
1915,-2.4199999999999924,350,0.0,PREY_WIN,1,0,100.0,0.0
1916,-2.1899999999999973,350,0.0,PREY_WIN,1,0,100.0,0.0
1917,-2.1699999999999977,350,0.0,PREY_WIN,1,0,100.0,0.0
1918,28.039999999999957,87,0.0,PREDATOR_WIN,0,1,0.0,77.47999999999999
1919,-2.4599999999999915,350,0.0,PREY_WIN,1,0,100.0,0.0
1920,-3.1199999999999775,350,0.0,PREY_WIN,1,0,100.0,0.0
1921,-2.2699999999999956,350,0.0,PREY_WIN,1,0,100.0,0.0
1922,-2.959999999999981,350,0.0,PREY_WIN,1,0,100.0,0.0
1923,-3.049999999999979,350,0.0,PREY_WIN,1,0,100.0,0.0
1924,-2.6399999999999877,350,0.0,PREY_WIN,1,0,100.0,0.0
1925,-2.1399999999999983,350,0.0,PREY_WIN,1,0,100.0,0.0
1926,-2.259999999999996,350,0.0,PREY_WIN,1,0,100.0,0.0
1927,-2.159999999999998,350,0.0,PREY_WIN,1,0,100.0,0.0
1928,-2.199999999999997,350,0.0,PREY_WIN,1,0,100.0,0.0
1929,29.824999999999992,3,0.0,PREDATOR_WIN,0,1,0.0,100.0
1930,29.484999999999992,37,0.0,PREDATOR_WIN,0,1,0.0,96.12499999999991
1931,28.089999999999996,190,0.0,PREDATOR_WIN,0,1,0.0,72.49999999999976
1932,26.952499999999898,42,0.0,PREDATOR_WIN,0,1,0.0,90.04249999999982
1933,-3.3499999999999726,350,0.0,PREY_WIN,1,0,100.0,0.0
1934,-3.4399999999999706,350,0.0,PREY_WIN,1,0,100.0,0.0
1935,29.462499999999995,46,0.0,PREDATOR_WIN,0,1,0.0,90.91249999999991
1936,-3.45999999999997,350,0.0,PREY_WIN,1,0,100.0,0.0
1937,27.96249999999999,196,0.0,PREDATOR_WIN,0,1,0.0,55.212500000000205
1938,-2.629999999999988,350,0.0,PREY_WIN,1,0,100.0,0.0
1939,29.394999999999992,46,0.0,PREDATOR_WIN,0,1,0.0,99.24499999999983
1940,29.784999999999993,7,0.0,PREDATOR_WIN,0,1,0.0,100.0
1941,-3.1199999999999775,350,0.0,PREY_WIN,1,0,100.0,0.0
1942,-2.99999999999998,350,0.0,PREY_WIN,1,0,100.0,0.0
1943,-2.53999999999999,350,0.0,PREY_WIN,1,0,100.0,0.0
1944,-2.909999999999982,350,0.0,PREY_WIN,1,0,100.0,0.0
1945,-2.3099999999999947,350,0.0,PREY_WIN,1,0,100.0,0.0
1946,29.112499999999994,81,0.0,PREDATOR_WIN,0,1,0.0,79.2125
1947,-2.909999999999982,350,0.0,PREY_WIN,1,0,100.0,0.0
1948,-3.3399999999999728,350,0.0,PREY_WIN,1,0,100.0,0.0
1949,-2.819999999999984,350,0.0,PREY_WIN,1,0,100.0,0.0
1950,27.547499999999943,101,0.0,PREDATOR_WIN,0,1,0.0,77.54750000000001
1951,-2.259999999999996,350,0.0,PREY_WIN,1,0,100.0,0.0
1952,-2.239999999999996,350,0.0,PREY_WIN,1,0,100.0,0.0
1953,-2.2199999999999966,350,0.0,PREY_WIN,1,0,100.0,0.0
1954,-2.1799999999999975,350,0.0,PREY_WIN,1,0,100.0,0.0
1955,-2.4599999999999915,350,0.0,PREY_WIN,1,0,100.0,0.0
1956,29.67499999999999,18,0.0,PREDATOR_WIN,0,1,0.0,100.0
1957,-2.209999999999997,350,0.0,PREY_WIN,1,0,100.0,0.0
1958,-2.2699999999999956,350,0.0,PREY_WIN,1,0,99.72999999999999,0.0
1959,-2.489999999999991,350,0.0,PREY_WIN,1,0,100.0,0.0
1960,-2.4599999999999915,350,0.0,PREY_WIN,1,0,100.0,0.0
1961,29.112499999999994,81,0.0,PREDATOR_WIN,0,1,0.0,79.21250000000002
1962,-2.859999999999983,350,0.0,PREY_WIN,1,0,100.0,0.0
1963,-3.2099999999999755,350,0.0,PREY_WIN,1,0,100.0,0.0
1964,-3.0599999999999787,350,0.0,PREY_WIN,1,0,100.0,0.0
1965,29.802499999999995,12,0.0,PREDATOR_WIN,0,1,0.0,100.0
1966,-2.4599999999999915,350,0.0,PREY_WIN,1,0,100.0,0.0
1967,28.502499999999984,115,0.0,PREDATOR_WIN,0,1,0.0,62.26250000000023
1968,29.152499999999993,77,0.0,PREDATOR_WIN,0,1,0.0,79.09250000000003
1969,-2.8899999999999824,350,0.0,PREY_WIN,1,0,100.0,0.0
1970,-3.4999999999999694,350,0.0,PREY_WIN,1,1,100.0,28.899999999999846
1971,-3.1299999999999772,350,0.0,PREY_WIN,1,0,100.0,0.0
1972,-2.859999999999983,350,0.0,PREY_WIN,1,0,100.0,0.0
1973,-2.5199999999999902,350,0.0,PREY_WIN,1,0,100.0,0.0
1974,-2.239999999999996,350,0.0,PREY_WIN,1,0,100.0,0.0
1975,28.46249999999999,146,0.0,PREDATOR_WIN,0,1,0.0,54.01250000000031
1976,-2.3699999999999934,350,0.0,PREY_WIN,1,0,100.0,0.0
1977,-3.4999999999999694,350,0.0,PREY_WIN,1,1,100.0,3.400000000000311
1978,29.282499999999995,64,0.0,PREDATOR_WIN,0,1,0.0,83.35249999999999
1979,-3.4999999999999694,350,0.0,PREY_WIN,1,1,100.0,9.700000000000273
1980,-2.3799999999999932,350,0.0,PREY_WIN,1,0,100.0,0.0
1981,-2.53999999999999,350,0.0,PREY_WIN,1,0,100.0,0.0
1982,-2.1199999999999988,350,0.0,PREY_WIN,1,0,100.0,0.0
1983,-2.159999999999998,350,0.0,PREY_WIN,1,0,100.0,0.0
1984,-2.1899999999999973,350,0.0,PREY_WIN,1,0,100.0,0.0
1985,-2.259999999999996,350,0.0,PREY_WIN,1,0,100.0,0.0
1986,-2.389999999999993,350,0.0,PREY_WIN,1,0,100.0,0.0
1987,-2.299999999999995,350,0.0,PREY_WIN,1,0,99.72999999999999,0.0
1988,-2.1899999999999973,350,0.0,PREY_WIN,1,0,100.0,0.0
1989,28.682499999999994,124,0.0,PREDATOR_WIN,0,1,0.0,63.55250000000021
1990,-2.959999999999981,350,0.0,PREY_WIN,1,0,100.0,0.0
1991,-3.4999999999999694,350,0.0,PREY_WIN,1,1,100.0,10.900000000000304
1992,-2.3599999999999937,350,0.0,PREY_WIN,1,0,100.0,0.0
1993,29.574999999999992,28,0.0,PREDATOR_WIN,0,1,0.0,98.40499999999994
1994,29.34499999999999,51,0.0,PREDATOR_WIN,0,1,0.0,90.24499999999989
1995,-3.3899999999999717,350,0.0,PREY_WIN,1,0,100.0,0.0
1996,28.072499999999994,185,0.0,PREDATOR_WIN,0,1,0.0,83.23249999999935
1997,29.444999999999993,41,0.0,PREDATOR_WIN,0,1,0.0,92.94499999999992
1998,-3.3499999999999726,350,0.0,PREY_WIN,1,0,100.0,0.0
1999,-2.3099999999999947,350,0.0,PREY_WIN,1,0,100.0,0.0
2000,29.22499999999999,63,0.0,PREDATOR_WIN,0,1,0.0,91.80499999999981
2001,29.33499999999999,52,0.0,PREDATOR_WIN,0,1,0.0,90.42499999999988
2002,-2.4099999999999926,350,0.0,PREY_WIN,1,0,100.0,0.0
2003,-2.7499999999999853,350,0.0,PREY_WIN,1,0,100.0,0.0
2004,-2.9399999999999813,350,0.0,PREY_WIN,1,0,100.0,0.0
2005,-2.289999999999995,350,0.0,PREY_WIN,1,0,100.0,0.0
2006,-3.139999999999977,350,0.0,PREY_WIN,1,0,100.0,0.0
2007,29.72499999999999,13,0.0,PREDATOR_WIN,0,1,0.0,100.0
2008,-3.089999999999978,350,0.0,PREY_WIN,1,0,100.0,0.0
2009,-2.3299999999999943,350,0.0,PREY_WIN,1,0,100.0,0.0
2010,-2.5899999999999888,350,0.0,PREY_WIN,1,0,100.0,0.0
2011,-2.289999999999995,350,0.0,PREY_WIN,1,0,100.0,0.0
2012,-2.3699999999999934,350,0.0,PREY_WIN,1,0,100.0,0.0
2013,27.549999999999955,130,0.0,PREDATOR_WIN,0,1,0.0,63.56000000000015
2014,-2.4099999999999926,350,0.0,PREY_WIN,1,0,100.0,0.0
2015,-3.3399999999999728,350,0.0,PREY_WIN,1,0,100.0,0.0
2016,-2.959999999999981,350,0.0,PREY_WIN,1,0,100.0,0.0
2017,-2.3199999999999945,350,0.0,PREY_WIN,1,0,100.0,0.0
2018,28.562499999999993,136,0.0,PREDATOR_WIN,0,1,0.0,59.11250000000027
2019,-2.5999999999999885,350,0.0,PREY_WIN,1,0,100.0,0.0
2020,-2.4599999999999915,350,0.0,PREY_WIN,1,0,100.0,0.0
2021,-2.1699999999999977,350,0.0,PREY_WIN,1,0,100.0,0.0
2022,-2.479999999999991,350,0.0,PREY_WIN,1,0,100.0,0.0
2023,-2.1699999999999977,350,0.0,PREY_WIN,1,0,100.0,0.0
2024,-2.1399999999999983,350,0.0,PREY_WIN,1,0,100.0,0.0
2025,-2.299999999999995,350,0.0,PREY_WIN,1,0,100.0,0.0
2026,-2.429999999999992,350,0.0,PREY_WIN,1,0,100.0,0.0
2027,-2.1699999999999977,350,0.0,PREY_WIN,1,0,100.0,0.0
2028,-2.2199999999999966,350,0.0,PREY_WIN,1,0,100.0,0.0
2029,-2.2199999999999966,350,0.0,PREY_WIN,1,0,100.0,0.0
2030,-2.249999999999996,350,0.0,PREY_WIN,1,0,100.0,0.0
2031,-2.259999999999996,350,0.0,PREY_WIN,1,0,100.0,0.0
2032,-2.2199999999999966,350,0.0,PREY_WIN,1,0,100.0,0.0
2033,-2.209999999999997,350,0.0,PREY_WIN,1,0,100.0,0.0
2034,-2.1899999999999973,350,0.0,PREY_WIN,1,0,100.0,0.0
2035,-2.2299999999999964,350,0.0,PREY_WIN,1,0,100.0,0.0
2036,29.902499999999993,2,0.0,PREDATOR_WIN,0,1,0.0,100.0
2037,-2.2299999999999964,350,0.0,PREY_WIN,1,0,100.0,0.0
2038,-2.209999999999997,350,0.0,PREY_WIN,1,0,100.0,0.0
2039,-2.2299999999999964,350,0.0,PREY_WIN,1,0,100.0,0.0
2040,-2.149999999999998,350,0.0,PREY_WIN,1,0,100.0,0.0
2041,28.622499999999995,130,0.0,PREDATOR_WIN,0,1,0.0,60.13250000000027
2042,-3.4999999999999694,350,0.0,PREY_WIN,1,1,100.0,31.000000000000146
2043,28.492499999999993,143,0.0,PREDATOR_WIN,0,1,0.0,65.47250000000014
2044,-3.4899999999999696,350,0.0,PREY_WIN,1,0,100.0,0.0
2045,-3.4999999999999694,350,0.0,PREY_WIN,1,1,99.72999999999999,28.600000000000403
2046,-3.1099999999999777,350,0.0,PREY_WIN,1,0,100.0,0.0
2047,-3.4999999999999694,350,0.0,PREY_WIN,1,1,100.0,2.5000000000001323
2048,-2.289999999999995,350,0.0,PREY_WIN,1,0,99.72999999999999,0.0
2049,-2.199999999999997,350,0.0,PREY_WIN,1,0,100.0,0.0
2050,28.862499999999994,106,0.0,PREDATOR_WIN,0,1,0.0,70.51250000000012
2051,-3.4099999999999713,350,0.0,PREY_WIN,1,0,100.0,0.0
2052,-3.189999999999976,350,0.0,PREY_WIN,1,0,100.0,0.0
2053,-3.0799999999999783,350,0.0,PREY_WIN,1,0,100.0,0.0
2054,-2.259999999999996,350,0.0,PREY_WIN,1,0,100.0,0.0
2055,29.762499999999996,16,0.0,PREDATOR_WIN,0,1,0.0,100.0
2056,-2.579999999999989,350,0.0,PREY_WIN,1,0,100.0,0.0
2057,-2.249999999999996,350,0.0,PREY_WIN,1,0,100.0,0.0
2058,-2.1799999999999975,350,0.0,PREY_WIN,1,0,100.0,0.0
2059,-2.1699999999999977,350,0.0,PREY_WIN,1,0,100.0,0.0
2060,-2.1699999999999977,350,0.0,PREY_WIN,1,0,100.0,0.0
2061,-2.349999999999994,350,0.0,PREY_WIN,1,0,100.0,0.0
2062,-2.4199999999999924,350,0.0,PREY_WIN,1,0,100.0,0.0
2063,29.79499999999999,6,0.0,PREDATOR_WIN,0,1,0.0,100.0
2064,-2.2299999999999964,350,0.0,PREY_WIN,1,0,100.0,0.0
2065,29.804999999999993,5,0.0,PREDATOR_WIN,0,1,0.0,100.0
2066,-2.53999999999999,350,0.0,PREY_WIN,1,0,99.72999999999999,0.0
2067,-2.249999999999996,350,0.0,PREY_WIN,1,0,100.0,0.0
2068,-2.289999999999995,350,0.0,PREY_WIN,1,0,100.0,0.0
2069,-2.239999999999996,350,0.0,PREY_WIN,1,0,100.0,0.0
2070,-2.159999999999998,350,0.0,PREY_WIN,1,0,100.0,0.0
2071,-2.199999999999997,350,0.0,PREY_WIN,1,0,100.0,0.0
2072,-2.1899999999999973,350,0.0,PREY_WIN,1,0,100.0,0.0
2073,-2.1299999999999986,350,0.0,PREY_WIN,1,0,100.0,0.0
2074,-2.199999999999997,350,0.0,PREY_WIN,1,0,100.0,0.0
2075,-2.5199999999999902,350,0.0,PREY_WIN,1,0,100.0,0.0
2076,-2.249999999999996,350,0.0,PREY_WIN,1,0,100.0,0.0
2077,-2.209999999999997,350,0.0,PREY_WIN,1,0,100.0,0.0
2078,-2.3799999999999932,350,0.0,PREY_WIN,1,0,100.0,0.0
2079,-2.3599999999999937,350,0.0,PREY_WIN,1,0,100.0,0.0
2080,-2.239999999999996,350,0.0,PREY_WIN,1,0,100.0,0.0
2081,-2.199999999999997,350,0.0,PREY_WIN,1,0,100.0,0.0
2082,-2.1699999999999977,350,0.0,PREY_WIN,1,0,100.0,0.0
2083,29.862499999999994,3,0.0,PREDATOR_WIN,0,1,0.0,100.0
2084,-2.209999999999997,350,0.0,PREY_WIN,1,0,100.0,0.0
2085,28.742499999999993,118,0.0,PREDATOR_WIN,0,1,0.0,64.57250000000022
2086,-3.0799999999999783,350,0.0,PREY_WIN,1,0,100.0,0.0
2087,27.802499999999995,212,0.0,PREDATOR_WIN,0,1,0.0,59.892499999999906
2088,28.792499999999993,113,0.0,PREDATOR_WIN,0,1,0.0,78.97249999999983
2089,28.217499999999987,157,0.0,PREDATOR_WIN,0,1,0.0,62.45750000000001
2090,-3.4999999999999694,350,0.0,PREY_WIN,1,1,100.0,12.699999999999994
2091,-3.4999999999999694,350,0.0,PREY_WIN,1,1,100.0,24.100000000000033
2092,-3.4999999999999694,350,0.0,PREY_WIN,1,1,100.0,20.50000000000007
2093,-2.579999999999989,350,0.0,PREY_WIN,1,0,100.0,0.0
2094,-2.5899999999999888,350,0.0,PREY_WIN,1,0,100.0,0.0
2095,-2.709999999999986,350,0.0,PREY_WIN,1,0,100.0,0.0
2096,-2.5599999999999894,350,0.0,PREY_WIN,1,0,100.0,0.0
2097,-2.489999999999991,350,0.0,PREY_WIN,1,0,100.0,0.0
2098,-2.6599999999999873,350,0.0,PREY_WIN,1,0,100.0,0.0
2099,29.902499999999993,2,0.0,PREDATOR_WIN,0,1,0.0,100.0
2100,-2.2699999999999956,350,0.0,PREY_WIN,1,0,100.0,0.0
2101,29.194999999999993,66,0.0,PREDATOR_WIN,0,1,0.0,84.84499999999994
2102,-3.329999999999973,350,0.0,PREY_WIN,1,0,100.0,0.0
2103,29.592499999999994,33,0.0,PREDATOR_WIN,0,1,0.0,99.0724999999999
2104,27.802499999999995,212,0.0,PREDATOR_WIN,0,1,0.0,45.192500000000265
2105,-2.289999999999995,350,0.0,PREY_WIN,1,0,100.0,0.0
2106,-3.4999999999999694,350,0.0,PREY_WIN,1,1,100.0,1.000000000000095
2107,29.902499999999993,2,0.0,PREDATOR_WIN,0,1,0.0,100.0
2108,29.05249999999999,81,0.0,PREDATOR_WIN,0,1,0.0,81.85249999999994
2109,-2.6099999999999883,350,0.0,PREY_WIN,1,0,100.0,0.0
2110,29.11749999999999,67,0.0,PREDATOR_WIN,0,1,0.0,82.85749999999999
2111,28.512499999999992,141,0.0,PREDATOR_WIN,0,1,0.0,64.21250000000023
2112,-3.4999999999999694,350,0.0,PREY_WIN,1,1,100.0,2.799999999999626
2113,-3.4999999999999694,350,0.0,PREY_WIN,1,1,100.0,4.900000000000212
2114,-2.9199999999999817,350,0.0,PREY_WIN,1,0,100.0,0.0
2115,-2.819999999999984,350,0.0,PREY_WIN,1,0,100.0,0.0
2116,-2.9399999999999813,350,0.0,PREY_WIN,1,0,100.0,0.0
2117,29.092499999999994,83,0.0,PREDATOR_WIN,0,1,0.0,77.77250000000004
2118,29.824999999999992,3,0.0,PREDATOR_WIN,0,1,0.0,100.0
2119,-2.2299999999999964,350,0.0,PREY_WIN,1,0,100.0,0.0
2120,-2.7399999999999856,350,0.0,PREY_WIN,1,0,100.0,0.0
2121,-2.569999999999989,350,0.0,PREY_WIN,1,0,100.0,0.0
2122,28.959999999999987,73,0.0,PREDATOR_WIN,0,1,0.0,82.93999999999994
2123,-2.569999999999989,350,0.0,PREY_WIN,1,0,100.0,0.0
2124,-2.439999999999992,350,0.0,PREY_WIN,1,0,100.0,0.0
2125,-2.7899999999999845,350,0.0,PREY_WIN,1,0,100.0,0.0
2126,-2.389999999999993,350,0.0,PREY_WIN,1,0,100.0,0.0
2127,-2.3799999999999932,350,0.0,PREY_WIN,1,0,100.0,0.0
2128,-2.869999999999983,350,0.0,PREY_WIN,1,0,100.0,0.0
2129,-2.3099999999999947,350,0.0,PREY_WIN,1,0,100.0,0.0
2130,-2.4099999999999926,350,0.0,PREY_WIN,1,0,99.72999999999999,0.0
2131,-2.209999999999997,350,0.0,PREY_WIN,1,0,100.0,0.0
2132,-2.1899999999999973,350,0.0,PREY_WIN,1,0,100.0,0.0
2133,29.979999999999997,1,0.0,PREDATOR_WIN,0,1,0.0,100.0
2134,-2.199999999999997,350,0.0,PREY_WIN,1,0,100.0,0.0
2135,-2.1799999999999975,350,0.0,PREY_WIN,1,0,100.0,0.0
2136,-2.259999999999996,350,0.0,PREY_WIN,1,0,100.0,0.0
2137,-2.2299999999999964,350,0.0,PREY_WIN,1,0,100.0,0.0
2138,-2.209999999999997,350,0.0,PREY_WIN,1,0,100.0,0.0
2139,-2.2199999999999966,350,0.0,PREY_WIN,1,0,100.0,0.0
2140,-2.159999999999998,350,0.0,PREY_WIN,1,0,100.0,0.0
2141,-2.239999999999996,350,0.0,PREY_WIN,1,0,100.0,0.0
2142,-2.289999999999995,350,0.0,PREY_WIN,1,0,100.0,0.0
2143,-2.159999999999998,350,0.0,PREY_WIN,1,0,100.0,0.0
2144,-2.249999999999996,350,0.0,PREY_WIN,1,0,100.0,0.0
2145,28.762499999999992,116,0.0,PREDATOR_WIN,0,1,0.0,65.4125000000002
2146,-3.239999999999975,350,0.0,PREY_WIN,1,0,100.0,0.0
2147,-3.47999999999997,350,0.0,PREY_WIN,1,0,100.0,0.0
2148,29.784999999999993,7,0.0,PREDATOR_WIN,0,1,0.0,100.0
2149,-3.4099999999999713,350,0.0,PREY_WIN,1,0,100.0,0.0
2150,-3.4999999999999694,350,0.0,PREY_WIN,1,1,100.0,14.500000000000066
2151,29.72499999999999,13,0.0,PREDATOR_WIN,0,1,0.0,100.0
2152,29.882499999999993,4,0.0,PREDATOR_WIN,0,1,0.0,100.0
2153,28.942499999999995,98,0.0,PREDATOR_WIN,0,1,0.0,69.07250000000016
2154,-3.4999999999999694,350,0.0,PREY_WIN,1,1,100.0,15.100000000000346
2155,-3.4999999999999694,350,0.0,PREY_WIN,1,1,100.0,39.69999999999985
2156,-3.4999999999999694,350,0.0,PREY_WIN,1,1,100.0,4.000000000000364
2157,-3.3099999999999734,350,0.0,PREY_WIN,1,0,100.0,0.0
2158,-2.5099999999999905,350,0.0,PREY_WIN,1,0,100.0,0.0
2159,-2.7299999999999858,350,0.0,PREY_WIN,1,0,100.0,0.0
2160,28.262499999999992,166,0.0,PREDATOR_WIN,0,1,0.0,82.51249999999966
2161,-3.1099999999999777,350,0.0,PREY_WIN,1,0,100.0,0.0
2162,-2.8299999999999836,350,0.0,PREY_WIN,1,0,100.0,0.0
2163,-2.7899999999999845,350,0.0,PREY_WIN,1,0,100.0,0.0
2164,-2.389999999999993,350,0.0,PREY_WIN,1,0,100.0,0.0
2165,-2.259999999999996,350,0.0,PREY_WIN,1,0,100.0,0.0
2166,-2.479999999999991,350,0.0,PREY_WIN,1,0,100.0,0.0
2167,-2.209999999999997,350,0.0,PREY_WIN,1,0,100.0,0.0
2168,29.824999999999992,3,0.0,PREDATOR_WIN,0,1,0.0,100.0
2169,-2.3599999999999937,350,0.0,PREY_WIN,1,0,100.0,0.0
2170,-2.339999999999994,350,0.0,PREY_WIN,1,0,100.0,0.0
2171,-2.299999999999995,350,0.0,PREY_WIN,1,0,100.0,0.0
2172,-2.2799999999999954,350,0.0,PREY_WIN,1,0,100.0,0.0
2173,28.702499999999993,122,0.0,PREDATOR_WIN,0,1,0.0,63.19250000000023
2174,-3.2999999999999736,350,0.0,PREY_WIN,1,0,100.0,0.0
2175,-2.4699999999999913,350,0.0,PREY_WIN,1,0,100.0,0.0
2176,-2.2799999999999954,350,0.0,PREY_WIN,1,0,100.0,0.0
2177,29.804999999999993,5,0.0,PREDATOR_WIN,0,1,0.0,100.0
2178,-2.4099999999999926,350,0.0,PREY_WIN,1,0,100.0,0.0
2179,28.78249999999999,114,0.0,PREDATOR_WIN,0,1,0.0,65.3525000000002
2180,-3.289999999999974,350,0.0,PREY_WIN,1,0,100.0,0.0
2181,-2.579999999999989,350,0.0,PREY_WIN,1,0,100.0,0.0
2182,-2.7899999999999845,350,0.0,PREY_WIN,1,0,100.0,0.0
2183,-2.8299999999999836,350,0.0,PREY_WIN,1,0,100.0,0.0
2184,-2.159999999999998,350,0.0,PREY_WIN,1,0,100.0,0.0
2185,-2.6099999999999883,350,0.0,PREY_WIN,1,0,100.0,0.0
2186,-2.669999999999987,350,0.0,PREY_WIN,1,0,100.0,0.0
2187,-2.1399999999999983,350,0.0,PREY_WIN,1,0,100.0,0.0
2188,-2.199999999999997,350,0.0,PREY_WIN,1,0,100.0,0.0
2189,-2.2699999999999956,350,0.0,PREY_WIN,1,0,100.0,0.0
2190,28.742499999999993,118,0.0,PREDATOR_WIN,0,1,0.0,64.2725000000002
2191,-2.8899999999999824,350,0.0,PREY_WIN,1,0,100.0,0.0
2192,-3.3899999999999717,350,0.0,PREY_WIN,1,0,100.0,0.0
2193,29.572499999999984,8,0.0,PREDATOR_WIN,0,1,0.0,100.0
2194,28.442499999999992,148,0.0,PREDATOR_WIN,0,1,0.0,73.27250000000001
2195,-3.3399999999999728,350,0.0,PREY_WIN,1,0,100.0,0.0
2196,-3.4999999999999694,350,0.0,PREY_WIN,1,1,100.0,12.10000000000032
2197,-2.5899999999999888,350,0.0,PREY_WIN,1,0,100.0,0.0
2198,-2.819999999999984,350,0.0,PREY_WIN,1,0,100.0,0.0
2199,29.262499999999996,66,0.0,PREDATOR_WIN,0,1,0.0,83.11249999999998
2200,-2.6399999999999877,350,0.0,PREY_WIN,1,0,100.0,0.0
2201,-2.709999999999986,350,0.0,PREY_WIN,1,0,100.0,0.0
2202,29.54499999999999,31,0.0,PREDATOR_WIN,0,1,0.0,97.14499999999994
2203,28.642499999999952,20,0.0,PREDATOR_WIN,0,1,0.0,100.0
2204,27.352500000000003,254,0.0,PREDATOR_WIN,0,1,0.0,27.222500000000245
2205,-3.4999999999999694,350,0.0,PREY_WIN,1,1,100.0,11.799999999999784
2206,29.872499999999995,5,0.0,PREDATOR_WIN,0,1,0.0,100.0
2207,29.72499999999999,13,0.0,PREDATOR_WIN,0,1,0.0,100.0
2208,29.892499999999995,3,0.0,PREDATOR_WIN,0,1,0.0,100.0
2209,29.43749999999998,8,0.0,PREDATOR_WIN,0,1,0.0,100.0
2210,-3.4999999999999694,350,0.0,PREY_WIN,1,1,100.0,13.599999999999953
2211,27.83499999999995,94,0.0,PREDATOR_WIN,0,1,0.0,77.70499999999996
2212,-3.4999999999999694,350,0.0,PREY_WIN,1,1,100.0,0.39999999999980734
2213,29.909999999999997,8,0.0,PREDATOR_WIN,0,1,0.0,100.0
2214,-2.6099999999999883,350,0.0,PREY_WIN,1,0,100.0,0.0
2215,-2.5599999999999894,350,0.0,PREY_WIN,1,0,100.0,0.0
2216,29.694999999999993,16,0.0,PREDATOR_WIN,0,1,0.0,100.0
2217,-2.239999999999996,350,0.0,PREY_WIN,1,0,100.0,0.0
2218,-2.4199999999999924,350,0.0,PREY_WIN,1,0,100.0,0.0
2219,-2.719999999999986,350,0.0,PREY_WIN,1,0,100.0,0.0
2220,-2.209999999999997,350,0.0,PREY_WIN,1,0,100.0,0.0
2221,-2.339999999999994,350,0.0,PREY_WIN,1,0,100.0,0.0
2222,-2.339999999999994,350,0.0,PREY_WIN,1,0,100.0,0.0
2223,-2.199999999999997,350,0.0,PREY_WIN,1,0,100.0,0.0
2224,28.202499999999993,172,0.0,PREDATOR_WIN,0,1,0.0,45.192500000000265
2225,29.669999999999987,5,0.0,PREDATOR_WIN,0,1,0.0,100.0
2226,-2.7799999999999847,350,0.0,PREY_WIN,1,0,100.0,0.0
2227,-3.1599999999999766,350,0.0,PREY_WIN,1,0,100.0,0.0
2228,-3.3399999999999728,350,0.0,PREY_WIN,1,0,100.0,0.0
2229,29.852499999999996,7,0.0,PREDATOR_WIN,0,1,0.0,100.0
2230,-2.7399999999999856,350,0.0,PREY_WIN,1,0,100.0,0.0
2231,29.032499999999995,89,0.0,PREDATOR_WIN,0,1,0.0,73.15250000000012
2232,28.572499999999994,135,0.0,PREDATOR_WIN,0,1,0.0,77.53249999999991
2233,29.002499999999994,92,0.0,PREDATOR_WIN,0,1,0.0,79.09249999999994
2234,27.052500000000013,287,0.0,PREDATOR_WIN,0,1,0.0,45.49250000000045
2235,-3.289999999999974,350,0.0,PREY_WIN,1,0,100.0,0.0
2236,-3.4999999999999694,350,0.0,PREY_WIN,1,1,100.0,10.300000000000272
2237,-3.4999999999999694,350,0.0,PREY_WIN,1,1,100.0,12.100000000000174
2238,-2.8899999999999824,350,0.0,PREY_WIN,1,0,100.0,0.0
2239,-3.4999999999999694,350,0.0,PREY_WIN,1,1,100.0,4.900000000000155
2240,29.624999999999993,23,0.0,PREDATOR_WIN,0,1,0.0,100.0
2241,29.74499999999999,11,0.0,PREDATOR_WIN,0,1,0.0,100.0
2242,-3.4999999999999694,350,0.0,PREY_WIN,1,1,100.0,15.39999999999973
2243,-3.4999999999999694,350,0.0,PREY_WIN,1,1,100.0,6.999999999999984
2244,-3.429999999999971,350,0.0,PREY_WIN,1,0,100.0,0.0
2245,-3.179999999999976,350,0.0,PREY_WIN,1,0,100.0,0.0
2246,-2.3099999999999947,350,0.0,PREY_WIN,1,0,100.0,0.0
2247,-3.149999999999977,350,0.0,PREY_WIN,1,0,100.0,0.0
2248,-2.5199999999999902,350,0.0,PREY_WIN,1,0,100.0,0.0
2249,-2.3099999999999947,350,0.0,PREY_WIN,1,0,99.72999999999999,0.0
2250,-2.259999999999996,350,0.0,PREY_WIN,1,0,100.0,0.0
2251,-2.2299999999999964,350,0.0,PREY_WIN,1,0,100.0,0.0
2252,-3.2599999999999745,350,0.0,PREY_WIN,1,0,100.0,0.0
2253,-3.45999999999997,350,0.0,PREY_WIN,1,0,100.0,0.0
2254,-2.8899999999999824,350,0.0,PREY_WIN,1,0,100.0,0.0
2255,-2.5099999999999905,350,0.0,PREY_WIN,1,0,100.0,0.0
2256,-2.1799999999999975,350,0.0,PREY_WIN,1,0,100.0,0.0
2257,-2.9899999999999802,350,0.0,PREY_WIN,1,0,100.0,0.0
2258,-2.569999999999989,350,0.0,PREY_WIN,1,0,100.0,0.0
2259,-2.6399999999999877,350,0.0,PREY_WIN,1,0,100.0,0.0
2260,-3.3599999999999723,350,0.0,PREY_WIN,1,0,100.0,0.0
2261,-2.9899999999999802,350,0.0,PREY_WIN,1,0,100.0,0.0
2262,-2.6999999999999864,350,0.0,PREY_WIN,1,0,100.0,0.0
2263,-2.249999999999996,350,0.0,PREY_WIN,1,0,100.0,0.0
2264,-2.209999999999997,350,0.0,PREY_WIN,1,0,100.0,0.0
2265,-2.2199999999999966,350,0.0,PREY_WIN,1,0,100.0,0.0
2266,-2.209999999999997,350,0.0,PREY_WIN,1,0,100.0,0.0
2267,-2.239999999999996,350,0.0,PREY_WIN,1,0,99.72999999999999,0.0
2268,-2.2199999999999966,350,0.0,PREY_WIN,1,0,100.0,0.0
2269,-2.199999999999997,350,0.0,PREY_WIN,1,0,100.0,0.0
2270,-2.3599999999999937,350,0.0,PREY_WIN,1,0,100.0,0.0
2271,-2.4199999999999924,350,0.0,PREY_WIN,1,0,100.0,0.0
2272,-2.159999999999998,350,0.0,PREY_WIN,1,0,100.0,0.0
2273,-2.239999999999996,350,0.0,PREY_WIN,1,0,100.0,0.0
2274,-2.1799999999999975,350,0.0,PREY_WIN,1,0,100.0,0.0
2275,-2.2699999999999956,350,0.0,PREY_WIN,1,0,100.0,0.0
2276,-2.249999999999996,350,0.0,PREY_WIN,1,0,100.0,0.0
2277,-2.239999999999996,350,0.0,PREY_WIN,1,0,100.0,0.0
2278,-2.249999999999996,350,0.0,PREY_WIN,1,0,100.0,0.0
2279,-2.1799999999999975,350,0.0,PREY_WIN,1,0,100.0,0.0
2280,-2.3599999999999937,350,0.0,PREY_WIN,1,0,100.0,0.0
2281,-2.3599999999999937,350,0.0,PREY_WIN,1,0,100.0,0.0
2282,-2.2199999999999966,350,0.0,PREY_WIN,1,0,100.0,0.0
2283,-2.239999999999996,350,0.0,PREY_WIN,1,0,100.0,0.0
2284,-2.289999999999995,350,0.0,PREY_WIN,1,0,100.0,0.0
2285,29.232499999999995,69,0.0,PREDATOR_WIN,0,1,0.0,82.75249999999997
2286,-2.239999999999996,350,0.0,PREY_WIN,1,0,100.0,0.0
2287,-2.759999999999985,350,0.0,PREY_WIN,1,0,100.0,0.0
2288,-2.429999999999992,350,0.0,PREY_WIN,1,0,100.0,0.0
2289,-3.00999999999998,350,0.0,PREY_WIN,1,0,100.0,0.0
2290,-2.339999999999994,350,0.0,PREY_WIN,1,0,100.0,0.0
2291,-2.099999999999999,350,0.0,PREY_WIN,1,0,100.0,0.0
2292,-2.339999999999994,350,0.0,PREY_WIN,1,0,100.0,0.0
2293,-2.339999999999994,350,0.0,PREY_WIN,1,0,100.0,0.0
2294,29.112499999999994,81,0.0,PREDATOR_WIN,0,1,0.0,79.2125
2295,-3.3599999999999723,350,0.0,PREY_WIN,1,0,100.0,0.0
2296,-2.8799999999999826,350,0.0,PREY_WIN,1,0,100.0,0.0
2297,28.14249999999999,178,0.0,PREDATOR_WIN,0,1,0.0,53.77250000000036
2298,-3.4999999999999694,350,0.0,PREY_WIN,1,1,100.0,15.400000000000194
2299,27.952499999999993,197,0.0,PREDATOR_WIN,0,1,0.0,67.09250000000017
2300,-2.0400000000000005,350,0.0,PREY_WIN,1,0,100.0,0.0
2301,-3.3099999999999734,350,0.0,PREY_WIN,1,0,100.0,0.0
2302,-3.4999999999999694,350,0.0,PREY_WIN,1,1,100.0,3.0999999999998797
2303,-2.4099999999999926,350,0.0,PREY_WIN,1,0,100.0,0.0
2304,-2.3799999999999932,350,0.0,PREY_WIN,1,0,100.0,0.0
2305,-2.6599999999999873,350,0.0,PREY_WIN,1,0,100.0,0.0
2306,29.72499999999999,13,0.0,PREDATOR_WIN,0,1,0.0,100.0
2307,27.719999999999963,146,0.0,PREDATOR_WIN,0,1,0.0,51.770000000000266
2308,-2.5599999999999894,350,0.0,PREY_WIN,1,0,100.0,0.0
2309,-3.4999999999999694,350,0.0,PREY_WIN,1,1,100.0,0.4000000000002976
2310,29.694999999999993,16,0.0,PREDATOR_WIN,0,1,0.0,100.0
2311,-3.4999999999999694,350,0.0,PREY_WIN,1,1,100.0,0.10000000000038395
2312,28.939999999999998,105,0.0,PREDATOR_WIN,0,1,0.0,71.3000000000001
2313,-2.619999999999988,350,0.0,PREY_WIN,1,0,100.0,0.0
2314,-3.0199999999999796,350,0.0,PREY_WIN,1,0,100.0,0.0
2315,-3.4399999999999706,350,0.0,PREY_WIN,1,0,100.0,0.0
2316,29.784999999999993,7,0.0,PREDATOR_WIN,0,1,0.0,100.0
2317,-2.8899999999999824,350,0.0,PREY_WIN,1,0,100.0,0.0
2318,-2.569999999999989,350,0.0,PREY_WIN,1,0,100.0,0.0
2319,-2.1399999999999983,350,0.0,PREY_WIN,1,0,100.0,0.0
2320,-2.1799999999999975,350,0.0,PREY_WIN,1,0,100.0,0.0
2321,-2.3599999999999937,350,0.0,PREY_WIN,1,0,100.0,0.0
2322,-2.1899999999999973,350,0.0,PREY_WIN,1,0,100.0,0.0
2323,-2.3099999999999947,350,0.0,PREY_WIN,1,0,100.0,0.0
2324,-2.1899999999999973,350,0.0,PREY_WIN,1,0,100.0,0.0
2325,-2.4599999999999915,350,0.0,PREY_WIN,1,0,99.72999999999999,0.0
2326,-2.2299999999999964,350,0.0,PREY_WIN,1,0,100.0,0.0
2327,-2.349999999999994,350,0.0,PREY_WIN,1,0,100.0,0.0
2328,-2.239999999999996,350,0.0,PREY_WIN,1,0,100.0,0.0
2329,28.359999999999964,79,0.0,PREDATOR_WIN,0,1,0.0,80.47999999999996
2330,-2.259999999999996,350,0.0,PREY_WIN,1,0,100.0,0.0
2331,28.36499999999999,149,0.0,PREDATOR_WIN,0,1,0.0,47.885000000000275
2332,-3.4999999999999694,350,0.0,PREY_WIN,1,1,100.0,15.999999999999943
2333,-3.4999999999999694,350,0.0,PREY_WIN,1,1,100.0,26.20000000000011
2334,-3.4999999999999694,350,0.0,PREY_WIN,1,1,100.0,22.30000000000015
2335,-2.9399999999999813,350,0.0,PREY_WIN,1,0,100.0,0.0
2336,-2.239999999999996,350,0.0,PREY_WIN,1,0,100.0,0.0
2337,-2.0899999999999994,350,0.0,PREY_WIN,1,0,100.0,0.0
2338,-2.4699999999999913,350,0.0,PREY_WIN,1,0,100.0,0.0
2339,-2.259999999999996,350,0.0,PREY_WIN,1,0,99.72999999999999,0.0
2340,-2.249999999999996,350,0.0,PREY_WIN,1,0,100.0,0.0
2341,-2.1699999999999977,350,0.0,PREY_WIN,1,0,100.0,0.0
2342,-2.239999999999996,350,0.0,PREY_WIN,1,0,99.72999999999999,0.0
2343,-2.1899999999999973,350,0.0,PREY_WIN,1,0,99.63999999999999,0.0
2344,29.29499999999999,56,0.0,PREDATOR_WIN,0,1,0.0,93.84499999999983
2345,-2.3599999999999937,350,0.0,PREY_WIN,1,0,100.0,0.0
2346,-3.0799999999999783,350,0.0,PREY_WIN,1,0,100.0,0.0
2347,28.762499999999992,116,0.0,PREDATOR_WIN,0,1,0.0,81.31249999999983
2348,29.072499999999994,85,0.0,PREDATOR_WIN,0,1,0.0,75.13250000000009
2349,-3.4999999999999694,350,0.0,PREY_WIN,1,1,100.0,16.599999999999994
2350,28.272499999999994,165,0.0,PREDATOR_WIN,0,1,0.0,73.33249999999967
2351,-2.1399999999999983,350,0.0,PREY_WIN,1,0,100.0,0.0
2352,-3.2999999999999736,350,0.0,PREY_WIN,1,0,100.0,0.0
2353,-3.4999999999999694,350,0.0,PREY_WIN,1,1,100.0,10.600000000000007
2354,29.604999999999993,25,0.0,PREDATOR_WIN,0,1,0.0,99.66499999999995
2355,-2.4599999999999915,350,0.0,PREY_WIN,1,0,100.0,0.0
2356,-3.4999999999999694,350,0.0,PREY_WIN,1,1,100.0,3.0999999999998797
2357,-3.4899999999999696,350,0.0,PREY_WIN,1,0,100.0,0.0
2358,29.969999999999995,2,0.0,PREDATOR_WIN,0,1,0.0,100.0
2359,-2.249999999999996,350,0.0,PREY_WIN,1,0,100.0,0.0
2360,-2.3299999999999943,350,0.0,PREY_WIN,1,0,100.0,0.0
2361,-2.259999999999996,350,0.0,PREY_WIN,1,0,100.0,0.0
2362,-2.6599999999999873,350,0.0,PREY_WIN,1,0,100.0,0.0
2363,-2.339999999999994,350,0.0,PREY_WIN,1,0,100.0,0.0
2364,-2.3699999999999934,350,0.0,PREY_WIN,1,0,100.0,0.0
2365,-2.2299999999999964,350,0.0,PREY_WIN,1,0,100.0,0.0
2366,-2.2299999999999964,350,0.0,PREY_WIN,1,0,99.72999999999999,0.0
2367,-2.289999999999995,350,0.0,PREY_WIN,1,0,100.0,0.0
2368,-2.4599999999999915,350,0.0,PREY_WIN,1,0,100.0,0.0
2369,-2.209999999999997,350,0.0,PREY_WIN,1,0,100.0,0.0
2370,29.22499999999999,63,0.0,PREDATOR_WIN,0,1,0.0,86.1049999999999
2371,-3.4099999999999713,350,0.0,PREY_WIN,1,0,100.0,0.0
2372,-3.4899999999999696,350,0.0,PREY_WIN,1,0,100.0,0.0
2373,29.56499999999999,29,0.0,PREDATOR_WIN,0,1,0.0,97.98499999999994
2374,-3.1299999999999772,350,0.0,PREY_WIN,1,0,100.0,0.0
2375,-2.7399999999999856,350,0.0,PREY_WIN,1,0,100.0,0.0
2376,-3.2599999999999745,350,0.0,PREY_WIN,1,0,100.0,0.0
2377,-2.809999999999984,350,0.0,PREY_WIN,1,0,100.0,0.0
2378,29.36499999999999,49,0.0,PREDATOR_WIN,0,1,0.0,91.68499999999989
2379,-3.3599999999999723,350,0.0,PREY_WIN,1,0,100.0,0.0
2380,-2.899999999999982,350,0.0,PREY_WIN,1,0,100.0,0.0
2381,-2.9199999999999817,350,0.0,PREY_WIN,1,0,100.0,0.0
2382,-2.4699999999999913,350,0.0,PREY_WIN,1,0,100.0,0.0
2383,-2.4099999999999926,350,0.0,PREY_WIN,1,0,100.0,0.0
2384,29.732499999999995,19,0.0,PREDATOR_WIN,0,1,0.0,100.0
2385,-2.389999999999993,350,0.0,PREY_WIN,1,0,100.0,0.0
2386,-2.1899999999999973,350,0.0,PREY_WIN,1,0,100.0,0.0
2387,-2.239999999999996,350,0.0,PREY_WIN,1,0,100.0,0.0
2388,-2.259999999999996,350,0.0,PREY_WIN,1,0,100.0,0.0
2389,-2.4999999999999907,350,0.0,PREY_WIN,1,0,100.0,0.0
2390,-2.209999999999997,350,0.0,PREY_WIN,1,0,100.0,0.0
2391,-2.5099999999999905,350,0.0,PREY_WIN,1,0,100.0,0.0
2392,-2.209999999999997,350,0.0,PREY_WIN,1,0,100.0,0.0
2393,-2.1899999999999973,350,0.0,PREY_WIN,1,0,100.0,0.0
2394,-2.3599999999999937,350,0.0,PREY_WIN,1,0,100.0,0.0
2395,-2.2199999999999966,350,0.0,PREY_WIN,1,0,100.0,0.0
2396,-2.1799999999999975,350,0.0,PREY_WIN,1,0,100.0,0.0
2397,-2.239999999999996,350,0.0,PREY_WIN,1,0,100.0,0.0
2398,-2.1899999999999973,350,0.0,PREY_WIN,1,0,100.0,0.0
2399,28.304999999999982,128,0.0,PREDATOR_WIN,0,1,0.0,62.13500000000023
2400,-2.959999999999981,350,0.0,PREY_WIN,1,0,100.0,0.0
2401,29.882499999999993,4,0.0,PREDATOR_WIN,0,1,0.0,100.0
2402,-3.2099999999999755,350,0.0,PREY_WIN,1,0,100.0,0.0
2403,-3.1699999999999764,350,0.0,PREY_WIN,1,0,100.0,0.0
2404,-2.3099999999999947,350,0.0,PREY_WIN,1,0,100.0,0.0
2405,-2.389999999999993,350,0.0,PREY_WIN,1,0,100.0,0.0
2406,-2.3699999999999934,350,0.0,PREY_WIN,1,0,100.0,0.0
2407,-2.2199999999999966,350,0.0,PREY_WIN,1,0,100.0,0.0
2408,-2.1799999999999975,350,0.0,PREY_WIN,1,0,100.0,0.0
2409,-2.6499999999999875,350,0.0,PREY_WIN,1,0,100.0,0.0
2410,-2.3099999999999947,350,0.0,PREY_WIN,1,0,100.0,0.0
2411,29.824999999999992,3,0.0,PREDATOR_WIN,0,1,0.0,100.0
2412,-2.669999999999987,350,0.0,PREY_WIN,1,0,100.0,0.0
2413,-2.259999999999996,350,0.0,PREY_WIN,1,0,100.0,0.0
2414,-2.239999999999996,350,0.0,PREY_WIN,1,0,100.0,0.0
2415,-2.4099999999999926,350,0.0,PREY_WIN,1,0,100.0,0.0
2416,-2.52999999999999,350,0.0,PREY_WIN,1,0,100.0,0.0
2417,28.16749999999999,162,0.0,PREDATOR_WIN,0,1,0.0,45.35750000000024
2418,-3.189999999999976,350,0.0,PREY_WIN,1,0,100.0,0.0
2419,-3.4999999999999694,350,0.0,PREY_WIN,1,1,100.0,3.700000000000336
2420,-2.7999999999999843,350,0.0,PREY_WIN,1,0,100.0,0.0
2421,-3.3399999999999728,350,0.0,PREY_WIN,1,0,100.0,0.0
2422,26.877499999999973,234,0.0,PREDATOR_WIN,0,1,0.0,34.64750000000023
2423,-3.4999999999999694,350,0.0,PREY_WIN,1,1,100.0,4.300000000000261
2424,-3.00999999999998,350,0.0,PREY_WIN,1,0,100.0,0.0
2425,-3.4999999999999694,350,0.0,PREY_WIN,1,1,100.0,0.400000000000207
2426,-2.53999999999999,350,0.0,PREY_WIN,1,0,100.0,0.0
2427,-2.2199999999999966,350,0.0,PREY_WIN,1,0,100.0,0.0
2428,-2.289999999999995,350,0.0,PREY_WIN,1,0,100.0,0.0
2429,-2.3199999999999945,350,0.0,PREY_WIN,1,0,100.0,0.0
2430,28.449999999999996,151,0.0,PREDATOR_WIN,0,1,0.0,51.65000000000029
2431,-2.9399999999999813,350,0.0,PREY_WIN,1,0,100.0,0.0
2432,-3.4999999999999694,350,0.0,PREY_WIN,1,1,100.0,16.600000000000342
2433,-2.4199999999999924,350,0.0,PREY_WIN,1,0,99.72999999999999,0.0
2434,29.824999999999992,3,0.0,PREDATOR_WIN,0,1,0.0,100.0
2435,29.13749999999999,65,0.0,PREDATOR_WIN,0,1,0.0,83.69749999999996
2436,29.629999999999985,6,0.0,PREDATOR_WIN,0,1,0.0,100.0
2437,-3.3099999999999734,350,0.0,PREY_WIN,1,0,100.0,0.0
2438,28.887499999999978,60,0.0,PREDATOR_WIN,0,1,0.0,85.19749999999993
2439,-3.4899999999999696,350,0.0,PREY_WIN,1,0,100.0,0.0
2440,-3.1599999999999766,350,0.0,PREY_WIN,1,0,100.0,0.0
2441,-2.9199999999999817,350,0.0,PREY_WIN,1,0,100.0,0.0
2442,-2.289999999999995,350,0.0,PREY_WIN,1,0,100.0,0.0
2443,-2.1399999999999983,350,0.0,PREY_WIN,1,0,100.0,0.0
2444,-2.3199999999999945,350,0.0,PREY_WIN,1,0,100.0,0.0
2445,-2.239999999999996,350,0.0,PREY_WIN,1,0,100.0,0.0
2446,29.722499999999993,20,0.0,PREDATOR_WIN,0,1,0.0,100.0
2447,-2.489999999999991,350,0.0,PREY_WIN,1,0,99.72999999999999,0.0
2448,-2.4499999999999917,350,0.0,PREY_WIN,1,0,100.0,0.0
2449,-2.239999999999996,350,0.0,PREY_WIN,1,0,100.0,0.0
2450,-2.2799999999999954,350,0.0,PREY_WIN,1,0,100.0,0.0
2451,-2.4099999999999926,350,0.0,PREY_WIN,1,0,100.0,0.0
2452,-2.1899999999999973,350,0.0,PREY_WIN,1,0,100.0,0.0
2453,-2.289999999999995,350,0.0,PREY_WIN,1,0,100.0,0.0
2454,-2.1899999999999973,350,0.0,PREY_WIN,1,0,100.0,0.0
2455,-2.3199999999999945,350,0.0,PREY_WIN,1,0,100.0,0.0
2456,-2.1399999999999983,350,0.0,PREY_WIN,1,0,100.0,0.0
2457,-2.209999999999997,350,0.0,PREY_WIN,1,0,100.0,0.0
2458,-2.1699999999999977,350,0.0,PREY_WIN,1,0,100.0,0.0
2459,-2.159999999999998,350,0.0,PREY_WIN,1,0,100.0,0.0
2460,-2.6099999999999883,350,0.0,PREY_WIN,1,0,99.72999999999999,0.0
2461,-3.4999999999999694,350,0.0,PREY_WIN,1,1,100.0,4.600000000000265
2462,-2.809999999999984,350,0.0,PREY_WIN,1,0,100.0,0.0
2463,-2.159999999999998,350,0.0,PREY_WIN,1,0,100.0,0.0
2464,-3.2099999999999755,350,0.0,PREY_WIN,1,0,100.0,0.0
2465,-2.439999999999992,350,0.0,PREY_WIN,1,0,100.0,0.0
2466,-2.339999999999994,350,0.0,PREY_WIN,1,0,100.0,0.0
2467,-2.1699999999999977,350,0.0,PREY_WIN,1,0,100.0,0.0
2468,-2.1899999999999973,350,0.0,PREY_WIN,1,0,100.0,0.0
2469,-2.2199999999999966,350,0.0,PREY_WIN,1,0,100.0,0.0
2470,-2.199999999999997,350,0.0,PREY_WIN,1,0,100.0,0.0
2471,-2.1399999999999983,350,0.0,PREY_WIN,1,0,100.0,0.0
2472,-2.199999999999997,350,0.0,PREY_WIN,1,0,100.0,0.0
2473,-2.349999999999994,350,0.0,PREY_WIN,1,0,100.0,0.0
2474,-2.3299999999999943,350,0.0,PREY_WIN,1,0,100.0,0.0
2475,-2.4099999999999926,350,0.0,PREY_WIN,1,0,100.0,0.0
2476,29.824999999999992,3,0.0,PREDATOR_WIN,0,1,0.0,100.0
2477,-2.1899999999999973,350,0.0,PREY_WIN,1,0,100.0,0.0
2478,-2.2299999999999964,350,0.0,PREY_WIN,1,0,100.0,0.0
2479,-2.259999999999996,350,0.0,PREY_WIN,1,0,100.0,0.0
2480,-2.249999999999996,350,0.0,PREY_WIN,1,0,100.0,0.0
2481,-2.4599999999999915,350,0.0,PREY_WIN,1,0,100.0,0.0
2482,-3.3599999999999723,350,0.0,PREY_WIN,1,0,100.0,0.0
2483,-2.6099999999999883,350,0.0,PREY_WIN,1,0,100.0,0.0
2484,-2.349999999999994,350,0.0,PREY_WIN,1,0,100.0,0.0
2485,-2.2699999999999956,350,0.0,PREY_WIN,1,0,100.0,0.0
2486,-2.209999999999997,350,0.0,PREY_WIN,1,0,100.0,0.0
2487,-2.239999999999996,350,0.0,PREY_WIN,1,0,100.0,0.0
2488,-2.209999999999997,350,0.0,PREY_WIN,1,0,100.0,0.0
2489,-2.199999999999997,350,0.0,PREY_WIN,1,0,100.0,0.0
2490,28.922499999999992,100,0.0,PREDATOR_WIN,0,1,0.0,71.83250000000012
2491,-2.8399999999999834,350,0.0,PREY_WIN,1,0,100.0,0.0
2492,-3.4999999999999694,350,0.0,PREY_WIN,1,1,100.0,16.900000000000038
2493,-2.4999999999999907,350,0.0,PREY_WIN,1,0,100.0,0.0
2494,29.43749999999999,35,0.0,PREDATOR_WIN,0,1,0.0,95.39749999999992
2495,27.652499999999982,200,0.0,PREDATOR_WIN,0,1,0.0,44.86250000000015
2496,-3.4099999999999713,350,0.0,PREY_WIN,1,0,100.0,0.0
2497,-3.4999999999999694,350,0.0,PREY_WIN,1,1,100.0,24.70000000000021
2498,29.42499999999999,43,0.0,PREDATOR_WIN,0,1,0.0,98.40499999999986
2499,27.6925,223,0.0,PREDATOR_WIN,0,1,0.0,71.77249999999955
2500,27.977499999999985,178,0.0,PREDATOR_WIN,0,1,0.0,68.90749999999983
2501,-3.4999999999999694,350,0.0,PREY_WIN,1,1,100.0,27.100000000000357
2502,-3.4999999999999694,350,0.0,PREY_WIN,1,1,100.0,0.7000000000004005
2503,28.752499999999994,117,0.0,PREDATOR_WIN,0,1,0.0,76.39249999999993
2504,-3.4999999999999694,350,0.0,PREY_WIN,1,1,100.0,21.400000000000187
2505,-2.6099999999999883,350,0.0,PREY_WIN,1,0,100.0,0.0
2506,-2.249999999999996,350,0.0,PREY_WIN,1,0,100.0,0.0
2507,-2.5899999999999888,350,0.0,PREY_WIN,1,0,100.0,0.0
2508,-2.4199999999999924,350,0.0,PREY_WIN,1,0,100.0,0.0
2509,-2.489999999999991,350,0.0,PREY_WIN,1,0,100.0,0.0
2510,29.72749999999999,6,0.0,PREDATOR_WIN,0,1,0.0,100.0
2511,-2.5499999999999896,350,0.0,PREY_WIN,1,0,100.0,0.0
2512,-2.2199999999999966,350,0.0,PREY_WIN,1,0,100.0,0.0
2513,-2.389999999999993,350,0.0,PREY_WIN,1,0,100.0,0.0
2514,-2.239999999999996,350,0.0,PREY_WIN,1,0,100.0,0.0
2515,-2.1399999999999983,350,0.0,PREY_WIN,1,0,100.0,0.0
2516,-2.1399999999999983,350,0.0,PREY_WIN,1,0,100.0,0.0
2517,-2.1699999999999977,350,0.0,PREY_WIN,1,0,100.0,0.0
2518,28.69499999999999,116,0.0,PREDATOR_WIN,0,1,0.0,63.84500000000022
2519,-3.189999999999976,350,0.0,PREY_WIN,1,0,100.0,0.0
2520,27.734999999999992,212,0.0,PREDATOR_WIN,0,1,0.0,63.72499999999982
2521,-2.259999999999996,350,0.0,PREY_WIN,1,0,100.0,0.0
2522,26.88499999999998,243,0.0,PREDATOR_WIN,0,1,0.0,64.56499999999954
2523,-2.6599999999999873,350,0.0,PREY_WIN,1,0,100.0,0.0
2524,-3.3899999999999717,350,0.0,PREY_WIN,1,0,100.0,0.0
2525,-2.389999999999993,350,0.0,PREY_WIN,1,0,100.0,0.0
2526,-2.289999999999995,350,0.0,PREY_WIN,1,0,100.0,0.0
2527,-2.4599999999999915,350,0.0,PREY_WIN,1,0,100.0,0.0
2528,28.78249999999999,114,0.0,PREDATOR_WIN,0,1,0.0,73.45249999999997
2529,-2.3699999999999934,350,0.0,PREY_WIN,1,0,100.0,0.0
2530,-3.3899999999999717,350,0.0,PREY_WIN,1,0,100.0,0.0
2531,-2.249999999999996,350,0.0,PREY_WIN,1,0,100.0,0.0
2532,-2.2299999999999964,350,0.0,PREY_WIN,1,0,100.0,0.0
2533,-2.3199999999999945,350,0.0,PREY_WIN,1,0,100.0,0.0
2534,-2.4699999999999913,350,0.0,PREY_WIN,1,0,100.0,0.0
2535,-2.159999999999998,350,0.0,PREY_WIN,1,0,100.0,0.0
2536,29.72749999999999,6,0.0,PREDATOR_WIN,0,1,0.0,100.0
2537,29.81499999999999,4,0.0,PREDATOR_WIN,0,1,0.0,100.0
2538,29.77499999999999,8,0.0,PREDATOR_WIN,0,1,0.0,100.0
2539,-2.389999999999993,350,0.0,PREY_WIN,1,0,100.0,0.0
2540,-2.2699999999999956,350,0.0,PREY_WIN,1,0,100.0,0.0
2541,-2.2799999999999954,350,0.0,PREY_WIN,1,0,100.0,0.0
2542,-2.2199999999999966,350,0.0,PREY_WIN,1,0,100.0,0.0
2543,-2.569999999999989,350,0.0,PREY_WIN,1,0,100.0,0.0
2544,-2.289999999999995,350,0.0,PREY_WIN,1,0,100.0,0.0
2545,-2.3599999999999937,350,0.0,PREY_WIN,1,0,100.0,0.0
2546,-3.4999999999999694,350,0.0,PREY_WIN,1,1,100.0,1.9000000000000288
2547,-2.5199999999999902,350,0.0,PREY_WIN,1,0,100.0,0.0
2548,-2.7499999999999853,350,0.0,PREY_WIN,1,0,100.0,0.0
2549,-2.809999999999984,350,0.0,PREY_WIN,1,0,100.0,0.0
2550,-2.479999999999991,350,0.0,PREY_WIN,1,0,100.0,0.0
2551,-2.1899999999999973,350,0.0,PREY_WIN,1,0,100.0,0.0
2552,-2.239999999999996,350,0.0,PREY_WIN,1,0,100.0,0.0
2553,-2.1799999999999975,350,0.0,PREY_WIN,1,0,100.0,0.0
2554,-2.249999999999996,350,0.0,PREY_WIN,1,0,100.0,0.0
2555,-2.3799999999999932,350,0.0,PREY_WIN,1,0,100.0,0.0
2556,-2.209999999999997,350,0.0,PREY_WIN,1,0,100.0,0.0
2557,-2.489999999999991,350,0.0,PREY_WIN,1,0,100.0,0.0
2558,-2.53999999999999,350,0.0,PREY_WIN,1,0,100.0,0.0
2559,-2.209999999999997,350,0.0,PREY_WIN,1,0,100.0,0.0
2560,-2.3099999999999947,350,0.0,PREY_WIN,1,0,100.0,0.0
2561,29.70499999999999,15,0.0,PREDATOR_WIN,0,1,0.0,100.0
2562,-2.479999999999991,350,0.0,PREY_WIN,1,0,100.0,0.0
2563,-2.199999999999997,350,0.0,PREY_WIN,1,0,100.0,0.0
2564,-2.5599999999999894,350,0.0,PREY_WIN,1,0,100.0,0.0
2565,-2.909999999999982,350,0.0,PREY_WIN,1,0,100.0,0.0
2566,-3.3899999999999717,350,0.0,PREY_WIN,1,0,100.0,0.0
2567,-2.759999999999985,350,0.0,PREY_WIN,1,0,100.0,0.0
2568,-2.4599999999999915,350,0.0,PREY_WIN,1,0,100.0,0.0
2569,29.27499999999999,58,0.0,PREDATOR_WIN,0,1,0.0,94.80499999999981
2570,-2.859999999999983,350,0.0,PREY_WIN,1,0,100.0,0.0
2571,-3.4999999999999694,350,0.0,PREY_WIN,1,1,100.0,3.69999999999973
2572,-2.9899999999999802,350,0.0,PREY_WIN,1,0,100.0,0.0
2573,-2.4599999999999915,350,0.0,PREY_WIN,1,0,100.0,0.0
2574,-2.5899999999999888,350,0.0,PREY_WIN,1,0,100.0,0.0
2575,-2.6899999999999866,350,0.0,PREY_WIN,1,0,100.0,0.0
2576,-2.2799999999999954,350,0.0,PREY_WIN,1,0,100.0,0.0
2577,-2.4599999999999915,350,0.0,PREY_WIN,1,0,100.0,0.0
2578,29.882499999999993,4,0.0,PREDATOR_WIN,0,1,0.0,100.0
2579,-2.239999999999996,350,0.0,PREY_WIN,1,0,100.0,0.0
2580,28.107499999999966,111,0.0,PREDATOR_WIN,0,1,0.0,74.90750000000007
2581,29.124999999999968,13,0.0,PREDATOR_WIN,0,1,0.0,100.0
2582,29.714999999999993,14,0.0,PREDATOR_WIN,0,1,0.0,100.0
2583,28.61499999999998,97,0.0,PREDATOR_WIN,0,1,0.0,81.45499999999984
2584,-2.3599999999999937,350,0.0,PREY_WIN,1,0,100.0,0.0
2585,-2.809999999999984,350,0.0,PREY_WIN,1,0,100.0,0.0
2586,-2.6099999999999883,350,0.0,PREY_WIN,1,0,100.0,0.0
2587,-2.489999999999991,350,0.0,PREY_WIN,1,0,100.0,0.0
2588,-2.8399999999999834,350,0.0,PREY_WIN,1,0,100.0,0.0
2589,-2.4599999999999915,350,0.0,PREY_WIN,1,0,100.0,0.0
2590,-2.3099999999999947,350,0.0,PREY_WIN,1,0,100.0,0.0
2591,-2.2199999999999966,350,0.0,PREY_WIN,1,0,100.0,0.0
2592,-2.2699999999999956,350,0.0,PREY_WIN,1,0,100.0,0.0
2593,-2.5499999999999896,350,0.0,PREY_WIN,1,0,100.0,0.0
2594,-2.1799999999999975,350,0.0,PREY_WIN,1,0,100.0,0.0
2595,-2.3199999999999945,350,0.0,PREY_WIN,1,0,100.0,0.0
2596,-2.339999999999994,350,0.0,PREY_WIN,1,0,100.0,0.0
2597,-2.149999999999998,350,0.0,PREY_WIN,1,0,100.0,0.0
2598,-2.289999999999995,350,0.0,PREY_WIN,1,0,100.0,0.0
2599,-2.479999999999991,350,0.0,PREY_WIN,1,0,100.0,0.0
2600,-2.289999999999995,350,0.0,PREY_WIN,1,0,100.0,0.0
2601,-2.2199999999999966,350,0.0,PREY_WIN,1,0,100.0,0.0
2602,28.699999999999964,45,0.0,PREDATOR_WIN,0,1,0.0,92.95999999999987
2603,-2.3199999999999945,350,0.0,PREY_WIN,1,0,100.0,0.0
2604,-2.6399999999999877,350,0.0,PREY_WIN,1,0,100.0,0.0
2605,-2.759999999999985,350,0.0,PREY_WIN,1,0,100.0,0.0
2606,-2.339999999999994,350,0.0,PREY_WIN,1,0,100.0,0.0
2607,-2.289999999999995,350,0.0,PREY_WIN,1,0,100.0,0.0
2608,-2.239999999999996,350,0.0,PREY_WIN,1,0,100.0,0.0
2609,-2.149999999999998,350,0.0,PREY_WIN,1,0,100.0,0.0
2610,-2.149999999999998,350,0.0,PREY_WIN,1,0,100.0,0.0
2611,-2.3099999999999947,350,0.0,PREY_WIN,1,0,100.0,0.0
2612,-2.239999999999996,350,0.0,PREY_WIN,1,0,100.0,0.0
2613,-2.239999999999996,350,0.0,PREY_WIN,1,0,100.0,0.0
2614,-2.239999999999996,350,0.0,PREY_WIN,1,0,100.0,0.0
2615,-2.389999999999993,350,0.0,PREY_WIN,1,0,100.0,0.0
2616,-2.439999999999992,350,0.0,PREY_WIN,1,0,100.0,0.0
2617,-2.4699999999999913,350,0.0,PREY_WIN,1,0,100.0,0.0
2618,-2.259999999999996,350,0.0,PREY_WIN,1,0,100.0,0.0
2619,29.534999999999993,32,0.0,PREDATOR_WIN,0,1,0.0,100.0
2620,-2.9899999999999802,350,0.0,PREY_WIN,1,0,100.0,0.0
2621,-2.8399999999999834,350,0.0,PREY_WIN,1,0,100.0,0.0
2622,-3.00999999999998,350,0.0,PREY_WIN,1,0,100.0,0.0
2623,-2.8899999999999824,350,0.0,PREY_WIN,1,0,100.0,0.0
2624,-3.2599999999999745,350,0.0,PREY_WIN,1,0,100.0,0.0
2625,-2.5099999999999905,350,0.0,PREY_WIN,1,0,100.0,0.0
2626,-2.3599999999999937,350,0.0,PREY_WIN,1,0,100.0,0.0
2627,-2.3599999999999937,350,0.0,PREY_WIN,1,0,100.0,0.0
2628,-2.3099999999999947,350,0.0,PREY_WIN,1,0,100.0,0.0
2629,-2.299999999999995,350,0.0,PREY_WIN,1,0,100.0,0.0
2630,-2.3099999999999947,350,0.0,PREY_WIN,1,0,100.0,0.0
2631,-2.289999999999995,350,0.0,PREY_WIN,1,0,100.0,0.0
2632,-2.289999999999995,350,0.0,PREY_WIN,1,0,100.0,0.0
2633,-2.299999999999995,350,0.0,PREY_WIN,1,0,100.0,0.0
2634,29.284999999999993,57,0.0,PREDATOR_WIN,0,1,0.0,88.62499999999989
2635,-2.6599999999999873,350,0.0,PREY_WIN,1,0,100.0,0.0
2636,29.042499999999993,88,0.0,PREDATOR_WIN,0,1,0.0,82.87249999999986
2637,-3.039999999999979,350,0.0,PREY_WIN,1,0,100.0,0.0
2638,-3.3599999999999723,350,0.0,PREY_WIN,1,0,99.72999999999999,0.0
2639,-2.909999999999982,350,0.0,PREY_WIN,1,0,100.0,0.0
2640,-2.159999999999998,350,0.0,PREY_WIN,1,0,100.0,0.0
2641,-2.1399999999999983,350,0.0,PREY_WIN,1,0,100.0,0.0
2642,-2.53999999999999,350,0.0,PREY_WIN,1,0,100.0,0.0
2643,-2.249999999999996,350,0.0,PREY_WIN,1,0,100.0,0.0
2644,-2.389999999999993,350,0.0,PREY_WIN,1,0,100.0,0.0
2645,29.24499999999999,61,0.0,PREDATOR_WIN,0,1,0.0,87.54499999999989
2646,-2.5099999999999905,350,0.0,PREY_WIN,1,0,100.0,0.0
2647,-3.279999999999974,350,0.0,PREY_WIN,1,0,100.0,0.0
2648,-2.669999999999987,350,0.0,PREY_WIN,1,0,100.0,0.0
2649,-2.6399999999999877,350,0.0,PREY_WIN,1,0,100.0,0.0
2650,-2.3099999999999947,350,0.0,PREY_WIN,1,0,100.0,0.0
2651,-2.3099999999999947,350,0.0,PREY_WIN,1,0,100.0,0.0
2652,-2.259999999999996,350,0.0,PREY_WIN,1,0,100.0,0.0
2653,29.112499999999972,24,0.0,PREDATOR_WIN,0,1,0.0,99.88249999999994
2654,-2.809999999999984,350,0.0,PREY_WIN,1,0,100.0,0.0
2655,-2.3799999999999932,350,0.0,PREY_WIN,1,0,100.0,0.0
2656,29.324999999999992,53,0.0,PREDATOR_WIN,0,1,0.0,89.70499999999988
2657,-2.249999999999996,350,0.0,PREY_WIN,1,0,100.0,0.0
2658,-3.4999999999999694,350,0.0,PREY_WIN,1,1,100.0,3.9999999999996376
2659,-3.2699999999999743,350,0.0,PREY_WIN,1,0,100.0,0.0
2660,-2.5899999999999888,350,0.0,PREY_WIN,1,0,100.0,0.0
2661,-2.239999999999996,350,0.0,PREY_WIN,1,0,100.0,0.0
2662,28.802499999999995,112,0.0,PREDATOR_WIN,0,1,0.0,83.59249999999975
2663,-3.239999999999975,350,0.0,PREY_WIN,1,0,100.0,0.0
2664,-2.629999999999988,350,0.0,PREY_WIN,1,0,100.0,0.0
2665,-2.209999999999997,350,0.0,PREY_WIN,1,0,100.0,0.0
2666,-2.479999999999991,350,0.0,PREY_WIN,1,0,100.0,0.0
2667,-2.6099999999999883,350,0.0,PREY_WIN,1,0,100.0,0.0
2668,-2.2299999999999964,350,0.0,PREY_WIN,1,0,100.0,0.0
2669,-2.3799999999999932,350,0.0,PREY_WIN,1,0,100.0,0.0
2670,-2.1899999999999973,350,0.0,PREY_WIN,1,0,100.0,0.0
2671,-2.1899999999999973,350,0.0,PREY_WIN,1,0,100.0,0.0
2672,-2.209999999999997,350,0.0,PREY_WIN,1,0,100.0,0.0
2673,-2.239999999999996,350,0.0,PREY_WIN,1,0,100.0,0.0
2674,28.642499999999973,74,0.0,PREDATOR_WIN,0,1,0.0,81.31249999999997
2675,29.432499999999994,49,0.0,PREDATOR_WIN,0,1,0.0,89.65249999999992
2676,29.70749999999999,5,0.0,PREDATOR_WIN,0,1,0.0,100.0
2677,-3.2499999999999747,350,0.0,PREY_WIN,1,0,100.0,0.0
2678,-3.4999999999999694,350,0.0,PREY_WIN,1,1,100.0,6.09999999999966
2679,-3.2499999999999747,350,0.0,PREY_WIN,1,0,100.0,0.0
2680,-2.2199999999999966,350,0.0,PREY_WIN,1,0,100.0,0.0
2681,-2.289999999999995,350,0.0,PREY_WIN,1,0,100.0,0.0
2682,-2.489999999999991,350,0.0,PREY_WIN,1,0,100.0,0.0
2683,28.04499999999999,181,0.0,PREDATOR_WIN,0,1,0.0,50.64500000000025
2684,-2.849999999999983,350,0.0,PREY_WIN,1,0,100.0,0.0
2685,-3.4999999999999694,350,0.0,PREY_WIN,1,1,100.0,4.9000000000002935
2686,28.772499999999994,115,0.0,PREDATOR_WIN,0,1,0.0,63.432500000000225
2687,-3.049999999999979,350,0.0,PREY_WIN,1,0,100.0,0.0
2688,-3.4499999999999704,350,0.0,PREY_WIN,1,0,100.0,0.0
2689,-2.769999999999985,350,0.0,PREY_WIN,1,0,100.0,0.0
2690,-2.149999999999998,350,0.0,PREY_WIN,1,0,100.0,0.0
2691,-2.4099999999999926,350,0.0,PREY_WIN,1,0,100.0,0.0
2692,-2.209999999999997,350,0.0,PREY_WIN,1,0,100.0,0.0
2693,29.152499999999993,77,0.0,PREDATOR_WIN,0,1,0.0,81.1925
2694,29.284999999999993,57,0.0,PREDATOR_WIN,0,1,0.0,87.42499999999991
2695,-3.4999999999999694,350,0.0,PREY_WIN,1,1,100.0,36.399999999999935
2696,29.804999999999993,5,0.0,PREDATOR_WIN,0,1,0.0,100.0
2697,-3.4999999999999694,350,0.0,PREY_WIN,1,1,100.0,30.699999999999942
2698,-3.4499999999999704,350,0.0,PREY_WIN,1,0,100.0,0.0
2699,-2.52999999999999,350,0.0,PREY_WIN,1,0,99.72999999999999,0.0
2700,-2.5899999999999888,350,0.0,PREY_WIN,1,0,100.0,0.0
2701,29.804999999999993,5,0.0,PREDATOR_WIN,0,1,0.0,100.0
2702,-2.439999999999992,350,0.0,PREY_WIN,1,0,100.0,0.0
2703,-2.259999999999996,350,0.0,PREY_WIN,1,0,100.0,0.0
2704,-2.4999999999999907,350,0.0,PREY_WIN,1,0,100.0,0.0
2705,28.572499999999994,135,0.0,PREDATOR_WIN,0,1,0.0,58.63250000000027
2706,-3.4999999999999694,350,0.0,PREY_WIN,1,1,100.0,10.900000000000116
2707,-3.4999999999999694,350,0.0,PREY_WIN,1,1,100.0,14.500000000000188
2708,29.722499999999993,20,0.0,PREDATOR_WIN,0,1,0.0,100.0
2709,-3.4999999999999694,350,0.0,PREY_WIN,1,1,100.0,1.599999999999773
2710,-3.47999999999997,350,0.0,PREY_WIN,1,0,100.0,0.0
2711,-2.6999999999999864,350,0.0,PREY_WIN,1,0,100.0,0.0
2712,-2.6099999999999883,350,0.0,PREY_WIN,1,0,100.0,0.0
2713,-2.289999999999995,350,0.0,PREY_WIN,1,0,100.0,0.0
2714,-2.209999999999997,350,0.0,PREY_WIN,1,0,100.0,0.0
2715,-2.149999999999998,350,0.0,PREY_WIN,1,0,100.0,0.0
2716,-2.1899999999999973,350,0.0,PREY_WIN,1,0,100.0,0.0
2717,-2.3199999999999945,350,0.0,PREY_WIN,1,0,100.0,0.0
2718,29.77499999999999,8,0.0,PREDATOR_WIN,0,1,0.0,100.0
2719,-2.2199999999999966,350,0.0,PREY_WIN,1,0,100.0,0.0
2720,-2.209999999999997,350,0.0,PREY_WIN,1,0,100.0,0.0
2721,-2.2799999999999954,350,0.0,PREY_WIN,1,0,100.0,0.0
2722,-2.239999999999996,350,0.0,PREY_WIN,1,0,100.0,0.0
2723,-2.1899999999999973,350,0.0,PREY_WIN,1,0,100.0,0.0
2724,-2.209999999999997,350,0.0,PREY_WIN,1,0,100.0,0.0
2725,-2.1799999999999975,350,0.0,PREY_WIN,1,0,100.0,0.0
2726,-2.289999999999995,350,0.0,PREY_WIN,1,0,100.0,0.0
2727,-2.3599999999999937,350,0.0,PREY_WIN,1,0,100.0,0.0
2728,28.50749999999999,128,0.0,PREDATOR_WIN,0,1,0.0,57.2375000000003
2729,-3.4999999999999694,350,0.0,PREY_WIN,1,1,100.0,4.300000000000371
2730,-3.4999999999999694,350,0.0,PREY_WIN,1,1,99.72999999999999,31.00000000000036
2731,-3.1599999999999766,350,0.0,PREY_WIN,1,0,100.0,0.0
2732,-3.4999999999999694,350,0.0,PREY_WIN,1,1,100.0,0.7000000000000577
2733,-2.719999999999986,350,0.0,PREY_WIN,1,0,100.0,0.0
2734,-2.3199999999999945,350,0.0,PREY_WIN,1,0,100.0,0.0
2735,-2.239999999999996,350,0.0,PREY_WIN,1,0,100.0,0.0
2736,28.942499999999995,98,0.0,PREDATOR_WIN,0,1,0.0,74.47250000000007
2737,-3.379999999999972,350,0.0,PREY_WIN,1,0,100.0,0.0
2738,-3.4999999999999694,350,0.0,PREY_WIN,1,1,100.0,10.900000000000343
2739,-2.809999999999984,350,0.0,PREY_WIN,1,0,100.0,0.0
2740,29.484999999999992,37,0.0,PREDATOR_WIN,0,1,0.0,95.52499999999992
2741,-2.4199999999999924,350,0.0,PREY_WIN,1,0,100.0,0.0
2742,29.61499999999999,24,0.0,PREDATOR_WIN,0,1,0.0,100.0
2743,29.242499999999993,68,0.0,PREDATOR_WIN,0,1,0.0,81.67250000000001
2744,29.43749999999998,8,0.0,PREDATOR_WIN,0,1,0.0,100.0
2745,-2.9899999999999802,350,0.0,PREY_WIN,1,0,100.0,0.0
2746,-3.049999999999979,350,0.0,PREY_WIN,1,0,100.0,0.0
2747,-2.5899999999999888,350,0.0,PREY_WIN,1,0,100.0,0.0
2748,-2.339999999999994,350,0.0,PREY_WIN,1,0,100.0,0.0
2749,-2.3199999999999945,350,0.0,PREY_WIN,1,0,100.0,0.0
2750,-2.619999999999988,350,0.0,PREY_WIN,1,0,100.0,0.0
2751,28.242499999999993,168,0.0,PREDATOR_WIN,0,1,0.0,47.47250000000025
2752,-2.429999999999992,350,0.0,PREY_WIN,1,0,100.0,0.0
2753,-2.53999999999999,350,0.0,PREY_WIN,1,0,100.0,0.0
2754,-2.9299999999999815,350,0.0,PREY_WIN,1,0,100.0,0.0
2755,-2.489999999999991,350,0.0,PREY_WIN,1,0,100.0,0.0
2756,-2.3799999999999932,350,0.0,PREY_WIN,1,0,100.0,0.0
2757,-2.5599999999999894,350,0.0,PREY_WIN,1,0,100.0,0.0
2758,29.582499999999985,7,0.0,PREDATOR_WIN,0,1,0.0,100.0
2759,-2.909999999999982,350,0.0,PREY_WIN,1,0,100.0,0.0
2760,-2.5599999999999894,350,0.0,PREY_WIN,1,0,100.0,0.0
2761,-2.3599999999999937,350,0.0,PREY_WIN,1,0,100.0,0.0
2762,-2.159999999999998,350,0.0,PREY_WIN,1,0,100.0,0.0
2763,-2.1799999999999975,350,0.0,PREY_WIN,1,0,100.0,0.0
2764,-2.259999999999996,350,0.0,PREY_WIN,1,0,100.0,0.0
2765,-2.2199999999999966,350,0.0,PREY_WIN,1,0,100.0,0.0
2766,-2.209999999999997,350,0.0,PREY_WIN,1,0,100.0,0.0
2767,28.60499999999999,125,0.0,PREDATOR_WIN,0,1,0.0,63.065000000000225
2768,-2.579999999999989,350,0.0,PREY_WIN,1,0,100.0,0.0
2769,-3.229999999999975,350,0.0,PREY_WIN,1,0,100.0,0.0
2770,29.38499999999999,47,0.0,PREDATOR_WIN,0,1,0.0,91.6249999999999
2771,-3.4999999999999694,350,0.0,PREY_WIN,1,1,100.0,28.900000000000073
2772,28.05249999999999,187,0.0,PREDATOR_WIN,0,1,0.0,81.7924999999995
2773,-3.4999999999999694,350,0.0,PREY_WIN,1,1,100.0,0.40000000000011465
2774,-3.4999999999999694,350,0.0,PREY_WIN,1,1,100.0,2.799999999999949
2775,29.272499999999994,65,0.0,PREDATOR_WIN,0,1,0.0,84.43249999999996
2776,-3.4399999999999706,350,0.0,PREY_WIN,1,0,100.0,0.0
2777,-3.2599999999999745,350,0.0,PREY_WIN,1,0,100.0,0.0
2778,-3.089999999999978,350,0.0,PREY_WIN,1,0,100.0,0.0
2779,-2.259999999999996,350,0.0,PREY_WIN,1,0,100.0,0.0
2780,-2.389999999999993,350,0.0,PREY_WIN,1,0,100.0,0.0
2781,-2.289999999999995,350,0.0,PREY_WIN,1,0,100.0,0.0
2782,-2.4599999999999915,350,0.0,PREY_WIN,1,0,100.0,0.0
2783,29.929999999999996,6,0.0,PREDATOR_WIN,0,1,0.0,100.0
2784,-2.3799999999999932,350,0.0,PREY_WIN,1,0,100.0,0.0
2785,-2.259999999999996,350,0.0,PREY_WIN,1,0,100.0,0.0
2786,-2.199999999999997,350,0.0,PREY_WIN,1,0,100.0,0.0
2787,-2.2199999999999966,350,0.0,PREY_WIN,1,0,100.0,0.0
2788,-2.259999999999996,350,0.0,PREY_WIN,1,0,100.0,0.0
2789,-2.259999999999996,350,0.0,PREY_WIN,1,0,100.0,0.0
2790,-2.3099999999999947,350,0.0,PREY_WIN,1,0,100.0,0.0
2791,-2.209999999999997,350,0.0,PREY_WIN,1,0,100.0,0.0
2792,-2.209999999999997,350,0.0,PREY_WIN,1,0,100.0,0.0
2793,-2.3199999999999945,350,0.0,PREY_WIN,1,0,100.0,0.0
2794,-2.2199999999999966,350,0.0,PREY_WIN,1,0,100.0,0.0
2795,28.242499999999993,168,0.0,PREDATOR_WIN,0,1,0.0,45.07250000000026
2796,-3.3099999999999734,350,0.0,PREY_WIN,1,0,100.0,0.0
2797,-2.399999999999993,350,0.0,PREY_WIN,1,0,100.0,0.0
2798,29.359999999999996,63,0.0,PREDATOR_WIN,0,1,0.0,84.13999999999997
2799,-2.3199999999999945,350,0.0,PREY_WIN,1,0,100.0,0.0
2800,-2.5099999999999905,350,0.0,PREY_WIN,1,0,100.0,0.0
2801,27.862499999999994,206,0.0,PREDATOR_WIN,0,1,0.0,71.71249999999966
2802,27.522499999999987,213,0.0,PREDATOR_WIN,0,1,0.0,54.10250000000005
2803,-3.4999999999999694,350,0.0,PREY_WIN,1,1,100.0,11.500000000000043
2804,-3.139999999999977,350,0.0,PREY_WIN,1,0,100.0,0.0
2805,-3.289999999999974,350,0.0,PREY_WIN,1,0,100.0,0.0
2806,28.902499999999993,102,0.0,PREDATOR_WIN,0,1,0.0,72.49250000000006
2807,-3.149999999999977,350,0.0,PREY_WIN,1,0,100.0,0.0
2808,29.502499999999994,42,0.0,PREDATOR_WIN,0,1,0.0,93.19249999999991
2809,-3.4499999999999704,350,0.0,PREY_WIN,1,0,100.0,0.0
2810,-2.6099999999999883,350,0.0,PREY_WIN,1,0,100.0,0.0
2811,-2.8899999999999824,350,0.0,PREY_WIN,1,0,100.0,0.0
2812,-2.6099999999999883,350,0.0,PREY_WIN,1,0,100.0,0.0
2813,-2.159999999999998,350,0.0,PREY_WIN,1,0,100.0,0.0
2814,-2.159999999999998,350,0.0,PREY_WIN,1,0,100.0,0.0
2815,-2.249999999999996,350,0.0,PREY_WIN,1,0,100.0,0.0
2816,28.627499999999987,116,0.0,PREDATOR_WIN,0,1,0.0,63.177500000000215
2817,-3.4999999999999694,350,0.0,PREY_WIN,1,1,100.0,20.200000000000266
2818,-3.4999999999999694,350,0.0,PREY_WIN,1,1,100.0,4.300000000000406
2819,-3.4999999999999694,350,0.0,PREY_WIN,1,1,100.0,5.20000000000005
2820,29.804999999999993,5,0.0,PREDATOR_WIN,0,1,0.0,100.0
2821,-2.5499999999999896,350,0.0,PREY_WIN,1,0,100.0,0.0
2822,-2.339999999999994,350,0.0,PREY_WIN,1,0,100.0,0.0
2823,-2.3099999999999947,350,0.0,PREY_WIN,1,0,99.72999999999999,0.0
2824,-2.2199999999999966,350,0.0,PREY_WIN,1,0,100.0,0.0
2825,-2.6399999999999877,350,0.0,PREY_WIN,1,0,100.0,0.0
2826,-2.1399999999999983,350,0.0,PREY_WIN,1,0,100.0,0.0
2827,-2.1899999999999973,350,0.0,PREY_WIN,1,0,100.0,0.0
2828,-2.1699999999999977,350,0.0,PREY_WIN,1,0,100.0,0.0
2829,-2.1699999999999977,350,0.0,PREY_WIN,1,0,100.0,0.0
2830,-2.159999999999998,350,0.0,PREY_WIN,1,0,100.0,0.0
2831,-2.4099999999999926,350,0.0,PREY_WIN,1,0,100.0,0.0
2832,-2.209999999999997,350,0.0,PREY_WIN,1,0,100.0,0.0
2833,-2.1899999999999973,350,0.0,PREY_WIN,1,0,100.0,0.0
2834,-2.259999999999996,350,0.0,PREY_WIN,1,0,100.0,0.0
2835,-2.209999999999997,350,0.0,PREY_WIN,1,0,100.0,0.0
2836,-2.4099999999999926,350,0.0,PREY_WIN,1,0,100.0,0.0
2837,-2.159999999999998,350,0.0,PREY_WIN,1,0,100.0,0.0
2838,-2.2199999999999966,350,0.0,PREY_WIN,1,0,100.0,0.0
2839,-2.299999999999995,350,0.0,PREY_WIN,1,0,100.0,0.0
2840,-2.2199999999999966,350,0.0,PREY_WIN,1,0,100.0,0.0
2841,-2.159999999999998,350,0.0,PREY_WIN,1,0,100.0,0.0
2842,-2.259999999999996,350,0.0,PREY_WIN,1,0,100.0,0.0
2843,29.77499999999999,8,0.0,PREDATOR_WIN,0,1,0.0,100.0
2844,-2.1199999999999988,350,0.0,PREY_WIN,1,0,100.0,0.0
2845,-2.5499999999999896,350,0.0,PREY_WIN,1,0,100.0,0.0
2846,-3.0299999999999794,350,0.0,PREY_WIN,1,0,100.0,0.0
2847,-3.4399999999999706,350,0.0,PREY_WIN,1,0,100.0,0.0
2848,29.72499999999999,13,0.0,PREDATOR_WIN,0,1,0.0,100.0
2849,29.592499999999983,6,0.0,PREDATOR_WIN,0,1,0.0,100.0
2850,-2.2699999999999956,350,0.0,PREY_WIN,1,0,100.0,0.0
2851,-2.109999999999999,350,0.0,PREY_WIN,1,0,100.0,0.0
2852,-2.7399999999999856,350,0.0,PREY_WIN,1,0,100.0,0.0
2853,-2.109999999999999,350,0.0,PREY_WIN,1,0,100.0,0.0
2854,-2.4499999999999917,350,0.0,PREY_WIN,1,0,100.0,0.0
2855,-2.5099999999999905,350,0.0,PREY_WIN,1,0,100.0,0.0
2856,-2.2199999999999966,350,0.0,PREY_WIN,1,0,100.0,0.0
2857,-2.3099999999999947,350,0.0,PREY_WIN,1,0,100.0,0.0
2858,-2.199999999999997,350,0.0,PREY_WIN,1,0,100.0,0.0
2859,-2.3299999999999943,350,0.0,PREY_WIN,1,0,100.0,0.0
2860,-2.299999999999995,350,0.0,PREY_WIN,1,0,100.0,0.0
2861,-2.209999999999997,350,0.0,PREY_WIN,1,0,100.0,0.0
2862,-2.209999999999997,350,0.0,PREY_WIN,1,0,100.0,0.0
2863,-2.349999999999994,350,0.0,PREY_WIN,1,0,100.0,0.0
2864,29.54749999999999,24,0.0,PREDATOR_WIN,0,1,0.0,100.0
2865,-2.8899999999999824,350,0.0,PREY_WIN,1,0,100.0,0.0
2866,-3.039999999999979,350,0.0,PREY_WIN,1,0,100.0,0.0
2867,-3.0799999999999783,350,0.0,PREY_WIN,1,0,100.0,0.0
2868,28.292499999999993,163,0.0,PREDATOR_WIN,0,1,0.0,52.87250000000029
2869,29.872499999999995,5,0.0,PREDATOR_WIN,0,1,0.0,100.0
2870,-2.709999999999986,350,0.0,PREY_WIN,1,0,100.0,0.0
2871,-3.099999999999978,350,0.0,PREY_WIN,1,0,100.0,0.0
2872,28.942499999999995,98,0.0,PREDATOR_WIN,0,1,0.0,74.17250000000004
2873,27.6725,225,0.0,PREDATOR_WIN,0,1,0.0,64.33250000000027
2874,-3.4999999999999694,350,0.0,PREY_WIN,1,1,100.0,24.70000000000024
2875,29.649999999999995,34,0.0,PREDATOR_WIN,0,1,0.0,96.01999999999994
2876,-3.4999999999999694,350,0.0,PREY_WIN,1,1,100.0,17.199999999999893
2877,-3.4999999999999694,350,0.0,PREY_WIN,1,1,100.0,24.999999999999833
2878,-3.0799999999999783,350,0.0,PREY_WIN,1,0,100.0,0.0
2879,27.759999999999945,85,0.0,PREDATOR_WIN,0,1,0.0,77.72
2880,-3.4999999999999694,350,0.0,PREY_WIN,1,1,99.72999999999999,14.499999999999957
2881,29.764999999999993,9,0.0,PREDATOR_WIN,0,1,0.0,100.0
2882,28.512499999999974,87,0.0,PREDATOR_WIN,0,1,0.0,76.75250000000005
2883,-3.239999999999975,350,0.0,PREY_WIN,1,0,100.0,0.0
2884,-3.089999999999978,350,0.0,PREY_WIN,1,0,100.0,0.0
2885,28.952499999999993,97,0.0,PREDATOR_WIN,0,1,0.0,75.19250000000004
2886,-2.3299999999999943,350,0.0,PREY_WIN,1,0,100.0,0.0
2887,-2.8899999999999824,350,0.0,PREY_WIN,1,0,100.0,0.0
2888,-2.859999999999983,350,0.0,PREY_WIN,1,0,100.0,0.0
2889,-3.0599999999999787,350,0.0,PREY_WIN,1,0,100.0,0.0
2890,-3.0699999999999785,350,0.0,PREY_WIN,1,0,100.0,0.0
2891,-2.1399999999999983,350,0.0,PREY_WIN,1,0,100.0,0.0
2892,-2.299999999999995,350,0.0,PREY_WIN,1,0,100.0,0.0
2893,28.752499999999994,117,0.0,PREDATOR_WIN,0,1,0.0,65.89250000000018
2894,-2.4999999999999907,350,0.0,PREY_WIN,1,0,100.0,0.0
2895,-2.619999999999988,350,0.0,PREY_WIN,1,0,100.0,0.0
2896,-3.4999999999999694,350,0.0,PREY_WIN,1,1,100.0,5.500000000000205
2897,-3.0799999999999783,350,0.0,PREY_WIN,1,0,100.0,0.0
2898,27.074999999999992,251,0.0,PREDATOR_WIN,0,1,0.0,30.57500000000027
2899,29.872499999999995,5,0.0,PREDATOR_WIN,0,1,0.0,100.0
2900,-2.8399999999999834,350,0.0,PREY_WIN,1,0,100.0,0.0
2901,-2.1899999999999973,350,0.0,PREY_WIN,1,0,100.0,0.0
2902,-2.5199999999999902,350,0.0,PREY_WIN,1,0,100.0,0.0
2903,-2.1299999999999986,350,0.0,PREY_WIN,1,0,100.0,0.0
2904,-2.109999999999999,350,0.0,PREY_WIN,1,0,100.0,0.0
2905,-2.349999999999994,350,0.0,PREY_WIN,1,0,100.0,0.0
2906,-2.159999999999998,350,0.0,PREY_WIN,1,0,100.0,0.0
2907,-2.239999999999996,350,0.0,PREY_WIN,1,0,100.0,0.0
2908,-2.1899999999999973,350,0.0,PREY_WIN,1,0,100.0,0.0
2909,-2.289999999999995,350,0.0,PREY_WIN,1,0,100.0,0.0
2910,-2.1899999999999973,350,0.0,PREY_WIN,1,0,100.0,0.0
2911,-2.159999999999998,350,0.0,PREY_WIN,1,0,100.0,0.0
2912,-2.259999999999996,350,0.0,PREY_WIN,1,0,100.0,0.0
2913,-2.1899999999999973,350,0.0,PREY_WIN,1,0,100.0,0.0
2914,29.79499999999999,6,0.0,PREDATOR_WIN,0,1,0.0,100.0
2915,-2.4199999999999924,350,0.0,PREY_WIN,1,0,100.0,0.0
2916,-2.389999999999993,350,0.0,PREY_WIN,1,0,100.0,0.0
2917,-2.399999999999993,350,0.0,PREY_WIN,1,0,100.0,0.0
2918,-2.249999999999996,350,0.0,PREY_WIN,1,0,100.0,0.0
2919,-2.289999999999995,350,0.0,PREY_WIN,1,0,100.0,0.0
2920,-2.3799999999999932,350,0.0,PREY_WIN,1,0,100.0,0.0
2921,29.902499999999993,2,0.0,PREDATOR_WIN,0,1,0.0,100.0
2922,-2.1899999999999973,350,0.0,PREY_WIN,1,0,100.0,0.0
2923,-2.439999999999992,350,0.0,PREY_WIN,1,0,100.0,0.0
2924,-2.6499999999999875,350,0.0,PREY_WIN,1,0,100.0,0.0
2925,-2.3099999999999947,350,0.0,PREY_WIN,1,0,100.0,0.0
2926,28.697499999999987,109,0.0,PREDATOR_WIN,0,1,0.0,69.71750000000009
2927,-2.809999999999984,350,0.0,PREY_WIN,1,0,100.0,0.0
2928,-2.3299999999999943,350,0.0,PREY_WIN,1,0,100.0,0.0
2929,-3.4999999999999694,350,0.0,PREY_WIN,1,1,100.0,0.3999999999997354
2930,-2.389999999999993,350,0.0,PREY_WIN,1,0,100.0,0.0
2931,-2.349999999999994,350,0.0,PREY_WIN,1,0,100.0,0.0
2932,-2.239999999999996,350,0.0,PREY_WIN,1,0,100.0,0.0
2933,-2.259999999999996,350,0.0,PREY_WIN,1,0,100.0,0.0
2934,-2.299999999999995,350,0.0,PREY_WIN,1,0,100.0,0.0
2935,-2.249999999999996,350,0.0,PREY_WIN,1,0,100.0,0.0
2936,-2.439999999999992,350,0.0,PREY_WIN,1,0,100.0,0.0
2937,-2.429999999999992,350,0.0,PREY_WIN,1,0,100.0,0.0
2938,-2.3099999999999947,350,0.0,PREY_WIN,1,0,100.0,0.0
2939,-2.339999999999994,350,0.0,PREY_WIN,1,0,100.0,0.0
2940,-2.3299999999999943,350,0.0,PREY_WIN,1,0,100.0,0.0
2941,29.092499999999994,83,0.0,PREDATOR_WIN,0,1,0.0,80.17249999999997
2942,-3.2599999999999745,350,0.0,PREY_WIN,1,0,100.0,0.0
2943,-3.4999999999999694,350,0.0,PREY_WIN,1,1,99.72999999999999,1.9000000000004353
2944,29.484999999999992,37,0.0,PREDATOR_WIN,0,1,0.0,95.52499999999992
2945,-2.959999999999981,350,0.0,PREY_WIN,1,0,100.0,0.0
2946,-3.4999999999999694,350,0.0,PREY_WIN,1,1,100.0,8.499999999999789
2947,-3.4499999999999704,350,0.0,PREY_WIN,1,0,100.0,0.0
2948,-2.439999999999992,350,0.0,PREY_WIN,1,0,100.0,0.0
2949,-2.569999999999989,350,0.0,PREY_WIN,1,0,100.0,0.0
2950,-2.909999999999982,350,0.0,PREY_WIN,1,0,100.0,0.0
2951,-2.3599999999999937,350,0.0,PREY_WIN,1,0,100.0,0.0
2952,-2.6599999999999873,350,0.0,PREY_WIN,1,0,100.0,0.0
2953,-2.1899999999999973,350,0.0,PREY_WIN,1,0,100.0,0.0
2954,-2.1899999999999973,350,0.0,PREY_WIN,1,0,100.0,0.0
2955,-2.239999999999996,350,0.0,PREY_WIN,1,0,100.0,0.0
2956,-2.1399999999999983,350,0.0,PREY_WIN,1,0,100.0,0.0
2957,29.70499999999999,15,0.0,PREDATOR_WIN,0,1,0.0,100.0
2958,-2.199999999999997,350,0.0,PREY_WIN,1,0,100.0,0.0
2959,-2.239999999999996,350,0.0,PREY_WIN,1,0,100.0,0.0
2960,-2.249999999999996,350,0.0,PREY_WIN,1,0,100.0,0.0
2961,-2.209999999999997,350,0.0,PREY_WIN,1,0,100.0,0.0
2962,-2.209999999999997,350,0.0,PREY_WIN,1,0,100.0,0.0
2963,-2.1899999999999973,350,0.0,PREY_WIN,1,0,100.0,0.0
2964,-2.1399999999999983,350,0.0,PREY_WIN,1,0,100.0,0.0
2965,-2.239999999999996,350,0.0,PREY_WIN,1,0,100.0,0.0
2966,-2.109999999999999,350,0.0,PREY_WIN,1,0,100.0,0.0
2967,-2.239999999999996,350,0.0,PREY_WIN,1,0,100.0,0.0
2968,-2.239999999999996,350,0.0,PREY_WIN,1,0,100.0,0.0
2969,-2.289999999999995,350,0.0,PREY_WIN,1,0,100.0,0.0
2970,-2.1899999999999973,350,0.0,PREY_WIN,1,0,100.0,0.0
2971,-2.339999999999994,350,0.0,PREY_WIN,1,0,100.0,0.0
2972,-2.1899999999999973,350,0.0,PREY_WIN,1,0,100.0,0.0
2973,29.784999999999993,7,0.0,PREDATOR_WIN,0,1,0.0,100.0
2974,-2.3099999999999947,350,0.0,PREY_WIN,1,0,100.0,0.0
2975,-2.2299999999999964,350,0.0,PREY_WIN,1,0,100.0,0.0
2976,-2.159999999999998,350,0.0,PREY_WIN,1,0,100.0,0.0
2977,-2.209999999999997,350,0.0,PREY_WIN,1,0,100.0,0.0
2978,-2.209999999999997,350,0.0,PREY_WIN,1,0,100.0,0.0
2979,-2.3599999999999937,350,0.0,PREY_WIN,1,0,100.0,0.0
2980,-2.259999999999996,350,0.0,PREY_WIN,1,0,100.0,0.0
2981,-2.1799999999999975,350,0.0,PREY_WIN,1,0,100.0,0.0
2982,-2.2799999999999954,350,0.0,PREY_WIN,1,0,100.0,0.0
2983,-2.1899999999999973,350,0.0,PREY_WIN,1,0,100.0,0.0
2984,-2.1799999999999975,350,0.0,PREY_WIN,1,0,100.0,0.0
2985,28.45499999999999,140,0.0,PREDATOR_WIN,0,1,0.0,56.165000000000305
2986,29.562499999999993,36,0.0,PREDATOR_WIN,0,1,0.0,96.01249999999993
2987,-3.4999999999999694,350,0.0,PREY_WIN,1,1,100.0,6.700000000000215
2988,-3.4999999999999694,350,0.0,PREY_WIN,1,1,100.0,20.199999999999758
2989,29.764999999999993,9,0.0,PREDATOR_WIN,0,1,0.0,100.0
2990,-3.4999999999999694,350,0.0,PREY_WIN,1,1,100.0,1.8999999999999007
2991,28.702499999999993,122,0.0,PREDATOR_WIN,0,1,0.0,71.59249999999999
2992,29.604999999999993,25,0.0,PREDATOR_WIN,0,1,0.0,99.66499999999995
2993,-2.669999999999987,350,0.0,PREY_WIN,1,0,100.0,0.0
2994,-2.6899999999999866,350,0.0,PREY_WIN,1,0,100.0,0.0
2995,-3.2599999999999745,350,0.0,PREY_WIN,1,0,100.0,0.0
2996,-2.4699999999999913,350,0.0,PREY_WIN,1,0,100.0,0.0
2997,-2.53999999999999,350,0.0,PREY_WIN,1,0,100.0,0.0
2998,-2.3799999999999932,350,0.0,PREY_WIN,1,0,100.0,0.0
2999,-2.4699999999999913,350,0.0,PREY_WIN,1,0,100.0,0.0
3000,-2.2299999999999964,350,0.0,PREY_WIN,1,0,100.0,0.0
